true 1,6,10,20,26,31,41,43,67,84,89,108,114,117,150,158,184,186,194,226,238,279,324,327,377,426,478
true 1,6,20,26,67,90,116,150,158,185,195,237,240,279,325,328,337,379,387,389,426,476,479,526,531,603,635
true 1,6,20,26,42,67,115,118,150,158,196,227,236,239,279,326,338,378,388,426,477,480,486,525,602,604,681
true 1,25,29,67,95,162,165,179,208,284,287,309,347,350,426,464,467,490,493,560,586,589,618,668,685,714,728
true 1,25,67,83,97,162,165,175,177,201,203,284,287,318,353,426,461,496,560,583,609,673,675,687,689,712,717
true 1,25,34,67,81,162,165,182,205,284,287,312,315,344,426,455,458,499,502,560,592,612,615,671,682,719,727
true 1,5,23,29,81,162,177,208,284,290,347,353,429,433,464,490,496,502,558,586,592,609,615,671,675,682,712
true 1,5,23,83,97,162,175,179,201,205,284,290,309,315,344,350,429,433,458,493,558,673,687,714,719,727,728
true 1,5,23,34,95,162,182,203,284,290,312,318,429,433,455,461,467,499,558,583,589,612,618,668,685,689,717
true 1,5,23,29,64,69,81,151,158,177,208,279,286,306,311,353,453,460,502,581,588,613,619,686,690,718,720
true 1,5,23,64,69,83,97,151,158,179,205,279,286,315,350,456,463,491,498,584,591,610,617,669,674,683,688
true 1,5,23,34,64,69,95,151,158,182,203,279,286,318,341,346,467,488,495,587,593,607,614,672,676,713,715
true 1,25,29,64,69,95,165,179,208,282,289,306,311,350,467,488,495,559,561,584,591,613,619,683,688,713,715
true 1,25,64,69,83,97,165,177,203,282,289,318,353,456,463,491,498,559,561,581,588,607,614,672,676,686,690
true 1,25,34,64,69,81,165,182,205,282,289,315,341,346,453,460,502,559,561,587,593,610,617,669,674,718,720
true 1,29,64,69,73,76,203,205,208,306,311,315,318,427,430,432,434,607,610,613,614,617,619,669,672,674,676
true 1,64,69,73,76,81,83,95,97,427,430,432,434,453,456,460,463,467,488,491,495,498,502,713,715,718,720
true 1,34,64,69,73,76,177,179,182,341,346,350,353,427,430,432,434,581,584,587,588,591,593,683,686,688,690
true 1,5,23,29,81,154,177,208,282,291,341,353,427,434,456,488,498,502,561,584,593,607,617,669,676,688,715
true 1,5,23,83,97,154,179,205,282,291,311,315,346,350,427,434,460,495,561,587,588,613,614,672,686,713,718
true 1,5,23,34,95,154,182,203,282,291,306,318,427,434,453,463,467,491,561,581,591,610,619,674,683,690,720
true 1,25,29,95,154,158,165,179,208,279,291,341,350,430,432,456,460,467,498,581,593,610,614,672,674,690,718
true 1,25,83,97,154,158,165,177,203,279,291,311,318,346,353,430,432,453,488,587,591,613,617,669,683,715,720
true 1,25,34,81,154,158,165,182,205,279,291,306,315,430,432,463,491,495,502,584,588,607,619,676,686,688,713
true 1,29,73,76,151,154,203,205,208,286,289,291,315,318,341,453,456,495,498,559,588,591,593,683,686,713,720
true 1,73,76,81,83,95,97,151,154,286,289,291,311,346,467,502,559,581,584,587,607,610,613,674,676,688,690
true 1,34,73,76,151,154,177,179,182,286,289,291,306,350,353,460,463,488,491,559,614,617,619,669,672,715,718
true 1,5,23,29,81,161,177,208,285,289,346,353,430,432,463,491,495,502,559,587,591,610,614,672,674,683,713
true 1,5,23,83,97,161,179,205,285,289,306,315,341,350,430,432,453,488,559,581,593,607,619,676,690,715,720
true 1,5,23,34,95,161,182,203,285,289,311,318,430,432,456,460,467,498,559,584,588,613,617,669,686,688,718
true 1,25,29,95,151,161,165,179,208,285,286,346,350,427,434,453,463,467,491,587,588,607,617,669,676,686,720
true 1,25,83,97,151,161,165,177,203,285,286,306,318,341,353,427,434,460,495,584,593,610,619,674,688,713,718
true 1,25,34,81,151,161,165,182,205,285,286,311,315,427,434,456,488,498,502,581,591,613,614,672,683,690,715
true 1,29,73,76,158,161,203,205,208,279,282,285,315,318,346,460,463,488,491,561,581,584,587,688,690,715,718
true 1,73,76,81,83,95,97,158,161,279,282,285,306,341,467,502,561,588,591,593,614,617,619,669,672,683,686
true 1,34,73,76,158,161,177,179,182,279,282,285,311,350,353,453,456,495,498,561,607,610,613,674,676,713,720
true 1,29,67,70,73,76,201,203,205,208,309,312,315,318,426,429,431,433,609,612,615,618,668,671,673,675,728
true 1,67,70,73,76,81,83,95,97,426,429,431,433,455,458,461,464,467,490,493,496,499,502,712,714,717,719
true 1,34,67,70,73,76,175,177,179,182,344,347,350,353,426,429,431,433,583,586,589,592,682,685,687,689,727
true 1,6,7,20,26,27,28,67,68,77,78,150,158,159,160,168,279,280,289,290,426,427,428,434,558,559,651
true 1,25,29,70,95,156,165,179,201,208,281,290,312,350,431,458,467,496,558,583,592,612,673,682,689,712,719
true 1,25,70,83,97,156,165,177,203,281,290,309,318,344,353,431,455,464,490,499,558,589,615,671,685,727,728
true 1,25,34,70,81,156,165,175,182,205,281,290,315,347,431,461,493,502,558,586,609,618,668,675,687,714,717
true 1,5,23,35,37,64,69,99,103,151,158,212,218,279,286,359,438,443,450,508,564,571,578,623,653,660,665
true 1,5,23,64,69,151,158,217,224,279,286,366,373,515,520,567,574,580,628,656,663,667,694,704,709,711,721
true 1,5,23,64,69,101,106,151,158,214,221,279,286,295,297,302,363,370,436,440,447,511,562,568,575,626,692
true 1,25,35,37,64,69,165,214,221,282,289,359,438,443,450,515,520,559,561,562,568,575,626,656,663,667,721
true 1,25,64,69,99,103,165,217,224,282,289,363,370,436,440,447,508,559,561,567,574,580,628,653,660,665,692
true 1,25,64,69,101,106,165,212,218,282,289,295,297,302,366,373,511,559,561,564,571,578,623,694,704,709,711
true 1,35,37,64,69,73,76,359,363,366,370,373,427,430,432,434,436,438,440,443,447,450,692,694,704,709,711
true 1,64,69,73,76,212,214,217,218,221,224,427,430,432,434,562,564,567,568,571,574,575,578,580,623,626,628
true 1,64,69,73,76,99,101,103,106,295,297,302,427,430,432,434,508,511,515,520,653,656,660,663,665,667,721
true 1,5,23,35,99,106,154,212,221,282,291,302,370,427,434,438,447,561,564,574,575,628,653,663,694,709,721
true 1,5,23,37,103,154,217,218,282,291,297,366,427,434,440,450,511,515,561,567,568,578,626,656,665,692,704
true 1,5,23,101,154,214,224,282,291,295,359,363,373,427,434,436,443,508,520,561,562,571,580,623,660,667,711
true 1,25,35,106,154,158,165,214,218,279,291,302,373,430,432,438,440,508,515,562,574,578,628,656,660,692,711
true 1,25,37,99,154,158,165,217,221,279,291,297,363,430,432,436,450,511,520,567,571,575,623,653,667,694,709
true 1,25,101,103,154,158,165,212,224,279,291,295,359,366,370,430,432,443,447,564,568,580,626,663,665,704,721
true 1,35,73,76,103,106,151,154,286,289,291,302,363,366,436,438,520,559,568,571,574,623,626,628,665,667,704
true 1,37,73,76,151,154,212,214,217,286,289,291,297,370,373,447,450,508,511,559,562,564,567,660,663,711,721
true 1,73,76,99,101,151,154,218,221,224,286,289,291,295,359,440,443,515,559,575,578,580,653,656,692,694,709
true 1,5,23,35,99,161,212,224,285,289,297,373,430,432,438,440,511,520,559,564,568,580,626,653,667,692,711
true 1,5,23,106,161,217,221,285,289,302,359,366,370,430,432,443,447,508,515,559,567,571,575,623,656,660,704
true 1,5,23,37,101,103,161,214,218,285,289,295,363,430,432,436,450,559,562,574,578,628,663,665,694,709,721
true 1,25,35,103,151,161,165,214,224,285,286,297,370,427,434,438,447,511,515,562,571,580,623,656,665,694,709
true 1,25,99,106,151,161,165,217,218,285,286,302,359,363,373,427,434,436,443,567,568,578,626,653,663,711,721
true 1,25,37,101,151,161,165,212,221,285,286,295,366,427,434,440,450,508,520,564,574,575,628,660,667,692,704
true 1,35,73,76,158,161,218,221,224,279,282,285,297,363,366,436,438,508,511,561,575,578,580,660,663,704,721
true 1,73,76,103,106,158,161,212,214,217,279,282,285,302,359,440,443,520,561,562,564,567,665,667,692,694,709
true 1,37,73,76,99,101,158,161,279,282,285,295,370,373,447,450,515,561,568,571,574,623,626,628,653,656,711
true 1,5,23,29,70,81,159,177,201,208,287,312,344,353,431,461,493,502,560,589,612,651,673,685,714,717,727
true 1,5,23,70,83,97,159,179,205,287,315,350,431,455,464,490,499,560,583,592,609,618,651,668,675,682,689
true 1,5,23,34,70,95,159,175,182,203,287,309,318,347,431,458,467,496,560,586,615,651,671,687,712,719,728
true 1,21,29,73,76,153,175,203,205,208,287,290,315,318,455,493,496,499,558,560,589,592,682,685,687,712,714
true 1,21,73,76,81,83,95,97,153,287,290,309,312,344,347,467,502,558,560,583,586,609,612,675,689,727,728
true 1,21,34,73,76,153,177,179,182,201,287,290,350,353,458,461,464,490,558,560,615,618,668,671,673,717,719
true 1,21,25,29,95,153,159,165,175,179,208,344,350,429,433,455,461,467,499,609,615,651,671,675,687,717,727
true 1,21,25,83,97,153,159,165,177,203,312,318,347,353,429,433,458,493,586,592,612,618,651,668,682,714,719
true 1,21,25,34,81,153,159,165,182,201,205,309,315,429,433,464,490,496,502,583,589,651,673,685,689,712,728
true 1,5,21,23,29,67,81,153,156,175,177,208,281,309,353,426,455,458,499,502,583,618,668,687,689,719,728
true 1,5,21,23,67,83,97,153,156,179,205,281,312,315,347,350,426,461,496,586,589,612,615,671,685,712,717
true 1,5,21,23,34,67,95,153,156,182,201,203,281,318,344,426,464,467,490,493,592,609,673,675,682,714,727
true 1,5,23,35,99,162,171,212,223,284,290,300,372,429,433,438,445,512,519,558,564,627,653,664,693,710,726
true 1,5,23,105,162,217,220,284,290,303,360,366,369,429,433,442,448,509,515,558,567,570,576,624,656,659,704
true 1,5,23,101,162,210,214,284,290,295,357,363,374,429,433,436,451,506,521,558,562,573,579,632,662,666,708
true 1,25,35,67,162,165,171,214,223,284,287,357,369,426,438,448,512,515,521,560,562,570,624,656,664,666,708
true 1,25,67,99,105,162,165,217,284,287,303,360,363,372,426,436,442,445,506,560,567,579,627,632,653,662,726
true 1,25,67,101,162,165,210,212,220,284,287,295,300,366,374,426,451,509,519,560,564,573,576,659,693,704,710
true 1,35,73,76,156,159,162,171,220,223,281,284,363,366,436,438,506,509,512,576,579,632,651,659,662,664,704
true 1,73,76,105,156,159,162,212,214,217,281,284,300,303,357,360,442,519,521,562,564,567,651,666,693,708,710
true 1,73,76,99,101,156,159,162,210,281,284,295,369,372,374,445,448,451,515,570,573,624,627,651,653,656,726
true 1,5,21,23,35,67,99,105,153,156,210,212,220,281,303,357,369,426,438,448,506,564,573,576,653,662,708
true 1,5,21,23,67,153,156,217,281,366,374,426,451,512,515,521,567,579,627,632,656,664,666,693,704,710,726
true 1,5,21,23,67,101,153,156,171,214,223,281,295,300,360,363,372,426,436,442,445,509,519,562,570,624,659
true 1,21,25,35,105,153,159,165,210,214,303,372,429,433,438,445,509,515,562,573,579,632,651,656,659,693,710
true 1,21,25,99,153,159,165,217,220,300,357,363,374,429,433,436,451,512,519,567,570,576,624,651,653,664,708
true 1,21,25,101,153,159,165,171,212,223,295,360,366,369,429,433,442,448,506,521,564,627,651,662,666,704,726
true 1,21,35,73,76,105,153,210,287,290,300,303,363,366,436,438,519,521,558,560,570,573,624,627,666,704,726
true 1,21,73,76,153,212,214,217,287,290,369,372,374,445,448,451,506,509,512,558,560,562,564,567,659,662,664
true 1,21,73,76,99,101,153,171,220,223,287,290,295,357,360,442,515,558,560,576,579,632,653,656,693,708,710
true 1,5,23,35,70,99,159,212,287,360,374,431,438,442,451,509,521,560,564,570,579,624,632,651,653,659,666
true 1,5,23,70,159,171,210,217,223,287,300,357,366,372,431,445,506,515,519,560,567,573,651,656,662,704,708
true 1,5,23,70,101,105,159,214,220,287,295,303,363,369,431,436,448,512,560,562,576,627,651,664,693,710,726
true 1,25,35,70,156,165,214,220,281,290,300,360,374,431,438,442,451,506,515,519,558,562,576,627,656,662,726
true 1,25,70,99,156,165,171,210,217,223,281,290,363,369,431,436,448,509,521,558,567,573,653,659,666,693,710
true 1,25,70,101,105,156,165,212,281,290,295,303,357,366,372,431,445,512,558,564,570,579,624,632,664,704,708
true 1,35,67,70,73,76,357,360,363,366,369,372,374,426,429,431,433,436,438,442,445,448,451,693,704,708,710
true 1,67,70,73,76,171,210,212,214,217,220,223,426,429,431,433,562,564,567,570,573,576,579,624,627,632,726
true 1,67,70,73,76,99,101,105,295,300,303,426,429,431,433,506,509,512,515,519,521,653,656,659,662,664,666
true 1,29,63,66,162,167,208,284,289,292,305,308,347,352,464,469,490,495,500,559,586,591,594,611,616,683,713
true 1,63,66,83,97,162,167,175,178,201,204,284,289,292,454,459,489,494,559,581,607,673,676,677,687,690,691
true 1,34,63,66,162,167,182,284,289,292,312,317,340,343,455,460,465,499,504,559,585,590,612,617,620,669,718
true 1,29,75,157,158,162,204,208,279,283,284,317,343,347,435,459,460,464,489,490,581,585,586,620,677,690,718
true 1,75,83,97,157,158,162,175,201,279,283,284,305,340,435,465,469,500,504,590,591,616,617,669,673,683,687
true 1,34,75,157,158,162,178,182,279,283,284,308,312,352,435,454,455,494,495,499,594,607,611,612,676,691,713
true 1,24,29,152,162,163,178,208,284,288,340,347,427,434,454,464,465,490,494,504,586,590,607,617,669,676,691
true 1,24,83,97,152,162,163,175,201,284,288,308,317,343,352,427,434,460,495,585,594,611,620,673,687,713,718
true 1,24,34,152,162,163,182,204,284,288,305,312,427,434,455,459,469,489,499,500,581,591,612,616,677,683,690
true 1,29,70,152,158,167,201,208,279,288,292,312,340,352,431,454,460,469,494,500,581,590,594,612,673,690,718
true 1,70,83,97,152,158,167,178,204,279,288,292,308,343,431,455,464,490,499,585,591,611,617,669,677,683,691
true 1,34,70,152,158,167,175,182,279,288,292,305,317,347,431,459,465,489,495,504,586,607,616,620,676,687,713
true 1,6,7,26,27,28,63,66,77,78,151,152,156,157,168,281,282,283,286,287,288,429,430,432,433,560,561
true 1,5,23,64,69,80,82,151,158,174,178,279,286,308,314,455,492,499,505,583,611,618,622,668,684,689,691
true 1,5,23,64,69,151,158,176,181,279,286,310,317,342,347,354,459,466,489,496,503,586,608,615,620,671,712
true 1,5,23,64,69,151,158,199,201,206,279,286,313,320,340,344,351,462,469,487,493,500,590,595,673,714,727
true 1,25,64,69,80,82,165,282,289,310,317,340,344,351,455,492,499,505,559,561,590,595,608,615,620,671,727
true 1,25,64,69,165,176,181,282,289,308,314,342,347,354,462,469,487,493,500,559,561,586,611,618,622,668,714
true 1,25,64,69,165,174,178,199,201,206,282,289,313,320,459,466,489,496,503,559,561,583,673,684,689,691,712
true 1,64,69,73,76,80,82,427,430,432,434,455,459,462,466,469,487,489,492,493,496,499,500,503,505,712,714
true 1,64,69,73,76,174,176,178,181,340,342,344,347,351,354,427,430,432,434,583,586,590,595,684,689,691,727
true 1,64,69,73,76,199,201,206,308,310,313,314,317,320,427,430,432,434,608,611,615,618,620,622,668,671,673
true 1,5,23,80,154,174,181,201,282,291,308,317,344,354,427,434,466,492,493,503,561,611,620,673,684,714,727
true 1,5,23,154,176,206,282,291,310,320,342,351,427,434,455,459,469,489,499,500,561,583,595,608,618,668,689
true 1,5,23,82,154,178,199,282,291,313,314,340,347,427,434,462,487,496,505,561,586,590,615,622,671,691,712
true 1,25,80,154,158,165,181,201,279,291,310,314,340,354,430,432,469,492,496,500,583,590,608,622,673,689,712
true 1,25,154,158,165,176,178,206,279,291,308,320,342,344,430,432,455,462,466,487,499,503,611,615,671,691,727
true 1,25,82,154,158,165,174,199,279,291,313,317,347,351,430,432,459,489,493,505,586,595,618,620,668,684,714
true 1,73,76,80,151,154,178,181,201,286,289,291,351,354,459,462,487,489,492,559,595,615,618,668,671,673,691
true 1,73,76,151,154,174,176,206,286,289,291,314,317,320,340,342,455,493,496,499,559,590,620,622,684,712,714
true 1,73,76,82,151,154,199,286,289,291,308,310,313,344,347,466,469,500,503,505,559,583,586,608,611,689,727
true 1,5,23,80,161,174,206,285,289,308,320,347,351,430,432,469,492,496,500,559,586,595,611,615,671,684,712
true 1,5,23,82,161,176,178,201,285,289,310,314,342,344,430,432,459,489,493,505,559,608,622,673,691,714,727
true 1,5,23,161,181,199,285,289,313,317,340,354,430,432,455,462,466,487,499,503,559,583,590,618,620,668,689
true 1,25,80,151,161,165,178,206,285,286,310,320,340,347,427,434,466,492,493,503,586,590,608,618,668,691,714
true 1,25,82,151,161,165,176,201,285,286,308,317,342,351,427,434,462,487,496,505,583,595,611,620,673,689,712
true 1,25,151,161,165,174,181,199,285,286,313,314,344,354,427,434,455,459,469,489,499,500,615,622,671,684,727
true 1,73,76,80,158,161,206,279,282,285,314,317,320,344,347,459,462,487,489,492,561,583,586,620,622,689,727
true 1,73,76,82,158,161,174,176,201,279,282,285,340,342,466,469,500,503,505,561,590,615,618,668,671,673,684
true 1,73,76,158,161,178,181,199,279,282,285,308,310,313,351,354,455,493,496,499,561,595,608,611,691,712,714
true 1,29,63,66,70,75,201,204,208,305,308,312,317,427,431,434,435,607,611,612,616,617,620,669,673,676,677
true 1,63,66,70,75,83,97,427,431,434,435,454,455,459,460,464,465,469,489,490,494,495,499,500,504,713,718
true 1,34,63,66,70,75,175,178,182,340,343,347,352,427,431,434,435,581,585,586,590,591,594,683,687,690,691
true 1,24,29,70,157,163,178,201,208,283,289,312,343,431,459,465,489,495,504,559,585,591,612,673,683,691,713
true 1,24,70,83,97,157,163,283,289,305,317,340,352,431,455,464,490,499,559,581,590,594,607,616,620,676,690
true 1,24,34,70,157,163,175,182,204,283,289,308,347,431,454,460,469,494,500,559,586,611,617,669,677,687,718
true 1,5,23,70,80,96,159,174,204,287,308,349,431,456,470,492,498,560,584,596,611,617,651,669,677,684,688
true 1,5,23,70,159,176,180,287,310,316,342,346,355,431,459,465,489,495,504,560,587,608,614,621,651,672,713
true 1,5,23,70,159,199,207,287,306,313,319,340,352,431,453,462,468,487,501,560,581,590,594,619,651,690,720
true 1,25,70,80,96,156,165,281,290,310,316,340,352,431,456,470,492,498,558,581,590,594,608,614,621,672,690
true 1,25,70,156,165,176,180,204,281,290,308,342,346,355,431,453,462,468,487,501,558,587,611,617,669,677,720
true 1,25,70,156,165,174,199,207,281,290,306,313,319,349,431,459,465,489,495,504,558,584,596,619,684,688,713
true 1,67,70,73,76,80,96,426,429,431,433,453,456,459,462,465,468,470,487,489,492,495,498,501,504,713,720
true 1,67,70,73,76,174,176,180,340,342,346,349,352,355,426,429,431,433,581,584,587,590,594,596,684,688,690
true 1,67,70,73,76,199,204,207,306,308,310,313,316,319,426,429,431,433,608,611,614,617,619,621,669,672,677
true 1,5,23,80,162,174,207,284,290,308,319,346,352,429,433,468,492,495,501,558,587,594,611,614,672,684,713
true 1,5,23,96,162,176,204,284,290,306,310,342,349,429,433,453,459,470,489,558,581,596,608,619,677,690,720
true 1,5,23,162,180,199,284,290,313,316,340,355,429,433,456,462,465,487,498,504,558,584,590,617,621,669,688
true 1,25,67,80,162,165,207,284,287,310,319,340,346,349,426,453,465,492,504,560,587,590,596,608,617,669,720
true 1,25,67,96,162,165,176,284,287,306,308,316,342,352,426,462,470,487,495,560,584,594,611,619,621,688,713
true 1,25,67,162,165,174,180,199,204,284,287,313,355,426,456,459,468,489,498,501,560,581,614,672,677,684,690
true 1,73,76,80,156,159,162,204,207,281,284,316,319,346,459,462,487,489,492,581,584,587,621,651,677,688,690
true 1,73,76,96,156,159,162,174,176,281,284,306,340,342,465,468,470,501,504,590,614,617,619,651,669,672,684
true 1,73,76,156,159,162,180,199,281,284,308,310,313,349,352,355,453,456,495,498,594,596,608,611,651,713,720
true 1,5,21,23,67,80,153,156,174,180,281,306,308,316,355,426,453,465,492,504,581,611,619,621,684,690,720
true 1,5,21,23,67,153,156,176,207,281,310,319,342,352,426,456,459,468,489,498,501,584,594,608,617,669,688
true 1,5,21,23,67,96,153,156,199,204,281,313,340,346,349,426,462,470,487,495,587,590,596,614,672,677,713
true 1,21,25,80,153,159,165,180,204,306,310,340,355,429,433,468,492,495,501,584,590,608,619,651,677,688,713
true 1,21,25,153,159,165,176,207,308,319,342,349,429,433,456,462,465,487,498,504,581,596,611,614,651,672,690
true 1,21,25,96,153,159,165,174,199,313,316,346,352,429,433,453,459,470,489,587,594,617,621,651,669,684,720
true 1,21,73,76,80,153,180,287,290,306,349,352,355,459,462,487,489,492,558,560,594,596,614,617,619,669,672
true 1,21,73,76,153,174,176,204,207,287,290,316,319,340,342,453,456,495,498,558,560,590,621,677,684,713,720
true 1,21,73,76,96,153,199,287,290,308,310,313,346,465,468,470,501,504,558,560,581,584,587,608,611,688,690
true 1,21,29,153,157,167,175,208,283,292,343,352,427,434,455,459,469,489,499,500,585,594,607,617,669,676,687
true 1,21,83,97,153,157,167,178,204,283,292,305,312,340,347,427,434,460,495,586,590,612,616,677,691,713,718
true 1,21,34,153,157,167,182,201,283,292,308,317,427,434,454,464,465,490,494,504,581,591,611,620,673,683,690
true 1,4,7,19,22,28,44,65,71,112,120,155,226,234,242,334,378,386,478,484,526,597,603,606,678,681,716
true 1,21,29,75,152,153,175,204,208,288,289,317,340,435,454,455,494,495,499,559,590,591,620,677,683,687,713
true 1,21,75,83,97,152,153,288,289,308,312,343,347,435,465,469,500,504,559,581,585,586,607,611,612,676,690
true 1,21,34,75,152,153,178,182,201,288,289,305,352,435,459,460,464,489,490,559,594,616,617,669,673,691,718
true 1,21,24,29,63,66,153,158,163,175,178,208,279,305,308,455,460,465,499,504,581,611,616,687,690,691,718
true 1,21,24,63,66,83,97,153,158,163,279,312,317,347,352,454,459,489,494,586,591,594,612,617,620,669,683
true 1,21,24,34,63,66,153,158,163,182,201,204,279,340,343,464,469,490,495,500,585,590,607,673,676,677,713
true 1,7,28,63,64,66,67,69,72,74,152,154,157,159,161,164,166,283,285,288,290,291,293,294,426,558,651
true 1,4,7,19,22,28,65,71,119,155,192,233,241,327,335,377,385,390,471,479,485,525,530,598,604,635,679
true 1,29,67,154,157,166,208,283,291,293,309,341,343,351,426,456,459,468,489,498,501,585,593,595,618,668,728
true 1,67,83,97,154,157,166,283,291,293,305,311,314,340,346,349,426,461,496,587,590,596,613,616,622,712,717
true 1,34,67,154,157,166,182,283,291,293,306,308,316,344,426,454,463,466,491,494,503,592,611,619,621,682,727
true 1,5,15,17,23,54,58,64,69,124,126,131,137,143,151,158,244,248,255,263,279,286,391,397,404,412,548
true 1,5,23,56,61,64,69,139,146,151,158,267,274,279,286,396,403,409,415,536,543,547,551,639,644,646,647
true 1,5,23,64,69,142,149,151,158,246,251,258,270,277,279,286,393,400,407,419,424,533,540,545,553,649,701
true 1,15,17,25,64,69,124,126,131,139,146,165,263,282,289,393,400,407,419,424,551,559,561,639,644,646,701
true 1,25,56,61,64,69,137,143,165,244,248,255,270,277,282,289,396,403,409,415,533,540,545,548,559,561,649
true 1,25,54,58,64,69,142,149,165,246,251,258,267,274,282,289,391,397,404,412,536,543,547,553,559,561,647
true 1,15,17,64,69,73,76,124,126,131,263,267,270,274,277,427,430,432,434,533,536,540,543,545,547,647,649
true 1,54,56,58,61,64,69,73,76,391,393,396,397,400,403,404,407,409,412,415,419,424,427,430,432,434,701
true 1,64,69,73,76,137,139,142,143,146,149,244,246,248,251,255,258,427,430,432,434,548,551,553,639,644,646
true 1,5,15,23,54,61,124,137,146,154,244,251,274,282,291,391,400,409,427,434,540,547,553,561,646,649,701
true 1,5,23,56,126,139,149,154,248,258,263,267,277,282,291,396,397,407,412,424,427,434,536,545,548,561,639
true 1,5,17,23,58,131,142,143,154,246,255,270,282,291,393,403,404,415,419,427,434,533,543,551,561,644,647
true 1,15,25,61,124,139,143,154,158,165,251,255,277,279,291,393,397,409,412,419,430,432,543,545,553,639,647
true 1,25,56,58,126,137,149,154,158,165,244,258,263,270,274,279,291,396,400,404,430,432,533,547,551,644,701
true 1,17,25,54,131,142,146,154,158,165,246,248,267,279,291,391,403,407,415,424,430,432,536,540,548,646,649
true 1,15,58,61,73,76,124,151,154,248,251,267,270,286,289,291,404,407,409,424,533,536,548,551,553,559,644
true 1,54,56,73,76,126,143,146,149,151,154,255,258,263,286,289,291,391,393,396,419,540,543,559,646,647,649
true 1,17,73,76,131,137,139,142,151,154,244,246,274,277,286,289,291,397,400,403,412,415,545,547,559,639,701
true 1,5,15,23,54,124,137,149,161,244,258,277,285,289,391,403,407,415,424,430,432,543,545,551,559,644,647
true 1,5,17,23,56,58,131,139,143,161,251,255,267,285,289,396,400,404,430,432,536,540,553,559,639,649,701
true 1,5,23,61,126,142,146,161,246,248,263,270,274,285,289,393,397,409,412,419,430,432,533,547,548,559,646
true 1,15,25,58,124,139,149,151,161,165,248,258,274,285,286,393,403,404,415,419,427,434,540,547,548,639,649
true 1,17,25,56,131,137,146,151,161,165,244,251,270,285,286,396,397,407,412,424,427,434,533,543,553,646,647
true 1,25,54,61,126,142,143,151,161,165,246,255,263,267,277,285,286,391,400,409,427,434,536,545,551,644,701
true 1,15,73,76,124,143,146,149,158,161,255,258,267,270,279,282,285,397,400,403,412,415,533,536,561,646,701
true 1,17,54,56,73,76,131,158,161,248,251,274,277,279,282,285,391,393,396,419,545,547,548,551,553,561,644
true 1,58,61,73,76,126,137,139,142,158,161,244,246,263,279,282,285,404,407,409,424,540,543,561,639,647,649
true 1,29,64,69,157,164,208,283,290,294,306,311,343,349,459,466,489,496,503,558,585,592,596,613,619,682,712
true 1,64,69,83,97,157,164,283,290,294,305,309,316,340,344,351,456,463,491,498,558,590,595,616,621,727,728
true 1,34,64,69,157,164,182,283,290,294,308,314,341,346,454,461,468,494,501,558,587,593,611,618,622,668,717
true 1,29,72,74,157,159,161,208,283,285,314,316,343,344,346,459,461,463,489,491,585,587,621,622,651,717,727
true 1,72,74,83,97,157,159,161,283,285,305,306,340,341,466,468,501,503,590,592,593,616,618,619,651,668,682
true 1,34,72,74,157,159,161,182,283,285,308,309,311,349,351,454,456,494,496,498,595,596,611,613,651,712,728
true 1,7,11,21,28,45,70,88,112,121,153,162,193,234,284,327,336,377,386,431,479,525,597,604,635,678,716
true 1,5,15,21,23,51,54,60,67,124,129,135,137,145,153,156,244,250,253,261,273,281,391,399,410,426,539
true 1,5,21,23,56,67,139,148,153,156,259,264,267,276,281,396,408,413,423,426,536,544,546,549,639,645,700
true 1,5,21,23,67,132,142,153,156,246,256,270,278,281,393,402,405,416,419,425,426,533,542,552,557,643,648
true 1,15,21,25,51,60,124,135,139,153,159,165,250,256,276,393,413,419,429,433,542,546,557,639,648,651,700
true 1,21,25,56,129,137,148,153,159,165,244,259,264,270,273,396,399,405,410,425,429,433,533,544,552,643,651
true 1,21,25,54,132,142,145,153,159,165,246,253,261,267,278,391,402,408,416,423,429,433,536,539,549,645,651
true 1,15,21,51,60,73,76,124,135,153,250,267,270,287,290,405,408,423,425,533,536,549,552,558,560,643,645
true 1,21,54,56,73,76,145,148,153,253,256,259,261,264,287,290,391,393,396,419,539,542,544,557,558,560,648
true 1,21,73,76,129,132,137,139,142,153,244,246,273,276,278,287,290,399,402,410,413,416,546,558,560,639,700
true 1,5,15,23,54,70,124,132,137,159,244,256,264,278,287,391,405,413,425,431,544,549,557,560,645,651,700
true 1,5,23,51,56,60,70,129,139,145,159,253,267,273,287,396,402,416,431,536,542,552,560,639,643,648,651
true 1,5,23,70,135,142,148,159,246,250,259,261,270,276,287,393,399,408,410,419,423,431,533,539,546,560,651
true 1,15,25,70,124,132,139,145,156,165,253,264,278,281,290,393,399,408,410,419,423,431,544,552,558,639,643
true 1,25,51,56,60,70,137,156,165,244,256,261,270,276,281,290,396,402,416,431,533,539,546,549,557,558,645
true 1,25,54,70,129,135,142,148,156,165,246,250,259,267,273,281,290,391,405,413,425,431,536,542,558,648,700
true 1,15,67,70,73,76,124,129,132,261,264,267,270,273,276,278,426,429,431,433,533,536,539,542,544,546,648
true 1,51,54,56,60,67,70,73,76,391,393,396,399,402,405,408,410,413,416,419,423,425,426,429,431,433,700
true 1,67,70,73,76,135,137,139,142,145,148,244,246,250,253,256,259,426,429,431,433,549,552,557,639,643,645
true 1,5,15,23,54,124,137,148,162,244,259,276,284,290,391,402,408,416,423,429,433,542,546,552,558,643,648
true 1,5,23,56,132,135,139,162,250,256,261,267,278,284,290,396,399,405,410,425,429,433,536,539,557,558,639
true 1,5,23,51,60,129,142,145,162,246,253,264,270,273,284,290,393,413,419,429,433,533,544,549,558,645,700
true 1,15,25,67,124,129,139,148,162,165,259,261,273,284,287,393,402,405,416,419,425,426,539,549,560,639,645
true 1,25,56,67,132,135,137,145,162,165,244,250,253,270,278,284,287,396,408,413,423,426,533,542,560,648,700
true 1,25,51,54,60,67,142,162,165,246,256,264,267,276,284,287,391,399,410,426,536,544,546,552,557,560,643
true 1,15,73,76,124,145,148,156,159,162,253,256,259,267,270,281,284,399,402,410,413,416,533,536,557,651,700
true 1,54,56,73,76,129,132,135,156,159,162,250,273,276,278,281,284,391,393,396,419,546,549,552,643,645,651
true 1,51,60,73,76,137,139,142,156,159,162,244,246,261,264,281,284,405,408,423,425,539,542,544,639,648,651
true 1,29,64,69,152,159,166,208,288,293,306,311,340,344,351,454,461,468,494,501,590,595,613,619,651,717,727
true 1,64,69,83,97,152,159,166,288,293,308,314,343,349,456,463,491,498,585,592,596,611,618,622,651,668,682
true 1,34,64,69,152,159,166,182,288,293,305,309,316,341,346,459,466,489,496,503,587,593,616,621,651,712,728
true 1,29,67,152,161,164,208,285,288,294,309,340,346,349,426,454,463,466,491,494,503,587,590,596,618,668,728
true 1,67,83,97,152,161,164,285,288,294,306,308,316,341,343,351,426,461,496,585,593,595,611,619,621,712,717
true 1,34,67,152,161,164,182,285,288,294,305,311,314,344,426,456,459,468,489,498,501,592,613,616,622,682,727
true 1,29,72,74,152,154,208,288,290,291,314,316,340,341,454,456,494,496,498,558,590,592,593,621,622,682,712
true 1,72,74,83,97,152,154,288,290,291,308,309,311,343,344,346,466,468,501,503,558,585,587,611,613,727,728
true 1,34,72,74,152,154,182,288,290,291,305,306,349,351,459,461,463,489,491,558,595,596,616,618,619,668,717
true 1,7,21,28,44,70,108,120,153,162,186,227,233,242,284,328,334,379,385,431,471,480,484,530,598,606,679
true 1,5,23,70,82,94,159,178,200,287,314,343,431,457,463,491,505,560,585,591,610,622,651,670,674,683,691
true 1,5,23,70,159,173,181,287,305,317,341,348,354,431,452,466,488,497,503,560,593,607,616,620,651,676,715
true 1,5,23,70,159,202,206,287,307,311,320,345,351,431,454,460,469,494,500,560,582,588,595,613,651,686,718
true 1,25,70,82,94,156,165,281,290,305,317,345,351,431,457,463,491,505,558,582,588,595,607,616,620,676,686
true 1,25,70,156,165,173,181,200,281,290,314,341,348,354,431,454,460,469,494,500,558,593,610,622,670,674,718
true 1,25,70,156,165,178,202,206,281,290,307,311,320,343,431,452,466,488,497,503,558,585,591,613,683,691,715
true 1,67,70,73,76,82,94,426,429,431,433,452,454,457,460,463,466,469,488,491,494,497,500,503,505,715,718
true 1,67,70,73,76,173,178,181,341,343,345,348,351,354,426,429,431,433,582,585,588,591,593,595,683,686,691
true 1,67,70,73,76,200,202,206,305,307,311,314,317,320,426,429,431,433,607,610,613,616,620,622,670,674,676
true 1,5,23,82,162,178,202,284,290,307,314,341,345,429,433,454,488,494,505,558,582,593,607,622,676,691,715
true 1,5,23,94,162,181,200,284,290,311,317,343,354,429,433,457,460,466,503,558,585,588,613,620,670,686,718
true 1,5,23,162,173,206,284,290,305,320,348,351,429,433,452,463,469,491,497,500,558,591,595,610,616,674,683
true 1,25,67,82,162,165,202,284,287,307,317,341,343,351,426,452,460,497,505,560,585,593,595,610,620,674,718
true 1,25,67,94,162,165,181,284,287,305,311,314,345,354,426,457,469,488,500,560,582,591,613,616,622,683,715
true 1,25,67,162,165,173,178,200,206,284,287,320,348,426,454,463,466,491,494,503,560,588,607,670,676,686,691
true 1,73,76,82,156,159,162,200,202,281,284,305,307,341,466,469,500,503,505,588,591,593,616,651,670,683,686
true 1,73,76,94,156,159,162,178,181,281,284,311,351,354,452,454,457,494,497,595,607,610,613,651,674,676,691
true 1,73,76,156,159,162,173,206,281,284,314,317,320,343,345,348,460,463,488,491,582,585,620,622,651,715,718
true 1,5,21,23,67,82,153,156,173,178,281,305,311,314,348,426,452,460,497,505,588,613,616,622,686,691,718
true 1,5,21,23,67,153,156,181,202,281,307,317,345,354,426,454,463,466,491,494,503,582,591,610,620,674,683
true 1,5,21,23,67,94,153,156,200,206,281,320,341,343,351,426,457,469,488,500,585,593,595,607,670,676,715
true 1,21,25,82,153,159,165,173,200,311,317,348,351,429,433,454,488,494,505,591,595,613,620,651,670,683,715
true 1,21,25,153,159,165,181,202,307,314,343,354,429,433,452,463,469,491,497,500,585,588,607,622,651,676,686
true 1,21,25,94,153,159,165,178,206,305,320,341,345,429,433,457,460,466,503,582,593,610,616,651,674,691,718
true 1,21,73,76,82,153,173,287,290,311,343,345,348,466,469,500,503,505,558,560,582,585,607,610,613,674,676
true 1,21,73,76,153,178,181,200,202,287,290,305,307,351,354,460,463,488,491,558,560,595,616,670,691,715,718
true 1,21,73,76,94,153,206,287,290,314,317,320,341,452,454,457,494,497,558,560,588,591,593,620,622,683,686
true 1,29,63,66,161,166,208,285,290,293,305,308,346,351,463,468,491,496,501,558,587,592,595,611,616,682,712
true 1,63,66,83,97,161,166,285,290,293,306,309,314,341,344,349,454,459,489,494,558,593,596,619,622,727,728
true 1,34,63,66,161,166,182,285,290,293,311,316,340,343,456,461,466,498,503,558,585,590,613,618,621,668,717
true 1,29,63,66,154,159,164,208,291,294,305,308,341,344,349,456,461,466,498,503,593,596,611,616,651,717,727
true 1,63,66,83,97,154,159,164,291,294,311,316,346,351,454,459,489,494,587,592,595,613,618,621,651,668,682
true 1,34,63,66,154,159,164,182,291,294,306,309,314,340,343,463,468,491,496,501,585,590,619,622,651,712,728
true 1,5,23,64,69,94,96,151,158,200,204,279,286,343,349,457,464,470,490,585,592,596,609,670,675,677,682
true 1,5,23,64,69,151,158,173,175,180,279,286,305,309,316,348,355,452,458,465,497,504,616,621,687,719,728
true 1,5,23,64,69,151,158,202,207,279,286,307,312,319,345,352,454,461,468,494,501,582,589,594,612,685,717
true 1,25,64,69,94,96,165,282,289,305,309,316,345,352,457,464,470,490,559,561,582,589,594,616,621,685,728
true 1,25,64,69,165,173,175,180,200,204,282,289,348,355,454,461,468,494,501,559,561,609,670,675,677,687,717
true 1,25,64,69,165,202,207,282,289,307,312,319,343,349,452,458,465,497,504,559,561,585,592,596,612,682,719
true 1,64,69,73,76,94,96,427,430,432,434,452,454,457,458,461,464,465,468,470,490,494,497,501,504,717,719
true 1,64,69,73,76,173,175,180,343,345,348,349,352,355,427,430,432,434,582,585,589,592,594,596,682,685,687
true 1,64,69,73,76,200,202,204,207,305,307,309,312,316,319,427,430,432,434,609,612,616,621,670,675,677,728
true 1,5,23,94,154,175,200,207,282,291,309,319,343,352,427,434,457,458,468,501,561,585,594,670,687,719,728
true 1,5,23,96,154,173,204,282,291,305,312,348,349,427,434,452,461,470,497,561,589,596,612,616,677,685,717
true 1,5,23,154,180,202,282,291,307,316,345,355,427,434,454,464,465,490,494,504,561,582,592,609,621,675,682
true 1,25,94,154,158,165,175,207,279,291,305,319,345,349,430,432,457,461,465,504,582,596,609,616,675,687,717
true 1,25,96,154,158,165,173,200,279,291,312,316,348,352,430,432,454,458,470,494,592,594,612,621,670,682,719
true 1,25,154,158,165,180,202,204,279,291,307,309,343,355,430,432,452,464,468,490,497,501,585,589,677,685,728
true 1,73,76,94,151,154,175,204,207,286,289,291,316,319,452,454,457,494,497,559,589,592,621,677,682,685,687
true 1,73,76,96,151,154,173,286,289,291,309,312,343,345,348,465,468,470,501,504,559,582,585,609,612,675,728
true 1,73,76,151,154,180,200,202,286,289,291,305,307,349,352,355,458,461,464,490,559,594,596,616,670,717,719
true 1,5,23,94,161,180,200,285,289,312,316,343,355,430,432,457,461,465,504,559,585,589,612,621,670,685,717
true 1,5,23,161,173,207,285,289,305,319,348,352,430,432,452,464,468,490,497,501,559,592,594,609,616,675,682
true 1,5,23,96,161,175,202,204,285,289,307,309,345,349,430,432,454,458,470,494,559,582,596,677,687,719,728
true 1,25,94,151,161,165,180,204,285,286,305,312,345,355,427,434,457,458,468,501,582,592,612,616,677,682,719
true 1,25,151,161,165,173,200,207,285,286,309,319,348,349,427,434,454,464,465,490,494,504,589,596,670,685,728
true 1,25,96,151,161,165,175,202,285,286,307,316,343,352,427,434,452,461,470,497,585,594,609,621,675,687,717
true 1,73,76,94,158,161,180,279,282,285,309,312,349,352,355,452,454,457,494,497,561,594,596,609,612,675,728
true 1,73,76,158,161,173,204,207,279,282,285,316,319,343,345,348,458,461,464,490,561,582,585,621,677,717,719
true 1,73,76,96,158,161,175,200,202,279,282,285,305,307,465,468,470,501,504,561,589,592,616,670,682,685,687
true 1,29,63,64,66,67,69,72,74,208,305,306,308,309,311,314,316,426,611,613,616,618,619,621,622,668,728
true 1,63,64,66,67,69,72,74,83,97,426,454,456,459,461,463,466,468,489,491,494,496,498,501,503,712,717
true 1,34,63,64,66,67,69,72,74,182,340,341,343,344,346,349,351,426,585,587,590,592,593,595,596,682,727
true 1,7,21,28,40,70,113,119,153,162,192,226,235,241,284,321,335,378,390,431,472,478,485,526,599,603,681
true 1,9,73,76,158,161,170,172,219,222,279,282,285,364,367,437,506,509,512,561,577,659,662,664,695,703,706
true 1,73,76,102,104,107,158,161,215,279,282,285,299,301,304,357,360,442,561,563,566,629,631,693,708,710,724
true 1,36,38,73,76,79,158,161,210,279,282,285,371,446,449,513,516,518,561,570,573,624,627,652,655,658,726
true 1,9,25,104,151,161,165,172,285,286,299,357,367,371,427,434,437,449,512,513,570,624,631,655,664,708,724
true 1,25,36,107,151,161,165,170,215,219,285,286,304,360,427,434,442,446,506,516,566,627,652,662,695,706,726
true 1,25,38,79,102,151,161,165,210,222,285,286,301,364,427,434,509,518,563,573,577,629,658,659,693,703,710
true 1,5,9,23,36,102,161,172,285,289,301,367,430,432,437,446,512,516,559,563,627,629,652,664,693,710,726
true 1,5,23,107,161,215,222,285,289,304,360,364,371,430,432,442,449,509,513,559,566,570,577,624,655,659,703
true 1,5,23,38,79,104,161,170,210,219,285,289,299,357,430,432,506,518,559,573,631,658,662,695,706,708,724
true 1,5,23,37,103,162,169,211,218,284,290,296,358,429,433,439,450,507,518,558,578,631,658,665,695,706,724
true 1,5,23,98,162,209,224,284,290,298,356,367,373,429,433,437,441,516,520,558,563,569,580,629,652,667,711
true 1,5,23,106,162,215,221,284,290,302,361,364,370,429,433,444,447,510,513,558,566,572,575,625,655,661,703
true 1,25,37,67,162,165,169,211,221,284,287,356,364,426,441,450,510,518,520,560,563,575,629,658,661,667,703
true 1,25,67,98,103,162,165,224,284,287,298,358,367,370,426,437,439,447,513,560,572,580,625,631,655,665,724
true 1,25,67,106,162,165,209,215,218,284,287,296,302,361,373,426,444,507,516,560,566,569,578,652,695,706,711
true 1,37,73,76,156,159,162,169,209,211,281,284,370,373,447,450,513,516,518,569,572,625,651,652,655,658,711
true 1,73,76,98,156,159,162,218,221,224,281,284,296,298,364,367,437,507,510,575,578,580,651,661,695,703,706
true 1,73,76,103,106,156,159,162,215,281,284,302,356,358,361,439,441,444,520,563,566,629,631,651,665,667,724
true 1,5,21,23,37,67,98,103,153,156,209,215,218,281,298,356,364,426,441,450,513,566,569,578,655,665,703
true 1,5,21,23,67,153,156,224,281,361,373,426,444,510,518,520,572,580,625,631,658,661,667,695,706,711,724
true 1,5,21,23,67,106,153,156,169,211,221,281,296,302,358,367,370,426,437,439,447,507,516,563,575,629,652
true 1,21,25,37,98,153,159,165,215,221,298,358,429,433,439,450,516,520,566,572,575,625,651,652,667,695,706
true 1,21,25,103,153,159,165,209,224,296,361,364,370,429,433,444,447,507,518,563,569,580,629,651,658,665,703
true 1,21,25,106,153,159,165,169,211,218,302,356,367,373,429,433,437,441,510,513,578,631,651,655,661,711,724
true 1,21,37,73,76,98,153,215,287,290,296,298,370,373,447,450,507,510,558,560,563,566,629,631,661,711,724
true 1,21,73,76,153,218,221,224,287,290,356,358,361,439,441,444,513,516,518,558,560,575,578,580,652,655,658
true 1,21,73,76,103,106,153,169,209,211,287,290,302,364,367,437,520,558,560,569,572,625,665,667,695,703,706
true 1,5,23,37,70,103,159,218,287,361,367,431,437,444,450,510,516,560,563,572,578,625,629,651,652,661,665
true 1,5,23,70,159,169,211,215,224,287,296,358,364,373,431,439,507,513,520,560,566,580,651,655,667,703,711
true 1,5,23,70,98,106,159,209,221,287,298,302,356,370,431,441,447,518,560,569,575,631,651,658,695,706,724
true 1,25,37,70,156,165,209,221,281,290,296,361,367,431,437,444,450,507,513,520,558,569,575,631,655,667,724
true 1,25,70,103,156,165,169,211,215,224,281,290,356,370,431,441,447,510,516,558,566,580,652,661,665,695,706
true 1,25,70,98,106,156,165,218,281,290,298,302,358,364,373,431,439,518,558,563,572,578,625,629,658,703,711
true 1,37,67,70,73,76,356,358,361,364,367,370,373,426,429,431,433,437,439,441,444,447,450,695,703,706,711
true 1,67,70,73,76,169,209,211,215,218,221,224,426,429,431,433,563,566,569,572,575,578,580,625,629,631,724
true 1,67,70,73,76,98,103,106,296,298,302,426,429,431,433,507,510,513,516,518,520,652,655,658,661,665,667
true 1,7,11,28,45,64,69,88,121,154,161,193,226,233,285,291,336,378,385,471,478,526,530,598,603,679,681
true 1,9,73,76,151,154,170,172,219,222,286,289,291,357,360,442,513,516,518,559,577,652,655,658,693,708,710
true 1,73,76,102,104,107,151,154,210,286,289,291,299,301,304,364,367,437,559,570,573,624,627,695,703,706,726
true 1,36,38,73,76,79,151,154,215,286,289,291,371,446,449,506,509,512,559,563,566,629,631,659,662,664,724
true 1,9,25,104,154,158,165,172,279,291,299,360,364,371,430,432,442,449,506,518,563,627,629,658,662,703,726
true 1,25,36,107,154,158,165,170,210,219,279,291,304,367,430,432,437,446,509,513,573,631,655,659,693,710,724
true 1,25,38,79,102,154,158,165,215,222,279,291,301,357,430,432,512,516,566,570,577,624,652,664,695,706,708
true 1,5,9,23,36,102,154,172,282,291,301,360,427,434,442,446,509,518,561,570,624,631,658,659,695,706,724
true 1,5,23,107,154,210,222,282,291,304,357,367,371,427,434,437,449,506,516,561,563,573,577,629,652,662,708
true 1,5,23,38,79,104,154,170,215,219,282,291,299,364,427,434,512,513,561,566,627,655,664,693,703,710,726
true 1,5,23,64,69,151,158,169,171,211,216,223,279,286,296,300,358,365,372,439,445,507,514,519,565,654,702
true 1,5,23,64,69,98,100,105,151,158,209,213,220,279,286,298,303,356,362,369,441,448,569,576,657,705,723
true 1,5,23,64,69,151,158,279,286,361,368,374,444,451,510,517,521,572,579,625,630,632,661,666,707,725,729
true 1,25,64,69,165,169,171,211,216,223,282,289,356,362,369,441,448,510,517,521,559,561,565,661,666,705,729
true 1,25,64,69,98,100,105,165,282,289,298,303,358,365,372,439,445,559,561,572,579,625,630,632,657,702,725
true 1,25,64,69,165,209,213,220,282,289,296,300,361,368,374,444,451,507,514,519,559,561,569,576,654,707,723
true 1,64,69,73,76,169,171,209,211,213,216,220,223,427,430,432,434,565,569,572,576,579,625,630,632,723,725
true 1,64,69,73,76,98,100,105,296,298,300,303,427,430,432,434,507,510,514,517,519,521,654,657,661,666,729
true 1,64,69,73,76,356,358,361,362,365,368,369,372,374,427,430,432,434,439,441,444,445,448,451,702,705,707
true 1,5,23,105,154,169,211,220,282,291,296,303,358,368,369,427,434,439,448,507,517,561,576,630,707,725,729
true 1,5,23,98,154,209,216,282,291,298,356,365,374,427,434,441,451,514,521,561,565,569,579,632,654,666,702
true 1,5,23,100,154,171,213,223,282,291,300,361,362,372,427,434,444,445,510,519,561,572,625,657,661,705,723
true 1,25,105,154,158,165,169,211,213,279,291,303,356,368,372,430,432,441,445,510,514,579,632,654,661,707,723
true 1,25,98,154,158,165,216,220,279,291,298,300,358,362,374,430,432,439,451,517,519,565,572,576,625,705,729
true 1,25,100,154,158,165,171,209,223,279,291,296,361,365,369,430,432,444,448,507,521,569,630,657,666,702,725
true 1,73,76,105,151,154,169,209,211,286,289,291,300,303,362,365,368,519,521,559,569,572,625,666,702,705,707
true 1,73,76,98,151,154,213,216,286,289,291,296,298,369,372,374,445,448,451,507,510,559,565,630,661,723,725
true 1,73,76,100,151,154,171,220,223,286,289,291,356,358,361,439,441,444,514,517,559,576,579,632,654,657,729
true 1,5,23,100,161,169,211,213,285,289,296,358,362,374,430,432,439,451,507,521,559,579,632,657,666,705,723
true 1,5,23,98,161,171,209,223,285,289,298,300,356,368,372,430,432,441,445,517,519,559,569,630,707,725,729
true 1,5,23,105,161,216,220,285,289,303,361,365,369,430,432,444,448,510,514,559,565,572,576,625,654,661,702
true 1,25,100,151,161,165,169,211,220,285,286,300,356,365,374,427,434,441,451,510,519,576,630,657,661,702,725
true 1,25,98,151,161,165,171,213,223,285,286,298,358,368,369,427,434,439,448,514,521,572,625,654,666,707,723
true 1,25,105,151,161,165,209,216,285,286,296,303,361,362,372,427,434,444,445,507,517,565,569,579,632,705,729
true 1,73,76,100,158,161,169,209,211,279,282,285,369,372,374,445,448,451,514,517,561,569,572,625,654,657,729
true 1,73,76,98,158,161,171,220,223,279,282,285,296,298,362,365,368,507,510,561,576,579,632,661,702,705,707
true 1,73,76,105,158,161,213,216,279,282,285,300,303,356,358,361,439,441,444,519,521,561,565,630,666,723,725
true 1,7,28,40,44,64,69,113,120,154,161,235,242,285,291,321,327,334,377,472,479,484,525,599,604,606,635
true 1,9,64,69,73,76,170,172,210,215,219,222,427,430,432,434,563,566,570,573,577,624,627,629,631,724,726
true 1,64,69,73,76,102,104,107,299,301,304,427,430,432,434,506,509,512,513,516,518,652,655,658,659,662,664
true 1,36,38,64,69,73,76,79,357,360,364,367,371,427,430,432,434,437,442,446,449,693,695,703,706,708,710
true 1,9,25,64,69,104,165,172,210,215,282,289,299,371,449,509,516,559,561,566,573,652,659,693,695,706,710
true 1,25,36,64,69,107,165,170,219,282,289,304,357,364,446,512,518,559,561,563,570,624,629,658,664,703,708
true 1,25,38,64,69,79,102,165,222,282,289,301,360,367,437,442,506,513,559,561,577,627,631,655,662,724,726
true 1,5,9,23,36,64,69,102,151,158,172,210,215,279,286,301,357,364,446,506,513,566,573,655,662,703,708
true 1,5,23,64,69,107,151,158,222,279,286,304,371,449,512,518,577,627,631,658,664,693,695,706,710,724,726
true 1,5,23,38,64,69,79,104,151,158,170,219,279,286,299,360,367,437,442,509,516,563,570,624,629,652,659
true 1,7,28,64,69,108,112,119,154,161,186,192,227,234,241,285,291,328,335,379,386,390,480,485,597,678,716
true 1,9,73,76,156,159,162,170,172,219,222,281,284,297,362,365,368,508,511,577,651,660,663,702,705,707,721
true 1,73,76,102,104,107,156,159,162,213,216,281,284,299,301,304,359,440,443,565,630,651,692,694,709,723,725
true 1,36,38,73,76,79,100,156,159,162,281,284,371,446,449,514,517,568,571,574,623,626,628,651,654,657,729
true 1,5,17,21,23,49,53,58,67,125,131,134,140,143,153,156,245,247,255,260,268,281,392,404,417,426,532
true 1,5,21,23,61,67,136,146,153,156,252,262,271,274,281,401,409,411,420,426,538,541,547,554,641,646,698
true 1,5,21,23,67,127,149,153,156,249,258,265,277,281,395,398,407,414,422,424,426,535,545,550,556,638,650
true 1,17,21,25,49,53,131,140,146,153,159,165,245,249,262,407,420,424,429,433,535,541,550,646,650,651,698
true 1,21,25,61,125,136,143,153,159,165,252,255,260,271,277,392,398,409,414,417,429,433,538,545,556,638,651
true 1,21,25,58,127,134,149,153,159,165,247,258,265,268,274,395,401,404,411,422,429,433,532,547,554,641,651
true 1,17,21,49,53,73,76,131,140,153,245,274,277,287,290,398,401,411,414,545,547,554,556,558,560,638,641
true 1,21,58,61,73,76,134,136,153,247,249,252,268,271,287,290,404,407,409,424,532,535,538,550,558,560,650
true 1,21,73,76,125,127,143,146,149,153,255,258,260,262,265,287,290,392,395,417,420,422,541,558,560,646,698
true 1,5,17,23,58,70,127,131,143,159,249,255,265,271,287,398,404,414,420,431,538,550,554,560,641,651,698
true 1,5,23,49,53,61,70,125,134,146,159,247,260,274,287,395,409,422,431,535,547,556,560,638,646,650,651
true 1,5,23,70,136,140,149,159,245,252,258,262,268,277,287,392,401,407,411,417,424,431,532,541,545,560,651
true 1,17,25,70,127,131,134,146,156,165,247,265,271,281,290,392,401,407,411,417,424,431,538,556,558,638,646
true 1,25,49,53,61,70,143,156,165,249,255,262,268,277,281,290,395,409,422,431,532,541,545,550,554,558,641
true 1,25,58,70,125,136,140,149,156,165,245,252,258,260,274,281,290,398,404,414,420,431,535,547,558,650,698
true 1,17,67,70,73,76,125,127,131,260,262,265,268,271,274,277,426,429,431,433,532,535,538,541,545,547,650
true 1,49,53,58,61,67,70,73,76,392,395,398,401,404,407,409,411,414,417,420,422,424,426,429,431,433,698
true 1,67,70,73,76,134,136,140,143,146,149,245,247,249,252,255,258,426,429,431,433,550,554,556,638,641,646
true 1,5,17,23,58,131,136,143,162,252,255,262,284,290,395,401,404,411,422,429,433,535,541,556,558,638,650
true 1,5,23,61,127,140,146,162,245,249,265,268,274,284,290,392,398,409,414,417,429,433,532,547,550,558,646
true 1,5,23,49,53,125,134,149,162,247,258,260,271,277,284,290,407,420,424,429,433,538,545,554,558,641,698
true 1,17,25,67,125,131,136,146,162,165,252,260,268,284,287,395,398,407,414,422,424,426,532,554,560,641,646
true 1,25,61,67,127,134,140,143,162,165,245,247,255,265,277,284,287,401,409,411,420,426,535,545,560,650,698
true 1,25,49,53,58,67,149,162,165,249,258,262,271,274,284,287,392,404,417,426,538,541,547,550,556,560,638
true 1,17,73,76,131,134,136,156,159,162,247,249,252,274,277,281,284,392,395,417,420,422,545,547,550,651,698
true 1,58,61,73,76,125,127,140,156,159,162,245,260,262,265,281,284,404,407,409,424,541,554,556,638,641,651
true 1,49,53,73,76,143,146,149,156,159,162,255,258,268,271,281,284,398,401,411,414,532,535,538,646,650,651
true 1,9,25,67,104,162,165,172,213,284,287,297,299,368,371,426,449,511,514,560,571,623,654,694,707,709,723
true 1,25,36,67,107,162,165,170,216,219,284,287,304,359,362,426,443,446,517,560,565,568,626,663,705,721,729
true 1,25,38,67,79,100,102,162,165,222,284,287,301,365,426,440,508,560,574,577,628,630,657,660,692,702,725
true 1,5,9,23,36,102,162,172,284,290,297,301,368,429,433,440,446,511,517,558,568,626,630,692,707,725,729
true 1,5,23,107,162,216,222,284,290,304,359,365,371,429,433,443,449,508,514,558,565,571,577,623,654,660,702
true 1,5,23,38,79,100,104,162,170,213,219,284,290,299,362,429,433,558,574,628,657,663,694,705,709,721,723
true 1,4,7,19,22,28,65,71,117,155,194,231,239,329,337,375,383,389,473,481,486,523,529,600,605,634,680
true 1,5,23,49,51,53,55,60,64,69,125,129,134,138,145,151,158,247,253,260,266,273,279,286,394,534,637
true 1,5,23,64,69,136,141,148,151,158,252,259,262,269,276,279,286,401,408,411,418,423,541,546,642,699,722
true 1,5,23,64,69,127,132,151,158,249,256,265,272,278,279,286,398,405,414,421,425,537,550,555,557,640,697
true 1,25,49,51,53,55,60,64,69,165,249,256,262,269,276,282,289,394,541,546,550,555,557,559,561,640,722
true 1,25,64,69,125,129,136,141,148,165,252,259,260,266,273,282,289,398,405,414,421,425,534,559,561,642,697
true 1,25,64,69,127,132,134,138,145,165,247,253,265,272,278,282,289,401,408,411,418,423,537,559,561,637,699
true 1,49,51,53,55,60,64,69,73,76,394,398,401,405,408,411,414,418,421,423,425,427,430,432,434,697,699
true 1,64,69,73,76,134,136,138,141,145,148,247,249,252,253,256,259,427,430,432,434,550,555,557,637,640,642
true 1,64,69,73,76,125,127,129,132,260,262,265,266,269,272,273,276,278,427,430,432,434,534,537,541,546,722
true 1,5,23,49,53,125,132,134,141,154,247,256,260,269,278,282,291,405,418,425,427,434,557,561,642,699,722
true 1,5,23,51,60,129,136,145,154,252,253,262,272,273,282,291,401,411,421,427,434,537,541,555,561,640,697
true 1,5,23,55,127,138,148,154,249,259,265,266,276,282,291,394,398,408,414,423,427,434,534,546,550,561,637
true 1,25,49,53,132,141,145,154,158,165,249,253,262,266,278,279,291,408,421,423,430,432,534,541,550,642,697
true 1,25,51,60,125,136,138,154,158,165,252,256,260,272,276,279,291,398,414,418,430,432,537,546,557,637,699
true 1,25,55,127,129,134,148,154,158,165,247,259,265,269,273,279,291,394,401,405,411,425,430,432,555,640,722
true 1,49,53,73,76,129,132,138,141,151,154,273,276,278,286,289,291,398,401,411,414,546,555,559,637,640,642
true 1,51,60,73,76,134,136,151,154,247,249,252,266,269,272,286,289,291,405,408,423,425,534,537,550,559,722
true 1,55,73,76,125,127,145,148,151,154,253,256,259,260,262,265,286,289,291,394,418,421,541,557,559,697,699
true 1,5,23,49,53,125,134,148,161,247,259,260,272,276,285,289,408,421,423,430,432,537,546,555,559,640,697
true 1,5,23,55,132,136,138,161,252,256,262,266,278,285,289,394,401,405,411,425,430,432,534,541,557,559,637
true 1,5,23,51,60,127,129,141,145,161,249,253,265,269,273,285,289,398,414,418,430,432,550,559,642,699,722
true 1,25,49,53,129,138,148,151,161,165,249,259,262,272,273,285,286,405,418,425,427,434,537,541,550,637,699
true 1,25,55,125,132,136,145,151,161,165,252,253,260,269,278,285,286,394,398,408,414,423,427,434,555,640,722
true 1,25,51,60,127,134,141,151,161,165,247,256,265,266,276,285,286,401,411,421,427,434,534,546,557,642,697
true 1,49,53,73,76,145,148,158,161,253,256,259,266,269,272,279,282,285,398,401,411,414,534,537,557,561,722
true 1,55,73,76,129,132,134,136,158,161,247,249,252,273,276,278,279,282,285,394,418,421,546,550,561,697,699
true 1,51,60,73,76,125,127,138,141,158,161,260,262,265,279,282,285,405,408,423,425,541,555,561,637,640,642
true 1,9,67,70,73,76,170,172,213,216,219,222,426,429,431,433,565,568,571,574,577,623,626,628,630,723,725
true 1,67,70,73,76,100,102,104,107,297,299,301,304,426,429,431,433,508,511,514,517,654,657,660,663,721,729
true 1,36,38,67,70,73,76,79,359,362,365,368,371,426,429,431,433,440,443,446,449,692,694,702,705,707,709
true 1,9,25,70,104,156,165,172,216,281,290,299,362,371,431,440,449,508,517,558,565,574,628,660,692,705,729
true 1,25,36,70,100,107,156,165,170,219,281,290,297,304,365,431,446,511,558,571,623,630,657,694,702,709,725
true 1,25,38,70,79,102,156,165,213,222,281,290,301,359,368,431,443,514,558,568,577,626,654,663,707,721,723
true 1,5,9,23,36,70,102,159,172,216,287,301,365,431,446,514,560,565,574,628,651,654,663,694,702,709,721
true 1,5,23,70,100,107,159,213,222,287,297,304,362,371,431,440,449,511,560,568,577,626,651,657,692,705,723
true 1,5,23,38,70,79,104,159,170,219,287,299,359,368,431,443,508,517,560,571,623,630,651,660,707,725,729
true 1,4,7,19,22,28,65,71,89,155,187,195,238,322,330,338,382,388,474,482,522,528,531,601,633,636,696
true 1,9,21,73,76,100,153,170,172,219,222,287,290,359,440,443,514,517,558,560,577,654,657,692,694,709,729
true 1,21,73,76,102,104,107,153,287,290,299,301,304,362,365,368,558,560,568,571,574,623,626,628,702,705,707
true 1,21,36,38,73,76,79,153,213,216,287,290,297,371,446,449,508,511,558,560,565,630,660,663,721,723,725
true 1,9,21,25,100,104,153,159,165,172,299,359,365,371,429,433,443,449,568,626,630,651,657,663,702,721,725
true 1,21,25,36,107,153,159,165,170,213,219,304,368,429,433,440,446,508,514,574,628,651,654,660,692,707,723
true 1,21,25,38,79,102,153,159,165,216,222,297,301,362,429,433,511,517,565,571,577,623,651,694,705,709,729
true 1,5,9,21,23,36,67,100,102,153,156,172,213,281,301,359,362,426,443,446,508,571,623,657,660,705,723
true 1,5,21,23,67,107,153,156,222,281,304,368,371,426,449,517,574,577,628,630,663,694,707,709,721,725,729
true 1,5,21,23,38,67,79,104,153,156,170,216,219,281,297,299,365,426,440,511,514,565,568,626,654,692,702
true 1,7,21,28,31,43,70,90,118,153,162,187,196,231,240,284,330,383,431,473,482,522,529,600,633,680,696
true 1,7,20,21,28,68,70,72,74,150,151,153,160,162,164,166,280,282,284,286,293,294,428,430,431,432,561
true 1,5,10,12,23,40,44,64,69,84,86,91,111,117,151,158,183,187,194,228,279,286,321,327,334,377,522
true 1,5,23,64,69,116,123,151,158,185,190,197,235,242,279,286,323,330,337,384,389,472,479,484,527,635,696
true 1,5,23,42,47,64,69,113,120,151,158,232,239,279,286,326,333,339,380,475,482,486,525,599,604,606,633
true 1,10,12,25,64,69,84,86,91,113,120,165,228,282,289,323,330,337,384,389,525,559,561,599,604,606,696
true 1,25,40,44,64,69,116,123,165,185,190,197,232,239,282,289,321,327,334,377,475,482,486,527,559,561,633
true 1,25,42,47,64,69,111,117,165,183,187,194,235,242,282,289,326,333,339,380,472,479,484,522,559,561,635
true 1,10,12,64,69,73,76,84,86,91,228,232,235,239,242,427,430,432,434,472,475,479,482,484,486,633,635
true 1,64,69,73,76,111,113,116,117,120,123,183,185,187,190,194,197,427,430,432,434,522,525,527,599,604,606
true 1,40,42,44,47,64,69,73,76,321,323,326,327,330,333,334,337,339,377,380,384,389,427,430,432,434,696
true 1,5,10,23,40,47,84,111,120,154,183,190,239,282,291,321,330,339,427,434,479,486,527,561,606,635,696
true 1,5,12,23,44,91,116,117,154,185,194,235,282,291,323,333,334,380,384,427,434,472,482,525,561,604,633
true 1,5,23,42,86,113,123,154,187,197,228,232,242,282,291,326,327,337,377,389,427,434,475,484,522,561,599
true 1,10,25,47,84,113,117,154,158,165,190,194,242,279,291,323,327,339,377,384,430,432,482,484,527,599,633
true 1,12,25,40,91,116,120,154,158,165,185,187,232,279,291,321,333,337,380,389,430,432,475,479,522,606,635
true 1,25,42,44,86,111,123,154,158,165,183,197,228,235,239,279,291,326,330,334,430,432,472,486,525,604,696
true 1,10,44,47,73,76,84,151,154,187,190,232,235,286,289,291,334,337,339,389,472,475,522,525,527,559,604
true 1,12,73,76,91,111,113,116,151,154,183,185,239,242,286,289,291,327,330,333,377,380,484,486,559,599,696
true 1,40,42,73,76,86,117,120,123,151,154,194,197,228,286,289,291,321,323,326,384,479,482,559,606,633,635
true 1,5,10,23,40,84,111,123,161,183,197,242,285,289,321,333,337,380,389,430,432,482,484,525,559,604,633
true 1,5,23,47,86,116,120,161,185,187,228,235,239,285,289,323,327,339,377,384,430,432,472,486,522,559,606
true 1,5,12,23,42,44,91,113,117,161,190,194,232,285,289,326,330,334,430,432,475,479,527,559,599,635,696
true 1,10,25,44,84,113,123,151,161,165,187,197,239,285,286,323,333,334,380,384,427,434,479,486,522,599,635
true 1,25,40,47,86,116,117,151,161,165,185,194,228,232,242,285,286,321,330,339,427,434,475,484,525,604,696
true 1,12,25,42,91,111,120,151,161,165,183,190,235,285,286,326,327,337,377,389,427,434,472,482,527,606,633
true 1,10,73,76,84,117,120,123,158,161,194,197,232,235,279,282,285,327,330,333,377,380,472,475,561,606,696
true 1,44,47,73,76,86,111,113,116,158,161,183,185,228,279,282,285,334,337,339,389,479,482,561,599,633,635
true 1,12,40,42,73,76,91,158,161,187,190,239,242,279,282,285,321,323,326,384,484,486,522,525,527,561,604
true 1,4,7,19,22,28,65,71,72,74,155,156,158,164,166,279,281,287,289,293,294,427,429,433,434,559,560
true 1,5,10,21,23,32,40,46,67,84,89,109,111,119,153,156,183,189,192,226,238,281,321,329,375,426,478
true 1,5,21,23,67,92,116,153,156,185,195,235,243,281,323,332,335,381,384,390,426,472,481,526,531,603,634
true 1,5,21,23,42,67,113,122,153,156,198,229,232,241,281,326,338,378,388,426,475,483,485,523,599,605,681
true 1,10,21,25,32,46,84,109,113,153,159,165,189,195,241,323,378,384,429,433,481,485,531,599,634,651,681
true 1,21,25,40,92,116,119,153,159,165,185,192,226,232,243,321,332,338,381,388,429,433,475,478,523,605,651
true 1,21,25,42,89,111,122,153,159,165,183,198,229,235,238,326,329,335,375,390,429,433,472,483,526,603,651
true 1,10,21,32,46,73,76,84,109,153,189,232,235,287,290,335,338,388,390,472,475,523,526,558,560,603,605
true 1,21,73,76,89,92,111,113,116,153,183,185,238,241,243,287,290,329,332,375,378,381,485,558,560,599,681
true 1,21,40,42,73,76,119,122,153,192,195,198,226,229,287,290,321,323,326,384,478,481,483,531,558,560,634
true 1,5,10,23,40,70,84,92,111,159,183,195,229,243,287,321,335,378,390,431,483,523,531,560,605,651,681
true 1,5,23,70,109,116,122,159,185,189,198,226,235,241,287,323,329,338,375,384,388,431,472,478,485,560,651
true 1,5,23,32,42,46,70,89,113,119,159,192,232,238,287,326,332,381,431,475,481,526,560,599,603,634,651
true 1,10,25,70,84,92,113,119,156,165,192,229,243,281,290,323,329,338,375,384,388,431,483,526,558,599,603
true 1,25,40,70,89,109,116,122,156,165,185,189,198,232,238,281,290,321,335,378,390,431,475,481,558,634,681
true 1,25,32,42,46,70,111,156,165,183,195,226,235,241,281,290,326,332,381,431,472,478,485,523,531,558,605
true 1,10,67,70,73,76,84,89,92,226,229,232,235,238,241,243,426,429,431,433,472,475,478,481,483,485,634
true 1,67,70,73,76,109,111,113,116,119,122,183,185,189,192,195,198,426,429,431,433,523,526,531,599,603,605
true 1,32,40,42,46,67,70,73,76,321,323,326,329,332,335,338,375,378,381,384,388,390,426,429,431,433,681
true 1,5,10,23,40,84,111,122,162,183,198,241,284,290,321,332,338,381,388,429,433,481,485,526,558,603,634
true 1,5,23,32,46,89,116,119,162,185,192,229,235,238,284,290,323,378,384,429,433,472,483,523,558,605,681
true 1,5,23,42,92,109,113,162,189,195,226,232,243,284,290,326,329,335,375,390,429,433,475,478,531,558,599
true 1,10,25,67,84,89,113,122,162,165,198,226,238,284,287,323,332,335,381,384,390,426,478,523,560,599,605
true 1,25,32,40,46,67,116,162,165,185,195,229,232,241,284,287,321,329,375,426,475,483,485,526,531,560,603
true 1,25,42,67,92,109,111,119,162,165,183,189,192,235,243,284,287,326,338,378,388,426,472,481,560,634,681
true 1,10,73,76,84,119,122,156,159,162,192,195,198,232,235,281,284,329,332,375,378,381,472,475,531,651,681
true 1,32,46,73,76,111,113,116,156,159,162,183,185,226,229,281,284,335,338,388,390,478,481,483,599,634,651
true 1,40,42,73,76,89,92,109,156,159,162,189,238,241,243,281,284,321,323,326,384,485,523,526,603,605,651
true 1,3,14,65,71,136,142,158,166,246,252,268,276,279,287,293,399,407,410,418,424,532,540,546,560,649,699
true 1,15,18,65,71,124,127,133,143,158,166,255,265,279,287,293,397,405,412,420,425,549,555,560,640,645,698
true 1,49,52,53,56,62,65,71,145,158,166,253,266,274,279,287,293,396,534,542,547,551,556,560,638,644,648
true 1,7,21,28,70,85,117,153,162,188,194,225,239,284,322,331,337,376,382,389,431,474,486,524,528,601,636
true 1,3,14,65,71,136,142,156,164,246,252,266,274,281,289,294,397,405,412,420,425,534,542,547,559,648,698
true 1,15,18,65,71,124,127,133,145,156,164,253,265,281,289,294,399,407,410,418,424,551,556,559,638,644,699
true 1,49,52,53,56,62,65,71,143,156,164,255,268,276,281,289,294,396,532,540,546,549,555,559,640,645,649
true 1,3,14,65,71,72,74,136,142,143,145,246,252,253,255,427,429,433,434,549,551,555,556,638,640,644,645
true 1,15,18,65,71,72,74,124,127,133,265,266,268,274,276,427,429,433,434,532,534,540,542,546,547,648,649
true 1,49,52,53,56,62,65,71,72,74,396,397,399,405,407,410,412,418,420,424,425,427,429,433,434,698,699
true 1,3,14,22,56,127,155,156,166,265,266,276,281,293,396,397,407,412,424,427,434,534,546,549,556,638,645
true 1,18,22,49,53,133,142,143,155,156,166,246,255,268,281,293,405,418,425,427,434,532,542,551,644,648,699
true 1,15,22,52,62,124,136,145,155,156,166,252,253,274,281,293,399,410,420,427,434,540,547,555,640,649,698
true 1,7,21,28,70,89,111,153,162,183,195,232,238,284,323,329,338,375,384,388,431,475,481,523,531,605,634
true 1,3,14,22,56,127,155,158,164,265,268,274,279,294,396,399,405,410,425,429,433,532,547,551,555,640,644
true 1,18,22,49,53,133,142,145,155,158,164,246,253,266,279,294,407,420,424,429,433,534,540,549,645,649,698
true 1,15,22,52,62,124,136,143,155,158,164,252,255,276,279,294,397,412,418,429,433,542,546,556,638,648,699
true 1,5,12,21,23,30,39,44,67,85,91,108,114,117,153,156,184,186,194,225,233,281,322,334,382,426,471
true 1,5,21,23,67,87,123,153,156,188,197,230,242,281,325,328,337,379,387,389,426,474,484,524,530,598,636
true 1,5,21,23,47,67,110,120,153,156,191,227,236,239,281,331,339,376,385,426,477,480,486,528,601,606,679
true 1,12,21,25,30,39,91,114,120,153,159,165,184,188,227,337,385,389,429,433,474,480,524,606,636,651,679
true 1,21,25,44,87,108,123,153,159,165,186,197,230,233,239,325,331,334,376,387,429,433,471,486,528,601,651
true 1,21,25,47,85,110,117,153,159,165,191,194,225,236,242,322,328,339,379,382,429,433,477,484,530,598,651
true 1,12,21,30,39,73,76,91,114,153,184,239,242,287,290,328,331,376,379,484,486,528,530,558,560,598,601
true 1,21,73,76,85,87,117,120,123,153,194,197,225,227,230,287,290,322,325,382,385,387,480,558,560,606,679
true 1,21,44,47,73,76,108,110,153,186,188,191,233,236,287,290,334,337,339,389,471,474,477,524,558,560,636
true 1,5,12,23,44,70,87,91,117,159,188,194,230,236,287,328,334,379,385,431,477,524,528,560,601,651,679
true 1,5,23,70,110,114,123,159,184,191,197,227,233,242,287,322,331,337,376,382,389,431,471,480,484,560,651
true 1,5,23,30,39,47,70,85,108,120,159,186,225,239,287,325,339,387,431,474,486,530,560,598,606,636,651
true 1,12,25,70,87,91,108,120,156,165,186,230,236,281,290,322,331,337,376,382,389,431,477,530,558,598,606
true 1,25,44,70,85,110,114,123,156,165,184,191,197,225,239,281,290,328,334,379,385,431,474,486,558,636,679
true 1,25,30,39,47,70,117,156,165,188,194,227,233,242,281,290,325,339,387,431,471,480,484,524,528,558,601
true 1,12,67,70,73,76,85,87,91,225,227,230,233,236,239,242,426,429,431,433,471,474,477,480,484,486,636
true 1,67,70,73,76,108,110,114,117,120,123,184,186,188,191,194,197,426,429,431,433,524,528,530,598,601,606
true 1,30,39,44,47,67,70,73,76,322,325,328,331,334,337,339,376,379,382,385,387,389,426,429,431,433,679
true 1,5,12,23,44,91,110,117,162,191,194,227,284,290,325,331,334,376,387,429,433,474,480,530,558,598,636
true 1,5,23,30,39,85,108,123,162,186,197,225,236,242,284,290,337,385,389,429,433,477,484,528,558,601,679
true 1,5,23,47,87,114,120,162,184,188,230,233,239,284,290,322,328,339,379,382,429,433,471,486,524,558,606
true 1,12,25,67,85,91,110,120,162,165,191,225,233,284,287,325,328,337,379,387,389,426,471,528,560,601,606
true 1,25,30,39,44,67,123,162,165,188,197,227,236,239,284,287,322,334,382,426,477,480,486,524,530,560,598
true 1,25,47,67,87,108,114,117,162,165,184,186,194,230,242,284,287,331,339,376,385,426,474,484,560,636,679
true 1,12,73,76,91,108,110,156,159,162,186,188,191,239,242,281,284,322,325,382,385,387,484,486,524,651,679
true 1,30,39,73,76,117,120,123,156,159,162,194,197,233,236,281,284,328,331,376,379,471,474,477,606,636,651
true 1,44,47,73,76,85,87,114,156,159,162,184,225,227,230,281,284,334,337,339,389,480,528,530,598,601,651
true 1,3,14,22,56,72,74,127,143,145,155,253,255,265,287,289,396,418,420,540,542,559,560,648,649,698,699
true 1,18,22,49,53,72,74,133,142,155,246,274,276,287,289,397,399,410,412,546,547,555,556,559,560,638,640
true 1,15,22,52,62,72,74,124,136,155,252,266,268,287,289,405,407,424,425,532,534,549,551,559,560,644,645
true 1,5,23,30,32,39,41,46,64,69,85,89,108,112,119,151,158,186,192,225,231,238,279,286,324,473,597
true 1,5,23,64,69,87,92,151,158,188,195,230,237,243,279,286,328,335,379,386,390,476,524,529,531,600,678
true 1,5,23,64,69,110,115,122,151,158,191,198,227,234,241,279,286,331,338,376,383,388,480,485,602,680,716
true 1,25,30,32,39,41,46,64,69,165,188,195,227,234,241,282,289,324,480,485,524,529,531,559,561,600,716
true 1,25,64,69,87,92,108,112,119,165,186,192,230,237,243,282,289,331,338,376,383,388,476,559,561,597,680
true 1,25,64,69,85,89,110,115,122,165,191,198,225,231,238,282,289,328,335,379,386,390,473,559,561,602,678
true 1,30,32,39,41,46,64,69,73,76,324,328,331,335,338,376,379,383,386,388,390,427,430,432,434,678,680
true 1,64,69,73,76,85,87,89,92,225,227,230,231,234,237,238,241,243,427,430,432,434,473,476,480,485,716
true 1,64,69,73,76,108,110,112,115,119,122,186,188,191,192,195,198,427,430,432,434,524,529,531,597,600,602
true 1,5,23,30,39,85,92,108,115,154,186,195,225,234,243,282,291,335,383,390,427,434,531,561,602,680,716
true 1,5,23,41,87,112,122,154,188,198,230,231,241,282,291,324,328,338,379,388,427,434,473,485,524,561,597
true 1,5,23,32,46,89,110,119,154,191,192,227,237,238,282,291,331,376,386,427,434,476,480,529,561,600,678
true 1,25,30,39,92,115,119,154,158,165,188,192,227,231,243,279,291,338,386,388,430,432,473,480,524,602,678
true 1,25,41,87,89,108,122,154,158,165,186,198,230,234,238,279,291,324,331,335,376,390,430,432,529,600,716
true 1,25,32,46,85,110,112,154,158,165,191,195,225,237,241,279,291,328,379,383,430,432,476,485,531,597,680
true 1,30,39,73,76,89,92,112,115,151,154,238,241,243,286,289,291,328,331,376,379,485,529,559,597,600,602
true 1,41,73,76,85,87,119,122,151,154,192,195,198,225,227,230,286,289,291,324,383,386,480,531,559,678,680
true 1,32,46,73,76,108,110,151,154,186,188,191,231,234,237,286,289,291,335,338,388,390,473,476,524,559,716
true 1,5,23,30,39,85,108,122,161,186,198,225,237,241,285,289,338,386,388,430,432,476,485,529,559,600,678
true 1,5,23,32,46,87,89,115,119,161,188,192,230,234,238,285,289,328,379,383,430,432,524,559,602,680,716
true 1,5,23,41,92,110,112,161,191,195,227,231,243,285,289,324,331,335,376,390,430,432,473,480,531,559,597
true 1,25,30,39,89,112,122,151,161,165,188,198,227,237,238,285,286,335,383,390,427,434,476,480,524,597,680
true 1,25,32,46,87,108,115,151,161,165,186,195,230,231,241,285,286,331,376,386,427,434,473,485,531,602,678
true 1,25,41,85,92,110,119,151,161,165,191,192,225,234,243,285,286,324,328,338,379,388,427,434,529,600,716
true 1,30,39,73,76,119,122,158,161,192,195,198,231,234,237,279,282,285,328,331,376,379,473,476,531,561,716
true 1,32,46,73,76,85,87,112,115,158,161,225,227,230,279,282,285,335,338,388,390,480,529,561,597,600,602
true 1,41,73,76,89,92,108,110,158,161,186,188,191,238,241,243,279,282,285,324,383,386,485,524,561,678,680
true 1,3,4,14,15,19,49,53,124,166,276,289,293,407,420,424,429,433,542,546,551,555,559,640,644,648,698
true 1,4,18,19,56,133,136,143,166,252,255,266,289,293,396,399,405,410,425,429,433,534,540,556,559,638,649
true 1,4,19,52,62,127,142,145,166,246,253,265,268,274,289,293,397,412,418,429,433,532,547,549,559,645,699
true 1,7,28,31,43,64,69,90,118,154,161,196,240,285,291,322,329,375,382,474,481,523,528,601,605,634,636
true 1,3,4,14,15,19,49,53,124,164,274,287,294,405,418,425,427,434,540,547,549,556,560,638,645,649,699
true 1,4,18,19,56,133,136,145,164,252,253,268,287,294,396,397,407,412,424,427,434,532,542,555,560,640,648
true 1,4,19,52,62,127,142,143,164,246,255,265,266,276,287,294,399,410,420,427,434,534,546,551,560,644,698
true 1,3,4,14,15,19,49,53,72,74,124,143,145,156,158,253,255,266,268,279,281,397,399,410,412,532,534
true 1,4,18,19,56,72,74,133,136,156,158,252,274,276,279,281,396,418,420,546,547,549,551,644,645,698,699
true 1,4,19,52,62,72,74,127,142,156,158,246,265,279,281,405,407,424,425,540,542,555,556,638,640,648,649
true 1,3,14,65,71,136,142,151,159,167,246,252,261,269,277,286,292,392,400,408,417,423,539,545,651,701,722
true 1,15,18,58,65,71,124,127,133,151,159,167,248,256,265,286,292,404,413,421,548,554,557,641,651,697,700
true 1,49,52,53,56,62,65,71,129,138,146,151,159,167,273,286,292,396,535,543,552,637,643,646,647,650,651
true 1,7,28,64,69,111,117,154,161,183,187,194,232,239,285,291,323,330,337,384,389,475,482,486,522,633,696
true 1,3,14,65,67,71,75,136,138,142,146,246,248,252,256,426,430,432,435,548,552,554,557,637,641,643,646
true 1,15,18,65,67,71,75,124,127,129,133,261,265,269,273,277,426,430,432,435,535,539,543,545,647,650,722
true 1,49,52,53,56,58,62,65,67,71,75,392,396,400,404,408,413,417,421,423,426,430,432,435,697,700,701
true 1,3,14,24,58,65,71,129,136,142,163,246,252,273,282,290,404,413,421,535,543,558,561,647,650,697,700
true 1,15,18,24,65,71,124,127,133,138,146,163,265,282,290,392,400,408,417,423,552,558,561,637,643,646,701
true 1,24,49,52,53,56,62,65,71,163,248,256,261,269,277,282,290,396,539,545,548,554,557,558,561,641,722
true 1,3,14,22,56,67,127,138,155,167,248,265,277,282,292,396,408,413,423,426,535,545,548,561,637,650,700
true 1,18,22,49,53,58,67,133,142,155,167,246,256,269,282,292,392,404,417,426,543,552,557,561,643,647,722
true 1,15,22,52,62,67,124,129,136,146,155,167,252,261,273,282,292,400,421,426,539,554,561,641,646,697,701
true 1,2,5,8,11,21,23,31,41,43,67,86,88,112,153,156,187,228,231,281,324,327,377,426,473,522,597
true 1,5,21,23,33,48,67,90,121,153,156,190,193,237,240,281,330,386,426,476,479,527,529,600,635,678,696
true 1,5,13,21,23,45,67,93,115,118,153,156,196,234,281,333,336,380,383,426,482,525,602,604,633,680,716
true 1,2,8,21,25,41,45,86,90,153,159,165,228,234,240,324,330,336,429,433,525,529,600,604,651,696,716
true 1,11,21,25,33,48,88,112,118,153,159,165,190,196,237,327,377,383,429,433,476,482,527,597,633,651,680
true 1,13,21,25,31,43,93,115,121,153,159,165,187,193,231,333,380,386,429,433,473,479,522,602,635,651,678
true 1,2,8,21,41,73,76,86,118,121,153,193,196,228,287,290,324,383,386,479,482,558,560,633,635,678,680
true 1,21,31,33,43,45,48,73,76,153,187,190,231,234,237,287,290,336,473,476,522,525,527,558,560,604,716
true 1,11,13,21,73,76,88,90,93,112,115,153,240,287,290,327,330,333,377,380,529,558,560,597,600,602,696
true 1,2,5,8,11,23,31,43,70,88,115,159,190,234,287,330,383,431,479,527,560,602,635,651,680,696,716
true 1,5,23,33,41,48,70,90,112,121,159,193,231,240,287,324,333,380,431,473,482,525,560,597,604,633,651
true 1,5,13,23,45,70,86,93,118,159,187,196,228,237,287,327,336,377,386,431,476,522,529,560,600,651,678
true 1,2,8,25,45,70,90,115,156,165,190,231,240,281,290,327,336,377,386,431,473,482,527,558,602,633,678
true 1,11,25,33,41,48,70,88,118,156,165,187,196,234,281,290,324,333,380,431,479,522,529,558,600,635,716
true 1,13,25,31,43,70,86,93,112,121,156,165,193,228,237,281,290,330,383,431,476,525,558,597,604,680,696
true 1,2,8,67,70,73,76,112,115,118,121,187,190,193,196,426,429,431,433,522,525,527,529,597,600,602,604
true 1,31,33,41,43,45,48,67,70,73,76,324,327,330,333,336,377,380,383,386,426,429,431,433,678,680,696
true 1,11,13,67,70,73,76,86,88,90,93,228,231,234,237,240,426,429,431,433,473,476,479,482,633,635,716
true 1,2,5,8,11,23,31,43,88,162,237,284,290,333,380,386,429,433,476,482,525,529,558,600,604,633,678
true 1,5,23,33,48,86,90,115,121,162,187,193,228,234,240,284,290,327,377,383,429,433,522,558,602,680,716
true 1,5,13,23,41,45,93,112,118,162,190,196,231,284,290,324,330,336,429,433,473,479,527,558,597,635,696
true 1,2,8,25,45,67,90,112,162,165,187,237,240,284,287,333,336,380,383,426,476,479,522,560,597,635,680
true 1,11,25,33,48,67,86,88,115,118,162,165,196,228,231,284,287,330,386,426,473,525,560,602,604,678,696
true 1,13,25,31,41,43,67,93,121,162,165,190,193,234,284,287,324,327,377,426,482,527,529,560,600,633,716
true 1,2,8,73,76,118,121,156,159,162,193,196,231,234,237,281,284,327,330,333,377,380,473,476,651,696,716
true 1,31,33,43,45,48,73,76,86,112,115,156,159,162,228,281,284,336,479,482,529,597,600,602,633,635,651
true 1,11,13,41,73,76,88,90,93,156,159,162,187,190,240,281,284,324,383,386,522,525,527,604,651,678,680
true 1,7,28,64,69,85,89,154,161,188,195,225,231,238,285,291,331,338,376,383,388,473,524,529,531,600,680
true 1,3,14,22,56,75,127,146,151,155,256,261,265,286,290,392,396,417,421,435,539,543,557,558,646,647,697
true 1,18,22,49,53,75,129,133,138,142,151,155,246,273,277,286,290,400,413,435,545,554,558,637,641,700,701
true 1,15,22,52,58,62,75,124,136,151,155,248,252,269,286,290,404,408,423,435,535,548,552,558,643,650,722
true 1,3,14,22,24,56,58,127,129,155,159,163,265,269,273,396,400,404,430,432,552,554,641,643,651,701,722
true 1,18,22,24,49,53,133,142,146,155,159,163,246,248,261,408,421,423,430,432,535,539,548,646,650,651,697
true 1,15,22,24,52,62,124,136,138,155,159,163,252,256,277,392,413,417,430,432,543,545,557,637,647,651,700
true 1,2,5,8,11,23,31,43,64,69,88,109,114,151,158,184,189,226,233,279,286,322,329,375,382,471,478
true 1,5,23,33,48,64,69,90,121,151,158,193,240,279,286,325,332,381,387,474,481,526,530,598,603,634,636
true 1,5,13,23,45,64,69,93,118,151,158,196,229,236,279,286,336,378,385,477,483,523,528,601,605,679,681
true 1,2,8,25,45,64,69,90,109,114,165,184,189,240,282,289,336,378,385,474,481,559,561,634,636,679,681
true 1,11,25,33,48,64,69,88,118,165,196,226,233,282,289,325,332,381,387,471,478,523,528,559,561,601,605
true 1,13,25,31,43,64,69,93,121,165,193,229,236,282,289,322,329,375,382,477,483,526,530,559,561,598,603
true 1,2,8,64,69,73,76,109,114,118,121,184,189,193,196,427,430,432,434,523,526,528,530,598,601,603,605
true 1,31,33,43,45,48,64,69,73,76,322,325,329,332,336,375,378,381,382,385,387,427,430,432,434,679,681
true 1,11,13,64,69,73,76,88,90,93,226,229,233,236,240,427,430,432,434,471,474,477,478,481,483,634,636
true 1,2,5,8,11,23,31,43,88,154,229,282,291,325,378,387,427,434,474,483,523,530,561,598,605,636,681
true 1,5,23,33,48,90,109,121,154,189,193,226,236,240,282,291,329,375,385,427,434,477,478,528,561,601,679
true 1,5,13,23,45,93,114,118,154,184,196,233,282,291,322,332,336,381,382,427,434,471,481,526,561,603,634
true 1,2,8,25,45,90,154,158,165,229,233,240,279,291,325,329,336,375,387,430,432,471,483,526,528,601,603
true 1,11,25,33,48,88,109,118,154,158,165,189,196,236,279,291,322,378,382,430,432,477,481,530,598,634,681
true 1,13,25,31,43,93,114,121,154,158,165,184,193,226,279,291,332,381,385,430,432,474,478,523,605,636,679
true 1,2,8,73,76,118,121,151,154,193,196,226,229,286,289,291,322,325,382,385,387,478,481,483,559,634,679
true 1,31,33,43,45,48,73,76,109,151,154,189,233,236,286,289,291,336,471,474,477,523,526,559,603,605,636
true 1,11,13,73,76,88,90,93,114,151,154,184,240,286,289,291,329,332,375,378,381,528,530,559,598,601,681
true 1,2,5,8,11,23,31,43,88,161,236,285,289,332,381,385,430,432,477,481,526,528,559,601,603,634,679
true 1,5,23,33,48,90,114,121,161,184,193,229,233,240,285,289,322,378,382,430,432,471,483,523,559,605,681
true 1,5,13,23,45,93,109,118,161,189,196,226,285,289,325,329,336,375,387,430,432,474,478,530,559,598,636
true 1,2,8,25,45,90,151,161,165,226,236,240,285,286,322,332,336,381,382,427,434,477,478,523,530,598,605
true 1,11,25,33,48,88,114,118,151,161,165,184,196,229,285,286,329,375,385,427,434,474,483,526,603,636,679
true 1,13,25,31,43,93,109,121,151,161,165,189,193,233,285,286,325,378,387,427,434,471,481,528,601,634,681
true 1,2,8,73,76,118,121,158,161,193,196,233,236,279,282,285,329,332,375,378,381,471,474,477,561,636,681
true 1,31,33,43,45,48,73,76,114,158,161,184,226,229,279,282,285,336,478,481,483,528,530,561,598,601,634
true 1,11,13,73,76,88,90,93,109,158,161,189,240,279,282,285,322,325,382,385,387,523,526,561,603,605,679
true 1,3,4,14,15,19,49,53,124,167,277,290,292,408,421,423,430,432,543,545,552,554,558,641,643,647,697
true 1,4,18,19,56,58,133,136,138,167,252,256,261,290,292,396,400,404,430,432,535,539,557,558,637,650,701
true 1,4,19,52,62,127,129,142,146,167,246,248,265,269,273,290,292,392,413,417,430,432,548,558,646,700,722
true 1,7,12,20,28,47,68,91,112,123,150,160,197,234,280,329,339,375,386,428,481,523,597,605,634,678,716
true 1,3,4,14,15,19,49,53,75,124,146,159,256,269,282,400,413,435,535,557,561,646,650,651,700,701,722
true 1,4,18,19,56,75,129,133,136,159,248,252,273,277,282,392,396,417,421,435,545,548,552,561,643,651,697
true 1,4,19,52,58,62,75,127,138,142,159,246,261,265,282,404,408,423,435,539,543,554,561,637,641,647,651
true 1,3,4,14,15,19,24,49,53,58,67,124,129,138,151,163,248,261,273,286,392,404,417,426,539,548,637
true 1,4,18,19,24,56,67,133,136,146,151,163,252,269,286,396,408,413,423,426,543,554,641,646,647,700,722
true 1,4,19,24,52,62,67,127,142,151,163,246,256,265,277,286,400,421,426,535,545,552,557,643,650,697,701
true 1,7,20,24,28,64,68,69,75,150,154,156,160,161,163,167,280,281,285,287,291,292,428,429,433,435,560
true 1,7,20,28,32,46,68,92,122,150,160,187,198,233,243,280,330,385,428,471,482,522,530,598,633,679,696
true 1,2,8,65,71,110,116,158,166,185,191,233,241,279,287,293,329,337,375,383,389,471,479,485,560,635,680
true 1,30,33,39,42,48,65,71,119,158,166,192,231,239,279,287,293,326,473,481,486,525,530,560,598,604,634
true 1,10,13,65,71,84,87,93,117,158,166,194,230,279,287,293,327,335,377,385,390,523,529,560,600,605,679
true 1,2,8,65,71,110,116,156,164,185,191,231,239,281,289,294,327,335,377,385,390,473,481,486,559,634,679
true 1,30,33,39,42,48,65,71,117,156,164,194,233,241,281,289,294,326,471,479,485,523,529,559,600,605,635
true 1,10,13,65,71,84,87,93,119,156,164,192,230,281,289,294,329,337,375,383,389,525,530,559,598,604,680
true 1,2,8,65,71,72,74,110,116,117,119,185,191,192,194,427,429,433,434,523,525,529,530,598,600,604,605
true 1,30,33,39,42,48,65,71,72,74,326,327,329,335,337,375,377,383,385,389,390,427,429,433,434,679,680
true 1,10,13,65,71,72,74,84,87,93,230,231,233,239,241,427,429,433,434,471,473,479,481,485,486,634,635
true 1,2,7,8,13,28,33,48,67,93,112,159,187,234,290,330,386,426,482,522,558,597,633,651,678,696,716
true 1,2,8,22,42,87,155,156,166,230,231,241,281,293,326,327,337,377,389,427,434,473,485,523,530,598,605
true 1,10,22,33,48,84,110,119,155,156,166,191,192,239,281,293,329,375,385,427,434,479,486,529,600,635,679
true 1,13,22,30,39,93,116,117,155,156,166,185,194,233,281,293,335,383,390,427,434,471,481,525,604,634,680
true 1,3,5,14,16,21,23,50,55,57,67,126,128,138,153,156,248,263,266,281,394,397,412,426,534,548,637
true 1,5,18,21,23,59,67,133,141,144,153,156,257,269,281,403,406,415,418,426,543,551,642,644,647,699,722
true 1,5,21,23,52,62,67,130,147,153,156,251,254,272,275,281,400,421,426,537,540,553,555,640,649,697,701
true 1,3,14,21,25,55,59,126,130,153,159,165,263,269,275,394,400,406,429,433,551,555,640,644,651,701,722
true 1,18,21,25,50,57,133,141,147,153,159,165,248,254,266,403,415,421,429,433,534,540,548,642,649,651,697
true 1,16,21,25,52,62,128,138,144,153,159,165,251,257,272,397,412,418,429,433,537,543,553,637,647,651,699
true 1,3,14,21,55,73,76,126,144,147,153,254,257,263,287,290,394,418,421,540,543,558,560,647,649,697,699
true 1,16,18,21,73,76,128,130,133,138,141,153,275,287,290,397,400,403,412,415,555,558,560,637,640,642,701
true 1,21,50,52,57,59,62,73,76,153,248,251,266,269,272,287,290,406,534,537,548,551,553,558,560,644,722
true 1,3,5,14,16,23,50,57,70,128,141,159,251,269,287,400,418,431,540,553,560,642,649,651,699,701,722
true 1,5,18,23,59,70,126,133,144,159,248,257,263,272,287,397,406,412,421,431,537,548,555,560,640,651,697
true 1,5,23,52,55,62,70,130,138,147,159,254,266,275,287,394,403,415,431,534,543,551,560,637,644,647,651
true 1,3,14,25,59,70,130,141,156,165,251,266,275,281,290,397,406,412,421,431,534,543,553,558,642,647,697
true 1,18,25,50,57,70,126,133,138,147,156,165,254,263,272,281,290,400,418,431,537,551,558,637,644,699,701
true 1,16,25,52,55,62,70,128,144,156,165,248,257,269,281,290,394,403,415,431,540,548,555,558,640,649,722
true 1,3,14,67,70,73,76,138,141,144,147,248,251,254,257,426,429,431,433,548,551,553,555,637,640,642,644
true 1,16,18,67,70,73,76,126,128,130,133,263,266,269,272,275,426,429,431,433,534,537,540,543,647,649,722
true 1,50,52,55,57,59,62,67,70,73,76,394,397,400,403,406,412,415,418,421,426,429,431,433,697,699,701
true 1,3,5,14,16,23,50,57,128,162,272,284,290,403,415,421,429,433,537,543,551,555,558,640,644,647,697
true 1,5,18,23,55,59,133,138,144,162,251,257,266,284,290,394,400,406,429,433,534,540,553,558,637,649,701
true 1,5,23,52,62,126,130,141,147,162,248,254,263,269,275,284,290,397,412,418,429,433,548,558,642,699,722
true 1,3,14,25,59,67,130,138,162,165,248,272,275,284,287,403,406,415,418,426,537,540,548,560,637,649,699
true 1,18,25,50,55,57,67,133,147,162,165,251,254,269,284,287,394,397,412,426,543,553,555,560,640,647,722
true 1,16,25,52,62,67,126,128,141,144,162,165,257,263,266,284,287,400,421,426,534,551,560,642,644,697,701
true 1,3,14,73,76,144,147,156,159,162,254,257,266,269,272,281,284,397,400,403,412,415,534,537,651,701,722
true 1,16,18,55,73,76,128,130,133,156,159,162,248,251,275,281,284,394,418,421,548,551,553,644,651,697,699
true 1,50,52,57,59,62,73,76,126,138,141,156,159,162,263,281,284,406,540,543,555,637,640,642,647,649,651
true 1,2,8,22,42,87,155,158,164,230,233,239,279,294,326,329,335,375,390,429,433,471,486,525,529,600,604
true 1,10,22,33,48,84,110,117,155,158,164,191,194,241,279,294,327,377,383,429,433,481,485,530,598,634,680
true 1,13,22,30,39,93,116,119,155,158,164,185,192,231,279,294,337,385,389,429,433,473,479,523,605,635,679
true 1,2,8,22,42,72,74,87,117,119,155,192,194,230,287,289,326,383,385,479,481,559,560,634,635,679,680
true 1,10,22,33,48,72,74,84,110,155,191,231,233,287,289,335,337,389,390,471,473,523,525,559,560,604,605
true 1,13,22,30,39,72,74,93,116,155,185,239,241,287,289,327,329,375,377,485,486,529,530,559,560,598,600
true 1,7,12,28,47,67,85,91,123,159,188,197,225,233,290,331,339,376,385,426,471,524,530,558,598,651,679
true 1,3,5,14,16,23,50,57,64,69,128,135,140,151,158,245,250,261,268,279,286,392,399,410,417,532,539
true 1,5,18,23,59,64,69,133,144,151,158,257,264,271,279,286,406,413,420,538,544,549,554,641,645,698,700
true 1,5,23,52,62,64,69,130,147,151,158,254,275,279,286,395,402,416,422,535,542,552,556,638,643,648,650
true 1,3,14,25,59,64,69,130,135,140,165,245,250,275,282,289,406,413,420,535,542,559,561,648,650,698,700
true 1,18,25,50,57,64,69,133,147,165,254,264,271,282,289,392,399,410,417,538,544,552,556,559,561,638,643
true 1,16,25,52,62,64,69,128,144,165,257,261,268,282,289,395,402,416,422,532,539,549,554,559,561,641,645
true 1,3,14,64,69,73,76,135,140,144,147,245,250,254,257,427,430,432,434,549,552,554,556,638,641,643,645
true 1,16,18,64,69,73,76,128,130,133,261,264,268,271,275,427,430,432,434,532,535,538,539,542,544,648,650
true 1,50,52,57,59,62,64,69,73,76,392,395,399,402,406,410,413,416,417,420,422,427,430,432,434,698,700
true 1,3,5,14,16,23,50,57,128,154,264,282,291,395,413,422,427,434,535,544,549,556,561,638,645,650,700
true 1,5,18,23,59,133,140,144,154,245,257,268,282,291,392,402,406,416,417,427,434,532,542,552,561,643,648
true 1,5,23,52,62,130,135,147,154,250,254,261,271,275,282,291,399,410,420,427,434,538,539,554,561,641,698
true 1,3,14,25,59,130,154,158,165,264,268,275,279,291,395,399,406,410,422,430,432,532,544,552,554,641,643
true 1,18,25,50,57,133,140,147,154,158,165,245,254,261,279,291,402,416,420,430,432,535,539,549,645,650,698
true 1,16,25,52,62,128,135,144,154,158,165,250,257,271,279,291,392,413,417,430,432,538,542,556,638,648,700
true 1,3,14,73,76,144,147,151,154,254,257,261,264,286,289,291,392,395,417,420,422,539,542,544,559,648,698
true 1,16,18,73,76,128,130,133,140,151,154,245,275,286,289,291,399,402,410,413,416,554,556,559,638,641,700
true 1,50,52,57,59,62,73,76,135,151,154,250,268,271,286,289,291,406,532,535,538,549,552,559,643,645,650
true 1,3,5,14,16,23,50,57,128,161,271,285,289,402,416,420,430,432,538,542,552,554,559,641,643,648,698
true 1,5,18,23,59,133,135,144,161,250,257,261,285,289,395,399,406,410,422,430,432,535,539,556,559,638,650
true 1,5,23,52,62,130,140,147,161,245,254,264,268,275,285,289,392,413,417,430,432,532,544,549,559,645,700
true 1,3,14,25,59,130,151,161,165,261,271,275,285,286,392,402,406,416,417,427,434,538,539,549,556,638,645
true 1,18,25,50,57,133,135,147,151,161,165,250,254,268,285,286,395,413,422,427,434,532,542,554,641,648,700
true 1,16,25,52,62,128,140,144,151,161,165,245,257,264,285,286,399,410,420,427,434,535,544,552,643,650,698
true 1,3,14,73,76,144,147,158,161,254,257,268,271,279,282,285,399,402,410,413,416,532,535,538,561,650,700
true 1,16,18,73,76,128,130,133,135,158,161,250,275,279,282,285,392,395,417,420,422,549,552,561,643,645,698
true 1,50,52,57,59,62,73,76,140,158,161,245,261,264,279,282,285,406,539,542,544,554,556,561,638,641,648
true 1,2,4,8,10,19,30,39,84,166,241,289,293,337,385,389,429,433,481,485,525,529,559,600,604,634,679
true 1,4,19,33,48,87,116,119,166,185,192,230,233,239,289,293,327,377,383,429,433,471,486,523,559,605,680
true 1,4,13,19,42,93,110,117,166,191,194,231,289,293,326,329,335,375,390,429,433,473,479,530,559,598,635
true 1,2,4,8,10,19,30,39,84,164,239,287,294,335,383,390,427,434,479,486,523,530,560,598,605,635,680
true 1,4,19,33,48,87,116,117,164,185,194,230,231,241,287,294,329,375,385,427,434,473,485,525,560,604,679
true 1,4,13,19,42,93,110,119,164,191,192,233,287,294,326,327,337,377,389,427,434,471,481,529,560,600,634
true 1,2,4,8,10,19,30,39,72,74,84,117,119,156,158,192,194,231,233,279,281,327,329,375,377,471,473
true 1,4,19,33,48,72,74,87,116,156,158,185,230,279,281,335,337,389,390,479,481,529,530,598,600,634,635
true 1,4,13,19,42,72,74,93,110,156,158,191,239,241,279,281,326,383,385,485,486,523,525,604,605,679,680
true 1,7,28,32,40,46,67,92,113,122,159,198,235,243,290,321,329,375,426,472,481,523,558,599,605,634,651
true 1,2,8,65,71,110,116,151,159,167,185,191,226,234,242,286,292,322,330,338,382,388,478,484,651,696,716
true 1,30,33,39,42,48,65,71,89,112,120,151,159,167,238,286,292,326,474,482,526,597,603,606,633,636,651
true 1,10,13,44,65,71,84,87,93,151,159,167,187,195,230,286,292,334,378,386,522,528,531,601,651,678,681
true 1,2,8,65,67,71,75,110,112,116,120,185,187,191,195,426,430,432,435,522,526,528,531,597,601,603,606
true 1,30,33,39,42,44,48,65,67,71,75,322,326,330,334,338,378,382,386,388,426,430,432,435,678,681,696
true 1,10,13,65,67,71,75,84,87,89,93,226,230,234,238,242,426,430,432,435,474,478,482,484,633,636,716
true 1,2,8,24,44,65,71,89,110,116,163,185,191,238,282,290,334,378,386,474,482,558,561,633,636,678,681
true 1,24,30,33,39,42,48,65,71,163,187,195,226,234,242,282,290,326,478,484,522,528,531,558,561,601,716
true 1,10,13,24,65,71,84,87,93,112,120,163,230,282,290,322,330,338,382,388,526,558,561,597,603,606,696
true 1,2,7,8,13,28,33,48,93,158,233,279,289,329,375,385,427,434,471,481,523,530,559,598,605,634,679
true 1,4,5,9,19,20,23,35,36,63,66,98,99,102,150,172,209,212,298,301,356,438,441,446,564,569,653
true 1,4,5,19,20,23,63,66,107,150,217,222,304,361,366,371,444,449,510,515,567,572,577,625,656,661,704
true 1,4,5,19,20,23,38,63,66,79,101,104,150,169,170,211,214,219,295,296,299,358,363,436,439,507,562
true 1,4,9,19,25,35,68,98,104,152,165,172,214,288,298,299,358,371,428,438,439,449,515,562,572,625,656
true 1,4,19,25,36,68,99,107,152,165,170,209,217,219,288,296,304,361,363,428,436,444,446,507,567,569,653
true 1,4,19,25,38,68,79,101,102,152,165,169,211,212,222,288,295,301,356,366,428,441,510,564,577,661,704
true 1,4,9,19,35,73,76,98,157,160,170,172,219,222,280,283,296,298,363,366,436,438,507,510,577,661,704
true 1,4,19,73,76,102,104,107,157,160,212,214,217,280,283,299,301,304,356,358,361,439,441,444,562,564,567
true 1,4,19,36,38,73,76,79,99,101,157,160,169,209,211,280,283,295,371,446,449,515,569,572,625,653,656
true 1,5,9,22,23,36,68,101,102,155,157,172,214,283,295,301,361,363,428,436,444,446,510,562,572,625,661
true 1,5,22,23,35,68,99,107,155,157,169,211,212,222,283,296,304,358,371,428,438,439,449,507,564,577,653
true 1,5,22,23,38,68,79,98,104,155,157,170,209,217,219,283,298,299,356,366,428,441,515,567,569,656,704
true 1,9,22,25,63,66,101,104,155,160,165,172,209,212,280,295,296,299,361,366,371,444,449,507,564,569,704
true 1,22,25,35,36,63,66,107,155,160,165,169,170,211,214,219,280,304,356,438,441,446,510,515,562,656,661
true 1,22,25,38,63,66,79,98,99,102,155,160,165,217,222,280,298,301,358,363,436,439,567,572,577,625,653
true 1,9,20,22,73,76,99,101,150,152,155,170,172,219,222,288,295,356,358,361,439,441,444,515,577,653,656
true 1,20,22,35,73,76,102,104,107,150,152,155,169,209,211,288,299,301,304,363,366,436,438,569,572,625,704
true 1,20,22,36,38,73,76,79,98,150,152,155,212,214,217,288,296,298,371,446,449,507,510,562,564,567,661
true 1,5,9,23,36,65,71,102,152,160,169,172,211,217,280,288,296,301,358,366,439,446,507,515,567,656,704
true 1,5,23,65,71,98,101,107,152,160,209,214,222,280,288,295,298,304,356,363,371,436,441,449,562,569,577
true 1,5,23,35,38,65,71,79,99,104,152,160,170,212,219,280,288,299,361,438,444,510,564,572,625,653,661
true 1,9,20,25,65,71,99,104,150,157,165,169,172,211,217,283,299,356,363,371,436,441,449,510,567,653,661
true 1,20,25,36,65,71,98,101,107,150,157,165,170,212,219,283,295,298,304,358,366,439,446,564,572,625,704
true 1,20,25,35,38,65,71,79,102,150,157,165,209,214,222,283,296,301,361,438,444,507,515,562,569,577,656
true 1,9,63,65,66,68,71,73,76,169,170,172,209,211,212,214,217,219,222,428,562,564,567,569,572,577,625
true 1,63,65,66,68,71,73,76,98,99,101,102,104,107,295,296,298,299,301,304,428,507,510,515,653,656,661
true 1,35,36,38,63,65,66,68,71,73,76,79,356,358,361,363,366,371,428,436,438,439,441,444,446,449,704
true 1,2,8,22,42,67,87,112,155,167,187,230,242,282,292,326,338,378,388,426,474,484,522,561,597,636,681
true 1,10,22,33,48,67,84,89,110,120,155,167,191,226,238,282,292,330,386,426,478,528,561,601,606,678,696
true 1,13,22,30,39,44,67,93,116,155,167,185,195,234,282,292,322,334,382,426,482,526,531,561,603,633,716
true 1,2,8,22,42,75,87,120,151,155,195,226,230,286,290,322,326,382,386,435,478,482,531,558,606,633,678
true 1,10,22,33,44,48,75,84,110,151,155,187,191,234,286,290,334,338,388,435,474,522,526,558,603,636,716
true 1,13,22,30,39,75,89,93,112,116,151,155,185,238,242,286,290,330,378,435,484,528,558,597,601,681,696
true 1,2,8,22,24,42,44,87,89,155,159,163,230,234,238,326,330,334,430,432,526,528,601,603,651,696,716
true 1,10,22,24,33,48,84,110,112,155,159,163,191,195,242,322,378,382,430,432,482,484,531,597,633,651,681
true 1,13,22,24,30,39,93,116,120,155,159,163,185,187,226,338,386,388,430,432,474,478,522,606,636,651,678
true 1,4,5,19,20,23,29,63,66,80,81,150,173,174,177,208,305,308,348,353,452,492,497,502,611,616,684
true 1,4,5,19,20,23,63,66,83,97,150,176,179,202,205,307,310,315,342,345,350,454,459,489,494,582,608
true 1,4,5,19,20,23,34,63,66,94,95,150,182,199,200,203,313,318,340,343,457,462,467,487,585,590,670
true 1,4,19,25,29,68,80,95,152,165,173,179,200,208,288,310,340,348,350,428,454,467,492,494,590,608,670
true 1,4,19,25,68,83,97,152,165,176,177,202,203,288,307,308,318,342,343,353,428,452,462,487,497,585,611
true 1,4,19,25,34,68,81,94,152,165,174,182,199,205,288,305,313,315,345,428,457,459,489,502,582,616,684
true 1,4,19,29,73,76,80,157,160,173,203,205,208,280,283,315,318,343,345,348,459,462,487,489,492,582,585
true 1,4,19,73,76,81,83,95,97,157,160,174,176,200,202,280,283,305,307,340,342,467,502,590,616,670,684
true 1,4,19,34,73,76,94,157,160,177,179,182,199,280,283,308,310,313,350,353,452,454,457,494,497,608,611
true 1,5,22,23,29,68,81,94,155,157,176,177,200,208,283,310,342,343,353,428,457,459,489,502,585,608,670
true 1,5,22,23,68,83,97,155,157,173,179,199,205,283,305,313,315,340,348,350,428,452,462,487,497,590,616
true 1,5,22,23,34,68,80,95,155,157,174,182,202,203,283,307,308,318,345,428,454,467,492,494,582,611,684
true 1,22,25,29,63,66,94,95,155,160,165,176,179,208,280,305,308,342,345,350,457,462,467,487,582,611,616
true 1,22,25,63,66,83,97,155,160,165,173,174,177,199,200,203,280,313,318,348,353,454,459,489,494,670,684
true 1,22,25,34,63,66,80,81,155,160,165,182,202,205,280,307,310,315,340,343,452,492,497,502,585,590,608
true 1,20,22,29,73,76,94,150,152,155,174,176,203,205,208,288,315,318,340,342,452,454,457,494,497,590,684
true 1,20,22,73,76,81,83,95,97,150,152,155,173,199,288,308,310,313,343,345,348,467,502,582,585,608,611
true 1,20,22,34,73,76,80,150,152,155,177,179,182,200,202,288,305,307,350,353,459,462,487,489,492,616,670
true 1,5,23,29,65,71,81,152,160,177,199,202,208,280,288,307,313,340,345,353,454,462,487,494,502,582,590
true 1,5,23,65,71,80,83,94,97,152,160,174,179,200,205,280,288,308,315,343,350,457,492,585,611,670,684
true 1,5,23,34,65,71,95,152,160,173,176,182,203,280,288,305,310,318,342,348,452,459,467,489,497,608,616
true 1,20,25,29,65,71,95,150,157,165,174,179,199,202,208,283,307,313,343,350,452,459,467,489,497,585,684
true 1,20,25,65,71,80,83,94,97,150,157,165,177,203,283,305,310,318,340,345,353,457,492,582,590,608,616
true 1,20,25,34,65,71,81,150,157,165,173,176,182,200,205,283,308,315,342,348,454,462,487,494,502,611,670
true 1,29,63,65,66,68,71,73,76,199,200,202,203,205,208,305,307,308,310,313,315,318,428,608,611,616,670
true 1,63,65,66,68,71,73,76,80,81,83,94,95,97,428,452,454,457,459,462,467,487,489,492,494,497,502
true 1,34,63,65,66,68,71,73,76,173,174,176,177,179,182,340,342,343,345,348,350,353,428,582,585,590,684
true 1,7,12,28,40,47,91,113,123,158,187,197,235,279,289,321,330,339,427,434,472,482,522,559,599,633,696
true 1,4,5,19,20,23,37,63,66,100,103,150,210,213,218,357,362,450,506,573,578,657,662,665,705,708,723
true 1,4,5,19,20,23,63,66,150,224,368,373,512,517,520,580,627,630,664,667,693,707,710,711,725,726,729
true 1,4,5,19,20,23,63,66,106,150,216,221,302,360,365,370,442,447,509,514,565,570,575,624,654,659,702
true 1,4,19,25,37,68,100,152,165,210,221,288,365,428,450,509,520,573,575,630,657,659,667,693,702,710,725
true 1,4,19,25,68,103,152,165,213,224,288,357,368,370,428,447,512,514,570,580,624,654,664,665,707,708,723
true 1,4,19,25,68,106,152,165,216,218,288,302,360,362,373,428,442,506,517,565,578,627,662,705,711,726,729
true 1,4,19,37,73,76,100,157,160,210,280,283,370,373,447,450,514,517,570,573,624,627,654,657,711,726,729
true 1,4,19,73,76,157,160,218,221,224,280,283,362,365,368,506,509,512,575,578,580,659,662,664,702,705,707
true 1,4,19,73,76,103,106,157,160,213,216,280,283,302,357,360,442,520,565,630,665,667,693,708,710,723,725
true 1,5,22,23,37,68,103,155,157,216,218,283,365,428,450,512,514,565,578,627,654,664,665,693,702,710,726
true 1,5,22,23,68,100,155,157,213,224,283,360,362,373,428,442,509,520,570,580,624,657,659,667,705,711,723
true 1,5,22,23,68,106,155,157,210,221,283,302,357,368,370,428,447,506,517,573,575,630,662,707,708,725,729
true 1,22,25,37,63,66,155,160,165,216,221,280,357,362,450,512,517,520,565,570,575,624,664,667,705,708,729
true 1,22,25,63,66,100,103,155,160,165,224,280,360,365,370,442,447,506,580,627,630,657,662,665,702,725,726
true 1,22,25,63,66,106,155,160,165,210,213,218,280,302,368,373,509,514,573,578,654,659,693,707,710,711,723
true 1,20,22,37,73,76,150,152,155,213,216,288,370,373,447,450,506,509,512,565,630,659,662,664,711,723,725
true 1,20,22,73,76,100,150,152,155,218,221,224,288,357,360,442,514,517,575,578,580,654,657,693,708,710,729
true 1,20,22,73,76,103,106,150,152,155,210,288,302,362,365,368,520,570,573,624,627,665,667,702,705,707,726
true 1,5,23,37,65,71,103,152,160,218,280,288,360,368,442,450,509,517,570,578,624,630,659,665,707,725,729
true 1,5,23,65,71,152,160,210,216,224,280,288,357,365,373,506,514,520,565,573,580,654,662,667,702,708,711
true 1,5,23,65,71,100,106,152,160,213,221,280,288,302,362,370,447,512,575,627,657,664,693,705,710,723,726
true 1,20,25,37,65,71,150,157,165,213,221,283,360,368,442,450,506,514,520,575,627,654,662,667,707,723,726
true 1,20,25,65,71,103,150,157,165,210,216,224,283,362,370,447,509,517,565,573,580,659,665,693,705,710,729
true 1,20,25,65,71,100,106,150,157,165,218,283,302,357,365,373,512,570,578,624,630,657,664,702,708,711,725
true 1,37,63,65,66,68,71,73,76,357,360,362,365,368,370,373,428,442,447,450,693,702,705,707,708,710,711
true 1,63,65,66,68,71,73,76,210,213,216,218,221,224,428,565,570,573,575,578,580,624,627,630,723,725,726
true 1,63,65,66,68,71,73,76,100,103,106,302,428,506,509,512,514,517,520,654,657,659,662,664,665,667,729
true 1,2,4,8,10,19,30,39,84,167,242,290,292,338,386,388,430,432,482,484,526,528,558,601,603,633,678
true 1,4,19,33,48,87,89,116,120,167,185,187,230,234,238,290,292,322,378,382,430,432,522,558,606,681,716
true 1,4,13,19,42,44,93,110,112,167,191,195,226,290,292,326,330,334,430,432,474,478,531,558,597,636,696
true 1,4,5,19,20,23,63,66,82,150,175,178,306,309,314,453,458,505,581,619,622,687,690,691,719,720,728
true 1,4,5,19,20,23,63,66,150,181,312,317,354,456,461,466,498,503,584,589,612,617,620,669,685,688,717
true 1,4,5,19,20,23,63,66,150,206,320,346,351,464,469,490,495,500,587,592,595,609,614,672,675,682,713
true 1,4,19,25,68,82,152,165,175,288,306,317,351,428,461,495,505,584,595,609,619,620,675,687,688,713,717
true 1,4,19,25,68,152,165,181,288,312,314,354,428,456,458,469,498,500,581,592,612,614,622,672,682,690,719
true 1,4,19,25,68,152,165,178,206,288,309,320,346,428,453,464,466,490,503,587,589,617,669,685,691,720,728
true 1,4,19,73,76,82,157,160,175,280,283,306,466,469,500,503,505,589,592,614,617,619,669,672,682,685,687
true 1,4,19,73,76,157,160,178,181,280,283,309,312,351,354,453,456,495,498,595,609,612,675,691,713,720,728
true 1,4,19,73,76,157,160,206,280,283,314,317,320,346,458,461,464,490,581,584,587,620,622,688,690,717,719
true 1,5,22,23,68,82,155,157,178,283,312,314,346,428,461,495,505,587,589,612,614,622,672,685,691,713,717
true 1,5,22,23,68,155,157,181,283,306,317,354,428,453,464,466,490,503,581,592,609,619,620,675,682,690,720
true 1,5,22,23,68,155,157,175,206,283,309,320,351,428,456,458,469,498,500,584,595,617,669,687,688,719,728
true 1,22,25,63,66,82,155,160,165,280,312,317,346,351,453,458,505,587,592,595,612,617,620,669,682,719,720
true 1,22,25,63,66,155,160,165,181,280,306,309,314,354,464,469,490,495,500,584,589,619,622,685,688,713,728
true 1,22,25,63,66,155,160,165,175,178,206,280,320,456,461,466,498,503,581,609,614,672,675,687,690,691,717
true 1,20,22,73,76,82,150,152,155,288,309,312,346,466,469,500,503,505,581,584,587,609,612,675,688,690,728
true 1,20,22,73,76,150,152,155,178,181,288,306,351,354,458,461,464,490,595,614,617,619,669,672,691,717,719
true 1,20,22,73,76,150,152,155,175,206,288,314,317,320,453,456,495,498,589,592,620,622,682,685,687,713,720
true 1,5,23,65,71,82,152,160,178,280,288,314,456,464,490,498,505,584,592,609,617,622,669,675,682,688,691
true 1,5,23,65,71,152,160,175,181,280,288,309,317,346,354,458,466,495,503,587,614,620,672,687,713,719,728
true 1,5,23,65,71,152,160,206,280,288,306,312,320,351,453,461,469,500,581,589,595,612,619,685,690,717,720
true 1,20,25,65,71,82,150,157,165,283,309,317,351,456,464,490,498,505,581,589,595,614,620,672,685,690,728
true 1,20,25,65,71,150,157,165,175,181,283,314,346,354,453,461,469,500,587,609,617,622,669,675,687,717,720
true 1,20,25,65,71,150,157,165,178,206,283,306,312,320,458,466,495,503,584,592,612,619,682,688,691,713,719
true 1,63,65,66,68,71,73,76,82,428,453,456,458,461,464,466,469,490,495,498,500,503,505,713,717,719,720
true 1,63,65,66,68,71,73,76,175,178,181,346,351,354,428,581,584,587,589,592,595,682,685,687,688,690,691
true 1,63,65,66,68,71,73,76,206,306,309,312,314,317,320,428,609,612,614,617,619,620,622,669,672,675,728
true 1,2,4,8,10,19,30,39,75,84,120,159,195,234,282,330,378,435,474,531,561,606,636,651,681,696,716
true 1,4,19,33,44,48,75,87,112,116,159,185,226,230,282,334,338,388,435,478,482,528,561,597,601,633,651
true 1,4,13,19,42,75,89,93,110,159,187,191,238,242,282,322,326,382,386,435,484,522,526,561,603,651,678
true 1,4,5,17,19,20,23,55,58,63,66,131,135,138,143,150,250,255,261,266,394,399,404,410,534,539,637
true 1,4,5,19,20,23,61,63,66,141,146,150,264,269,274,409,413,418,544,547,549,642,645,646,699,700,722
true 1,4,5,19,20,23,63,66,149,150,258,272,277,402,407,416,421,424,537,542,545,552,555,640,643,648,697
true 1,4,17,19,25,55,68,131,135,146,152,165,250,269,288,394,407,413,424,428,542,555,640,646,648,700,722
true 1,4,19,25,61,68,141,143,152,165,255,264,266,277,288,399,409,410,421,428,534,544,545,552,642,643,697
true 1,4,19,25,58,68,138,149,152,165,258,261,272,274,288,402,404,416,418,428,537,539,547,549,637,645,699
true 1,4,17,19,55,73,76,131,135,157,160,250,274,277,280,283,394,418,421,545,547,549,552,643,645,697,699
true 1,4,19,58,61,73,76,138,141,157,160,261,264,280,283,404,407,409,424,539,542,544,555,637,640,642,648
true 1,4,19,73,76,143,146,149,157,160,255,258,266,269,272,280,283,399,402,410,413,416,534,537,646,700,722
true 1,5,17,22,23,58,68,131,141,143,155,157,255,269,283,402,404,416,418,428,542,552,642,643,648,699,722
true 1,5,22,23,61,68,135,146,155,157,250,261,272,274,283,399,409,410,421,428,537,539,547,555,640,646,697
true 1,5,22,23,55,68,138,149,155,157,258,264,266,277,283,394,407,413,424,428,534,544,545,549,637,645,700
true 1,17,22,25,63,66,131,141,146,155,160,165,261,266,280,402,407,416,421,424,534,539,549,642,645,646,697
true 1,22,25,61,63,66,135,138,143,155,160,165,250,255,272,277,280,409,413,418,537,542,545,637,648,699,700
true 1,22,25,55,58,63,66,149,155,160,165,258,264,269,274,280,394,399,404,410,544,547,552,555,640,643,722
true 1,17,20,22,73,76,131,138,141,150,152,155,274,277,288,399,402,410,413,416,545,547,555,637,640,642,700
true 1,20,22,58,61,73,76,135,150,152,155,250,266,269,272,288,404,407,409,424,534,537,549,552,643,645,722
true 1,20,22,55,73,76,143,146,149,150,152,155,255,258,261,264,288,394,418,421,539,542,544,646,648,697,699
true 1,5,17,23,58,65,71,131,143,152,160,255,264,272,280,288,404,413,421,537,544,549,555,640,645,697,700
true 1,5,23,55,61,65,71,138,146,152,160,266,274,280,288,394,402,409,416,534,542,547,552,637,643,646,648
true 1,5,23,65,71,135,141,149,152,160,250,258,261,269,277,280,288,399,407,410,418,424,539,545,642,699,722
true 1,17,20,25,65,71,131,138,146,150,157,165,264,272,283,399,407,410,418,424,537,544,552,637,643,646,699
true 1,20,25,55,61,65,71,143,150,157,165,255,261,269,277,283,394,402,409,416,539,545,549,555,640,645,722
true 1,20,25,58,65,71,135,141,149,150,157,165,250,258,266,274,283,404,413,421,534,542,547,642,648,697,700
true 1,17,63,65,66,68,71,73,76,131,261,264,266,269,272,274,277,428,534,537,539,542,544,545,547,648,722
true 1,55,58,61,63,65,66,68,71,73,76,394,399,402,404,407,409,410,413,416,418,421,424,428,697,699,700
true 1,63,65,66,68,71,73,76,135,138,141,143,146,149,250,255,258,428,549,552,555,637,640,642,643,645,646
true 1,2,4,8,10,19,24,30,39,44,67,84,89,112,151,163,187,226,238,286,322,334,382,426,478,522,597
true 1,4,19,24,33,48,67,87,116,151,163,185,195,230,242,286,330,386,426,474,484,526,531,603,636,678,696
true 1,4,13,19,24,42,67,93,110,120,151,163,191,234,286,326,338,378,388,426,482,528,601,606,633,681,716
true 1,4,5,19,20,23,63,66,96,150,201,204,341,344,349,470,488,493,593,596,607,673,676,677,714,715,727
true 1,4,5,19,20,23,63,66,150,180,311,316,355,455,460,465,499,504,583,588,613,618,621,668,686,689,718
true 1,4,5,19,20,23,63,66,150,207,319,347,352,463,468,491,496,501,586,591,594,610,615,671,674,683,712
true 1,4,19,25,68,96,152,165,201,288,316,341,352,428,460,470,496,583,593,594,610,621,673,674,689,712,718
true 1,4,19,25,68,152,165,180,204,288,311,344,355,428,455,468,488,499,501,591,613,615,671,677,683,715,727
true 1,4,19,25,68,152,165,207,288,319,347,349,428,463,465,491,493,504,586,588,596,607,618,668,676,686,714
true 1,4,19,73,76,96,157,160,201,280,283,341,465,468,470,501,504,588,591,593,615,618,668,671,673,683,686
true 1,4,19,73,76,157,160,180,280,283,311,349,352,355,455,493,496,499,594,596,607,610,613,674,676,712,714
true 1,4,19,73,76,157,160,204,207,280,283,316,319,344,347,460,463,488,491,583,586,621,677,689,715,718,727
true 1,5,22,23,68,96,155,157,204,283,311,347,349,428,460,470,496,586,588,596,613,615,671,677,686,712,718
true 1,5,22,23,68,155,157,180,201,283,316,344,355,428,463,465,491,493,504,591,610,621,673,674,683,714,727
true 1,5,22,23,68,155,157,207,283,319,341,352,428,455,468,488,499,501,583,593,594,607,618,668,676,689,715
true 1,22,25,63,66,96,155,160,165,280,311,316,347,352,470,488,493,586,591,594,613,618,621,668,683,714,715
true 1,22,25,63,66,155,160,165,180,201,204,280,355,463,468,491,496,501,583,588,607,673,676,677,686,689,712
true 1,22,25,63,66,155,160,165,207,280,319,341,344,349,455,460,465,499,504,593,596,610,615,671,674,718,727
true 1,20,22,73,76,96,150,152,155,288,311,344,347,465,468,470,501,504,583,586,607,610,613,674,676,689,727
true 1,20,22,73,76,150,152,155,180,201,288,349,352,355,460,463,488,491,594,596,615,618,668,671,673,715,718
true 1,20,22,73,76,150,152,155,204,207,288,316,319,341,455,493,496,499,588,591,593,621,677,683,686,712,714
true 1,5,23,65,71,96,152,160,204,280,288,349,455,463,470,491,499,583,591,596,610,618,668,674,677,683,689
true 1,5,23,65,71,152,160,180,280,288,316,341,347,355,465,488,496,504,586,593,607,615,621,671,676,712,715
true 1,5,23,65,71,152,160,201,207,280,288,311,319,344,352,460,468,493,501,588,594,613,673,686,714,718,727
true 1,20,25,65,71,96,150,157,165,283,316,344,352,455,463,470,491,499,588,594,607,615,621,671,676,686,727
true 1,20,25,65,71,150,157,165,180,204,283,341,347,355,460,468,493,501,586,593,610,618,668,674,677,714,718
true 1,20,25,65,71,150,157,165,201,207,283,311,319,349,465,488,496,504,583,591,596,613,673,683,689,712,715
true 1,63,65,66,68,71,73,76,96,428,455,460,463,465,468,470,488,491,493,496,499,501,504,712,714,715,718
true 1,63,65,66,68,71,73,76,180,341,344,347,349,352,355,428,583,586,588,591,593,594,596,683,686,689,727
true 1,63,65,66,68,71,73,76,201,204,207,311,316,319,428,607,610,613,615,618,621,668,671,673,674,676,677
true 1,7,28,32,46,85,92,112,122,158,188,198,225,234,243,279,289,331,376,386,427,434,524,559,597,678,716
true 1,4,5,19,20,23,63,66,150,171,223,297,300,367,372,437,440,445,511,516,519,563,568,626,629,652,692
true 1,4,5,19,20,23,63,66,105,150,215,220,303,359,364,369,443,448,508,513,566,571,576,623,655,660,703
true 1,4,5,19,20,23,63,66,150,374,451,518,521,574,579,628,631,632,658,663,666,694,695,706,709,721,724
true 1,4,19,25,68,152,165,171,223,288,297,367,369,428,437,448,511,513,521,571,623,631,655,666,694,709,724
true 1,4,19,25,68,105,152,165,215,288,303,359,372,428,443,445,516,566,568,579,626,632,652,663,695,706,721
true 1,4,19,25,68,152,165,220,288,300,364,374,428,440,451,508,518,519,563,574,576,628,629,658,660,692,703
true 1,4,19,73,76,157,160,171,220,223,280,283,297,364,367,437,508,511,576,579,632,660,663,695,703,706,721
true 1,4,19,73,76,105,157,160,215,280,283,300,303,359,440,443,519,521,563,566,629,631,666,692,694,709,724
true 1,4,19,73,76,157,160,280,283,369,372,374,445,448,451,513,516,518,568,571,574,623,626,628,652,655,658
true 1,5,22,23,68,155,157,171,223,283,300,359,372,428,443,445,508,518,519,571,623,631,658,660,695,706,724
true 1,5,22,23,68,105,155,157,220,283,303,367,369,428,437,448,516,563,574,576,628,629,652,663,694,709,721
true 1,5,22,23,68,155,157,215,283,297,364,374,428,440,451,511,513,521,566,568,579,626,632,655,666,692,703
true 1,22,25,63,66,155,160,165,171,223,280,359,364,369,443,448,518,521,563,568,626,629,658,663,666,703,721
true 1,22,25,63,66,105,155,160,165,280,303,367,372,437,440,445,508,513,574,579,628,631,632,655,660,692,724
true 1,22,25,63,66,155,160,165,215,220,280,297,300,374,451,511,516,519,566,571,576,623,652,694,695,706,709
true 1,20,22,73,76,150,152,155,171,220,223,288,359,440,443,513,516,518,576,579,632,652,655,658,692,694,709
true 1,20,22,73,76,105,150,152,155,288,300,303,364,367,437,519,521,568,571,574,623,626,628,666,695,703,706
true 1,20,22,73,76,150,152,155,215,288,297,369,372,374,445,448,451,508,511,563,566,629,631,660,663,721,724
true 1,5,23,65,71,152,160,171,215,223,280,288,300,364,372,445,513,519,566,574,628,655,663,694,703,709,721
true 1,5,23,65,71,105,152,160,220,280,288,297,303,369,440,448,511,518,568,576,626,631,658,692,695,706,724
true 1,5,23,65,71,152,160,280,288,359,367,374,437,443,451,508,516,521,563,571,579,623,629,632,652,660,666
true 1,20,25,65,71,150,157,165,171,215,223,283,369,440,448,508,516,521,566,574,628,652,660,666,692,695,706
true 1,20,25,65,71,105,150,157,165,283,297,303,364,372,445,511,518,563,571,579,623,629,632,658,694,703,709
true 1,20,25,65,71,150,157,165,220,283,300,359,367,374,437,443,451,513,519,568,576,626,631,655,663,721,724
true 1,63,65,66,68,71,73,76,171,215,220,223,428,563,566,568,571,574,576,579,623,626,628,629,631,632,724
true 1,63,65,66,68,71,73,76,105,297,300,303,428,508,511,513,516,518,519,521,652,655,658,660,663,666,721
true 1,63,65,66,68,71,73,76,359,364,367,369,372,374,428,437,440,443,445,448,451,692,694,695,703,706,709
true 1,7,21,24,28,63,66,70,75,152,153,157,158,162,163,167,279,283,284,288,289,292,427,431,434,435,559
true 1,4,5,19,20,23,51,60,63,66,126,129,140,145,150,245,248,253,263,268,273,392,397,412,417,532,548
true 1,4,5,19,20,23,63,66,148,150,259,271,276,403,408,415,420,423,538,543,546,551,554,641,644,647,698
true 1,4,5,19,20,23,63,66,132,150,251,256,278,395,400,405,422,425,535,540,553,556,557,638,649,650,701
true 1,4,19,25,51,60,68,126,140,152,165,245,256,263,276,288,400,420,428,535,546,551,557,644,650,698,701
true 1,4,19,25,68,129,148,152,165,248,259,271,273,288,392,403,405,415,417,425,428,538,540,548,556,638,649
true 1,4,19,25,68,132,145,152,165,251,253,268,278,288,395,397,408,412,422,423,428,532,543,553,554,641,647
true 1,4,19,51,60,73,76,126,140,157,160,245,263,280,283,405,408,423,425,540,543,554,556,638,641,647,649
true 1,4,19,73,76,145,148,157,160,253,256,259,268,271,280,283,397,400,403,412,415,532,535,538,557,650,701
true 1,4,19,73,76,129,132,157,160,248,251,273,276,278,280,283,392,395,417,420,422,546,548,551,553,644,698
true 1,5,22,23,51,60,68,129,145,155,157,251,253,271,273,283,400,420,428,538,540,553,554,641,649,698,701
true 1,5,22,23,68,126,148,155,157,248,259,263,276,283,395,397,408,412,422,423,428,535,546,548,556,638,650
true 1,5,22,23,68,132,140,155,157,245,256,268,278,283,392,403,405,415,417,425,428,532,543,551,557,644,647
true 1,22,25,51,60,63,66,155,160,165,251,256,271,276,280,392,397,412,417,538,543,546,553,556,557,638,647
true 1,22,25,63,66,126,129,148,155,160,165,259,263,268,273,280,395,400,405,422,425,532,551,554,641,644,701
true 1,22,25,63,66,132,140,145,155,160,165,245,248,253,278,280,403,408,415,420,423,535,540,548,649,650,698
true 1,20,22,51,60,73,76,150,152,155,248,251,268,271,288,405,408,423,425,532,535,538,548,551,553,644,650
true 1,20,22,73,76,126,145,148,150,152,155,253,256,259,263,288,392,395,417,420,422,540,543,557,647,649,698
true 1,20,22,73,76,129,132,140,150,152,155,245,273,276,278,288,397,400,403,412,415,546,554,556,638,641,701
true 1,5,23,51,60,65,71,129,145,152,160,253,273,280,288,395,403,415,422,535,543,551,556,638,644,647,650
true 1,5,23,65,71,140,148,152,160,245,251,259,268,276,280,288,392,400,408,417,423,532,540,546,553,649,701
true 1,5,23,65,71,126,132,152,160,248,256,263,271,278,280,288,397,405,412,420,425,538,548,554,557,641,698
true 1,20,25,51,60,65,71,150,157,165,248,256,268,276,283,395,403,415,422,532,540,546,548,554,557,641,649
true 1,20,25,65,71,129,140,148,150,157,165,245,251,259,273,283,397,405,412,420,425,535,543,553,647,650,698
true 1,20,25,65,71,126,132,145,150,157,165,253,263,271,278,283,392,400,408,417,423,538,551,556,638,644,701
true 1,51,60,63,65,66,68,71,73,76,392,395,397,400,403,405,408,412,415,417,420,422,423,425,428,698,701
true 1,63,65,66,68,71,73,76,140,145,148,245,248,251,253,256,259,428,548,551,553,554,556,557,638,641,644
true 1,63,65,66,68,71,73,76,126,129,132,263,268,271,273,276,278,428,532,535,538,540,543,546,647,649,650
true 1,31,43,65,71,114,122,158,166,184,190,198,226,234,242,279,287,293,323,331,376,384,478,484,527,560,716
true 1,32,46,65,71,85,90,112,120,158,166,225,232,240,279,287,293,325,333,380,387,475,526,560,597,603,606
true 1,44,65,71,86,92,111,118,158,166,183,188,196,228,236,243,279,287,293,334,378,386,477,524,560,678,681
true 1,4,5,12,19,20,23,41,44,63,66,91,109,112,117,150,189,194,226,231,324,329,334,375,473,478,597
true 1,4,5,19,20,23,63,66,123,150,197,237,242,332,337,381,386,389,476,481,484,526,529,600,603,634,678
true 1,4,5,19,20,23,47,63,66,115,120,150,229,234,239,339,378,383,483,486,523,602,605,606,680,681,716
true 1,4,12,19,25,41,68,91,109,120,152,165,189,234,288,324,337,378,389,428,481,529,600,606,634,681,716
true 1,4,19,25,44,68,112,123,152,165,197,226,237,239,288,332,334,381,383,428,476,478,486,523,597,605,680
true 1,4,19,25,47,68,115,117,152,165,194,229,231,242,288,329,339,375,386,428,473,483,484,526,602,603,678
true 1,4,12,19,41,73,76,91,109,157,160,189,239,242,280,283,324,383,386,484,486,523,526,603,605,678,680
true 1,4,19,73,76,117,120,123,157,160,194,197,231,234,237,280,283,329,332,375,378,381,473,476,606,681,716
true 1,4,19,44,47,73,76,112,115,157,160,226,229,280,283,334,337,339,389,478,481,483,529,597,600,602,634
true 1,5,12,22,23,44,68,91,115,117,155,157,194,234,283,332,334,381,383,428,481,526,602,603,634,680,716
true 1,5,22,23,41,68,112,123,155,157,197,229,231,242,283,324,337,378,389,428,473,483,484,523,597,605,681
true 1,5,22,23,47,68,109,120,155,157,189,226,237,239,283,329,339,375,386,428,476,478,486,529,600,606,678
true 1,12,22,25,63,66,91,115,120,155,160,165,226,231,280,332,337,381,386,389,473,478,523,602,605,606,678
true 1,22,25,41,44,63,66,123,155,160,165,197,229,234,239,280,324,329,334,375,483,486,526,529,600,603,716
true 1,22,25,47,63,66,109,112,117,155,160,165,189,194,237,242,280,339,378,383,476,481,484,597,634,680,681
true 1,12,20,22,73,76,91,112,115,150,152,155,239,242,288,329,332,375,378,381,484,486,529,597,600,602,681
true 1,20,22,41,73,76,117,120,123,150,152,155,194,197,226,229,288,324,383,386,478,481,483,606,634,678,680
true 1,20,22,44,47,73,76,109,150,152,155,189,231,234,237,288,334,337,339,389,473,476,523,526,603,605,716
true 1,5,12,23,44,65,71,91,117,152,160,194,229,237,280,288,334,378,386,476,483,523,529,600,605,678,681
true 1,5,23,65,71,109,115,123,152,160,189,197,226,234,242,280,288,329,337,375,383,389,478,484,602,680,716
true 1,5,23,41,47,65,71,112,120,152,160,231,239,280,288,324,332,339,381,473,481,486,526,597,603,606,634
true 1,12,20,25,65,71,91,112,120,150,157,165,229,237,283,329,337,375,383,389,476,483,526,597,603,606,680
true 1,20,25,44,65,71,109,115,123,150,157,165,189,197,231,239,283,334,378,386,473,481,486,602,634,678,681
true 1,20,25,41,47,65,71,117,150,157,165,194,226,234,242,283,324,332,339,381,478,484,523,529,600,605,716
true 1,12,63,65,66,68,71,73,76,91,226,229,231,234,237,239,242,428,473,476,478,481,483,484,486,634,716
true 1,63,65,66,68,71,73,76,109,112,115,117,120,123,189,194,197,428,523,526,529,597,600,602,603,605,606
true 1,41,44,47,63,65,66,68,71,73,76,324,329,332,334,337,339,375,378,381,383,386,389,428,678,680,681
true 1,31,43,65,71,86,92,112,120,156,164,228,236,243,281,289,294,323,331,376,384,477,526,559,597,603,606
true 1,44,65,71,85,90,114,122,156,164,184,190,198,225,232,240,281,289,294,334,378,386,475,527,559,678,681
true 1,32,46,65,71,111,118,156,164,183,188,196,226,234,242,281,289,294,325,333,380,387,478,484,524,559,716
true 1,4,5,19,20,23,32,46,63,66,86,89,114,119,150,184,187,192,228,233,238,322,327,377,382,471,522
true 1,4,5,19,20,23,63,66,92,150,190,195,243,325,330,335,387,390,474,479,527,530,531,598,635,636,696
true 1,4,5,19,20,23,63,66,122,150,198,236,241,333,338,380,385,388,477,482,485,525,528,601,604,633,679
true 1,4,19,25,32,46,68,86,114,152,165,184,195,228,241,288,330,385,428,474,485,525,531,604,636,679,696
true 1,4,19,25,68,92,119,152,165,190,192,233,243,288,325,327,338,377,387,388,428,471,482,527,528,601,633
true 1,4,19,25,68,89,122,152,165,187,198,236,238,288,322,333,335,380,382,390,428,477,479,522,530,598,635
true 1,4,19,32,46,73,76,86,114,157,160,184,228,280,283,335,338,388,390,479,482,528,530,598,601,633,635
true 1,4,19,73,76,89,92,157,160,187,190,238,241,243,280,283,322,325,382,385,387,485,522,525,527,604,679
true 1,4,19,73,76,119,122,157,160,192,195,198,233,236,280,283,327,330,333,377,380,471,474,477,531,636,696
true 1,5,22,23,32,46,68,89,119,155,157,190,192,236,238,283,330,385,428,477,479,527,528,601,635,679,696
true 1,5,22,23,68,92,114,155,157,184,195,233,243,283,322,333,335,380,382,390,428,471,482,525,531,604,633
true 1,5,22,23,68,86,122,155,157,187,198,228,241,283,325,327,338,377,387,388,428,474,485,522,530,598,636
true 1,22,25,32,46,63,66,155,160,165,190,195,236,241,280,322,327,377,382,477,482,485,527,530,531,598,633
true 1,22,25,63,66,92,114,119,155,160,165,184,187,192,243,280,333,338,380,385,388,474,479,522,635,636,679
true 1,22,25,63,66,86,89,122,155,160,165,198,228,233,238,280,325,330,335,387,390,471,525,528,601,604,696
true 1,20,22,32,46,73,76,150,152,155,187,190,233,236,288,335,338,388,390,471,474,477,522,525,527,604,636
true 1,20,22,73,76,89,92,114,150,152,155,184,238,241,243,288,327,330,333,377,380,485,528,530,598,601,696
true 1,20,22,73,76,86,119,122,150,152,155,192,195,198,228,288,322,325,382,385,387,479,482,531,633,635,679
true 1,5,23,32,46,65,71,89,119,152,160,192,238,280,288,325,333,380,387,474,482,525,530,598,604,633,636
true 1,5,23,65,71,86,92,152,160,187,195,228,236,243,280,288,327,335,377,385,390,477,522,528,531,601,679
true 1,5,23,65,71,114,122,152,160,184,190,198,233,241,280,288,322,330,338,382,388,471,479,485,527,635,696
true 1,20,25,32,46,65,71,150,157,165,187,195,233,241,283,325,333,380,387,471,479,485,522,528,531,601,635
true 1,20,25,65,71,86,92,119,150,157,165,192,228,236,243,283,322,330,338,382,388,477,525,530,598,604,696
true 1,20,25,65,71,89,114,122,150,157,165,184,190,198,238,283,327,335,377,385,390,474,482,527,633,636,679
true 1,32,46,63,65,66,68,71,73,76,322,325,327,330,333,335,338,377,380,382,385,387,388,390,428,679,696
true 1,63,65,66,68,71,73,76,86,89,92,228,233,236,238,241,243,428,471,474,477,479,482,485,633,635,636
true 1,63,65,66,68,71,73,76,114,119,122,184,187,190,192,195,198,428,522,525,527,528,530,531,598,601,604
true 1,7,20,28,44,68,109,120,150,160,189,229,231,242,280,332,334,381,383,428,473,483,484,529,600,606,680
true 1,31,32,43,44,46,65,71,72,74,323,325,331,333,334,376,378,380,384,386,387,427,429,433,434,678,681
true 1,65,71,72,74,85,86,90,92,225,226,228,232,234,236,240,242,243,427,429,433,434,475,477,478,484,716
true 1,65,71,72,74,111,112,114,118,120,122,183,184,188,190,196,198,427,429,433,434,524,526,527,597,603,606
true 1,22,31,43,86,112,122,155,156,166,188,198,228,232,242,281,293,325,378,387,427,434,475,484,524,597,681
true 1,22,32,46,90,111,120,155,156,166,183,190,226,236,240,281,293,331,376,386,427,434,477,478,527,606,678
true 1,22,44,85,92,114,118,155,156,166,184,196,225,234,243,281,293,323,333,334,380,384,427,434,526,603,716
true 1,2,4,5,8,10,11,19,20,23,30,31,39,40,43,63,66,84,85,88,108,111,150,183,186,225,321
true 1,4,5,19,20,23,33,48,63,66,87,90,116,121,150,185,188,193,230,235,240,323,328,379,384,472,524
true 1,4,5,13,19,20,23,42,45,63,66,93,110,113,118,150,191,196,227,232,326,331,336,376,475,480,599
true 1,2,4,8,10,19,25,30,39,45,68,84,90,113,152,165,188,227,240,288,323,336,384,428,480,524,599
true 1,4,11,19,25,33,40,48,68,87,88,108,116,118,152,165,185,186,196,230,232,288,321,331,376,428,475
true 1,4,13,19,25,31,42,43,68,85,93,110,111,121,152,165,183,191,193,225,235,288,326,328,379,428,472
true 1,2,4,8,10,19,30,39,73,76,84,118,121,157,160,193,196,232,235,280,283,328,331,376,379,472,475
true 1,4,19,31,33,43,45,48,73,76,85,87,111,113,116,157,160,183,185,225,227,230,280,283,336,480,599
true 1,4,11,13,19,40,42,73,76,88,90,93,108,110,157,160,186,188,191,240,280,283,321,323,326,384,524
true 1,2,5,8,11,22,23,31,42,43,68,87,88,113,155,157,188,230,232,283,326,328,379,428,475,524,599
true 1,5,10,22,23,33,40,48,68,84,90,110,111,121,155,157,183,191,193,227,240,283,321,331,376,428,480
true 1,5,13,22,23,30,39,45,68,85,93,108,116,118,155,157,185,186,196,225,235,283,323,336,384,428,472
true 1,2,8,22,25,42,45,63,66,87,90,108,111,155,160,165,183,186,230,235,240,280,326,331,336,376,472
true 1,10,11,22,25,33,48,63,66,84,85,88,110,113,118,155,160,165,191,196,225,280,323,328,379,384,599
true 1,13,22,25,30,31,39,40,43,63,66,93,116,121,155,160,165,185,188,193,227,232,280,321,475,480,524
true 1,2,8,20,22,40,42,73,76,85,87,118,121,150,152,155,193,196,225,227,230,288,321,323,326,384,480
true 1,10,20,22,31,33,43,45,48,73,76,84,108,110,150,152,155,186,188,191,232,235,288,336,472,475,524
true 1,11,13,20,22,30,39,73,76,88,90,93,111,113,116,150,152,155,183,185,240,288,328,331,376,379,599
true 1,2,5,8,11,23,31,43,65,71,88,110,116,152,160,185,191,227,235,280,288,323,331,376,384,472,480
true 1,5,23,30,33,39,42,48,65,71,85,90,108,113,121,152,160,186,193,225,232,240,280,288,326,475,599
true 1,5,10,13,23,40,45,65,71,84,87,93,111,118,152,160,183,188,196,230,280,288,321,328,336,379,524
true 1,2,8,20,25,40,45,65,71,85,90,110,116,150,157,165,185,191,225,232,240,283,321,328,336,379,475
true 1,11,20,25,30,33,39,42,48,65,71,88,111,118,150,157,165,183,188,196,227,235,283,326,472,480,524
true 1,10,13,20,25,31,43,65,71,84,87,93,108,113,121,150,157,165,186,193,230,283,323,331,376,384,599
true 1,2,8,63,65,66,68,71,73,76,108,110,111,113,116,118,121,183,185,186,188,191,193,196,428,524,599
true 1,30,31,33,39,40,42,43,45,48,63,65,66,68,71,73,76,321,323,326,328,331,336,376,379,384,428
true 1,10,11,13,63,65,66,68,71,73,76,84,85,87,88,90,93,225,227,230,232,235,240,428,472,475,480
true 1,22,31,43,92,114,120,155,158,164,184,188,226,232,243,279,294,333,380,386,429,433,475,478,524,606,678
true 1,22,44,86,90,111,122,155,158,164,183,198,228,234,240,279,294,325,331,334,376,387,429,433,526,603,716
true 1,22,32,46,85,112,118,155,158,164,190,196,225,236,242,279,294,323,378,384,429,433,477,484,527,597,681
true 1,7,20,28,68,86,119,150,160,190,192,228,241,280,322,333,335,380,382,390,428,474,485,527,528,601,636
true 1,22,31,32,43,44,46,72,74,155,188,190,232,234,236,287,289,334,475,477,524,526,527,559,560,603,716
true 1,22,72,74,90,92,111,112,114,155,183,184,240,242,243,287,289,331,333,376,378,380,484,559,560,597,681
true 1,22,72,74,85,86,118,120,122,155,196,198,225,226,228,287,289,323,325,384,386,387,478,559,560,606,678
true 1,3,4,5,14,15,16,19,20,23,49,50,53,54,57,63,66,124,125,128,134,137,150,244,247,260,391
true 1,4,5,18,19,20,23,56,59,63,66,133,136,139,144,150,252,257,262,267,396,401,406,411,536,541,639
true 1,4,5,19,20,23,52,62,63,66,127,130,142,147,150,246,249,254,265,270,275,393,398,414,419,533,550
true 1,3,4,14,15,19,25,49,53,59,68,124,130,139,152,165,249,262,275,288,393,406,419,428,541,550,639
true 1,4,18,19,25,50,56,57,68,125,133,136,137,147,152,165,244,252,254,260,270,288,396,398,414,428,533
true 1,4,16,19,25,52,54,62,68,127,128,134,142,144,152,165,246,247,257,265,267,288,391,401,411,428,536
true 1,3,4,14,15,19,49,53,73,76,124,144,147,157,160,254,257,267,270,280,283,398,401,411,414,533,536
true 1,4,16,18,19,54,56,73,76,128,130,133,134,136,157,160,247,249,252,275,280,283,391,393,396,419,550
true 1,4,19,50,52,57,59,62,73,76,125,127,137,139,142,157,160,244,246,260,262,265,280,283,406,541,639
true 1,3,5,14,16,22,23,50,56,57,68,127,128,139,155,157,249,265,267,283,396,398,414,428,536,550,639
true 1,5,18,22,23,49,53,59,68,125,133,134,142,144,155,157,246,247,257,260,270,283,393,406,419,428,533
true 1,5,15,22,23,52,54,62,68,124,130,136,137,147,155,157,244,252,254,262,275,283,391,401,411,428,541
true 1,3,14,22,25,56,59,63,66,127,130,134,137,155,160,165,244,247,265,270,275,280,396,401,406,411,533
true 1,18,22,25,49,50,53,54,57,63,66,133,142,147,155,160,165,246,249,254,262,267,280,391,536,541,550
true 1,15,16,22,25,52,62,63,66,124,125,128,136,139,144,155,160,165,252,257,260,280,393,398,414,419,639
true 1,3,14,20,22,54,56,73,76,125,127,144,147,150,152,155,254,257,260,262,265,288,391,393,396,419,541
true 1,16,18,20,22,49,53,73,76,128,130,133,137,139,142,150,152,155,244,246,275,288,398,401,411,414,639
true 1,15,20,22,50,52,57,59,62,73,76,124,134,136,150,152,155,247,249,252,267,270,288,406,533,536,550
true 1,3,5,14,16,23,50,57,65,71,128,136,142,152,160,246,252,262,270,280,288,393,401,411,419,533,541
true 1,5,15,18,23,54,59,65,71,124,127,133,137,144,152,160,244,249,257,265,280,288,391,398,406,414,550
true 1,5,23,49,52,53,56,62,65,71,125,130,134,139,147,152,160,247,254,260,267,275,280,288,396,536,639
true 1,3,14,20,25,54,59,65,71,125,130,136,142,150,157,165,246,252,260,267,275,283,391,398,406,414,536
true 1,15,18,20,25,50,57,65,71,124,127,133,134,139,147,150,157,165,247,254,265,283,393,401,411,419,639
true 1,16,20,25,49,52,53,56,62,65,71,128,137,144,150,157,165,244,249,257,262,270,283,396,533,541,550
true 1,3,14,63,65,66,68,71,73,76,134,136,137,139,142,144,147,244,246,247,249,252,254,257,428,550,639
true 1,15,16,18,63,65,66,68,71,73,76,124,125,127,128,130,133,260,262,265,267,270,275,428,533,536,541
true 1,49,50,52,53,54,56,57,59,62,63,65,66,68,71,73,76,391,393,396,398,401,406,411,414,419,428
true 1,4,19,31,43,85,111,122,166,183,198,225,236,242,289,293,333,380,386,429,433,477,484,526,559,603,678
true 1,4,19,32,46,86,90,114,120,166,184,188,228,234,240,289,293,323,378,384,429,433,524,559,606,681,716
true 1,4,19,44,92,112,118,166,190,196,226,232,243,289,293,325,331,334,376,387,429,433,475,478,527,559,597
true 1,4,19,31,43,85,92,111,120,164,183,190,225,234,243,287,294,325,378,387,427,434,527,560,606,681,716
true 1,4,19,44,90,112,122,164,188,198,226,236,240,287,294,323,333,334,380,384,427,434,477,478,524,560,597
true 1,4,19,32,46,86,114,118,164,184,196,228,232,242,287,294,331,376,386,427,434,475,484,526,560,603,678
true 1,7,11,28,45,67,86,88,121,159,190,193,228,231,290,333,336,380,383,426,473,527,529,558,600,651,680
true 1,4,19,31,32,43,44,46,72,74,85,86,111,112,114,156,158,183,184,225,226,228,279,281,334,478,597
true 1,4,19,72,74,90,92,156,158,188,190,240,242,243,279,281,323,325,384,386,387,484,524,526,527,603,678
true 1,4,19,72,74,118,120,122,156,158,196,198,232,234,236,279,281,331,333,376,378,380,475,477,606,681,716
true 1,12,65,71,91,111,118,151,159,167,183,188,196,229,237,286,292,327,335,377,385,390,476,483,524,651,679
true 1,31,43,65,71,109,115,123,151,159,167,189,197,233,241,286,292,323,331,376,384,471,479,485,602,635,651
true 1,41,47,65,71,85,90,119,151,159,167,192,225,232,240,286,292,324,332,339,381,475,525,530,598,604,651
true 1,12,65,67,71,75,85,90,91,225,229,232,233,237,240,241,426,430,432,435,471,475,476,479,483,485,635
true 1,65,67,71,75,109,111,115,118,119,123,183,188,189,192,196,197,426,430,432,435,524,525,530,598,602,604
true 1,31,41,43,47,65,67,71,75,323,324,327,331,332,335,339,376,377,381,384,385,390,426,430,432,435,679
true 1,7,28,30,39,44,67,87,110,120,159,191,230,242,290,322,334,382,426,474,484,528,558,601,606,636,651
true 1,12,24,31,43,65,71,91,119,163,192,229,237,282,290,323,331,376,384,476,483,525,530,558,561,598,604
true 1,24,65,71,85,90,109,115,123,163,189,197,225,232,240,282,290,327,335,377,385,390,475,558,561,602,679
true 1,24,41,47,65,71,111,118,163,183,188,196,233,241,282,290,324,332,339,381,471,479,485,524,558,561,635
true 1,12,22,67,85,91,115,118,155,167,196,225,233,282,292,323,332,335,381,384,390,426,471,525,561,602,604
true 1,22,31,41,43,67,123,155,167,188,197,229,232,241,282,292,324,327,377,426,475,483,485,524,530,561,598
true 1,22,47,67,90,109,111,119,155,167,183,189,192,237,240,282,292,331,339,376,385,426,476,479,561,635,679
true 1,12,22,75,90,91,111,115,151,155,183,240,241,286,290,327,331,332,376,377,381,435,485,530,558,598,602
true 1,22,41,75,85,118,119,123,151,155,192,196,197,225,229,286,290,323,324,384,385,435,479,483,558,635,679
true 1,22,31,43,47,75,109,151,155,188,189,232,233,237,286,290,335,339,390,435,471,475,476,524,525,558,604
true 1,6,9,20,26,37,67,99,105,150,158,172,213,279,303,356,364,426,441,450,506,571,623,653,662,703,723
true 1,6,20,26,67,107,150,158,224,279,304,366,374,426,451,517,572,580,625,631,663,693,704,710,721,724,729
true 1,6,20,26,38,67,79,106,150,158,171,214,223,279,296,302,365,426,440,507,516,562,570,624,652,692,702
true 1,9,20,27,99,106,150,159,168,172,302,356,365,374,427,434,441,451,570,624,631,651,653,663,702,721,724
true 1,20,27,37,107,150,159,168,171,213,223,304,366,427,434,440,450,506,516,572,625,651,652,662,692,704,723
true 1,20,27,38,79,105,150,159,168,214,224,296,303,364,427,434,507,517,562,571,580,623,651,693,703,710,729
true 1,9,20,77,78,99,150,171,172,223,224,289,290,356,440,441,516,517,558,559,580,652,653,692,693,710,729
true 1,20,77,78,105,106,107,150,289,290,302,303,304,364,365,366,558,559,570,571,572,623,624,625,702,703,704
true 1,20,37,38,77,78,79,150,213,214,289,290,296,374,450,451,506,507,558,559,562,631,662,663,721,723,724
true 1,6,9,26,37,68,105,159,172,214,289,303,365,428,450,516,559,562,572,625,651,652,663,693,702,710,721
true 1,6,26,68,99,107,159,213,224,289,296,304,364,374,428,440,451,507,559,570,580,624,651,653,692,703,723
true 1,6,26,38,68,79,106,159,171,223,289,302,356,366,428,441,506,517,559,571,623,631,651,662,704,724,729
true 1,9,27,68,106,158,168,172,214,279,290,302,364,374,428,440,451,506,517,558,562,572,625,662,692,703,729
true 1,27,37,68,99,107,158,168,171,223,279,290,296,304,365,428,450,507,558,571,623,631,653,693,702,710,724
true 1,27,38,68,79,105,158,168,213,224,279,290,303,356,366,428,441,516,558,570,580,624,652,663,704,721,723
true 1,9,67,68,77,78,171,172,213,214,223,224,426,427,428,434,562,570,571,572,580,623,624,625,631,723,724
true 1,67,68,77,78,99,105,106,107,296,302,303,304,426,427,428,434,506,507,516,517,652,653,662,663,721,729
true 1,37,38,67,68,77,78,79,356,364,365,366,374,426,427,428,434,440,441,450,451,692,693,702,703,704,710
true 1,6,9,26,37,105,160,172,280,290,296,303,366,427,434,440,450,507,517,558,570,624,631,692,704,724,729
true 1,6,26,107,160,214,224,280,290,304,356,365,374,427,434,441,451,506,516,558,562,571,580,623,652,662,702
true 1,6,26,38,79,99,106,160,171,213,223,280,290,302,364,427,434,558,572,625,653,663,693,703,710,721,723
true 1,9,27,67,106,160,168,172,213,280,289,296,302,366,374,426,451,507,516,559,571,623,652,693,704,710,723
true 1,27,37,67,107,160,168,171,214,223,280,289,304,356,364,426,441,450,517,559,562,570,624,663,703,721,729
true 1,27,38,67,79,99,105,160,168,224,280,289,303,365,426,440,506,559,572,580,625,631,653,662,692,702,724
true 1,9,77,78,158,159,160,171,172,223,224,279,280,296,364,365,366,506,507,580,651,662,663,702,703,704,721
true 1,77,78,105,106,107,158,159,160,213,214,279,280,302,303,304,356,440,441,562,631,651,692,693,710,723,724
true 1,37,38,77,78,79,99,158,159,160,279,280,374,450,451,516,517,570,571,572,623,624,625,651,652,653,729
true 1,7,28,67,109,111,119,159,183,189,192,229,232,241,290,323,332,335,381,384,390,426,475,483,485,558,651
true 1,12,22,24,31,43,91,115,119,155,159,163,188,192,232,332,381,385,430,432,475,479,524,602,635,651,679
true 1,22,24,41,90,111,123,155,159,163,183,197,229,233,240,324,331,335,376,390,430,432,471,483,525,604,651
true 1,22,24,47,85,109,118,155,159,163,189,196,225,237,241,323,327,339,377,384,430,432,476,485,530,598,651
true 1,4,12,19,41,91,109,118,167,189,196,232,290,292,324,331,335,376,390,430,432,475,479,530,558,598,635
true 1,4,19,31,43,85,111,123,167,183,197,225,237,241,290,292,332,381,385,430,432,476,485,525,558,604,679
true 1,4,19,47,90,115,119,167,188,192,229,233,240,290,292,323,327,339,377,384,430,432,471,483,524,558,602
true 1,6,9,26,37,63,66,105,151,156,172,209,212,281,286,303,357,362,450,508,513,564,569,655,660,705,708
true 1,6,26,63,66,107,151,156,224,281,286,304,374,451,510,515,580,627,630,656,661,694,695,706,709,725,726
true 1,6,26,38,63,66,79,106,151,156,171,223,281,286,302,358,363,436,439,509,514,563,568,626,629,654,659
true 1,9,27,63,66,106,168,172,209,212,282,287,302,374,451,509,514,560,561,564,569,654,659,694,695,706,709
true 1,27,37,63,66,107,168,171,223,282,287,304,357,362,450,510,515,560,561,563,568,626,629,656,661,705,708
true 1,27,38,63,66,79,105,168,224,282,287,303,358,363,436,439,508,513,560,561,580,627,630,655,660,725,726
true 1,9,63,66,77,78,171,172,209,212,223,224,429,430,432,433,563,564,568,569,580,626,627,629,630,725,726
true 1,63,66,77,78,105,106,107,302,303,304,429,430,432,433,508,509,510,513,514,515,654,655,656,659,660,661
true 1,37,38,63,66,77,78,79,357,358,362,363,374,429,430,432,433,436,439,450,451,694,695,705,706,708,709
true 1,6,9,26,37,105,152,172,282,288,303,358,429,433,439,450,509,515,561,568,626,630,656,659,695,706,725
true 1,6,26,107,152,209,224,282,288,304,357,363,374,429,433,436,451,508,514,561,563,569,580,629,654,660,708
true 1,6,26,38,79,106,152,171,212,223,282,288,302,362,429,433,510,513,561,564,627,655,661,694,705,709,726
true 1,9,27,106,152,156,168,172,281,288,302,358,362,374,430,432,439,451,508,515,563,627,629,656,660,705,726
true 1,27,37,107,152,156,168,171,209,223,281,288,304,363,430,432,436,450,509,513,569,630,655,659,694,709,725
true 1,27,38,79,105,152,156,168,212,224,281,288,303,357,430,432,510,514,564,568,580,626,654,661,695,706,708
true 1,9,77,78,151,152,171,172,223,224,286,287,288,357,358,439,513,514,515,560,580,654,655,656,694,708,709
true 1,77,78,105,106,107,151,152,209,286,287,288,302,303,304,362,363,436,560,568,569,626,627,695,705,706,726
true 1,37,38,77,78,79,151,152,212,286,287,288,374,450,451,508,509,510,560,563,564,629,630,659,660,661,725
true 1,6,9,26,37,105,157,172,283,287,303,363,430,432,436,450,510,514,560,563,627,629,654,661,694,709,726
true 1,6,26,107,157,212,224,283,287,304,358,362,374,430,432,439,451,509,513,560,564,568,580,626,655,659,705
true 1,6,26,38,79,106,157,171,209,223,283,287,302,357,430,432,508,515,560,569,630,656,660,695,706,708,725
true 1,9,27,106,151,157,168,172,283,286,302,357,363,374,429,433,436,451,510,513,568,626,630,655,661,708,725
true 1,27,37,107,151,157,168,171,212,223,283,286,304,358,429,433,439,450,508,514,564,627,654,660,695,706,726
true 1,27,38,79,105,151,157,168,209,224,283,286,303,362,429,433,509,515,563,569,580,629,656,659,694,705,709
true 1,9,77,78,156,157,171,172,223,224,281,282,283,362,363,436,508,509,510,561,580,659,660,661,695,705,706
true 1,77,78,105,106,107,156,157,212,281,282,283,302,303,304,357,358,439,561,563,564,629,630,694,708,709,725
true 1,37,38,77,78,79,156,157,209,281,282,283,374,450,451,513,514,515,561,568,569,626,627,654,655,656,726
true 1,4,12,19,41,75,90,91,109,159,188,189,240,241,282,323,324,384,385,435,485,524,525,561,604,651,679
true 1,4,19,75,118,119,123,159,192,196,197,232,233,237,282,327,331,332,376,377,381,435,471,475,476,561,651
true 1,4,19,31,43,47,75,85,111,115,159,183,225,229,282,335,339,390,435,479,483,530,561,598,602,635,651
true 1,7,11,28,45,88,109,121,158,189,193,229,279,289,322,332,336,381,382,427,434,474,483,528,559,601,636
true 1,4,12,19,24,31,41,43,67,85,91,109,111,119,151,163,183,189,192,225,233,286,324,327,377,426,471
true 1,4,19,24,67,90,123,151,163,188,197,237,240,286,323,332,335,381,384,390,426,476,479,524,530,598,635
true 1,4,19,24,47,67,115,118,151,163,196,229,232,241,286,331,339,376,385,426,475,483,485,525,602,604,679
true 1,4,7,19,22,24,28,65,67,71,75,151,155,159,163,167,282,286,290,292,426,430,432,435,558,561,651
true 1,11,65,71,88,114,122,151,159,167,184,190,198,227,235,286,292,329,337,375,383,389,472,480,527,651,680
true 1,32,46,65,71,108,113,121,151,159,167,186,193,231,239,286,292,325,333,380,387,473,481,486,599,634,651
true 1,40,45,65,71,86,92,117,151,159,167,194,228,236,243,286,292,321,328,336,379,477,523,529,600,605,651
true 1,7,28,44,86,111,120,158,183,190,228,232,242,279,289,323,333,334,380,384,427,434,475,484,527,559,606
true 1,11,65,67,71,75,86,88,92,227,228,231,235,236,239,243,426,430,432,435,472,473,477,480,481,486,634
true 1,65,67,71,75,108,113,114,117,121,122,184,186,190,193,194,198,426,430,432,435,523,527,529,599,600,605
true 1,32,40,45,46,65,67,71,75,321,325,328,329,333,336,337,375,379,380,383,387,389,426,430,432,435,680
true 1,11,24,32,46,65,71,88,117,163,194,227,235,282,290,325,333,380,387,472,480,523,529,558,561,600,605
true 1,24,65,71,86,92,108,113,121,163,186,193,228,236,243,282,290,329,337,375,383,389,477,558,561,599,680
true 1,24,40,45,65,71,114,122,163,184,190,198,231,239,282,290,321,328,336,379,473,481,486,527,558,561,634
true 1,11,22,67,86,88,113,122,155,167,198,228,231,282,292,325,328,337,379,387,389,426,473,523,561,599,605
true 1,22,32,40,46,67,121,155,167,190,193,227,236,239,282,292,321,329,375,426,477,480,486,527,529,561,600
true 1,22,45,67,92,108,114,117,155,167,184,186,194,235,243,282,292,333,336,380,383,426,472,481,561,634,680
true 1,7,28,30,39,87,110,119,158,191,192,230,231,241,279,289,335,383,390,427,434,473,485,529,559,600,680
true 1,11,22,75,88,92,113,114,151,155,184,239,243,286,290,328,329,333,375,379,380,435,486,529,558,599,600
true 1,22,40,75,86,117,121,122,151,155,193,194,198,227,228,286,290,321,325,383,387,435,480,481,558,634,680
true 1,22,32,45,46,75,108,151,155,186,190,231,235,236,286,290,336,337,389,435,472,473,477,523,527,558,605
true 1,6,20,26,29,67,82,150,158,174,180,208,279,309,355,426,452,460,497,505,581,618,668,684,690,718,728
true 1,6,20,26,67,83,97,150,158,181,207,279,310,319,345,354,426,461,496,582,591,608,617,669,683,712,717
true 1,6,20,26,34,67,96,150,158,182,200,206,279,320,344,426,462,470,487,495,592,607,670,676,682,713,727
true 1,20,27,29,96,150,159,168,174,181,208,344,354,427,434,452,461,470,497,607,617,651,669,676,684,717,727
true 1,20,27,83,97,150,159,168,180,206,310,320,345,355,427,434,460,495,582,592,608,618,651,668,682,713,718
true 1,20,27,34,82,150,159,168,182,200,207,309,319,427,434,462,487,496,505,581,591,651,670,683,690,712,728
true 1,20,29,77,78,150,174,206,207,208,289,290,319,320,452,495,496,497,558,559,591,592,682,683,684,712,713
true 1,20,77,78,82,83,96,97,150,289,290,309,310,344,345,470,505,558,559,581,582,607,608,676,690,727,728
true 1,20,34,77,78,150,180,181,182,200,289,290,354,355,460,461,462,487,558,559,617,618,668,669,670,717,718
true 1,6,26,29,68,82,159,180,200,208,289,310,344,355,428,461,495,505,559,591,608,651,670,683,713,717,727
true 1,6,26,68,83,97,159,181,207,289,319,354,428,452,462,487,497,559,581,592,607,618,651,668,676,682,690
true 1,6,26,34,68,96,159,174,182,206,289,309,320,345,428,460,470,496,559,582,617,651,669,684,712,718,728
true 1,27,29,68,96,158,168,181,200,208,279,290,310,354,428,460,470,496,558,581,592,608,670,682,690,712,718
true 1,27,68,83,97,158,168,180,206,279,290,309,320,344,355,428,452,462,487,497,558,591,617,669,683,727,728
true 1,27,34,68,82,158,168,174,182,207,279,290,319,345,428,461,495,505,558,582,607,618,668,676,684,713,717
true 1,29,67,68,77,78,200,206,207,208,309,310,319,320,426,427,428,434,607,608,617,618,668,669,670,676,728
true 1,67,68,77,78,82,83,96,97,426,427,428,434,452,460,461,462,470,487,495,496,497,505,712,713,717,718
true 1,34,67,68,77,78,174,180,181,182,344,345,354,355,426,427,428,434,581,582,591,592,682,683,684,690,727
true 1,6,26,29,82,160,180,208,280,290,345,355,427,434,462,487,496,505,558,582,592,607,617,669,676,682,712
true 1,6,26,83,97,160,174,181,200,207,280,290,309,319,344,354,427,434,460,495,558,670,684,713,718,727,728
true 1,6,26,34,96,160,182,206,280,290,310,320,427,434,452,461,470,497,558,581,591,608,618,668,683,690,717
true 1,27,29,67,96,160,168,181,208,280,289,309,345,354,426,462,470,487,495,559,582,591,618,668,683,713,728
true 1,27,67,83,97,160,168,174,180,200,206,280,289,320,355,426,461,496,559,581,607,670,676,684,690,712,717
true 1,27,34,67,82,160,168,182,207,280,289,310,319,344,426,452,460,497,505,559,592,608,617,669,682,718,727
true 1,29,77,78,158,159,160,206,207,208,279,280,319,320,344,345,460,461,462,487,581,582,651,690,717,718,727
true 1,77,78,82,83,96,97,158,159,160,174,200,279,280,470,505,591,592,617,618,651,668,669,670,682,683,684
true 1,34,77,78,158,159,160,180,181,182,279,280,309,310,354,355,452,495,496,497,607,608,651,676,712,713,728
true 1,11,22,24,32,46,88,113,117,155,159,163,190,194,236,328,379,383,430,432,477,481,527,599,634,651,680
true 1,22,24,40,92,114,121,155,159,163,184,193,227,231,243,321,333,337,380,389,430,432,473,480,523,605,651
true 1,22,24,45,86,108,122,155,159,163,186,198,228,235,239,325,329,336,375,387,430,432,472,486,529,600,651
true 1,4,11,19,40,88,108,122,167,186,198,236,290,292,321,333,337,380,389,430,432,477,481,529,558,600,634
true 1,4,19,32,46,86,114,121,167,184,193,228,235,239,290,292,328,379,383,430,432,472,486,523,558,605,680
true 1,4,19,45,92,113,117,167,190,194,227,231,243,290,292,325,329,336,375,387,430,432,473,480,527,558,599
true 1,7,20,28,41,68,115,117,150,160,194,226,237,239,280,324,337,378,389,428,476,478,486,526,602,603,681
true 1,6,26,29,63,66,82,151,156,180,208,281,286,305,308,355,453,458,505,583,588,611,616,686,689,719,720
true 1,6,26,63,66,83,97,151,156,181,207,281,286,319,354,454,459,489,494,584,589,610,615,671,674,685,688
true 1,6,26,34,63,66,96,151,156,182,206,281,286,320,340,343,470,488,493,585,590,609,614,672,675,714,715
true 1,27,29,63,66,96,168,181,208,282,287,305,308,354,470,488,493,560,561,584,589,611,616,685,688,714,715
true 1,27,63,66,83,97,168,180,206,282,287,320,355,454,459,489,494,560,561,583,588,609,614,672,675,686,689
true 1,27,34,63,66,82,168,182,207,282,287,319,340,343,453,458,505,560,561,585,590,610,615,671,674,719,720
true 1,29,63,66,77,78,206,207,208,305,308,319,320,429,430,432,433,609,610,611,614,615,616,671,672,674,675
true 1,63,66,77,78,82,83,96,97,429,430,432,433,453,454,458,459,470,488,489,493,494,505,714,715,719,720
true 1,34,63,66,77,78,180,181,182,340,343,354,355,429,430,432,433,583,584,585,588,589,590,685,686,688,689
true 1,6,26,29,82,152,180,208,282,288,340,355,429,433,454,488,494,505,561,584,590,609,615,671,675,688,715
true 1,6,26,83,97,152,181,207,282,288,308,319,343,354,429,433,458,493,561,585,588,611,614,672,686,714,719
true 1,6,26,34,96,152,182,206,282,288,305,320,429,433,453,459,470,489,561,583,589,610,616,674,685,689,720
true 1,27,29,96,152,156,168,181,208,281,288,340,354,430,432,454,458,470,494,583,590,610,614,672,674,689,719
true 1,27,83,97,152,156,168,180,206,281,288,308,320,343,355,430,432,453,488,585,589,611,615,671,685,715,720
true 1,27,34,82,152,156,168,182,207,281,288,305,319,430,432,459,489,493,505,584,588,609,616,675,686,688,714
true 1,29,77,78,151,152,206,207,208,286,287,288,319,320,340,453,454,493,494,560,588,589,590,685,686,714,720
true 1,77,78,82,83,96,97,151,152,286,287,288,308,343,470,505,560,583,584,585,609,610,611,674,675,688,689
true 1,34,77,78,151,152,180,181,182,286,287,288,305,354,355,458,459,488,489,560,614,615,616,671,672,715,719
true 1,6,26,29,82,157,180,208,283,287,343,355,430,432,459,489,493,505,560,585,589,610,614,672,674,685,714
true 1,6,26,83,97,157,181,207,283,287,305,319,340,354,430,432,453,488,560,583,590,609,616,675,689,715,720
true 1,6,26,34,96,157,182,206,283,287,308,320,430,432,454,458,470,494,560,584,588,611,615,671,686,688,719
true 1,27,29,96,151,157,168,181,208,283,286,343,354,429,433,453,459,470,489,585,588,609,615,671,675,686,720
true 1,27,83,97,151,157,168,180,206,283,286,305,320,340,355,429,433,458,493,584,590,610,616,674,688,714,719
true 1,27,34,82,151,157,168,182,207,283,286,308,319,429,433,454,488,494,505,583,589,611,614,672,685,689,715
true 1,29,77,78,156,157,206,207,208,281,282,283,319,320,343,458,459,488,489,561,583,584,585,688,689,715,719
true 1,77,78,82,83,96,97,156,157,281,282,283,305,340,470,505,561,588,589,590,614,615,616,671,672,685,686
true 1,34,77,78,156,157,180,181,182,281,282,283,308,354,355,453,454,493,494,561,609,610,611,674,675,714,720
true 1,4,11,19,40,75,88,92,108,159,186,190,239,243,282,321,325,383,387,435,486,523,527,561,605,651,680
true 1,4,19,75,117,121,122,159,193,194,198,231,235,236,282,328,329,333,375,379,380,435,472,473,477,561,651
true 1,4,19,32,45,46,75,86,113,114,159,184,227,228,282,336,337,389,435,480,481,529,561,599,600,634,651
true 1,4,11,19,24,32,40,46,67,86,88,108,114,117,151,163,184,186,194,228,231,286,321,329,375,426,473
true 1,4,19,24,67,92,121,151,163,190,193,235,243,286,325,328,337,379,387,389,426,472,481,527,529,600,634
true 1,4,19,24,45,67,113,122,151,163,198,227,236,239,286,333,336,380,383,426,477,480,486,523,599,605,680
true 1,11,65,71,88,109,115,123,158,166,189,197,227,235,279,287,293,322,330,338,382,388,472,480,560,602,696
true 1,41,47,65,71,89,108,113,121,158,166,186,193,238,279,287,293,324,332,339,381,474,482,560,599,633,636
true 1,12,40,45,65,71,91,158,166,187,195,229,237,279,287,293,321,328,336,379,476,483,522,528,531,560,601
true 1,6,26,35,36,63,66,100,103,151,156,215,220,281,286,356,438,441,446,506,566,571,576,623,657,662,665
true 1,6,26,63,66,151,156,217,222,281,286,368,373,518,521,567,572,577,625,658,663,666,693,707,710,711,721
true 1,6,26,63,66,101,104,151,156,216,221,281,286,295,296,299,367,372,437,440,445,507,565,570,575,624,692
true 1,27,35,36,63,66,168,216,221,282,287,356,438,441,446,518,521,560,561,565,570,575,624,658,663,666,721
true 1,27,63,66,100,103,168,217,222,282,287,367,372,437,440,445,506,560,561,567,572,577,625,657,662,665,692
true 1,27,63,66,101,104,168,215,220,282,287,295,296,299,368,373,507,560,561,566,571,576,623,693,707,710,711
true 1,35,36,63,66,77,78,356,367,368,372,373,429,430,432,433,437,438,440,441,445,446,692,693,707,710,711
true 1,63,66,77,78,215,216,217,220,221,222,429,430,432,433,565,566,567,570,571,572,575,576,577,623,624,625
true 1,63,66,77,78,100,101,103,104,295,296,299,429,430,432,433,506,507,518,521,657,658,662,663,665,666,721
true 1,6,26,35,100,104,152,215,221,282,288,299,372,429,433,438,445,561,566,572,575,625,657,663,693,710,721
true 1,6,26,36,103,152,217,220,282,288,296,368,429,433,440,446,507,518,561,567,570,576,624,658,665,692,707
true 1,6,26,101,152,216,222,282,288,295,356,367,373,429,433,437,441,506,521,561,565,571,577,623,662,666,711
true 1,27,35,104,152,156,168,216,220,281,288,299,373,430,432,438,440,506,518,565,572,576,625,658,662,692,711
true 1,27,36,100,152,156,168,217,221,281,288,296,367,430,432,437,446,507,521,567,571,575,623,657,666,693,710
true 1,27,101,103,152,156,168,215,222,281,288,295,356,368,372,430,432,441,445,566,570,577,624,663,665,707,721
true 1,35,77,78,103,104,151,152,286,287,288,299,367,368,437,438,521,560,570,571,572,623,624,625,665,666,707
true 1,36,77,78,151,152,215,216,217,286,287,288,296,372,373,445,446,506,507,560,565,566,567,662,663,711,721
true 1,77,78,100,101,151,152,220,221,222,286,287,288,295,356,440,441,518,560,575,576,577,657,658,692,693,710
true 1,6,26,35,100,157,215,222,283,287,296,373,430,432,438,440,507,521,560,566,570,577,624,657,666,692,711
true 1,6,26,104,157,217,221,283,287,299,356,368,372,430,432,441,445,506,518,560,567,571,575,623,658,662,707
true 1,6,26,36,101,103,157,216,220,283,287,295,367,430,432,437,446,560,565,572,576,625,663,665,693,710,721
true 1,27,35,103,151,157,168,216,222,283,286,296,372,429,433,438,445,507,518,565,571,577,623,658,665,693,710
true 1,27,100,104,151,157,168,217,220,283,286,299,356,367,373,429,433,437,441,567,570,576,624,657,663,711,721
true 1,27,36,101,151,157,168,215,221,283,286,295,368,429,433,440,446,506,521,566,572,575,625,662,666,692,707
true 1,35,77,78,156,157,220,221,222,281,282,283,296,367,368,437,438,506,507,561,575,576,577,662,663,707,721
true 1,77,78,103,104,156,157,215,216,217,281,282,283,299,356,440,441,521,561,565,566,567,665,666,692,693,710
true 1,36,77,78,100,101,156,157,281,282,283,295,372,373,445,446,518,561,570,571,572,623,624,625,657,658,711
true 1,7,20,28,68,89,114,150,160,184,195,236,238,280,325,327,338,377,387,388,428,477,479,525,531,604,635
true 1,11,41,47,65,71,88,156,164,187,195,227,235,281,289,294,324,332,339,381,472,480,522,528,531,559,601
true 1,12,65,71,91,108,113,121,156,164,186,193,229,237,281,289,294,322,330,338,382,388,476,483,559,599,696
true 1,40,45,65,71,89,109,115,123,156,164,189,197,238,281,289,294,321,328,336,379,474,482,559,602,633,636
true 1,11,12,65,71,72,74,88,89,91,227,229,235,237,238,427,429,433,434,472,474,476,480,482,483,633,636
true 1,65,71,72,74,108,109,113,115,121,123,186,187,189,193,195,197,427,429,433,434,522,528,531,599,601,602
true 1,40,41,45,47,65,71,72,74,321,322,324,328,330,332,336,338,339,379,381,382,388,427,429,433,434,696
true 1,11,22,47,88,109,113,155,158,164,189,195,237,279,294,322,328,339,379,382,429,433,476,482,531,599,633
true 1,12,22,40,91,115,121,155,158,164,187,193,227,279,294,321,332,338,381,388,429,433,474,480,522,602,636
true 1,22,41,45,89,108,123,155,158,164,186,197,229,235,238,279,294,324,330,336,429,433,472,483,528,601,696
true 1,6,26,35,100,160,170,215,219,280,290,300,370,427,434,438,447,510,519,558,566,627,657,661,694,709,726
true 1,6,26,102,160,217,218,280,290,301,358,368,369,427,434,439,448,509,518,558,567,568,578,626,658,659,707
true 1,6,26,101,160,209,216,280,290,295,357,367,371,427,434,437,449,508,520,558,565,569,579,632,660,667,708
true 1,27,35,67,160,168,170,216,219,280,289,357,369,426,438,448,510,518,520,559,565,568,626,658,661,667,708
true 1,27,67,100,102,160,168,217,280,289,301,358,367,370,426,437,439,447,508,559,567,579,627,632,657,660,726
true 1,27,67,101,160,168,209,215,218,280,289,295,300,368,371,426,449,509,519,559,566,569,578,659,694,707,709
true 1,11,12,22,72,74,88,89,91,113,115,155,238,287,289,328,330,332,379,381,528,559,560,599,601,602,696
true 1,22,40,41,72,74,121,123,155,193,195,197,227,229,287,289,321,322,324,382,480,482,483,531,559,560,633
true 1,22,45,47,72,74,108,109,155,186,187,189,235,237,287,289,336,338,339,388,472,474,476,522,559,560,636
true 1,6,20,26,35,67,100,102,150,158,209,215,218,279,301,357,369,426,438,448,508,566,569,578,657,660,708
true 1,6,20,26,67,150,158,217,279,368,371,426,449,510,518,520,567,579,627,632,658,661,667,694,707,709,726
true 1,6,20,26,67,101,150,158,170,216,219,279,295,300,358,367,370,426,437,439,447,509,519,565,568,626,659
true 1,20,27,35,102,150,159,168,209,216,301,370,427,434,438,447,509,518,565,569,579,632,651,658,659,694,709
true 1,20,27,100,150,159,168,217,218,300,357,367,371,427,434,437,449,510,519,567,568,578,626,651,657,661,708
true 1,20,27,101,150,159,168,170,215,219,295,358,368,369,427,434,439,448,508,520,566,627,651,660,667,707,726
true 1,20,35,77,78,102,150,209,289,290,300,301,367,368,437,438,519,520,558,559,568,569,626,627,667,707,726
true 1,20,77,78,150,215,216,217,289,290,369,370,371,447,448,449,508,509,510,558,559,565,566,567,659,660,661
true 1,20,77,78,100,101,150,170,218,219,289,290,295,357,358,439,518,558,559,578,579,632,657,658,694,708,709
true 1,6,26,35,68,100,159,215,289,358,371,428,438,439,449,509,520,559,566,568,579,626,632,651,657,659,667
true 1,6,26,68,159,170,209,217,219,289,300,357,368,370,428,447,508,518,519,559,567,569,651,658,660,707,708
true 1,6,26,68,101,102,159,216,218,289,295,301,367,369,428,437,448,510,559,565,578,627,651,661,694,709,726
true 1,27,35,68,158,168,216,218,279,290,300,358,371,428,438,439,449,508,518,519,558,565,578,627,658,660,726
true 1,27,68,100,158,168,170,209,217,219,279,290,367,369,428,437,448,509,520,558,567,569,657,659,667,694,709
true 1,27,68,101,102,158,168,215,279,290,295,301,357,368,370,428,447,510,558,566,568,579,626,632,661,707,708
true 1,35,67,68,77,78,357,358,367,368,369,370,371,426,427,428,434,437,438,439,447,448,449,694,707,708,709
true 1,67,68,77,78,170,209,215,216,217,218,219,426,427,428,434,565,566,567,568,569,578,579,626,627,632,726
true 1,67,68,77,78,100,101,102,295,300,301,426,427,428,434,508,509,510,518,519,520,657,658,659,660,661,667
true 1,7,28,31,41,43,67,90,115,118,159,196,237,240,290,324,327,377,426,476,479,525,558,602,604,635,651
true 1,4,11,19,40,88,108,123,166,186,197,237,289,293,321,332,338,381,388,429,433,476,482,528,559,601,633
true 1,4,19,47,89,115,121,166,187,193,229,235,238,289,293,322,328,339,379,382,429,433,472,483,522,559,602
true 1,4,12,19,41,45,91,109,113,166,189,195,227,289,293,324,330,336,429,433,474,480,531,559,599,636,696
true 1,4,11,19,40,47,88,108,115,164,186,195,229,287,294,321,330,339,427,434,474,483,531,560,602,636,696
true 1,4,12,19,41,91,109,121,164,189,193,235,287,294,324,328,338,379,388,427,434,472,482,528,560,601,633
true 1,4,19,45,89,113,123,164,187,197,227,237,238,287,294,322,332,336,381,382,427,434,476,480,522,560,599
true 1,4,11,12,19,40,41,72,74,88,89,91,108,109,156,158,186,187,189,238,279,281,321,322,324,382,522
true 1,4,19,72,74,121,123,156,158,193,195,197,235,237,279,281,328,330,332,379,381,472,474,476,531,636,696
true 1,4,19,45,47,72,74,113,115,156,158,227,229,279,281,336,338,339,388,480,482,483,528,599,601,602,633
true 1,7,28,67,108,114,117,159,184,186,194,227,236,239,290,325,328,337,379,387,389,426,477,480,486,558,651
true 1,6,26,63,66,80,81,151,156,175,178,281,286,311,316,452,492,497,502,581,613,618,621,668,687,690,691
true 1,6,26,63,66,151,156,176,179,281,286,312,317,342,345,350,463,468,491,496,501,582,612,617,620,669,712
true 1,6,26,63,66,151,156,199,200,203,281,286,313,318,341,344,349,464,469,490,495,500,593,596,670,713,727
true 1,27,63,66,80,81,168,282,287,312,317,341,344,349,452,492,497,502,560,561,593,596,612,617,620,669,727
true 1,27,63,66,168,176,179,282,287,311,316,342,345,350,464,469,490,495,500,560,561,582,613,618,621,668,713
true 1,27,63,66,168,175,178,199,200,203,282,287,313,318,463,468,491,496,501,560,561,581,670,687,690,691,712
true 1,63,66,77,78,80,81,429,430,432,433,452,463,464,468,469,490,491,492,495,496,497,500,501,502,712,713
true 1,63,66,77,78,175,176,178,179,341,342,344,345,349,350,429,430,432,433,581,582,593,596,687,690,691,727
true 1,63,66,77,78,199,200,203,311,312,313,316,317,318,429,430,432,433,612,613,617,618,620,621,668,669,670
true 1,6,26,80,152,175,179,200,282,288,311,317,344,350,429,433,468,492,495,501,561,613,620,670,687,713,727
true 1,6,26,152,176,203,282,288,312,318,342,349,429,433,452,463,469,491,497,500,561,581,596,612,618,668,690
true 1,6,26,81,152,178,199,282,288,313,316,341,345,429,433,464,490,496,502,561,582,593,617,621,669,691,712
true 1,27,80,152,156,168,179,200,281,288,312,316,341,350,430,432,469,492,496,500,581,593,612,621,670,690,712
true 1,27,152,156,168,176,178,203,281,288,311,318,342,344,430,432,452,464,468,490,497,501,613,617,669,691,727
true 1,27,81,152,156,168,175,199,281,288,313,317,345,349,430,432,463,491,495,502,582,596,618,620,668,687,713
true 1,77,78,80,151,152,178,179,200,286,287,288,349,350,463,464,490,491,492,560,596,617,618,668,669,670,691
true 1,77,78,151,152,175,176,203,286,287,288,316,317,318,341,342,452,495,496,497,560,593,620,621,687,712,713
true 1,77,78,81,151,152,199,286,287,288,311,312,313,344,345,468,469,500,501,502,560,581,582,612,613,690,727
true 1,6,26,80,157,175,203,283,287,311,318,345,349,430,432,469,492,496,500,560,582,596,613,617,669,687,712
true 1,6,26,81,157,176,178,200,283,287,312,316,342,344,430,432,463,491,495,502,560,612,621,670,691,713,727
true 1,6,26,157,179,199,283,287,313,317,341,350,430,432,452,464,468,490,497,501,560,581,593,618,620,668,690
true 1,27,80,151,157,168,178,203,283,286,312,318,341,345,429,433,468,492,495,501,582,593,612,618,668,691,713
true 1,27,81,151,157,168,176,200,283,286,311,317,342,349,429,433,464,490,496,502,581,596,613,620,670,690,712
true 1,27,151,157,168,175,179,199,283,286,313,316,344,350,429,433,452,463,469,491,497,500,617,621,669,687,727
true 1,77,78,80,156,157,203,281,282,283,316,317,318,344,345,463,464,490,491,492,561,581,582,620,621,690,727
true 1,77,78,81,156,157,175,176,200,281,282,283,341,342,468,469,500,501,502,561,593,617,618,668,669,670,687
true 1,77,78,156,157,178,179,199,281,282,283,311,312,313,349,350,452,495,496,497,561,596,612,613,691,712,713
true 1,5,7,23,25,28,64,69,73,76,151,154,158,161,165,279,282,285,286,289,291,427,430,432,434,559,561
true 1,50,57,65,71,140,148,158,166,245,251,259,261,269,277,279,287,293,393,401,411,419,539,545,553,560,722
true 1,58,65,71,126,132,137,144,158,166,244,249,257,263,271,278,279,287,293,404,413,421,538,550,560,697,700
true 1,51,60,65,71,125,130,138,146,158,166,260,267,275,279,287,293,395,403,415,422,536,552,560,637,643,646
true 1,6,26,68,80,95,159,175,204,289,311,351,428,454,467,492,494,559,584,595,613,615,651,671,677,687,688
true 1,6,26,68,159,176,177,289,312,314,342,343,353,428,463,465,491,493,504,559,585,612,614,622,651,672,714
true 1,6,26,68,159,199,205,289,305,313,315,341,352,428,453,464,466,490,503,559,583,593,594,616,651,689,720
true 1,27,68,80,95,158,168,279,290,312,314,341,352,428,454,467,492,494,558,583,593,594,612,614,622,672,689
true 1,27,68,158,168,176,177,204,279,290,311,342,343,353,428,453,464,466,490,503,558,585,613,615,671,677,720
true 1,27,68,158,168,175,199,205,279,290,305,313,315,351,428,463,465,491,493,504,558,584,595,616,687,688,714
true 1,67,68,77,78,80,95,426,427,428,434,453,454,463,464,465,466,467,490,491,492,493,494,503,504,714,720
true 1,67,68,77,78,175,176,177,341,342,343,351,352,353,426,427,428,434,583,584,585,593,594,595,687,688,689
true 1,67,68,77,78,199,204,205,305,311,312,313,314,315,426,427,428,434,612,613,614,615,616,622,671,672,677
true 1,6,26,80,160,175,205,280,290,311,315,343,352,427,434,466,492,493,503,558,585,594,613,614,672,687,714
true 1,6,26,95,160,176,204,280,290,305,312,342,351,427,434,453,463,467,491,558,583,595,612,616,677,689,720
true 1,6,26,160,177,199,280,290,313,314,341,353,427,434,454,464,465,490,494,504,558,584,593,615,622,671,688
true 1,27,67,80,160,168,205,280,289,312,315,341,343,351,426,453,465,492,504,559,585,593,595,612,615,671,720
true 1,27,67,95,160,168,176,280,289,305,311,314,342,352,426,464,467,490,493,559,584,594,613,616,622,688,714
true 1,27,67,160,168,175,177,199,204,280,289,313,353,426,454,463,466,491,494,503,559,583,614,672,677,687,689
true 1,77,78,80,158,159,160,204,205,279,280,314,315,343,463,464,490,491,492,583,584,585,622,651,677,688,689
true 1,77,78,95,158,159,160,175,176,279,280,305,341,342,465,466,467,503,504,593,614,615,616,651,671,672,687
true 1,77,78,158,159,160,177,199,279,280,311,312,313,351,352,353,453,454,493,494,594,595,612,613,651,714,720
true 1,6,20,26,67,80,150,158,175,177,279,305,311,314,353,426,453,465,492,504,583,613,616,622,687,689,720
true 1,6,20,26,67,150,158,176,205,279,312,315,342,352,426,454,463,466,491,494,503,584,594,612,615,671,688
true 1,6,20,26,67,95,150,158,199,204,279,313,341,343,351,426,464,467,490,493,585,593,595,614,672,677,714
true 1,20,27,80,150,159,168,177,204,305,312,341,353,427,434,466,492,493,503,584,593,612,616,651,677,688,714
true 1,20,27,150,159,168,176,205,311,315,342,351,427,434,454,464,465,490,494,504,583,595,613,614,651,672,689
true 1,20,27,95,150,159,168,175,199,313,314,343,352,427,434,453,463,467,491,585,594,615,622,651,671,687,720
true 1,20,77,78,80,150,177,289,290,305,351,352,353,463,464,490,491,492,558,559,594,595,614,615,616,671,672
true 1,20,77,78,150,175,176,204,205,289,290,314,315,341,342,453,454,493,494,558,559,593,622,677,687,714,720
true 1,20,77,78,95,150,199,289,290,311,312,313,343,465,466,467,503,504,558,559,583,584,585,612,613,688,689
true 1,50,57,65,71,126,132,138,146,156,164,263,271,278,281,289,294,393,401,411,419,538,552,559,637,643,646
true 1,51,60,65,71,137,144,156,164,244,249,257,261,269,277,281,289,294,395,403,415,422,539,545,550,559,722
true 1,58,65,71,125,130,140,148,156,164,245,251,259,260,267,275,281,289,294,404,413,421,536,553,559,697,700
true 1,7,10,28,42,67,84,89,116,159,185,195,226,238,290,326,338,378,388,426,478,526,531,558,603,651,681
true 1,50,51,57,58,60,65,71,72,74,393,395,401,403,404,411,413,415,419,421,422,427,429,433,434,697,700
true 1,65,71,72,74,137,138,140,144,146,148,244,245,249,251,257,259,427,429,433,434,550,552,553,637,643,646
true 1,65,71,72,74,125,126,130,132,260,261,263,267,269,271,275,277,278,427,429,433,434,536,538,539,545,722
true 1,22,50,57,126,138,148,155,156,166,249,259,263,267,277,281,293,395,413,422,427,434,536,545,550,637,700
true 1,22,58,125,132,140,144,155,156,166,245,257,260,269,278,281,293,393,403,404,415,419,427,434,552,643,722
true 1,22,51,60,130,137,146,155,156,166,244,251,261,271,275,281,293,401,411,421,427,434,538,539,553,646,697
true 1,22,50,57,132,140,146,155,158,164,245,249,261,267,278,279,294,403,415,421,429,433,536,539,550,646,697
true 1,22,51,60,125,138,144,155,158,164,251,257,260,271,277,279,294,393,413,419,429,433,538,545,553,637,700
true 1,22,58,126,130,137,148,155,158,164,244,259,263,269,275,279,294,395,401,404,411,422,429,433,552,643,722
true 1,7,28,31,43,90,114,118,158,184,196,226,236,240,279,289,325,378,387,427,434,477,478,526,559,603,681
true 1,22,50,51,57,58,60,72,74,155,249,251,267,269,271,287,289,404,536,538,550,552,553,559,560,643,722
true 1,22,72,74,125,126,144,146,148,155,257,259,260,261,263,287,289,393,395,419,421,422,539,559,560,646,697
true 1,22,72,74,130,132,137,138,140,155,244,245,275,277,278,287,289,401,403,411,413,415,545,559,560,637,700
true 1,6,15,16,26,55,58,63,66,124,125,128,140,145,151,156,245,248,253,260,281,286,394,399,404,410,548
true 1,6,26,56,59,63,66,141,146,151,156,271,276,281,286,396,401,406,411,538,543,546,549,642,645,646,647
true 1,6,26,63,66,142,147,151,156,246,249,254,272,277,281,286,395,400,405,422,425,537,542,545,550,648,701
true 1,15,16,27,63,66,124,125,128,141,146,168,260,282,287,395,400,405,422,425,549,560,561,642,645,646,701
true 1,27,56,59,63,66,140,145,168,245,248,253,272,277,282,287,396,401,406,411,537,542,545,548,560,561,648
true 1,27,55,58,63,66,142,147,168,246,249,254,271,276,282,287,394,399,404,410,538,543,546,550,560,561,647
true 1,15,16,63,66,77,78,124,125,128,260,271,272,276,277,429,430,432,433,537,538,542,543,545,546,647,648
true 1,55,56,58,59,63,66,77,78,394,395,396,399,400,401,404,405,406,410,411,422,425,429,430,432,433,701
true 1,63,66,77,78,140,141,142,145,146,147,245,246,248,249,253,254,429,430,432,433,548,549,550,642,645,646
true 1,6,15,26,55,59,124,140,146,152,245,249,276,282,288,394,400,406,429,433,542,546,550,561,646,648,701
true 1,6,26,56,125,141,147,152,248,254,260,271,277,282,288,396,399,405,410,425,429,433,538,545,548,561,642
true 1,6,16,26,58,128,142,145,152,246,253,272,282,288,395,401,404,411,422,429,433,537,543,549,561,645,647
true 1,15,27,59,124,141,145,152,156,168,249,253,277,281,288,395,399,406,410,422,430,432,543,545,550,642,647
true 1,27,56,58,125,140,147,152,156,168,245,254,260,272,276,281,288,396,400,404,430,432,537,546,549,645,701
true 1,16,27,55,128,142,146,152,156,168,246,248,271,281,288,394,401,405,411,425,430,432,538,542,548,646,648
true 1,15,58,59,77,78,124,151,152,248,249,271,272,286,287,288,404,405,406,425,537,538,548,549,550,560,645
true 1,55,56,77,78,125,145,146,147,151,152,253,254,260,286,287,288,394,395,396,422,542,543,560,646,647,648
true 1,16,77,78,128,140,141,142,151,152,245,246,276,277,286,287,288,399,400,401,410,411,545,546,560,642,701
true 1,6,15,26,55,124,140,147,157,245,254,277,283,287,394,401,405,411,425,430,432,543,545,549,560,645,647
true 1,6,16,26,56,58,128,141,145,157,249,253,271,283,287,396,400,404,430,432,538,542,550,560,642,648,701
true 1,6,26,59,125,142,146,157,246,248,260,272,276,283,287,395,399,406,410,422,430,432,537,546,548,560,646
true 1,15,27,58,124,141,147,151,157,168,248,254,276,283,286,395,401,404,411,422,429,433,542,546,548,642,648
true 1,16,27,56,128,140,146,151,157,168,245,249,272,283,286,396,399,405,410,425,429,433,537,543,550,646,647
true 1,27,55,59,125,142,145,151,157,168,246,253,260,271,277,283,286,394,400,406,429,433,538,545,549,645,701
true 1,15,77,78,124,145,146,147,156,157,253,254,271,272,281,282,283,399,400,401,410,411,537,538,561,646,701
true 1,16,55,56,77,78,128,156,157,248,249,276,277,281,282,283,394,395,396,422,545,546,548,549,550,561,645
true 1,58,59,77,78,125,140,141,142,156,157,245,246,260,281,282,283,404,405,406,425,542,543,561,642,647,648
true 1,4,19,50,57,125,137,148,166,244,259,260,271,277,289,293,403,415,421,429,433,538,545,552,559,643,697
true 1,4,19,58,132,138,144,166,251,257,261,267,278,289,293,395,401,404,411,422,429,433,536,539,553,559,637
true 1,4,19,51,60,126,130,140,146,166,245,249,263,269,275,289,293,393,413,419,429,433,550,559,646,700,722
true 1,4,19,50,57,125,132,137,146,164,244,251,260,269,278,287,294,395,413,422,427,434,553,560,646,700,722
true 1,4,19,51,60,126,140,144,164,245,257,263,267,277,287,294,401,411,421,427,434,536,545,552,560,643,697
true 1,4,19,58,130,138,148,164,249,259,261,271,275,287,294,393,403,404,415,419,427,434,538,539,550,560,637
true 1,7,10,28,42,84,116,117,158,185,194,239,279,289,326,327,337,377,389,427,434,479,486,525,559,604,635
true 1,6,15,20,26,50,55,57,67,124,129,134,140,143,150,158,245,247,255,261,273,279,394,397,412,426,539
true 1,6,20,26,56,67,141,144,150,158,257,262,271,274,279,396,408,413,423,426,538,541,547,551,642,644,700
true 1,6,20,26,67,130,142,150,158,246,256,272,275,279,395,398,407,414,422,424,426,537,540,552,557,643,649
true 1,15,20,27,50,57,124,134,141,150,159,168,247,256,274,395,413,422,427,434,540,547,557,642,649,651,700
true 1,20,27,56,129,140,144,150,159,168,245,257,262,272,273,396,397,407,412,424,427,434,537,541,552,643,651
true 1,20,27,55,130,142,143,150,159,168,246,255,261,271,275,394,398,408,414,423,427,434,538,539,551,644,651
true 1,15,20,50,57,77,78,124,134,150,247,271,272,289,290,407,408,423,424,537,538,551,552,558,559,643,644
true 1,20,55,56,77,78,143,144,150,255,256,257,261,262,289,290,394,395,396,422,539,540,541,557,558,559,649
true 1,20,77,78,129,130,140,141,142,150,245,246,273,274,275,289,290,397,398,412,413,414,547,558,559,642,700
true 1,6,15,26,55,68,124,130,140,159,245,256,262,275,289,394,407,413,424,428,541,551,557,559,644,651,700
true 1,6,26,50,56,57,68,129,141,143,159,255,271,273,289,396,398,414,428,538,540,552,559,642,643,649,651
true 1,6,26,68,134,142,144,159,246,247,257,261,272,274,289,395,397,408,412,422,423,428,537,539,547,559,651
true 1,15,27,68,124,130,141,143,158,168,255,262,275,279,290,395,397,408,412,422,423,428,541,552,558,642,643
true 1,27,50,56,57,68,140,158,168,245,256,261,272,274,279,290,396,398,414,428,537,539,547,551,557,558,644
true 1,27,55,68,129,134,142,144,158,168,246,247,257,271,273,279,290,394,407,413,424,428,538,540,558,649,700
true 1,15,67,68,77,78,124,129,130,261,262,271,272,273,274,275,426,427,428,434,537,538,539,540,541,547,649
true 1,50,55,56,57,67,68,77,78,394,395,396,397,398,407,408,412,413,414,422,423,424,426,427,428,434,700
true 1,67,68,77,78,134,140,141,142,143,144,245,246,247,255,256,257,426,427,428,434,551,552,557,642,643,644
true 1,6,15,26,55,124,140,144,160,245,257,274,280,290,394,398,408,414,423,427,434,540,547,552,558,643,649
true 1,6,26,56,130,134,141,160,247,256,261,271,275,280,290,396,397,407,412,424,427,434,538,539,557,558,642
true 1,6,26,50,57,129,142,143,160,246,255,262,272,273,280,290,395,413,422,427,434,537,541,551,558,644,700
true 1,15,27,67,124,129,141,144,160,168,257,261,273,280,289,395,398,407,414,422,424,426,539,551,559,642,644
true 1,27,56,67,130,134,140,143,160,168,245,247,255,272,275,280,289,396,408,413,423,426,537,540,559,649,700
true 1,27,50,55,57,67,142,160,168,246,256,262,271,274,280,289,394,397,412,426,538,541,547,552,557,559,643
true 1,15,77,78,124,143,144,158,159,160,255,256,257,271,272,279,280,397,398,412,413,414,537,538,557,651,700
true 1,55,56,77,78,129,130,134,158,159,160,247,273,274,275,279,280,394,395,396,422,547,551,552,643,644,651
true 1,50,57,77,78,140,141,142,158,159,160,245,246,261,262,279,280,407,408,423,424,539,540,541,642,649,651
true 1,4,19,50,51,57,58,60,72,74,125,126,137,138,140,156,158,244,245,260,261,263,279,281,404,539,637
true 1,4,19,72,74,144,146,148,156,158,257,259,267,269,271,279,281,401,403,411,413,415,536,538,646,700,722
true 1,4,19,72,74,130,132,156,158,249,251,275,277,278,279,281,393,395,419,421,422,545,550,552,553,643,697
true 1,5,7,21,23,25,28,67,70,73,76,153,156,159,162,165,281,284,287,290,426,429,431,433,558,560,651
true 1,17,65,71,131,137,144,151,159,167,244,249,257,264,272,286,292,397,405,412,420,425,537,544,550,651,698
true 1,55,61,65,71,125,130,145,151,159,167,253,260,267,275,286,292,394,402,409,416,536,551,556,638,644,651
true 1,50,57,65,71,135,141,149,151,159,167,250,258,268,276,286,292,393,401,411,419,532,540,546,642,649,651
true 1,7,28,41,89,108,115,158,186,195,227,237,238,279,289,324,328,338,379,388,427,434,476,480,531,559,602
true 1,6,26,68,81,94,159,178,201,289,316,346,428,457,459,489,502,559,587,589,610,621,651,673,674,685,691
true 1,6,26,68,159,173,179,289,306,317,340,348,350,428,455,468,488,499,501,559,590,609,619,620,651,675,715
true 1,6,26,68,159,202,203,289,307,308,318,347,349,428,456,458,469,498,500,559,586,588,596,611,651,686,719
true 1,27,68,81,94,158,168,279,290,306,317,347,349,428,457,459,489,502,558,586,588,596,609,619,620,675,686
true 1,27,68,158,168,173,179,201,279,290,316,340,348,350,428,456,458,469,498,500,558,590,610,621,673,674,719
true 1,27,68,158,168,178,202,203,279,290,307,308,318,346,428,455,468,488,499,501,558,587,589,611,685,691,715
true 1,67,68,77,78,81,94,426,427,428,434,455,456,457,458,459,468,469,488,489,498,499,500,501,502,715,719
true 1,67,68,77,78,173,178,179,340,346,347,348,349,350,426,427,428,434,586,587,588,589,590,596,685,686,691
true 1,67,68,77,78,201,202,203,306,307,308,316,317,318,426,427,428,434,609,610,611,619,620,621,673,674,675
true 1,6,26,81,160,178,202,280,290,307,316,340,347,427,434,456,488,498,502,558,586,590,609,621,675,691,715
true 1,6,26,94,160,179,201,280,290,308,317,346,350,427,434,457,458,468,501,558,587,588,611,620,673,686,719
true 1,6,26,160,173,203,280,290,306,318,348,349,427,434,455,459,469,489,499,500,558,589,596,610,619,674,685
true 1,27,67,81,160,168,202,280,289,307,317,340,346,349,426,455,458,499,502,559,587,590,596,610,620,674,719
true 1,27,67,94,160,168,179,280,289,306,308,316,347,350,426,457,469,488,500,559,586,589,611,619,621,685,715
true 1,27,67,160,168,173,178,201,203,280,289,318,348,426,456,459,468,489,498,501,559,588,609,673,675,686,691
true 1,77,78,81,158,159,160,201,202,279,280,306,307,340,468,469,500,501,502,588,589,590,619,651,673,685,686
true 1,77,78,94,158,159,160,178,179,279,280,308,349,350,455,456,457,498,499,596,609,610,611,651,674,675,691
true 1,77,78,158,159,160,173,203,279,280,316,317,318,346,347,348,458,459,488,489,586,587,620,621,651,715,719
true 1,6,20,26,67,81,150,158,173,178,279,306,308,316,348,426,455,458,499,502,588,611,619,621,686,691,719
true 1,6,20,26,67,150,158,179,202,279,307,317,347,350,426,456,459,468,489,498,501,586,589,610,620,674,685
true 1,6,20,26,67,94,150,158,201,203,279,318,340,346,349,426,457,469,488,500,587,590,596,609,673,675,715
true 1,20,27,81,150,159,168,173,201,308,317,348,349,427,434,456,488,498,502,589,596,611,620,651,673,685,715
true 1,20,27,150,159,168,179,202,307,316,346,350,427,434,455,459,469,489,499,500,587,588,609,621,651,675,686
true 1,20,27,94,150,159,168,178,203,306,318,340,347,427,434,457,458,468,501,586,590,610,619,651,674,691,719
true 1,20,77,78,81,150,173,289,290,308,346,347,348,468,469,500,501,502,558,559,586,587,609,610,611,674,675
true 1,20,77,78,150,178,179,201,202,289,290,306,307,349,350,458,459,488,489,558,559,596,619,673,691,715,719
true 1,20,77,78,94,150,203,289,290,316,317,318,340,455,456,457,498,499,558,559,588,589,590,620,621,685,686
true 1,17,65,67,71,75,125,130,131,260,264,267,268,272,275,276,426,430,432,435,532,536,537,540,544,546,649
true 1,50,55,57,61,65,67,71,75,393,394,397,401,402,405,409,411,412,416,419,420,425,426,430,432,435,698
true 1,65,67,71,75,135,137,141,144,145,149,244,249,250,253,257,258,426,430,432,435,550,551,556,638,642,644
true 1,17,24,50,57,65,71,131,145,163,253,264,272,282,290,393,401,411,419,537,544,551,556,558,561,638,644
true 1,24,55,61,65,71,137,144,163,244,249,257,268,276,282,290,394,402,409,416,532,540,546,550,558,561,649
true 1,24,65,71,125,130,135,141,149,163,250,258,260,267,275,282,290,397,405,412,420,425,536,558,561,642,698
true 1,6,26,63,66,94,95,151,156,201,204,281,286,346,351,457,462,467,487,587,592,595,607,673,676,677,682
true 1,6,26,63,66,151,156,173,174,177,281,286,306,309,314,348,353,455,460,465,499,504,619,622,684,718,728
true 1,6,26,63,66,151,156,202,205,281,286,307,310,315,347,352,456,461,466,498,503,586,591,594,608,683,717
true 1,27,63,66,94,95,168,282,287,306,309,314,347,352,457,462,467,487,560,561,586,591,594,619,622,683,728
true 1,27,63,66,168,173,174,177,201,204,282,287,348,353,456,461,466,498,503,560,561,607,673,676,677,684,717
true 1,27,63,66,168,202,205,282,287,307,310,315,346,351,455,460,465,499,504,560,561,587,592,595,608,682,718
true 1,63,66,77,78,94,95,429,430,432,433,455,456,457,460,461,462,465,466,467,487,498,499,503,504,717,718
true 1,63,66,77,78,173,174,177,346,347,348,351,352,353,429,430,432,433,586,587,591,592,594,595,682,683,684
true 1,63,66,77,78,201,202,204,205,306,307,309,310,314,315,429,430,432,433,607,608,619,622,673,676,677,728
true 1,6,26,94,152,174,201,205,282,288,309,315,346,352,429,433,457,460,466,503,561,587,594,673,684,718,728
true 1,6,26,95,152,173,204,282,288,306,310,348,351,429,433,455,461,467,499,561,591,595,608,619,677,683,717
true 1,6,26,152,177,202,282,288,307,314,347,353,429,433,456,462,465,487,498,504,561,586,592,607,622,676,682
true 1,27,94,152,156,168,174,205,281,288,306,315,347,351,430,432,457,461,465,504,586,595,607,619,676,684,717
true 1,27,95,152,156,168,173,201,281,288,310,314,348,352,430,432,456,460,467,498,592,594,608,622,673,682,718
true 1,27,152,156,168,177,202,204,281,288,307,309,346,353,430,432,455,462,466,487,499,503,587,591,677,683,728
true 1,77,78,94,151,152,174,204,205,286,287,288,314,315,455,456,457,498,499,560,591,592,622,677,682,683,684
true 1,77,78,95,151,152,173,286,287,288,309,310,346,347,348,465,466,467,503,504,560,586,587,607,608,676,728
true 1,77,78,151,152,177,201,202,286,287,288,306,307,351,352,353,460,461,462,487,560,594,595,619,673,717,718
true 1,6,26,94,157,177,201,283,287,310,314,346,353,430,432,457,461,465,504,560,587,591,608,622,673,683,717
true 1,6,26,157,173,205,283,287,306,315,348,352,430,432,455,462,466,487,499,503,560,592,594,607,619,676,682
true 1,6,26,95,157,174,202,204,283,287,307,309,347,351,430,432,456,460,467,498,560,586,595,677,684,718,728
true 1,27,94,151,157,168,177,204,283,286,306,310,347,353,429,433,457,460,466,503,586,592,608,619,677,682,718
true 1,27,151,157,168,173,201,205,283,286,309,315,348,351,429,433,456,462,465,487,498,504,591,595,673,683,728
true 1,27,95,151,157,168,174,202,283,286,307,314,346,352,429,433,455,461,467,499,587,594,607,622,676,684,717
true 1,77,78,94,156,157,177,281,282,283,309,310,351,352,353,455,456,457,498,499,561,594,595,607,608,676,728
true 1,77,78,156,157,173,204,205,281,282,283,314,315,346,347,348,460,461,462,487,561,586,587,622,677,717,718
true 1,77,78,95,156,157,174,201,202,281,282,283,306,307,465,466,467,503,504,561,591,592,619,673,682,683,684
true 1,17,22,67,125,131,141,144,155,167,257,260,268,282,292,393,402,405,416,419,425,426,532,551,561,642,644
true 1,22,61,67,130,135,137,145,155,167,244,250,253,272,275,282,292,401,409,411,420,426,537,540,561,649,698
true 1,22,50,55,57,67,149,155,167,249,258,264,267,276,282,292,394,397,412,426,536,544,546,550,556,561,638
true 1,7,12,28,47,63,66,91,123,152,157,197,226,231,283,288,339,378,383,473,478,526,529,600,603,680,681
true 1,17,22,75,130,131,137,141,151,155,244,275,276,286,290,397,401,402,411,412,416,435,546,556,558,638,642
true 1,22,50,57,61,75,135,151,155,249,250,267,268,272,286,290,405,409,425,435,532,536,537,550,551,558,644
true 1,22,55,75,125,144,145,149,151,155,253,257,258,260,264,286,290,393,394,419,420,435,540,544,558,649,698
true 1,17,22,24,50,57,131,141,145,155,159,163,249,253,267,402,416,420,430,432,536,540,550,642,649,651,698
true 1,22,24,61,125,135,144,155,159,163,250,257,260,272,276,393,397,409,412,419,430,432,537,546,556,638,651
true 1,22,24,55,130,137,149,155,159,163,244,258,264,268,275,394,401,405,411,425,430,432,532,544,551,644,651
true 1,4,17,19,55,131,135,144,167,250,257,267,290,292,394,401,405,411,425,430,432,536,540,556,558,638,649
true 1,4,19,61,130,141,145,167,249,253,264,268,275,290,292,393,397,409,412,419,430,432,532,544,550,558,642
true 1,4,19,50,57,125,137,149,167,244,258,260,272,276,290,292,402,416,420,430,432,537,546,551,558,644,698
true 1,6,26,36,103,160,169,211,220,280,290,297,360,427,434,442,446,511,515,558,576,630,656,665,695,706,725
true 1,6,26,98,160,210,222,280,290,298,359,363,373,427,434,436,443,514,521,558,563,573,577,629,654,666,711
true 1,6,26,104,160,212,221,280,290,299,361,362,372,427,434,444,445,512,513,558,564,574,575,628,655,664,705
true 1,27,36,67,160,168,169,211,221,280,289,359,362,426,443,446,512,515,521,559,563,575,629,656,664,666,705
true 1,27,67,98,103,160,168,222,280,289,298,360,363,372,426,436,442,445,513,559,574,577,628,630,655,665,725
true 1,27,67,104,160,168,210,212,220,280,289,297,299,361,373,426,444,511,514,559,564,573,576,654,695,706,711
true 1,36,77,78,158,159,160,169,210,211,279,280,372,373,445,446,513,514,515,573,574,628,651,654,655,656,711
true 1,77,78,98,158,159,160,220,221,222,279,280,297,298,362,363,436,511,512,575,576,577,651,664,695,705,706
true 1,77,78,103,104,158,159,160,212,279,280,299,359,360,361,442,443,444,521,563,564,629,630,651,665,666,725
true 1,6,20,26,36,67,98,103,150,158,210,212,220,279,298,359,362,426,443,446,513,564,573,576,655,665,705
true 1,6,20,26,67,150,158,222,279,361,373,426,444,512,515,521,574,577,628,630,656,664,666,695,706,711,725
true 1,6,20,26,67,104,150,158,169,211,221,279,297,299,360,363,372,426,436,442,445,511,514,563,575,629,654
true 1,20,27,36,98,150,159,168,212,221,298,360,427,434,442,446,514,521,564,574,575,628,651,654,666,695,706
true 1,20,27,103,150,159,168,210,222,297,361,362,372,427,434,444,445,511,515,563,573,577,629,651,656,665,705
true 1,20,27,104,150,159,168,169,211,220,299,359,363,373,427,434,436,443,512,513,576,630,651,655,664,711,725
true 1,20,36,77,78,98,150,212,289,290,297,298,372,373,445,446,511,512,558,559,563,564,629,630,664,711,725
true 1,20,77,78,150,220,221,222,289,290,359,360,361,442,443,444,513,514,515,558,559,575,576,577,654,655,656
true 1,20,77,78,103,104,150,169,210,211,289,290,299,362,363,436,521,558,559,573,574,628,665,666,695,705,706
true 1,6,26,36,68,103,159,220,289,361,363,428,436,444,446,512,514,559,563,574,576,628,629,651,654,664,665
true 1,6,26,68,159,169,211,212,222,289,297,360,362,373,428,442,511,513,521,559,564,577,651,655,666,705,711
true 1,6,26,68,98,104,159,210,221,289,298,299,359,372,428,443,445,515,559,573,575,630,651,656,695,706,725
true 1,27,36,68,158,168,210,221,279,290,297,361,363,428,436,444,446,511,513,521,558,573,575,630,655,666,725
true 1,27,68,103,158,168,169,211,212,222,279,290,359,372,428,443,445,512,514,558,564,577,654,664,665,695,706
true 1,27,68,98,104,158,168,220,279,290,298,299,360,362,373,428,442,515,558,563,574,576,628,629,656,705,711
true 1,36,67,68,77,78,359,360,361,362,363,372,373,426,427,428,434,436,442,443,444,445,446,695,705,706,711
true 1,67,68,77,78,169,210,211,212,220,221,222,426,427,428,434,563,564,573,574,575,576,577,628,629,630,725
true 1,67,68,77,78,98,103,104,297,298,299,426,427,428,434,511,512,513,514,515,521,654,655,656,664,665,666
true 1,7,28,32,46,63,66,92,122,152,157,198,243,283,288,322,327,377,382,474,479,525,528,601,604,635,636
true 1,4,17,19,55,75,130,131,135,159,249,250,275,276,282,393,394,419,420,435,546,550,551,561,644,651,698
true 1,4,19,50,57,61,75,125,137,141,159,244,260,264,282,405,409,425,435,540,544,556,561,638,642,649,651
true 1,4,19,75,144,145,149,159,253,257,258,267,268,272,282,397,401,402,411,412,416,435,532,536,537,561,651
true 1,4,17,19,24,50,55,57,67,125,131,135,137,145,151,163,244,250,253,260,268,286,394,397,412,426,532
true 1,4,19,24,61,67,141,144,151,163,257,264,267,276,286,401,409,411,420,426,536,544,546,551,642,644,698
true 1,4,19,24,67,130,149,151,163,249,258,272,275,286,393,402,405,416,419,425,426,537,540,550,556,638,649
true 1,65,71,103,158,166,170,212,219,279,287,293,359,367,374,437,443,451,509,517,560,564,572,625,659,665,729
true 1,65,71,102,158,166,171,215,223,279,287,293,296,301,357,365,373,507,515,560,566,574,628,656,702,708,711
true 1,65,71,105,158,166,213,221,279,287,293,297,303,356,363,371,436,441,449,511,518,560,575,627,658,723,726
true 1,6,26,63,66,151,156,169,170,211,214,219,281,286,297,300,360,365,370,442,447,511,516,519,562,652,702
true 1,6,26,63,66,98,99,102,151,156,210,213,218,281,286,298,301,359,364,369,443,448,573,578,653,703,723
true 1,6,26,63,66,151,156,281,286,361,366,371,444,449,512,517,520,574,579,628,631,632,664,667,704,724,729
true 1,27,63,66,168,169,170,211,214,219,282,287,359,364,369,443,448,512,517,520,560,561,562,664,667,703,729
true 1,27,63,66,98,99,102,168,282,287,298,301,360,365,370,442,447,560,561,574,579,628,631,632,653,702,724
true 1,27,63,66,168,210,213,218,282,287,297,300,361,366,371,444,449,511,516,519,560,561,573,578,652,704,723
true 1,63,66,77,78,169,170,210,211,213,214,218,219,429,430,432,433,562,573,574,578,579,628,631,632,723,724
true 1,63,66,77,78,98,99,102,297,298,300,301,429,430,432,433,511,512,516,517,519,520,652,653,664,667,729
true 1,63,66,77,78,359,360,361,364,365,366,369,370,371,429,430,432,433,442,443,444,447,448,449,702,703,704
true 1,6,26,102,152,169,211,218,282,288,297,301,360,366,369,429,433,442,448,511,517,561,578,631,704,724,729
true 1,6,26,98,152,210,214,282,288,298,359,365,371,429,433,443,449,516,520,561,562,573,579,632,652,667,702
true 1,6,26,99,152,170,213,219,282,288,300,361,364,370,429,433,444,447,512,519,561,574,628,653,664,703,723
true 1,27,102,152,156,168,169,211,213,281,288,301,359,366,370,430,432,443,447,512,516,579,632,652,664,704,723
true 1,27,98,152,156,168,214,218,281,288,298,300,360,364,371,430,432,442,449,517,519,562,574,578,628,703,729
true 1,27,99,152,156,168,170,210,219,281,288,297,361,365,369,430,432,444,448,511,520,573,631,653,667,702,724
true 1,77,78,102,151,152,169,210,211,286,287,288,300,301,364,365,366,519,520,560,573,574,628,667,702,703,704
true 1,77,78,98,151,152,213,214,286,287,288,297,298,369,370,371,447,448,449,511,512,560,562,631,664,723,724
true 1,77,78,99,151,152,170,218,219,286,287,288,359,360,361,442,443,444,516,517,560,578,579,632,652,653,729
true 1,6,26,99,157,169,211,213,283,287,297,360,364,371,430,432,442,449,511,520,560,579,632,653,667,703,723
true 1,6,26,98,157,170,210,219,283,287,298,300,359,366,370,430,432,443,447,517,519,560,573,631,704,724,729
true 1,6,26,102,157,214,218,283,287,301,361,365,369,430,432,444,448,512,516,560,562,574,578,628,652,664,702
true 1,27,99,151,157,168,169,211,218,283,286,300,359,365,371,429,433,443,449,512,519,578,631,653,664,702,724
true 1,27,98,151,157,168,170,213,219,283,286,298,360,366,369,429,433,442,448,516,520,574,628,652,667,704,723
true 1,27,102,151,157,168,210,214,283,286,297,301,361,364,370,429,433,444,447,511,517,562,573,579,632,703,729
true 1,77,78,99,156,157,169,210,211,281,282,283,369,370,371,447,448,449,516,517,561,573,574,628,652,653,729
true 1,77,78,98,156,157,170,218,219,281,282,283,297,298,364,365,366,511,512,561,578,579,632,664,702,703,704
true 1,77,78,102,156,157,213,214,281,282,283,300,301,359,360,361,442,443,444,519,520,561,562,631,667,723,724
true 1,2,7,8,13,28,33,48,93,156,231,281,287,327,377,383,429,433,473,479,525,529,560,600,604,635,680
true 1,65,71,105,156,164,170,212,219,281,289,294,297,303,357,365,373,511,518,559,564,572,625,658,702,708,711
true 1,65,71,102,156,164,213,221,281,289,294,296,301,359,367,374,437,443,451,507,515,559,575,627,656,723,726
true 1,65,71,103,156,164,171,215,223,281,289,294,356,363,371,436,441,449,509,517,559,566,574,628,659,665,729
true 1,65,71,72,74,170,171,212,213,215,219,221,223,427,429,433,434,564,566,572,574,575,625,627,628,723,726
true 1,65,71,72,74,102,103,105,296,297,301,303,427,429,433,434,507,509,511,515,517,518,656,658,659,665,729
true 1,65,71,72,74,356,357,359,363,365,367,371,373,374,427,429,433,434,436,437,441,443,449,451,702,708,711
true 1,22,103,155,156,166,170,215,219,281,293,297,356,365,374,427,434,441,451,511,515,566,627,656,665,702,726
true 1,22,102,155,156,166,171,213,223,281,293,301,359,363,373,427,434,436,443,509,518,572,625,658,659,711,723
true 1,22,105,155,156,166,212,221,281,293,296,303,357,367,371,427,434,437,449,507,517,564,574,575,628,708,729
true 1,7,12,28,47,91,108,123,156,186,197,227,281,287,322,328,339,379,382,429,433,474,480,528,560,601,636
true 1,22,105,155,158,164,170,213,219,279,294,303,356,367,373,429,433,437,441,509,515,574,628,656,659,711,723
true 1,22,102,155,158,164,215,221,279,294,297,301,357,363,374,429,433,436,451,511,517,566,572,575,625,708,729
true 1,22,103,155,158,164,171,212,223,279,294,296,359,365,371,429,433,443,449,507,518,564,627,658,665,702,726
true 1,6,16,20,26,49,53,58,67,126,128,135,137,145,150,158,244,250,253,263,266,279,392,404,417,426,534
true 1,6,20,26,59,67,136,146,150,158,252,264,267,276,279,403,406,415,418,426,536,544,546,554,641,646,699
true 1,6,20,26,67,127,147,150,158,251,254,265,277,279,393,402,405,416,419,425,426,535,545,553,555,640,650
true 1,16,20,27,49,53,128,137,146,150,159,168,244,251,264,405,418,425,427,434,535,544,553,646,650,651,699
true 1,20,27,59,126,136,145,150,159,168,252,253,263,267,277,392,402,406,416,417,427,434,536,545,555,640,651
true 1,20,27,58,127,135,147,150,159,168,250,254,265,266,276,393,403,404,415,419,427,434,534,546,554,641,651
true 1,16,20,49,53,77,78,128,137,150,244,276,277,289,290,402,403,415,416,545,546,554,555,558,559,640,641
true 1,20,58,59,77,78,135,136,150,250,251,252,266,267,289,290,404,405,406,425,534,535,536,553,558,559,650
true 1,20,77,78,126,127,145,146,147,150,253,254,263,264,265,289,290,392,393,417,418,419,544,558,559,646,699
true 1,6,16,26,58,68,127,128,145,159,251,253,265,267,289,402,404,416,418,428,536,553,554,559,641,651,699
true 1,6,26,49,53,59,68,126,135,146,159,250,263,276,289,393,406,419,428,535,546,555,559,640,646,650,651
true 1,6,26,68,136,137,147,159,244,252,254,264,266,277,289,392,403,405,415,417,425,428,534,544,545,559,651
true 1,16,27,68,127,128,135,146,158,168,250,265,267,279,290,392,403,405,415,417,425,428,536,555,558,640,646
true 1,27,49,53,59,68,145,158,168,251,253,264,266,277,279,290,393,406,419,428,534,544,545,553,554,558,641
true 1,27,58,68,126,136,137,147,158,168,244,252,254,263,276,279,290,402,404,416,418,428,535,546,558,650,699
true 1,16,67,68,77,78,126,127,128,263,264,265,266,267,276,277,426,427,428,434,534,535,536,544,545,546,650
true 1,49,53,58,59,67,68,77,78,392,393,402,403,404,405,406,415,416,417,418,419,425,426,427,428,434,699
true 1,67,68,77,78,135,136,137,145,146,147,244,250,251,252,253,254,426,427,428,434,553,554,555,640,641,646
true 1,6,16,26,58,128,136,145,160,252,253,264,280,290,393,403,404,415,419,427,434,535,544,555,558,640,650
true 1,6,26,59,127,137,146,160,244,251,265,266,276,280,290,392,402,406,416,417,427,434,534,546,553,558,646
true 1,6,26,49,53,126,135,147,160,250,254,263,267,277,280,290,405,418,425,427,434,536,545,554,558,641,699
true 1,16,27,67,126,128,136,146,160,168,252,263,266,280,289,393,402,405,416,419,425,426,534,554,559,641,646
true 1,27,59,67,127,135,137,145,160,168,244,250,253,265,277,280,289,403,406,415,418,426,535,545,559,650,699
true 1,27,49,53,58,67,147,160,168,251,254,264,267,276,280,289,392,404,417,426,536,544,546,553,555,559,640
true 1,16,77,78,128,135,136,158,159,160,250,251,252,276,277,279,280,392,393,417,418,419,545,546,553,651,699
true 1,58,59,77,78,126,127,137,158,159,160,244,263,264,265,279,280,404,405,406,425,544,554,555,640,641,651
true 1,49,53,77,78,145,146,147,158,159,160,253,254,266,267,279,280,402,403,415,416,534,535,536,646,650,651
true 1,22,72,74,155,170,171,219,221,223,287,289,356,357,359,441,443,515,517,518,559,560,575,656,658,708,729
true 1,22,72,74,102,103,105,155,287,289,301,303,363,365,367,436,437,559,560,572,574,625,627,628,665,702,726
true 1,22,72,74,155,212,213,215,287,289,296,297,371,373,374,449,451,507,509,511,559,560,564,566,659,711,723
true 1,4,19,103,166,170,213,219,289,293,296,357,363,374,429,433,436,451,507,518,559,574,628,658,665,708,723
true 1,4,19,102,166,171,212,223,289,293,297,301,356,367,373,429,433,437,441,511,517,559,564,627,711,726,729
true 1,4,19,105,166,215,221,289,293,303,359,365,371,429,433,443,449,509,515,559,566,572,575,625,656,659,702
true 1,7,28,32,46,92,111,122,156,183,198,226,232,243,281,287,323,378,384,429,433,475,478,526,560,603,681
true 1,6,26,49,50,53,54,57,63,66,126,129,135,138,143,151,156,250,255,263,268,273,281,286,391,532,637
true 1,6,26,63,66,136,139,144,151,156,252,257,264,269,274,281,286,403,408,415,420,423,544,547,639,698,722
true 1,6,26,63,66,127,130,151,156,251,256,265,270,275,281,286,402,407,416,421,424,533,553,556,557,638,697
true 1,27,49,50,53,54,57,63,66,168,251,256,264,269,274,282,287,391,544,547,553,556,557,560,561,638,722
true 1,27,63,66,126,129,136,139,144,168,252,257,263,268,273,282,287,402,407,416,421,424,532,560,561,639,697
true 1,27,63,66,127,130,135,138,143,168,250,255,265,270,275,282,287,403,408,415,420,423,533,560,561,637,698
true 1,49,50,53,54,57,63,66,77,78,391,402,403,407,408,415,416,420,421,423,424,429,430,432,433,697,698
true 1,63,66,77,78,135,136,138,139,143,144,250,251,252,255,256,257,429,430,432,433,553,556,557,637,638,639
true 1,63,66,77,78,126,127,129,130,263,264,265,268,269,270,273,274,275,429,430,432,433,532,533,544,547,722
true 1,6,26,49,53,126,130,135,139,152,250,256,263,269,275,282,288,407,420,424,429,433,557,561,639,698,722
true 1,6,26,50,57,129,136,143,152,252,255,264,270,273,282,288,403,415,421,429,433,533,544,556,561,638,697
true 1,6,26,54,127,138,144,152,251,257,265,268,274,282,288,391,402,408,416,423,429,433,532,547,553,561,637
true 1,27,49,53,130,139,143,152,156,168,251,255,264,268,275,281,288,408,421,423,430,432,532,544,553,639,697
true 1,27,50,57,126,136,138,152,156,168,252,256,263,270,274,281,288,402,416,420,430,432,533,547,557,637,698
true 1,27,54,127,129,135,144,152,156,168,250,257,265,269,273,281,288,391,403,407,415,424,430,432,556,638,722
true 1,49,53,77,78,129,130,138,139,151,152,273,274,275,286,287,288,402,403,415,416,547,556,560,637,638,639
true 1,50,57,77,78,135,136,151,152,250,251,252,268,269,270,286,287,288,407,408,423,424,532,533,553,560,722
true 1,54,77,78,126,127,143,144,151,152,255,256,257,263,264,265,286,287,288,391,420,421,544,557,560,697,698
true 1,6,26,49,53,126,135,144,157,250,257,263,270,274,283,287,408,421,423,430,432,533,547,556,560,638,697
true 1,6,26,54,130,136,138,157,252,256,264,268,275,283,287,391,403,407,415,424,430,432,532,544,557,560,637
true 1,6,26,50,57,127,129,139,143,157,251,255,265,269,273,283,287,402,416,420,430,432,553,560,639,698,722
true 1,27,49,53,129,138,144,151,157,168,251,257,264,270,273,283,286,407,420,424,429,433,533,544,553,637,698
true 1,27,54,126,130,136,143,151,157,168,252,255,263,269,275,283,286,391,402,408,416,423,429,433,556,638,722
true 1,27,50,57,127,135,139,151,157,168,250,256,265,268,274,283,286,403,415,421,429,433,532,547,557,639,697
true 1,49,53,77,78,143,144,156,157,255,256,257,268,269,270,281,282,283,402,403,415,416,532,533,557,561,722
true 1,54,77,78,129,130,135,136,156,157,250,251,252,273,274,275,281,282,283,391,420,421,547,553,561,697,698
true 1,50,57,77,78,126,127,138,139,156,157,263,264,265,281,282,283,407,408,423,424,544,556,561,637,638,639
true 1,4,19,105,164,170,215,219,287,294,296,303,359,363,373,427,434,436,443,507,517,560,566,627,711,726,729
true 1,4,19,102,164,212,221,287,294,301,356,365,374,427,434,441,451,509,518,560,564,574,575,628,658,659,702
true 1,4,19,103,164,171,213,223,287,294,297,357,367,371,427,434,437,449,511,515,560,572,625,656,665,708,723
true 1,4,19,72,74,156,158,170,171,219,221,223,279,281,296,297,363,365,367,436,437,507,509,511,575,659,702
true 1,4,19,72,74,102,103,105,156,158,212,213,215,279,281,301,303,356,357,359,441,443,564,566,665,708,723
true 1,4,19,72,74,156,158,279,281,371,373,374,449,451,515,517,518,572,574,625,627,628,656,658,711,726,729
true 1,6,7,26,27,28,77,78,81,168,178,179,203,316,317,318,349,350,468,469,500,501,502,596,620,621,691
true 1,2,7,8,13,28,33,48,93,151,226,282,286,322,378,382,430,432,474,478,526,528,561,601,603,636,681
true 1,37,65,67,71,75,356,360,363,364,368,371,372,426,430,432,435,436,441,442,445,449,450,694,703,707,709
true 1,65,67,71,75,170,210,212,216,219,220,224,426,430,432,435,564,565,568,572,573,576,580,625,626,631,724
true 1,65,67,71,75,100,102,106,296,301,302,426,430,432,435,507,508,512,515,516,521,652,656,657,660,664,666
true 1,24,37,65,71,102,163,220,282,290,296,301,360,368,442,450,507,515,558,561,568,576,626,631,656,707,724
true 1,24,65,71,163,210,216,224,282,290,356,363,371,436,441,449,508,516,521,558,561,565,573,580,652,660,666
true 1,24,65,71,100,106,163,170,212,219,282,290,302,364,372,445,512,558,561,564,572,625,657,664,694,703,709
true 1,37,65,71,151,159,167,170,212,219,286,292,360,368,442,450,508,516,521,564,572,625,651,652,660,666,707
true 1,65,71,102,151,159,167,210,216,224,286,292,296,301,364,372,445,507,515,565,573,580,651,656,694,703,709
true 1,65,71,100,106,151,159,167,220,286,292,302,356,363,371,436,441,449,512,568,576,626,631,651,657,664,724
true 1,7,12,28,47,91,111,123,151,183,197,232,282,286,323,327,339,377,384,430,432,475,479,525,561,604,635
true 1,22,37,75,151,155,212,216,286,290,296,371,372,435,445,449,450,507,508,512,558,564,565,631,660,664,724
true 1,22,75,100,151,155,170,219,220,224,286,290,356,360,435,441,442,515,516,558,576,580,652,656,657,694,709
true 1,22,75,102,106,151,155,210,286,290,301,302,363,364,368,435,436,521,558,568,572,573,625,626,666,703,707
true 1,22,24,37,102,155,159,163,216,220,301,363,430,432,436,450,512,516,565,572,576,625,651,652,664,694,709
true 1,22,24,100,155,159,163,212,224,296,360,364,371,430,432,442,449,507,521,564,568,580,626,651,657,666,703
true 1,22,24,106,155,159,163,170,210,219,302,356,368,372,430,432,441,445,508,515,573,631,651,656,660,707,724
true 1,22,37,67,155,167,170,216,219,282,292,356,364,426,441,450,512,515,521,561,565,568,626,656,664,666,703
true 1,22,67,100,102,155,167,224,282,292,301,360,363,372,426,436,442,445,508,561,572,580,625,631,657,660,724
true 1,22,67,106,155,167,210,212,220,282,292,296,302,368,371,426,449,507,516,561,564,573,576,652,694,707,709
true 1,7,28,32,46,92,108,122,151,186,198,227,231,243,282,286,328,379,383,430,432,473,480,529,561,600,680
true 1,4,19,37,75,100,159,210,282,371,372,435,445,449,450,515,516,561,568,572,573,625,626,651,652,656,657
true 1,4,19,75,159,170,219,220,224,282,296,363,364,368,435,436,507,508,512,561,576,580,651,660,664,703,707
true 1,4,19,75,102,106,159,212,216,282,301,302,356,360,435,441,442,521,561,564,565,631,651,666,694,709,724
true 1,6,10,11,26,41,44,63,66,84,85,88,114,119,151,156,184,187,192,225,281,286,324,329,334,375,522
true 1,6,26,63,66,116,121,151,156,185,188,193,237,242,281,286,325,330,335,387,390,476,481,484,524,634,696
true 1,6,26,42,45,63,66,115,120,151,156,236,241,281,286,326,331,336,376,477,482,485,523,602,605,606,633
true 1,10,11,27,63,66,84,85,88,115,120,168,225,282,287,325,330,335,387,390,523,560,561,602,605,606,696
true 1,27,41,44,63,66,116,121,168,185,188,193,236,241,282,287,324,329,334,375,477,482,485,524,560,561,633
true 1,27,42,45,63,66,114,119,168,184,187,192,237,242,282,287,326,331,336,376,476,481,484,522,560,561,634
true 1,10,11,63,66,77,78,84,85,88,225,236,237,241,242,429,430,432,433,476,477,481,482,484,485,633,634
true 1,63,66,77,78,114,115,116,119,120,121,184,185,187,188,192,193,429,430,432,433,522,523,524,602,605,606
true 1,41,42,44,45,63,66,77,78,324,325,326,329,330,331,334,335,336,375,376,387,390,429,430,432,433,696
true 1,6,10,26,41,45,84,114,120,152,184,188,241,282,288,324,330,336,429,433,481,485,524,561,606,634,696
true 1,6,11,26,44,88,116,119,152,185,192,237,282,288,325,331,334,376,387,429,433,476,482,523,561,605,633
true 1,6,26,42,85,115,121,152,187,193,225,236,242,282,288,326,329,335,375,390,429,433,477,484,522,561,602
true 1,10,27,45,84,115,119,152,156,168,188,192,242,281,288,325,329,336,375,387,430,432,482,484,524,602,633
true 1,11,27,41,88,116,120,152,156,168,185,187,236,281,288,324,331,335,376,390,430,432,477,481,522,606,634
true 1,27,42,44,85,114,121,152,156,168,184,193,225,237,241,281,288,326,330,334,430,432,476,485,523,605,696
true 1,10,44,45,77,78,84,151,152,187,188,236,237,286,287,288,334,335,336,390,476,477,522,523,524,560,605
true 1,11,77,78,88,114,115,116,151,152,184,185,241,242,286,287,288,329,330,331,375,376,484,485,560,602,696
true 1,41,42,77,78,85,119,120,121,151,152,192,193,225,286,287,288,324,325,326,387,481,482,560,606,633,634
true 1,6,10,26,41,84,114,121,157,184,193,242,283,287,324,331,335,376,390,430,432,482,484,523,560,605,633
true 1,6,26,45,85,116,120,157,185,187,225,237,241,283,287,325,329,336,375,387,430,432,476,485,522,560,606
true 1,6,11,26,42,44,88,115,119,157,188,192,236,283,287,326,330,334,430,432,477,481,524,560,602,634,696
true 1,10,27,44,84,115,121,151,157,168,187,193,241,283,286,325,331,334,376,387,429,433,481,485,522,602,634
true 1,27,41,45,85,116,119,151,157,168,185,192,225,236,242,283,286,324,330,336,429,433,477,484,523,605,696
true 1,11,27,42,88,114,120,151,157,168,184,188,237,283,286,326,329,335,375,390,429,433,476,482,524,606,633
true 1,10,77,78,84,119,120,121,156,157,192,193,236,237,281,282,283,329,330,331,375,376,476,477,561,606,696
true 1,44,45,77,78,85,114,115,116,156,157,184,185,225,281,282,283,334,335,336,390,481,482,561,602,633,634
true 1,11,41,42,77,78,88,156,157,187,188,241,242,281,282,283,324,325,326,387,484,485,522,523,524,561,605
true 1,4,19,24,37,67,100,102,151,163,210,212,220,286,301,356,364,426,441,450,508,564,573,576,657,660,703
true 1,4,19,24,67,151,163,224,286,368,371,426,449,512,515,521,572,580,625,631,656,664,666,694,707,709,724
true 1,4,19,24,67,106,151,163,170,216,219,286,296,302,360,363,372,426,436,442,445,507,516,565,568,626,652
true 1,29,73,76,156,159,162,203,205,208,281,284,315,318,344,347,458,461,464,490,583,586,651,689,717,719,727
true 1,73,76,81,83,95,97,156,159,162,175,201,281,284,467,502,589,592,615,618,651,668,671,673,682,685,687
true 1,34,73,76,156,159,162,177,179,182,281,284,309,312,350,353,455,493,496,499,609,612,651,675,712,714,728
true 1,10,20,27,31,43,84,108,115,150,159,168,186,195,239,325,378,387,427,434,479,486,531,602,635,651,681
true 1,20,27,41,90,116,117,150,159,168,185,194,226,236,240,324,328,338,379,388,427,434,477,478,525,604,651
true 1,20,27,42,89,114,118,150,159,168,184,196,227,237,238,326,327,337,377,389,427,434,476,480,526,603,651
true 1,10,20,31,43,77,78,84,108,150,186,236,237,289,290,337,338,388,389,476,477,525,526,558,559,603,604
true 1,20,77,78,89,90,114,115,116,150,184,185,238,239,240,289,290,327,328,377,378,379,486,558,559,602,681
true 1,20,41,42,77,78,117,118,150,194,195,196,226,227,289,290,324,325,326,387,478,479,480,531,558,559,635
true 1,6,10,26,41,68,84,90,114,159,184,195,227,240,289,324,337,378,389,428,480,525,531,559,604,651,681
true 1,6,26,68,108,116,118,159,185,186,196,226,237,239,289,325,327,338,377,387,388,428,476,478,486,559,651
true 1,6,26,31,42,43,68,89,115,117,159,194,236,238,289,326,328,379,428,477,479,526,559,602,603,635,651
true 1,10,27,68,84,90,115,117,158,168,194,227,240,279,290,325,327,338,377,387,388,428,480,526,558,602,603
true 1,27,41,68,89,108,116,118,158,168,185,186,196,236,238,279,290,324,337,378,389,428,477,479,558,635,681
true 1,27,31,42,43,68,114,158,168,184,195,226,237,239,279,290,326,328,379,428,476,478,486,525,531,558,604
true 1,10,67,68,77,78,84,89,90,226,227,236,237,238,239,240,426,427,428,434,476,477,478,479,480,486,635
true 1,67,68,77,78,108,114,115,116,117,118,184,185,186,194,195,196,426,427,428,434,525,526,531,602,603,604
true 1,31,41,42,43,67,68,77,78,324,325,326,327,328,337,338,377,378,379,387,388,389,426,427,428,434,681
true 1,6,10,26,41,84,114,118,160,184,196,239,280,290,324,328,338,379,388,427,434,479,486,526,558,603,635
true 1,6,26,31,43,89,116,117,160,185,194,227,237,238,280,290,325,378,387,427,434,476,480,525,558,604,681
true 1,6,26,42,90,108,115,160,186,195,226,236,240,280,290,326,327,337,377,389,427,434,477,478,531,558,602
true 1,10,27,67,84,89,115,118,160,168,196,226,238,280,289,325,328,337,379,387,389,426,478,525,559,602,604
true 1,27,31,41,43,67,116,160,168,185,195,227,236,239,280,289,324,327,377,426,477,480,486,526,531,559,603
true 1,27,42,67,90,108,114,117,160,168,184,186,194,237,240,280,289,326,338,378,388,426,476,479,559,635,681
true 1,10,77,78,84,117,118,158,159,160,194,195,196,236,237,279,280,327,328,377,378,379,476,477,531,651,681
true 1,31,43,77,78,114,115,116,158,159,160,184,185,226,227,279,280,337,338,388,389,478,479,480,602,635,651
true 1,41,42,77,78,89,90,108,158,159,160,186,238,239,240,279,280,324,325,326,387,486,525,526,603,604,651
true 1,4,19,37,100,167,170,210,219,290,292,296,363,430,432,436,450,507,521,558,573,631,657,666,694,709,724
true 1,4,19,102,167,212,224,290,292,301,356,368,372,430,432,441,445,512,516,558,564,568,580,626,652,664,707
true 1,4,19,106,167,216,220,290,292,302,360,364,371,430,432,442,449,508,515,558,565,572,576,625,656,660,703
true 1,7,28,41,44,63,66,115,120,152,157,237,242,283,288,324,329,334,375,476,481,484,523,602,605,606,634
true 1,6,7,26,27,28,77,78,95,168,177,204,205,314,315,351,352,353,465,466,467,503,504,594,595,622,677
true 1,65,71,95,158,166,180,279,287,293,309,317,341,347,355,452,459,467,489,497,560,586,593,614,620,672,728
true 1,65,71,158,166,177,201,207,279,287,293,311,319,340,345,353,453,461,469,500,560,582,590,613,673,717,720
true 1,65,71,96,158,166,178,200,205,279,287,293,308,315,455,463,470,491,499,560,584,592,611,670,682,688,691
true 1,65,71,95,156,164,178,201,207,281,289,294,311,319,452,459,467,489,497,559,584,592,613,673,682,688,691
true 1,65,71,96,156,164,177,281,289,294,309,317,340,345,353,455,463,470,491,499,559,582,590,614,620,672,728
true 1,65,71,156,164,180,200,205,281,289,294,308,315,341,347,355,453,461,469,500,559,586,593,611,670,717,720
true 1,7,28,63,66,114,119,152,157,184,187,192,236,241,283,288,325,330,335,387,390,477,482,485,522,633,696
true 1,65,71,72,74,95,96,427,429,433,434,452,453,455,459,461,463,467,469,470,489,491,497,499,500,717,720
true 1,65,71,72,74,177,178,180,340,341,345,347,353,355,427,429,433,434,582,584,586,590,592,593,682,688,691
true 1,65,71,72,74,200,201,205,207,308,309,311,315,317,319,427,429,433,434,611,613,614,620,670,672,673,728
true 1,22,95,155,156,166,180,201,281,293,308,317,345,355,427,434,453,463,467,491,582,592,611,620,673,682,720
true 1,22,155,156,166,177,200,207,281,293,309,319,341,353,427,434,455,459,469,489,499,500,584,593,670,688,728
true 1,22,96,155,156,166,178,205,281,293,311,315,340,347,427,434,452,461,470,497,586,590,613,614,672,691,717
true 1,22,95,155,158,164,178,207,279,294,308,319,341,345,429,433,455,461,467,499,582,593,611,614,672,691,717
true 1,22,96,155,158,164,177,200,279,294,311,317,347,353,429,433,453,459,470,489,586,592,613,620,670,682,720
true 1,22,155,158,164,180,201,205,279,294,309,315,340,355,429,433,452,463,469,491,497,500,584,590,673,688,728
true 1,7,11,28,41,45,88,115,121,156,187,193,237,281,287,324,330,336,429,433,476,482,522,560,602,633,696
true 1,22,72,74,95,96,155,287,289,308,309,311,345,347,467,469,470,500,559,560,582,584,586,611,613,688,728
true 1,22,72,74,155,177,178,180,200,201,287,289,353,355,459,461,463,489,491,559,560,614,670,672,673,691,717
true 1,22,72,74,155,205,207,287,289,315,317,319,340,341,452,453,455,497,499,559,560,590,592,593,620,682,720
true 1,6,11,20,26,30,39,44,67,86,88,109,111,119,150,158,183,189,192,228,231,279,322,334,382,426,473
true 1,6,20,26,67,87,121,150,158,190,193,230,242,279,323,332,335,381,384,390,426,474,484,527,529,600,636
true 1,6,20,26,45,67,110,120,150,158,191,229,232,241,279,333,336,380,383,426,475,483,485,528,601,606,680
true 1,11,20,27,30,39,88,111,120,150,159,168,183,190,229,335,383,390,427,434,474,483,527,606,636,651,680
true 1,20,27,44,87,109,121,150,159,168,189,193,230,231,241,323,333,334,380,384,427,434,473,485,528,601,651
true 1,20,27,45,86,110,119,150,159,168,191,192,228,232,242,322,332,336,381,382,427,434,475,484,529,600,651
true 1,11,20,30,39,77,78,88,111,150,183,241,242,289,290,332,333,380,381,484,485,528,529,558,559,600,601
true 1,20,77,78,86,87,119,120,121,150,192,193,228,229,230,289,290,322,323,382,383,384,483,558,559,606,680
true 1,20,44,45,77,78,109,110,150,189,190,191,231,232,289,290,334,335,336,390,473,474,475,527,558,559,636
true 1,6,11,26,44,68,87,88,119,159,190,192,230,232,289,332,334,381,383,428,475,527,528,559,601,651,680
true 1,6,26,68,110,111,121,159,183,191,193,229,231,242,289,322,333,335,380,382,390,428,473,483,484,559,651
true 1,6,26,30,39,45,68,86,109,120,159,189,228,241,289,323,336,384,428,474,485,529,559,600,606,636,651
true 1,11,27,68,87,88,109,120,158,168,189,230,232,279,290,322,333,335,380,382,390,428,475,529,558,600,606
true 1,27,44,68,86,110,111,121,158,168,183,191,193,228,241,279,290,332,334,381,383,428,474,485,558,636,680
true 1,27,30,39,45,68,119,158,168,190,192,229,231,242,279,290,323,336,384,428,473,483,484,527,528,558,601
true 1,11,67,68,77,78,86,87,88,228,229,230,231,232,241,242,426,427,428,434,473,474,475,483,484,485,636
true 1,67,68,77,78,109,110,111,119,120,121,183,189,190,191,192,193,426,427,428,434,527,528,529,600,601,606
true 1,30,39,44,45,67,68,77,78,322,323,332,333,334,335,336,380,381,382,383,384,390,426,427,428,434,680
true 1,6,11,26,44,88,110,119,160,191,192,229,280,290,323,333,334,380,384,427,434,474,483,529,558,600,636
true 1,6,26,30,39,86,109,121,160,189,193,228,232,242,280,290,335,383,390,427,434,475,484,528,558,601,680
true 1,6,26,45,87,111,120,160,183,190,230,231,241,280,290,322,332,336,381,382,427,434,473,485,527,558,606
true 1,11,27,67,86,88,110,120,160,168,191,228,231,280,289,323,332,335,381,384,390,426,473,528,559,601,606
true 1,27,30,39,44,67,121,160,168,190,193,229,232,241,280,289,322,334,382,426,475,483,485,527,529,559,600
true 1,27,45,67,87,109,111,119,160,168,183,189,192,230,242,280,289,333,336,380,383,426,474,484,559,636,680
true 1,11,77,78,88,109,110,158,159,160,189,190,191,241,242,279,280,322,323,382,383,384,484,485,527,651,680
true 1,30,39,77,78,119,120,121,158,159,160,192,193,231,232,279,280,332,333,380,381,473,474,475,606,636,651
true 1,44,45,77,78,86,87,111,158,159,160,183,228,229,230,279,280,334,335,336,390,483,528,529,600,601,651
true 1,4,19,95,166,180,200,289,293,311,317,340,355,429,433,455,461,467,499,559,584,590,613,620,670,688,717
true 1,4,19,166,177,207,289,293,308,319,347,353,429,433,452,463,469,491,497,500,559,586,592,611,614,672,682
true 1,4,19,96,166,178,201,205,289,293,309,315,341,345,429,433,453,459,470,489,559,582,593,673,691,720,728
true 1,6,26,30,31,39,40,43,63,66,86,89,109,112,117,151,156,189,194,228,233,238,281,286,321,471,597
true 1,6,26,63,66,87,90,151,156,190,195,230,235,240,281,286,332,337,381,386,389,472,527,530,531,598,678
true 1,6,26,63,66,110,113,118,151,156,191,196,229,234,239,281,286,333,338,380,385,388,483,486,599,679,716
true 1,27,30,31,39,40,43,63,66,168,190,195,229,234,239,282,287,321,483,486,527,530,531,560,561,598,716
true 1,27,63,66,87,90,109,112,117,168,189,194,230,235,240,282,287,333,338,380,385,388,472,560,561,597,679
true 1,27,63,66,86,89,110,113,118,168,191,196,228,233,238,282,287,332,337,381,386,389,471,560,561,599,678
true 1,30,31,39,40,43,63,66,77,78,321,332,333,337,338,380,381,385,386,388,389,429,430,432,433,678,679
true 1,63,66,77,78,86,87,89,90,228,229,230,233,234,235,238,239,240,429,430,432,433,471,472,483,486,716
true 1,63,66,77,78,109,110,112,113,117,118,189,190,191,194,195,196,429,430,432,433,527,530,531,597,598,599
true 1,6,26,30,39,86,90,109,113,152,189,195,228,234,240,282,288,337,385,389,429,433,531,561,599,679,716
true 1,6,26,40,87,112,118,152,190,196,230,233,239,282,288,321,332,338,381,388,429,433,471,486,527,561,597
true 1,6,26,31,43,89,110,117,152,191,194,229,235,238,282,288,333,380,386,429,433,472,483,530,561,598,678
true 1,27,30,39,90,113,117,152,156,168,190,194,229,233,240,281,288,338,386,388,430,432,471,483,527,599,678
true 1,27,40,87,89,109,118,152,156,168,189,196,230,234,238,281,288,321,333,337,380,389,430,432,530,598,716
true 1,27,31,43,86,110,112,152,156,168,191,195,228,235,239,281,288,332,381,385,430,432,472,486,531,597,679
true 1,30,39,77,78,89,90,112,113,151,152,238,239,240,286,287,288,332,333,380,381,486,530,560,597,598,599
true 1,40,77,78,86,87,117,118,151,152,194,195,196,228,229,230,286,287,288,321,385,386,483,531,560,678,679
true 1,31,43,77,78,109,110,151,152,189,190,191,233,234,235,286,287,288,337,338,388,389,471,472,527,560,716
true 1,6,26,30,39,86,109,118,157,189,196,228,235,239,283,287,338,386,388,430,432,472,486,530,560,598,678
true 1,6,26,31,43,87,89,113,117,157,190,194,230,234,238,283,287,332,381,385,430,432,527,560,599,679,716
true 1,6,26,40,90,110,112,157,191,195,229,233,240,283,287,321,333,337,380,389,430,432,471,483,531,560,597
true 1,27,30,39,89,112,118,151,157,168,190,196,229,235,238,283,286,337,385,389,429,433,472,483,527,597,679
true 1,27,31,43,87,109,113,151,157,168,189,195,230,233,239,283,286,333,380,386,429,433,471,486,531,599,678
true 1,27,40,86,90,110,117,151,157,168,191,194,228,234,240,283,286,321,332,338,381,388,429,433,530,598,716
true 1,30,39,77,78,117,118,156,157,194,195,196,233,234,235,281,282,283,332,333,380,381,471,472,531,561,716
true 1,31,43,77,78,86,87,112,113,156,157,228,229,230,281,282,283,337,338,388,389,483,530,561,597,598,599
true 1,40,77,78,89,90,109,110,156,157,189,190,191,238,239,240,281,282,283,321,385,386,486,527,561,678,679
true 1,4,19,95,164,178,200,207,287,294,309,319,340,347,427,434,453,463,467,491,560,586,590,670,691,720,728
true 1,4,19,96,164,177,201,287,294,308,317,341,353,427,434,452,461,470,497,560,584,593,611,620,673,688,717
true 1,4,19,164,180,205,287,294,311,315,345,355,427,434,455,459,469,489,499,500,560,582,592,613,614,672,682
true 1,20,24,29,64,69,150,156,163,174,178,208,281,306,311,452,458,465,497,504,583,613,619,684,689,691,719
true 1,20,24,64,69,83,97,150,156,163,281,310,317,345,352,456,463,491,498,582,589,594,608,615,620,671,685
true 1,20,24,34,64,69,150,156,163,182,200,204,281,341,346,462,469,487,493,500,587,593,609,670,675,677,714
true 1,20,29,75,150,154,174,204,208,287,291,317,341,435,452,456,493,497,498,560,589,593,620,677,684,685,714
true 1,20,75,83,97,150,154,287,291,310,311,345,346,435,465,469,500,504,560,582,583,587,608,609,613,675,689
true 1,20,34,75,150,154,178,182,200,287,291,306,352,435,458,462,463,487,491,560,594,615,619,670,671,691,719
true 1,20,29,150,161,167,174,208,285,292,346,352,429,433,452,463,469,491,497,500,587,594,609,615,671,675,684
true 1,20,83,97,150,161,167,178,204,285,292,306,310,341,345,429,433,458,493,582,593,608,619,677,691,714,719
true 1,20,34,150,161,167,182,200,285,292,311,317,429,433,456,462,465,487,498,504,583,589,613,620,670,685,689
true 1,24,29,68,161,163,178,200,208,285,287,310,346,428,463,465,491,493,504,560,587,589,608,670,685,691,714
true 1,24,68,83,97,161,163,285,287,306,317,341,352,428,452,462,487,497,560,583,593,594,609,619,620,675,689
true 1,24,34,68,161,163,174,182,204,285,287,311,345,428,456,458,469,498,500,560,582,613,615,671,677,684,719
true 1,29,64,68,69,75,200,204,208,306,310,311,317,428,429,433,435,608,609,613,615,619,620,670,671,675,677
true 1,64,68,69,75,83,97,428,429,433,435,452,456,458,462,463,465,469,487,491,493,497,498,500,504,714,719
true 1,34,64,68,69,75,174,178,182,341,345,346,352,428,429,433,435,582,583,587,589,593,594,684,685,689,691
true 1,29,68,154,156,167,200,208,281,291,292,310,341,352,428,456,458,469,498,500,583,593,594,608,670,689,719
true 1,68,83,97,154,156,167,178,204,281,291,292,311,346,428,452,462,487,497,587,589,613,615,671,677,685,691
true 1,34,68,154,156,167,174,182,281,291,292,306,317,345,428,463,465,491,493,504,582,609,619,620,675,684,714
true 1,24,29,154,160,163,178,208,280,291,341,345,429,433,456,462,465,487,498,504,582,593,609,615,671,675,691
true 1,24,83,97,154,160,163,174,200,280,291,311,317,346,352,429,433,458,493,587,594,613,620,670,684,714,719
true 1,24,34,154,160,163,182,204,280,291,306,310,429,433,452,463,469,491,497,500,583,589,608,619,677,685,689
true 1,29,75,156,160,161,204,208,280,281,285,317,345,346,435,458,462,463,487,491,582,583,587,620,677,689,719
true 1,75,83,97,156,160,161,174,200,280,281,285,306,341,435,465,469,500,504,589,593,615,619,670,671,684,685
true 1,34,75,156,160,161,178,182,280,281,285,310,311,352,435,452,456,493,497,498,594,608,609,613,675,691,714
true 1,29,64,69,160,167,208,280,287,292,306,311,345,352,462,469,487,493,500,560,582,589,594,613,619,685,714
true 1,64,69,83,97,160,167,174,178,200,204,280,287,292,456,463,491,498,560,583,609,670,675,677,684,689,691
true 1,34,64,69,160,167,182,280,287,292,310,317,341,346,452,458,465,497,504,560,587,593,608,615,620,671,719
true 1,7,28,44,85,114,120,156,184,188,225,236,242,281,287,325,331,334,376,387,429,433,477,484,524,560,606
true 1,4,19,72,74,95,96,156,158,200,201,279,281,340,341,467,469,470,500,590,592,593,614,670,672,673,682
true 1,4,19,72,74,156,158,177,178,180,279,281,308,309,311,353,355,452,453,455,497,499,611,613,691,720,728
true 1,4,19,72,74,156,158,205,207,279,281,315,317,319,345,347,459,461,463,489,491,582,584,586,620,688,717
true 1,24,65,71,82,163,177,282,290,316,340,345,353,456,464,490,498,505,558,561,582,590,607,615,621,671,676
true 1,24,65,71,163,175,181,200,205,282,290,308,315,346,354,460,468,493,501,558,561,587,611,670,687,714,718
true 1,24,65,71,95,163,206,282,290,306,312,320,349,452,459,467,489,497,558,561,583,591,596,612,619,683,689
true 1,65,71,82,151,159,167,200,205,286,292,308,315,349,456,464,490,498,505,583,591,596,611,651,670,683,689
true 1,65,71,95,151,159,167,175,181,286,292,316,346,354,452,459,467,489,497,587,607,615,621,651,671,676,687
true 1,65,71,151,159,167,177,206,286,292,306,312,320,340,345,353,460,468,493,501,582,590,612,619,651,714,718
true 1,20,21,29,72,74,150,151,153,174,175,208,286,314,316,452,453,455,497,499,588,621,622,684,686,687,720
true 1,20,21,72,74,83,97,150,151,153,286,310,312,345,347,466,468,501,503,582,584,586,608,610,612,674,688
true 1,20,21,34,72,74,150,151,153,182,200,201,286,349,351,462,464,487,488,490,595,596,614,670,672,673,715
true 1,20,29,70,150,164,174,201,208,282,294,312,349,431,452,466,488,497,503,561,584,596,612,673,684,688,715
true 1,20,70,83,97,150,164,282,294,310,316,345,351,431,455,464,490,499,561,582,588,595,608,614,621,672,686
true 1,20,34,70,150,164,175,182,200,282,294,314,347,431,453,462,468,487,501,561,586,610,622,670,674,687,720
true 1,20,29,150,162,166,174,208,284,293,347,351,430,432,452,464,468,490,497,501,586,595,610,614,672,674,684
true 1,20,83,97,150,162,166,175,201,284,293,310,314,345,349,430,432,453,488,582,596,608,622,673,687,715,720
true 1,20,34,150,162,166,182,200,284,293,312,316,430,432,455,462,466,487,499,503,584,588,612,621,670,686,688
true 1,29,68,70,72,74,200,201,208,310,312,314,316,428,430,431,432,608,610,612,614,621,622,670,672,673,674
true 1,68,70,72,74,83,97,428,430,431,432,452,453,455,462,464,466,468,487,488,490,497,499,501,503,715,720
true 1,34,68,70,72,74,174,175,182,345,347,349,351,428,430,431,432,582,584,586,588,595,596,684,686,687,688
true 1,29,68,151,162,164,200,208,284,286,294,310,347,349,428,453,464,466,490,503,586,588,596,608,670,686,720
true 1,68,83,97,151,162,164,175,201,284,286,294,316,351,428,452,462,487,497,584,595,610,621,673,674,687,688
true 1,34,68,151,162,164,174,182,284,286,294,312,314,345,428,455,468,488,499,501,582,612,614,622,672,684,715
true 1,21,29,68,153,166,175,200,208,282,293,310,351,428,455,468,488,499,501,561,584,595,608,670,687,688,715
true 1,21,68,83,97,153,166,282,293,312,314,347,349,428,452,462,487,497,561,586,588,596,612,614,622,672,686
true 1,21,34,68,153,166,174,182,201,282,293,316,345,428,453,464,466,490,503,561,582,610,621,673,674,684,720
true 1,29,72,74,160,162,208,280,282,284,314,316,345,347,462,464,487,488,490,561,582,584,586,621,622,688,715
true 1,72,74,83,97,160,162,174,175,200,201,280,282,284,466,468,501,503,561,588,614,670,672,673,684,686,687
true 1,34,72,74,160,162,182,280,282,284,310,312,349,351,452,453,455,497,499,561,595,596,608,610,612,674,720
true 1,21,29,153,160,164,175,208,280,294,345,349,430,432,455,462,466,487,499,503,582,596,610,614,672,674,687
true 1,21,83,97,153,160,164,174,200,280,294,312,316,347,351,430,432,453,488,586,595,612,621,670,684,715,720
true 1,21,34,153,160,164,182,201,280,294,310,314,430,432,452,464,468,490,497,501,584,588,608,622,673,686,688
true 1,29,70,151,160,166,201,208,280,286,293,312,345,351,431,453,462,468,487,501,582,588,595,612,673,686,720
true 1,70,83,97,151,160,166,174,200,280,286,293,314,349,431,455,464,490,499,584,596,610,622,670,674,684,688
true 1,34,70,151,160,166,175,182,280,286,293,310,316,347,431,452,466,488,497,503,586,608,614,621,672,687,715
true 1,7,10,28,42,84,116,119,156,185,192,241,281,287,326,329,335,375,390,429,433,481,485,523,560,605,634
true 1,65,67,71,75,82,95,426,430,432,435,452,456,459,460,464,467,468,489,490,493,497,498,501,505,714,718
true 1,65,67,71,75,175,177,181,340,345,346,349,353,354,426,430,432,435,582,583,587,590,591,596,683,687,689
true 1,65,67,71,75,200,205,206,306,308,312,315,316,320,426,430,432,435,607,611,612,615,619,621,670,671,676
true 1,22,24,82,155,159,163,177,200,312,316,346,353,430,432,459,489,493,505,587,591,612,621,651,670,683,714
true 1,22,24,155,159,163,181,205,306,315,340,354,430,432,452,464,468,490,497,501,583,590,607,619,651,676,689
true 1,22,24,95,155,159,163,175,206,308,320,345,349,430,432,456,460,467,498,582,596,611,615,651,671,687,718
true 1,22,67,82,155,167,205,282,292,312,315,340,346,349,426,452,460,497,505,561,587,590,596,612,615,671,718
true 1,22,67,95,155,167,181,282,292,306,308,316,345,354,426,464,467,490,493,561,582,591,611,619,621,683,714
true 1,22,67,155,167,175,177,200,206,282,292,320,353,426,456,459,468,489,498,501,561,583,607,670,676,687,689
true 1,2,6,8,12,20,26,32,40,46,67,85,91,112,150,158,187,225,233,279,321,329,375,426,471,522,597
true 1,6,20,26,33,48,67,92,123,150,158,188,197,235,243,279,330,386,426,472,481,524,530,598,634,678,696
true 1,6,13,20,26,47,67,93,113,122,150,158,198,234,279,331,339,376,385,426,482,523,599,605,633,679,716
true 1,2,8,20,27,40,47,85,92,150,159,168,225,234,243,321,330,339,427,434,523,530,598,605,651,696,716
true 1,12,20,27,33,48,91,112,122,150,159,168,188,198,235,329,375,385,427,434,472,482,524,597,633,651,679
true 1,13,20,27,32,46,93,113,123,150,159,168,187,197,233,331,376,386,427,434,471,481,522,599,634,651,678
true 1,2,8,20,40,77,78,85,122,123,150,197,198,225,289,290,321,385,386,481,482,558,559,633,634,678,679
true 1,20,32,33,46,47,48,77,78,150,187,188,233,234,235,289,290,339,471,472,522,523,524,558,559,605,716
true 1,12,13,20,77,78,91,92,93,112,113,150,243,289,290,329,330,331,375,376,530,558,559,597,598,599,696
true 1,2,6,8,12,26,32,46,68,91,113,159,188,234,289,330,385,428,481,524,559,599,634,651,679,696,716
true 1,6,26,33,40,48,68,92,112,123,159,197,233,243,289,321,331,376,428,471,482,523,559,597,605,633,651
true 1,6,13,26,47,68,85,93,122,159,187,198,225,235,289,329,339,375,386,428,472,522,530,559,598,651,678
true 1,2,8,27,47,68,92,113,158,168,188,233,243,279,290,329,339,375,386,428,471,482,524,558,599,633,678
true 1,12,27,33,40,48,68,91,122,158,168,187,198,234,279,290,321,331,376,428,481,522,530,558,598,634,716
true 1,13,27,32,46,68,85,93,112,123,158,168,197,225,235,279,290,330,385,428,472,523,558,597,605,679,696
true 1,2,8,67,68,77,78,112,113,122,123,187,188,197,198,426,427,428,434,522,523,524,530,597,598,599,605
true 1,32,33,40,46,47,48,67,68,77,78,321,329,330,331,339,375,376,385,386,426,427,428,434,678,679,696
true 1,12,13,67,68,77,78,85,91,92,93,225,233,234,235,243,426,427,428,434,471,472,481,482,633,634,716
true 1,2,6,8,12,26,32,46,91,160,235,280,290,331,376,386,427,434,472,482,523,530,558,598,605,633,678
true 1,6,26,33,48,85,92,113,123,160,187,197,225,234,243,280,290,329,375,385,427,434,522,558,599,679,716
true 1,6,13,26,40,47,93,112,122,160,188,198,233,280,290,321,330,339,427,434,471,481,524,558,597,634,696
true 1,2,8,27,47,67,92,112,160,168,187,235,243,280,289,331,339,376,385,426,472,481,522,559,597,634,679
true 1,12,27,33,48,67,85,91,113,122,160,168,198,225,233,280,289,330,386,426,471,523,559,599,605,678,696
true 1,13,27,32,40,46,67,93,123,160,168,188,197,234,280,289,321,329,375,426,482,524,530,559,598,633,716
true 1,2,8,77,78,122,123,158,159,160,197,198,233,234,235,279,280,329,330,331,375,376,471,472,651,696,716
true 1,32,33,46,47,48,77,78,85,112,113,158,159,160,225,279,280,339,481,482,530,597,598,599,633,634,651
true 1,12,13,40,77,78,91,92,93,158,159,160,187,188,243,279,280,321,385,386,522,523,524,605,651,678,679
true 1,7,11,28,45,88,114,121,151,184,193,236,282,286,325,329,336,375,387,430,432,477,481,523,561,605,634
true 1,22,75,82,95,151,155,286,290,308,312,345,346,435,467,468,501,505,558,582,583,587,607,611,612,676,689
true 1,22,75,151,155,177,181,200,286,290,306,349,353,354,435,459,460,464,489,490,558,596,615,619,670,671,718
true 1,22,75,151,155,175,205,206,286,290,315,316,320,340,435,452,456,493,497,498,558,590,591,621,683,687,714
true 1,4,19,24,67,82,151,163,175,177,286,306,308,316,353,426,452,460,497,505,583,611,619,621,687,689,718
true 1,4,19,24,67,151,163,181,205,286,312,315,345,354,426,456,459,468,489,498,501,582,591,612,615,671,683
true 1,4,19,24,67,95,151,163,200,206,286,320,340,346,349,426,464,467,490,493,587,590,596,607,670,676,714
true 1,2,6,8,12,26,32,46,63,66,91,108,111,151,156,183,186,226,231,281,286,322,327,377,382,473,478
true 1,6,26,33,48,63,66,92,123,151,156,197,243,281,286,323,328,379,384,474,479,526,529,600,603,635,636
true 1,6,13,26,47,63,66,93,122,151,156,198,227,232,281,286,339,378,383,475,480,525,528,601,604,680,681
true 1,2,8,27,47,63,66,92,108,111,168,183,186,243,282,287,339,378,383,474,479,560,561,635,636,680,681
true 1,12,27,33,48,63,66,91,122,168,198,226,231,282,287,323,328,379,384,473,478,525,528,560,561,601,604
true 1,13,27,32,46,63,66,93,123,168,197,227,232,282,287,322,327,377,382,475,480,526,529,560,561,600,603
true 1,2,8,63,66,77,78,108,111,122,123,183,186,197,198,429,430,432,433,525,526,528,529,600,601,603,604
true 1,32,33,46,47,48,63,66,77,78,322,323,327,328,339,377,378,379,382,383,384,429,430,432,433,680,681
true 1,12,13,63,66,77,78,91,92,93,226,227,231,232,243,429,430,432,433,473,474,475,478,479,480,635,636
true 1,2,6,8,12,26,32,46,91,152,227,282,288,323,378,384,429,433,474,480,525,529,561,600,604,636,681
true 1,6,26,33,48,92,108,123,152,186,197,226,232,243,282,288,327,377,383,429,433,475,478,528,561,601,680
true 1,6,13,26,47,93,111,122,152,183,198,231,282,288,322,328,339,379,382,429,433,473,479,526,561,603,635
true 1,2,8,27,47,92,152,156,168,227,231,243,281,288,323,327,339,377,384,430,432,473,480,526,528,601,603
true 1,12,27,33,48,91,108,122,152,156,168,186,198,232,281,288,322,378,382,430,432,475,479,529,600,635,681
true 1,13,27,32,46,93,111,123,152,156,168,183,197,226,281,288,328,379,383,430,432,474,478,525,604,636,680
true 1,2,8,77,78,122,123,151,152,197,198,226,227,286,287,288,322,323,382,383,384,478,479,480,560,635,680
true 1,32,33,46,47,48,77,78,108,151,152,186,231,232,286,287,288,339,473,474,475,525,526,560,603,604,636
true 1,12,13,77,78,91,92,93,111,151,152,183,243,286,287,288,327,328,377,378,379,528,529,560,600,601,681
true 1,2,6,8,12,26,32,46,91,157,232,283,287,328,379,383,430,432,475,479,526,528,560,601,603,635,680
true 1,6,26,33,48,92,111,123,157,183,197,227,231,243,283,287,322,378,382,430,432,473,480,525,560,604,681
true 1,6,13,26,47,93,108,122,157,186,198,226,283,287,323,327,339,377,384,430,432,474,478,529,560,600,636
true 1,2,8,27,47,92,151,157,168,226,232,243,283,286,322,328,339,379,382,429,433,475,478,525,529,600,604
true 1,12,27,33,48,91,111,122,151,157,168,183,198,227,283,286,327,377,383,429,433,474,480,526,603,636,680
true 1,13,27,32,46,93,108,123,151,157,168,186,197,231,283,286,323,378,384,429,433,473,479,528,601,635,681
true 1,2,8,77,78,122,123,156,157,197,198,231,232,281,282,283,327,328,377,378,379,473,474,475,561,636,681
true 1,32,33,46,47,48,77,78,111,156,157,183,226,227,281,282,283,339,478,479,480,528,529,561,600,601,635
true 1,12,13,77,78,91,92,93,108,156,157,186,243,281,282,283,322,323,382,383,384,525,526,561,603,604,680
true 1,4,19,82,167,175,205,290,292,306,315,345,349,430,432,459,489,493,505,558,582,596,607,619,676,687,714
true 1,4,19,95,167,181,200,290,292,312,316,340,354,430,432,456,460,467,498,558,583,590,612,621,670,689,718
true 1,4,19,167,177,206,290,292,308,320,346,353,430,432,452,464,468,490,497,501,558,587,591,611,615,671,683
true 1,7,10,28,42,44,84,116,120,151,185,187,242,282,286,326,330,334,430,432,482,484,522,561,606,633,696
true 1,4,19,75,82,95,159,175,200,282,306,340,435,467,468,501,505,561,590,591,615,619,651,670,671,683,687
true 1,4,19,75,159,177,181,282,308,312,349,353,354,435,452,456,493,497,498,561,596,607,611,612,651,676,714
true 1,4,19,75,159,205,206,282,315,316,320,345,346,435,459,460,464,489,490,561,582,583,587,621,651,689,718
true 1,7,28,72,74,81,82,164,166,179,181,203,204,206,293,294,318,320,350,352,354,465,502,504,505,594,677
true 1,16,65,71,128,140,148,151,159,167,245,251,259,262,270,286,292,399,407,410,418,424,533,541,553,651,699
true 1,54,59,65,71,126,132,143,151,159,167,255,263,271,278,286,292,391,398,406,414,538,549,555,640,645,651
true 1,51,60,65,71,134,139,147,151,159,167,247,254,266,274,286,292,395,403,415,422,534,542,547,639,648,651
true 1,7,28,41,85,115,119,151,188,192,225,237,241,282,286,324,331,335,376,390,430,432,476,485,524,561,602
true 1,16,65,67,71,75,126,128,132,262,263,266,270,271,274,278,426,430,432,435,533,534,538,541,542,547,648
true 1,51,54,59,60,65,67,71,75,391,395,398,399,403,406,407,410,414,415,418,422,424,426,430,432,435,699
true 1,65,67,71,75,134,139,140,143,147,148,245,247,251,254,255,259,426,430,432,435,549,553,555,639,640,645
true 1,16,24,51,60,65,71,128,143,163,255,262,270,282,290,395,403,415,422,533,541,549,555,558,561,640,645
true 1,24,54,59,65,71,140,148,163,245,251,259,266,274,282,290,391,398,406,414,534,542,547,553,558,561,648
true 1,24,65,71,126,132,134,139,147,163,247,254,263,271,278,282,290,399,407,410,418,424,538,558,561,639,699
true 1,16,22,67,126,128,139,148,155,167,259,263,266,282,292,395,398,407,414,422,424,426,534,549,561,639,645
true 1,22,59,67,132,134,140,143,155,167,245,247,255,270,278,282,292,403,406,415,418,426,533,542,561,648,699
true 1,22,51,54,60,67,147,155,167,251,254,262,271,274,282,292,391,399,410,426,538,541,547,553,555,561,640
true 1,7,28,63,66,109,112,117,152,157,189,194,229,234,239,283,288,332,337,381,386,389,483,486,597,678,716
true 1,16,22,75,128,132,139,140,151,155,245,274,278,286,290,398,399,403,410,414,415,435,547,555,558,639,640
true 1,22,51,59,60,75,134,151,155,247,251,266,270,271,286,290,406,407,424,435,533,534,538,549,553,558,645
true 1,22,54,75,126,143,147,148,151,155,254,255,259,262,263,286,290,391,395,418,422,435,541,542,558,648,699
true 1,3,6,14,17,20,26,51,54,60,67,125,131,138,150,158,248,260,268,279,391,399,410,426,532,548,637
true 1,6,18,20,26,61,67,133,139,148,150,158,259,269,279,401,409,411,420,426,543,549,639,645,647,698,722
true 1,6,20,26,52,62,67,132,149,150,158,249,258,270,278,279,400,421,426,533,542,550,556,638,648,697,701
true 1,3,14,20,27,54,61,125,132,150,159,168,260,269,278,391,400,409,427,434,549,556,638,645,651,701,722
true 1,18,20,27,51,60,133,139,149,150,159,168,248,258,268,401,411,421,427,434,532,542,548,639,648,651,697
true 1,17,20,27,52,62,131,138,148,150,159,168,249,259,270,399,410,420,427,434,533,543,550,637,647,651,698
true 1,3,14,20,54,77,78,125,148,149,150,258,259,260,289,290,391,420,421,542,543,558,559,647,648,697,698
true 1,17,18,20,77,78,131,132,133,138,139,150,278,289,290,399,400,401,410,411,556,558,559,637,638,639,701
true 1,20,51,52,60,61,62,77,78,150,248,249,268,269,270,289,290,409,532,533,548,549,550,558,559,645,722
true 1,3,6,14,17,26,51,60,68,131,139,159,249,269,289,400,420,428,542,550,559,639,648,651,698,701,722
true 1,6,18,26,61,68,125,133,148,159,248,259,260,270,289,399,409,410,421,428,533,548,556,559,638,651,697
true 1,6,26,52,54,62,68,132,138,149,159,258,268,278,289,391,401,411,428,532,543,549,559,637,645,647,651
true 1,3,14,27,61,68,132,139,158,168,249,268,278,279,290,399,409,410,421,428,532,543,550,558,639,647,697
true 1,18,27,51,60,68,125,133,138,149,158,168,258,260,270,279,290,400,420,428,533,549,558,637,645,698,701
true 1,17,27,52,54,62,68,131,148,158,168,248,259,269,279,290,391,401,411,428,542,548,556,558,638,648,722
true 1,3,14,67,68,77,78,138,139,148,149,248,249,258,259,426,427,428,434,548,549,550,556,637,638,639,645
true 1,17,18,67,68,77,78,125,131,132,133,260,268,269,270,278,426,427,428,434,532,533,542,543,647,648,722
true 1,51,52,54,60,61,62,67,68,77,78,391,399,400,401,409,410,411,420,421,426,427,428,434,697,698,701
true 1,3,6,14,17,26,51,60,131,160,270,280,290,401,411,421,427,434,533,543,549,556,558,638,645,647,697
true 1,6,18,26,54,61,133,138,148,160,249,259,268,280,290,391,400,409,427,434,532,542,550,558,637,648,701
true 1,6,26,52,62,125,132,139,149,160,248,258,260,269,278,280,290,399,410,420,427,434,548,558,639,698,722
true 1,3,14,27,61,67,132,138,160,168,248,270,278,280,289,401,409,411,420,426,533,542,548,559,637,648,698
true 1,18,27,51,54,60,67,133,149,160,168,249,258,269,280,289,391,399,410,426,543,550,556,559,638,647,722
true 1,17,27,52,62,67,125,131,139,148,160,168,259,260,268,280,289,400,421,426,532,549,559,639,645,697,701
true 1,3,14,77,78,148,149,158,159,160,258,259,268,269,270,279,280,399,400,401,410,411,532,533,651,701,722
true 1,17,18,54,77,78,131,132,133,158,159,160,248,249,278,279,280,391,420,421,548,549,550,645,651,697,698
true 1,51,52,60,61,62,77,78,125,138,139,158,159,160,260,279,280,409,542,543,556,637,638,639,647,648,651
true 1,16,22,24,51,60,128,139,143,155,159,163,251,255,271,398,414,418,430,432,538,542,553,639,648,651,699
true 1,22,24,59,126,134,148,155,159,163,247,259,263,270,274,395,399,406,410,422,430,432,533,547,555,640,651
true 1,22,24,54,132,140,147,155,159,163,245,254,262,266,278,391,403,407,415,424,430,432,534,541,549,645,651
true 1,4,16,19,54,128,134,148,167,247,259,271,290,292,391,403,407,415,424,430,432,538,542,555,558,640,648
true 1,4,19,59,132,139,143,167,251,255,262,266,278,290,292,395,399,406,410,422,430,432,534,541,553,558,639
true 1,4,19,51,60,126,140,147,167,245,254,263,270,274,290,292,398,414,418,430,432,533,547,549,558,645,699
true 1,7,28,63,66,86,89,152,157,190,195,228,233,238,283,288,333,338,380,385,388,471,527,530,531,598,679
true 1,4,16,19,54,75,128,132,134,159,247,251,274,278,282,391,395,418,422,435,547,549,553,561,645,651,699
true 1,4,19,51,59,60,75,126,139,140,159,245,262,263,282,406,407,424,435,541,542,555,561,639,640,648,651
true 1,4,19,75,143,147,148,159,254,255,259,266,270,271,282,398,399,403,410,414,415,435,533,534,538,561,651
true 1,3,6,14,17,26,51,60,63,66,131,134,137,151,156,244,247,261,266,281,286,392,397,412,417,534,539
true 1,6,18,26,61,63,66,133,148,151,156,259,262,267,281,286,409,413,418,536,541,551,554,641,644,699,700
true 1,6,26,52,62,63,66,132,149,151,156,258,278,281,286,393,398,414,419,535,540,552,555,640,643,649,650
true 1,3,14,27,61,63,66,132,134,137,168,244,247,278,282,287,409,413,418,535,540,560,561,649,650,699,700
true 1,18,27,51,60,63,66,133,149,168,258,262,267,282,287,392,397,412,417,536,541,552,555,560,561,640,643
true 1,17,27,52,62,63,66,131,148,168,259,261,266,282,287,393,398,414,419,534,539,551,554,560,561,641,644
true 1,3,14,63,66,77,78,134,137,148,149,244,247,258,259,429,430,432,433,551,552,554,555,640,641,643,644
true 1,17,18,63,66,77,78,131,132,133,261,262,266,267,278,429,430,432,433,534,535,536,539,540,541,649,650
true 1,51,52,60,61,62,63,66,77,78,392,393,397,398,409,412,413,414,417,418,419,429,430,432,433,699,700
true 1,3,6,14,17,26,51,60,131,152,262,282,288,393,413,419,429,433,535,541,551,555,561,640,644,650,700
true 1,6,18,26,61,133,137,148,152,244,259,266,282,288,392,398,409,414,417,429,433,534,540,552,561,643,649
true 1,6,26,52,62,132,134,149,152,247,258,261,267,278,282,288,397,412,418,429,433,536,539,554,561,641,699
true 1,3,14,27,61,132,152,156,168,262,266,278,281,288,393,397,409,412,419,430,432,534,541,552,554,641,643
true 1,18,27,51,60,133,137,149,152,156,168,244,258,261,281,288,398,414,418,430,432,535,539,551,644,650,699
true 1,17,27,52,62,131,134,148,152,156,168,247,259,267,281,288,392,413,417,430,432,536,540,555,640,649,700
true 1,3,14,77,78,148,149,151,152,258,259,261,262,286,287,288,392,393,417,418,419,539,540,541,560,649,699
true 1,17,18,77,78,131,132,133,137,151,152,244,278,286,287,288,397,398,412,413,414,554,555,560,640,641,700
true 1,51,52,60,61,62,77,78,134,151,152,247,266,267,286,287,288,409,534,535,536,551,552,560,643,644,650
true 1,3,6,14,17,26,51,60,131,157,267,283,287,398,414,418,430,432,536,540,552,554,560,641,643,649,699
true 1,6,18,26,61,133,134,148,157,247,259,261,283,287,393,397,409,412,419,430,432,535,539,555,560,640,650
true 1,6,26,52,62,132,137,149,157,244,258,262,266,278,283,287,392,413,417,430,432,534,541,551,560,644,700
true 1,3,14,27,61,132,151,157,168,261,267,278,283,286,392,398,409,414,417,429,433,536,539,551,555,640,644
true 1,18,27,51,60,133,134,149,151,157,168,247,258,266,283,286,393,413,419,429,433,534,540,554,641,649,700
true 1,17,27,52,62,131,137,148,151,157,168,244,259,262,283,286,397,412,418,429,433,535,541,552,643,650,699
true 1,3,14,77,78,148,149,156,157,258,259,266,267,281,282,283,397,398,412,413,414,534,535,536,561,650,700
true 1,17,18,77,78,131,132,133,134,156,157,247,278,281,282,283,392,393,417,418,419,551,552,561,643,644,699
true 1,51,52,60,61,62,77,78,137,156,157,244,261,262,281,282,283,409,539,540,541,554,555,561,640,641,649
true 1,4,16,19,24,51,54,60,67,126,128,134,140,143,151,163,245,247,255,263,266,286,391,399,410,426,534
true 1,4,19,24,59,67,139,148,151,163,259,262,271,274,286,403,406,415,418,426,538,541,547,549,639,645,699
true 1,4,19,24,67,132,147,151,163,251,254,270,278,286,395,398,407,414,422,424,426,533,542,553,555,640,648
true 1,7,28,72,74,95,96,164,166,177,178,180,205,207,293,294,315,317,319,353,355,467,469,470,500,620,691
true 1,7,28,31,43,86,90,112,118,156,190,196,228,234,240,281,287,333,380,386,429,433,527,560,597,678,716
true 1,16,65,71,128,135,141,149,158,166,250,258,262,270,279,287,293,392,400,408,417,423,533,541,560,642,701
true 1,17,54,59,65,71,131,158,166,248,256,264,272,279,287,293,391,398,406,414,537,544,548,554,557,560,641
true 1,55,61,65,71,129,134,139,147,158,166,247,254,273,279,287,293,394,402,409,416,535,543,560,639,647,650
true 1,16,55,61,65,71,128,156,164,248,256,262,270,281,289,294,394,402,409,416,533,541,548,554,557,559,641
true 1,54,59,65,71,129,135,141,149,156,164,250,258,273,281,289,294,391,398,406,414,535,543,559,642,647,650
true 1,17,65,71,131,134,139,147,156,164,247,254,264,272,281,289,294,392,400,408,417,423,537,544,559,639,701
true 1,16,17,65,71,72,74,128,129,131,262,264,270,272,273,427,429,433,434,533,535,537,541,543,544,647,650
true 1,54,55,59,61,65,71,72,74,391,392,394,398,400,402,406,408,409,414,416,417,423,427,429,433,434,701
true 1,65,71,72,74,134,135,139,141,147,149,247,248,250,254,256,258,427,429,433,434,548,554,557,639,641,642
true 1,7,28,30,39,87,110,117,156,191,194,230,233,239,281,287,337,385,389,429,433,471,486,530,560,598,679
true 1,16,22,55,128,139,149,155,156,166,248,258,264,281,293,394,398,408,414,423,427,434,535,544,548,639,650
true 1,17,22,59,131,134,141,155,156,166,247,256,270,281,293,392,402,406,416,417,427,434,533,543,557,642,647
true 1,22,54,61,129,135,147,155,156,166,250,254,262,272,273,281,293,391,400,409,427,434,537,541,554,641,701
true 1,4,6,9,19,21,26,35,37,64,69,98,100,105,153,172,210,215,298,303,359,438,443,450,566,573,657
true 1,4,6,19,21,26,64,69,107,153,217,224,304,361,368,374,444,451,512,518,567,574,580,628,658,664,707
true 1,4,6,19,21,26,38,64,69,79,101,106,153,169,171,211,216,223,295,297,302,360,367,437,442,511,565
true 1,4,9,19,27,35,70,98,106,154,168,172,216,291,298,302,360,374,431,438,442,451,518,565,574,628,658
true 1,4,19,27,37,70,100,107,154,168,171,210,217,223,291,297,304,361,367,431,437,444,450,511,567,573,657
true 1,4,19,27,38,70,79,101,105,154,168,169,211,215,224,291,295,303,359,368,431,443,512,566,580,664,707
true 1,4,9,19,35,77,78,98,161,162,171,172,223,224,284,285,297,298,367,368,437,438,511,512,580,664,707
true 1,4,19,77,78,105,106,107,161,162,215,216,217,284,285,302,303,304,359,360,361,442,443,444,565,566,567
true 1,4,19,37,38,77,78,79,100,101,161,162,169,210,211,284,285,295,374,450,451,518,573,574,628,657,658
true 1,6,9,22,26,37,70,101,105,155,161,172,216,285,295,303,361,367,431,437,444,450,512,565,574,628,664
true 1,6,22,26,35,70,100,107,155,161,169,211,215,224,285,297,304,360,374,431,438,442,451,511,566,580,657
true 1,6,22,26,38,70,79,98,106,155,161,171,210,217,223,285,298,302,359,368,431,443,518,567,573,658,707
true 1,9,22,27,64,69,101,106,155,162,168,172,210,215,284,295,297,302,361,368,374,444,451,511,566,573,707
true 1,22,27,35,37,64,69,107,155,162,168,169,171,211,216,223,284,304,359,438,443,450,512,518,565,658,664
true 1,22,27,38,64,69,79,98,100,105,155,162,168,217,224,284,298,303,360,367,437,442,567,574,580,628,657
true 1,9,21,22,77,78,100,101,153,154,155,171,172,223,224,291,295,359,360,361,442,443,444,518,580,657,658
true 1,21,22,35,77,78,105,106,107,153,154,155,169,210,211,291,302,303,304,367,368,437,438,573,574,628,707
true 1,21,22,37,38,77,78,79,98,153,154,155,215,216,217,291,297,298,374,450,451,511,512,565,566,567,664
true 1,6,9,26,37,65,71,105,154,162,169,172,211,217,284,291,297,303,360,368,442,450,511,518,567,658,707
true 1,6,26,65,71,98,101,107,154,162,210,216,224,284,291,295,298,304,359,367,374,437,443,451,565,573,580
true 1,6,26,35,38,65,71,79,100,106,154,162,171,215,223,284,291,302,361,438,444,512,566,574,628,657,664
true 1,9,21,27,65,71,100,106,153,161,168,169,172,211,217,285,302,359,367,374,437,443,451,512,567,657,664
true 1,21,27,37,65,71,98,101,107,153,161,168,171,215,223,285,295,298,304,360,368,442,450,566,574,628,707
true 1,21,27,35,38,65,71,79,105,153,161,168,210,216,224,285,297,303,361,438,444,511,518,565,573,580,658
true 1,9,64,65,69,70,71,77,78,169,171,172,210,211,215,216,217,223,224,431,565,566,567,573,574,580,628
true 1,64,65,69,70,71,77,78,98,100,101,105,106,107,295,297,298,302,303,304,431,511,512,518,657,658,664
true 1,35,37,38,64,65,69,70,71,77,78,79,359,360,361,367,368,374,431,437,438,442,443,444,450,451,707
true 1,16,22,61,128,135,139,155,158,164,250,256,272,279,294,392,398,409,414,417,429,433,537,543,557,639,647
true 1,22,55,59,129,134,149,155,158,164,247,258,264,270,273,279,294,394,400,406,429,433,533,544,554,641,701
true 1,17,22,54,131,141,147,155,158,164,248,254,262,279,294,391,402,408,416,423,429,433,535,541,548,642,650
true 1,16,17,22,72,74,128,129,131,139,141,155,273,287,289,398,400,402,414,416,554,559,560,639,641,642,701
true 1,22,59,61,72,74,134,135,155,247,248,250,270,272,287,289,406,408,409,423,533,535,537,548,559,560,650
true 1,22,54,55,72,74,147,149,155,254,256,258,262,264,287,289,391,392,394,417,541,543,544,557,559,560,647
true 1,7,28,40,89,109,113,156,189,195,229,235,238,281,287,321,332,338,381,388,429,433,472,483,531,560,599
true 1,4,6,19,21,26,29,64,69,80,82,153,173,175,180,208,306,311,348,355,455,492,499,505,613,619,687
true 1,4,6,19,21,26,64,69,83,97,153,176,181,202,207,307,312,319,342,347,354,456,463,491,498,586,612
true 1,4,6,19,21,26,34,64,69,94,96,153,182,199,201,206,313,320,341,346,457,464,470,490,587,593,673
true 1,4,19,27,29,70,80,96,154,168,173,181,201,208,291,312,341,348,354,431,456,470,492,498,593,612,673
true 1,4,19,27,70,83,97,154,168,176,180,202,206,291,307,311,320,342,346,355,431,455,464,490,499,587,613
true 1,4,19,27,34,70,82,94,154,168,175,182,199,207,291,306,313,319,347,431,457,463,491,505,586,619,687
true 1,4,19,29,77,78,80,161,162,173,206,207,208,284,285,319,320,346,347,348,463,464,490,491,492,586,587
true 1,4,19,77,78,82,83,96,97,161,162,175,176,201,202,284,285,306,307,341,342,470,505,593,619,673,687
true 1,4,19,34,77,78,94,161,162,180,181,182,199,284,285,311,312,313,354,355,455,456,457,498,499,612,613
true 1,6,22,26,29,70,82,94,155,161,176,180,201,208,285,312,342,346,355,431,457,463,491,505,587,612,673
true 1,6,22,26,70,83,97,155,161,173,181,199,207,285,306,313,319,341,348,354,431,455,464,490,499,593,619
true 1,6,22,26,34,70,80,96,155,161,175,182,202,206,285,307,311,320,347,431,456,470,492,498,586,613,687
true 1,22,27,29,64,69,94,96,155,162,168,176,181,208,284,306,311,342,347,354,457,464,470,490,586,613,619
true 1,22,27,64,69,83,97,155,162,168,173,175,180,199,201,206,284,313,320,348,355,456,463,491,498,673,687
true 1,22,27,34,64,69,80,82,155,162,168,182,202,207,284,307,312,319,341,346,455,492,499,505,587,593,612
true 1,21,22,29,77,78,94,153,154,155,175,176,206,207,208,291,319,320,341,342,455,456,457,498,499,593,687
true 1,21,22,77,78,82,83,96,97,153,154,155,173,199,291,311,312,313,346,347,348,470,505,586,587,612,613
true 1,21,22,34,77,78,80,153,154,155,180,181,182,201,202,291,306,307,354,355,463,464,490,491,492,619,673
true 1,6,26,29,65,71,82,154,162,180,199,202,208,284,291,307,313,341,347,355,456,464,490,498,505,586,593
true 1,6,26,65,71,80,83,94,97,154,162,175,181,201,207,284,291,311,319,346,354,457,492,587,613,673,687
true 1,6,26,34,65,71,96,154,162,173,176,182,206,284,291,306,312,320,342,348,455,463,470,491,499,612,619
true 1,21,27,29,65,71,96,153,161,168,175,181,199,202,208,285,307,313,346,354,455,463,470,491,499,587,687
true 1,21,27,65,71,80,83,94,97,153,161,168,180,206,285,306,312,320,341,347,355,457,492,586,593,612,619
true 1,21,27,34,65,71,82,153,161,168,173,176,182,201,207,285,311,319,342,348,456,464,490,498,505,613,673
true 1,29,64,65,69,70,71,77,78,199,201,202,206,207,208,306,307,311,312,313,319,320,431,612,613,619,673
true 1,64,65,69,70,71,77,78,80,82,83,94,96,97,431,455,456,457,463,464,470,490,491,492,498,499,505
true 1,34,64,65,69,70,71,77,78,173,175,176,180,181,182,341,342,346,347,348,354,355,431,586,587,593,687
true 1,4,16,19,54,128,134,149,166,247,258,272,289,293,391,402,408,416,423,429,433,537,543,554,559,641,647
true 1,4,17,19,55,59,131,135,139,166,250,256,262,289,293,394,400,406,429,433,535,541,557,559,639,650,701
true 1,4,19,61,129,141,147,166,248,254,264,270,273,289,293,392,398,409,414,417,429,433,533,544,548,559,642
true 1,4,6,19,21,26,36,64,69,99,103,153,209,213,220,357,364,446,508,569,576,653,660,665,703,708,723
true 1,4,6,19,21,26,64,69,153,222,366,373,510,517,521,577,627,631,661,666,694,704,709,711,724,726,729
true 1,4,6,19,21,26,64,69,104,153,214,221,299,358,365,372,439,445,509,516,562,568,575,626,652,659,702
true 1,4,19,27,36,70,99,154,168,209,221,291,365,431,446,509,521,569,575,631,653,659,666,694,702,709,724
true 1,4,19,27,70,103,154,168,213,222,291,357,366,372,431,445,510,516,568,577,626,652,661,665,704,708,723
true 1,4,19,27,70,104,154,168,214,220,291,299,358,364,373,431,439,508,517,562,576,627,660,703,711,726,729
true 1,4,19,36,77,78,99,161,162,209,284,285,372,373,445,446,516,517,568,569,626,627,652,653,711,726,729
true 1,4,19,77,78,161,162,220,221,222,284,285,364,365,366,508,509,510,575,576,577,659,660,661,702,703,704
true 1,4,19,77,78,103,104,161,162,213,214,284,285,299,357,358,439,521,562,631,665,666,694,708,709,723,724
true 1,6,22,26,36,70,103,155,161,214,220,285,365,431,446,510,516,562,576,627,652,661,665,694,702,709,726
true 1,6,22,26,70,99,155,161,213,222,285,358,364,373,431,439,509,521,568,577,626,653,659,666,703,711,723
true 1,6,22,26,70,104,155,161,209,221,285,299,357,366,372,431,445,508,517,569,575,631,660,704,708,724,729
true 1,22,27,36,64,69,155,162,168,214,221,284,357,364,446,510,517,521,562,568,575,626,661,666,703,708,729
true 1,22,27,64,69,99,103,155,162,168,222,284,358,365,372,439,445,508,577,627,631,653,660,665,702,724,726
true 1,22,27,64,69,104,155,162,168,209,213,220,284,299,366,373,509,516,569,576,652,659,694,704,709,711,723
true 1,21,22,36,77,78,153,154,155,213,214,291,372,373,445,446,508,509,510,562,631,659,660,661,711,723,724
true 1,21,22,77,78,99,153,154,155,220,221,222,291,357,358,439,516,517,575,576,577,652,653,694,708,709,729
true 1,21,22,77,78,103,104,153,154,155,209,291,299,364,365,366,521,568,569,626,627,665,666,702,703,704,726
true 1,6,26,36,65,71,103,154,162,220,284,291,358,366,439,446,509,517,568,576,626,631,659,665,704,724,729
true 1,6,26,65,71,154,162,209,214,222,284,291,357,365,373,508,516,521,562,569,577,652,660,666,702,708,711
true 1,6,26,65,71,99,104,154,162,213,221,284,291,299,364,372,445,510,575,627,653,661,694,703,709,723,726
true 1,21,27,36,65,71,153,161,168,213,221,285,358,366,439,446,508,516,521,575,627,652,660,666,704,723,726
true 1,21,27,65,71,103,153,161,168,209,214,222,285,364,372,445,509,517,562,569,577,659,665,694,703,709,729
true 1,21,27,65,71,99,104,153,161,168,220,285,299,357,365,373,510,568,576,626,631,653,661,702,708,711,724
true 1,36,64,65,69,70,71,77,78,357,358,364,365,366,372,373,431,439,445,446,694,702,703,704,708,709,711
true 1,64,65,69,70,71,77,78,209,213,214,220,221,222,431,562,568,569,575,576,577,626,627,631,723,724,726
true 1,64,65,69,70,71,77,78,99,103,104,299,431,508,509,510,516,517,521,652,653,659,660,661,665,666,729
true 1,4,16,19,54,61,128,134,141,164,247,256,264,287,294,391,400,409,427,434,535,544,557,560,642,650,701
true 1,4,19,59,129,139,149,164,248,258,262,272,273,287,294,392,402,406,416,417,427,434,537,541,548,560,639
true 1,4,17,19,55,131,135,147,164,250,254,270,287,294,394,398,408,414,423,427,434,533,543,554,560,641,647
true 1,4,6,19,21,26,64,69,81,153,174,178,305,309,316,453,460,502,583,616,621,684,689,691,718,720,728
true 1,4,6,19,21,26,64,69,153,179,310,317,350,454,461,468,494,501,584,591,608,615,620,671,683,688,717
true 1,4,6,19,21,26,64,69,153,203,318,343,349,462,469,487,493,500,585,592,596,607,614,672,676,682,714
true 1,4,19,27,70,81,154,168,174,291,305,317,349,431,461,493,502,584,596,607,616,620,676,684,688,714,717
true 1,4,19,27,70,154,168,179,291,310,316,350,431,454,460,469,494,500,583,592,608,614,621,672,682,689,718
true 1,4,19,27,70,154,168,178,203,291,309,318,343,431,453,462,468,487,501,585,591,615,671,683,691,720,728
true 1,4,19,77,78,81,161,162,174,284,285,305,468,469,500,501,502,591,592,614,615,616,671,672,682,683,684
true 1,4,19,77,78,161,162,178,179,284,285,309,310,349,350,453,454,493,494,596,607,608,676,691,714,720,728
true 1,4,19,77,78,161,162,203,284,285,316,317,318,343,460,461,462,487,583,584,585,620,621,688,689,717,718
true 1,6,22,26,70,81,155,161,178,285,310,316,343,431,461,493,502,585,591,608,614,621,672,683,691,714,717
true 1,6,22,26,70,155,161,179,285,305,317,350,431,453,462,468,487,501,583,592,607,616,620,676,682,689,720
true 1,6,22,26,70,155,161,174,203,285,309,318,349,431,454,460,469,494,500,584,596,615,671,684,688,718,728
true 1,22,27,64,69,81,155,162,168,284,310,317,343,349,453,460,502,585,592,596,608,615,620,671,682,718,720
true 1,22,27,64,69,155,162,168,179,284,305,309,316,350,462,469,487,493,500,584,591,616,621,683,688,714,728
true 1,22,27,64,69,155,162,168,174,178,203,284,318,454,461,468,494,501,583,607,614,672,676,684,689,691,717
true 1,21,22,77,78,81,153,154,155,291,309,310,343,468,469,500,501,502,583,584,585,607,608,676,688,689,728
true 1,21,22,77,78,153,154,155,178,179,291,305,349,350,460,461,462,487,596,614,615,616,671,672,691,717,718
true 1,21,22,77,78,153,154,155,174,203,291,316,317,318,453,454,493,494,591,592,620,621,682,683,684,714,720
true 1,6,26,65,71,81,154,162,178,284,291,316,454,462,487,494,502,584,592,607,615,621,671,676,682,688,691
true 1,6,26,65,71,154,162,174,179,284,291,309,317,343,350,460,468,493,501,585,614,620,672,684,714,718,728
true 1,6,26,65,71,154,162,203,284,291,305,310,318,349,453,461,469,500,583,591,596,608,616,683,689,717,720
true 1,21,27,65,71,81,153,161,168,285,309,317,349,454,462,487,494,502,583,591,596,614,620,672,683,689,728
true 1,21,27,65,71,153,161,168,174,179,285,316,343,350,453,461,469,500,585,607,615,621,671,676,684,717,720
true 1,21,27,65,71,153,161,168,178,203,285,305,310,318,460,468,493,501,584,592,608,616,682,688,691,714,718
true 1,64,65,69,70,71,77,78,81,431,453,454,460,461,462,468,469,487,493,494,500,501,502,714,717,718,720
true 1,64,65,69,70,71,77,78,174,178,179,343,349,350,431,583,584,585,591,592,596,682,683,684,688,689,691
true 1,64,65,69,70,71,77,78,203,305,309,310,316,317,318,431,607,608,614,615,616,620,621,671,672,676,728
true 1,4,16,17,19,54,55,72,74,128,129,131,134,135,156,158,247,248,250,273,279,281,391,392,394,417,548
true 1,4,19,59,61,72,74,139,141,156,158,262,264,279,281,406,408,409,423,541,543,544,554,639,641,642,647
true 1,4,19,72,74,147,149,156,158,254,256,258,270,272,279,281,398,400,402,414,416,533,535,537,557,650,701
true 1,4,6,16,19,21,26,54,58,64,69,128,134,138,145,153,247,253,261,268,391,397,404,412,532,539,637
true 1,4,6,19,21,26,59,64,69,139,146,153,262,269,276,406,413,420,541,546,551,639,644,646,698,700,722
true 1,4,6,19,21,26,64,69,147,153,254,270,277,398,405,414,421,425,533,540,545,552,556,638,643,649,697
true 1,4,16,19,27,54,70,128,134,146,154,168,247,269,291,391,405,413,425,431,540,556,638,646,649,700,722
true 1,4,19,27,59,70,139,145,154,168,253,262,268,277,291,397,406,412,421,431,532,541,545,552,639,643,697
true 1,4,19,27,58,70,138,147,154,168,254,261,270,276,291,398,404,414,420,431,533,539,546,551,637,644,698
true 1,4,16,19,54,77,78,128,134,161,162,247,276,277,284,285,391,420,421,545,546,551,552,643,644,697,698
true 1,4,19,58,59,77,78,138,139,161,162,261,262,284,285,404,405,406,425,539,540,541,556,637,638,639,649
true 1,4,19,77,78,145,146,147,161,162,253,254,268,269,270,284,285,397,398,412,413,414,532,533,646,700,722
true 1,6,16,22,26,58,70,128,139,145,155,161,253,269,285,398,404,414,420,431,540,552,639,643,649,698,722
true 1,6,22,26,59,70,134,146,155,161,247,261,270,276,285,397,406,412,421,431,533,539,546,556,638,646,697
true 1,6,22,26,54,70,138,147,155,161,254,262,268,277,285,391,405,413,425,431,532,541,545,551,637,644,700
true 1,16,22,27,64,69,128,139,146,155,162,168,261,268,284,398,405,414,421,425,532,539,551,639,644,646,697
true 1,22,27,59,64,69,134,138,145,155,162,168,247,253,270,277,284,406,413,420,533,540,545,637,649,698,700
true 1,22,27,54,58,64,69,147,155,162,168,254,262,269,276,284,391,397,404,412,541,546,552,556,638,643,722
true 1,16,21,22,77,78,128,138,139,153,154,155,276,277,291,397,398,412,413,414,545,546,556,637,638,639,700
true 1,21,22,58,59,77,78,134,153,154,155,247,268,269,270,291,404,405,406,425,532,533,551,552,643,644,722
true 1,21,22,54,77,78,145,146,147,153,154,155,253,254,261,262,291,391,420,421,539,540,541,646,649,697,698
true 1,6,16,26,58,65,71,128,145,154,162,253,262,270,284,291,404,413,421,533,541,551,556,638,644,697,700
true 1,6,26,54,59,65,71,138,146,154,162,268,276,284,291,391,398,406,414,532,540,546,552,637,643,646,649
true 1,6,26,65,71,134,139,147,154,162,247,254,261,269,277,284,291,397,405,412,420,425,539,545,639,698,722
true 1,16,21,27,65,71,128,138,146,153,161,168,262,270,285,397,405,412,420,425,533,541,552,637,643,646,698
true 1,21,27,54,59,65,71,145,153,161,168,253,261,269,277,285,391,398,406,414,539,545,551,556,638,644,722
true 1,21,27,58,65,71,134,139,147,153,161,168,247,254,268,276,285,404,413,421,532,540,546,639,649,697,700
true 1,16,64,65,69,70,71,77,78,128,261,262,268,269,270,276,277,431,532,533,539,540,541,545,546,649,722
true 1,54,58,59,64,65,69,70,71,77,78,391,397,398,404,405,406,412,413,414,420,421,425,431,697,698,700
true 1,64,65,69,70,71,77,78,134,138,139,145,146,147,247,253,254,431,551,552,556,637,638,639,643,644,646
true 1,7,28,31,43,90,109,118,151,189,196,229,233,240,282,286,332,381,385,430,432,471,483,530,561,598,679
true 1,4,6,19,21,26,64,69,95,153,200,204,340,344,351,467,488,495,590,595,609,670,675,677,713,715,727
true 1,4,6,19,21,26,64,69,153,177,308,314,353,452,458,465,497,504,581,588,611,618,622,668,686,690,719
true 1,4,6,19,21,26,64,69,153,205,315,345,352,459,466,489,496,503,582,589,594,610,617,669,674,685,712
true 1,4,19,27,70,95,154,168,200,291,314,340,352,431,458,467,496,581,590,594,610,622,670,674,690,712,719
true 1,4,19,27,70,154,168,177,204,291,308,344,353,431,452,466,488,497,503,589,611,617,669,677,685,715,727
true 1,4,19,27,70,154,168,205,291,315,345,351,431,459,465,489,495,504,582,588,595,609,618,668,675,686,713
true 1,4,19,77,78,95,161,162,200,284,285,340,465,466,467,503,504,588,589,590,617,618,668,669,670,685,686
true 1,4,19,77,78,161,162,177,284,285,308,351,352,353,452,495,496,497,594,595,609,610,611,674,675,712,713
true 1,4,19,77,78,161,162,204,205,284,285,314,315,344,345,458,459,488,489,581,582,622,677,690,715,719,727
true 1,6,22,26,70,95,155,161,204,285,308,345,351,431,458,467,496,582,588,595,611,617,669,677,686,712,719
true 1,6,22,26,70,155,161,177,200,285,314,344,353,431,459,465,489,495,504,589,610,622,670,674,685,713,727
true 1,6,22,26,70,155,161,205,285,315,340,352,431,452,466,488,497,503,581,590,594,609,618,668,675,690,715
true 1,22,27,64,69,95,155,162,168,284,308,314,345,352,467,488,495,582,589,594,611,618,622,668,685,713,715
true 1,22,27,64,69,155,162,168,177,200,204,284,353,459,466,489,496,503,581,588,609,670,675,677,686,690,712
true 1,22,27,64,69,155,162,168,205,284,315,340,344,351,452,458,465,497,504,590,595,610,617,669,674,719,727
true 1,21,22,77,78,95,153,154,155,291,308,344,345,465,466,467,503,504,581,582,609,610,611,674,675,690,727
true 1,21,22,77,78,153,154,155,177,200,291,351,352,353,458,459,488,489,594,595,617,618,668,669,670,715,719
true 1,21,22,77,78,153,154,155,204,205,291,314,315,340,452,495,496,497,588,589,590,622,677,685,686,712,713
true 1,6,26,65,71,95,154,162,204,284,291,351,452,459,467,489,497,581,589,595,610,618,668,674,677,685,690
true 1,6,26,65,71,154,162,177,284,291,314,340,345,353,465,488,496,504,582,590,609,617,622,669,675,712,715
true 1,6,26,65,71,154,162,200,205,284,291,308,315,344,352,458,466,495,503,588,594,611,670,686,713,719,727
true 1,21,27,65,71,95,153,161,168,285,314,344,352,452,459,467,489,497,588,594,609,617,622,669,675,686,727
true 1,21,27,65,71,153,161,168,177,204,285,340,345,353,458,466,495,503,582,590,610,618,668,674,677,713,719
true 1,21,27,65,71,153,161,168,200,205,285,308,315,351,465,488,496,504,581,589,595,611,670,685,690,712,715
true 1,64,65,69,70,71,77,78,95,431,452,458,459,465,466,467,488,489,495,496,497,503,504,712,713,715,719
true 1,64,65,69,70,71,77,78,177,340,344,345,351,352,353,431,581,582,588,589,590,594,595,685,686,690,727
true 1,64,65,69,70,71,77,78,200,204,205,308,314,315,431,609,610,611,617,618,622,668,669,670,674,675,677
true 1,7,28,29,34,72,74,83,97,164,166,182,208,293,294,314,316,349,351,466,468,501,503,595,596,621,622
true 1,4,6,19,21,26,64,69,153,170,219,296,300,363,370,436,440,447,507,514,519,563,570,624,629,654,692
true 1,4,6,19,21,26,64,69,102,153,212,218,301,356,362,369,441,448,506,513,564,571,578,623,655,662,705
true 1,4,6,19,21,26,64,69,153,371,449,515,520,572,579,625,630,632,656,663,667,693,695,706,710,721,725
true 1,4,19,27,70,154,168,170,219,291,296,363,369,431,436,448,507,513,520,571,623,630,655,667,693,710,725
true 1,4,19,27,70,102,154,168,212,291,301,356,370,431,441,447,514,564,570,579,624,632,654,663,695,706,721
true 1,4,19,27,70,154,168,218,291,300,362,371,431,440,449,506,515,519,563,572,578,625,629,656,662,692,705
true 1,4,19,77,78,161,162,170,218,219,284,285,296,362,363,436,506,507,578,579,632,662,663,695,705,706,721
true 1,4,19,77,78,102,161,162,212,284,285,300,301,356,440,441,519,520,563,564,629,630,667,692,693,710,725
true 1,4,19,77,78,161,162,284,285,369,370,371,447,448,449,513,514,515,570,571,572,623,624,625,654,655,656
true 1,6,22,26,70,155,161,170,219,285,300,356,370,431,441,447,506,515,519,571,623,630,656,662,695,706,725
true 1,6,22,26,70,102,155,161,218,285,301,363,369,431,436,448,514,563,572,578,625,629,654,663,693,710,721
true 1,6,22,26,70,155,161,212,285,296,362,371,431,440,449,507,513,520,564,570,579,624,632,655,667,692,705
true 1,22,27,64,69,155,162,168,170,219,284,356,362,369,441,448,515,520,563,570,624,629,656,663,667,705,721
true 1,22,27,64,69,102,155,162,168,284,301,363,370,436,440,447,506,513,572,579,625,630,632,655,662,692,725
true 1,22,27,64,69,155,162,168,212,218,284,296,300,371,449,507,514,519,564,571,578,623,654,693,695,706,710
true 1,21,22,77,78,153,154,155,170,218,219,291,356,440,441,513,514,515,578,579,632,654,655,656,692,693,710
true 1,21,22,77,78,102,153,154,155,291,300,301,362,363,436,519,520,570,571,572,623,624,625,667,695,705,706
true 1,21,22,77,78,153,154,155,212,291,296,369,370,371,447,448,449,506,507,563,564,629,630,662,663,721,725
true 1,6,26,65,71,154,162,170,212,219,284,291,300,362,370,447,513,519,564,572,625,655,663,693,705,710,721
true 1,6,26,65,71,102,154,162,218,284,291,296,301,369,440,448,507,515,570,578,624,630,656,692,695,706,725
true 1,6,26,65,71,154,162,284,291,356,363,371,436,441,449,506,514,520,563,571,579,623,629,632,654,662,667
true 1,21,27,65,71,153,161,168,170,212,219,285,369,440,448,506,514,520,564,572,625,654,662,667,692,695,706
true 1,21,27,65,71,102,153,161,168,285,296,301,362,370,447,507,515,563,571,579,623,629,632,656,693,705,710
true 1,21,27,65,71,153,161,168,218,285,300,356,363,371,436,441,449,513,519,570,578,624,630,655,663,721,725
true 1,64,65,69,70,71,77,78,170,212,218,219,431,563,564,570,571,572,578,579,623,624,625,629,630,632,725
true 1,64,65,69,70,71,77,78,102,296,300,301,431,506,507,513,514,515,519,520,654,655,656,662,663,667,721
true 1,64,65,69,70,71,77,78,356,362,363,369,370,371,431,436,440,441,447,448,449,692,693,695,705,706,710
true 1,7,24,28,75,82,95,163,167,177,181,205,206,292,315,316,320,349,353,354,435,467,468,501,505,596,621
true 1,4,6,19,21,26,50,57,64,69,125,129,137,143,153,244,248,255,260,266,273,392,399,410,417,534,548
true 1,4,6,19,21,26,64,69,144,153,257,267,274,401,408,411,418,423,536,543,547,549,554,641,645,647,699
true 1,4,6,19,21,26,64,69,130,153,249,256,275,393,400,407,419,424,535,542,550,555,557,640,648,650,701
true 1,4,19,27,50,57,70,125,137,154,168,244,256,260,274,291,400,418,431,535,547,549,557,645,650,699,701
true 1,4,19,27,70,129,144,154,168,248,257,267,273,291,392,401,407,411,417,424,431,536,542,548,555,640,648
true 1,4,19,27,70,130,143,154,168,249,255,266,275,291,393,399,408,410,419,423,431,534,543,550,554,641,647
true 1,4,19,50,57,77,78,125,137,161,162,244,260,284,285,407,408,423,424,542,543,554,555,640,641,647,648
true 1,4,19,77,78,143,144,161,162,255,256,257,266,267,284,285,399,400,401,410,411,534,535,536,557,650,701
true 1,4,19,77,78,129,130,161,162,248,249,273,274,275,284,285,392,393,417,418,419,547,548,549,550,645,699
true 1,6,22,26,50,57,70,129,143,155,161,249,255,267,273,285,400,418,431,536,542,550,554,641,648,699,701
true 1,6,22,26,70,125,144,155,161,248,257,260,274,285,393,399,408,410,419,423,431,535,547,548,555,640,650
true 1,6,22,26,70,130,137,155,161,244,256,266,275,285,392,401,407,411,417,424,431,534,543,549,557,645,647
true 1,22,27,50,57,64,69,155,162,168,249,256,267,274,284,392,399,410,417,536,543,547,550,555,557,640,647
true 1,22,27,64,69,125,129,144,155,162,168,257,260,266,273,284,393,400,407,419,424,534,549,554,641,645,701
true 1,22,27,64,69,130,137,143,155,162,168,244,248,255,275,284,401,408,411,418,423,535,542,548,648,650,699
true 1,21,22,50,57,77,78,153,154,155,248,249,266,267,291,407,408,423,424,534,535,536,548,549,550,645,650
true 1,21,22,77,78,125,143,144,153,154,155,255,256,257,260,291,392,393,417,418,419,542,543,557,647,648,699
true 1,21,22,77,78,129,130,137,153,154,155,244,273,274,275,291,399,400,401,410,411,547,554,555,640,641,701
true 1,6,26,50,57,65,71,129,143,154,162,255,273,284,291,393,401,411,419,535,543,549,555,640,645,647,650
true 1,6,26,65,71,137,144,154,162,244,249,257,266,274,284,291,392,400,408,417,423,534,542,547,550,648,701
true 1,6,26,65,71,125,130,154,162,248,256,260,267,275,284,291,399,407,410,418,424,536,548,554,557,641,699
true 1,21,27,50,57,65,71,153,161,168,248,256,266,274,285,393,401,411,419,534,542,547,548,554,557,641,648
true 1,21,27,65,71,129,137,144,153,161,168,244,249,257,273,285,399,407,410,418,424,535,543,550,647,650,699
true 1,21,27,65,71,125,130,143,153,161,168,255,260,267,275,285,392,400,408,417,423,536,549,555,640,645,701
true 1,50,57,64,65,69,70,71,77,78,392,393,399,400,401,407,408,410,411,417,418,419,423,424,431,699,701
true 1,64,65,69,70,71,77,78,137,143,144,244,248,249,255,256,257,431,548,549,550,554,555,557,640,641,645
true 1,64,65,69,70,71,77,78,125,129,130,260,266,267,273,274,275,431,534,535,536,542,543,547,647,648,650
true 1,24,65,71,81,163,180,282,290,314,341,347,355,454,462,487,494,502,558,561,586,593,609,617,622,669,675
true 1,24,65,71,163,174,179,201,207,282,290,311,319,343,350,458,466,495,503,558,561,585,613,673,684,713,719
true 1,24,65,71,96,163,203,282,290,305,310,318,351,455,463,470,491,499,558,561,581,589,595,608,616,685,690
true 1,4,6,11,19,21,26,40,44,64,69,88,108,112,119,153,186,192,226,233,321,327,334,377,471,478,597
true 1,4,6,19,21,26,64,69,121,153,193,235,242,328,335,379,386,390,472,479,484,526,530,598,603,635,678
true 1,4,6,19,21,26,45,64,69,113,120,153,227,234,241,336,378,385,480,485,525,599,604,606,679,681,716
true 1,4,11,19,27,40,70,88,108,120,154,168,186,234,291,321,335,378,390,431,479,530,598,606,635,681,716
true 1,4,19,27,44,70,112,121,154,168,193,226,235,241,291,328,334,379,385,431,472,478,485,525,597,604,679
true 1,4,19,27,45,70,113,119,154,168,192,227,233,242,291,327,336,377,386,431,471,480,484,526,599,603,678
true 1,4,11,19,40,77,78,88,108,161,162,186,241,242,284,285,321,385,386,484,485,525,526,603,604,678,679
true 1,4,19,77,78,119,120,121,161,162,192,193,233,234,235,284,285,327,328,377,378,379,471,472,606,681,716
true 1,4,19,44,45,77,78,112,113,161,162,226,227,284,285,334,335,336,390,478,479,480,530,597,598,599,635
true 1,6,11,22,26,44,70,88,113,119,155,161,192,234,285,328,334,379,385,431,479,526,599,603,635,679,716
true 1,6,22,26,40,70,112,121,155,161,193,227,233,242,285,321,335,378,390,431,471,480,484,525,597,604,681
true 1,6,22,26,45,70,108,120,155,161,186,226,235,241,285,327,336,377,386,431,472,478,485,530,598,606,678
true 1,11,22,27,64,69,88,113,120,155,162,168,226,233,284,328,335,379,386,390,471,478,525,599,604,606,678
true 1,22,27,40,44,64,69,121,155,162,168,193,227,234,241,284,321,327,334,377,480,485,526,530,598,603,716
true 1,22,27,45,64,69,108,112,119,155,162,168,186,192,235,242,284,336,378,385,472,479,484,597,635,679,681
true 1,11,21,22,77,78,88,112,113,153,154,155,241,242,291,327,328,377,378,379,484,485,530,597,598,599,681
true 1,21,22,40,77,78,119,120,121,153,154,155,192,193,226,227,291,321,385,386,478,479,480,606,635,678,679
true 1,21,22,44,45,77,78,108,153,154,155,186,233,234,235,291,334,335,336,390,471,472,525,526,603,604,716
true 1,6,11,26,44,65,71,88,119,154,162,192,227,235,284,291,334,378,386,472,480,525,530,598,604,678,681
true 1,6,26,65,71,108,113,121,154,162,186,193,226,234,242,284,291,327,335,377,385,390,478,484,599,679,716
true 1,6,26,40,45,65,71,112,120,154,162,233,241,284,291,321,328,336,379,471,479,485,526,597,603,606,635
true 1,11,21,27,65,71,88,112,120,153,161,168,227,235,285,327,335,377,385,390,472,480,526,597,603,606,679
true 1,21,27,44,65,71,108,113,121,153,161,168,186,193,233,241,285,334,378,386,471,479,485,599,635,678,681
true 1,21,27,40,45,65,71,119,153,161,168,192,226,234,242,285,321,328,336,379,478,484,525,530,598,604,716
true 1,11,64,65,69,70,71,77,78,88,226,227,233,234,235,241,242,431,471,472,478,479,480,484,485,635,716
true 1,64,65,69,70,71,77,78,108,112,113,119,120,121,186,192,193,431,525,526,530,597,598,599,603,604,606
true 1,40,44,45,64,65,69,70,71,77,78,321,327,328,334,335,336,377,378,379,385,386,390,431,678,679,681
true 1,7,28,40,86,113,117,151,190,194,228,235,239,282,286,321,333,337,380,389,430,432,472,486,527,561,599
true 1,4,6,19,21,26,31,43,64,69,85,89,111,117,153,183,187,194,225,231,238,322,329,375,382,473,522
true 1,4,6,19,21,26,64,69,90,153,188,195,240,323,330,337,384,389,474,481,524,529,531,600,634,636,696
true 1,4,6,19,21,26,64,69,118,153,196,232,239,331,338,376,383,388,475,482,486,523,528,601,605,633,680
true 1,4,19,27,31,43,70,85,111,154,168,183,195,225,239,291,330,383,431,474,486,523,531,605,636,680,696
true 1,4,19,27,70,90,117,154,168,188,194,231,240,291,323,329,338,375,384,388,431,473,482,524,528,601,633
true 1,4,19,27,70,89,118,154,168,187,196,232,238,291,322,331,337,376,382,389,431,475,481,522,529,600,634
true 1,4,19,31,43,77,78,85,111,161,162,183,225,284,285,337,338,388,389,481,482,528,529,600,601,633,634
true 1,4,19,77,78,89,90,161,162,187,188,238,239,240,284,285,322,323,382,383,384,486,522,523,524,605,680
true 1,4,19,77,78,117,118,161,162,194,195,196,231,232,284,285,329,330,331,375,376,473,474,475,531,636,696
true 1,6,22,26,31,43,70,89,117,155,161,188,194,232,238,285,330,383,431,475,481,524,528,601,634,680,696
true 1,6,22,26,70,90,111,155,161,183,195,231,240,285,322,331,337,376,382,389,431,473,482,523,531,605,633
true 1,6,22,26,70,85,118,155,161,187,196,225,239,285,323,329,338,375,384,388,431,474,486,522,529,600,636
true 1,22,27,31,43,64,69,155,162,168,188,195,232,239,284,322,329,375,382,475,482,486,524,529,531,600,633
true 1,22,27,64,69,90,111,117,155,162,168,183,187,194,240,284,331,338,376,383,388,474,481,522,634,636,680
true 1,22,27,64,69,85,89,118,155,162,168,196,225,231,238,284,323,330,337,384,389,473,523,528,601,605,696
true 1,21,22,31,43,77,78,153,154,155,187,188,231,232,291,337,338,388,389,473,474,475,522,523,524,605,636
true 1,21,22,77,78,89,90,111,153,154,155,183,238,239,240,291,329,330,331,375,376,486,528,529,600,601,696
true 1,21,22,77,78,85,117,118,153,154,155,194,195,196,225,291,322,323,382,383,384,481,482,531,633,634,680
true 1,6,26,31,43,65,71,89,117,154,162,194,238,284,291,323,331,376,384,474,482,523,529,600,605,633,636
true 1,6,26,65,71,85,90,154,162,187,195,225,232,240,284,291,329,337,375,383,389,475,522,528,531,601,680
true 1,6,26,65,71,111,118,154,162,183,188,196,231,239,284,291,322,330,338,382,388,473,481,486,524,634,696
true 1,21,27,31,43,65,71,153,161,168,187,195,231,239,285,323,331,376,384,473,481,486,522,528,531,601,634
true 1,21,27,65,71,85,90,117,153,161,168,194,225,232,240,285,322,330,338,382,388,475,523,529,600,605,696
true 1,21,27,65,71,89,111,118,153,161,168,183,188,196,238,285,329,337,375,383,389,474,482,524,633,636,680
true 1,31,43,64,65,69,70,71,77,78,322,323,329,330,331,337,338,375,376,382,383,384,388,389,431,680,696
true 1,64,65,69,70,71,77,78,85,89,90,225,231,232,238,239,240,431,473,474,475,481,482,486,633,634,636
true 1,64,65,69,70,71,77,78,111,117,118,183,187,188,194,195,196,431,522,523,524,528,529,531,600,601,605
true 1,65,71,81,151,159,167,201,207,286,292,311,319,351,454,462,487,494,502,581,589,595,613,651,673,685,690
true 1,65,71,96,151,159,167,174,179,286,292,314,343,350,455,463,470,491,499,585,609,617,622,651,669,675,684
true 1,65,71,151,159,167,180,203,286,292,305,310,318,341,347,355,458,466,495,503,586,593,608,616,651,713,719
true 1,65,67,71,75,81,96,426,430,432,435,454,455,458,462,463,466,470,487,491,494,495,499,502,503,713,719
true 1,65,67,71,75,174,179,180,341,343,347,350,351,355,426,430,432,435,581,585,586,589,593,595,684,685,690
true 1,65,67,71,75,201,203,207,305,310,311,314,318,319,426,430,432,435,608,609,613,616,617,622,669,673,675
true 1,22,24,81,155,159,163,180,201,310,314,343,355,430,432,463,491,495,502,585,589,608,622,651,673,685,713
true 1,22,24,155,159,163,179,207,305,319,341,350,430,432,455,462,466,487,499,503,581,593,609,616,651,675,690
true 1,22,24,96,155,159,163,174,203,311,318,347,351,430,432,454,458,470,494,586,595,613,617,651,669,684,719
true 1,2,4,6,8,10,12,19,21,26,30,32,39,41,46,64,69,84,86,91,109,114,153,184,189,228,324
true 1,4,6,19,21,26,33,48,64,69,87,92,116,123,153,185,190,197,230,237,243,325,332,381,387,476,527
true 1,4,6,13,19,21,26,42,47,64,69,93,110,115,122,153,191,198,229,236,326,333,339,380,477,483,602
true 1,2,4,8,10,19,27,30,39,47,70,84,92,115,154,168,190,229,243,291,325,339,387,431,483,527,602
true 1,4,12,19,27,33,41,48,70,87,91,109,116,122,154,168,185,189,198,230,236,291,324,333,380,431,477
true 1,4,13,19,27,32,42,46,70,86,93,110,114,123,154,168,184,191,197,228,237,291,326,332,381,431,476
true 1,2,4,8,10,19,30,39,77,78,84,122,123,161,162,197,198,236,237,284,285,332,333,380,381,476,477
true 1,4,19,32,33,46,47,48,77,78,86,87,114,115,116,161,162,184,185,228,229,230,284,285,339,483,602
true 1,4,12,13,19,41,42,77,78,91,92,93,109,110,161,162,189,190,191,243,284,285,324,325,326,387,527
true 1,2,6,8,12,22,26,32,42,46,70,87,91,115,155,161,190,230,236,285,326,332,381,431,477,527,602
true 1,6,10,22,26,33,41,48,70,84,92,110,114,123,155,161,184,191,197,229,243,285,324,333,380,431,483
true 1,6,13,22,26,30,39,47,70,86,93,109,116,122,155,161,185,189,198,228,237,285,325,339,387,431,476
true 1,2,8,22,27,42,47,64,69,87,92,109,114,155,162,168,184,189,230,237,243,284,326,333,339,380,476
true 1,10,12,22,27,33,48,64,69,84,86,91,110,115,122,155,162,168,191,198,228,284,325,332,381,387,602
true 1,13,22,27,30,32,39,41,46,64,69,93,116,123,155,162,168,185,190,197,229,236,284,324,477,483,527
true 1,2,8,21,22,41,42,77,78,86,87,122,123,153,154,155,197,198,228,229,230,291,324,325,326,387,483
true 1,10,21,22,32,33,46,47,48,77,78,84,109,110,153,154,155,189,190,191,236,237,291,339,476,477,527
true 1,12,13,21,22,30,39,77,78,91,92,93,114,115,116,153,154,155,184,185,243,291,332,333,380,381,602
true 1,2,6,8,12,26,32,46,65,71,91,110,116,154,162,185,191,229,237,284,291,325,333,380,387,476,483
true 1,6,26,30,33,39,42,48,65,71,86,92,109,115,123,154,162,189,197,228,236,243,284,291,326,477,602
true 1,6,10,13,26,41,47,65,71,84,87,93,114,122,154,162,184,190,198,230,284,291,324,332,339,381,527
true 1,2,8,21,27,41,47,65,71,86,92,110,116,153,161,168,185,191,228,236,243,285,324,332,339,381,477
true 1,12,21,27,30,33,39,42,48,65,71,91,114,122,153,161,168,184,190,198,229,237,285,326,476,483,527
true 1,10,13,21,27,32,46,65,71,84,87,93,109,115,123,153,161,168,189,197,230,285,325,333,380,387,602
true 1,2,8,64,65,69,70,71,77,78,109,110,114,115,116,122,123,184,185,189,190,191,197,198,431,527,602
true 1,30,32,33,39,41,42,46,47,48,64,65,69,70,71,77,78,324,325,326,332,333,339,380,381,387,431
true 1,10,12,13,64,65,69,70,71,77,78,84,86,87,91,92,93,228,229,230,236,237,243,431,476,477,483
true 1,7,28,30,39,87,89,110,112,151,191,195,230,234,238,282,286,338,386,388,430,432,531,561,597,678,716
true 1,22,67,81,155,167,207,282,292,310,319,341,343,351,426,455,458,499,502,561,585,593,595,608,617,669,719
true 1,22,67,96,155,167,179,282,292,305,311,314,347,350,426,462,470,487,495,561,586,589,613,616,622,685,713
true 1,22,67,155,167,174,180,201,203,282,292,318,355,426,454,463,466,491,494,503,561,581,609,673,675,684,690
true 1,22,75,81,96,151,155,286,290,310,311,343,347,435,466,470,502,503,558,581,585,586,608,609,613,675,690
true 1,22,75,151,155,179,180,201,286,290,305,350,351,355,435,458,462,463,487,491,558,595,616,617,669,673,719
true 1,22,75,151,155,174,203,207,286,290,314,318,319,341,435,454,455,494,495,499,558,589,593,622,684,685,713
true 1,3,4,6,14,15,17,19,21,26,49,51,53,55,60,64,69,124,126,131,135,140,153,245,250,263,394
true 1,4,6,18,19,21,26,56,61,64,69,133,136,141,148,153,252,259,264,271,396,403,409,415,538,544,642
true 1,4,6,19,21,26,52,62,64,69,127,132,142,149,153,246,251,258,265,272,278,395,402,416,422,537,553
true 1,3,4,14,15,19,27,49,53,61,70,124,132,141,154,168,251,264,278,291,395,409,422,431,544,553,642
true 1,4,18,19,27,51,56,60,70,126,133,136,140,149,154,168,245,252,258,263,272,291,396,402,416,431,537
true 1,4,17,19,27,52,55,62,70,127,131,135,142,148,154,168,246,250,259,265,271,291,394,403,415,431,538
true 1,3,4,14,15,19,49,53,77,78,124,148,149,161,162,258,259,271,272,284,285,402,403,415,416,537,538
true 1,4,17,18,19,55,56,77,78,131,132,133,135,136,161,162,250,251,252,278,284,285,394,395,396,422,553
true 1,4,19,51,52,60,61,62,77,78,126,127,140,141,142,161,162,245,246,263,264,265,284,285,409,544,642
true 1,3,6,14,17,22,26,51,56,60,70,127,131,141,155,161,251,265,271,285,396,402,416,431,538,553,642
true 1,6,18,22,26,49,53,61,70,126,133,135,142,148,155,161,246,250,259,263,272,285,395,409,422,431,537
true 1,6,15,22,26,52,55,62,70,124,132,136,140,149,155,161,245,252,258,264,278,285,394,403,415,431,544
true 1,3,14,22,27,56,61,64,69,127,132,135,140,155,162,168,245,250,265,272,278,284,396,403,409,415,537
true 1,18,22,27,49,51,53,55,60,64,69,133,142,149,155,162,168,246,251,258,264,271,284,394,538,544,553
true 1,15,17,22,27,52,62,64,69,124,126,131,136,141,148,155,162,168,252,259,263,284,395,402,416,422,642
true 1,3,14,21,22,55,56,77,78,126,127,148,149,153,154,155,258,259,263,264,265,291,394,395,396,422,544
true 1,17,18,21,22,49,53,77,78,131,132,133,140,141,142,153,154,155,245,246,278,291,402,403,415,416,642
true 1,15,21,22,51,52,60,61,62,77,78,124,135,136,153,154,155,250,251,252,271,272,291,409,537,538,553
true 1,3,6,14,17,26,51,60,65,71,131,136,142,154,162,246,252,264,272,284,291,395,403,415,422,537,544
true 1,6,15,18,26,55,61,65,71,124,127,133,140,148,154,162,245,251,259,265,284,291,394,402,409,416,553
true 1,6,26,49,52,53,56,62,65,71,126,132,135,141,149,154,162,250,258,263,271,278,284,291,396,538,642
true 1,3,14,21,27,55,61,65,71,126,132,136,142,153,161,168,246,252,263,271,278,285,394,402,409,416,538
true 1,15,18,21,27,51,60,65,71,124,127,133,135,141,149,153,161,168,250,258,265,285,395,403,415,422,642
true 1,17,21,27,49,52,53,56,62,65,71,131,140,148,153,161,168,245,251,259,264,272,285,396,537,544,553
true 1,3,14,64,65,69,70,71,77,78,135,136,140,141,142,148,149,245,246,250,251,252,258,259,431,553,642
true 1,15,17,18,64,65,69,70,71,77,78,124,126,127,131,132,133,263,264,265,271,272,278,431,537,538,544
true 1,49,51,52,53,55,56,60,61,62,64,65,69,70,71,77,78,394,395,396,402,403,409,415,416,422,431
true 1,4,19,24,67,81,151,163,174,180,286,305,311,314,355,426,455,458,499,502,581,613,616,622,684,690,719
true 1,4,19,24,67,151,163,179,207,286,310,319,347,350,426,454,463,466,491,494,503,586,589,608,617,669,685
true 1,4,19,24,67,96,151,163,201,203,286,318,341,343,351,426,462,470,487,495,585,593,595,609,673,675,713
true 1,5,7,23,25,28,41,73,76,112,115,165,231,234,237,324,383,386,473,476,529,597,600,602,678,680,716
true 1,4,19,81,167,174,207,290,292,305,319,347,351,430,432,463,491,495,502,558,586,595,609,616,675,684,713
true 1,4,19,96,167,179,201,290,292,310,314,341,350,430,432,454,458,470,494,558,581,593,608,622,673,690,719
true 1,4,19,167,180,203,290,292,311,318,343,355,430,432,455,462,466,487,499,503,558,585,589,613,617,669,685
true 1,4,19,75,81,96,159,174,201,282,305,341,435,466,470,502,503,561,589,593,616,617,651,669,673,684,685
true 1,4,19,75,159,179,180,282,310,311,350,351,355,435,454,455,494,495,499,561,595,608,609,613,651,675,713
true 1,4,19,75,159,203,207,282,314,318,319,343,347,435,458,462,463,487,491,561,581,585,586,622,651,690,719
true 1,5,6,9,23,24,26,36,37,72,74,102,103,105,163,172,218,220,301,303,369,446,448,450,576,578,665
true 1,5,6,23,24,26,72,74,107,163,222,224,304,371,373,374,449,451,520,521,577,579,580,632,666,667,711
true 1,5,6,23,24,26,38,72,74,79,104,106,163,170,171,219,221,223,299,300,302,370,372,445,447,519,575
true 1,5,9,23,27,36,75,102,106,164,168,172,221,294,301,302,370,374,435,446,447,451,521,575,579,632,666
true 1,5,23,27,37,75,103,107,164,168,171,218,222,223,294,300,304,371,372,435,445,449,450,519,577,578,665
true 1,5,23,27,38,75,79,104,105,164,168,170,219,220,224,294,299,303,369,373,435,448,520,576,580,667,711
true 1,5,9,23,36,77,78,102,166,167,171,172,223,224,292,293,300,301,372,373,445,446,519,520,580,667,711
true 1,5,23,77,78,105,106,107,166,167,220,221,222,292,293,302,303,304,369,370,371,447,448,449,575,576,577
true 1,5,23,37,38,77,78,79,103,104,166,167,170,218,219,292,293,299,374,450,451,521,578,579,632,665,666
true 1,6,9,25,26,37,75,104,105,165,166,172,221,293,299,303,371,372,435,445,449,450,520,575,579,632,667
true 1,6,25,26,36,75,103,107,165,166,170,219,220,224,293,300,304,370,374,435,446,447,451,519,576,580,665
true 1,6,25,26,38,75,79,102,106,165,166,171,218,222,223,293,301,302,369,373,435,448,521,577,578,666,711
true 1,9,25,27,72,74,104,106,165,167,168,172,218,220,292,299,300,302,371,373,374,449,451,519,576,578,711
true 1,25,27,36,37,72,74,107,165,167,168,170,171,219,221,223,292,304,369,446,448,450,520,521,575,666,667
true 1,25,27,38,72,74,79,102,103,105,165,167,168,222,224,292,301,303,370,372,445,447,577,579,580,632,665
true 1,9,24,25,77,78,103,104,163,164,165,171,172,223,224,294,299,369,370,371,447,448,449,521,580,665,666
true 1,24,25,36,77,78,105,106,107,163,164,165,170,218,219,294,302,303,304,372,373,445,446,578,579,632,711
true 1,24,25,37,38,77,78,79,102,163,164,165,220,221,222,294,300,301,374,450,451,519,520,575,576,577,667
true 1,6,9,26,37,73,76,105,164,167,170,172,219,222,292,294,300,303,370,373,447,450,519,521,577,666,711
true 1,6,26,73,76,102,104,107,164,167,218,221,224,292,294,299,301,304,369,372,374,445,448,451,575,578,580
true 1,6,26,36,38,73,76,79,103,106,164,167,171,220,223,292,294,302,371,446,449,520,576,579,632,665,667
true 1,9,24,27,73,76,103,106,163,166,168,170,172,219,222,293,302,369,372,374,445,448,451,520,577,665,667
true 1,24,27,37,73,76,102,104,107,163,166,168,171,220,223,293,299,301,304,370,373,447,450,576,579,632,711
true 1,24,27,36,38,73,76,79,105,163,166,168,218,221,224,293,300,303,371,446,449,519,521,575,578,580,666
true 1,9,72,73,74,75,76,77,78,170,171,172,218,219,220,221,222,223,224,435,575,576,577,578,579,580,632
true 1,72,73,74,75,76,77,78,102,103,104,105,106,107,299,300,301,302,303,304,435,519,520,521,665,666,667
true 1,36,37,38,72,73,74,75,76,77,78,79,369,370,371,372,373,374,435,445,446,447,448,449,450,451,711
true 1,65,71,81,158,166,206,279,287,293,306,312,320,344,352,454,462,487,494,502,560,588,594,612,619,686,727
true 1,65,71,82,158,166,174,179,204,279,287,293,343,350,456,464,490,498,505,560,585,610,618,668,674,677,684
true 1,65,71,158,166,175,181,203,279,287,293,305,310,318,346,354,465,488,496,504,560,587,608,616,687,712,715
true 1,5,7,23,25,28,73,76,114,165,184,233,236,322,325,382,385,387,471,474,477,528,530,598,601,636,679
true 1,65,71,81,156,164,175,181,204,281,289,294,346,354,454,462,487,494,502,559,587,610,618,668,674,677,687
true 1,65,71,156,164,174,179,206,281,289,294,306,312,320,343,350,465,488,496,504,559,585,612,619,684,712,715
true 1,65,71,82,156,164,203,281,289,294,305,310,318,344,352,456,464,490,498,505,559,588,594,608,616,686,727
true 1,5,6,23,24,26,29,72,74,81,82,163,177,178,180,208,314,316,353,355,465,502,504,505,621,622,691
true 1,5,6,23,24,26,72,74,83,97,163,179,181,205,207,315,317,319,350,352,354,466,468,501,503,594,620
true 1,5,6,23,24,26,34,72,74,95,96,163,182,203,204,206,318,320,349,351,467,469,470,500,595,596,677
true 1,5,23,27,29,75,81,96,164,168,177,181,204,208,294,317,349,353,354,435,466,470,502,503,596,620,677
true 1,5,23,27,75,83,97,164,168,179,180,205,206,294,315,316,320,350,351,355,435,465,469,500,504,595,621
true 1,5,23,27,34,75,82,95,164,168,178,182,203,207,294,314,318,319,352,435,467,468,501,505,594,622,691
true 1,5,23,29,77,78,81,166,167,177,206,207,208,292,293,319,320,351,352,353,468,469,500,501,502,594,595
true 1,5,23,77,78,82,83,96,97,166,167,178,179,204,205,292,293,314,315,349,350,470,505,596,622,677,691
true 1,5,23,34,77,78,95,166,167,180,181,182,203,292,293,316,317,318,354,355,465,466,467,503,504,620,621
true 1,6,25,26,29,75,82,95,165,166,179,180,204,208,293,317,350,351,355,435,467,468,501,505,595,620,677
true 1,6,25,26,75,83,97,165,166,177,181,203,207,293,314,318,319,349,353,354,435,465,469,500,504,596,622
true 1,6,25,26,34,75,81,96,165,166,178,182,205,206,293,315,316,320,352,435,466,470,502,503,594,621,691
true 1,25,27,29,72,74,95,96,165,167,168,179,181,208,292,314,316,350,352,354,467,469,470,500,594,621,622
true 1,25,27,72,74,83,97,165,167,168,177,178,180,203,204,206,292,318,320,353,355,466,468,501,503,677,691
true 1,25,27,34,72,74,81,82,165,167,168,182,205,207,292,315,317,319,349,351,465,502,504,505,595,596,620
true 1,24,25,29,77,78,95,163,164,165,178,179,206,207,208,294,319,320,349,350,465,466,467,503,504,596,691
true 1,24,25,77,78,82,83,96,97,163,164,165,177,203,294,316,317,318,351,352,353,470,505,594,595,620,621
true 1,24,25,34,77,78,81,163,164,165,180,181,182,204,205,294,314,315,354,355,468,469,500,501,502,622,677
true 1,6,26,29,73,76,82,164,167,180,203,205,208,292,294,315,318,349,352,355,466,469,500,503,505,594,596
true 1,6,26,73,76,81,83,95,97,164,167,178,181,204,207,292,294,316,319,351,354,467,502,595,621,677,691
true 1,6,26,34,73,76,96,164,167,177,179,182,206,292,294,314,317,320,350,353,465,468,470,501,504,620,622
true 1,24,27,29,73,76,96,163,166,168,178,181,203,205,208,293,315,318,351,354,465,468,470,501,504,595,691
true 1,24,27,73,76,81,83,95,97,163,166,168,180,206,293,314,317,320,349,352,355,467,502,594,596,620,622
true 1,24,27,34,73,76,82,163,166,168,177,179,182,204,207,293,316,319,350,353,466,469,500,503,505,621,677
true 1,29,72,73,74,75,76,77,78,203,204,205,206,207,208,314,315,316,317,318,319,320,435,620,621,622,677
true 1,72,73,74,75,76,77,78,81,82,83,95,96,97,435,465,466,467,468,469,470,500,501,502,503,504,505
true 1,34,72,73,74,75,76,77,78,177,178,179,180,181,182,349,350,351,352,353,354,355,435,594,595,596,691
true 1,65,71,72,74,81,82,427,429,433,434,454,456,462,464,465,487,488,490,494,496,498,502,504,505,712,715
true 1,65,71,72,74,174,175,179,181,343,344,346,350,352,354,427,429,433,434,585,587,588,594,684,686,687,727
true 1,65,71,72,74,203,204,206,305,306,310,312,318,320,427,429,433,434,608,610,612,616,618,619,668,674,677
true 1,5,6,23,24,26,35,72,74,99,100,163,212,213,215,362,364,438,513,564,566,653,655,657,703,705,723
true 1,5,6,23,24,26,72,74,163,217,366,368,515,517,518,567,630,631,656,658,695,704,706,707,724,725,729
true 1,5,6,23,24,26,72,74,101,163,214,216,295,363,365,367,436,437,514,516,562,563,565,629,652,654,702
true 1,5,23,27,35,75,99,164,168,212,216,294,365,435,438,514,518,564,565,631,653,654,658,695,702,706,724
true 1,5,23,27,75,100,164,168,213,217,294,362,366,367,435,437,515,516,563,567,629,652,656,657,704,705,723
true 1,5,23,27,75,101,164,168,214,215,294,295,363,364,368,435,436,513,517,562,566,630,655,703,707,725,729
true 1,5,23,35,77,78,99,166,167,212,292,293,367,368,437,438,516,517,563,564,629,630,652,653,707,725,729
true 1,5,23,77,78,166,167,215,216,217,292,293,364,365,366,513,514,515,565,566,567,654,655,656,702,703,704
true 1,5,23,77,78,100,101,166,167,213,214,292,293,295,362,363,436,518,562,631,657,658,695,705,706,723,724
true 1,6,25,26,35,75,100,165,166,214,215,293,365,435,438,515,516,562,566,630,652,656,657,695,702,706,725
true 1,6,25,26,75,99,165,166,213,217,293,363,364,368,435,436,514,518,563,567,629,653,654,658,703,707,723
true 1,6,25,26,75,101,165,166,212,216,293,295,362,366,367,435,437,513,517,564,565,631,655,704,705,724,729
true 1,25,27,35,72,74,165,167,168,214,216,292,362,364,438,515,517,518,562,563,565,629,656,658,703,705,729
true 1,25,27,72,74,99,100,165,167,168,217,292,363,365,367,436,437,513,567,630,631,653,655,657,702,724,725
true 1,25,27,72,74,101,165,167,168,212,213,215,292,295,366,368,514,516,564,566,652,654,695,704,706,707,723
true 1,24,25,35,77,78,163,164,165,213,214,294,367,368,437,438,513,514,515,562,631,654,655,656,707,723,724
true 1,24,25,77,78,99,163,164,165,215,216,217,294,362,363,436,516,517,565,566,567,652,653,695,705,706,729
true 1,24,25,77,78,100,101,163,164,165,212,294,295,364,365,366,518,563,564,629,630,657,658,702,703,704,725
true 1,6,26,35,73,76,100,164,167,215,292,294,363,366,436,438,514,517,563,566,629,631,654,657,704,724,729
true 1,6,26,73,76,164,167,212,214,217,292,294,362,365,368,513,516,518,562,564,567,652,655,658,702,705,707
true 1,6,26,73,76,99,101,164,167,213,216,292,294,295,364,367,437,515,565,630,653,656,695,703,706,723,725
true 1,24,27,35,73,76,163,166,168,213,216,293,363,366,436,438,513,516,518,565,630,652,655,658,704,723,725
true 1,24,27,73,76,100,163,166,168,212,214,217,293,364,367,437,514,517,562,564,567,654,657,695,703,706,729
true 1,24,27,73,76,99,101,163,166,168,215,293,295,362,365,368,515,563,566,629,631,653,656,702,705,707,724
true 1,35,72,73,74,75,76,77,78,362,363,364,365,366,367,368,435,436,437,438,695,702,703,704,705,706,707
true 1,72,73,74,75,76,77,78,212,213,214,215,216,217,435,562,563,564,565,566,567,629,630,631,723,724,725
true 1,72,73,74,75,76,77,78,99,100,101,295,435,513,514,515,516,517,518,652,653,654,655,656,657,658,729
true 1,22,81,155,156,166,175,206,281,293,310,320,343,352,427,434,456,488,498,502,585,594,608,618,668,687,715
true 1,22,82,155,156,166,179,204,281,293,305,312,346,350,427,434,462,487,496,505,587,588,612,616,677,686,712
true 1,22,155,156,166,174,181,203,281,293,306,318,344,354,427,434,454,464,465,490,494,504,610,619,674,684,727
true 1,5,6,23,24,26,72,74,80,163,174,175,308,309,311,458,460,492,588,611,613,684,686,687,718,719,728
true 1,5,6,23,24,26,72,74,163,176,310,312,342,459,461,463,489,491,589,591,608,610,612,674,683,685,717
true 1,5,6,23,24,26,72,74,163,199,313,340,341,462,464,487,488,490,590,592,593,607,609,675,676,682,715
true 1,5,23,27,75,80,164,168,174,294,308,312,341,435,461,488,492,589,593,607,611,612,676,684,685,715,717
true 1,5,23,27,75,164,168,176,294,310,311,342,435,459,460,464,489,490,588,592,608,609,613,675,682,686,718
true 1,5,23,27,75,164,168,175,199,294,309,313,340,435,458,462,463,487,491,590,591,610,674,683,687,719,728
true 1,5,23,77,78,80,166,167,174,292,293,308,463,464,490,491,492,591,592,609,610,611,674,675,682,683,684
true 1,5,23,77,78,166,167,175,176,292,293,309,310,341,342,458,459,488,489,593,607,608,676,687,715,719,728
true 1,5,23,77,78,166,167,199,292,293,311,312,313,340,460,461,462,487,588,589,590,612,613,685,686,717,718
true 1,6,25,26,75,80,165,166,175,293,310,311,340,435,461,488,492,590,591,608,609,613,675,683,687,715,717
true 1,6,25,26,75,165,166,176,293,308,312,342,435,458,462,463,487,491,588,592,607,611,612,676,682,686,719
true 1,6,25,26,75,165,166,174,199,293,309,313,341,435,459,460,464,489,490,589,593,610,674,684,685,718,728
true 1,25,27,72,74,80,165,167,168,292,310,312,340,341,458,460,492,590,592,593,608,610,612,674,682,718,719
true 1,25,27,72,74,165,167,168,176,292,308,309,311,342,462,464,487,488,490,589,591,611,613,683,685,715,728
true 1,25,27,72,74,165,167,168,174,175,199,292,313,459,461,463,489,491,588,607,609,675,676,684,686,687,717
true 1,24,25,77,78,80,163,164,165,294,309,310,340,463,464,490,491,492,588,589,590,607,608,676,685,686,728
true 1,24,25,77,78,163,164,165,175,176,294,308,341,342,460,461,462,487,593,609,610,611,674,675,687,717,718
true 1,24,25,77,78,163,164,165,174,199,294,311,312,313,458,459,488,489,591,592,612,613,682,683,684,715,719
true 1,6,26,73,76,80,164,167,175,292,294,311,459,462,487,489,492,589,592,607,610,613,674,676,682,685,687
true 1,6,26,73,76,164,167,174,176,292,294,309,312,340,342,460,463,488,491,590,609,612,675,684,715,718,728
true 1,6,26,73,76,164,167,199,292,294,308,310,313,341,458,461,464,490,588,591,593,608,611,683,686,717,719
true 1,24,27,73,76,80,163,166,168,293,309,312,341,459,462,487,489,492,588,591,593,609,612,675,683,686,728
true 1,24,27,73,76,163,166,168,174,176,293,311,340,342,458,461,464,490,590,607,610,613,674,676,684,717,719
true 1,24,27,73,76,163,166,168,175,199,293,308,310,313,460,463,488,491,589,592,608,611,682,685,687,715,718
true 1,72,73,74,75,76,77,78,80,435,458,459,460,461,462,463,464,487,488,489,490,491,492,715,717,718,719
true 1,72,73,74,75,76,77,78,174,175,176,340,341,342,435,588,589,590,591,592,593,682,683,684,685,686,687
true 1,72,73,74,75,76,77,78,199,308,309,310,311,312,313,435,607,608,609,610,611,612,613,674,675,676,728
true 1,7,10,24,28,42,75,84,112,116,163,167,185,234,292,322,326,382,386,435,474,528,597,601,636,678,716
true 1,5,6,15,23,24,26,54,55,72,74,124,137,138,140,163,244,245,266,268,391,392,394,417,532,534,637
true 1,5,6,23,24,26,56,72,74,139,141,163,267,269,271,396,418,420,536,538,554,639,641,642,698,699,722
true 1,5,6,23,24,26,72,74,142,163,246,270,272,393,395,419,421,422,533,535,537,555,556,638,640,650,697
true 1,5,15,23,27,54,75,124,137,141,164,168,244,269,294,391,395,418,422,435,535,556,638,642,650,699,722
true 1,5,23,27,56,75,139,140,164,168,245,267,268,272,294,392,396,417,421,435,532,536,537,555,639,640,697
true 1,5,23,27,55,75,138,142,164,168,246,266,270,271,294,393,394,419,420,435,533,534,538,554,637,641,698
true 1,5,15,23,54,77,78,124,137,166,167,244,271,272,292,293,391,420,421,537,538,554,555,640,641,697,698
true 1,5,23,55,56,77,78,138,139,166,167,266,267,292,293,394,395,396,422,534,535,536,556,637,638,639,650
true 1,5,23,77,78,140,141,142,166,167,245,246,268,269,270,292,293,392,393,417,418,419,532,533,642,699,722
true 1,6,15,25,26,55,75,124,139,140,165,166,245,269,293,393,394,419,420,435,535,555,639,640,650,698,722
true 1,6,25,26,56,75,137,141,165,166,244,266,270,271,293,392,396,417,421,435,533,534,538,556,638,642,697
true 1,6,25,26,54,75,138,142,165,166,246,267,268,272,293,391,395,418,422,435,532,536,537,554,637,641,699
true 1,15,25,27,72,74,124,139,141,165,167,168,266,268,292,393,395,419,421,422,532,534,554,639,641,642,697
true 1,25,27,56,72,74,137,138,140,165,167,168,244,245,270,272,292,396,418,420,533,535,537,637,650,698,699
true 1,25,27,54,55,72,74,142,165,167,168,246,267,269,271,292,391,392,394,417,536,538,555,556,638,640,722
true 1,15,24,25,77,78,124,138,139,163,164,165,271,272,294,392,393,417,418,419,537,538,556,637,638,639,699
true 1,24,25,55,56,77,78,137,163,164,165,244,268,269,270,294,394,395,396,422,532,533,554,555,640,641,722
true 1,24,25,54,77,78,140,141,142,163,164,165,245,246,266,267,294,391,420,421,534,535,536,642,650,697,698
true 1,6,15,26,55,73,76,124,140,164,167,245,267,270,292,294,394,418,421,533,536,554,556,638,641,697,699
true 1,6,26,54,56,73,76,138,141,164,167,268,271,292,294,391,393,396,419,532,535,538,555,637,640,642,650
true 1,6,26,73,76,137,139,142,164,167,244,246,266,269,272,292,294,392,395,417,420,422,534,537,639,698,722
true 1,15,24,27,73,76,124,138,141,163,166,168,267,270,293,392,395,417,420,422,533,536,555,637,640,642,698
true 1,24,27,54,56,73,76,140,163,166,168,245,266,269,272,293,391,393,396,419,534,537,554,556,638,641,722
true 1,24,27,55,73,76,137,139,142,163,166,168,244,246,268,271,293,394,418,421,532,535,538,639,650,697,699
true 1,15,72,73,74,75,76,77,78,124,266,267,268,269,270,271,272,435,532,533,534,535,536,537,538,650,722
true 1,54,55,56,72,73,74,75,76,77,78,391,392,393,394,395,396,417,418,419,420,421,422,435,697,698,699
true 1,72,73,74,75,76,77,78,137,138,139,140,141,142,244,245,246,435,554,555,556,637,638,639,640,641,642
true 1,22,81,155,158,164,181,204,279,294,306,310,343,354,429,433,464,490,496,502,585,588,608,619,677,686,712
true 1,22,155,158,164,175,179,206,279,294,305,320,344,350,429,433,456,462,465,487,498,504,610,616,674,687,727
true 1,22,82,155,158,164,174,203,279,294,312,318,346,352,429,433,454,488,494,505,587,594,612,618,668,684,715
true 1,5,6,23,24,26,72,74,94,163,200,201,343,344,346,457,493,495,585,587,614,670,672,673,713,714,727
true 1,5,6,23,24,26,72,74,163,173,305,306,348,452,453,455,497,499,581,583,616,618,619,668,689,690,720
true 1,5,6,23,24,26,72,74,163,202,307,345,347,454,456,494,496,498,582,584,586,615,617,669,671,688,712
true 1,5,23,27,75,94,164,168,200,294,306,343,347,435,453,457,496,581,585,586,615,619,670,671,690,712,720
true 1,5,23,27,75,164,168,173,201,294,305,344,348,435,452,456,493,497,498,584,616,617,669,673,688,714,727
true 1,5,23,27,75,164,168,202,294,307,345,346,435,454,455,494,495,499,582,583,587,614,618,668,672,689,713
true 1,5,23,77,78,94,166,167,200,292,293,343,455,456,457,498,499,583,584,585,617,618,668,669,670,688,689
true 1,5,23,77,78,166,167,173,292,293,305,346,347,348,452,495,496,497,586,587,614,615,616,671,672,712,713
true 1,5,23,77,78,166,167,201,202,292,293,306,307,344,345,453,454,493,494,581,582,619,673,690,714,720,727
true 1,6,25,26,75,94,165,166,201,293,305,345,346,435,453,457,496,582,583,587,616,617,669,673,689,712,720
true 1,6,25,26,75,165,166,173,200,293,306,344,348,435,454,455,494,495,499,584,615,619,670,671,688,713,727
true 1,6,25,26,75,165,166,202,293,307,343,347,435,452,456,493,497,498,581,585,586,614,618,668,672,690,714
true 1,25,27,72,74,94,165,167,168,292,305,306,345,347,457,493,495,582,584,586,616,618,619,668,688,713,714
true 1,25,27,72,74,165,167,168,173,200,201,292,348,454,456,494,496,498,581,583,614,670,672,673,689,690,712
true 1,25,27,72,74,165,167,168,202,292,307,343,344,346,452,453,455,497,499,585,587,615,617,669,671,720,727
true 1,24,25,77,78,94,163,164,165,294,305,344,345,455,456,457,498,499,581,582,614,615,616,671,672,690,727
true 1,24,25,77,78,163,164,165,173,200,294,346,347,348,453,454,493,494,586,587,617,618,668,669,670,714,720
true 1,24,25,77,78,163,164,165,201,202,294,306,307,343,452,495,496,497,583,584,585,619,673,688,689,712,713
true 1,6,26,73,76,94,164,167,201,292,294,346,452,454,457,494,497,581,584,587,615,618,668,671,673,688,690
true 1,6,26,73,76,164,167,173,292,294,306,343,345,348,455,493,496,499,582,585,614,617,619,669,672,712,714
true 1,6,26,73,76,164,167,200,202,292,294,305,307,344,347,453,456,495,498,583,586,616,670,689,713,720,727
true 1,24,27,73,76,94,163,166,168,293,306,344,347,452,454,457,494,497,583,586,614,617,619,669,672,689,727
true 1,24,27,73,76,163,166,168,173,201,293,343,345,348,453,456,495,498,582,585,615,618,668,671,673,713,720
true 1,24,27,73,76,163,166,168,200,202,293,305,307,346,455,493,496,499,581,584,587,616,670,688,690,712,714
true 1,72,73,74,75,76,77,78,94,435,452,453,454,455,456,457,493,494,495,496,497,498,499,712,713,714,720
true 1,72,73,74,75,76,77,78,173,343,344,345,346,347,348,435,581,582,583,584,585,586,587,688,689,690,727
true 1,72,73,74,75,76,77,78,200,201,202,305,306,307,435,614,615,616,617,618,619,668,669,670,671,672,673
true 1,22,72,74,81,82,155,287,289,310,312,343,344,346,465,502,504,505,559,560,585,587,608,610,612,674,727
true 1,22,72,74,155,179,181,287,289,305,306,350,352,354,462,464,487,488,490,559,560,594,616,618,619,668,715
true 1,22,72,74,155,174,175,203,204,206,287,289,318,320,454,456,494,496,498,559,560,588,677,684,686,687,712
true 1,5,6,23,24,26,72,74,163,169,211,296,297,358,360,439,440,442,507,509,511,568,570,624,626,659,692
true 1,5,6,23,24,26,72,74,98,163,209,210,298,356,357,359,441,443,506,508,569,571,573,623,660,662,708
true 1,5,6,23,24,26,72,74,163,361,444,510,512,572,574,625,627,628,661,663,664,693,694,709,710,721,726
true 1,5,23,27,75,164,168,169,211,294,296,358,359,435,439,443,507,508,512,571,623,627,660,664,693,710,726
true 1,5,23,27,75,98,164,168,209,294,298,356,360,435,441,442,509,569,570,574,624,628,659,663,694,709,721
true 1,5,23,27,75,164,168,210,294,297,357,361,435,440,444,506,510,511,568,572,573,625,626,661,662,692,708
true 1,5,23,77,78,166,167,169,210,211,292,293,296,357,358,439,506,507,573,574,628,662,663,694,708,709,721
true 1,5,23,77,78,98,166,167,209,292,293,297,298,356,440,441,511,512,568,569,626,627,664,692,693,710,726
true 1,5,23,77,78,166,167,292,293,359,360,361,442,443,444,508,509,510,570,571,572,623,624,625,659,660,661
true 1,6,25,26,75,165,166,169,211,293,297,356,360,435,441,442,506,510,511,571,623,627,661,662,694,709,726
true 1,6,25,26,75,98,165,166,210,293,298,358,359,435,439,443,509,568,572,573,625,626,659,663,693,710,721
true 1,6,25,26,75,165,166,209,293,296,357,361,435,440,444,507,508,512,569,570,574,624,628,660,664,692,708
true 1,25,27,72,74,165,167,168,169,211,292,356,357,359,441,443,510,512,568,570,624,626,661,663,664,708,721
true 1,25,27,72,74,98,165,167,168,292,298,358,360,439,440,442,506,508,572,574,625,627,628,660,662,692,726
true 1,25,27,72,74,165,167,168,209,210,292,296,297,361,444,507,509,511,569,571,573,623,659,693,694,709,710
true 1,24,25,77,78,163,164,165,169,210,211,294,356,440,441,508,509,510,573,574,628,659,660,661,692,693,710
true 1,24,25,77,78,98,163,164,165,294,297,298,357,358,439,511,512,570,571,572,623,624,625,664,694,708,709
true 1,24,25,77,78,163,164,165,209,294,296,359,360,361,442,443,444,506,507,568,569,626,627,662,663,721,726
true 1,6,26,73,76,164,167,169,209,211,292,294,297,357,360,442,508,511,569,572,625,660,663,693,708,710,721
true 1,6,26,73,76,98,164,167,210,292,294,296,298,359,440,443,507,510,570,573,624,627,661,692,694,709,726
true 1,6,26,73,76,164,167,292,294,356,358,361,439,441,444,506,509,512,568,571,574,623,626,628,659,662,664
true 1,24,27,73,76,163,166,168,169,209,211,293,359,440,443,506,509,512,569,572,625,659,662,664,692,694,709
true 1,24,27,73,76,98,163,166,168,293,296,298,357,360,442,507,510,568,571,574,623,626,628,661,693,708,710
true 1,24,27,73,76,163,166,168,210,293,297,356,358,361,439,441,444,508,511,570,573,624,627,660,663,721,726
true 1,72,73,74,75,76,77,78,169,209,210,211,435,568,569,570,571,572,573,574,623,624,625,626,627,628,726
true 1,72,73,74,75,76,77,78,98,296,297,298,435,506,507,508,509,510,511,512,659,660,661,662,663,664,721
true 1,72,73,74,75,76,77,78,356,357,358,359,360,361,435,439,440,441,442,443,444,692,693,694,708,709,710
true 1,4,19,81,166,174,206,289,293,305,320,346,352,429,433,464,490,496,502,559,587,594,610,616,674,684,712
true 1,4,19,82,166,175,179,204,289,293,306,310,344,350,429,433,454,488,494,505,559,608,619,677,687,715,727
true 1,4,19,166,181,203,289,293,312,318,343,354,429,433,456,462,465,487,498,504,559,585,588,612,618,668,686
true 1,5,6,23,24,26,49,53,72,74,125,126,134,135,163,247,248,250,260,261,263,397,399,410,412,539,548
true 1,5,6,23,24,26,72,74,136,163,252,262,264,401,403,411,413,415,541,543,544,549,551,644,645,647,700
true 1,5,6,23,24,26,72,74,127,163,249,251,265,398,400,402,414,416,540,542,550,552,553,643,648,649,701
true 1,5,23,27,49,53,75,125,134,164,168,247,251,260,264,294,400,413,435,540,544,549,553,645,649,700,701
true 1,5,23,27,75,126,136,164,168,248,252,262,263,294,397,401,402,411,412,416,435,541,542,548,552,643,648
true 1,5,23,27,75,127,135,164,168,249,250,261,265,294,398,399,403,410,414,415,435,539,543,550,551,644,647
true 1,5,23,49,53,77,78,125,134,166,167,247,260,292,293,402,403,415,416,542,543,551,552,643,644,647,648
true 1,5,23,77,78,135,136,166,167,250,251,252,261,262,292,293,399,400,401,410,411,539,540,541,553,649,701
true 1,5,23,77,78,126,127,166,167,248,249,263,264,265,292,293,397,398,412,413,414,544,548,549,550,645,700
true 1,6,25,26,49,53,75,126,135,165,166,249,250,262,263,293,400,413,435,541,542,550,551,644,648,700,701
true 1,6,25,26,75,125,136,165,166,248,252,260,264,293,398,399,403,410,414,415,435,540,544,548,552,643,649
true 1,6,25,26,75,127,134,165,166,247,251,261,265,293,397,401,402,411,412,416,435,539,543,549,553,645,647
true 1,25,27,49,53,72,74,165,167,168,249,251,262,264,292,397,399,410,412,541,543,544,550,552,553,643,647
true 1,25,27,72,74,125,126,136,165,167,168,252,260,261,263,292,398,400,402,414,416,539,549,551,644,645,701
true 1,25,27,72,74,127,134,135,165,167,168,247,248,250,265,292,401,403,411,413,415,540,542,548,648,649,700
true 1,24,25,49,53,77,78,163,164,165,248,249,261,262,294,402,403,415,416,539,540,541,548,549,550,645,649
true 1,24,25,77,78,125,135,136,163,164,165,250,251,252,260,294,397,398,412,413,414,542,543,553,647,648,700
true 1,24,25,77,78,126,127,134,163,164,165,247,263,264,265,294,399,400,401,410,411,544,551,552,643,644,701
true 1,6,26,49,53,73,76,126,135,164,167,250,263,292,294,398,401,411,414,540,543,549,552,643,645,647,649
true 1,6,26,73,76,134,136,164,167,247,249,252,261,264,292,294,397,400,403,412,415,539,542,544,550,648,701
true 1,6,26,73,76,125,127,164,167,248,251,260,262,265,292,294,399,402,410,413,416,541,548,551,553,644,700
true 1,24,27,49,53,73,76,163,166,168,248,251,261,264,293,398,401,411,414,539,542,544,548,551,553,644,648
true 1,24,27,73,76,126,134,136,163,166,168,247,249,252,263,293,399,402,410,413,416,540,543,550,647,649,700
true 1,24,27,73,76,125,127,135,163,166,168,250,260,262,265,293,397,400,403,412,415,541,549,552,643,645,701
true 1,49,53,72,73,74,75,76,77,78,397,398,399,400,401,402,403,410,411,412,413,414,415,416,435,700,701
true 1,72,73,74,75,76,77,78,134,135,136,247,248,249,250,251,252,435,548,549,550,551,552,553,643,644,645
true 1,72,73,74,75,76,77,78,125,126,127,260,261,262,263,264,265,435,539,540,541,542,543,544,647,648,649
true 1,7,24,28,41,75,111,115,163,167,183,232,233,237,292,323,324,384,385,435,471,475,476,530,598,602,679
true 1,5,6,10,23,24,26,40,41,72,74,84,111,112,114,163,183,184,231,233,321,322,324,382,471,473,597
true 1,5,6,23,24,26,72,74,116,163,185,235,237,323,325,384,386,387,472,474,476,529,530,598,600,636,678
true 1,5,6,23,24,26,42,72,74,113,115,163,232,234,236,326,383,385,475,477,528,599,601,602,679,680,716
true 1,5,10,23,27,40,75,84,111,115,164,168,183,234,294,321,325,383,387,435,474,530,598,602,636,680,716
true 1,5,23,27,41,75,112,116,164,168,185,231,235,236,294,323,324,384,385,435,472,473,477,528,597,601,679
true 1,5,23,27,42,75,113,114,164,168,184,232,233,237,294,322,326,382,386,435,471,475,476,529,599,600,678
true 1,5,10,23,40,77,78,84,111,166,167,183,236,237,292,293,321,385,386,476,477,528,529,600,601,678,679
true 1,5,23,77,78,114,115,116,166,167,184,185,233,234,235,292,293,322,323,382,383,384,471,472,602,680,716
true 1,5,23,41,42,77,78,112,113,166,167,231,232,292,293,324,325,326,387,473,474,475,530,597,598,599,636
true 1,6,10,25,26,41,75,84,113,114,165,166,184,234,293,323,324,384,385,435,474,529,599,600,636,679,716
true 1,6,25,26,40,75,112,116,165,166,185,232,233,237,293,321,325,383,387,435,471,475,476,528,597,601,680
true 1,6,25,26,42,75,111,115,165,166,183,231,235,236,293,322,326,382,386,435,472,473,477,530,598,602,678
true 1,10,25,27,72,74,84,113,115,165,167,168,231,233,292,323,325,384,386,387,471,473,528,599,601,602,678
true 1,25,27,40,41,72,74,116,165,167,168,185,232,234,236,292,321,322,324,382,475,477,529,530,598,600,716
true 1,25,27,42,72,74,111,112,114,165,167,168,183,184,235,237,292,326,383,385,472,474,476,597,636,679,680
true 1,10,24,25,77,78,84,112,113,163,164,165,236,237,294,322,323,382,383,384,476,477,530,597,598,599,680
true 1,24,25,40,77,78,114,115,116,163,164,165,184,185,231,232,294,321,385,386,473,474,475,602,636,678,679
true 1,24,25,41,42,77,78,111,163,164,165,183,233,234,235,294,324,325,326,387,471,472,528,529,600,601,716
true 1,6,10,26,41,73,76,84,114,164,167,184,232,235,292,294,324,383,386,472,475,528,530,598,601,678,680
true 1,6,26,73,76,111,113,116,164,167,183,185,231,234,237,292,294,322,325,382,385,387,473,476,599,679,716
true 1,6,26,40,42,73,76,112,115,164,167,233,236,292,294,321,323,326,384,471,474,477,529,597,600,602,636
true 1,10,24,27,73,76,84,112,115,163,166,168,232,235,293,322,325,382,385,387,472,475,529,597,600,602,679
true 1,24,27,41,73,76,111,113,116,163,166,168,183,185,233,236,293,324,383,386,471,474,477,599,636,678,680
true 1,24,27,40,42,73,76,114,163,166,168,184,231,234,237,293,321,323,326,384,473,476,528,530,598,601,716
true 1,10,72,73,74,75,76,77,78,84,231,232,233,234,235,236,237,435,471,472,473,474,475,476,477,636,716
true 1,72,73,74,75,76,77,78,111,112,113,114,115,116,183,184,185,435,528,529,530,597,598,599,600,601,602
true 1,40,41,42,72,73,74,75,76,77,78,321,322,323,324,325,326,382,383,384,385,386,387,435,678,679,680
true 1,4,19,81,164,174,181,204,287,294,305,312,344,354,427,434,456,488,498,502,560,612,616,677,684,715,727
true 1,4,19,164,179,206,287,294,310,320,346,350,427,434,454,464,465,490,494,504,560,587,588,608,618,668,686
true 1,4,19,82,164,175,203,287,294,306,318,343,352,427,434,462,487,496,505,560,585,594,610,619,674,687,712
true 1,5,6,23,24,26,30,39,72,74,85,86,108,109,163,186,187,189,225,226,228,327,329,375,377,478,522
true 1,5,6,23,24,26,72,74,87,163,188,190,230,328,330,332,379,381,479,481,524,526,527,603,634,635,696
true 1,5,6,23,24,26,72,74,110,163,191,227,229,331,333,376,378,380,480,482,483,523,525,604,605,633,681
true 1,5,23,27,30,39,75,85,108,164,168,186,190,225,229,294,330,378,435,479,483,523,527,605,635,681,696
true 1,5,23,27,75,87,109,164,168,188,189,226,230,294,328,329,333,375,379,380,435,478,482,524,525,604,633
true 1,5,23,27,75,86,110,164,168,187,191,227,228,294,327,331,332,376,377,381,435,480,481,522,526,603,634
true 1,5,23,30,39,77,78,85,108,166,167,186,225,292,293,332,333,380,381,481,482,525,526,603,604,633,634
true 1,5,23,77,78,86,87,166,167,187,188,228,229,230,292,293,327,328,377,378,379,483,522,523,524,605,681
true 1,5,23,77,78,109,110,166,167,189,190,191,226,227,292,293,329,330,331,375,376,478,479,480,527,635,696
true 1,6,25,26,30,39,75,86,109,165,166,188,189,227,228,293,330,378,435,480,481,524,525,604,634,681,696
true 1,6,25,26,75,87,108,165,166,186,190,226,230,293,327,331,332,376,377,381,435,478,482,523,527,605,633
true 1,6,25,26,75,85,110,165,166,187,191,225,229,293,328,329,333,375,379,380,435,479,483,522,526,603,635
true 1,25,27,30,39,72,74,165,167,168,188,190,227,229,292,327,329,375,377,480,482,483,524,526,527,603,633
true 1,25,27,72,74,87,108,109,165,167,168,186,187,189,230,292,331,333,376,378,380,479,481,522,634,635,681
true 1,25,27,72,74,85,86,110,165,167,168,191,225,226,228,292,328,330,332,379,381,478,523,525,604,605,696
true 1,24,25,30,39,77,78,163,164,165,187,188,226,227,294,332,333,380,381,478,479,480,522,523,524,605,635
true 1,24,25,77,78,86,87,108,163,164,165,186,228,229,230,294,329,330,331,375,376,483,525,526,603,604,696
true 1,24,25,77,78,85,109,110,163,164,165,189,190,191,225,294,327,328,377,378,379,481,482,527,633,634,681
true 1,6,26,30,39,73,76,86,109,164,167,189,228,292,294,328,331,376,379,479,482,523,526,603,605,633,635
true 1,6,26,73,76,85,87,164,167,187,190,225,227,230,292,294,329,332,375,378,381,480,522,525,527,604,681
true 1,6,26,73,76,108,110,164,167,186,188,191,226,229,292,294,327,330,333,377,380,478,481,483,524,634,696
true 1,24,27,30,39,73,76,163,166,168,187,190,226,229,293,328,331,376,379,478,481,483,522,525,527,604,634
true 1,24,27,73,76,85,87,109,163,166,168,189,225,227,230,293,327,330,333,377,380,480,523,526,603,605,696
true 1,24,27,73,76,86,108,110,163,166,168,186,188,191,228,293,329,332,375,378,381,479,482,524,633,635,681
true 1,30,39,72,73,74,75,76,77,78,327,328,329,330,331,332,333,375,376,377,378,379,380,381,435,681,696
true 1,72,73,74,75,76,77,78,85,86,87,225,226,227,228,229,230,435,478,479,480,481,482,483,633,634,635
true 1,72,73,74,75,76,77,78,108,109,110,186,187,188,189,190,191,435,522,523,524,525,526,527,603,604,605
true 1,4,19,72,74,81,82,156,158,174,175,279,281,305,306,465,502,504,505,588,616,618,619,668,684,686,687
true 1,4,19,72,74,156,158,179,181,279,281,310,312,350,352,354,454,456,494,496,498,594,608,610,612,674,712
true 1,4,19,72,74,156,158,203,204,206,279,281,318,320,343,344,346,462,464,487,488,490,585,587,677,715,727
true 1,7,24,28,75,81,96,163,167,179,180,203,207,292,314,318,319,350,351,355,435,466,470,502,503,595,622
true 1,7,24,28,40,75,113,114,163,167,184,231,235,236,292,321,325,383,387,435,472,473,477,529,599,600,680
true 1,7,24,28,29,34,75,83,97,163,167,178,182,204,208,292,317,352,435,465,469,500,504,594,620,677,691
true 1,36,65,67,71,75,358,359,362,366,367,370,374,426,430,432,435,437,439,443,446,447,451,693,704,705,710
true 1,65,67,71,75,171,209,214,215,218,222,223,426,430,432,435,562,566,569,570,574,577,578,624,628,630,725
true 1,65,67,71,75,99,104,105,297,299,303,426,430,432,435,506,510,511,514,518,520,653,654,658,661,662,667
true 1,24,36,65,71,105,163,218,282,290,297,303,358,366,439,446,511,518,558,561,570,578,624,630,658,704,725
true 1,24,65,71,163,209,214,222,282,290,359,367,374,437,443,451,506,514,520,558,561,562,569,577,654,662,667
true 1,24,65,71,99,104,163,171,215,223,282,290,299,362,370,447,510,558,561,566,574,628,653,661,693,705,710
true 1,7,10,28,42,72,74,84,116,164,166,185,231,233,293,294,326,383,385,471,473,529,530,598,600,679,680
true 1,2,5,6,8,11,12,23,24,26,31,32,43,44,46,72,74,88,89,91,117,119,163,192,194,238,334
true 1,5,6,23,24,26,33,48,72,74,90,92,121,123,163,193,195,197,240,242,243,335,337,389,390,484,531
true 1,5,6,13,23,24,26,45,47,72,74,93,118,120,122,163,196,198,239,241,336,338,339,388,485,486,606
true 1,2,5,8,11,23,27,31,43,47,75,88,92,120,164,168,195,239,243,294,335,339,390,435,486,531,606
true 1,5,12,23,27,33,44,48,75,90,91,117,121,122,164,168,193,194,198,240,241,294,334,338,388,435,485
true 1,5,13,23,27,32,45,46,75,89,93,118,119,123,164,168,192,196,197,238,242,294,336,337,389,435,484
true 1,2,5,8,11,23,31,43,77,78,88,122,123,166,167,197,198,241,242,292,293,337,338,388,389,484,485
true 1,5,23,32,33,46,47,48,77,78,89,90,119,120,121,166,167,192,193,238,239,240,292,293,339,486,606
true 1,5,12,13,23,44,45,77,78,91,92,93,117,118,166,167,194,195,196,243,292,293,334,335,336,390,531
true 1,2,6,8,12,25,26,32,45,46,75,90,91,120,165,166,195,240,241,293,336,337,389,435,485,531,606
true 1,6,11,25,26,33,44,48,75,88,92,118,119,123,165,166,192,196,197,239,243,293,334,338,388,435,486
true 1,6,13,25,26,31,43,47,75,89,93,117,121,122,165,166,193,194,198,238,242,293,335,339,390,435,484
true 1,2,8,25,27,45,47,72,74,90,92,117,119,165,167,168,192,194,240,242,243,292,336,338,339,388,484
true 1,11,12,25,27,33,48,72,74,88,89,91,118,120,122,165,167,168,196,198,238,292,335,337,389,390,606
true 1,13,25,27,31,32,43,44,46,72,74,93,121,123,165,167,168,193,195,197,239,241,292,334,485,486,531
true 1,2,8,24,25,44,45,77,78,89,90,122,123,163,164,165,197,198,238,239,240,294,334,335,336,390,486
true 1,11,24,25,32,33,46,47,48,77,78,88,117,118,163,164,165,194,195,196,241,242,294,339,484,485,531
true 1,12,13,24,25,31,43,77,78,91,92,93,119,120,121,163,164,165,192,193,243,294,337,338,388,389,606
true 1,2,6,8,12,26,32,46,73,76,91,118,121,164,167,193,196,239,242,292,294,335,338,388,390,484,486
true 1,6,26,31,33,43,45,48,73,76,89,92,117,120,123,164,167,194,197,238,241,243,292,294,336,485,606
true 1,6,11,13,26,44,47,73,76,88,90,93,119,122,164,167,192,195,198,240,292,294,334,337,339,389,531
true 1,2,8,24,27,44,47,73,76,89,92,118,121,163,166,168,193,196,238,241,243,293,334,337,339,389,485
true 1,12,24,27,31,33,43,45,48,73,76,91,119,122,163,166,168,192,195,198,239,242,293,336,484,486,531
true 1,11,13,24,27,32,46,73,76,88,90,93,117,120,123,163,166,168,194,197,240,293,335,338,388,390,606
true 1,2,8,72,73,74,75,76,77,78,117,118,119,120,121,122,123,192,193,194,195,196,197,198,435,531,606
true 1,31,32,33,43,44,45,46,47,48,72,73,74,75,76,77,78,334,335,336,337,338,339,388,389,390,435
true 1,11,12,13,72,73,74,75,76,77,78,88,89,90,91,92,93,238,239,240,241,242,243,435,484,485,486
true 1,36,65,71,151,159,167,171,215,223,286,292,358,366,439,446,506,514,520,566,574,628,651,654,662,667,704
true 1,65,71,105,151,159,167,209,214,222,286,292,297,303,362,370,447,511,518,562,569,577,651,658,693,705,710
true 1,65,71,99,104,151,159,167,218,286,292,299,359,367,374,437,443,451,510,570,578,624,630,651,653,661,725
true 1,22,36,75,151,155,214,215,286,290,297,370,374,435,446,447,451,506,510,511,558,562,566,630,661,662,725
true 1,22,75,99,151,155,171,218,222,223,286,290,358,359,435,439,443,514,518,558,577,578,653,654,658,693,710
true 1,22,75,104,105,151,155,209,286,290,299,303,362,366,367,435,437,520,558,569,570,574,624,628,667,704,705
true 1,22,24,36,105,155,159,163,214,218,303,367,430,432,437,446,510,514,562,574,578,628,651,654,661,693,710
true 1,22,24,99,155,159,163,215,222,297,358,362,374,430,432,439,451,511,520,566,570,577,624,651,653,667,705
true 1,22,24,104,155,159,163,171,209,223,299,359,366,370,430,432,443,447,506,518,569,630,651,658,662,704,725
true 1,3,5,6,14,16,17,23,24,26,50,51,57,58,60,72,74,128,129,131,143,145,163,253,255,273,404
true 1,5,6,18,23,24,26,59,61,72,74,133,144,146,148,163,257,259,274,276,406,408,409,423,546,547,646
true 1,5,6,23,24,26,52,62,72,74,130,132,147,149,163,254,256,258,275,277,278,405,407,424,425,545,557
true 1,3,5,14,16,23,27,50,57,61,75,128,132,146,164,168,256,274,278,294,405,409,425,435,547,557,646
true 1,5,18,23,27,51,59,60,75,129,133,144,145,149,164,168,253,257,258,273,277,294,406,407,424,435,545
true 1,5,17,23,27,52,58,62,75,130,131,143,147,148,164,168,254,255,259,275,276,294,404,408,423,435,546
true 1,3,5,14,16,23,50,57,77,78,128,148,149,166,167,258,259,276,277,292,293,407,408,423,424,545,546
true 1,5,17,18,23,58,59,77,78,131,132,133,143,144,166,167,255,256,257,278,292,293,404,405,406,425,557
true 1,5,23,51,52,60,61,62,77,78,129,130,145,146,147,166,167,253,254,273,274,275,292,293,409,547,646
true 1,3,6,14,17,25,26,51,59,60,75,130,131,146,165,166,256,275,276,293,406,407,424,435,546,557,646
true 1,6,18,25,26,50,57,61,75,129,133,143,147,148,165,166,254,255,259,273,277,293,405,409,425,435,545
true 1,6,16,25,26,52,58,62,75,128,132,144,145,149,165,166,253,257,258,274,278,293,404,408,423,435,547
true 1,3,14,25,27,59,61,72,74,130,132,143,145,165,167,168,253,255,275,277,278,292,406,408,409,423,545
true 1,18,25,27,50,51,57,58,60,72,74,133,147,149,165,167,168,254,256,258,274,276,292,404,546,547,557
true 1,16,17,25,27,52,62,72,74,128,129,131,144,146,148,165,167,168,257,259,273,292,405,407,424,425,646
true 1,3,14,24,25,58,59,77,78,129,130,148,149,163,164,165,258,259,273,274,275,294,404,405,406,425,547
true 1,17,18,24,25,50,57,77,78,131,132,133,145,146,147,163,164,165,253,254,278,294,407,408,423,424,646
true 1,16,24,25,51,52,60,61,62,77,78,128,143,144,163,164,165,255,256,257,276,277,294,409,545,546,557
true 1,3,6,14,17,26,51,60,73,76,131,144,147,164,167,254,257,274,277,292,294,405,408,423,425,545,547
true 1,6,16,18,26,58,61,73,76,128,130,133,145,148,164,167,253,256,259,275,292,294,404,407,409,424,557
true 1,6,26,50,52,57,59,62,73,76,129,132,143,146,149,164,167,255,258,273,276,278,292,294,406,546,646
true 1,3,14,24,27,58,61,73,76,129,132,144,147,163,166,168,254,257,273,276,278,293,404,407,409,424,546
true 1,16,18,24,27,51,60,73,76,128,130,133,143,146,149,163,166,168,255,258,275,293,405,408,423,425,646
true 1,17,24,27,50,52,57,59,62,73,76,131,145,148,163,166,168,253,256,259,274,277,293,406,545,547,557
true 1,3,14,72,73,74,75,76,77,78,143,144,145,146,147,148,149,253,254,255,256,257,258,259,435,557,646
true 1,16,17,18,72,73,74,75,76,77,78,128,129,130,131,132,133,273,274,275,276,277,278,435,545,546,547
true 1,50,51,52,57,58,59,60,61,62,72,73,74,75,76,77,78,404,405,406,407,408,409,423,424,425,435
true 1,7,28,40,41,72,74,113,115,164,166,235,237,293,294,321,322,324,382,472,474,476,528,599,601,602,636
true 1,22,36,67,155,167,171,214,223,282,292,359,362,426,443,446,510,518,520,561,562,570,624,658,661,667,705
true 1,22,67,99,105,155,167,222,282,292,303,358,367,370,426,437,439,447,506,561,574,577,628,630,653,662,725
true 1,22,67,104,155,167,209,215,218,282,292,297,299,366,374,426,451,511,514,561,566,569,578,654,693,704,710
true 1,4,19,36,75,99,159,209,282,370,374,435,446,447,451,514,518,561,569,570,574,624,628,651,653,654,658
true 1,4,19,75,159,171,218,222,223,282,297,362,366,367,435,437,506,510,511,561,577,578,651,661,662,704,705
true 1,4,19,75,104,105,159,214,215,282,299,303,358,359,435,439,443,520,561,562,566,630,651,667,693,710,725
true 1,4,19,24,36,67,99,105,151,163,209,215,218,286,303,359,362,426,443,446,506,566,569,578,653,662,705
true 1,4,19,24,67,151,163,222,286,366,374,426,451,510,518,520,574,577,628,630,658,661,667,693,704,710,725
true 1,4,19,24,67,104,151,163,171,214,223,286,297,299,358,367,370,426,437,439,447,511,514,562,570,624,654
true 1,4,5,6,19,20,21,23,24,26,63,64,66,67,69,72,74,150,151,153,156,158,163,279,281,286,426
true 1,4,5,19,20,23,27,63,66,70,75,150,154,159,164,168,282,287,291,294,427,431,434,435,560,561,651
true 1,4,5,19,20,23,63,66,77,78,150,161,162,166,167,284,285,289,290,292,293,429,430,432,433,558,559
true 1,4,6,19,21,25,26,64,68,69,75,152,153,159,165,166,282,288,289,293,428,429,433,435,559,561,651
true 1,4,19,25,27,68,70,72,74,152,154,156,158,165,167,168,279,281,288,290,291,292,428,430,431,432,558
true 1,4,19,24,25,67,68,77,78,151,152,161,162,163,164,165,284,285,286,287,288,294,426,427,428,434,560
true 1,4,6,19,21,26,64,69,73,76,153,157,160,164,167,280,283,287,290,292,294,427,430,432,434,558,560
true 1,4,19,24,27,67,70,73,76,151,154,157,160,163,166,168,280,283,286,289,291,293,426,429,431,433,559
true 1,4,19,72,73,74,75,76,77,78,156,157,158,159,160,161,162,279,280,281,282,283,284,285,435,561,651
true 1,5,6,22,23,24,26,68,70,72,74,155,157,159,161,163,283,285,287,289,428,430,431,432,559,560,651
true 1,5,22,23,27,64,68,69,75,151,155,157,158,162,164,168,279,283,284,286,290,294,428,429,433,435,558
true 1,5,21,22,23,67,68,77,78,153,154,155,156,157,166,167,281,282,283,291,292,293,426,427,428,434,561
true 1,6,22,25,26,63,66,70,75,151,155,156,160,161,165,166,280,281,285,286,290,293,427,431,434,435,558
true 1,22,25,27,63,64,66,67,69,72,74,155,160,162,165,167,168,280,282,284,287,289,292,426,559,560,561
true 1,21,22,24,25,63,66,77,78,153,154,155,158,159,160,163,164,165,279,280,291,294,429,430,432,433,651
true 1,6,20,22,26,67,70,73,76,150,152,155,158,161,164,167,279,282,285,288,292,294,426,429,431,433,561
true 1,20,22,24,27,64,69,73,76,150,152,155,156,159,162,163,166,168,281,284,288,293,427,430,432,434,651
true 1,20,21,22,72,73,74,75,76,77,78,150,151,152,153,154,155,286,287,288,289,290,291,435,558,559,560
true 1,5,6,23,24,26,65,71,72,74,152,154,160,162,163,280,282,284,288,290,291,427,429,433,434,558,561
true 1,5,21,23,27,65,67,71,75,152,153,156,160,161,164,168,280,281,285,288,289,294,426,430,432,435,559
true 1,5,23,64,65,69,70,71,77,78,151,152,158,159,160,166,167,279,280,286,287,288,292,293,431,560,651
true 1,6,20,25,26,65,67,71,75,150,154,157,158,162,165,166,279,283,284,287,291,293,426,430,432,435,560
true 1,20,21,25,27,65,71,72,74,150,151,153,157,159,161,165,167,168,283,285,286,292,427,429,433,434,651
true 1,20,24,25,64,65,69,70,71,77,78,150,156,157,163,164,165,281,282,283,289,290,294,431,558,559,561
true 1,6,26,63,65,66,68,71,73,76,151,154,156,159,162,164,167,281,284,286,289,291,292,294,428,559,651
true 1,21,24,27,63,65,66,68,71,73,76,153,158,161,163,166,168,279,282,285,287,290,293,428,558,560,561
true 1,63,64,65,66,67,68,69,70,71,72,73,74,75,76,77,78,426,427,428,429,430,431,432,433,434,435
true 1,7,28,72,74,111,112,114,164,166,183,184,232,234,236,293,294,323,325,384,386,387,475,477,597,678,716
true 1,4,19,36,99,167,171,209,223,290,292,297,367,430,432,437,446,511,520,558,569,630,653,667,693,710,725
true 1,4,19,105,167,215,222,290,292,303,359,366,370,430,432,443,447,510,514,558,566,570,577,624,654,661,704
true 1,4,19,104,167,214,218,290,292,299,358,362,374,430,432,439,451,506,518,558,562,574,578,628,658,662,705
true 1,5,7,23,25,28,73,76,82,165,178,181,206,314,317,320,351,354,466,469,500,503,505,595,620,622,691
true 1,36,65,71,158,166,210,216,224,279,287,293,300,358,366,439,446,513,519,560,565,573,580,655,663,704,721
true 1,65,71,100,106,158,166,209,214,222,279,287,293,302,369,440,448,512,560,562,569,577,657,664,692,695,706
true 1,37,65,71,99,104,158,166,279,287,293,299,360,368,442,450,510,560,563,571,579,623,629,632,653,661,707
true 1,6,7,26,27,28,40,77,78,112,113,168,233,234,235,321,385,386,471,472,530,597,598,599,678,679,716
true 1,36,65,71,100,106,156,164,281,289,294,302,358,366,439,446,512,559,563,571,579,623,629,632,657,664,704
true 1,37,65,71,156,164,209,214,222,281,289,294,300,360,368,442,450,513,519,559,562,569,577,655,663,707,721
true 1,65,71,99,104,156,164,210,216,224,281,289,294,299,369,440,448,510,559,565,573,580,653,661,692,695,706
false 1,7,28,89,125,195,238,249,260,306,338,346,388,401,411,456,498,508,531,550,568,587,619,626,660,694,709
true 1,6,7,26,27,28,77,78,168,174,309,310,460,461,462,487,591,592,607,608,676,682,683,684,717,718,728
true 1,36,37,65,71,72,74,358,360,366,368,369,427,429,433,434,439,440,442,446,448,450,692,695,704,706,707
true 1,65,71,72,74,209,210,214,216,222,224,427,429,433,434,562,563,565,569,571,573,577,579,580,623,629,632
true 1,65,71,72,74,99,100,104,106,299,300,302,427,429,433,434,510,512,513,519,653,655,657,661,663,664,721
true 1,22,36,100,155,156,166,214,224,281,293,300,360,427,434,442,446,510,519,562,571,580,623,657,661,695,706
true 1,22,99,106,155,156,166,210,222,281,293,302,358,368,369,427,434,439,448,563,573,577,629,653,663,707,721
true 1,22,37,104,155,156,166,209,216,281,293,299,366,427,434,440,450,512,513,565,569,579,632,655,664,692,704
true 1,22,36,106,155,158,164,210,214,279,294,302,368,429,433,440,446,510,513,562,573,579,632,655,661,692,707
true 1,22,37,99,155,158,164,216,222,279,294,300,358,429,433,439,450,512,519,565,571,577,623,653,664,695,706
true 1,22,100,104,155,158,164,209,224,279,294,299,360,366,369,429,433,442,448,563,569,580,629,657,663,704,721
true 1,6,7,26,27,28,77,78,168,308,340,458,459,488,489,588,589,590,609,610,611,674,675,685,686,715,719
true 1,22,36,37,72,74,155,214,216,287,289,369,446,448,450,510,512,559,560,562,563,565,629,661,663,664,721
true 1,22,72,74,99,100,155,222,224,287,289,358,360,439,440,442,513,559,560,577,579,580,632,653,655,657,692
true 1,22,72,74,104,106,155,209,210,287,289,299,300,302,366,368,519,559,560,569,571,573,623,695,704,706,707
true 1,4,19,36,99,166,209,224,289,293,300,368,429,433,440,446,512,519,559,563,569,580,629,653,664,692,707
true 1,4,19,106,166,216,222,289,293,302,360,366,369,429,433,442,448,510,513,559,565,571,577,623,655,661,704
true 1,4,19,37,100,104,166,210,214,289,293,299,358,429,433,439,450,559,562,573,579,632,657,663,695,706,721
true 1,4,19,36,99,106,164,209,216,287,294,302,360,427,434,442,446,560,565,569,579,632,653,663,695,706,721
true 1,4,19,37,100,164,210,222,287,294,300,366,427,434,440,450,510,519,560,563,573,577,629,657,661,692,704
true 1,4,19,104,164,214,224,287,294,299,358,368,369,427,434,439,448,512,513,560,562,571,580,623,655,664,707
true 1,7,28,72,74,164,166,174,175,293,294,310,312,462,464,487,488,490,588,608,610,612,674,684,686,687,715
true 1,4,19,36,37,72,74,99,100,156,158,209,210,279,281,369,446,448,450,513,569,571,573,623,653,655,657
true 1,4,19,72,74,156,158,222,224,279,281,366,368,510,512,577,579,580,632,661,663,664,695,704,706,707,721
true 1,4,19,72,74,104,106,156,158,214,216,279,281,299,300,302,358,360,439,440,442,519,562,563,565,629,692
true 1,29,65,71,158,166,199,202,208,279,287,293,307,313,351,460,468,493,501,560,581,589,595,685,690,714,718
true 1,65,71,80,83,94,97,158,166,279,287,293,314,349,457,492,560,583,591,596,609,617,622,669,675,683,689
true 1,34,65,71,158,166,173,176,182,279,287,293,316,342,348,458,466,495,503,560,607,615,621,671,676,713,719
true 1,29,65,71,156,164,199,202,208,281,289,294,307,313,349,458,466,495,503,559,583,591,596,683,689,713,719
true 1,65,71,80,83,94,97,156,164,281,289,294,316,351,457,492,559,581,589,595,607,615,621,671,676,685,690
true 1,34,65,71,156,164,173,176,182,281,289,294,314,342,348,460,468,493,501,559,609,617,622,669,675,714,718
true 1,7,28,72,74,164,166,293,294,308,309,311,340,341,459,461,463,489,491,590,592,593,611,613,682,717,728
true 1,29,65,71,72,74,199,202,208,307,313,314,316,427,429,433,434,607,609,615,617,621,622,669,671,675,676
true 1,65,71,72,74,80,83,94,97,427,429,433,434,457,458,460,466,468,492,493,495,501,503,713,714,718,719
true 1,34,65,71,72,74,173,176,182,342,348,349,351,427,429,433,434,581,583,589,591,595,596,683,685,689,690
true 1,22,29,94,155,156,166,176,208,281,293,342,351,427,434,457,458,468,501,583,595,607,617,669,676,689,719
true 1,22,83,97,155,156,166,173,199,281,293,313,314,348,349,427,434,460,495,589,596,615,622,671,685,713,718
true 1,22,34,80,155,156,166,182,202,281,293,307,316,427,434,466,492,493,503,581,591,609,621,675,683,690,714
true 1,22,29,94,155,158,164,176,208,279,294,342,349,429,433,457,460,466,503,581,596,609,615,671,675,690,718
true 1,22,83,97,155,158,164,173,199,279,294,313,316,348,351,429,433,458,493,591,595,617,621,669,683,714,719
true 1,22,34,80,155,158,164,182,202,279,294,307,314,429,433,468,492,495,501,583,589,607,622,676,685,689,713
true 1,7,28,72,74,80,164,166,176,199,293,294,313,342,458,460,492,589,591,607,609,675,676,683,685,718,719
true 1,22,29,72,74,94,155,176,208,287,289,314,316,342,457,493,495,559,560,589,591,621,622,683,685,713,714
true 1,22,72,74,83,97,155,173,199,287,289,313,348,466,468,501,503,559,560,581,583,607,609,675,676,689,690
true 1,22,34,72,74,80,155,182,202,287,289,307,349,351,458,460,492,559,560,595,596,615,617,669,671,718,719
true 1,4,19,29,80,166,173,208,289,293,348,351,429,433,468,492,495,501,559,591,595,609,615,671,675,683,713
true 1,4,19,83,97,166,176,202,289,293,307,314,342,349,429,433,458,493,559,581,596,607,622,676,690,714,719
true 1,4,19,34,94,166,182,199,289,293,313,316,429,433,457,460,466,503,559,583,589,617,621,669,685,689,718
true 1,4,19,29,80,164,173,208,287,294,348,349,427,434,466,492,493,503,560,589,596,607,617,669,676,685,714
true 1,4,19,83,97,164,176,202,287,294,307,316,342,351,427,434,460,495,560,583,595,609,621,675,689,713,718
true 1,4,19,34,94,164,182,199,287,294,313,314,427,434,457,458,468,501,560,581,591,615,622,671,683,690,719
true 1,7,24,28,75,163,167,175,292,308,312,340,435,459,460,464,489,490,590,591,607,611,612,676,683,687,718
true 1,4,19,29,72,74,80,156,158,173,208,279,281,314,316,348,458,460,492,581,583,621,622,689,690,718,719
true 1,4,19,72,74,83,97,156,158,176,202,279,281,307,342,466,468,501,503,589,591,615,617,669,671,683,685
true 1,4,19,34,72,74,94,156,158,182,199,279,281,313,349,351,457,493,495,595,596,607,609,675,676,713,714
true 1,5,7,23,25,28,73,76,96,165,180,204,207,316,319,349,352,355,465,468,470,501,504,594,596,621,677
true 1,29,65,71,151,159,167,199,202,208,286,292,307,313,344,352,453,461,469,500,588,594,651,686,717,720,727
true 1,65,71,80,83,94,97,151,159,167,178,204,286,292,457,492,584,592,610,618,651,668,674,677,682,688,691
true 1,34,65,71,151,159,167,173,176,182,286,292,309,317,342,348,465,488,496,504,614,620,651,672,712,715,728
true 1,7,24,28,75,163,167,174,292,310,311,341,435,458,462,463,487,491,589,593,608,609,613,675,684,685,719
true 1,29,65,67,71,75,199,202,204,208,307,309,313,317,426,430,432,435,610,614,618,620,668,672,674,677,728
true 1,65,67,71,75,80,83,94,97,426,430,432,435,453,457,461,465,469,488,492,496,500,504,712,715,717,720
true 1,34,65,67,71,75,173,176,178,182,342,344,348,352,426,430,432,435,584,588,592,594,682,686,688,691,727
true 1,24,29,65,71,163,178,199,202,208,282,290,307,313,465,488,496,504,558,561,584,592,682,688,691,712,715
true 1,24,65,71,80,83,94,97,163,282,290,309,317,344,352,457,492,558,561,588,594,614,620,672,686,727,728
true 1,24,34,65,71,163,173,176,182,204,282,290,342,348,453,461,469,500,558,561,610,618,668,674,677,717,720
true 1,22,29,67,94,155,167,176,208,282,292,309,342,352,426,457,469,488,500,561,584,594,618,668,688,715,728
true 1,22,67,83,97,155,167,173,178,199,204,282,292,313,348,426,461,496,561,588,614,672,677,686,691,712,717
true 1,22,34,67,80,155,167,182,202,282,292,307,317,344,426,453,465,492,504,561,592,610,620,674,682,720,727
true 1,7,24,28,75,80,163,167,176,199,292,309,313,342,435,461,488,492,588,592,610,674,682,686,715,717,728
true 1,22,29,75,94,151,155,176,204,208,286,290,317,342,435,453,457,496,558,588,592,620,677,682,686,712,720
true 1,22,75,83,97,151,155,173,199,286,290,309,313,344,348,435,465,469,500,504,558,584,610,674,688,727,728
true 1,22,34,75,80,151,155,178,182,202,286,290,307,352,435,461,488,492,558,594,614,618,668,672,691,715,717
true 1,22,24,29,94,155,159,163,176,178,208,342,344,430,432,457,461,465,504,610,614,651,672,674,691,717,727
true 1,22,24,83,97,155,159,163,173,199,313,317,348,352,430,432,453,488,592,594,618,620,651,668,682,715,720
true 1,22,24,34,80,155,159,163,182,202,204,307,309,430,432,469,492,496,500,584,588,651,677,686,688,712,728
true 1,4,19,29,80,167,173,208,290,292,348,352,430,432,469,492,496,500,558,592,594,610,614,672,674,682,712
true 1,4,19,83,97,167,176,178,202,204,290,292,307,309,342,344,430,432,453,488,558,677,691,715,720,727,728
true 1,4,19,34,94,167,182,199,290,292,313,317,430,432,457,461,465,504,558,584,588,618,620,668,686,688,717
true 1,5,7,23,25,28,73,76,165,175,309,312,458,461,464,490,589,592,609,612,675,682,685,687,717,719,728
true 1,4,19,29,75,80,159,173,204,208,282,317,344,348,435,461,488,492,561,584,620,651,677,688,715,717,727
true 1,4,19,75,83,97,159,176,202,282,307,342,435,465,469,500,504,561,588,592,614,618,651,668,672,682,686
true 1,4,19,34,75,94,159,178,182,199,282,309,313,352,435,453,457,496,561,594,610,651,674,691,712,720,728
true 1,4,19,24,29,67,80,151,163,173,178,208,286,309,348,426,453,465,492,504,588,618,668,686,691,720,728
true 1,4,19,24,67,83,97,151,163,176,202,286,307,317,342,352,426,461,496,584,594,610,620,674,688,712,717
true 1,4,19,24,34,67,94,151,163,182,199,204,286,313,344,426,457,469,488,500,592,614,672,677,682,715,727
true 1,6,7,26,27,28,77,78,102,168,170,218,219,300,301,369,370,371,447,448,449,519,520,578,579,632,667
true 1,5,7,23,25,28,73,76,165,311,341,460,463,488,491,588,591,593,607,610,613,674,676,683,686,715,718
true 1,6,7,26,27,28,36,77,78,103,104,168,220,221,222,299,372,373,445,446,521,575,576,577,665,666,711
true 1,7,28,72,74,102,103,105,164,166,170,171,219,221,223,293,294,301,303,371,373,374,449,451,575,665,711
true 1,9,65,71,158,166,169,172,211,217,279,287,293,364,372,445,506,514,520,560,567,654,662,667,694,703,709
true 1,65,71,98,101,107,158,166,220,279,287,293,295,298,304,362,370,447,560,568,576,626,631,693,705,710,724
true 1,35,38,65,71,79,158,166,218,279,287,293,361,438,444,508,516,521,560,570,578,624,630,652,660,666,725
true 1,6,7,26,27,28,77,78,168,305,343,453,454,493,494,583,584,585,614,615,616,671,672,688,689,714,720
true 1,9,65,71,156,164,169,172,211,217,281,289,294,362,370,447,508,516,521,559,567,652,660,666,693,705,710
true 1,65,71,98,101,107,156,164,218,281,289,294,295,298,304,364,372,445,559,570,578,624,630,694,703,709,725
true 1,35,38,65,71,79,156,164,220,281,289,294,361,438,444,506,514,520,559,568,576,626,631,654,662,667,724
true 1,9,65,71,72,74,169,172,211,217,218,220,427,429,433,434,567,568,570,576,578,624,626,630,631,724,725
true 1,65,71,72,74,98,101,107,295,298,304,427,429,433,434,506,508,514,516,520,521,652,654,660,662,666,667
true 1,35,38,65,71,72,74,79,361,362,364,370,372,427,429,433,434,438,444,445,447,693,694,703,705,709,710
true 1,9,22,101,155,156,166,172,281,293,295,361,362,372,427,434,444,445,508,520,570,624,631,660,667,705,724
true 1,22,35,107,155,156,166,169,211,220,281,293,304,370,427,434,438,447,506,516,576,630,652,662,694,709,725
true 1,22,38,79,98,155,156,166,217,218,281,293,298,364,427,434,514,521,567,568,578,626,654,666,693,703,710
true 1,6,7,26,27,28,77,78,168,200,344,345,452,495,496,497,581,582,617,618,668,669,670,690,712,713,727
true 1,9,22,101,155,158,164,172,279,294,295,361,364,370,429,433,444,447,506,521,568,626,630,662,666,703,725
true 1,22,35,107,155,158,164,169,211,218,279,294,304,372,429,433,438,445,508,514,578,631,654,660,693,710,724
true 1,22,38,79,98,155,158,164,217,220,279,294,298,362,429,433,516,520,567,570,576,624,652,667,694,705,709
true 1,9,22,72,74,101,155,172,218,220,287,289,295,361,444,514,516,559,560,576,578,652,654,693,694,709,710
true 1,22,35,72,74,107,155,169,211,287,289,304,362,364,438,520,521,559,560,568,570,624,626,666,667,703,705
true 1,22,38,72,74,79,98,155,217,287,289,298,370,372,445,447,506,508,559,560,567,630,631,660,662,724,725
true 1,4,9,19,35,98,166,172,289,293,298,372,429,433,438,445,516,520,559,568,626,630,652,667,693,710,725
true 1,4,19,107,166,217,220,289,293,304,361,364,370,429,433,444,447,508,514,559,567,570,576,624,654,660,703
true 1,4,19,38,79,101,166,169,211,218,289,293,295,362,429,433,506,521,559,578,631,662,666,694,705,709,724
true 1,7,28,72,74,164,166,293,294,305,306,343,344,346,454,456,494,496,498,585,587,616,618,619,668,712,727
true 1,4,9,19,35,98,164,172,287,294,298,370,427,434,438,447,514,521,560,570,624,631,654,666,694,709,724
true 1,4,19,107,164,217,218,287,294,304,361,362,372,427,434,444,445,506,516,560,567,568,578,626,652,662,705
true 1,4,19,38,79,101,164,169,211,220,287,294,295,364,427,434,508,520,560,576,630,660,667,693,703,710,725
true 1,4,9,19,35,72,74,98,156,158,172,218,220,279,281,298,362,364,438,506,508,576,578,660,662,703,705
true 1,4,19,72,74,107,156,158,217,279,281,304,361,444,520,521,567,630,631,666,667,693,694,709,710,724,725
true 1,4,19,38,72,74,79,101,156,158,169,211,279,281,295,370,372,445,447,514,516,568,570,624,626,652,654
true 1,7,28,36,37,72,74,104,106,164,166,222,224,293,294,299,300,302,369,446,448,450,519,577,579,580,632
true 1,7,28,72,74,164,166,200,201,293,294,345,347,452,453,455,497,499,582,584,586,614,670,672,673,688,720
true 1,9,65,71,151,159,167,169,172,211,217,286,292,300,357,365,373,513,519,567,651,655,663,702,708,711,721
true 1,65,71,98,101,107,151,159,167,213,221,286,292,295,298,304,369,440,448,575,627,651,692,695,706,723,726
true 1,35,38,65,71,79,103,151,159,167,286,292,361,438,444,509,517,563,571,579,623,629,632,651,659,665,729
true 1,9,65,67,71,75,169,172,211,213,217,221,426,430,432,435,563,567,571,575,579,623,627,629,632,723,726
true 1,65,67,71,75,98,101,103,107,295,298,300,304,426,430,432,435,509,513,517,519,655,659,663,665,721,729
true 1,35,38,65,67,71,75,79,357,361,365,369,373,426,430,432,435,438,440,444,448,692,695,702,706,708,711
true 1,9,24,65,71,103,163,169,172,211,217,282,290,369,440,448,509,517,558,561,567,659,665,692,695,706,729
true 1,24,65,71,98,101,107,163,282,290,295,298,304,357,365,373,558,561,563,571,579,623,629,632,702,708,711
true 1,24,35,38,65,71,79,163,213,221,282,290,300,361,438,444,513,519,558,561,575,627,655,663,721,723,726
true 1,7,28,72,74,94,164,166,173,202,293,294,307,348,457,493,495,581,583,615,617,669,671,689,690,713,714
true 1,9,22,67,101,155,167,172,213,282,292,295,300,361,373,426,444,509,519,561,571,623,659,695,706,711,723
true 1,22,35,67,107,155,167,169,211,221,282,292,304,357,369,426,438,448,517,561,563,575,629,663,708,721,729
true 1,22,38,67,79,98,103,155,167,217,282,292,298,365,426,440,513,561,567,579,627,632,655,665,692,702,726
true 1,9,22,75,101,151,155,172,221,286,290,295,357,361,435,440,444,513,517,558,575,579,632,655,692,708,729
true 1,22,35,75,103,107,151,155,169,211,286,290,300,304,365,435,438,519,558,571,623,627,665,695,702,706,726
true 1,22,38,75,79,98,151,155,213,217,286,290,298,369,373,435,448,509,558,563,567,629,659,663,711,721,723
true 1,9,22,24,101,103,155,159,163,172,295,361,365,369,430,432,444,448,563,627,629,651,663,665,702,721,726
true 1,22,24,35,107,155,159,163,169,211,213,304,373,430,432,438,440,509,513,579,632,651,655,659,692,711,723
true 1,22,24,38,79,98,155,159,163,217,221,298,300,357,430,432,517,519,567,571,575,623,651,695,706,708,729
true 1,7,24,28,75,163,167,200,292,306,345,346,435,452,456,493,497,498,582,583,587,615,619,670,671,689,714
true 1,4,9,19,35,98,167,172,290,292,298,300,373,430,432,438,440,517,519,558,563,627,629,692,711,726,729
true 1,4,19,107,167,217,221,290,292,304,361,365,369,430,432,444,448,509,513,558,567,571,575,623,655,659,702
true 1,4,19,38,79,101,103,167,169,211,213,290,292,295,357,430,432,558,579,632,663,665,695,706,708,721,723
true 1,4,9,19,35,75,98,159,172,221,282,298,365,435,438,509,561,575,579,632,651,659,663,695,702,706,721
true 1,4,19,75,103,107,159,213,217,282,300,304,357,361,435,440,444,519,561,563,567,629,651,665,692,708,723
true 1,4,19,38,75,79,101,159,169,211,282,295,369,373,435,448,513,517,561,571,623,627,651,655,711,726,729
true 1,4,9,19,24,35,67,98,103,151,163,172,213,286,298,357,369,426,438,448,513,571,623,655,665,708,723
true 1,4,19,24,67,107,151,163,217,286,304,361,373,426,444,517,567,579,627,632,663,695,706,711,721,726,729
true 1,4,19,24,38,67,79,101,151,163,169,211,221,286,295,300,365,426,440,509,519,563,575,629,659,692,702
true 1,7,24,28,75,163,167,201,292,305,343,347,435,454,455,494,495,499,581,585,586,616,617,669,673,690,713
true 1,7,9,28,38,72,74,79,107,164,166,172,218,220,293,294,304,370,372,445,447,520,521,576,578,666,667
true 1,7,24,28,36,75,104,105,163,167,171,218,222,223,292,299,303,370,374,435,446,447,451,520,577,578,667
true 1,7,24,28,37,75,102,106,163,167,170,219,220,224,292,301,302,371,372,435,445,449,450,521,576,580,666
true 1,7,24,28,75,94,163,167,173,202,292,307,344,348,435,453,457,496,584,614,618,668,672,688,712,720,727
true 1,7,9,24,28,38,75,79,103,107,163,167,172,221,292,300,304,369,373,435,448,519,575,579,632,665,711
true 1,35,67,106,154,157,166,222,283,291,293,296,302,357,369,426,438,448,507,516,574,577,628,630,652,708,725
true 1,37,67,104,154,157,166,217,283,291,293,297,299,356,364,426,441,450,511,514,567,579,627,632,654,703,726
true 1,36,67,101,154,157,166,224,283,291,293,295,300,359,362,426,443,446,509,519,572,580,625,631,659,705,724
true 1,35,37,64,69,157,164,222,283,290,294,296,300,359,438,443,450,507,514,519,558,577,627,631,654,724,726
true 1,64,69,104,157,164,217,224,283,290,294,299,356,362,369,441,448,509,516,558,567,574,580,628,652,659,705
true 1,36,64,69,101,106,157,164,283,290,294,295,297,302,357,364,446,511,558,572,579,625,630,632,703,708,725
true 1,5,7,23,25,28,73,76,165,306,346,453,456,495,498,581,584,587,614,617,619,669,672,688,690,713,720
true 1,35,72,74,157,159,161,222,224,283,285,296,297,362,364,438,507,509,511,577,579,580,632,651,659,703,705
true 1,72,74,104,106,157,159,161,217,283,285,299,300,302,356,357,359,441,443,519,567,630,631,651,708,724,725
true 1,36,37,72,74,101,157,159,161,283,285,295,369,446,448,450,514,516,572,574,625,627,628,651,652,654,726
true 1,35,37,64,69,104,152,159,166,288,293,299,359,438,443,450,509,516,572,579,625,630,632,651,652,659,725
true 1,36,64,69,152,159,166,217,224,288,293,296,300,357,364,446,507,514,519,567,574,580,628,651,654,703,708
true 1,64,69,101,106,152,159,166,222,288,293,295,297,302,356,362,369,441,448,511,577,627,631,651,705,724,726
true 1,35,67,104,152,161,164,224,285,288,294,297,299,357,369,426,438,448,511,514,572,580,625,631,654,708,724
true 1,36,67,106,152,161,164,217,285,288,294,296,302,359,362,426,443,446,507,516,567,579,627,632,652,705,726
true 1,37,67,101,152,161,164,222,285,288,294,295,300,356,364,426,441,450,509,519,574,577,628,630,659,703,725
true 1,5,7,23,25,28,73,76,165,201,344,347,455,493,496,499,583,586,615,618,668,671,673,689,712,714,727
true 1,35,72,74,104,106,152,154,288,290,291,299,300,302,362,364,438,519,558,572,574,625,627,628,703,705,726
true 1,36,37,72,74,152,154,217,288,290,291,296,297,369,446,448,450,507,509,511,558,567,630,631,659,724,725
true 1,72,74,101,152,154,222,224,288,290,291,295,356,357,359,441,443,514,516,558,577,579,580,632,652,654,708
true 1,35,36,63,66,161,166,224,285,290,293,297,300,356,438,441,446,511,516,519,558,580,627,630,652,725,726
true 1,63,66,106,161,166,217,222,285,290,293,302,359,364,369,443,448,509,514,558,567,572,577,625,654,659,703
true 1,37,63,66,101,104,161,166,285,290,293,295,296,299,357,362,450,507,558,574,579,628,631,632,705,708,724
true 1,35,36,63,66,106,154,159,164,291,294,302,356,438,441,446,509,514,574,579,628,631,632,651,654,659,724
true 1,37,63,66,154,159,164,217,222,291,294,297,300,357,362,450,511,516,519,567,572,577,625,651,652,705,708
true 1,63,66,101,104,154,159,164,224,291,294,295,296,299,359,364,369,443,448,507,580,627,630,651,703,725,726
true 1,7,28,80,151,176,178,199,282,286,313,317,342,344,430,432,469,492,496,500,561,618,620,668,691,712,727
true 1,35,36,37,63,64,66,67,69,72,74,356,357,359,362,364,369,426,438,441,443,446,448,450,703,705,708
true 1,63,64,66,67,69,72,74,217,222,224,426,567,572,574,577,579,580,625,627,628,630,631,632,724,725,726
true 1,63,64,66,67,69,72,74,101,104,106,295,296,297,299,300,302,426,507,509,511,514,516,519,652,654,659
true 1,5,7,23,25,28,73,76,105,165,171,220,223,300,303,369,372,374,445,448,451,519,521,576,579,632,666
true 1,5,7,23,25,28,37,73,76,103,106,165,218,221,224,302,370,373,447,450,520,575,578,580,665,667,711
true 1,7,28,151,175,200,282,286,312,316,345,349,430,432,452,464,468,490,497,501,561,582,596,612,621,670,687
false 1,7,28,29,34,83,89,97,103,129,182,195,208,221,238,256,273,338,373,388,408,423,531,557,575,665,711
false 1,7,28,36,82,104,117,129,181,194,206,222,239,256,273,299,320,337,354,389,408,423,446,486,505,557,577
false 1,7,28,31,43,90,96,118,129,180,196,207,220,240,256,273,319,355,372,408,423,445,470,521,557,576,666
true 1,7,28,81,151,179,203,282,286,311,318,341,350,430,432,463,491,495,502,561,581,593,613,617,669,690,713
false 1,7,28,36,89,96,104,143,180,195,207,222,238,255,274,299,319,338,355,388,407,424,446,470,531,547,577
false 1,7,28,29,34,83,97,117,143,182,194,208,220,239,255,274,337,372,389,407,424,445,486,521,547,576,666
false 1,7,28,31,43,82,90,103,118,143,181,196,206,221,240,255,274,320,354,373,407,424,505,547,575,665,711
true 1,7,28,156,178,200,281,287,311,317,341,345,429,433,452,463,469,491,497,500,560,582,593,613,620,670,691
false 1,7,28,50,57,82,89,130,144,181,195,206,220,238,257,275,320,338,354,372,388,445,505,521,531,576,666
false 1,7,28,50,57,96,103,117,130,144,180,194,207,221,239,257,275,319,337,355,373,389,470,486,575,665,711
false 1,7,28,37,81,106,119,129,179,192,203,224,241,256,273,302,318,335,350,390,408,423,450,485,502,557,580
true 1,7,28,80,156,176,199,281,287,313,316,342,349,429,433,468,492,495,501,560,581,596,617,621,669,690,713
false 1,7,9,28,38,44,79,107,120,129,172,178,242,256,273,304,317,334,408,423,469,484,500,557,606,620,691
false 1,7,11,28,45,88,105,121,129,171,193,223,256,273,303,316,336,349,374,408,423,451,468,501,557,596,621
false 1,7,9,28,38,79,107,119,143,172,192,241,255,274,304,316,335,349,390,407,424,468,485,501,547,596,621
true 1,7,28,81,156,175,179,203,281,287,312,318,344,350,429,433,464,490,496,502,560,612,618,668,687,712,727
false 1,7,28,44,81,105,120,143,171,179,203,223,242,255,274,303,318,334,350,374,407,424,451,484,502,547,606
false 1,7,11,28,37,45,88,106,121,143,178,193,224,255,274,302,317,336,407,424,450,469,500,547,580,620,691
true 1,3,14,67,138,154,157,166,248,264,267,276,283,291,293,395,398,407,414,422,424,426,536,544,546,548,637
true 1,18,67,133,134,140,143,154,157,166,245,247,255,269,283,291,293,393,402,405,416,419,425,426,543,647,722
true 1,52,62,67,135,137,145,154,157,166,244,250,253,262,271,274,283,291,293,400,421,426,538,541,547,697,701
true 1,7,28,63,66,152,157,175,178,283,288,312,317,464,469,490,495,500,581,612,617,620,669,687,690,691,713
true 1,3,14,64,69,135,140,157,164,245,250,267,274,283,290,294,398,405,414,421,425,536,543,547,558,647,697
true 1,18,64,69,133,134,138,145,157,164,247,253,264,271,283,290,294,393,400,407,419,424,538,544,558,637,701
true 1,52,62,64,69,137,143,157,164,244,248,255,262,269,276,283,290,294,395,402,416,422,541,546,548,558,722
true 1,3,14,72,74,143,145,157,159,161,253,255,267,269,271,283,285,398,400,402,414,416,536,538,651,701,722
true 1,18,72,74,133,134,135,157,159,161,247,248,250,274,276,283,285,393,395,419,421,422,546,547,548,651,697
true 1,52,62,72,74,137,138,140,157,159,161,244,245,262,264,283,285,405,407,424,425,541,543,544,637,647,651
true 1,3,14,64,69,135,140,152,159,166,245,250,262,269,276,288,293,393,400,407,419,424,541,546,651,701,722
true 1,18,64,69,133,137,143,152,159,166,244,248,255,264,271,288,293,398,405,414,421,425,538,544,548,651,697
true 1,52,62,64,69,134,138,145,152,159,166,247,253,267,274,288,293,395,402,416,422,536,543,547,637,647,651
true 1,7,28,63,66,152,157,283,288,311,316,341,344,349,463,468,491,496,501,593,596,613,618,621,668,712,727
true 1,3,14,67,138,152,161,164,248,262,271,274,285,288,294,393,402,405,416,419,425,426,538,541,547,548,637
true 1,18,67,133,135,137,145,152,161,164,244,250,253,269,285,288,294,395,398,407,414,422,424,426,543,647,722
true 1,52,62,67,134,140,143,152,161,164,245,247,255,264,267,276,285,288,294,400,421,426,536,544,546,697,701
true 1,3,14,72,74,143,145,152,154,253,255,262,264,288,290,291,393,395,419,421,422,541,543,544,558,647,697
true 1,18,72,74,133,137,138,140,152,154,244,245,274,276,288,290,291,398,400,402,414,416,546,547,558,637,701
true 1,52,62,72,74,134,135,152,154,247,248,250,267,269,271,288,290,291,405,407,424,425,536,538,548,558,722
true 1,3,14,63,66,134,137,161,166,244,247,271,276,285,290,293,402,407,416,421,424,538,543,546,558,647,697
true 1,18,63,66,133,135,138,143,161,166,250,255,262,267,285,290,293,395,400,405,422,425,536,541,558,637,701
true 1,52,62,63,66,140,145,161,166,245,248,253,264,269,274,285,290,293,393,398,414,419,544,547,548,558,722
true 1,7,28,151,174,201,282,286,310,314,347,351,430,432,455,462,466,487,499,503,561,586,595,608,622,673,684
true 1,3,14,63,66,134,137,154,159,164,244,247,264,269,274,291,294,395,400,405,422,425,544,547,651,701,722
true 1,18,63,66,133,140,145,154,159,164,245,248,253,262,267,291,294,402,407,416,421,424,536,541,548,651,697
true 1,52,62,63,66,135,138,143,154,159,164,250,255,271,276,291,294,393,398,414,419,538,543,546,637,647,651
true 1,3,14,63,64,66,67,69,72,74,134,135,137,138,140,143,145,244,245,247,248,250,253,255,426,548,637
true 1,18,63,64,66,67,69,72,74,133,262,264,267,269,271,274,276,426,536,538,541,543,544,546,547,647,722
true 1,52,62,63,64,66,67,69,72,74,393,395,398,400,402,405,407,414,416,419,421,422,424,425,426,697,701
false 1,7,28,50,57,105,119,130,144,171,178,192,223,241,257,275,303,317,335,374,390,451,469,485,500,620,691
true 1,7,28,94,151,173,202,204,282,286,307,309,348,352,430,432,457,461,465,504,561,592,594,677,682,717,728
false 1,7,28,37,44,50,57,106,120,130,144,224,242,257,275,302,316,334,349,450,468,484,501,580,596,606,621
false 1,7,28,32,46,92,95,122,129,177,198,205,218,243,256,273,315,353,370,408,423,447,467,520,557,578,667
true 1,3,14,63,66,134,137,162,167,244,247,272,277,284,289,292,403,408,415,420,423,537,542,545,559,648,698
true 1,18,55,58,63,66,133,162,167,251,256,262,267,284,289,292,394,399,404,410,536,541,553,556,557,559,638
true 1,52,62,63,66,126,129,141,146,162,167,263,268,273,284,289,292,393,398,414,419,532,549,559,642,645,646
true 1,7,28,95,151,177,205,282,286,306,315,346,353,430,432,456,460,467,498,561,587,591,607,619,676,683,718
true 1,3,14,75,146,157,158,162,256,267,268,272,279,283,284,398,399,403,410,414,415,435,532,536,537,557,646
true 1,18,55,75,129,133,134,157,158,162,247,251,273,277,279,283,284,393,394,419,420,435,545,549,553,645,698
true 1,52,58,62,75,126,137,141,157,158,162,244,262,263,279,283,284,404,408,423,435,541,542,556,638,642,648
true 1,3,14,24,58,129,152,162,163,262,272,273,284,288,393,403,404,415,419,427,434,537,541,549,556,638,645
true 1,18,24,55,133,137,146,152,162,163,244,251,268,284,288,394,398,408,414,423,427,434,532,542,553,646,648
true 1,24,52,62,126,134,141,152,162,163,247,256,263,267,277,284,288,399,410,420,427,434,536,545,557,642,698
true 1,3,14,70,141,152,158,167,251,262,268,277,279,288,292,393,399,408,410,419,423,431,532,541,545,553,642
true 1,18,58,70,126,133,137,152,158,167,244,256,263,272,279,288,292,398,404,414,420,431,537,549,557,645,698
true 1,52,55,62,70,129,134,146,152,158,167,247,267,273,279,288,292,394,403,415,431,536,542,556,638,646,648
true 1,7,28,94,156,173,202,281,287,307,314,348,351,429,433,457,460,466,503,560,591,595,607,622,676,683,718
true 1,3,14,63,66,70,75,134,137,141,146,244,247,251,256,427,431,434,435,549,553,556,557,638,642,645,646
true 1,18,63,66,70,75,126,129,133,262,263,267,268,272,273,277,427,431,434,435,532,536,537,541,542,545,648
true 1,52,55,58,62,63,66,70,75,393,394,398,399,403,404,408,410,414,415,419,420,423,427,431,434,435,698
true 1,3,14,24,58,70,129,141,157,163,251,267,273,283,289,398,404,414,420,431,536,542,553,559,642,648,698
true 1,18,24,70,126,133,134,146,157,163,247,263,272,283,289,393,399,408,410,419,423,431,537,556,559,638,646
true 1,24,52,55,62,70,137,157,163,244,256,262,268,277,283,289,394,403,415,431,532,541,545,549,557,559,645
true 1,3,14,21,55,126,153,157,167,263,267,277,283,292,394,398,408,414,423,427,434,536,545,549,556,638,645
true 1,18,21,58,133,134,141,153,157,167,247,256,268,283,292,393,403,404,415,419,427,434,532,542,557,642,648
true 1,21,52,62,129,137,146,153,157,167,244,251,262,272,273,283,292,399,410,420,427,434,537,541,553,646,698
true 1,7,28,156,174,204,281,287,306,310,346,352,429,433,456,462,465,487,498,504,560,587,594,608,619,677,684
true 1,3,14,21,55,75,126,146,152,153,256,262,263,288,289,393,394,419,420,435,541,542,557,559,646,648,698
true 1,18,21,75,129,133,137,141,152,153,244,273,277,288,289,398,399,403,410,414,415,435,545,556,559,638,642
true 1,21,52,58,62,75,134,152,153,247,251,267,268,272,288,289,404,408,423,435,532,536,537,549,553,559,645
true 1,3,14,21,24,55,58,63,66,126,129,134,137,153,158,163,244,247,263,268,273,279,394,399,404,410,532
true 1,18,21,24,63,66,133,141,146,153,158,163,262,267,279,403,408,415,420,423,536,541,549,642,645,646,698
true 1,21,24,52,62,63,66,153,158,163,251,256,272,277,279,393,398,414,419,537,542,545,553,556,557,638,648
false 1,7,12,28,47,91,102,123,129,170,197,219,256,273,301,314,339,351,371,408,423,449,466,503,557,595,622
true 1,7,28,95,156,177,201,205,281,287,309,315,347,353,429,433,455,461,467,499,560,586,592,673,682,717,728
false 1,2,7,8,13,28,33,48,93,129,204,256,273,300,352,369,408,423,448,465,504,519,557,579,594,632,677
false 1,7,28,32,46,92,102,122,143,170,198,204,219,243,255,274,301,352,371,407,424,449,465,504,547,594,677
false 1,7,12,28,47,91,95,123,143,177,197,205,255,274,300,315,339,353,369,407,424,448,467,519,547,579,632
true 1,11,22,41,88,113,123,155,156,166,187,197,229,281,293,324,328,338,379,388,427,434,474,483,522,599,636
true 1,22,40,47,89,109,121,155,156,166,189,193,227,237,238,281,293,321,330,339,427,434,476,480,528,601,696
true 1,12,22,45,91,108,115,155,156,166,186,195,235,281,293,322,332,336,381,382,427,434,472,482,531,602,633
false 1,2,7,8,13,28,33,48,93,143,218,255,274,314,351,370,407,424,447,466,503,520,547,578,595,622,667
false 1,7,28,32,46,50,57,92,122,130,144,198,243,257,275,300,314,351,369,448,466,503,519,579,595,622,632
false 1,7,12,28,47,50,57,91,123,130,144,197,204,218,257,275,339,352,370,447,465,504,520,578,594,667,677
true 1,7,28,63,66,152,157,201,204,283,288,347,352,455,460,465,499,504,586,591,594,607,673,676,677,683,718
false 1,7,28,37,89,95,106,145,177,195,205,224,238,253,276,302,315,338,353,388,405,425,450,467,531,546,580
false 1,7,9,28,38,79,107,117,145,172,194,239,253,276,304,314,337,351,389,405,425,466,486,503,546,595,622
false 1,7,28,31,43,90,105,118,145,171,196,204,223,240,253,276,303,352,374,405,425,451,465,504,546,594,677
true 1,7,28,82,151,181,206,282,286,308,320,340,354,430,432,459,489,493,505,561,583,590,611,615,671,689,714
false 1,7,9,28,38,58,79,89,107,146,172,195,204,238,277,304,338,352,388,404,465,504,531,545,594,646,677
false 1,7,28,58,95,105,117,146,171,177,194,205,223,239,277,303,315,337,353,374,389,404,451,467,486,545,646
false 1,2,3,7,8,9,13,14,18,28,29,33,34,38,48,52,62,79,83,93,97,107,133,172,182,208,304
true 1,7,28,96,151,180,207,282,286,305,319,343,355,430,432,454,458,470,494,561,585,589,609,616,675,685,719
false 1,7,16,28,59,89,105,128,147,171,195,223,238,254,303,314,338,351,374,388,406,451,466,503,531,595,622
false 1,7,16,28,37,59,106,117,128,147,194,204,224,239,254,302,337,352,389,406,450,465,486,504,580,594,677
false 1,7,28,29,34,83,97,119,145,182,192,208,218,241,253,276,335,370,390,405,425,447,485,520,546,578,667
true 1,7,28,29,34,83,97,151,182,208,282,286,430,432,453,488,561,584,588,610,614,672,674,686,688,715,720
false 1,7,28,44,82,102,120,145,170,181,206,219,242,253,276,301,320,334,354,371,405,425,449,484,505,546,606
false 1,7,11,28,45,88,96,121,145,180,193,207,253,276,300,319,336,355,369,405,425,448,470,519,546,579,632
false 1,7,28,58,96,102,119,146,170,180,192,207,219,241,277,301,319,335,355,371,390,404,449,470,485,545,646
true 1,7,28,82,156,181,206,281,287,305,320,343,354,429,433,454,488,494,505,560,585,588,610,616,674,686,715
false 1,7,28,29,34,44,58,83,97,120,146,182,208,242,277,300,334,369,404,448,484,519,545,579,606,632,646
false 1,7,11,28,45,58,82,88,121,146,181,193,206,218,277,320,336,354,370,404,447,505,520,545,578,646,667
true 1,3,14,64,69,135,140,160,167,245,250,270,277,280,287,292,401,408,411,418,423,533,540,545,560,649,699
true 1,18,54,58,64,69,133,160,167,249,256,264,271,280,287,292,391,397,404,412,538,544,550,555,557,560,640
true 1,52,62,64,69,125,129,139,146,160,167,260,266,273,280,287,292,395,402,416,422,534,551,560,639,644,646
true 1,7,28,96,156,180,207,281,287,308,319,340,355,429,433,453,459,470,489,560,584,590,611,614,672,688,720
true 1,3,14,75,146,156,160,161,256,266,270,271,280,281,285,397,401,402,411,412,416,435,533,534,538,557,646
true 1,18,54,75,129,133,135,156,160,161,249,250,273,277,280,281,285,391,395,418,422,435,545,550,551,644,699
true 1,52,58,62,75,125,139,140,156,160,161,245,260,264,280,281,285,404,408,423,435,540,544,555,639,640,649
true 1,3,14,24,58,129,154,160,163,264,270,273,280,291,395,401,404,411,422,429,433,533,544,551,555,640,644
true 1,18,24,54,133,140,146,154,160,163,245,249,266,280,291,391,402,408,416,423,429,433,534,540,550,646,649
true 1,24,52,62,125,135,139,154,160,163,250,256,260,271,277,280,291,397,412,418,429,433,538,545,557,639,699
true 1,3,14,68,139,154,156,167,249,264,266,277,281,291,292,395,397,408,412,422,423,428,534,544,545,550,639
true 1,18,58,68,125,133,140,154,156,167,245,256,260,270,281,291,292,402,404,416,418,428,533,551,557,644,699
true 1,52,54,62,68,129,135,146,154,156,167,250,271,273,281,291,292,391,401,411,428,538,540,555,640,646,649
true 1,7,28,29,34,83,97,156,182,208,281,287,429,433,458,493,560,583,589,609,615,671,675,685,689,714,719
true 1,3,14,64,68,69,75,135,139,140,146,245,249,250,256,428,429,433,435,550,551,555,557,639,640,644,646
true 1,18,64,68,69,75,125,129,133,260,264,266,270,271,273,277,428,429,433,435,533,534,538,540,544,545,649
true 1,52,54,58,62,64,68,69,75,391,395,397,401,402,404,408,411,412,416,418,422,423,428,429,433,435,699
true 1,3,14,24,58,68,129,139,161,163,249,271,273,285,287,402,404,416,418,428,538,540,550,560,639,649,699
true 1,18,24,68,125,133,135,146,161,163,250,260,270,285,287,395,397,408,412,422,423,428,533,555,560,640,646
true 1,24,52,54,62,68,140,161,163,245,256,264,266,277,285,287,391,401,411,428,534,544,545,551,557,560,644
true 1,3,14,20,54,125,150,161,167,260,271,277,285,292,391,402,408,416,423,429,433,538,545,551,555,640,644
true 1,18,20,58,133,135,139,150,161,167,250,256,266,285,292,395,401,404,411,422,429,433,534,540,557,639,649
true 1,20,52,62,129,140,146,150,161,167,245,249,264,270,273,285,292,397,412,418,429,433,533,544,550,646,699
true 1,7,28,63,66,82,152,157,181,206,283,288,320,354,453,458,505,584,589,609,614,672,675,685,688,719,720
true 1,3,14,20,54,75,125,146,150,154,256,260,264,287,291,391,395,418,422,435,540,544,557,560,646,649,699
true 1,18,20,75,129,133,139,140,150,154,245,273,277,287,291,397,401,402,411,412,416,435,545,555,560,639,640
true 1,20,52,58,62,75,135,150,154,249,250,266,270,271,287,291,404,408,423,435,533,534,538,550,551,560,644
true 1,3,14,20,24,54,58,64,69,125,129,135,140,150,156,163,245,250,260,266,273,281,391,397,404,412,534
true 1,18,20,24,64,69,133,139,146,150,156,163,264,271,281,401,408,411,418,423,538,544,551,639,644,646,699
true 1,20,24,52,62,64,69,150,156,163,249,256,270,277,281,395,402,416,422,533,540,545,550,555,557,640,649
false 1,7,16,28,59,82,119,128,147,181,192,206,241,254,300,320,335,354,369,390,406,448,485,505,519,579,632
true 1,7,28,63,66,96,152,157,180,207,283,288,319,355,470,488,493,583,588,610,615,671,674,686,689,714,715
false 1,7,16,28,44,59,96,120,128,147,180,207,218,242,254,319,334,355,370,406,447,470,484,520,578,606,667
false 1,7,28,32,46,81,92,103,122,145,179,198,203,221,243,253,276,318,350,373,405,425,502,546,575,665,711
true 1,3,14,70,141,151,160,166,251,261,270,276,280,286,293,392,401,407,411,417,424,431,533,539,546,553,642
true 1,18,54,70,126,133,143,151,160,166,249,255,263,272,280,286,293,391,405,413,425,431,537,550,554,641,700
true 1,52,55,62,70,125,139,145,151,160,166,253,260,274,280,286,293,394,403,415,431,535,547,552,639,643,650
true 1,7,28,158,178,201,279,289,308,317,340,347,427,434,455,459,469,489,499,500,559,586,590,611,620,673,691
true 1,3,14,21,55,126,153,160,164,263,270,274,280,294,394,401,405,411,425,430,432,533,547,552,554,641,643
true 1,18,21,54,133,141,145,153,160,164,249,253,261,280,294,391,403,407,415,424,430,432,535,539,550,642,650
true 1,21,52,62,125,139,143,153,160,164,251,255,260,272,276,280,294,392,413,417,430,432,537,546,553,639,700
true 1,3,14,72,74,143,145,160,162,253,255,270,272,280,282,284,401,403,411,413,415,533,535,537,561,650,700
true 1,18,54,55,72,74,133,160,162,249,251,274,276,280,282,284,391,392,394,417,546,547,550,552,553,561,643
true 1,52,62,72,74,125,126,139,141,160,162,260,261,263,280,282,284,405,407,424,425,539,554,561,639,641,642
true 1,3,14,21,55,68,126,139,153,166,249,263,276,282,293,394,407,413,424,428,535,546,550,561,639,650,700
true 1,18,21,68,125,133,141,143,153,166,255,260,270,282,293,392,403,405,415,417,425,428,533,552,561,642,643
true 1,21,52,54,62,68,145,153,166,251,253,261,272,274,282,293,391,401,411,428,537,539,547,553,554,561,641
true 1,7,28,94,158,173,202,279,289,307,316,348,349,427,434,457,458,468,501,559,589,596,609,621,675,685,719
true 1,3,14,68,139,151,162,164,249,261,272,274,284,286,294,392,403,405,415,417,425,428,537,539,547,550,639
true 1,18,55,68,125,133,145,151,162,164,251,253,260,270,284,286,294,394,407,413,424,428,533,553,554,641,700
true 1,52,54,62,68,126,141,143,151,162,164,255,263,276,284,286,294,391,401,411,428,535,546,552,642,643,650
true 1,3,14,68,70,72,74,139,141,143,145,249,251,253,255,428,430,431,432,550,552,553,554,639,641,642,643
true 1,18,68,70,72,74,125,126,133,260,261,263,270,272,274,276,428,430,431,432,533,535,537,539,546,547,650
true 1,52,54,55,62,68,70,72,74,391,392,394,401,403,405,407,411,413,415,417,424,425,428,430,431,432,700
true 1,3,14,20,54,125,150,162,166,260,272,276,284,293,391,403,407,415,424,430,432,537,546,552,554,641,643
true 1,18,20,55,133,139,143,150,162,166,251,255,261,284,293,394,401,405,411,425,430,432,535,539,553,639,650
true 1,20,52,62,126,141,145,150,162,166,249,253,263,270,274,284,293,392,413,417,430,432,533,547,550,642,700
true 1,7,28,81,158,179,203,279,289,306,318,346,350,427,434,456,488,498,502,559,587,588,610,619,674,686,715
true 1,3,14,20,54,70,125,141,150,164,251,260,274,282,294,391,405,413,425,431,535,547,553,561,642,650,700
true 1,18,20,70,126,133,139,145,150,164,253,263,272,282,294,392,401,407,411,417,424,431,537,552,561,639,643
true 1,20,52,55,62,70,143,150,164,249,255,261,270,276,282,294,394,403,415,431,533,539,546,550,554,561,641
true 1,3,14,20,21,54,55,72,74,125,126,143,145,150,151,153,253,255,260,261,263,286,391,392,394,417,539
true 1,18,20,21,72,74,133,139,141,150,151,153,274,276,286,401,403,411,413,415,546,547,554,639,641,642,700
true 1,20,21,52,62,72,74,150,151,153,249,251,270,272,286,405,407,424,425,533,535,537,550,552,553,643,650
false 1,7,12,28,36,47,91,104,123,145,178,197,222,253,276,299,317,339,405,425,446,469,500,546,577,620,691
true 1,7,28,67,94,159,173,178,202,290,307,317,348,426,457,469,488,500,558,588,610,620,651,674,686,691,715
false 1,2,7,8,13,28,33,48,93,145,220,253,276,316,349,372,405,425,445,468,501,521,546,576,596,621,666
false 1,7,28,32,36,46,58,92,104,122,146,198,222,243,277,299,316,349,404,446,468,501,545,577,596,621,646
false 1,7,12,28,47,58,81,91,123,146,179,197,203,220,277,318,339,350,372,404,445,502,521,545,576,646,666
true 1,7,28,67,159,290,306,308,316,340,346,349,426,456,459,468,489,498,501,558,587,590,596,611,619,621,651
false 1,2,7,8,13,28,33,48,58,93,103,146,178,221,277,317,373,404,469,500,545,575,620,646,665,691,711
false 1,7,16,28,32,46,59,92,122,128,147,178,198,220,243,254,317,372,406,445,469,500,521,576,620,666,691
false 1,7,12,16,28,47,59,91,103,123,128,147,197,221,254,316,339,349,373,406,468,501,575,596,621,665,711
true 1,7,28,67,81,159,179,201,203,290,318,347,350,426,455,458,499,502,558,586,589,609,651,673,675,685,719
false 1,7,28,51,60,81,89,132,148,179,195,203,218,238,259,278,318,338,350,370,388,447,502,520,531,578,667
false 1,7,28,51,60,102,117,132,148,170,178,194,219,239,259,278,301,317,337,371,389,449,469,486,500,620,691
false 1,7,28,31,43,51,60,90,118,132,148,196,240,259,278,300,316,349,369,448,468,501,519,579,596,621,632
true 1,7,20,28,68,150,160,178,280,306,317,346,428,456,458,469,498,500,587,589,609,619,620,675,685,691,719
false 1,7,17,28,61,89,102,131,149,170,195,219,238,258,301,316,338,349,371,388,409,449,468,501,531,596,621
false 1,7,17,28,61,81,117,131,149,179,194,203,239,258,300,318,337,350,369,389,409,448,486,502,519,579,632
false 1,7,17,28,31,43,61,90,118,131,149,178,196,218,240,258,317,370,409,447,469,500,520,578,620,667,691
true 1,7,20,28,68,150,160,201,280,316,347,349,428,455,468,488,499,501,586,588,596,610,621,673,674,686,715
false 1,3,7,14,18,28,52,62,89,133,178,195,238,300,317,338,369,388,448,469,500,519,531,579,620,632,691
false 1,3,7,14,18,28,52,62,117,133,194,218,239,316,337,349,370,389,447,468,486,501,520,578,596,621,667
false 1,7,28,51,60,95,103,119,132,148,177,192,205,221,241,259,278,315,335,353,373,390,467,485,575,665,711
true 1,7,28,80,158,176,199,279,289,313,314,342,351,427,434,466,492,493,503,559,583,595,615,622,671,689,714
false 1,7,28,36,44,51,60,104,120,132,148,222,242,259,278,299,314,334,351,446,466,484,503,577,595,606,622
false 1,7,11,28,45,51,60,88,121,132,148,193,204,220,259,278,336,352,372,445,465,504,521,576,594,666,677
false 1,7,17,28,36,61,104,119,131,149,192,204,222,241,258,299,335,352,390,409,446,465,485,504,577,594,677
true 1,7,28,95,158,177,205,279,289,311,315,341,353,427,434,453,463,467,491,559,584,593,613,614,672,688,720
false 1,7,17,28,44,61,95,120,131,149,177,205,220,242,258,315,334,353,372,409,445,467,484,521,576,606,666
false 1,7,11,17,28,45,61,88,103,121,131,149,193,221,258,314,336,351,373,409,466,503,575,595,622,665,711
false 1,3,7,14,18,28,52,62,119,133,192,220,241,314,335,351,372,390,445,466,485,503,521,576,595,622,666
true 1,7,28,67,159,290,305,311,314,341,343,351,426,454,463,466,491,494,503,558,585,593,595,613,616,622,651
false 1,3,7,14,18,28,44,52,62,103,120,133,204,221,242,334,352,373,465,484,504,575,594,606,665,677,711
true 1,6,7,26,27,28,50,57,77,78,129,130,143,144,168,255,256,257,273,274,275,407,408,423,424,547,557
true 1,6,7,16,26,27,28,58,59,77,78,128,145,146,147,168,253,254,276,277,404,405,406,425,545,546,646
true 1,7,28,67,80,159,176,199,204,290,313,342,352,426,453,465,492,504,558,584,594,614,651,672,677,688,720
true 1,35,75,157,158,162,171,218,222,223,279,283,284,296,365,435,438,507,508,512,577,578,660,664,695,702,706
true 1,75,104,105,157,158,162,213,217,279,283,284,299,303,356,360,435,441,442,520,563,567,629,667,694,709,723
true 1,36,75,101,157,158,162,210,279,283,284,295,370,374,435,446,447,451,513,517,568,572,573,625,626,655,729
true 1,24,35,70,157,163,213,222,283,289,296,360,374,431,438,442,451,507,513,520,559,568,577,626,655,667,723
true 1,24,70,104,157,163,171,210,217,223,283,289,299,356,370,431,441,447,508,517,559,567,573,660,695,706,729
true 1,24,36,70,101,105,157,163,218,283,289,295,303,365,431,446,512,559,563,572,578,625,629,664,694,702,709
true 1,21,35,105,153,157,167,210,222,283,292,296,303,370,427,434,438,447,507,517,563,573,577,629,694,709,729
true 1,21,104,153,157,167,217,218,283,292,299,356,365,374,427,434,441,451,512,513,567,568,578,626,655,664,702
true 1,21,36,101,153,157,167,171,213,223,283,292,295,360,427,434,442,446,508,520,572,625,660,667,695,706,723
true 1,7,28,67,95,159,175,177,205,290,312,315,353,426,464,467,490,493,558,583,612,615,651,671,687,689,714
true 1,21,35,75,104,105,152,153,210,288,289,299,303,365,435,438,520,559,568,572,573,625,626,667,695,702,706
true 1,21,36,75,152,153,213,217,288,289,296,370,374,435,446,447,451,507,508,512,559,563,567,629,660,664,723
true 1,21,75,101,152,153,171,218,222,223,288,289,295,356,360,435,441,442,513,517,559,577,578,655,694,709,729
true 1,24,35,104,152,162,163,171,213,223,284,288,299,370,427,434,438,447,512,513,572,625,655,664,694,709,723
true 1,24,36,105,152,162,163,217,218,284,288,296,303,360,427,434,442,446,507,517,567,568,578,626,695,706,729
true 1,24,101,152,162,163,210,222,284,288,295,356,365,374,427,434,441,451,508,520,563,573,577,629,660,667,702
true 1,35,70,104,152,158,167,218,279,288,292,299,360,374,431,438,442,451,508,517,563,572,578,625,629,660,729
true 1,36,70,152,158,167,171,210,217,223,279,288,292,296,365,431,446,507,513,520,567,573,655,667,694,702,709
true 1,70,101,105,152,158,167,213,222,279,288,292,295,303,356,370,431,441,447,512,568,577,626,664,695,706,723
true 1,7,20,28,68,150,160,175,280,312,314,351,428,453,464,466,490,503,584,595,612,614,622,672,687,688,720
true 1,35,36,63,66,70,75,356,360,365,370,374,427,431,434,435,438,441,442,446,447,451,694,695,702,706,709
true 1,63,66,70,75,171,210,213,217,218,222,223,427,431,434,435,563,567,568,572,573,577,578,625,626,629,723
true 1,63,66,70,75,101,104,105,295,296,299,303,427,431,434,435,507,508,512,513,517,520,655,660,664,667,729
true 1,21,24,35,36,63,66,105,153,158,163,210,213,218,279,303,356,438,441,446,508,513,573,578,655,660,723
true 1,21,24,63,66,153,158,163,217,222,279,374,451,512,517,520,567,572,577,625,664,667,694,695,706,709,729
true 1,21,24,63,66,101,104,153,158,163,171,223,279,295,296,299,360,365,370,442,447,507,563,568,626,629,702
true 1,35,36,63,66,162,167,171,223,284,289,292,356,438,441,446,512,517,520,559,563,568,626,629,664,667,729
true 1,63,66,105,162,167,217,222,284,289,292,303,360,365,370,442,447,508,513,559,567,572,577,625,655,660,702
true 1,63,66,101,104,162,167,210,213,218,284,289,292,295,296,299,374,451,507,559,573,578,694,695,706,709,723
true 1,7,20,28,68,150,160,204,280,311,341,352,428,463,465,491,493,504,583,593,594,613,615,671,677,689,714
true 1,7,28,50,51,57,58,60,72,74,130,132,144,146,148,164,166,257,259,275,277,278,293,294,404,545,646
true 1,7,16,17,28,59,61,72,74,128,129,131,147,149,164,166,254,256,258,273,293,294,406,408,409,423,557
true 1,3,7,14,18,28,52,62,72,74,133,143,145,164,166,253,255,274,276,293,294,405,407,424,425,546,547
true 1,7,28,82,158,174,181,206,279,289,310,320,344,354,427,434,462,487,496,505,559,608,618,668,684,712,727
true 1,7,16,24,28,51,59,60,75,128,132,143,147,148,163,167,254,255,259,274,278,292,406,407,424,435,547
true 1,7,17,24,28,50,57,61,75,130,131,144,145,149,163,167,253,257,258,275,276,292,405,409,425,435,546
true 1,3,7,14,18,24,28,52,58,62,75,129,133,146,163,167,256,273,277,292,404,408,423,435,545,557,646
true 1,7,28,96,158,180,200,207,279,289,309,319,345,355,427,434,452,461,470,497,559,582,592,670,682,717,728
true 1,5,7,23,25,28,51,60,73,76,129,132,145,148,165,253,256,259,273,276,278,405,408,423,425,546,557
true 1,5,7,17,23,25,28,58,61,73,76,131,143,146,149,165,255,258,274,277,404,407,409,424,545,547,646
true 1,6,7,26,27,28,31,43,77,78,89,90,117,118,168,194,195,196,238,239,240,337,338,388,389,486,531
true 1,7,28,29,34,83,97,158,182,208,279,289,427,434,460,495,559,581,591,607,617,669,676,683,690,713,718
true 1,2,8,67,112,154,157,166,187,229,232,241,283,291,293,325,328,337,379,387,389,426,475,483,485,522,597
true 1,33,48,67,109,111,119,154,157,166,183,189,192,227,236,239,283,291,293,330,386,426,477,480,486,678,696
true 1,13,67,93,108,114,117,154,157,166,184,186,194,234,283,291,293,323,332,335,381,384,390,426,482,633,716
true 1,2,8,64,69,109,114,157,164,184,189,232,239,283,290,294,328,335,379,386,390,475,482,486,558,633,678
true 1,33,48,64,69,111,117,157,164,183,187,194,227,234,241,283,290,294,325,332,381,387,480,485,522,558,716
true 1,13,64,69,93,108,112,119,157,164,186,192,229,236,283,290,294,323,330,337,384,389,477,483,558,597,696
true 1,2,8,72,74,117,119,157,159,161,192,194,232,234,236,283,285,328,330,332,379,381,475,477,651,696,716
true 1,33,48,72,74,111,112,114,157,159,161,183,184,227,229,283,285,335,337,389,390,480,482,483,597,633,651
true 1,13,72,74,93,108,109,157,159,161,186,187,189,239,241,283,285,323,325,384,386,387,485,486,522,651,678
true 1,7,28,67,82,159,181,200,206,290,320,345,354,426,452,460,497,505,558,582,591,607,651,670,676,683,718
true 1,2,8,64,69,109,114,152,159,166,184,189,227,234,241,288,293,323,330,337,384,389,480,485,651,696,716
true 1,33,48,64,69,108,112,119,152,159,166,186,192,232,239,288,293,325,332,381,387,475,482,486,597,633,651
true 1,13,64,69,93,111,117,152,159,166,183,187,194,229,236,288,293,328,335,379,386,390,477,483,522,651,678
true 1,2,8,67,112,152,161,164,187,227,236,239,285,288,294,323,332,335,381,384,390,426,477,480,486,522,597
true 1,33,48,67,108,114,117,152,161,164,184,186,194,229,232,241,285,288,294,330,386,426,475,483,485,678,696
true 1,13,67,93,109,111,119,152,161,164,183,189,192,234,285,288,294,325,328,337,379,387,389,426,482,633,716
true 1,2,8,72,74,117,119,152,154,192,194,227,229,288,290,291,323,325,384,386,387,480,482,483,558,633,678
true 1,33,48,72,74,108,109,152,154,186,187,189,232,234,236,288,290,291,335,337,389,390,475,477,522,558,716
true 1,13,72,74,93,111,112,114,152,154,183,184,239,241,288,290,291,328,330,332,379,381,485,486,558,597,696
true 1,7,28,67,96,159,174,180,207,290,310,319,355,426,462,470,487,495,558,581,608,617,651,669,684,690,713
true 1,2,8,63,66,108,111,161,166,183,186,236,241,285,290,293,332,337,381,386,389,477,482,485,558,633,678
true 1,33,48,63,66,114,119,161,166,184,187,192,229,234,239,285,290,293,323,328,379,384,483,486,522,558,716
true 1,13,63,66,93,109,112,117,161,166,189,194,227,232,285,290,293,325,330,335,387,390,475,480,558,597,696
true 1,2,8,63,66,108,111,154,159,164,183,186,229,234,239,291,294,325,330,335,387,390,483,486,651,696,716
true 1,33,48,63,66,109,112,117,154,159,164,189,194,236,241,291,294,323,328,379,384,477,482,485,597,633,651
true 1,13,63,66,93,114,119,154,159,164,184,187,192,227,232,291,294,332,337,381,386,389,475,480,522,651,678
true 1,2,8,63,64,66,67,69,72,74,108,109,111,112,114,117,119,183,184,186,187,189,192,194,426,522,597
true 1,33,48,63,64,66,67,69,72,74,323,325,328,330,332,335,337,379,381,384,386,387,389,390,426,678,696
true 1,13,63,64,66,67,69,72,74,93,227,229,232,234,236,239,241,426,475,477,480,482,483,485,486,633,716
true 1,7,28,29,34,67,83,97,159,182,208,290,309,344,426,461,496,558,592,618,651,668,682,712,717,727,728
true 1,6,7,11,26,27,28,44,45,77,78,88,119,120,121,168,192,193,241,242,334,335,336,390,484,485,606
true 1,2,8,63,66,108,111,162,167,183,186,237,242,284,289,292,333,338,380,385,388,476,481,484,559,634,679
true 1,33,48,63,66,86,89,115,120,162,167,228,233,238,284,289,292,323,328,379,384,471,523,559,602,605,606
true 1,13,41,44,63,66,93,162,167,190,195,227,232,284,289,292,324,329,334,375,475,480,527,530,531,559,598
true 1,2,8,75,120,157,158,162,195,232,233,237,279,283,284,328,329,333,375,379,380,435,471,475,476,531,606
true 1,33,44,48,75,86,111,115,157,158,162,183,227,228,279,283,284,334,338,388,435,480,481,530,598,602,634
true 1,13,41,75,89,93,108,157,158,162,186,190,238,242,279,283,284,323,324,384,385,435,484,523,527,605,679
true 1,7,20,28,68,82,150,160,181,206,280,309,320,354,428,461,495,505,581,592,617,669,682,690,713,717,728
true 1,2,8,24,44,89,152,162,163,227,237,238,284,288,323,333,334,380,384,427,434,476,480,523,530,598,605
true 1,24,33,48,86,108,115,152,162,163,186,195,228,232,242,284,288,329,375,385,427,434,475,484,531,602,679
true 1,13,24,41,93,111,120,152,162,163,183,190,233,284,288,324,328,338,379,388,427,434,471,481,527,606,634
true 1,2,8,70,115,152,158,167,190,227,233,242,279,288,292,323,329,338,375,384,388,431,471,480,484,527,602
true 1,33,41,48,70,89,108,120,152,158,167,186,232,238,279,288,292,324,333,380,431,475,481,530,598,606,634
true 1,13,44,70,86,93,111,152,158,167,183,195,228,237,279,288,292,328,334,379,385,431,476,523,531,605,679
true 1,2,8,63,66,70,75,108,111,115,120,183,186,190,195,427,431,434,435,523,527,530,531,598,602,605,606
true 1,33,41,44,48,63,66,70,75,323,324,328,329,333,334,338,375,379,380,384,385,388,427,431,434,435,679
true 1,13,63,66,70,75,86,89,93,227,228,232,233,237,238,242,427,431,434,435,471,475,476,480,481,484,634
true 1,7,20,28,68,96,150,160,180,207,280,319,344,355,428,460,470,496,591,607,618,668,676,683,712,718,727
true 1,2,8,24,44,70,89,115,157,163,190,232,238,283,289,328,334,379,385,431,475,481,527,559,602,634,679
true 1,24,33,41,48,70,111,157,163,183,195,227,233,242,283,289,324,333,380,431,471,480,484,523,531,559,605
true 1,13,24,70,86,93,108,120,157,163,186,228,237,283,289,323,329,338,375,384,388,431,476,530,559,598,606
true 1,2,8,21,41,86,153,157,167,228,232,242,283,292,324,328,338,379,388,427,434,475,484,523,530,598,605
true 1,21,33,48,89,111,120,153,157,167,183,190,227,237,238,283,292,329,375,385,427,434,476,480,527,606,679
true 1,13,21,44,93,108,115,153,157,167,186,195,233,283,292,323,333,334,380,384,427,434,471,481,531,602,634
true 1,2,8,21,41,75,86,120,152,153,195,227,228,288,289,323,324,384,385,435,480,481,531,559,606,634,679
true 1,21,33,44,48,75,108,152,153,186,190,232,233,237,288,289,334,338,388,435,471,475,476,523,527,559,605
true 1,13,21,75,89,93,111,115,152,153,183,238,242,288,289,328,329,333,375,379,380,435,484,530,559,598,602
true 1,7,28,64,69,154,161,174,178,285,291,310,317,462,469,487,493,500,583,608,615,620,671,684,689,691,714
true 1,2,8,21,24,41,44,63,66,86,89,108,111,153,158,163,183,186,228,233,238,279,324,329,334,375,471
true 1,21,24,33,48,63,66,153,158,163,190,195,237,242,279,323,328,379,384,476,481,484,527,530,531,598,634
true 1,13,21,24,63,66,93,115,120,153,158,163,227,232,279,333,338,380,385,388,475,480,523,602,605,606,679
true 1,7,28,31,32,43,44,46,72,74,90,92,118,120,122,164,166,196,198,240,242,243,293,294,334,484,606
true 1,7,11,12,28,45,47,72,74,88,89,91,121,123,164,166,193,195,197,238,293,294,336,338,339,388,531
true 1,7,28,64,69,154,161,285,291,305,309,316,343,349,454,461,468,494,501,585,592,596,616,621,682,717,728
true 1,2,7,8,13,28,33,48,72,74,93,117,119,164,166,192,194,239,241,293,294,335,337,389,390,485,486
true 1,7,11,24,28,32,45,46,75,88,92,117,121,122,163,167,193,194,198,239,243,292,336,337,389,435,486
true 1,7,12,24,28,31,43,47,75,90,91,118,119,123,163,167,192,196,197,240,241,292,335,339,390,435,485
true 1,7,28,64,69,81,154,161,179,203,285,291,318,350,453,460,502,584,591,607,614,672,676,683,688,718,720
true 1,2,8,64,69,109,114,160,167,184,189,235,242,280,287,292,331,338,376,383,388,472,479,484,560,635,680
true 1,33,48,64,69,85,89,113,120,160,167,225,231,238,280,287,292,325,332,381,387,473,525,560,599,604,606
true 1,13,40,44,64,69,93,160,167,188,195,229,236,280,287,292,321,327,334,377,477,483,524,529,531,560,600
true 1,2,8,75,120,156,160,161,195,231,235,236,280,281,285,327,331,332,376,377,381,435,472,473,477,531,606
true 1,33,44,48,75,85,113,114,156,160,161,184,225,229,280,281,285,334,338,388,435,479,483,529,599,600,635
true 1,13,40,75,89,93,109,156,160,161,188,189,238,242,280,281,285,321,325,383,387,435,484,524,525,604,680
true 1,2,8,24,44,89,154,160,163,229,235,238,280,291,325,331,334,376,387,429,433,472,483,525,529,600,604
true 1,24,33,48,85,109,113,154,160,163,189,195,225,236,242,280,291,327,377,383,429,433,477,484,531,599,680
true 1,13,24,40,93,114,120,154,160,163,184,188,231,280,291,321,332,338,381,388,429,433,473,479,524,606,635
true 1,7,21,28,70,153,162,178,284,305,317,343,431,454,460,469,494,500,585,591,607,616,620,676,683,691,718
true 1,2,8,68,113,154,156,167,188,229,231,242,281,291,292,325,327,338,377,387,388,428,473,483,484,524,599
true 1,33,40,48,68,89,109,120,154,156,167,189,236,238,281,291,292,321,331,376,428,477,479,529,600,606,635
true 1,13,44,68,85,93,114,154,156,167,184,195,225,235,281,291,292,332,334,381,383,428,472,525,531,604,680
true 1,2,8,64,68,69,75,109,113,114,120,184,188,189,195,428,429,433,435,524,525,529,531,599,600,604,606
true 1,33,40,44,48,64,68,69,75,321,325,327,331,332,334,338,376,377,381,383,387,388,428,429,433,435,680
true 1,13,64,68,69,75,85,89,93,225,229,231,235,236,238,242,428,429,433,435,472,473,477,479,483,484,635
true 1,2,8,24,44,68,89,113,161,163,188,236,238,285,287,332,334,381,383,428,477,479,524,560,599,635,680
true 1,24,33,40,48,68,114,161,163,184,195,229,231,242,285,287,321,331,376,428,473,483,484,525,531,560,604
true 1,13,24,68,85,93,109,120,161,163,189,225,235,285,287,325,327,338,377,387,388,428,472,529,560,600,606
true 1,7,21,28,70,153,162,174,284,310,316,349,431,453,462,468,487,501,584,596,608,614,621,672,684,688,720
true 1,2,8,20,40,85,150,161,167,225,236,242,285,292,321,332,338,381,388,429,433,477,484,525,529,600,604
true 1,20,33,48,89,114,120,150,161,167,184,188,229,235,238,285,292,327,377,383,429,433,472,483,524,606,680
true 1,13,20,44,93,109,113,150,161,167,189,195,231,285,292,325,331,334,376,387,429,433,473,479,531,599,635
true 1,2,8,20,40,75,85,120,150,154,195,225,229,287,291,321,325,383,387,435,479,483,531,560,606,635,680
true 1,20,33,44,48,75,109,150,154,188,189,231,235,236,287,291,334,338,388,435,472,473,477,524,525,560,604
true 1,13,20,75,89,93,113,114,150,154,184,238,242,287,291,327,331,332,376,377,381,435,484,529,560,599,600
true 1,2,8,20,24,40,44,64,69,85,89,109,114,150,156,163,184,189,225,231,238,281,321,327,334,377,473
true 1,20,24,33,48,64,69,150,156,163,188,195,235,242,281,325,332,381,387,472,479,484,524,529,531,600,635
true 1,13,20,24,64,69,93,113,120,150,156,163,229,236,281,331,338,376,383,388,477,483,525,599,604,606,680
true 1,7,21,28,70,81,153,162,179,203,284,309,318,350,431,461,493,502,583,592,615,671,682,689,714,717,728
true 1,2,7,8,13,24,28,33,44,48,75,89,93,120,163,167,195,238,242,292,334,338,388,435,484,531,606
true 1,2,8,70,115,151,160,166,190,226,235,241,280,286,293,322,331,337,376,382,389,431,472,478,485,527,602
true 1,33,41,48,70,85,113,119,151,160,166,192,225,239,280,286,293,324,333,380,431,474,486,526,599,603,636
true 1,13,40,70,86,93,117,151,160,166,188,194,228,237,280,286,293,321,335,378,390,431,476,524,528,601,681
true 1,2,8,21,41,86,153,160,164,228,235,239,280,294,324,331,335,376,390,430,432,472,486,526,528,601,603
true 1,21,33,48,85,113,117,153,160,164,190,194,225,237,241,280,294,322,378,382,430,432,476,485,527,599,681
true 1,13,21,40,93,115,119,153,160,164,188,192,226,280,294,321,333,337,380,389,430,432,474,478,524,602,636
true 1,4,7,19,22,28,65,71,155,178,309,317,453,461,469,500,584,592,614,620,672,682,688,691,717,720,728
true 1,2,8,72,74,117,119,160,162,192,194,235,237,280,282,284,331,333,376,378,380,472,474,476,561,636,681
true 1,33,48,72,74,85,86,113,115,160,162,225,226,228,280,282,284,335,337,389,390,478,528,561,599,601,602
true 1,13,40,41,72,74,93,160,162,188,190,239,241,280,282,284,321,322,324,382,485,486,524,526,527,561,603
true 1,2,8,21,41,68,86,113,153,166,188,228,241,282,293,324,337,378,389,428,474,485,524,561,599,636,681
true 1,21,33,40,48,68,119,153,166,190,192,226,237,239,282,293,321,331,376,428,476,478,486,527,528,561,601
true 1,13,21,68,85,93,115,117,153,166,194,225,235,282,293,322,333,335,380,382,390,428,472,526,561,602,603
true 1,2,8,68,113,151,162,164,188,226,237,239,284,286,294,322,333,335,380,382,390,428,476,478,486,524,599
true 1,33,40,48,68,86,115,117,151,162,164,194,228,241,284,286,294,321,331,376,428,474,485,526,602,603,636
true 1,13,41,68,85,93,119,151,162,164,190,192,225,235,284,286,294,324,337,378,389,428,472,527,528,601,681
true 1,4,7,19,22,28,65,71,155,316,349,460,468,493,501,583,591,596,607,615,621,671,676,683,689,714,718
true 1,2,8,68,70,72,74,113,115,117,119,188,190,192,194,428,430,431,432,524,526,527,528,599,601,602,603
true 1,33,40,41,48,68,70,72,74,321,322,324,331,333,335,337,376,378,380,382,389,390,428,430,431,432,681
true 1,13,68,70,72,74,85,86,93,225,226,228,235,237,239,241,428,430,431,432,472,474,476,478,485,486,636
true 1,2,8,20,40,85,150,162,166,225,237,241,284,293,321,333,337,380,389,430,432,476,485,526,528,601,603
true 1,20,33,48,86,115,119,150,162,166,188,192,228,235,239,284,293,322,378,382,430,432,472,486,524,602,681
true 1,13,20,41,93,113,117,150,162,166,190,194,226,284,293,324,331,335,376,390,430,432,474,478,527,599,636
true 1,2,8,20,40,70,85,115,150,164,190,225,239,282,294,321,335,378,390,431,474,486,527,561,602,636,681
true 1,20,33,41,48,70,117,150,164,188,194,226,235,241,282,294,324,333,380,431,472,478,485,524,528,561,601
true 1,13,20,70,86,93,113,119,150,164,192,228,237,282,294,322,331,337,376,382,389,431,476,526,561,599,603
true 1,7,28,64,69,154,161,285,291,308,314,340,344,351,459,466,489,496,503,590,595,611,618,622,668,712,727
true 1,2,8,20,21,40,41,72,74,85,86,117,119,150,151,153,192,194,225,226,228,286,321,322,324,382,478
true 1,20,21,33,48,72,74,150,151,153,188,190,235,237,286,335,337,389,390,472,474,476,524,526,527,603,636
true 1,13,20,21,72,74,93,113,115,150,151,153,239,241,286,331,333,376,378,380,485,486,528,599,601,602,681
true 1,5,7,23,25,28,32,46,73,76,89,92,119,122,165,192,195,198,238,241,243,335,338,388,390,485,531
true 1,5,7,12,23,25,28,44,47,73,76,91,117,120,123,165,194,197,239,242,334,337,339,389,484,486,606
true 1,7,28,64,69,154,161,200,204,285,291,345,352,452,458,465,497,504,582,589,594,609,670,675,677,685,719
true 1,5,6,7,23,24,25,26,27,28,72,73,74,75,76,77,78,163,164,165,166,167,168,292,293,294,435
true 1,6,7,26,27,28,77,78,80,168,175,176,199,311,312,313,341,342,463,464,490,491,492,593,612,613,687
true 1,6,7,26,27,28,77,78,94,168,173,201,202,306,307,346,347,348,455,456,457,498,499,586,587,619,673
true 1,7,28,64,69,95,154,161,177,205,285,291,315,353,467,488,495,581,588,610,617,669,674,686,690,713,715
true 1,7,28,64,69,80,82,154,161,176,181,199,201,206,285,291,313,320,342,347,354,455,492,499,505,586,673
true 1,7,28,64,69,94,96,154,161,173,175,180,202,207,285,291,307,312,319,348,355,457,464,470,490,612,687
true 1,7,28,29,34,64,69,83,97,154,161,182,208,285,291,306,311,341,346,456,463,491,498,587,593,613,619
true 1,7,21,28,70,153,162,200,284,314,345,351,431,452,466,488,497,503,582,588,595,610,622,670,674,686,715
true 1,7,21,28,70,82,94,153,162,173,181,202,206,284,307,311,320,341,348,354,431,457,463,491,505,593,613
true 1,7,21,28,70,80,96,153,162,176,180,199,207,284,306,313,319,342,346,355,431,456,470,492,498,587,619
true 1,30,39,44,67,92,115,118,154,157,166,196,235,243,283,291,293,322,334,382,426,472,481,525,602,604,634
true 1,31,41,43,67,87,113,122,154,157,166,198,230,242,283,291,293,324,327,377,426,474,484,523,599,605,636
true 1,32,40,46,67,90,110,120,154,157,166,191,237,240,283,291,293,321,329,375,426,476,479,528,601,606,635
true 1,7,21,28,70,153,162,204,284,308,340,352,431,459,465,489,495,504,581,590,594,611,617,669,677,690,713
true 1,30,32,39,41,46,64,69,118,157,164,196,235,242,283,290,294,324,472,479,484,523,528,558,601,605,635
true 1,31,43,64,69,87,92,113,120,157,164,230,237,243,283,290,294,322,329,375,382,476,525,558,599,604,606
true 1,40,44,64,69,90,110,115,122,157,164,191,198,240,283,290,294,321,327,334,377,474,481,558,602,634,636
true 1,30,39,72,74,118,120,122,157,159,161,196,198,235,237,283,285,327,329,375,377,472,474,476,606,636,651
true 1,31,32,43,44,46,72,74,87,113,115,157,159,161,230,283,285,334,479,481,528,599,601,602,634,635,651
true 1,40,41,72,74,90,92,110,157,159,161,191,240,242,243,283,285,321,322,324,382,484,523,525,604,605,651
true 1,30,32,39,41,46,64,69,90,113,120,152,159,166,240,288,293,324,474,481,525,599,604,606,634,636,651
true 1,40,44,64,69,87,92,118,152,159,166,196,230,237,243,288,293,321,327,334,377,476,523,528,601,605,651
true 1,31,43,64,69,110,115,122,152,159,166,191,198,235,242,288,293,322,329,375,382,472,479,484,602,635,651
true 1,7,21,28,70,95,153,162,177,205,284,315,344,353,431,458,467,496,589,609,618,668,675,685,712,719,727
true 1,30,39,44,67,90,113,122,152,161,164,198,237,240,285,288,294,322,334,382,426,476,479,523,599,605,635
true 1,32,40,46,67,87,115,118,152,161,164,196,230,242,285,288,294,321,329,375,426,474,484,525,602,604,636
true 1,31,41,43,67,92,110,120,152,161,164,191,235,243,285,288,294,324,327,377,426,472,481,528,601,606,634
true 1,30,39,72,74,90,92,113,115,152,154,240,242,243,288,290,291,327,329,375,377,484,528,558,599,601,602
true 1,40,41,72,74,87,118,120,122,152,154,196,198,230,288,290,291,321,322,324,382,479,481,558,606,634,635
true 1,31,32,43,44,46,72,74,110,152,154,191,235,237,288,290,291,334,472,474,476,523,525,558,604,605,636
true 1,30,31,39,40,43,63,66,122,161,166,198,237,242,285,290,293,321,476,481,484,525,528,558,601,604,634
true 1,32,46,63,66,87,90,115,120,161,166,230,235,240,285,290,293,322,327,377,382,472,523,558,602,605,606
true 1,41,44,63,66,92,110,113,118,161,166,191,196,243,285,290,293,324,329,334,375,474,479,558,599,635,636
true 1,4,7,19,22,28,65,71,155,314,351,458,466,495,503,581,589,595,609,617,622,669,675,685,690,713,719
true 1,30,31,39,40,43,63,66,92,115,120,154,159,164,243,291,294,321,474,479,523,602,605,606,635,636,651
true 1,41,44,63,66,87,90,122,154,159,164,198,230,235,240,291,294,324,329,334,375,472,525,528,601,604,651
true 1,32,46,63,66,110,113,118,154,159,164,191,196,237,242,291,294,322,327,377,382,476,481,484,599,634,651
true 1,30,31,32,39,40,41,43,44,46,63,64,66,67,69,72,74,321,322,324,327,329,334,375,377,382,426
true 1,63,64,66,67,69,72,74,87,90,92,230,235,237,240,242,243,426,472,474,476,479,481,484,634,635,636
true 1,63,64,66,67,69,72,74,110,113,115,118,120,122,191,196,198,426,523,525,528,599,601,602,604,605,606
true 1,12,63,66,91,110,113,118,162,167,191,196,226,231,284,289,292,325,330,335,387,390,473,478,559,599,696
true 1,30,31,39,40,43,63,66,123,162,167,197,236,241,284,289,292,321,477,482,485,526,529,559,600,603,633
true 1,47,63,66,87,90,114,119,162,167,184,187,192,230,235,240,284,289,292,339,378,383,472,522,559,680,681
true 1,4,7,19,22,28,65,71,155,204,344,352,465,488,496,504,588,594,610,618,668,674,677,686,712,715,727
true 1,12,40,75,90,91,110,157,158,162,187,191,240,241,279,283,284,321,325,383,387,435,485,522,526,603,680
true 1,30,39,75,118,119,123,157,158,162,192,196,197,231,235,236,279,283,284,330,378,435,472,473,477,681,696
true 1,31,43,47,75,87,113,114,157,158,162,184,226,230,279,283,284,335,339,390,435,478,482,529,599,600,633
true 1,12,24,31,43,91,110,119,152,162,163,191,192,235,284,288,325,378,387,427,434,472,482,529,600,633,681
true 1,24,30,39,90,113,123,152,162,163,187,197,226,236,240,284,288,335,383,390,427,434,477,478,522,599,680
true 1,24,40,47,87,114,118,152,162,163,184,196,230,231,241,284,288,321,330,339,427,434,473,485,526,603,696
true 1,12,40,70,87,91,118,152,158,167,187,196,230,236,279,288,292,321,335,378,390,431,477,522,529,600,681
true 1,31,43,70,110,114,123,152,158,167,184,191,197,226,235,241,279,288,292,330,383,431,472,478,485,680,696
true 1,30,39,47,70,90,113,119,152,158,167,192,231,240,279,288,292,325,339,387,431,473,482,526,599,603,633
true 1,6,7,26,27,28,77,78,168,296,356,440,441,506,507,570,571,572,623,624,625,662,663,692,693,710,721
true 1,12,63,66,70,75,87,90,91,226,230,231,235,236,240,241,427,431,434,435,472,473,477,478,482,485,633
true 1,63,66,70,75,110,113,114,118,119,123,184,187,191,192,196,197,427,431,434,435,522,526,529,599,600,603
true 1,30,31,39,40,43,47,63,66,70,75,321,325,330,335,339,378,383,387,390,427,431,434,435,680,681,696
true 1,12,24,31,43,70,87,91,113,119,157,163,192,230,236,283,289,330,383,431,477,526,559,599,603,680,696
true 1,24,40,70,90,110,114,123,157,163,184,191,197,231,240,283,289,321,335,378,390,431,473,482,559,633,681
true 1,24,30,39,47,70,118,157,163,187,196,226,235,241,283,289,325,339,387,431,472,478,485,522,529,559,600
true 1,12,21,30,39,91,114,118,153,157,167,184,196,235,283,292,335,383,390,427,434,472,482,526,603,633,680
true 1,21,31,43,87,113,123,153,157,167,187,197,230,231,241,283,292,325,378,387,427,434,473,485,522,599,681
true 1,21,40,47,90,110,119,153,157,167,191,192,226,236,240,283,292,321,330,339,427,434,477,478,529,600,696
true 1,6,7,26,27,28,77,78,168,209,357,358,439,508,509,510,568,569,626,627,659,660,661,694,708,709,726
true 1,12,21,30,39,75,90,91,113,114,152,153,184,240,241,288,289,330,378,435,485,529,559,599,600,681,696
true 1,21,40,75,87,118,119,123,152,153,192,196,197,226,230,288,289,321,325,383,387,435,478,482,559,633,680
true 1,21,31,43,47,75,110,152,153,187,191,231,235,236,288,289,335,339,390,435,472,473,477,522,526,559,603
true 1,12,21,24,30,31,39,40,43,63,66,91,114,119,153,158,163,184,187,192,226,231,279,321,473,478,522
true 1,21,24,63,66,87,90,123,153,158,163,197,230,235,240,279,325,330,335,387,390,472,526,529,600,603,696
true 1,21,24,47,63,66,110,113,118,153,158,163,191,196,236,241,279,339,378,383,477,482,485,599,633,680,681
true 1,7,21,28,29,34,70,83,97,153,162,175,182,201,208,284,312,347,431,455,464,490,499,586,612,673,687
true 1,7,28,72,74,164,166,293,294,296,297,356,357,359,441,443,507,509,511,572,574,625,627,628,659,708,726
true 1,4,7,19,22,28,65,71,82,155,175,181,206,306,312,320,346,354,456,464,490,498,505,587,612,619,687
true 1,11,64,69,88,110,115,122,160,167,191,198,226,233,280,287,292,323,330,337,384,389,471,478,560,602,696
true 1,30,32,39,41,46,64,69,121,160,167,193,232,239,280,287,292,324,475,482,486,526,530,560,598,603,633
true 1,45,64,69,87,92,111,117,160,167,183,187,194,230,237,243,280,287,292,336,378,385,476,522,560,679,681
true 1,11,41,75,88,92,110,156,160,161,187,191,239,243,280,281,285,323,324,384,385,435,486,522,526,603,679
true 1,30,39,75,117,121,122,156,160,161,193,194,198,232,233,237,280,281,285,330,378,435,471,475,476,681,696
true 1,32,45,46,75,87,111,115,156,160,161,183,226,230,280,281,285,336,337,389,435,478,482,530,598,602,633
true 1,7,28,72,74,164,166,209,210,293,294,358,360,439,440,442,510,512,569,571,573,623,661,663,664,692,721
true 1,11,24,32,46,88,110,117,154,160,163,191,194,237,280,291,323,378,384,429,433,476,482,530,598,633,681
true 1,24,30,39,92,115,121,154,160,163,187,193,226,232,243,280,291,337,385,389,429,433,475,478,522,602,679
true 1,24,41,45,87,111,122,154,160,163,183,198,230,233,239,280,291,324,330,336,429,433,471,486,526,603,696
true 1,11,41,68,87,88,122,154,156,167,187,198,230,232,281,291,292,324,337,378,389,428,475,522,530,598,681
true 1,32,46,68,110,111,121,154,156,167,183,191,193,226,237,239,281,291,292,330,385,428,476,478,486,679,696
true 1,30,39,45,68,92,115,117,154,156,167,194,233,243,281,291,292,323,336,384,428,471,482,526,602,603,633
true 1,11,64,68,69,75,87,88,92,226,230,232,233,237,239,243,428,429,433,435,471,475,476,478,482,486,633
true 1,64,68,69,75,110,111,115,117,121,122,183,187,191,193,194,198,428,429,433,435,522,526,530,598,602,603
true 1,30,32,39,41,45,46,64,68,69,75,323,324,330,336,337,378,384,385,389,428,429,433,435,679,681,696
true 1,7,28,72,74,98,164,166,169,211,293,294,298,361,444,506,508,568,570,624,626,660,662,693,694,709,710
true 1,11,24,32,46,68,87,88,115,117,161,163,194,230,232,285,287,330,385,428,475,526,560,602,603,679,696
true 1,24,41,68,92,110,111,121,161,163,183,191,193,233,243,285,287,324,337,378,389,428,471,482,560,633,681
true 1,24,30,39,45,68,122,161,163,187,198,226,237,239,285,287,323,336,384,428,476,478,486,522,530,560,598
true 1,11,20,30,39,88,111,122,150,161,167,183,198,237,285,292,337,385,389,429,433,476,482,526,603,633,679
true 1,20,32,46,87,115,121,150,161,167,187,193,230,233,239,285,292,323,378,384,429,433,471,486,522,602,681
true 1,20,41,45,92,110,117,150,161,167,191,194,226,232,243,285,292,324,330,336,429,433,475,478,530,598,696
true 1,11,20,30,39,75,88,92,111,115,150,154,183,239,243,287,291,330,378,435,486,530,560,598,602,681,696
true 1,20,41,75,87,117,121,122,150,154,193,194,198,226,230,287,291,323,324,384,385,435,478,482,560,633,679
true 1,20,32,45,46,75,110,150,154,187,191,232,233,237,287,291,336,337,389,435,471,475,476,522,526,560,603
true 1,7,24,28,75,163,167,209,292,297,358,359,435,439,443,506,510,511,569,570,574,624,628,661,662,693,710
true 1,11,20,24,30,32,39,41,46,64,69,88,111,117,150,156,163,183,187,194,226,233,281,324,471,478,522
true 1,20,24,64,69,87,92,121,150,156,163,193,230,237,243,281,323,330,337,384,389,476,526,530,598,603,696
true 1,20,24,45,64,69,110,115,122,150,156,163,191,198,232,239,281,336,378,385,475,482,486,602,633,679,681
true 1,11,70,88,110,114,123,151,160,166,184,191,197,234,280,286,293,323,329,338,375,384,388,431,479,635,716
true 1,30,39,47,70,89,112,121,151,160,166,193,232,238,280,286,293,325,339,387,431,475,481,525,597,604,634
true 1,12,45,70,87,91,111,151,160,166,183,195,230,236,280,286,293,327,336,377,386,431,477,523,531,605,678
true 1,11,21,47,88,110,112,153,160,164,191,195,236,280,294,323,327,339,377,384,430,432,477,481,531,597,634
true 1,12,21,30,39,91,114,121,153,160,164,184,193,232,280,294,338,386,388,430,432,475,479,523,605,635,678
true 1,21,45,87,89,111,123,153,160,164,183,197,230,234,238,280,294,325,329,336,375,387,430,432,525,604,716
true 1,7,24,28,75,163,167,210,292,296,356,360,435,441,442,507,508,512,568,572,573,625,626,660,664,694,709
true 1,11,12,72,74,88,89,91,110,160,162,191,238,280,282,284,323,325,384,386,387,523,525,561,604,605,678
true 1,30,39,72,74,121,123,160,162,193,195,197,232,234,236,280,282,284,327,329,375,377,475,477,531,561,716
true 1,45,47,72,74,87,111,112,114,160,162,183,184,230,280,282,284,336,338,339,388,479,481,561,597,634,635
true 1,11,21,68,87,88,112,123,153,166,197,230,232,282,293,325,327,338,377,387,388,428,475,523,561,597,605
true 1,21,47,68,89,110,111,121,153,166,183,191,193,236,238,282,293,329,339,375,386,428,477,479,561,635,678
true 1,12,21,30,39,45,68,91,114,153,166,184,195,234,282,293,323,336,384,428,481,525,531,561,604,634,716
true 1,11,47,68,87,88,114,151,162,164,184,195,230,232,284,286,294,329,339,375,386,428,475,525,531,604,678
true 1,12,68,91,110,111,121,151,162,164,183,191,193,234,284,286,294,325,327,338,377,387,388,428,481,634,716
true 1,30,39,45,68,89,112,123,151,162,164,197,236,238,284,286,294,323,336,384,428,477,479,523,597,605,635
true 1,7,24,28,75,98,163,167,169,211,292,298,357,361,435,440,444,509,571,623,627,659,663,692,708,721,726
true 1,11,12,68,70,72,74,87,88,89,91,230,232,234,236,238,428,430,431,432,475,477,479,481,634,635,716
true 1,68,70,72,74,110,111,112,114,121,123,183,184,191,193,195,197,428,430,431,432,523,525,531,597,604,605
true 1,30,39,45,47,68,70,72,74,323,325,327,329,336,338,339,375,377,384,386,387,388,428,430,431,432,678
true 1,11,20,30,39,88,111,123,150,162,166,183,197,236,284,293,338,386,388,430,432,477,481,525,604,634,678
true 1,20,47,87,89,114,121,150,162,166,184,193,230,234,238,284,293,323,327,339,377,384,430,432,523,605,716
true 1,12,20,45,91,110,112,150,162,166,191,195,232,284,293,325,329,336,375,387,430,432,475,479,531,597,635
true 1,11,20,30,39,47,70,88,111,150,164,183,195,234,282,294,325,339,387,431,479,523,531,561,605,635,716
true 1,12,20,70,87,91,112,121,150,164,193,230,236,282,294,323,329,338,375,384,388,431,477,525,561,597,604
true 1,20,45,70,89,110,114,123,150,164,184,191,197,232,238,282,294,327,336,377,386,431,475,481,561,634,678
true 1,5,7,23,25,28,73,76,165,297,359,440,443,508,511,568,571,574,623,626,628,660,663,692,694,709,721
true 1,11,12,20,21,30,39,72,74,88,89,91,111,112,114,150,151,153,183,184,238,286,327,329,375,377,597
true 1,20,21,72,74,87,121,123,150,151,153,193,195,197,230,286,323,325,384,386,387,479,481,531,634,635,678
true 1,20,21,45,47,72,74,110,150,151,153,191,232,234,236,286,336,338,339,388,475,477,523,525,604,605,716
true 1,4,7,19,22,28,65,71,96,155,180,201,207,311,319,341,347,355,455,463,470,491,499,586,593,613,673
true 1,6,7,26,27,28,77,78,98,168,169,210,211,297,298,359,360,361,442,443,444,511,512,573,574,628,664
true 1,5,7,23,25,28,73,76,165,210,357,360,442,506,509,512,570,573,624,627,659,662,664,693,708,710,726
true 1,6,7,26,27,28,35,77,78,100,101,168,215,216,217,295,367,368,437,438,518,565,566,567,657,658,707
true 1,7,28,64,69,98,100,105,154,161,169,171,211,216,223,285,291,298,303,361,368,374,444,451,565,657,707
true 1,7,28,35,37,64,69,101,106,154,161,217,224,285,291,295,297,302,359,438,443,450,511,567,574,580,628
true 1,6,7,26,27,28,77,78,168,212,362,363,436,513,514,515,563,564,629,630,654,655,656,695,705,706,725
true 1,7,9,28,38,64,69,79,107,154,161,172,210,215,285,291,304,360,367,437,442,512,518,566,573,658,664
true 1,7,21,28,35,70,101,105,153,162,171,210,217,223,284,295,303,360,374,431,438,442,451,512,567,573,664
true 1,7,21,28,37,70,98,106,153,162,169,211,215,224,284,298,302,361,367,431,437,444,450,518,566,580,658
true 1,6,7,26,27,28,77,78,99,168,213,214,364,365,366,516,517,562,631,652,653,702,703,704,723,724,729
true 1,7,9,21,28,38,70,79,100,107,153,162,172,216,284,297,304,359,368,431,443,511,565,574,628,657,707
true 1,4,7,19,22,28,65,71,105,155,171,215,223,297,303,359,367,374,437,443,451,511,518,566,574,628,658
true 1,4,7,19,22,28,37,65,71,100,106,155,210,216,224,302,360,368,442,450,512,565,573,580,657,664,707
true 1,7,28,72,74,164,166,212,213,215,293,294,363,365,367,436,437,515,517,518,564,566,656,658,702,723,729
false 1,7,28,29,34,83,86,97,100,126,182,190,208,216,228,251,263,333,368,380,403,415,527,553,565,657,707
false 1,7,28,35,82,101,109,126,181,189,206,217,229,251,263,295,320,332,354,381,403,415,438,483,505,553,567
false 1,7,28,30,39,87,96,110,126,180,191,207,215,230,251,263,319,355,367,403,415,437,470,518,553,566,658
true 1,7,28,72,74,99,100,164,166,214,216,293,294,366,368,513,562,563,565,629,653,655,657,695,704,706,707
false 1,7,28,35,86,96,101,135,180,190,207,217,228,250,264,295,319,333,355,380,402,416,438,470,527,544,567
false 1,7,28,29,34,83,97,109,135,182,189,208,215,229,250,264,332,367,381,402,416,437,483,518,544,566,658
false 1,7,28,30,39,82,87,100,110,135,181,191,206,216,230,250,264,320,354,368,402,416,505,544,565,657,707
true 1,7,28,35,72,74,101,164,166,217,293,294,295,362,364,438,514,516,567,630,631,652,654,703,705,724,725
false 1,7,28,49,53,82,86,127,136,181,190,206,215,228,252,265,320,333,354,367,380,437,505,518,527,566,658
false 1,7,28,49,53,96,100,109,127,136,180,189,207,216,229,252,265,319,332,355,368,381,470,483,565,657,707
false 1,7,28,37,80,106,114,126,176,184,199,224,236,251,263,302,313,325,342,387,403,415,450,477,492,553,580
true 1,7,24,28,75,99,163,167,214,215,292,362,366,367,435,437,514,518,562,566,630,653,654,658,704,705,725
false 1,7,9,28,38,41,79,107,115,126,172,175,237,251,263,304,312,324,403,415,464,476,490,553,602,612,687
false 1,7,10,28,42,84,105,116,126,171,185,223,251,263,303,311,326,341,374,403,415,451,463,491,553,593,613
false 1,7,9,28,38,79,107,114,135,172,184,236,250,264,304,311,325,341,387,402,416,463,477,491,544,593,613
true 1,7,24,28,75,100,163,167,212,216,292,363,364,368,435,436,515,516,564,565,631,652,656,657,703,707,724
false 1,7,28,41,80,105,115,135,171,176,199,223,237,250,264,303,313,324,342,374,402,416,451,476,492,544,602
false 1,7,10,28,37,42,84,106,116,135,175,185,224,250,264,302,312,326,402,416,450,464,490,544,580,612,687
false 1,7,28,49,53,105,114,127,136,171,175,184,223,236,252,265,303,312,325,374,387,451,464,477,490,612,687
true 1,7,24,28,35,75,101,163,167,213,217,292,295,365,435,438,513,517,563,567,629,655,695,702,706,723,729
false 1,7,28,37,41,49,53,106,115,127,136,224,237,252,265,302,311,324,341,450,463,476,491,580,593,602,613
false 1,7,28,32,46,92,94,122,126,173,198,202,210,243,251,263,307,348,360,403,415,442,457,512,553,573,664
false 1,7,12,28,47,91,98,123,126,169,197,211,251,263,298,306,339,346,361,403,415,444,456,498,553,587,619
true 1,5,7,23,25,28,73,76,165,215,364,367,437,513,516,518,563,566,629,631,652,655,658,695,703,706,724
false 1,2,7,8,13,28,33,48,93,126,201,251,263,297,347,359,403,415,443,455,499,511,553,574,586,628,673
true 1,10,44,70,84,92,118,151,160,166,187,196,229,243,280,286,293,328,334,379,385,431,483,522,529,600,679
true 1,31,43,70,109,116,122,151,160,166,185,189,198,227,233,242,280,286,293,330,383,431,471,480,484,680,696
true 1,32,42,46,70,90,108,120,151,160,166,186,231,240,280,286,293,326,332,381,431,473,482,530,598,606,633
true 1,10,21,32,46,84,109,118,153,160,164,189,196,242,280,294,328,379,383,430,432,482,484,530,598,633,680
true 1,21,31,43,92,116,120,153,160,164,185,187,227,231,243,280,294,332,381,385,430,432,473,480,522,606,679
true 1,21,42,44,90,108,122,153,160,164,186,198,229,233,240,280,294,326,330,334,430,432,471,483,529,600,696
true 1,5,7,23,25,28,73,76,100,165,213,216,362,365,368,514,517,565,630,654,657,702,705,707,723,725,729
true 1,10,72,74,84,118,120,122,160,162,196,198,231,233,280,282,284,328,330,332,379,381,471,473,561,606,696
true 1,31,32,43,44,46,72,74,116,160,162,185,227,229,280,282,284,334,480,482,483,529,530,561,598,600,633
true 1,42,72,74,90,92,108,109,160,162,186,187,189,240,242,243,280,282,284,326,383,385,484,522,561,679,680
true 1,10,21,32,46,68,84,90,109,120,153,166,189,227,240,282,293,330,385,428,480,529,561,600,606,679,696
true 1,21,44,68,92,108,116,118,153,166,185,186,196,233,243,282,293,332,334,381,383,428,471,482,561,633,680
true 1,21,31,42,43,68,122,153,166,187,198,229,231,242,282,293,326,328,379,428,473,483,484,522,530,561,598
true 1,10,44,68,84,90,122,151,162,164,187,198,227,240,284,286,294,332,334,381,383,428,480,522,530,598,680
true 1,32,46,68,108,116,118,151,162,164,185,186,196,229,231,242,284,286,294,330,385,428,473,483,484,679,696
true 1,31,42,43,68,92,109,120,151,162,164,189,233,243,284,286,294,326,328,379,428,471,482,529,600,606,633
true 1,7,28,98,151,169,211,213,282,286,298,300,361,365,369,430,432,444,448,517,519,561,579,632,702,723,729
true 1,10,68,70,72,74,84,90,92,227,229,231,233,240,242,243,428,430,431,432,471,473,480,482,483,484,633
true 1,68,70,72,74,108,109,116,118,120,122,185,186,187,189,196,198,428,430,431,432,522,529,530,598,600,606
true 1,31,32,42,43,44,46,68,70,72,74,326,328,330,332,334,379,381,383,385,428,430,431,432,679,680,696
true 1,10,20,31,43,84,108,122,150,162,166,186,198,242,284,293,332,381,385,430,432,482,484,529,600,633,679
true 1,20,32,46,90,116,120,150,162,166,185,187,229,233,240,284,293,328,379,383,430,432,471,483,522,606,680
true 1,20,42,44,92,109,118,150,162,166,189,196,227,231,243,284,293,326,330,334,430,432,473,480,530,598,696
true 1,10,20,31,43,70,84,92,108,120,150,164,186,229,243,282,294,330,383,431,483,530,561,598,606,680,696
true 1,20,44,70,90,109,116,122,150,164,185,189,198,231,240,282,294,328,334,379,385,431,473,482,561,633,679
true 1,20,32,42,46,70,118,150,164,187,196,227,233,242,282,294,326,332,381,431,471,480,484,522,529,561,600
true 1,7,28,99,151,214,218,282,286,297,359,366,370,430,432,443,447,511,520,561,562,574,578,628,653,667,704
true 1,10,20,21,31,32,43,44,46,72,74,84,108,109,150,151,153,186,187,189,231,233,286,334,471,473,522
true 1,20,21,72,74,90,92,116,150,151,153,185,240,242,243,286,328,330,332,379,381,484,529,530,598,600,696
true 1,20,21,42,72,74,118,120,122,150,151,153,196,198,227,229,286,326,383,385,480,482,483,606,633,679,680
false 1,7,28,32,46,92,98,122,135,169,198,201,211,243,250,264,298,347,361,402,416,444,455,499,544,586,673
true 1,10,20,31,43,84,108,123,150,161,167,186,197,241,285,292,333,380,386,429,433,481,485,528,601,634,678
true 1,20,47,86,90,116,119,150,161,167,185,192,228,234,240,285,292,322,328,339,379,382,429,433,523,605,716
true 1,12,20,42,91,112,118,150,161,167,190,196,227,285,292,326,329,335,375,390,429,433,474,480,527,597,636
true 1,7,28,102,151,170,210,219,282,286,301,360,364,371,430,432,442,449,512,516,561,573,631,652,664,703,724
true 1,10,75,84,118,119,123,156,160,161,192,196,197,234,280,281,285,328,329,333,375,379,380,435,474,636,716
true 1,31,43,47,75,86,112,116,156,160,161,185,227,228,280,281,285,335,339,390,435,480,481,528,597,601,634
true 1,12,42,75,90,91,108,156,160,161,186,190,240,241,280,281,285,322,326,382,386,435,485,523,527,605,678
true 1,10,24,68,84,90,112,123,161,163,197,227,240,285,287,322,333,335,380,382,390,428,480,523,560,597,605
true 1,24,47,68,86,108,116,118,161,163,185,186,196,228,241,285,287,329,339,375,386,428,474,485,560,636,678
true 1,12,24,31,42,43,68,91,119,161,163,190,192,234,285,287,326,328,379,428,481,527,528,560,601,634,716
true 1,10,47,68,84,90,119,154,156,167,190,192,227,240,281,291,292,329,339,375,386,428,480,527,528,601,678
true 1,12,68,91,108,116,118,154,156,167,185,186,196,234,281,291,292,322,333,335,380,382,390,428,481,634,716
true 1,31,42,43,68,86,112,123,154,156,167,197,228,241,281,291,292,326,328,379,428,474,485,523,597,605,636
true 1,7,28,99,156,210,214,281,287,300,360,366,369,429,433,442,448,512,519,560,562,573,579,632,653,664,704
true 1,10,20,31,43,47,75,84,108,150,154,186,190,234,287,291,335,339,390,435,474,523,527,560,605,636,716
true 1,12,20,75,90,91,112,116,150,154,185,240,241,287,291,328,329,333,375,379,380,435,485,528,560,597,601
true 1,20,42,75,86,118,119,123,150,154,192,196,197,227,228,287,291,322,326,382,386,435,480,481,560,634,678
true 1,10,24,47,84,112,118,154,160,163,190,196,241,280,291,322,328,339,379,382,429,433,481,485,527,597,634
true 1,12,24,31,43,91,116,119,154,160,163,185,192,227,280,291,333,380,386,429,433,474,480,523,605,636,678
true 1,24,42,86,90,108,123,154,160,163,186,197,228,234,240,280,291,326,329,335,375,390,429,433,528,601,716
true 1,10,12,64,69,84,86,91,118,160,167,196,228,280,287,292,328,335,379,386,390,523,528,560,601,605,678
true 1,31,43,64,69,116,123,160,167,185,190,197,227,234,241,280,287,292,322,329,375,382,480,485,527,560,716
true 1,42,47,64,69,90,108,112,119,160,167,186,192,240,280,287,292,326,333,339,380,474,481,560,597,634,636
true 1,7,28,98,156,169,211,218,281,287,298,361,364,370,429,433,444,447,516,520,560,578,631,652,667,703,724
true 1,10,12,64,68,69,75,84,86,90,91,227,228,234,240,241,428,429,433,435,474,480,481,485,634,636,716
true 1,64,68,69,75,108,112,116,118,119,123,185,186,190,192,196,197,428,429,433,435,523,527,528,597,601,605
true 1,31,42,43,47,64,68,69,75,322,326,328,329,333,335,339,375,379,380,382,386,390,428,429,433,435,678
true 1,10,12,20,24,31,43,64,69,84,86,91,108,112,119,150,156,163,186,192,228,281,322,329,375,382,597
true 1,20,24,64,69,90,116,123,150,156,163,185,190,197,240,281,328,335,379,386,390,474,481,527,634,636,678
true 1,20,24,42,47,64,69,118,150,156,163,196,227,234,241,281,326,333,339,380,480,485,523,528,601,605,716
false 1,7,12,28,47,91,94,123,135,173,197,202,250,264,297,307,339,348,359,402,416,443,457,511,544,574,628
true 1,7,28,102,156,170,213,219,281,287,297,301,359,365,371,429,433,443,449,511,517,560,574,628,702,723,729
false 1,2,7,8,13,28,33,48,93,135,210,250,264,306,346,360,402,416,442,456,498,512,544,573,587,619,664
false 1,7,28,32,46,49,53,92,122,127,136,198,243,252,265,297,306,346,359,443,456,498,511,574,587,619,628
false 1,7,12,28,47,49,53,91,123,127,136,197,201,210,252,265,339,347,360,442,455,499,512,573,586,664,673
true 1,7,28,63,66,152,157,283,288,297,300,359,364,369,443,448,511,516,519,574,579,628,631,632,652,703,724
false 1,7,28,37,86,94,106,140,173,190,202,224,228,245,271,302,307,333,348,380,395,422,450,457,527,538,580
false 1,7,9,28,38,79,107,109,140,172,189,229,245,271,304,306,332,346,381,395,422,456,483,498,538,587,619
false 1,7,28,30,39,87,105,110,140,171,191,201,223,230,245,271,303,347,374,395,422,451,455,499,538,586,673
true 1,7,28,63,66,152,157,210,213,218,283,288,360,365,370,442,447,512,517,520,573,578,664,667,702,723,729
true 1,10,21,32,46,84,109,121,153,157,167,189,193,239,283,292,331,376,386,427,434,479,486,528,601,635,678
true 1,21,45,85,92,116,117,153,157,167,185,194,225,234,243,283,292,322,332,336,381,382,427,434,525,604,716
true 1,11,21,42,88,112,122,153,157,167,188,198,229,283,292,326,327,337,377,389,427,434,474,483,524,597,636
true 1,10,75,84,117,121,122,157,158,162,193,194,198,234,279,283,284,327,331,332,376,377,381,435,474,636,716
true 1,32,45,46,75,85,112,116,157,158,162,185,225,229,279,283,284,336,337,389,435,479,483,528,597,601,635
true 1,11,42,75,88,92,109,157,158,162,188,189,239,243,279,283,284,322,326,382,386,435,486,524,525,604,678
true 1,10,24,70,84,92,112,121,157,163,193,229,243,283,289,322,331,337,376,382,389,431,483,525,559,597,604
true 1,24,45,70,85,109,116,122,157,163,185,189,198,225,239,283,289,327,336,377,386,431,474,486,559,636,678
true 1,11,24,32,42,46,70,88,117,157,163,188,194,234,283,289,326,332,381,431,479,524,528,559,601,635,716
true 1,7,28,100,151,216,220,282,286,296,356,368,372,430,432,441,445,507,521,561,565,572,576,625,657,666,707
true 1,10,45,70,84,92,117,152,158,167,188,194,229,243,279,288,292,327,336,377,386,431,483,524,528,601,678
true 1,11,70,88,109,116,122,152,158,167,185,189,198,234,279,288,292,322,331,337,376,382,389,431,479,635,716
true 1,32,42,46,70,85,112,121,152,158,167,193,225,239,279,288,292,326,332,381,431,474,486,525,597,604,636
true 1,10,21,32,45,46,75,84,109,152,153,188,189,234,288,289,336,337,389,435,474,524,525,559,604,636,716
true 1,11,21,75,88,92,112,116,152,153,185,239,243,288,289,327,331,332,376,377,381,435,486,528,559,597,601
true 1,21,42,75,85,117,121,122,152,153,193,194,198,225,229,288,289,322,326,382,386,435,479,483,559,635,678
true 1,10,24,45,84,112,122,152,162,163,188,198,239,284,288,322,332,336,381,382,427,434,479,486,524,597,635
true 1,11,24,32,46,88,116,117,152,162,163,185,194,229,284,288,331,376,386,427,434,474,483,525,604,636,678
true 1,24,42,85,92,109,121,152,162,163,189,193,225,234,243,284,288,326,327,337,377,389,427,434,528,601,716
true 1,7,28,35,101,103,151,217,221,282,286,295,373,430,432,438,440,561,567,571,575,623,663,665,692,711,721
true 1,10,11,63,66,84,85,88,122,162,167,198,225,284,289,292,332,337,381,386,389,525,528,559,601,604,678
true 1,32,46,63,66,116,121,162,167,185,188,193,229,234,239,284,289,292,322,327,377,382,483,486,524,559,716
true 1,42,45,63,66,92,109,112,117,162,167,189,194,243,284,289,292,326,331,336,376,474,479,559,597,635,636
true 1,10,11,63,66,70,75,84,85,88,92,225,229,234,239,243,427,431,434,435,474,479,483,486,635,636,716
true 1,63,66,70,75,109,112,116,117,121,122,185,188,189,193,194,198,427,431,434,435,524,525,528,597,601,604
true 1,32,42,45,46,63,66,70,75,322,326,327,331,332,336,337,376,377,381,382,386,389,427,431,434,435,678
true 1,10,11,21,24,32,46,63,66,84,85,88,109,112,117,153,158,163,189,194,225,279,322,327,377,382,597
true 1,21,24,63,66,92,116,121,153,158,163,185,188,193,243,279,332,337,381,386,389,474,479,524,635,636,678
true 1,21,24,42,45,63,66,122,153,158,163,198,229,234,239,279,326,331,336,376,483,486,525,528,601,604,716
true 1,7,28,36,104,151,215,222,282,286,299,367,430,432,437,446,506,518,561,566,570,577,624,658,662,693,710
false 1,7,9,28,38,55,79,86,107,141,172,190,201,228,272,304,333,347,380,394,455,499,527,537,586,642,673
true 1,10,47,67,84,89,121,154,157,166,190,193,226,238,283,291,293,331,339,376,385,426,478,527,529,600,679
true 1,12,45,67,85,91,116,154,157,166,185,195,225,233,283,291,293,333,336,380,383,426,471,526,531,603,680
true 1,11,42,67,86,88,123,154,157,166,188,197,228,231,283,291,293,326,338,378,388,426,473,524,530,598,681
true 1,10,12,64,69,84,86,91,121,157,164,193,228,283,290,294,331,338,376,383,388,526,530,558,598,603,680
true 1,45,64,69,85,89,116,123,157,164,185,190,197,225,231,238,283,290,294,336,378,385,473,527,558,679,681
true 1,11,42,47,64,69,88,157,164,188,195,226,233,283,290,294,326,333,339,380,471,478,524,529,531,558,600
true 1,7,28,35,101,156,217,220,281,287,295,372,429,433,438,445,506,521,560,567,570,576,624,662,666,693,710
true 1,10,72,74,84,121,123,157,159,161,193,195,197,231,233,283,285,331,333,376,378,380,471,473,531,651,681
true 1,45,47,72,74,85,86,116,157,159,161,185,225,226,228,283,285,336,338,339,388,478,529,530,598,600,651
true 1,11,12,42,72,74,88,89,91,157,159,161,188,190,238,283,285,326,383,385,524,526,527,603,651,679,680
true 1,10,12,45,64,69,84,86,91,152,159,166,188,195,228,288,293,336,378,385,524,529,531,600,651,679,681
true 1,11,64,69,88,116,123,152,159,166,185,190,197,226,233,288,293,331,338,376,383,388,471,478,527,651,680
true 1,42,47,64,69,85,89,121,152,159,166,193,225,231,238,288,293,326,333,339,380,473,526,530,598,603,651
true 1,10,45,67,84,89,123,152,161,164,188,197,226,238,285,288,294,333,336,380,383,426,478,524,530,598,680
true 1,11,47,67,86,88,116,152,161,164,185,195,228,231,285,288,294,331,339,376,385,426,473,526,531,603,679
true 1,12,42,67,85,91,121,152,161,164,190,193,225,233,285,288,294,326,338,378,388,426,471,527,529,600,681
true 1,7,28,103,156,215,221,281,287,296,356,367,373,429,433,437,441,507,518,560,566,572,575,625,658,665,711
true 1,10,45,47,72,74,84,152,154,188,190,231,233,288,290,291,336,338,339,388,471,473,524,526,527,558,603
true 1,11,12,72,74,88,89,91,116,152,154,185,238,288,290,291,331,333,376,378,380,529,530,558,598,600,681
true 1,42,72,74,85,86,121,123,152,154,193,195,197,225,226,228,288,290,291,326,383,385,478,531,558,679,680
true 1,10,11,63,66,84,85,88,123,161,166,197,225,285,290,293,333,338,380,385,388,526,529,558,600,603,679
true 1,47,63,66,86,89,116,121,161,166,185,188,193,228,233,238,285,290,293,339,378,383,471,524,558,680,681
true 1,12,42,45,63,66,91,161,166,190,195,226,231,285,290,293,326,331,336,376,473,478,527,530,531,558,598
true 1,10,11,47,63,66,84,85,88,154,159,164,190,195,225,291,294,339,378,383,527,530,531,598,651,680,681
true 1,12,63,66,91,116,121,154,159,164,185,188,193,226,231,291,294,333,338,380,385,388,473,478,524,651,679
true 1,42,45,63,66,86,89,123,154,159,164,197,228,233,238,291,294,326,331,336,376,471,526,529,600,603,651
true 1,7,28,36,100,104,156,216,222,281,287,299,368,429,433,440,446,560,565,571,577,623,657,663,692,707,721
true 1,10,11,12,63,64,66,67,69,72,74,84,85,86,88,89,91,225,226,228,231,233,238,426,471,473,478
true 1,63,64,66,67,69,72,74,116,121,123,185,188,190,193,195,197,426,524,526,527,529,530,531,598,600,603
true 1,42,45,47,63,64,66,67,69,72,74,326,331,333,336,338,339,376,378,380,383,385,388,426,679,680,681
false 1,7,28,55,94,105,109,141,171,173,189,202,223,229,272,303,307,332,348,374,381,394,451,457,483,537,642
false 1,7,28,30,37,39,55,87,106,110,141,191,224,230,272,302,306,346,394,450,456,498,537,580,587,619,642
true 1,7,28,63,66,152,157,215,220,283,288,367,372,437,440,445,518,521,566,571,576,623,658,663,666,692,721
false 1,7,15,28,56,86,105,124,142,171,190,223,228,246,303,306,333,346,374,380,396,451,456,498,527,587,619
false 1,7,15,28,37,56,106,109,124,142,189,201,224,229,246,302,332,347,381,396,450,455,483,499,580,586,673
false 1,7,28,29,34,83,97,114,140,182,184,208,210,236,245,271,325,360,387,395,422,442,477,512,538,573,664
true 1,7,28,63,66,100,103,152,157,216,221,283,288,368,373,506,565,570,575,624,657,662,665,693,707,710,711
false 1,7,28,41,82,98,115,140,169,181,206,211,237,245,271,298,320,324,354,361,395,422,444,476,505,538,602
false 1,7,10,28,42,84,96,116,140,180,185,207,245,271,297,319,326,355,359,395,422,443,470,511,538,574,628
false 1,7,28,55,96,98,114,141,169,180,184,207,211,236,272,298,319,325,355,361,387,394,444,470,477,537,642
true 1,7,28,105,151,171,209,223,282,286,303,358,362,374,430,432,439,451,510,514,561,569,630,654,661,705,725
false 1,7,28,29,34,41,55,83,97,115,141,182,208,237,272,297,324,359,394,443,476,511,537,574,602,628,642
false 1,7,10,28,42,55,82,84,116,141,181,185,206,210,272,320,326,354,360,394,442,505,512,537,573,642,664
false 1,7,15,28,56,82,114,124,142,181,184,206,236,246,297,320,325,354,359,387,396,443,477,505,511,574,628
true 1,7,28,37,106,151,212,224,282,286,302,363,430,432,436,450,508,515,561,564,568,580,626,656,660,694,709
false 1,7,15,28,41,56,96,115,124,142,180,207,210,237,246,319,324,355,360,396,442,470,476,512,573,602,664
false 1,7,28,32,46,80,92,100,122,140,176,198,199,216,243,245,271,313,342,368,395,422,492,538,565,657,707
false 1,7,12,28,35,47,91,101,123,140,175,197,217,245,271,295,312,339,395,422,438,464,490,538,567,612,687
true 1,7,9,28,38,79,107,151,172,282,286,304,357,430,432,509,513,561,563,627,629,655,659,695,706,708,726
false 1,2,7,8,13,28,33,48,93,140,215,245,271,311,341,367,395,422,437,463,491,518,538,566,593,613,658
false 1,7,28,32,35,46,55,92,101,122,141,198,217,243,272,295,311,341,394,438,463,491,537,567,593,613,642
false 1,7,12,28,47,55,80,91,123,141,176,197,199,215,272,313,339,342,367,394,437,492,518,537,566,642,658
true 1,7,28,105,156,171,212,223,281,287,303,357,363,374,429,433,436,451,509,515,560,564,627,656,659,708,726
false 1,2,7,8,13,28,33,48,55,93,100,141,175,216,272,312,368,394,464,490,537,565,612,642,657,687,707
false 1,7,15,28,32,46,56,92,122,124,142,175,198,215,243,246,312,367,396,437,464,490,518,566,612,658,687
false 1,7,12,15,28,47,56,91,100,123,124,142,197,216,246,311,339,341,368,396,463,491,565,593,613,657,707
true 1,7,28,37,106,156,209,224,281,287,302,358,429,433,439,450,510,513,560,563,569,580,629,655,661,695,706
false 1,7,28,51,60,80,86,132,148,176,190,199,210,228,259,278,313,333,342,360,380,442,492,512,527,573,664
false 1,7,28,51,60,98,109,132,148,169,175,189,211,229,259,278,298,312,332,361,381,444,464,483,490,612,687
false 1,7,28,30,39,51,60,87,110,132,148,191,230,259,278,297,311,341,359,443,463,491,511,574,593,613,628
true 1,7,9,28,38,79,107,156,172,281,287,304,362,429,433,508,514,560,568,626,630,654,660,694,705,709,725
false 1,7,17,28,61,86,98,131,149,169,190,211,228,258,298,311,333,341,361,380,409,444,463,491,527,593,613
false 1,7,17,28,61,80,109,131,149,176,189,199,229,258,297,313,332,342,359,381,409,443,483,492,511,574,628
false 1,7,17,28,30,39,61,87,110,131,149,175,191,210,230,258,312,360,409,442,464,490,512,573,612,664,687
true 1,7,28,63,66,105,152,157,171,223,283,288,303,374,451,508,513,563,568,626,629,655,660,694,695,706,709
false 1,3,7,14,18,28,52,62,86,133,175,190,228,297,312,333,359,380,443,464,490,511,527,574,612,628,687
false 1,3,7,14,18,28,52,62,109,133,189,210,229,311,332,341,360,381,442,463,483,491,512,573,593,613,664
false 1,7,28,51,60,94,100,114,132,148,173,184,202,216,236,259,278,307,325,348,368,387,457,477,565,657,707
true 1,7,28,37,63,66,106,152,157,224,283,288,302,357,362,450,509,514,580,627,630,654,659,705,708,725,726
false 1,7,28,35,41,51,60,101,115,132,148,217,237,259,278,295,306,324,346,438,456,476,498,567,587,602,619
false 1,7,10,28,42,51,60,84,116,132,148,185,201,215,259,278,326,347,367,437,455,499,518,566,586,658,673
false 1,7,17,28,35,61,101,114,131,149,184,201,217,236,258,295,325,347,387,409,438,455,477,499,567,586,673
true 1,7,28,100,158,209,216,279,289,300,358,368,369,427,434,439,448,510,519,559,565,569,579,632,657,661,707
false 1,7,17,28,41,61,94,115,131,149,173,202,215,237,258,307,324,348,367,409,437,457,476,518,566,602,658
false 1,7,10,17,28,42,61,84,100,116,131,149,185,216,258,306,326,346,368,409,456,498,565,587,619,657,707
false 1,3,7,14,18,28,52,62,114,133,184,215,236,306,325,346,367,387,437,456,477,498,518,566,587,619,658
true 1,7,28,35,101,158,217,218,279,289,295,370,427,434,438,447,508,520,559,567,568,578,626,660,667,694,709
false 1,3,7,14,18,28,41,52,62,100,115,133,201,216,237,324,347,368,455,476,499,565,586,602,657,673,707
true 1,6,7,26,27,28,49,53,77,78,126,127,135,136,168,250,251,252,263,264,265,402,403,415,416,544,553
true 1,6,7,15,26,27,28,55,56,77,78,124,140,141,142,168,245,246,271,272,394,395,396,422,537,538,642
true 1,7,28,102,158,170,215,219,279,289,301,357,367,371,427,434,437,449,509,518,559,566,627,658,659,708,726
true 1,7,28,49,51,53,55,60,64,69,127,132,136,141,148,154,161,252,259,265,272,278,285,291,394,537,642
true 1,7,15,17,28,56,61,64,69,124,126,131,142,149,154,161,246,251,258,263,285,291,396,403,409,415,553
true 1,3,7,14,18,28,52,62,64,69,133,135,140,154,161,245,250,264,271,285,291,395,402,416,422,538,544
true 1,7,28,35,67,101,159,217,290,295,300,357,369,426,438,448,509,519,558,567,579,627,632,651,659,708,726
true 1,7,15,21,28,51,56,60,70,124,132,135,142,148,153,162,246,250,259,264,278,284,396,402,416,431,544
true 1,7,17,21,28,49,53,61,70,127,131,136,140,149,153,162,245,252,258,265,271,284,395,409,422,431,538
true 1,3,7,14,18,21,28,52,55,62,70,126,133,141,153,162,251,263,272,284,394,403,415,431,537,553,642
true 1,7,28,67,159,209,215,218,290,358,367,370,426,437,439,447,510,518,520,558,566,569,578,651,658,661,667
true 1,4,7,19,22,28,51,60,65,71,126,132,140,148,155,245,251,259,263,271,278,395,403,415,422,538,553
true 1,4,7,17,19,22,28,55,61,65,71,131,135,141,149,155,250,258,264,272,394,402,409,416,537,544,642
true 1,6,7,26,27,28,30,39,77,78,86,87,109,110,168,189,190,191,228,229,230,332,333,380,381,483,527
true 1,7,28,67,100,102,159,170,216,219,290,301,368,371,426,449,508,558,565,568,626,651,657,660,694,707,709
true 1,6,7,10,26,27,28,41,42,77,78,84,114,115,116,168,184,185,236,237,324,325,326,387,476,477,602
true 1,49,53,58,67,132,141,144,154,157,166,257,270,278,283,291,293,392,404,417,426,533,542,551,642,644,648
true 1,51,54,60,67,130,136,146,154,157,166,252,272,275,283,291,293,391,399,410,426,537,540,554,641,646,649
true 1,50,55,57,67,127,139,148,154,157,166,259,265,277,283,291,293,394,397,412,426,535,545,549,639,645,650
true 1,49,51,53,55,60,64,69,144,157,164,257,270,277,283,290,294,394,533,540,545,549,554,558,641,645,649
true 1,54,58,64,69,130,136,141,148,157,164,252,259,275,283,290,294,391,397,404,412,535,542,558,642,648,650
true 1,50,57,64,69,127,132,139,146,157,164,265,272,278,283,290,294,392,399,410,417,537,551,558,639,644,646
true 1,7,20,28,68,150,160,215,280,300,367,369,428,437,448,508,518,519,566,568,579,626,632,658,660,694,709
true 1,49,53,72,74,144,146,148,157,159,161,257,259,270,272,283,285,397,399,410,412,533,535,537,646,650,651
true 1,54,55,72,74,130,132,136,157,159,161,252,275,277,278,283,285,391,392,394,417,545,549,551,644,645,651
true 1,50,51,57,58,60,72,74,127,139,141,157,159,161,265,283,285,404,540,542,554,639,641,642,648,649,651
true 1,49,51,53,55,60,64,69,130,139,146,152,159,166,275,288,293,394,535,542,551,639,644,646,648,650,651
true 1,50,57,64,69,136,141,148,152,159,166,252,259,270,277,288,293,392,399,410,417,533,540,545,642,649,651
true 1,54,58,64,69,127,132,144,152,159,166,257,265,272,278,288,293,391,397,404,412,537,549,554,641,645,651
true 1,49,53,58,67,130,139,148,152,161,164,259,272,275,285,288,294,392,404,417,426,537,540,549,639,645,649
true 1,50,55,57,67,132,136,146,152,161,164,252,270,278,285,288,294,394,397,412,426,533,542,554,641,646,648
true 1,51,54,60,67,127,141,144,152,161,164,257,265,277,285,288,294,391,399,410,426,535,545,551,642,644,650
true 1,7,20,28,68,100,150,160,216,218,280,357,368,370,428,447,509,520,565,578,627,657,659,667,707,708,726
true 1,49,53,72,74,130,132,139,141,152,154,275,277,278,288,290,291,397,399,410,412,545,554,558,639,641,642
true 1,50,51,57,58,60,72,74,136,152,154,252,270,272,288,290,291,404,533,535,537,549,551,558,644,645,650
true 1,54,55,72,74,127,144,146,148,152,154,257,259,265,288,290,291,391,392,394,417,540,542,558,646,648,649
true 1,49,50,53,54,57,63,66,148,161,166,259,272,277,285,290,293,391,537,542,545,551,554,558,641,644,648
true 1,55,58,63,66,132,136,139,144,161,166,252,257,278,285,290,293,394,399,404,410,535,540,558,639,649,650
true 1,51,60,63,66,127,130,141,146,161,166,265,270,275,285,290,293,392,397,412,417,533,549,558,642,645,646
true 1,49,50,53,54,57,63,66,132,141,146,154,159,164,278,291,294,391,535,540,549,642,645,646,649,650,651
true 1,51,60,63,66,136,139,144,154,159,164,252,257,272,277,291,294,392,397,412,417,537,542,545,639,648,651
true 1,55,58,63,66,127,130,148,154,159,164,259,265,270,275,291,294,394,399,404,410,533,551,554,641,644,651
true 1,7,28,98,158,169,211,220,279,289,298,361,362,372,427,434,444,445,514,521,559,576,630,654,666,705,725
true 1,49,50,51,53,54,55,57,58,60,63,64,66,67,69,72,74,391,392,394,397,399,404,410,412,417,426
true 1,63,64,66,67,69,72,74,136,139,141,144,146,148,252,257,259,426,549,551,554,639,641,642,644,645,646
true 1,63,64,66,67,69,72,74,127,130,132,265,270,272,275,277,278,426,533,535,537,540,542,545,648,649,650
true 1,17,63,66,131,136,139,144,162,167,252,257,261,266,284,289,292,395,400,405,422,425,534,539,559,639,701
true 1,61,63,66,127,130,140,145,162,167,245,248,253,265,270,275,284,289,292,409,413,418,533,548,559,699,700
true 1,49,50,53,54,57,63,66,149,162,167,258,271,276,284,289,292,391,538,543,546,552,555,559,640,643,647
true 1,17,54,75,130,131,136,157,158,162,248,252,275,276,279,283,284,391,395,418,422,435,546,548,552,643,699
true 1,50,57,61,75,127,139,140,157,158,162,245,261,265,279,283,284,405,409,425,435,539,543,555,639,640,647
true 1,49,53,75,144,145,149,157,158,162,253,257,258,266,270,271,279,283,284,400,413,435,533,534,538,700,701
true 1,7,28,103,158,212,221,279,289,297,359,363,373,427,434,436,443,511,515,559,564,574,575,628,656,665,711
true 1,17,24,50,57,131,136,145,152,162,163,252,253,270,284,288,395,413,422,427,434,533,543,555,640,647,700
true 1,24,54,61,127,140,144,152,162,163,245,257,265,266,276,284,288,391,400,409,427,434,534,546,552,643,701
true 1,24,49,53,130,139,149,152,162,163,248,258,261,271,275,284,288,405,418,425,427,434,538,539,548,639,699
true 1,17,54,70,127,131,144,152,158,167,248,257,265,271,279,288,292,391,405,413,425,431,538,548,555,640,700
true 1,49,53,61,70,130,139,145,152,158,167,253,266,275,279,288,292,395,409,422,431,534,543,552,639,643,647
true 1,50,57,70,136,140,149,152,158,167,245,252,258,261,270,276,279,288,292,400,418,431,533,539,546,699,701
true 1,17,63,66,70,75,127,130,131,261,265,266,270,271,275,276,427,431,434,435,533,534,538,539,543,546,647
true 1,49,50,53,54,57,61,63,66,70,75,391,395,400,405,409,413,418,422,425,427,431,434,435,699,700,701
true 1,63,66,70,75,136,139,140,144,145,149,245,248,252,253,257,258,427,431,434,435,548,552,555,639,640,643
true 1,7,28,36,104,158,210,222,279,289,299,360,427,434,442,446,512,513,559,563,573,577,629,655,664,695,706
true 1,17,24,50,57,70,127,131,139,145,157,163,253,265,271,283,289,400,418,431,538,552,559,639,643,699,701
true 1,24,49,53,61,70,144,157,163,248,257,261,270,276,283,289,395,409,422,431,533,539,546,548,555,559,640
true 1,24,54,70,130,136,140,149,157,163,245,252,258,266,275,283,289,391,405,413,425,431,534,543,559,647,700
true 1,17,21,49,53,131,140,144,153,157,167,245,257,270,283,292,405,418,425,427,434,533,543,552,643,647,699
true 1,21,54,61,130,136,145,153,157,167,252,253,261,271,275,283,292,391,400,409,427,434,538,539,555,640,701
true 1,21,50,57,127,139,149,153,157,167,248,258,265,266,276,283,292,395,413,422,427,434,534,546,548,639,700
true 1,17,21,49,53,75,130,131,139,140,152,153,245,275,276,288,289,400,413,435,546,555,559,639,640,700,701
true 1,21,50,57,61,75,136,152,153,248,252,266,270,271,288,289,405,409,425,435,533,534,538,548,552,559,643
true 1,21,54,75,127,144,145,149,152,153,253,257,258,261,265,288,289,391,395,418,422,435,539,543,559,647,699
true 1,7,28,67,159,210,212,220,290,360,363,372,426,436,442,445,512,515,521,558,564,573,576,651,656,664,666
true 1,17,21,24,49,50,53,54,57,63,66,131,140,145,153,158,163,245,248,253,261,266,279,391,534,539,548
true 1,21,24,61,63,66,136,139,144,153,158,163,252,257,271,276,279,409,413,418,538,543,546,639,647,699,700
true 1,21,24,63,66,127,130,149,153,158,163,258,265,270,275,279,395,400,405,422,425,533,552,555,640,643,701
true 1,7,28,30,32,39,41,46,64,69,87,92,110,115,122,154,161,191,198,230,237,243,285,291,324,476,602
true 1,7,10,12,28,42,47,64,69,84,86,91,116,123,154,161,185,190,197,228,285,291,326,333,339,380,527
true 1,7,28,67,98,103,159,169,211,221,290,298,361,373,426,444,513,558,563,575,629,651,655,665,695,706,711
true 1,2,7,8,13,28,33,48,64,69,93,109,114,154,161,184,189,229,236,285,291,325,332,381,387,477,483
true 1,7,10,21,28,32,42,46,70,84,92,109,116,122,153,162,185,189,198,229,243,284,326,332,381,431,483
true 1,7,12,21,28,30,39,47,70,87,91,110,114,123,153,162,184,191,197,230,236,284,325,339,387,431,477
true 1,7,28,36,67,104,159,222,290,297,299,359,362,426,443,446,511,514,558,574,577,628,630,651,654,705,725
true 1,2,7,8,13,21,28,33,41,48,70,86,93,115,153,162,190,228,237,284,324,333,380,431,476,527,602
true 1,16,64,69,128,136,141,148,160,167,252,259,261,268,280,287,292,393,400,407,419,424,532,539,560,642,701
true 1,59,64,69,127,132,137,143,160,167,244,248,255,265,272,278,280,287,292,406,413,420,537,548,560,698,700
true 1,49,51,53,55,60,64,69,147,160,167,254,267,274,280,287,292,394,536,543,547,552,556,560,638,643,647
true 1,16,55,75,128,132,136,156,160,161,248,252,274,278,280,281,285,393,394,419,420,435,547,548,552,643,698
true 1,51,59,60,75,127,137,141,156,160,161,244,261,265,280,281,285,406,407,424,435,539,543,556,638,642,647
true 1,49,53,75,143,147,148,156,160,161,254,255,259,267,268,272,280,281,285,400,413,435,532,536,537,700,701
true 1,7,20,28,68,150,160,220,280,297,359,372,428,443,445,511,513,521,563,574,576,628,629,655,666,695,706
true 1,16,24,51,60,128,136,143,154,160,163,252,255,272,280,291,393,413,419,429,433,537,543,556,638,647,700
true 1,24,55,59,127,137,148,154,160,163,244,259,265,268,274,280,291,394,400,406,429,433,532,547,552,643,701
true 1,24,49,53,132,141,147,154,160,163,248,254,261,267,278,280,291,407,420,424,429,433,536,539,548,642,698
true 1,16,55,68,127,128,148,154,156,167,248,259,265,267,281,291,292,394,407,413,424,428,536,548,556,638,700
true 1,49,53,59,68,132,141,143,154,156,167,255,268,278,281,291,292,393,406,419,428,532,543,552,642,643,647
true 1,51,60,68,136,137,147,154,156,167,244,252,254,261,272,274,281,291,292,400,420,428,537,539,547,698,701
true 1,16,64,68,69,75,127,128,132,261,265,267,268,272,274,278,428,429,433,435,532,536,537,539,543,547,647
true 1,49,51,53,55,59,60,64,68,69,75,393,394,400,406,407,413,419,420,424,428,429,433,435,698,700,701
true 1,64,68,69,75,136,137,141,143,147,148,244,248,252,254,255,259,428,429,433,435,548,552,556,638,642,643
true 1,7,20,28,68,103,150,160,210,221,280,360,362,373,428,442,512,514,573,575,630,654,664,665,705,711,725
true 1,16,24,51,60,68,127,128,141,143,161,163,255,265,267,285,287,400,420,428,536,552,560,642,643,698,701
true 1,24,49,53,59,68,148,161,163,248,259,261,272,274,285,287,393,406,419,428,537,539,547,548,556,560,638
true 1,24,55,68,132,136,137,147,161,163,244,252,254,268,278,285,287,394,407,413,424,428,532,543,560,647,700
true 1,16,20,49,53,128,137,148,150,161,167,244,259,272,285,292,407,420,424,429,433,537,543,552,643,647,698
true 1,20,55,59,132,136,143,150,161,167,252,255,261,267,278,285,292,394,400,406,429,433,536,539,556,638,701
true 1,20,51,60,127,141,147,150,161,167,248,254,265,268,274,285,292,393,413,419,429,433,532,547,548,642,700
true 1,16,20,49,53,75,128,132,137,141,150,154,244,274,278,287,291,400,413,435,547,556,560,638,642,700,701
true 1,20,51,59,60,75,136,150,154,248,252,267,268,272,287,291,406,407,424,435,532,536,537,548,552,560,643
true 1,20,55,75,127,143,147,148,150,154,254,255,259,261,265,287,291,393,394,419,420,435,539,543,560,647,698
true 1,7,28,105,158,171,213,223,279,289,296,303,356,365,374,427,434,441,451,507,517,559,572,625,702,723,729
true 1,16,20,24,49,51,53,55,60,64,69,128,137,143,150,156,163,244,248,255,261,268,281,394,532,539,548
true 1,20,24,59,64,69,136,141,148,150,156,163,252,259,267,274,281,406,413,420,536,543,547,642,647,698,700
true 1,20,24,64,69,127,132,147,150,156,163,254,265,272,278,281,393,400,407,419,424,537,552,556,638,643,701
true 1,16,70,128,136,140,149,151,160,166,245,252,258,269,280,286,293,393,399,408,410,419,423,431,540,649,722
true 1,17,59,70,127,131,137,151,160,166,244,256,265,271,280,286,293,397,406,412,421,431,538,549,557,645,697
true 1,49,53,61,70,129,138,147,151,160,166,254,267,273,280,286,293,395,409,422,431,536,542,551,637,644,648
true 1,16,21,61,128,136,138,153,160,164,252,256,271,280,294,393,397,409,412,419,430,432,538,542,557,637,648
true 1,21,59,127,129,137,149,153,160,164,244,258,265,269,273,280,294,395,399,406,410,422,430,432,551,644,722
true 1,17,21,49,53,131,140,147,153,160,164,245,254,267,280,294,408,421,423,430,432,536,540,549,645,649,697
true 1,7,28,37,99,106,158,214,224,279,289,302,366,427,434,440,450,559,562,571,580,623,653,663,692,704,721
true 1,16,17,72,74,128,129,131,136,160,162,252,273,280,282,284,393,395,419,421,422,549,551,561,644,645,697
true 1,59,61,72,74,127,137,138,140,160,162,244,245,265,280,282,284,406,408,409,423,540,542,561,637,648,649
true 1,49,53,72,74,147,149,160,162,254,256,258,267,269,271,280,282,284,397,399,410,412,536,538,557,561,722
true 1,16,21,68,127,128,138,149,153,166,258,265,267,282,293,395,397,408,412,422,423,428,536,549,561,637,645
true 1,17,21,49,53,59,68,131,140,153,166,245,256,269,282,293,393,406,419,428,542,551,557,561,644,648,722
true 1,21,61,68,129,136,137,147,153,166,244,252,254,271,273,282,293,399,409,410,421,428,538,540,561,649,697
true 1,16,61,68,127,128,140,151,162,164,245,256,265,267,284,286,294,399,409,410,421,428,536,551,557,644,697
true 1,49,53,59,68,129,138,149,151,162,164,258,271,273,284,286,294,393,406,419,428,538,540,549,637,645,649
true 1,17,68,131,136,137,147,151,162,164,244,252,254,269,284,286,294,395,397,408,412,422,423,428,542,648,722
true 1,7,9,28,38,79,107,158,172,279,289,304,364,427,434,506,516,559,570,624,631,652,662,693,703,710,724
true 1,16,17,68,70,72,74,127,128,129,131,265,267,269,271,273,428,430,431,432,536,538,540,542,648,649,722
true 1,49,53,59,61,68,70,72,74,393,395,397,399,406,408,409,410,412,419,421,422,423,428,430,431,432,697
true 1,68,70,72,74,136,137,138,140,147,149,244,245,252,254,256,258,428,430,431,432,549,551,557,637,644,645
true 1,16,20,49,53,128,137,149,150,162,166,244,258,271,284,293,408,421,423,430,432,538,542,551,644,648,697
true 1,17,20,59,131,136,138,150,162,166,252,256,267,284,293,395,399,406,410,422,430,432,536,540,557,637,649
true 1,20,61,127,129,140,147,150,162,166,245,254,265,269,273,284,293,393,397,409,412,419,430,432,549,645,722
true 1,16,20,49,53,61,70,128,137,150,164,244,256,269,282,294,395,409,422,431,540,549,557,561,645,649,722
true 1,20,59,70,129,136,140,149,150,164,245,252,258,267,273,282,294,397,406,412,421,431,536,542,561,648,697
true 1,17,20,70,127,131,138,147,150,164,254,265,271,282,294,393,399,408,410,419,423,431,538,551,561,637,644
true 1,7,28,67,99,105,159,171,214,223,290,303,366,374,426,451,506,558,562,570,624,651,653,662,693,704,710
true 1,16,17,20,21,49,53,72,74,128,129,131,137,138,140,150,151,153,244,245,273,286,397,399,410,412,637
true 1,20,21,59,61,72,74,136,150,151,153,252,267,269,271,286,406,408,409,423,536,538,549,551,644,645,722
true 1,20,21,72,74,127,147,149,150,151,153,254,256,258,265,286,393,395,419,421,422,540,542,557,648,649,697
true 1,4,7,19,22,28,32,46,65,71,86,92,114,122,155,184,190,198,228,236,243,325,333,380,387,477,527
true 1,4,7,12,19,22,28,41,47,65,71,91,109,115,123,155,189,197,229,237,324,332,339,381,476,483,602
true 1,7,28,37,67,106,159,224,290,296,302,356,364,426,441,450,507,516,558,572,580,625,631,651,652,703,724
true 1,4,6,7,19,21,22,26,27,28,64,65,69,70,71,77,78,153,154,155,161,162,168,284,285,291,431
true 1,6,7,26,27,28,29,34,77,78,82,83,96,97,168,180,181,182,206,207,208,319,320,354,355,470,505
true 1,6,7,9,26,27,28,37,38,77,78,79,105,106,107,168,171,172,223,224,302,303,304,374,450,451,580
true 1,7,9,28,38,67,79,107,159,172,213,290,304,365,426,440,517,558,571,623,651,663,692,702,721,723,729
false 1,7,28,29,32,34,37,46,51,60,83,92,97,106,122,132,148,182,198,208,224,243,259,278,302,450,580
false 1,7,9,12,28,38,47,51,60,79,82,91,107,123,132,148,172,181,197,206,259,278,304,320,339,354,505
false 1,2,7,8,13,28,33,48,51,60,93,96,105,132,148,171,180,207,223,259,278,303,319,355,374,451,470
true 1,7,20,28,68,105,150,160,171,223,280,303,364,374,428,440,451,516,571,623,631,652,663,692,703,721,724
false 1,7,9,17,28,32,38,46,61,79,92,96,107,122,131,149,172,180,198,207,243,258,304,319,355,409,470
false 1,7,12,17,28,29,34,47,61,83,91,97,105,123,131,149,171,182,197,208,223,258,303,339,374,409,451
false 1,2,7,8,13,17,28,33,37,48,61,82,93,106,131,149,181,206,224,258,302,320,354,409,450,505,580
true 1,7,20,28,37,68,106,150,160,213,224,280,302,365,428,450,506,517,570,580,624,662,693,702,710,723,729
false 1,3,7,14,18,28,32,46,52,62,82,92,105,122,133,171,181,198,206,223,243,303,320,354,374,451,505
false 1,3,7,12,14,18,28,37,47,52,62,91,96,106,123,133,180,197,207,224,302,319,339,355,450,470,580
true 1,3,6,7,14,17,18,26,27,28,51,52,60,61,62,77,78,131,132,133,148,149,168,258,259,278,409
true 1,7,28,64,69,154,161,285,291,296,300,356,362,369,441,448,507,514,519,572,579,625,630,632,654,705,725
true 1,2,6,7,8,12,13,26,27,28,32,33,46,47,48,77,78,91,92,93,122,123,168,197,198,243,339
true 1,5,7,23,25,28,73,76,80,165,174,176,199,308,310,313,340,342,459,462,487,489,492,590,608,611,684
true 1,5,7,23,25,28,73,76,94,165,173,200,202,305,307,343,345,348,452,454,457,494,497,582,585,616,670
true 1,7,28,64,69,154,161,212,218,285,291,363,370,436,440,447,515,520,564,571,578,623,656,663,667,692,721
true 1,67,99,105,154,157,166,169,211,221,283,291,293,303,368,371,426,449,506,563,575,629,653,662,694,707,709
true 1,67,98,103,154,157,166,170,216,219,283,291,293,298,366,374,426,451,513,565,568,626,655,665,693,704,710
true 1,67,100,102,154,157,166,171,214,223,283,291,293,301,361,373,426,444,508,562,570,624,657,660,695,706,711
true 1,64,69,99,103,157,164,169,171,211,216,223,283,290,294,371,449,508,558,565,653,660,665,693,695,706,710
true 1,64,69,98,100,105,157,164,170,219,283,290,294,298,303,366,373,558,563,570,624,629,657,694,704,709,711
true 1,64,69,102,157,164,214,221,283,290,294,301,361,368,374,444,451,506,513,558,562,568,575,626,655,662,707
true 1,72,74,99,100,157,159,161,169,211,283,285,371,373,374,449,451,513,568,570,624,626,651,653,655,657,711
true 1,72,74,98,157,159,161,170,171,219,221,223,283,285,298,366,368,506,508,575,651,660,662,695,704,706,707
true 1,72,74,102,103,105,157,159,161,214,216,283,285,301,303,361,444,562,563,565,629,651,665,693,694,709,710
true 1,7,28,64,69,102,154,161,170,219,285,291,301,371,449,506,513,563,570,624,629,655,662,693,695,706,710
true 1,64,69,102,152,159,166,169,171,211,216,223,288,293,301,366,373,506,513,565,651,655,662,694,704,709,711
true 1,64,69,98,100,105,152,159,166,214,221,288,293,298,303,371,449,562,568,575,626,651,657,693,695,706,710
true 1,64,69,99,103,152,159,166,170,219,288,293,361,368,374,444,451,508,563,570,624,629,651,653,660,665,707
true 1,67,100,102,152,161,164,169,211,221,285,288,294,301,366,374,426,451,508,563,575,629,657,660,693,704,710
true 1,67,98,103,152,161,164,171,214,223,285,288,294,298,368,371,426,449,513,562,570,624,655,665,694,707,709
true 1,67,99,105,152,161,164,170,216,219,285,288,294,303,361,373,426,444,506,565,568,626,653,662,695,706,711
true 1,72,74,102,103,105,152,154,169,211,288,290,291,301,303,366,368,558,568,570,624,626,665,695,704,706,707
true 1,72,74,98,152,154,214,216,288,290,291,298,371,373,374,449,451,506,508,558,562,563,565,629,660,662,711
true 1,72,74,99,100,152,154,170,171,219,221,223,288,290,291,361,444,513,558,575,653,655,657,693,694,709,710
true 1,7,21,28,70,153,162,212,284,300,363,369,431,436,448,506,515,519,564,570,579,624,632,656,662,693,710
true 1,63,66,100,103,161,166,169,170,211,214,219,285,290,293,374,451,506,558,562,657,662,665,694,695,706,709
true 1,63,66,98,99,102,161,166,171,223,285,290,293,298,301,368,373,558,563,568,626,629,653,693,707,710,711
true 1,63,66,105,161,166,216,221,285,290,293,303,361,366,371,444,449,508,513,558,565,570,575,624,655,660,704
true 1,63,66,105,154,159,164,169,170,211,214,219,291,294,303,368,373,508,513,562,651,655,660,693,707,710,711
true 1,63,66,98,99,102,154,159,164,216,221,291,294,298,301,374,451,565,570,575,624,651,653,694,695,706,709
true 1,63,66,100,103,154,159,164,171,223,291,294,361,366,371,444,449,506,563,568,626,629,651,657,662,665,704
true 1,63,64,66,67,69,72,74,169,170,171,211,214,216,219,221,223,426,562,563,565,568,570,575,624,626,629
true 1,63,64,66,67,69,72,74,98,99,100,102,103,105,298,301,303,426,506,508,513,653,655,657,660,662,665
true 1,63,64,66,67,69,72,74,361,366,368,371,373,374,426,444,449,451,693,694,695,704,706,707,709,710,711
true 1,7,21,28,70,153,162,218,284,296,356,370,431,441,447,507,513,520,563,572,578,625,629,655,667,695,706
true 1,7,28,63,66,80,81,152,157,176,179,199,200,203,283,288,313,318,342,345,350,452,492,497,502,582,670
true 1,7,28,63,66,94,95,152,157,173,174,177,202,205,283,288,307,310,315,348,353,457,462,467,487,608,684
true 1,37,63,66,70,75,357,361,362,366,367,371,372,427,431,434,435,437,440,444,445,449,450,692,704,705,708
true 1,63,66,70,75,169,170,211,214,215,219,220,224,427,431,434,435,562,566,571,576,580,623,627,630,725,726
true 1,63,66,70,75,98,99,102,106,298,301,302,427,431,434,435,509,514,518,521,653,654,658,659,663,666,721
true 1,7,21,28,70,102,153,162,170,219,284,301,362,371,431,440,449,514,571,623,630,654,663,692,705,721,725
true 1,24,37,70,102,157,163,214,220,283,289,301,361,367,431,437,444,450,514,559,562,576,627,654,663,721,726
true 1,24,70,99,157,163,169,211,215,224,283,289,362,371,431,440,449,509,521,559,566,580,653,659,666,692,705
true 1,24,70,98,106,157,163,170,219,283,289,298,302,357,366,372,431,445,518,559,571,623,630,658,704,708,725
true 1,37,70,99,152,158,167,170,219,279,288,292,361,367,431,437,444,450,509,521,571,623,630,653,659,666,725
true 1,70,102,152,158,167,169,211,215,224,279,288,292,301,357,366,372,431,445,514,566,580,654,663,704,708,721
true 1,70,98,106,152,158,167,214,220,279,288,292,298,302,362,371,431,440,449,518,562,576,627,658,692,705,726
true 1,21,37,75,98,152,153,214,215,288,289,298,371,372,435,445,449,450,509,559,562,566,630,659,663,721,725
true 1,21,75,99,152,153,170,219,220,224,288,289,357,361,435,440,444,514,518,559,576,580,653,654,658,692,708
true 1,21,75,102,106,152,153,169,211,288,289,301,302,362,366,367,435,437,521,559,571,623,627,666,704,705,726
true 1,4,7,19,22,28,65,71,155,300,369,440,448,513,519,563,571,579,623,629,632,655,663,692,695,706,721
true 1,21,24,37,63,66,98,99,102,153,158,163,215,220,279,298,301,357,362,450,566,571,576,623,653,705,708
true 1,21,24,63,66,153,158,163,224,279,361,366,371,444,449,518,521,580,627,630,658,663,666,704,721,725,726
true 1,21,24,63,66,106,153,158,163,169,170,211,214,219,279,302,367,372,437,440,445,509,514,562,654,659,692
true 1,21,37,98,153,157,167,170,215,219,283,292,298,366,427,434,440,450,514,521,566,627,654,666,692,704,726
true 1,21,102,153,157,167,214,224,283,292,301,361,362,372,427,434,444,445,509,518,562,571,580,623,658,659,705
true 1,21,99,106,153,157,167,169,211,220,283,292,302,357,367,371,427,434,437,449,576,630,653,663,708,721,725
true 1,37,75,99,157,158,162,169,211,279,283,284,371,372,435,445,449,450,514,518,571,623,627,653,654,658,726
true 1,75,98,157,158,162,170,219,220,224,279,283,284,298,362,366,367,435,437,509,576,580,659,663,704,705,721
true 1,75,102,106,157,158,162,214,215,279,283,284,301,302,357,361,435,440,444,521,562,566,630,666,692,708,725
true 1,4,7,19,22,28,65,71,155,218,362,370,447,506,514,520,570,578,624,630,654,662,667,693,705,710,725
true 1,24,37,102,152,162,163,169,211,220,284,288,301,366,427,434,440,450,509,518,576,630,658,659,692,704,725
true 1,24,98,152,162,163,214,224,284,288,298,357,367,371,427,434,437,449,514,521,562,571,580,623,654,666,708
true 1,24,99,106,152,162,163,170,215,219,284,288,302,361,362,372,427,434,444,445,566,627,653,663,705,721,726
true 1,37,63,66,162,167,169,170,211,214,219,284,289,292,357,362,450,518,521,559,562,658,663,666,705,708,721
true 1,63,66,98,99,102,162,167,224,284,289,292,298,301,367,372,437,440,445,559,580,627,630,653,692,725,726
true 1,63,66,106,162,167,215,220,284,289,292,302,361,366,371,444,449,509,514,559,566,571,576,623,654,659,704
true 1,7,28,29,34,63,66,83,97,152,157,182,208,283,288,305,308,340,343,454,459,489,494,585,590,611,616
true 1,7,28,64,69,154,161,209,213,220,285,291,358,365,372,439,445,510,517,521,569,576,661,666,702,723,729
true 1,7,20,28,68,81,94,150,160,173,179,202,203,280,307,308,318,340,348,350,428,457,459,489,502,590,611
true 1,7,20,28,68,80,95,150,160,176,177,199,205,280,305,313,315,342,343,353,428,454,467,492,494,585,616
true 1,7,20,28,29,34,68,83,97,150,160,174,182,200,208,280,310,345,428,452,462,487,497,582,608,670,684
true 1,7,28,64,69,99,103,154,161,214,221,285,291,366,373,508,562,568,575,626,653,660,665,694,704,709,711
true 1,4,7,19,22,28,65,71,81,155,174,179,203,305,310,318,343,350,454,462,487,494,502,585,608,616,684
true 1,4,7,19,22,28,65,71,95,155,177,200,205,308,315,340,345,353,452,459,467,489,497,582,590,611,670
true 1,5,7,23,25,28,73,76,98,165,169,209,211,296,298,356,358,361,439,441,444,507,510,569,572,625,661
true 1,7,28,36,64,69,104,154,161,222,285,291,299,357,364,446,509,516,577,627,631,652,659,703,708,724,726
true 1,5,7,23,25,28,35,73,76,99,101,165,212,214,217,295,363,366,436,438,515,562,564,567,653,656,704
true 1,36,64,68,69,75,357,361,363,364,368,370,374,428,429,433,435,436,440,444,446,447,451,692,703,707,708
true 1,64,68,69,75,169,171,211,212,216,218,222,223,428,429,433,435,564,565,571,577,578,623,627,631,724,726
true 1,64,68,69,75,98,100,104,105,298,299,303,428,429,433,435,509,515,516,520,652,656,657,659,663,667,721
true 1,24,36,68,105,161,163,216,218,285,287,303,361,363,428,436,444,446,516,560,565,578,627,652,663,721,726
true 1,24,68,100,161,163,169,211,212,222,285,287,364,374,428,440,451,509,520,560,564,577,657,659,667,692,703
true 1,24,68,98,104,161,163,171,223,285,287,298,299,357,368,370,428,447,515,560,571,623,631,656,707,708,724
true 1,7,21,28,70,99,153,162,214,220,284,357,366,372,431,445,509,521,562,576,627,653,659,666,704,708,726
true 1,36,68,100,154,156,167,171,223,281,291,292,361,363,428,436,444,446,509,520,571,623,631,657,659,667,724
true 1,68,105,154,156,167,169,211,212,222,281,291,292,303,357,368,370,428,447,516,564,577,652,663,707,708,721
true 1,68,98,104,154,156,167,216,218,281,291,292,298,299,364,374,428,440,451,515,565,578,627,656,692,703,726
true 1,20,36,75,98,150,154,212,216,287,291,298,370,374,435,446,447,451,509,560,564,565,631,659,663,721,724
true 1,20,75,100,150,154,171,218,222,223,287,291,357,361,435,440,444,515,516,560,577,578,652,656,657,692,708
true 1,20,75,104,105,150,154,169,211,287,291,299,303,363,364,368,435,436,520,560,571,623,627,667,703,707,726
true 1,20,24,36,64,69,98,100,105,150,156,163,212,218,281,298,303,357,364,446,564,571,578,623,657,703,708
true 1,20,24,64,69,150,156,163,222,281,361,368,374,444,451,515,520,577,627,631,656,663,667,707,721,724,726
true 1,20,24,64,69,104,150,156,163,169,171,211,216,223,281,299,363,370,436,440,447,509,516,565,652,659,692
true 1,7,21,28,70,103,153,162,209,221,284,358,364,373,431,439,510,516,569,575,631,652,661,665,703,711,724
true 1,20,36,98,150,161,167,171,212,223,285,292,298,368,429,433,440,446,516,520,564,627,652,667,692,707,726
true 1,20,105,150,161,167,216,222,285,292,303,361,364,370,429,433,444,447,509,515,565,571,577,623,656,659,703
true 1,20,100,104,150,161,167,169,211,218,285,292,299,357,363,374,429,433,436,451,578,631,657,663,708,721,724
true 1,36,75,100,156,160,161,169,211,280,281,285,370,374,435,446,447,451,515,516,571,623,627,652,656,657,726
true 1,75,98,156,160,161,171,218,222,223,280,281,285,298,363,364,368,435,436,509,577,578,659,663,703,707,721
true 1,75,104,105,156,160,161,212,216,280,281,285,299,303,357,361,435,440,444,520,564,565,631,667,692,708,724
true 1,24,36,105,154,160,163,169,211,218,280,291,303,368,429,433,440,446,509,515,578,631,656,659,692,707,724
true 1,24,98,154,160,163,216,222,280,291,298,357,363,374,429,433,436,451,516,520,565,571,577,623,652,667,708
true 1,24,100,104,154,160,163,171,212,223,280,291,299,361,364,370,429,433,444,447,564,627,657,663,703,721,726
true 1,7,21,28,36,70,104,153,162,213,222,284,299,365,431,446,508,517,568,577,626,660,694,702,709,723,729
true 1,36,64,69,160,167,169,171,211,216,223,280,287,292,357,364,446,515,520,560,565,656,663,667,703,708,721
true 1,64,69,98,100,105,160,167,222,280,287,292,298,303,363,370,436,440,447,560,577,627,631,657,692,724,726
true 1,64,69,104,160,167,212,218,280,287,292,299,361,368,374,444,451,509,516,560,564,571,578,623,652,659,707
true 1,7,28,63,66,98,99,102,152,157,169,170,211,214,219,283,288,298,301,361,366,371,444,449,562,653,704
true 1,21,36,68,153,166,213,224,282,293,300,361,363,428,436,444,446,508,518,519,561,570,580,624,658,660,723
true 1,21,68,106,153,166,169,211,212,222,282,293,302,367,369,428,437,448,506,517,561,564,577,662,694,709,729
true 1,21,37,68,98,104,153,166,215,282,293,298,299,365,428,450,515,561,566,568,579,626,632,656,693,702,710
true 1,4,7,19,22,28,65,71,155,220,364,372,445,508,516,521,568,576,626,631,652,660,666,694,703,709,724
true 1,36,68,106,151,162,164,215,284,286,294,302,361,363,428,436,444,446,506,517,566,568,579,626,632,662,729
true 1,37,68,151,162,164,169,211,212,222,284,286,294,300,365,428,450,508,518,519,564,577,658,660,693,702,710
true 1,68,98,104,151,162,164,213,224,284,286,294,298,299,367,369,428,437,448,515,570,580,624,656,694,709,723
true 1,36,37,68,70,72,74,361,363,365,367,369,428,430,431,432,436,437,444,446,448,450,693,694,702,709,710
true 1,68,70,72,74,169,211,212,213,215,222,224,428,430,431,432,564,566,568,570,577,579,580,624,626,632,723
true 1,68,70,72,74,98,104,106,298,299,300,302,428,430,431,432,506,508,515,517,518,519,656,658,660,662,729
true 1,20,36,98,150,162,166,212,224,284,293,298,300,367,430,432,437,446,517,519,564,568,580,626,693,710,729
true 1,20,106,150,162,166,215,222,284,293,302,361,365,369,430,432,444,448,508,515,566,570,577,624,656,660,702
true 1,20,37,104,150,162,166,169,211,213,284,293,299,363,430,432,436,450,506,518,579,632,658,662,694,709,723
true 1,4,7,19,22,28,65,71,103,155,213,221,357,365,373,509,517,575,627,659,665,702,708,711,723,726,729
true 1,20,36,70,98,106,150,164,212,282,294,298,302,365,431,446,518,561,564,570,579,624,632,658,694,702,709
true 1,20,37,70,150,164,213,222,282,294,300,361,367,431,437,444,450,506,515,519,561,568,577,626,656,662,723
true 1,20,70,104,150,164,169,211,215,224,282,294,299,363,369,431,436,448,508,517,561,566,580,660,693,710,729
true 1,20,21,36,37,72,74,98,150,151,153,212,213,215,286,298,369,446,448,450,506,508,564,566,660,662,723
true 1,20,21,72,74,150,151,153,222,224,286,361,444,515,517,518,577,579,580,632,656,658,693,694,709,710,729
true 1,20,21,72,74,104,106,150,151,153,169,211,286,299,300,302,363,365,367,436,437,519,568,570,624,626,702
true 1,36,70,151,160,166,169,211,215,224,280,286,293,300,365,431,446,506,515,519,566,580,656,662,694,702,709
true 1,70,98,106,151,160,166,213,222,280,286,293,298,302,363,369,431,436,448,518,568,577,626,658,693,710,723
true 1,37,70,104,151,160,166,212,280,286,293,299,361,367,431,437,444,450,508,517,564,570,579,624,632,660,729
false 1,7,28,29,34,83,97,182,187,208,213,248,330,365,400,482,517,522,543,548,633,647,696,701,702,723,729
false 1,7,28,82,99,181,206,214,248,320,329,354,366,375,400,481,505,523,543,548,562,605,634,647,653,701,704
false 1,7,28,85,96,180,188,207,225,248,319,331,355,364,376,400,470,516,524,543,548,631,647,652,701,703,724
false 1,7,28,96,99,180,187,207,214,319,330,355,366,399,410,470,482,522,542,549,562,633,645,648,653,696,704
false 1,7,28,29,34,83,97,182,208,329,364,375,399,410,481,516,523,542,549,605,631,634,645,648,652,703,724
false 1,7,28,82,85,181,188,206,213,225,320,331,354,365,376,399,410,505,517,524,542,549,645,648,702,723,729
false 1,7,28,82,125,181,187,206,249,260,320,330,354,364,401,411,482,505,516,522,550,631,633,652,696,703,724
false 1,7,28,96,125,180,207,213,249,260,319,329,355,365,375,401,411,470,481,517,523,550,605,634,702,723,729
false 1,7,28,81,100,179,203,216,248,318,327,350,368,377,400,479,502,525,543,548,565,604,635,647,657,701,707
false 1,7,28,35,101,178,217,226,248,295,317,378,400,438,469,478,500,526,543,548,567,603,620,647,681,691,701
false 1,7,28,108,186,215,227,248,316,328,349,367,379,400,437,468,480,501,518,543,548,566,596,621,647,658,701
false 1,7,28,35,101,217,295,316,327,349,377,399,410,438,468,479,501,525,542,549,567,596,604,621,635,645,648
false 1,7,28,81,179,203,215,226,318,350,367,378,399,410,437,478,502,518,526,542,549,566,603,645,648,658,681
false 1,7,28,100,108,178,186,216,227,317,328,368,379,399,410,469,480,500,542,549,565,620,645,648,657,691,707
false 1,7,28,125,178,215,249,260,317,327,367,377,401,411,437,469,479,500,518,525,550,566,604,620,635,658,691
false 1,7,28,100,125,216,226,249,260,316,349,368,378,401,411,468,478,501,526,550,565,596,603,621,657,681,707
false 1,7,28,86,95,177,190,205,228,248,315,333,353,362,380,400,467,514,527,543,548,630,647,654,701,705,725
false 1,7,28,109,189,212,229,248,314,332,351,363,381,400,436,466,483,503,515,543,548,564,595,622,647,656,701
false 1,7,28,30,39,87,110,191,204,230,248,352,400,465,504,513,543,548,563,594,629,647,655,677,695,701,706
false 1,7,28,86,190,204,212,228,333,352,363,380,399,410,436,465,504,515,527,542,549,564,594,645,648,656,677
false 1,7,28,95,109,177,189,205,229,315,332,353,381,399,410,467,483,513,542,549,563,629,645,648,655,695,706
false 1,7,28,30,39,87,110,191,230,314,351,362,399,410,466,503,514,542,549,595,622,630,645,648,654,705,725
false 1,7,28,86,125,190,228,249,260,314,333,351,380,401,411,466,503,513,527,550,563,595,622,629,655,695,706
false 1,7,28,109,125,189,204,229,249,260,332,352,362,381,401,411,465,483,504,514,550,594,630,654,677,705,725
false 1,7,28,95,100,177,187,205,216,315,330,353,368,397,412,467,482,522,540,551,565,633,644,649,657,696,707
false 1,7,28,35,101,217,295,314,329,351,375,397,412,438,466,481,503,523,540,551,567,595,605,622,634,644,649
false 1,7,28,85,188,204,215,225,331,352,367,376,397,412,437,465,504,518,524,540,551,566,594,644,649,658,677
false 1,7,28,35,101,187,204,217,261,295,330,352,413,438,465,482,504,522,539,552,567,594,633,643,677,696,700
false 1,7,28,95,177,205,215,261,315,329,353,367,375,413,437,467,481,518,523,539,552,566,605,634,643,658,700
false 1,7,28,85,100,188,216,225,261,314,331,351,368,376,413,466,503,524,539,552,565,595,622,643,657,700,707
false 1,7,28,134,187,215,247,262,314,330,351,367,398,414,437,466,482,503,518,522,541,566,595,622,633,658,696
false 1,7,28,100,134,204,216,247,262,329,352,368,375,398,414,465,481,504,523,541,565,594,605,634,657,677,707
false 1,7,28,29,34,83,97,182,208,327,362,377,397,412,479,514,525,540,551,604,630,635,644,649,654,705,725
false 1,7,28,82,181,206,212,226,320,354,363,378,397,412,436,478,505,515,526,540,551,564,603,644,649,656,681
false 1,7,28,96,108,180,186,207,227,319,328,355,379,397,412,470,480,513,540,551,563,629,644,649,655,695,706
false 1,7,28,96,180,207,212,261,319,327,355,363,377,413,436,470,479,515,525,539,552,564,604,635,643,656,700
false 1,7,28,29,34,83,97,182,208,226,261,378,413,478,513,526,539,552,563,603,629,643,655,681,695,700,706
false 1,7,28,82,108,181,186,206,227,261,320,328,354,362,379,413,480,505,514,539,552,630,643,654,700,705,725
false 1,7,28,82,134,181,206,247,262,320,327,354,377,398,414,479,505,513,525,541,563,604,629,635,655,695,706
false 1,7,28,96,134,180,207,226,247,262,319,355,362,378,398,414,470,478,514,526,541,603,630,654,681,705,725
false 1,7,28,81,86,179,190,203,213,228,318,333,350,365,380,397,412,502,517,527,540,551,644,649,702,723,729
false 1,7,28,99,109,178,189,214,229,317,332,366,381,397,412,469,483,500,540,551,562,620,644,649,653,691,704
false 1,7,28,30,39,87,110,191,230,316,349,364,397,412,468,501,516,540,551,596,621,631,644,649,652,703,724
false 1,7,28,86,99,190,214,228,261,316,333,349,366,380,413,468,501,527,539,552,562,596,621,643,653,700,704
false 1,7,28,81,109,179,189,203,229,261,318,332,350,364,381,413,483,502,516,539,552,631,643,652,700,703,724
false 1,7,28,30,39,87,110,178,191,213,230,261,317,365,413,469,500,517,539,552,620,643,691,700,702,723,729
false 1,7,28,86,134,178,190,228,247,262,317,333,364,380,398,414,469,500,516,527,541,620,631,652,691,703,724
false 1,7,28,109,134,189,213,229,247,262,316,332,349,365,381,398,414,468,483,501,517,541,596,621,702,723,729
false 1,7,28,81,126,179,187,203,251,263,318,330,350,362,403,415,482,502,514,522,553,630,633,654,696,705,725
false 1,7,28,126,178,212,251,263,317,329,363,375,403,415,436,469,481,500,515,523,553,564,605,620,634,656,691
false 1,7,28,85,126,188,225,251,263,316,331,349,376,403,415,468,501,513,524,553,563,596,621,629,655,695,706
false 1,7,28,135,187,212,250,264,316,330,349,363,402,416,436,468,482,501,515,522,544,564,596,621,633,656,696
false 1,7,28,81,135,179,203,250,264,318,329,350,375,402,416,481,502,513,523,544,563,605,629,634,655,695,706
false 1,7,28,85,135,178,188,225,250,264,317,331,362,376,402,416,469,500,514,524,544,620,630,654,691,705,725
false 1,7,28,49,53,127,136,178,187,252,265,317,330,469,482,500,513,522,563,620,629,633,655,691,695,696,706
false 1,7,28,49,53,127,136,252,265,316,329,349,362,375,468,481,501,514,523,596,605,621,630,634,654,705,725
false 1,7,28,95,126,177,205,213,251,263,315,327,353,365,377,403,415,467,479,517,525,553,604,635,702,723,729
false 1,7,28,99,126,214,226,251,263,314,351,366,378,403,415,466,478,503,526,553,562,595,603,622,653,681,704
false 1,7,28,108,126,186,204,227,251,263,328,352,364,379,403,415,465,480,504,516,553,594,631,652,677,703,724
false 1,7,28,99,135,204,214,250,264,327,352,366,377,402,416,465,479,504,525,544,562,594,604,635,653,677,704
false 1,7,28,95,135,177,205,226,250,264,315,353,364,378,402,416,467,478,516,526,544,603,631,652,681,703,724
false 1,7,28,108,135,186,213,227,250,264,314,328,351,365,379,402,416,466,480,503,517,544,595,622,702,723,729
false 1,7,28,49,53,127,136,252,265,314,327,351,364,377,466,479,503,516,525,595,604,622,631,635,652,703,724
false 1,7,28,49,53,127,136,204,213,226,252,265,352,365,378,465,478,504,517,526,594,603,677,681,702,723,729
false 1,7,28,80,103,176,199,221,248,313,322,342,373,382,400,474,492,528,543,548,575,601,636,647,665,701,711
false 1,7,28,36,104,175,222,231,248,299,312,383,400,446,464,473,490,529,543,548,577,600,612,647,680,687,701
false 1,7,28,111,183,220,232,248,311,323,341,372,384,400,445,463,475,491,521,543,548,576,593,613,647,666,701
false 1,7,28,36,104,222,299,311,322,341,382,399,410,446,463,474,491,528,542,549,577,593,601,613,636,645,648
false 1,7,28,80,176,199,220,231,313,342,372,383,399,410,445,473,492,521,529,542,549,576,600,645,648,666,680
false 1,7,28,103,111,175,183,221,232,312,323,373,384,399,410,464,475,490,542,549,575,612,645,648,665,687,711
false 1,7,28,125,175,220,249,260,312,322,372,382,401,411,445,464,474,490,521,528,550,576,601,612,636,666,687
false 1,7,28,103,125,221,231,249,260,311,341,373,383,401,411,463,473,491,529,550,575,593,600,613,665,680,711
false 1,7,28,37,106,174,224,233,248,302,310,385,400,450,462,471,487,530,543,548,580,598,608,647,679,684,701
false 1,7,9,28,38,79,107,112,172,234,248,304,309,386,400,461,543,548,592,597,647,678,682,701,716,717,728
false 1,7,28,40,105,113,171,223,235,248,303,321,374,400,451,460,472,543,548,591,599,607,647,676,683,701,718
false 1,7,9,28,38,79,107,172,233,304,385,399,410,460,471,530,542,549,591,598,607,645,648,676,679,683,718
false 1,7,28,105,112,171,174,223,234,303,310,374,386,399,410,451,462,487,542,549,597,608,645,648,678,684,716
false 1,7,28,37,40,106,113,224,235,302,309,321,399,410,450,461,472,542,549,580,592,599,645,648,682,717,728
false 1,7,28,105,125,171,223,233,249,260,303,309,374,385,401,411,451,461,471,530,550,592,598,679,682,717,728
false 1,7,28,37,106,112,125,224,234,249,260,302,386,401,411,450,460,550,580,591,597,607,676,678,683,716,718
false 1,7,28,114,184,218,236,248,308,325,340,370,387,400,447,459,477,489,520,543,548,578,590,611,647,667,701
false 1,7,28,41,102,115,170,219,237,248,301,324,371,400,449,458,476,543,548,589,602,609,647,675,685,701,719
false 1,7,10,28,42,84,116,185,248,300,326,369,400,448,488,519,543,548,579,588,610,632,647,674,686,701,715
false 1,7,28,102,114,170,184,219,236,301,325,371,387,399,410,449,477,488,542,549,588,610,645,648,674,686,715
false 1,7,28,41,115,237,300,308,324,340,369,399,410,448,459,476,489,519,542,549,579,590,602,611,632,645,648
false 1,7,10,28,42,84,116,185,218,326,370,399,410,447,458,520,542,549,578,589,609,645,648,667,675,685,719
false 1,7,28,114,125,184,236,249,260,300,325,369,387,401,411,448,458,477,519,550,579,589,609,632,675,685,719
false 1,7,28,41,115,125,218,237,249,260,324,370,401,411,447,476,488,520,550,578,588,602,610,667,674,686,715
false 1,7,28,37,106,224,302,308,322,340,382,397,412,450,459,474,489,528,540,551,580,590,601,611,636,644,649
false 1,7,9,28,38,79,107,172,231,304,383,397,412,458,473,529,540,551,589,600,609,644,649,675,680,685,719
false 1,7,28,105,111,171,183,223,232,303,323,374,384,397,412,451,475,488,540,551,588,610,644,649,674,686,715
false 1,7,9,28,38,79,107,172,261,304,322,382,413,474,488,528,539,552,588,601,610,636,643,674,686,700,715
false 1,7,28,105,171,223,231,261,303,308,340,374,383,413,451,459,473,489,529,539,552,590,600,611,643,680,700
false 1,7,28,37,106,111,183,224,232,261,302,323,384,413,450,458,475,539,552,580,589,609,643,675,685,700,719
false 1,7,28,105,134,171,223,247,262,303,322,374,382,398,414,451,458,474,528,541,589,601,609,636,675,685,719
false 1,7,28,37,106,134,224,231,247,262,302,383,398,414,450,473,488,529,541,580,588,600,610,674,680,686,715
false 1,7,28,80,176,199,218,233,313,342,370,385,397,412,447,471,492,520,530,540,551,578,598,644,649,667,679
false 1,7,28,102,112,170,175,219,234,301,312,371,386,397,412,449,464,490,540,551,597,612,644,649,678,687,716
false 1,7,28,40,113,235,300,311,321,341,369,397,412,448,463,472,491,519,540,551,579,593,599,613,632,644,649
false 1,7,28,102,170,219,233,261,301,311,341,371,385,413,449,463,471,491,530,539,552,593,598,613,643,679,700
false 1,7,28,80,112,176,199,234,261,300,313,342,369,386,413,448,492,519,539,552,579,597,632,643,678,700,716
false 1,7,28,40,113,175,218,235,261,312,321,370,413,447,464,472,490,520,539,552,578,599,612,643,667,687,700
false 1,7,28,134,175,233,247,262,300,312,369,385,398,414,448,464,471,490,519,530,541,579,598,612,632,679,687
false 1,7,28,112,134,218,234,247,262,311,341,370,386,398,414,447,463,491,520,541,578,593,597,613,667,678,716
false 1,7,28,103,114,174,184,221,236,310,325,373,387,397,412,462,477,487,540,551,575,608,644,649,665,684,711
false 1,7,28,36,41,104,115,222,237,299,309,324,397,412,446,461,476,540,551,577,592,602,644,649,682,717,728
false 1,7,10,28,42,84,116,185,220,326,372,397,412,445,460,521,540,551,576,591,607,644,649,666,676,683,718
false 1,7,28,36,104,114,184,222,236,261,299,325,387,413,446,460,477,539,552,577,591,607,643,676,683,700,718
false 1,7,28,41,115,174,220,237,261,310,324,372,413,445,462,476,487,521,539,552,576,602,608,643,666,684,700
false 1,7,10,28,42,84,103,116,185,221,261,309,326,373,413,461,539,552,575,592,643,665,682,700,711,717,728
false 1,7,28,114,134,184,220,236,247,262,309,325,372,387,398,414,445,461,477,521,541,576,592,666,682,717,728
false 1,7,28,41,103,115,134,221,237,247,262,324,373,398,414,460,476,541,575,591,602,607,665,676,683,711,718
false 1,7,28,126,174,218,251,263,310,322,370,382,403,415,447,462,474,487,520,528,553,578,601,608,636,667,684
false 1,7,28,102,126,170,219,231,251,263,301,309,371,383,403,415,449,461,473,529,553,592,600,680,682,717,728
false 1,7,28,111,126,183,232,251,263,300,323,369,384,403,415,448,460,475,519,553,579,591,607,632,676,683,718
false 1,7,28,102,135,170,219,250,264,301,322,371,382,402,416,449,460,474,528,544,591,601,607,636,676,683,718
false 1,7,28,135,174,231,250,264,300,310,369,383,402,416,448,462,473,487,519,529,544,579,600,608,632,680,684
false 1,7,28,111,135,183,218,232,250,264,309,323,370,384,402,416,447,461,475,520,544,578,592,667,682,717,728
false 1,7,28,49,53,127,136,252,265,300,309,322,369,382,448,461,474,519,528,579,592,601,632,636,682,717,728
false 1,7,28,49,53,127,136,218,231,252,265,370,383,447,460,473,520,529,578,591,600,607,667,676,680,683,718
false 1,7,28,103,126,221,233,251,263,308,340,373,385,403,415,459,471,489,530,553,575,590,598,611,665,679,711
false 1,7,28,36,104,112,126,222,234,251,263,299,386,403,415,446,458,553,577,589,597,609,675,678,685,716,719
false 1,7,28,40,113,126,220,235,251,263,321,372,403,415,445,472,488,521,553,576,588,599,610,666,674,686,715
false 1,7,28,36,104,135,222,233,250,264,299,385,402,416,446,471,488,530,544,577,588,598,610,674,679,686,715
false 1,7,28,112,135,220,234,250,264,308,340,372,386,402,416,445,459,489,521,544,576,590,597,611,666,678,716
false 1,7,28,40,103,113,135,221,235,250,264,321,373,402,416,458,472,544,575,589,599,609,665,675,685,711,719
false 1,7,28,49,53,127,136,220,233,252,265,372,385,445,458,471,521,530,576,589,598,609,666,675,679,685,719
false 1,7,28,49,53,103,112,127,136,221,234,252,265,373,386,488,575,588,597,610,665,674,678,686,711,715,716
false 1,7,28,89,94,173,195,202,238,248,307,338,348,357,388,400,457,509,531,543,548,627,647,659,701,708,726
false 1,7,28,117,194,209,239,248,306,337,346,358,389,400,439,456,486,498,510,543,548,569,587,619,647,661,701
false 1,7,28,31,43,90,118,196,201,240,248,347,400,455,499,508,543,548,568,586,626,647,660,673,694,701,709
false 1,7,28,89,195,201,209,238,338,347,358,388,399,410,439,455,499,510,531,542,549,569,586,645,648,661,673
false 1,7,28,94,117,173,194,202,239,307,337,348,389,399,410,457,486,508,542,549,568,626,645,648,660,694,709
false 1,7,28,31,43,90,118,196,240,306,346,357,399,410,456,498,509,542,549,587,619,627,645,648,659,708,726
false 1,7,28,40,113,145,201,235,253,276,321,347,405,425,455,472,499,513,546,563,586,599,629,655,673,695,706
false 1,7,28,117,125,194,201,239,249,260,337,347,357,389,401,411,455,486,499,509,550,586,627,659,673,708,726
false 1,7,28,119,192,210,241,248,305,335,343,360,390,400,442,454,485,494,512,543,548,573,585,616,647,664,701
false 1,7,28,44,98,120,169,211,242,248,298,334,361,400,444,453,484,543,548,584,606,614,647,672,688,701,720
false 1,7,11,28,45,88,121,193,248,297,336,359,400,443,493,511,543,548,574,583,615,628,647,671,689,701,714
false 1,7,28,98,119,169,192,211,241,298,335,361,390,399,410,444,485,493,542,549,583,615,645,648,671,689,714
false 1,7,28,44,120,242,297,305,334,343,359,399,410,443,454,484,494,511,542,549,574,585,606,616,628,645,648
false 1,7,11,28,45,88,121,193,210,336,360,399,410,442,453,512,542,549,573,584,614,645,648,664,672,688,720
false 1,7,28,119,125,192,241,249,260,297,335,359,390,401,411,443,453,485,511,550,574,584,614,628,672,688,720
false 1,7,28,44,120,125,210,242,249,260,334,360,401,411,442,484,493,512,550,573,583,606,615,664,671,689,714
false 1,7,28,32,46,92,122,198,200,243,248,345,400,452,497,506,543,548,570,582,624,647,662,670,693,701,710
false 1,7,12,28,47,91,123,197,248,296,339,356,400,441,495,507,543,548,572,581,617,625,647,669,690,701,713
false 1,2,7,8,13,28,33,48,93,248,344,400,440,496,543,548,571,618,623,647,663,668,692,701,712,721,727
false 1,7,28,32,46,92,122,198,243,296,344,356,399,410,441,496,507,542,549,572,618,625,645,648,668,712,727
false 1,7,12,28,47,91,123,197,200,339,345,399,410,440,452,497,542,549,571,582,623,645,648,663,670,692,721
false 1,2,7,8,13,28,33,48,93,399,410,495,506,542,549,570,581,617,624,645,648,662,669,690,693,710,713
false 1,7,28,32,46,92,122,125,198,243,249,260,401,411,440,495,550,571,581,617,623,663,669,690,692,713,721
false 1,7,12,28,47,91,123,125,197,249,260,339,344,401,411,496,506,550,570,618,624,662,668,693,710,712,727
false 1,7,28,89,195,200,210,238,338,345,360,388,397,412,442,452,497,512,531,540,551,573,582,644,649,664,670
false 1,7,28,98,117,169,194,211,239,298,337,361,389,397,412,444,486,495,540,551,581,617,644,649,669,690,713
false 1,7,28,31,43,90,118,196,240,297,344,359,397,412,443,496,511,540,551,574,618,628,644,649,668,712,727
false 1,7,28,89,98,169,195,211,238,261,298,338,344,361,388,413,444,496,531,539,552,618,643,668,700,712,727
false 1,7,28,117,194,200,239,261,297,337,345,359,389,413,443,452,486,497,511,539,552,574,582,628,643,670,700
false 1,7,28,31,43,90,118,196,210,240,261,360,413,442,495,512,539,552,573,581,617,643,664,669,690,700,713
false 1,7,28,89,134,195,238,247,262,297,338,359,388,398,414,443,495,511,531,541,574,581,617,628,669,690,713
false 1,7,28,117,134,194,210,239,247,262,337,344,360,389,398,414,442,486,496,512,541,573,618,664,668,712,727
false 1,7,28,94,119,173,192,202,241,307,335,348,390,397,412,457,485,506,540,551,570,624,644,649,662,693,710
false 1,7,28,44,120,242,296,306,334,346,356,397,412,441,456,484,498,507,540,551,572,587,606,619,625,644,649
false 1,7,11,28,45,88,121,193,201,336,347,397,412,440,455,499,540,551,571,586,623,644,649,663,673,692,721
false 1,7,28,119,192,201,241,261,296,335,347,356,390,413,441,455,485,499,507,539,552,572,586,625,643,673,700
false 1,7,28,44,94,120,173,202,242,261,307,334,348,413,440,457,484,539,552,571,606,623,643,663,692,700,721
false 1,7,11,28,45,88,121,193,261,306,336,346,413,456,498,506,539,552,570,587,619,624,643,662,693,700,710
false 1,7,28,119,134,192,241,247,262,306,335,346,390,398,414,440,456,485,498,541,571,587,619,623,663,692,721
false 1,7,28,44,120,134,201,242,247,262,334,347,398,414,455,484,499,506,541,570,586,606,624,662,673,693,710
false 1,7,28,32,46,92,122,198,243,305,343,357,397,412,454,494,509,540,551,585,616,627,644,649,659,708,726
false 1,7,12,28,47,91,123,197,209,339,358,397,412,439,453,510,540,551,569,584,614,644,649,661,672,688,720
false 1,2,7,8,13,28,33,48,93,397,412,493,508,540,551,568,583,615,626,644,649,660,671,689,694,709,714
false 1,7,28,32,46,92,122,198,209,243,261,358,413,439,493,510,539,552,569,583,615,643,661,671,689,700,714
false 1,7,12,28,47,91,123,197,261,305,339,343,413,454,494,508,539,552,568,585,616,626,643,660,694,700,709
false 1,2,7,8,13,28,33,48,93,261,357,413,453,509,539,552,584,614,627,643,659,672,688,700,708,720,726
false 1,7,28,32,46,92,122,134,198,243,247,262,398,414,453,508,541,568,584,614,626,660,672,688,694,709,720
false 1,7,12,28,47,91,123,134,197,247,262,339,357,398,414,493,509,541,583,615,627,659,671,689,708,714,726
false 1,7,28,89,126,195,238,251,263,305,338,343,388,403,415,454,494,506,531,553,570,585,616,624,662,693,710
false 1,7,28,117,126,194,239,251,263,296,337,356,389,403,415,441,453,486,507,553,572,584,614,625,672,688,720
false 1,7,28,31,43,90,118,126,196,240,251,263,403,415,440,493,553,571,583,615,623,663,671,689,692,714,721
false 1,7,28,89,135,195,238,250,264,296,338,356,388,402,416,441,493,507,531,544,572,583,615,625,671,689,714
false 1,7,28,117,135,194,239,250,264,305,337,343,389,402,416,440,454,486,494,544,571,585,616,623,663,692,721
false 1,7,28,31,43,90,118,135,196,240,250,264,402,416,453,506,544,570,584,614,624,662,672,688,693,710,720
false 1,7,28,49,53,89,127,136,195,238,252,265,338,388,440,453,531,571,584,614,623,663,672,688,692,720,721
false 1,7,28,49,53,117,127,136,194,239,252,265,337,389,486,493,506,570,583,615,624,662,671,689,693,710,714
false 1,7,28,119,126,192,200,241,251,263,335,345,357,390,403,415,452,485,497,509,553,582,627,659,670,708,726
false 1,7,28,44,120,126,209,242,251,263,334,358,403,415,439,484,495,510,553,569,581,606,617,661,669,690,713
false 1,7,11,28,45,88,121,126,193,251,263,336,344,403,415,496,508,553,568,618,626,660,668,694,709,712,727
false 1,7,28,119,135,192,209,241,250,264,335,344,358,390,402,416,439,485,496,510,544,569,618,661,668,712,727
false 1,7,28,44,120,135,200,242,250,264,334,345,402,416,452,484,497,508,544,568,582,606,626,660,670,694,709
false 1,7,11,28,45,88,121,135,193,250,264,336,357,402,416,495,509,544,581,617,627,659,669,690,708,713,726
false 1,7,28,49,53,119,127,136,192,241,252,265,335,390,485,495,508,568,581,617,626,660,669,690,694,709,713
false 1,7,28,44,49,53,120,127,136,242,252,265,334,344,357,484,496,509,606,618,627,659,668,708,712,726,727
false 1,7,28,94,103,173,187,202,221,307,330,348,373,392,417,457,482,522,535,554,575,633,641,650,665,696,711
false 1,7,28,36,104,222,299,306,329,346,375,392,417,446,456,481,498,523,535,554,577,587,605,619,634,641,650
false 1,7,28,85,188,201,220,225,331,347,372,376,392,417,445,455,499,521,524,535,554,576,586,641,650,666,673
false 1,7,28,36,104,187,201,222,266,299,330,347,418,446,455,482,499,522,534,555,577,586,633,640,673,696,699
false 1,7,28,94,173,202,220,266,307,329,348,372,375,418,445,457,481,521,523,534,555,576,605,634,640,666,699
false 1,7,28,85,103,188,221,225,266,306,331,346,373,376,418,456,498,524,534,555,575,587,619,640,665,699,711
false 1,7,28,137,187,220,244,267,306,330,346,372,393,419,445,456,482,498,521,522,536,576,587,619,633,666,696
false 1,7,28,103,137,201,221,244,267,329,347,373,375,393,419,455,481,499,523,536,575,586,605,634,665,673,711
false 1,7,28,37,106,224,302,305,327,343,377,392,417,450,454,479,494,525,535,554,580,585,604,616,635,641,650
false 1,7,9,28,38,79,107,172,226,304,378,392,417,453,478,526,535,554,584,603,614,641,650,672,681,688,720
false 1,7,28,105,108,171,186,223,227,303,328,374,379,392,417,451,480,493,535,554,583,615,641,650,671,689,714
false 1,7,9,28,38,79,107,172,266,304,327,377,418,479,493,525,534,555,583,604,615,635,640,671,689,699,714
false 1,7,28,105,171,223,226,266,303,305,343,374,378,418,451,454,478,494,526,534,555,585,603,616,640,681,699
false 1,7,28,37,106,108,186,224,227,266,302,328,379,418,450,453,480,534,555,580,584,614,640,672,688,699,720
false 1,7,28,105,137,171,223,244,267,303,327,374,377,393,419,451,453,479,525,536,584,604,614,635,672,688,720
false 1,7,28,37,106,137,224,226,244,267,302,378,393,419,450,478,493,526,536,580,583,603,615,671,681,689,714
false 1,7,28,86,190,200,218,228,333,345,370,380,392,417,447,452,497,520,527,535,554,578,582,641,650,667,670
false 1,7,28,102,109,170,189,219,229,301,332,371,381,392,417,449,483,495,535,554,581,617,641,650,669,690,713
false 1,7,28,30,39,87,110,191,230,300,344,369,392,417,448,496,519,535,554,579,618,632,641,650,668,712,727
false 1,7,28,86,102,170,190,219,228,266,301,333,344,371,380,418,449,496,527,534,555,618,640,668,699,712,727
false 1,7,28,109,189,200,229,266,300,332,345,369,381,418,448,452,483,497,519,534,555,579,582,632,640,670,699
false 1,7,28,30,39,87,110,191,218,230,266,370,418,447,495,520,534,555,578,581,617,640,667,669,690,699,713
false 1,7,28,86,137,190,228,244,267,300,333,369,380,393,419,448,495,519,527,536,579,581,617,632,669,690,713
false 1,7,28,109,137,189,218,229,244,267,332,344,370,381,393,419,447,483,496,520,536,578,618,667,668,712,727
false 1,7,28,37,106,187,200,224,268,302,330,345,420,450,452,482,497,522,532,556,580,582,633,638,670,696,698
false 1,7,9,28,38,79,107,172,268,304,329,375,420,481,495,523,532,556,581,605,617,634,638,669,690,698,713
false 1,7,28,85,105,171,188,223,225,268,303,331,344,374,376,420,451,496,524,532,556,618,638,668,698,712,727
false 1,7,9,28,38,79,107,138,172,187,269,304,330,344,421,482,496,522,618,633,637,668,696,697,712,722,727
false 1,7,28,105,138,171,200,223,269,303,329,345,374,375,421,451,452,481,497,523,582,605,634,637,670,697,722
false 1,7,28,37,85,106,138,188,224,225,269,302,331,376,421,450,495,524,580,581,617,637,669,690,697,713,722
false 1,7,28,54,105,139,171,187,223,270,303,330,374,391,451,482,495,522,533,581,617,633,639,669,690,696,713
false 1,7,28,37,54,106,139,224,270,302,329,344,375,391,450,481,496,523,533,580,605,618,634,639,668,712,727
false 1,7,28,94,173,202,218,268,307,327,348,370,377,420,447,457,479,520,525,532,556,578,604,635,638,667,698
false 1,7,28,102,170,219,226,268,301,306,346,371,378,420,449,456,478,498,526,532,556,587,603,619,638,681,698
false 1,7,28,108,186,201,227,268,300,328,347,369,379,420,448,455,480,499,519,532,556,579,586,632,638,673,698
false 1,7,28,102,138,170,201,219,269,301,327,347,371,377,421,449,455,479,499,525,586,604,635,637,673,697,722
true 1,6,7,26,27,28,77,78,111,168,183,231,232,322,323,382,383,384,473,474,475,528,529,600,601,636,680
false 1,7,28,108,138,186,218,227,269,306,328,346,370,379,421,447,456,480,498,520,578,587,619,637,667,697,722
false 1,7,28,54,139,270,300,306,327,346,369,377,391,448,456,479,498,519,525,533,579,587,604,619,632,635,639
false 1,7,28,54,139,201,218,226,270,347,370,378,391,447,455,478,499,520,526,533,578,586,603,639,667,673,681
false 1,7,28,86,103,190,221,228,268,305,333,343,373,380,420,454,494,527,532,556,575,585,616,638,665,698,711
false 1,7,28,36,104,109,189,222,229,268,299,332,381,420,446,453,483,532,556,577,584,614,638,672,688,698,720
false 1,7,28,30,39,87,110,191,220,230,268,372,420,445,493,521,532,556,576,583,615,638,666,671,689,698,714
false 1,7,28,36,86,104,138,190,222,228,269,299,333,380,421,446,493,527,577,583,615,637,671,689,697,714,722
false 1,7,28,109,138,189,220,229,269,305,332,343,372,381,421,445,454,483,494,521,576,585,616,637,666,697,722
false 1,7,28,30,39,87,103,110,138,191,221,230,269,373,421,453,575,584,614,637,665,672,688,697,711,720,722
false 1,7,28,54,86,139,190,220,228,270,333,372,380,391,445,453,521,527,533,576,584,614,639,666,672,688,720
false 1,7,28,54,103,109,139,189,221,229,270,332,373,381,391,483,493,533,575,583,615,639,665,671,689,711,714
false 1,7,28,140,187,218,245,271,305,330,343,370,395,422,447,454,482,494,520,522,538,578,585,616,633,667,696
false 1,7,28,102,140,170,219,245,271,301,329,371,375,395,422,449,453,481,523,538,584,605,614,634,672,688,720
false 1,7,28,85,140,188,225,245,271,300,331,369,376,395,422,448,493,519,524,538,579,583,615,632,671,689,714
false 1,7,28,55,102,141,170,187,219,272,301,330,371,394,449,482,493,522,537,583,615,633,642,671,689,696,714
false 1,7,28,55,141,272,300,305,329,343,369,375,394,448,454,481,494,519,523,537,579,585,605,616,632,634,642
false 1,7,28,55,85,141,188,218,225,272,331,370,376,394,447,453,520,524,537,578,584,614,642,667,672,688,720
false 1,7,15,28,56,124,142,187,246,300,330,369,396,448,453,482,519,522,579,584,614,632,633,672,688,696,720
false 1,7,15,28,56,124,142,218,246,329,370,375,396,447,481,493,520,523,578,583,605,615,634,667,671,689,714
false 1,7,28,103,140,200,221,245,271,327,345,373,377,395,422,452,479,497,525,538,575,582,604,635,665,670,711
false 1,7,28,36,104,140,222,226,245,271,299,378,395,422,446,478,495,526,538,577,581,603,617,669,681,690,713
false 1,7,28,108,140,186,220,227,245,271,328,344,372,379,395,422,445,480,496,521,538,576,618,666,668,712,727
false 1,7,28,36,55,104,141,222,272,299,327,344,377,394,446,479,496,525,537,577,604,618,635,642,668,712,727
false 1,7,28,55,141,200,220,226,272,345,372,378,394,445,452,478,497,521,526,537,576,582,603,642,666,670,681
false 1,7,28,55,103,108,141,186,221,227,272,328,373,379,394,480,495,537,575,581,617,642,665,669,690,711,713
false 1,7,15,28,56,124,142,220,246,327,372,377,396,445,479,495,521,525,576,581,604,617,635,666,669,690,713
false 1,7,15,28,56,103,124,142,221,226,246,344,373,378,396,478,496,526,575,603,618,665,668,681,711,712,727
false 1,7,28,29,34,83,97,182,208,322,357,382,392,417,474,509,528,535,554,601,627,636,641,650,659,708,726
false 1,7,28,82,181,206,209,231,320,354,358,383,392,417,439,473,505,510,529,535,554,569,600,641,650,661,680
false 1,7,28,96,111,180,183,207,232,319,323,355,384,392,417,470,475,508,535,554,568,626,641,650,660,694,709
false 1,7,28,96,180,207,209,266,319,322,355,358,382,418,439,470,474,510,528,534,555,569,601,636,640,661,699
false 1,7,28,29,34,83,97,182,208,231,266,383,418,473,508,529,534,555,568,600,626,640,660,680,694,699,709
false 1,7,28,82,111,181,183,206,232,266,320,323,354,357,384,418,475,505,509,534,555,627,640,659,699,708,726
false 1,7,28,82,137,181,206,244,267,320,322,354,382,393,419,474,505,508,528,536,568,601,626,636,660,694,709
false 1,7,28,96,137,180,207,231,244,267,319,355,357,383,393,419,470,473,509,529,536,600,627,659,680,708,726
false 1,7,28,81,179,203,210,233,318,350,360,385,392,417,442,471,502,512,530,535,554,573,598,641,650,664,679
false 1,7,28,98,112,169,178,211,234,298,317,361,386,392,417,444,469,500,535,554,597,620,641,650,678,691,716
false 1,7,28,40,113,235,297,316,321,349,359,392,417,443,468,472,501,511,535,554,574,596,599,621,628,641,650
false 1,7,28,98,169,211,233,266,298,316,349,361,385,418,444,468,471,501,530,534,555,596,598,621,640,679,699
false 1,7,28,81,112,179,203,234,266,297,318,350,359,386,418,443,502,511,534,555,574,597,628,640,678,699,716
false 1,7,28,40,113,178,210,235,266,317,321,360,418,442,469,472,500,512,534,555,573,599,620,640,664,691,699
false 1,7,28,137,178,233,244,267,297,317,359,385,393,419,443,469,471,500,511,530,536,574,598,620,628,679,691
false 1,7,28,112,137,210,234,244,267,316,349,360,386,393,419,442,468,501,512,536,573,596,597,621,664,678,716
false 1,7,28,95,114,177,184,205,236,315,325,353,387,392,417,467,477,506,535,554,570,624,641,650,662,693,710
false 1,7,28,41,115,237,296,314,324,351,356,392,417,441,466,476,503,507,535,554,572,595,602,622,625,641,650
false 1,7,10,28,42,84,116,185,204,326,352,392,417,440,465,504,535,554,571,594,623,641,650,663,677,692,721
false 1,7,28,114,184,204,236,266,296,325,352,356,387,418,441,465,477,504,507,534,555,572,594,625,640,677,699
false 1,7,28,41,95,115,177,205,237,266,315,324,353,418,440,467,476,534,555,571,602,623,640,663,692,699,721
false 1,7,10,28,42,84,116,185,266,314,326,351,418,466,503,506,534,555,570,595,622,624,640,662,693,699,710
false 1,7,28,114,137,184,236,244,267,314,325,351,387,393,419,440,466,477,503,536,571,595,622,623,663,692,721
false 1,7,28,41,115,137,204,237,244,267,324,352,393,419,465,476,504,506,536,570,594,602,624,662,677,693,710
false 1,7,28,95,177,205,210,268,315,322,353,360,382,420,442,467,474,512,528,532,556,573,601,636,638,664,698
false 1,7,28,98,169,211,231,268,298,314,351,361,383,420,444,466,473,503,529,532,556,595,600,622,638,680,698
false 1,7,28,111,183,204,232,268,297,323,352,359,384,420,443,465,475,504,511,532,556,574,594,628,638,677,698
false 1,7,28,98,138,169,204,211,269,298,322,352,361,382,421,444,465,474,504,528,594,601,636,637,677,697,722
false 1,7,28,95,138,177,205,231,269,297,315,353,359,383,421,443,467,473,511,529,574,600,628,637,680,697,722
false 1,7,28,111,138,183,210,232,269,314,323,351,360,384,421,442,466,475,503,512,573,595,622,637,664,697,722
false 1,7,28,54,139,270,297,314,322,351,359,382,391,443,466,474,503,511,528,533,574,595,601,622,628,636,639
false 1,7,28,54,139,204,210,231,270,352,360,383,391,442,465,473,504,512,529,533,573,594,600,639,664,677,680
false 1,7,28,29,34,83,97,182,208,233,268,385,420,471,506,530,532,556,570,598,624,638,662,679,693,698,710
false 1,7,28,82,112,181,206,234,268,296,320,354,356,386,420,441,505,507,532,556,572,597,625,638,678,698,716
false 1,7,28,40,96,113,180,207,235,268,319,321,355,420,440,470,472,532,556,571,599,623,638,663,692,698,721
false 1,7,28,96,138,180,207,233,269,296,319,355,356,385,421,441,470,471,507,530,572,598,625,637,679,697,722
false 1,7,28,29,34,83,97,112,138,182,208,234,269,386,421,440,571,597,623,637,663,678,692,697,716,721,722
false 1,7,28,40,82,113,138,181,206,235,269,320,321,354,421,472,505,506,570,599,624,637,662,693,697,710,722
false 1,7,28,54,82,139,181,206,233,270,320,354,385,391,440,471,505,530,533,571,598,623,639,663,679,692,721
false 1,7,28,54,96,112,139,180,207,234,270,319,355,386,391,470,506,533,570,597,624,639,662,678,693,710,716
false 1,7,28,81,114,179,184,203,236,268,318,325,350,357,387,420,477,502,509,532,556,627,638,659,698,708,726
false 1,7,28,41,115,178,209,237,268,317,324,358,420,439,469,476,500,510,532,556,569,602,620,638,661,691,698
false 1,7,10,28,42,84,116,185,268,316,326,349,420,468,501,508,532,556,568,596,621,626,638,660,694,698,709
false 1,7,28,114,138,184,209,236,269,316,325,349,358,387,421,439,468,477,501,510,569,596,621,637,661,697,722
false 1,7,28,41,81,115,138,179,203,237,269,318,324,350,421,476,502,508,568,602,626,637,660,694,697,709,722
false 1,7,10,28,42,84,116,138,178,185,269,317,326,357,421,469,500,509,620,627,637,659,691,697,708,722,726
false 1,7,28,54,114,139,178,184,236,270,317,325,387,391,469,477,500,508,533,568,620,626,639,660,691,694,709
false 1,7,28,41,54,115,139,237,270,316,324,349,357,391,468,476,501,509,533,596,602,621,627,639,659,708,726
false 1,7,28,81,140,179,203,245,271,318,322,350,382,395,422,474,502,506,528,538,570,601,624,636,662,693,710
false 1,7,28,140,178,231,245,271,296,317,356,383,395,422,441,469,473,500,507,529,538,572,600,620,625,680,691
false 1,7,28,111,140,183,232,245,271,316,323,349,384,395,422,440,468,475,501,538,571,596,621,623,663,692,721
false 1,7,28,55,141,272,296,316,322,349,356,382,394,441,468,474,501,507,528,537,572,596,601,621,625,636,642
false 1,7,28,55,81,141,179,203,231,272,318,350,383,394,440,473,502,529,537,571,600,623,642,663,680,692,721
false 1,7,28,55,111,141,178,183,232,272,317,323,384,394,469,475,500,506,537,570,620,624,642,662,691,693,710
false 1,7,15,28,56,124,142,178,246,317,322,382,396,440,469,474,500,528,571,601,620,623,636,663,691,692,721
false 1,7,15,28,56,124,142,231,246,316,349,383,396,468,473,501,506,529,570,596,600,621,624,662,680,693,710
false 1,7,28,95,140,177,205,233,245,271,315,353,357,385,395,422,467,471,509,530,538,598,627,659,679,708,726
false 1,7,28,112,140,209,234,245,271,314,351,358,386,395,422,439,466,503,510,538,569,595,597,622,661,678,716
false 1,7,28,40,113,140,204,235,245,271,321,352,395,422,465,472,504,508,538,568,594,599,626,660,677,694,709
false 1,7,28,55,141,204,209,233,272,352,358,385,394,439,465,471,504,510,530,537,569,594,598,642,661,677,679
false 1,7,28,55,95,112,141,177,205,234,272,315,353,386,394,467,508,537,568,597,626,642,660,678,694,709,716
false 1,7,28,40,55,113,141,235,272,314,321,351,357,394,466,472,503,509,537,595,599,622,627,642,659,708,726
false 1,7,15,28,56,124,142,233,246,314,351,385,396,466,471,503,508,530,568,595,598,622,626,660,679,694,709
false 1,7,15,28,56,112,124,142,204,234,246,352,357,386,396,465,504,509,594,597,627,659,677,678,708,716,726
false 1,7,28,80,89,176,195,199,213,238,313,338,342,365,388,392,417,492,517,531,535,554,641,650,702,723,729
false 1,7,28,99,117,175,194,214,239,312,337,366,389,392,417,464,486,490,535,554,562,612,641,650,653,687,704
false 1,7,28,31,43,90,118,196,240,311,341,364,392,417,463,491,516,535,554,593,613,631,641,650,652,703,724
false 1,7,28,89,99,195,214,238,266,311,338,341,366,388,418,463,491,531,534,555,562,593,613,640,653,699,704
false 1,7,28,80,117,176,194,199,239,266,313,337,342,364,389,418,486,492,516,534,555,631,640,652,699,703,724
false 1,7,28,31,43,90,118,175,196,213,240,266,312,365,418,464,490,517,534,555,612,640,687,699,702,723,729
false 1,7,28,89,137,175,195,238,244,267,312,338,364,388,393,419,464,490,516,531,536,612,631,652,687,703,724
false 1,7,28,117,137,194,213,239,244,267,311,337,341,365,389,393,419,463,486,491,517,536,593,613,702,723,729
false 1,7,28,100,119,174,192,216,241,310,335,368,390,392,417,462,485,487,535,554,565,608,641,650,657,684,707
false 1,7,28,35,44,101,120,217,242,295,309,334,392,417,438,461,484,535,554,567,592,606,641,650,682,717,728
false 1,7,11,28,45,88,121,193,215,336,367,392,417,437,460,518,535,554,566,591,607,641,650,658,676,683,718
false 1,7,28,35,101,119,192,217,241,266,295,335,390,418,438,460,485,534,555,567,591,607,640,676,683,699,718
false 1,7,28,44,120,174,215,242,266,310,334,367,418,437,462,484,487,518,534,555,566,606,608,640,658,684,699
false 1,7,11,28,45,88,100,121,193,216,266,309,336,368,418,461,534,555,565,592,640,657,682,699,707,717,728
false 1,7,28,119,137,192,215,241,244,267,309,335,367,390,393,419,437,461,485,518,536,566,592,658,682,717,728
false 1,7,28,44,100,120,137,216,242,244,267,334,368,393,419,460,484,536,565,591,606,607,657,676,683,707,718
false 1,7,28,32,46,92,122,198,243,308,340,362,392,417,459,489,514,535,554,590,611,630,641,650,654,705,725
false 1,7,12,28,47,91,123,197,212,339,363,392,417,436,458,515,535,554,564,589,609,641,650,656,675,685,719
false 1,2,7,8,13,28,33,48,93,392,417,488,513,535,554,563,588,610,629,641,650,655,674,686,695,706,715
false 1,7,28,32,46,92,122,198,212,243,266,363,418,436,488,515,534,555,564,588,610,640,656,674,686,699,715
false 1,7,12,28,47,91,123,197,266,308,339,340,418,459,489,513,534,555,563,590,611,629,640,655,695,699,706
false 1,2,7,8,13,28,33,48,93,266,362,418,458,514,534,555,589,609,630,640,654,675,685,699,705,719,725
false 1,7,28,32,46,92,122,137,198,243,244,267,393,419,458,513,536,563,589,609,629,655,675,685,695,706,719
false 1,7,12,28,47,91,123,137,197,244,267,339,362,393,419,488,514,536,588,610,630,654,674,686,705,715,725
false 1,7,28,89,100,195,216,238,268,308,338,340,368,388,420,459,489,531,532,556,565,590,611,638,657,698,707
false 1,7,28,35,101,117,194,217,239,268,295,337,389,420,438,458,486,532,556,567,589,609,638,675,685,698,719
false 1,7,28,31,43,90,118,196,215,240,268,367,420,437,488,518,532,556,566,588,610,638,658,674,686,698,715
false 1,7,28,35,89,101,138,195,217,238,269,295,338,388,421,438,488,531,567,588,610,637,674,686,697,715,722
false 1,7,28,117,138,194,215,239,269,308,337,340,367,389,421,437,459,486,489,518,566,590,611,637,658,697,722
false 1,7,28,31,43,90,100,118,138,196,216,240,269,368,421,458,565,589,609,637,657,675,685,697,707,719,722
false 1,7,28,54,89,139,195,215,238,270,338,367,388,391,437,458,518,531,533,566,589,609,639,658,675,685,719
false 1,7,28,54,100,117,139,194,216,239,270,337,368,389,391,486,488,533,565,588,610,639,657,674,686,707,715
false 1,7,28,80,119,176,192,199,241,268,313,335,342,362,390,420,485,492,514,532,556,630,638,654,698,705,725
false 1,7,28,44,120,175,212,242,268,312,334,363,420,436,464,484,490,515,532,556,564,606,612,638,656,687,698
false 1,7,11,28,45,88,121,193,268,311,336,341,420,463,491,513,532,556,563,593,613,629,638,655,695,698,706
false 1,7,28,119,138,192,212,241,269,311,335,341,363,390,421,436,463,485,491,515,564,593,613,637,656,697,722
false 1,7,28,44,80,120,138,176,199,242,269,313,334,342,421,484,492,513,563,606,629,637,655,695,697,706,722
false 1,7,11,28,45,88,121,138,175,193,269,312,336,362,421,464,490,514,612,630,637,654,687,697,705,722,725
false 1,7,28,54,119,139,175,192,241,270,312,335,390,391,464,485,490,513,533,563,612,629,639,655,687,695,706
false 1,7,28,44,54,120,139,242,270,311,334,341,362,391,463,484,491,514,533,593,606,613,630,639,654,705,725
false 1,7,28,32,46,92,122,174,198,213,243,268,310,365,420,462,487,517,532,556,608,638,684,698,702,723,729
false 1,7,12,28,47,91,99,123,197,214,268,309,339,366,420,461,532,556,562,592,638,653,682,698,704,717,728
false 1,2,7,8,13,28,33,48,93,268,364,420,460,516,532,556,591,607,631,638,652,676,683,698,703,718,724
false 1,7,28,32,46,92,99,122,138,198,214,243,269,366,421,460,562,591,607,637,653,676,683,697,704,718,722
false 1,7,12,28,47,91,123,138,174,197,269,310,339,364,421,462,487,516,608,631,637,652,684,697,703,722,724
false 1,2,7,8,13,28,33,48,93,138,213,269,309,365,421,461,517,592,637,682,697,702,717,722,723,728,729
false 1,7,28,32,46,54,92,122,139,198,243,270,309,364,391,461,516,533,592,631,639,652,682,703,717,724,728
false 1,7,12,28,47,54,91,123,139,197,213,270,339,365,391,460,517,533,591,607,639,676,683,702,718,723,729
false 1,7,28,89,140,174,195,238,245,271,310,338,362,388,395,422,462,487,514,531,538,608,630,654,684,705,725
false 1,7,28,117,140,194,212,239,245,271,309,337,363,389,395,422,436,461,486,515,538,564,592,656,682,717,728
false 1,7,28,31,43,90,118,140,196,240,245,271,395,422,460,513,538,563,591,607,629,655,676,683,695,706,718
false 1,7,28,55,89,141,195,212,238,272,338,363,388,394,436,460,515,531,537,564,591,607,642,656,676,683,718
false 1,7,28,55,117,141,174,194,239,272,310,337,389,394,462,486,487,513,537,563,608,629,642,655,684,695,706
false 1,7,28,31,43,55,90,118,141,196,240,272,309,362,394,461,514,537,592,630,642,654,682,705,717,725,728
false 1,7,15,28,56,89,124,142,195,238,246,309,338,388,396,461,513,531,563,592,629,655,682,695,706,717,728
false 1,7,15,28,56,117,124,142,194,239,246,337,362,389,396,460,486,514,591,607,630,654,676,683,705,718,725
false 1,7,28,119,140,192,213,241,245,271,308,335,340,365,390,395,422,459,485,489,517,538,590,611,702,723,729
false 1,7,28,44,99,120,140,214,242,245,271,334,366,395,422,458,484,538,562,589,606,609,653,675,685,704,719
false 1,7,11,28,45,88,121,140,193,245,271,336,364,395,422,488,516,538,588,610,631,652,674,686,703,715,724
false 1,7,28,55,99,119,141,192,214,241,272,335,366,390,394,485,488,537,562,588,610,642,653,674,686,704,715
false 1,7,28,44,55,120,141,242,272,308,334,340,364,394,459,484,489,516,537,590,606,611,631,642,652,703,724
false 1,7,11,28,45,55,88,121,141,193,213,272,336,365,394,458,517,537,589,609,642,675,685,702,719,723,729
false 1,7,15,28,56,119,124,142,192,241,246,335,364,390,396,458,485,516,589,609,631,652,675,685,703,719,724
false 1,7,15,28,44,56,120,124,142,213,242,246,334,365,396,484,488,517,588,606,610,674,686,702,715,723,729
false 1,7,28,80,129,176,187,199,256,273,313,330,342,357,408,423,482,492,509,522,557,627,633,659,696,708,726
false 1,7,28,129,175,209,256,273,312,329,358,375,408,423,439,464,481,490,510,523,557,569,605,612,634,661,687
false 1,7,28,85,129,188,225,256,273,311,331,341,376,408,423,463,491,508,524,557,568,593,613,626,660,694,709
false 1,7,28,143,187,209,255,274,311,330,341,358,407,424,439,463,482,491,510,522,547,569,593,613,633,661,696
false 1,7,28,80,143,176,199,255,274,313,329,342,375,407,424,481,492,508,523,547,568,605,626,634,660,694,709
false 1,7,28,85,143,175,188,225,255,274,312,331,357,376,407,424,464,490,509,524,547,612,627,659,687,708,726
false 1,7,28,50,57,130,144,175,187,257,275,312,330,464,482,490,508,522,568,612,626,633,660,687,694,696,709
false 1,7,28,50,57,130,144,257,275,311,329,341,357,375,463,481,491,509,523,593,605,613,627,634,659,708,726
false 1,7,28,129,174,210,256,273,310,327,360,377,408,423,442,462,479,487,512,525,557,573,604,608,635,664,684
false 1,7,28,98,129,169,211,226,256,273,298,309,361,378,408,423,444,461,478,526,557,592,603,681,682,717,728
false 1,7,28,108,129,186,227,256,273,297,328,359,379,408,423,443,460,480,511,557,574,591,607,628,676,683,718
false 1,7,28,98,143,169,211,255,274,298,327,361,377,407,424,444,460,479,525,547,591,604,607,635,676,683,718
false 1,7,28,143,174,226,255,274,297,310,359,378,407,424,443,462,478,487,511,526,547,574,603,608,628,681,684
false 1,7,28,108,143,186,210,227,255,274,309,328,360,379,407,424,442,461,480,512,547,573,592,664,682,717,728
false 1,7,28,50,57,130,144,257,275,297,309,327,359,377,443,461,479,511,525,574,592,604,628,635,682,717,728
false 1,7,28,50,57,130,144,210,226,257,275,360,378,442,460,478,512,526,573,591,603,607,664,676,681,683,718
false 1,7,28,86,129,190,228,256,273,308,333,340,380,408,423,459,489,506,527,557,570,590,611,624,662,693,710
false 1,7,28,109,129,189,229,256,273,296,332,356,381,408,423,441,458,483,507,557,572,589,609,625,675,685,719
false 1,7,28,30,39,87,110,129,191,230,256,273,408,423,440,488,557,571,588,610,623,663,674,686,692,715,721
false 1,7,28,86,143,190,228,255,274,296,333,356,380,407,424,441,488,507,527,547,572,588,610,625,674,686,715
false 1,7,28,109,143,189,229,255,274,308,332,340,381,407,424,440,459,483,489,547,571,590,611,623,663,692,721
false 1,7,28,30,39,87,110,143,191,230,255,274,407,424,458,506,547,570,589,609,624,662,675,685,693,710,719
false 1,7,28,50,57,86,130,144,190,228,257,275,333,380,440,458,527,571,589,609,623,663,675,685,692,719,721
false 1,7,28,50,57,109,130,144,189,229,257,275,332,381,483,488,506,570,588,610,624,662,674,686,693,710,715
false 1,7,28,145,187,210,253,276,308,330,340,360,405,425,442,459,482,489,512,522,546,573,590,611,633,664,696
false 1,7,28,98,145,169,211,253,276,298,329,361,375,405,425,444,458,481,523,546,589,605,609,634,675,685,719
false 1,7,28,85,145,188,225,253,276,297,331,359,376,405,425,443,488,511,524,546,574,588,610,628,674,686,715
false 1,7,28,58,98,146,169,187,211,277,298,330,361,404,444,482,488,522,545,588,610,633,646,674,686,696,715
false 1,7,28,58,146,277,297,308,329,340,359,375,404,443,459,481,489,511,523,545,574,590,605,611,628,634,646
false 1,7,28,58,85,146,188,210,225,277,331,360,376,404,442,458,512,524,545,573,589,609,646,664,675,685,719
false 1,7,16,28,59,128,147,187,254,297,330,359,406,443,458,482,511,522,574,589,609,628,633,675,685,696,719
false 1,7,16,28,59,128,147,210,254,329,360,375,406,442,481,488,512,523,573,588,605,610,634,664,674,686,715
false 1,7,28,80,145,176,199,253,276,313,327,342,377,405,425,479,492,506,525,546,570,604,624,635,662,693,710
false 1,7,28,145,175,226,253,276,296,312,356,378,405,425,441,464,478,490,507,526,546,572,603,612,625,681,687
false 1,7,28,108,145,186,227,253,276,311,328,341,379,405,425,440,463,480,491,546,571,593,613,623,663,692,721
false 1,7,28,58,146,277,296,311,327,341,356,377,404,441,463,479,491,507,525,545,572,593,604,613,625,635,646
false 1,7,28,58,80,146,176,199,226,277,313,342,378,404,440,478,492,526,545,571,603,623,646,663,681,692,721
false 1,7,28,58,108,146,175,186,227,277,312,328,379,404,464,480,490,506,545,570,612,624,646,662,687,693,710
false 1,7,16,28,59,128,147,175,254,312,327,377,406,440,464,479,490,525,571,604,612,623,635,663,687,692,721
false 1,7,16,28,59,128,147,226,254,311,341,378,406,463,478,491,506,526,570,593,603,613,624,662,681,693,710
false 1,7,28,86,145,174,190,228,253,276,310,333,357,380,405,425,462,487,509,527,546,608,627,659,684,708,726
false 1,7,28,109,145,189,209,229,253,276,309,332,358,381,405,425,439,461,483,510,546,569,592,661,682,717,728
false 1,7,28,30,39,87,110,145,191,230,253,276,405,425,460,508,546,568,591,607,626,660,676,683,694,709,718
false 1,7,28,58,86,146,190,209,228,277,333,358,380,404,439,460,510,527,545,569,591,607,646,661,676,683,718
false 1,7,28,58,109,146,174,189,229,277,310,332,381,404,462,483,487,508,545,568,608,626,646,660,684,694,709
false 1,7,28,30,39,58,87,110,146,191,230,277,309,357,404,461,509,545,592,627,646,659,682,708,717,726,728
false 1,7,16,28,59,86,128,147,190,228,254,309,333,380,406,461,508,527,568,592,626,660,682,694,709,717,728
false 1,7,16,28,59,109,128,147,189,229,254,332,357,381,406,460,483,509,591,607,627,659,676,683,708,718,726
false 1,7,28,51,60,132,148,174,187,259,278,310,330,462,482,487,506,522,570,608,624,633,662,684,693,696,710
false 1,7,28,51,60,132,148,259,278,296,309,329,356,375,441,461,481,507,523,572,592,605,625,634,682,717,728
false 1,7,28,51,60,85,132,148,188,225,259,278,331,376,440,460,524,571,591,607,623,663,676,683,692,718,721
false 1,7,17,28,61,131,149,187,258,296,330,356,409,441,460,482,507,522,572,591,607,625,633,676,683,696,718
false 1,7,17,28,61,131,149,174,258,310,329,375,409,440,462,481,487,523,571,605,608,623,634,663,684,692,721
false 1,7,17,28,61,85,131,149,188,225,258,309,331,376,409,461,506,524,570,592,624,662,682,693,710,717,728
false 1,3,7,14,18,28,52,62,133,187,309,330,440,461,482,522,571,592,623,633,663,682,692,696,717,721,728
false 1,3,7,14,18,28,52,62,133,329,375,460,481,506,523,570,591,605,607,624,634,662,676,683,693,710,718
false 1,7,28,51,60,132,148,259,278,308,327,340,357,377,459,479,489,509,525,590,604,611,627,635,659,708,726
false 1,7,28,51,60,132,148,209,226,259,278,358,378,439,458,478,510,526,569,589,603,609,661,675,681,685,719
false 1,7,28,51,60,108,132,148,186,227,259,278,328,379,480,488,508,568,588,610,626,660,674,686,694,709,715
false 1,7,17,28,61,131,149,209,258,327,358,377,409,439,479,488,510,525,569,588,604,610,635,661,674,686,715
false 1,7,17,28,61,131,149,226,258,308,340,378,409,459,478,489,508,526,568,590,603,611,626,660,681,694,709
false 1,7,17,28,61,108,131,149,186,227,258,328,357,379,409,458,480,509,589,609,627,659,675,685,708,719,726
false 1,3,7,14,18,28,52,62,133,327,377,458,479,508,525,568,589,604,609,626,635,660,675,685,694,709,719
false 1,3,7,14,18,28,52,62,133,226,357,378,478,488,509,526,588,603,610,627,659,674,681,686,708,715,726
false 1,7,28,94,129,173,202,213,256,273,307,322,348,365,382,408,423,457,474,517,528,557,601,636,702,723,729
false 1,7,28,99,129,214,231,256,273,306,346,366,383,408,423,456,473,498,529,557,562,587,600,619,653,680,704
false 1,7,28,111,129,183,201,232,256,273,323,347,364,384,408,423,455,475,499,516,557,586,631,652,673,703,724
false 1,7,28,99,143,201,214,255,274,322,347,366,382,407,424,455,474,499,528,547,562,586,601,636,653,673,704
false 1,7,28,94,143,173,202,231,255,274,307,348,364,383,407,424,457,473,516,529,547,600,631,652,680,703,724
false 1,7,28,111,143,183,213,232,255,274,306,323,346,365,384,407,424,456,475,498,517,547,587,619,702,723,729
false 1,7,28,50,57,130,144,257,275,306,322,346,364,382,456,474,498,516,528,587,601,619,631,636,652,703,724
false 1,7,28,50,57,130,144,201,213,231,257,275,347,365,383,455,473,499,517,529,586,600,673,680,702,723,729
false 1,7,28,100,129,216,233,256,273,305,343,368,385,408,423,454,471,494,530,557,565,585,598,616,657,679,707
false 1,7,28,35,101,112,129,217,234,256,273,295,386,408,423,438,453,557,567,584,597,614,672,678,688,716,720
false 1,7,28,40,113,129,215,235,256,273,321,367,408,423,437,472,493,518,557,566,583,599,615,658,671,689,714
false 1,7,28,35,101,143,217,233,255,274,295,385,407,424,438,471,493,530,547,567,583,598,615,671,679,689,714
false 1,7,28,112,143,215,234,255,274,305,343,367,386,407,424,437,454,494,518,547,566,585,597,616,658,678,716
false 1,7,28,40,100,113,143,216,235,255,274,321,368,407,424,453,472,547,565,584,599,614,657,672,688,707,720
false 1,7,28,50,57,130,144,215,233,257,275,367,385,437,453,471,518,530,566,584,598,614,658,672,679,688,720
false 1,7,28,50,57,100,112,130,144,216,234,257,275,368,386,493,565,583,597,615,657,671,678,689,707,714,716
false 1,7,28,114,129,184,200,236,256,273,325,345,362,387,408,423,452,477,497,514,557,582,630,654,670,705,725
false 1,7,28,41,115,129,212,237,256,273,324,363,408,423,436,476,495,515,557,564,581,602,617,656,669,690,713
false 1,7,10,28,42,84,116,129,185,256,273,326,344,408,423,496,513,557,563,618,629,655,668,695,706,712,727
false 1,7,28,114,143,184,212,236,255,274,325,344,363,387,407,424,436,477,496,515,547,564,618,656,668,712,727
false 1,7,28,41,115,143,200,237,255,274,324,345,407,424,452,476,497,513,547,563,582,602,629,655,670,695,706
false 1,7,10,28,42,84,116,143,185,255,274,326,362,407,424,495,514,547,581,617,630,654,669,690,705,713,725
false 1,7,28,50,57,114,130,144,184,236,257,275,325,387,477,495,513,563,581,617,629,655,669,690,695,706,713
false 1,7,28,41,50,57,115,130,144,237,257,275,324,344,362,476,496,514,602,618,630,654,668,705,712,725,727
false 1,7,28,100,145,200,216,253,276,322,345,368,382,405,425,452,474,497,528,546,565,582,601,636,657,670,707
false 1,7,28,35,101,145,217,231,253,276,295,383,405,425,438,473,495,529,546,567,581,600,617,669,680,690,713
false 1,7,28,111,145,183,215,232,253,276,323,344,367,384,405,425,437,475,496,518,546,566,618,658,668,712,727
false 1,7,28,35,58,101,146,217,277,295,322,344,382,404,438,474,496,528,545,567,601,618,636,646,668,712,727
false 1,7,28,58,146,200,215,231,277,345,367,383,404,437,452,473,497,518,529,545,566,582,600,646,658,670,680
false 1,7,28,58,100,111,146,183,216,232,277,323,368,384,404,475,495,545,565,581,617,646,657,669,690,707,713
false 1,7,16,28,59,128,147,215,254,322,367,382,406,437,474,495,518,528,566,581,601,617,636,658,669,690,713
false 1,7,16,28,59,100,128,147,216,231,254,344,368,383,406,473,496,529,565,600,618,657,668,680,707,712,727
false 1,7,28,94,145,173,202,233,253,276,307,348,362,385,405,425,457,471,514,530,546,598,630,654,679,705,725
false 1,7,28,112,145,212,234,253,276,306,346,363,386,405,425,436,456,498,515,546,564,587,597,619,656,678,716
false 1,7,28,58,146,201,212,233,277,347,363,385,404,436,455,471,499,515,530,545,564,586,598,646,656,673,679
false 1,7,28,58,94,112,146,173,202,234,277,307,348,386,404,457,513,545,563,597,629,646,655,678,695,706,716
false 1,7,28,40,58,113,146,235,277,306,321,346,362,404,456,472,498,514,545,587,599,619,630,646,654,705,725
false 1,7,16,28,59,128,147,233,254,306,346,385,406,456,471,498,513,530,563,587,598,619,629,655,679,695,706
false 1,7,16,28,59,112,128,147,201,234,254,347,362,386,406,455,499,514,586,597,630,654,673,678,705,716,725
false 1,7,28,114,145,184,213,236,253,276,305,325,343,365,387,405,425,454,477,494,517,546,585,616,702,723,729
false 1,7,28,41,99,115,145,214,237,253,276,324,366,405,425,453,476,546,562,584,602,614,653,672,688,704,720
false 1,7,10,28,42,84,116,145,185,253,276,326,364,405,425,493,516,546,583,615,631,652,671,689,703,714,724
false 1,7,28,58,99,114,146,184,214,236,277,325,366,387,404,477,493,545,562,583,615,646,653,671,689,704,714
false 1,7,28,41,58,115,146,237,277,305,324,343,364,404,454,476,494,516,545,585,602,616,631,646,652,703,724
false 1,7,10,28,42,58,84,116,146,185,213,277,326,365,404,453,517,545,584,614,646,672,688,702,720,723,729
false 1,7,16,28,59,114,128,147,184,236,254,325,364,387,406,453,477,516,584,614,631,652,672,688,703,720,724
false 1,7,16,28,41,59,115,128,147,213,237,254,324,365,406,476,493,517,583,602,615,671,689,702,714,723,729
false 1,7,28,51,60,132,148,259,278,305,322,343,362,382,454,474,494,514,528,585,601,616,630,636,654,705,725
false 1,7,28,51,60,132,148,212,231,259,278,363,383,436,453,473,515,529,564,584,600,614,656,672,680,688,720
false 1,7,28,51,60,111,132,148,183,232,259,278,323,384,475,493,513,563,583,615,629,655,671,689,695,706,714
false 1,7,17,28,61,131,149,212,258,322,363,382,409,436,474,493,515,528,564,583,601,615,636,656,671,689,714
false 1,7,17,28,61,131,149,231,258,305,343,383,409,454,473,494,513,529,563,585,600,616,629,655,680,695,706
false 1,7,17,28,61,111,131,149,183,232,258,323,362,384,409,453,475,514,584,614,630,654,672,688,705,720,725
false 1,3,7,14,18,28,52,62,133,322,382,453,474,513,528,563,584,601,614,629,636,655,672,688,695,706,720
false 1,3,7,14,18,28,52,62,133,231,362,383,473,493,514,529,583,600,615,630,654,671,680,689,705,714,725
false 1,7,28,51,60,132,148,200,213,233,259,278,345,365,385,452,471,497,517,530,582,598,670,679,702,723,729
false 1,7,28,51,60,99,112,132,148,214,234,259,278,366,386,495,562,581,597,617,653,669,678,690,704,713,716
false 1,7,28,40,51,60,113,132,148,235,259,278,321,344,364,472,496,516,599,618,631,652,668,703,712,724,727
false 1,7,17,28,61,99,131,149,214,233,258,344,366,385,409,471,496,530,562,598,618,653,668,679,704,712,727
false 1,7,17,28,61,112,131,149,200,234,258,345,364,386,409,452,497,516,582,597,631,652,670,678,703,716,724
false 1,7,17,28,40,61,113,131,149,213,235,258,321,365,409,472,495,517,581,599,617,669,690,702,713,723,729
false 1,3,7,14,18,28,52,62,133,233,364,385,471,495,516,530,581,598,617,631,652,669,679,690,703,713,724
false 1,3,7,14,18,28,52,62,112,133,213,234,344,365,386,496,517,597,618,668,678,702,712,716,723,727,729
true 1,6,7,26,27,28,77,78,125,168,248,249,260,399,400,401,410,411,542,543,548,549,550,645,647,648,701
true 1,21,36,106,153,160,164,169,211,213,280,294,302,367,430,432,437,446,508,515,579,632,656,660,693,710,723
true 1,21,37,98,153,160,164,215,222,280,294,298,300,363,430,432,436,450,517,519,566,570,577,624,694,709,729
true 1,21,104,153,160,164,212,224,280,294,299,361,365,369,430,432,444,448,506,518,564,568,580,626,658,662,702
true 1,36,37,72,74,160,162,169,211,280,282,284,369,446,448,450,515,517,518,561,568,570,624,626,656,658,729
true 1,72,74,98,160,162,222,224,280,282,284,298,363,365,367,436,437,506,508,561,577,579,580,632,660,662,702
true 1,72,74,104,106,160,162,212,213,215,280,282,284,299,300,302,361,444,519,561,564,566,693,694,709,710,723
true 1,7,28,35,36,63,66,101,104,152,157,217,222,283,288,295,296,299,356,438,441,446,507,567,572,577,625
true 1,6,7,26,27,28,77,78,134,168,247,261,262,397,398,412,413,414,539,540,541,551,552,643,644,649,700
true 1,7,9,28,38,63,66,79,107,152,157,172,209,212,283,288,304,358,363,436,439,510,515,564,569,656,661
true 1,7,20,28,35,68,101,102,150,160,170,209,217,219,280,295,301,358,371,428,438,439,449,510,567,569,661
true 1,7,20,28,36,68,98,104,150,160,169,211,212,222,280,298,299,361,363,428,436,444,446,515,564,577,656
true 1,7,28,72,74,125,126,164,166,249,251,260,261,263,293,294,401,403,411,413,415,539,550,552,553,643,700
true 1,7,9,20,28,38,68,79,99,107,150,160,172,214,280,296,304,356,366,428,441,507,562,572,625,653,704
true 1,4,7,19,22,28,65,71,102,155,170,212,219,296,301,356,363,371,436,441,449,507,515,564,572,625,656
true 1,4,7,19,22,28,36,65,71,99,104,155,209,214,222,299,358,366,439,446,510,562,569,577,653,661,704
true 1,7,28,72,74,134,135,164,166,247,248,250,262,264,293,294,398,400,402,414,416,541,543,544,548,647,701
false 1,7,28,29,34,83,85,97,99,125,182,188,208,214,225,249,260,331,366,376,401,411,524,550,562,653,704
false 1,7,28,35,81,101,108,125,179,186,203,217,227,249,260,295,318,328,350,379,401,411,438,480,502,550,567
false 1,7,28,30,39,87,95,110,125,177,191,205,212,230,249,260,315,353,363,401,411,436,467,515,550,564,656
true 1,7,28,49,53,72,74,127,136,164,166,252,265,293,294,397,399,410,412,540,542,549,551,644,645,648,649
false 1,7,28,35,85,95,101,134,177,188,205,217,225,247,262,295,315,331,353,376,398,414,438,467,524,541,567
false 1,7,28,29,34,83,97,108,134,182,186,208,212,227,247,262,328,363,379,398,414,436,480,515,541,564,656
false 1,7,28,30,39,81,87,99,110,134,179,191,203,214,230,247,262,318,350,366,398,414,502,541,562,653,704
true 1,7,24,28,75,126,134,163,167,247,251,262,263,292,398,399,403,410,414,415,435,541,542,549,553,645,648
false 1,7,28,49,53,81,85,127,136,179,188,203,212,225,252,265,318,331,350,363,376,436,502,515,524,564,656
false 1,7,28,49,53,95,99,108,127,136,177,186,205,214,227,252,265,315,328,353,366,379,467,480,562,653,704
false 1,7,28,36,80,104,111,125,176,183,199,222,232,249,260,299,313,323,342,384,401,411,446,475,492,550,577
true 1,7,24,28,75,125,135,163,167,249,250,260,264,292,397,401,402,411,412,416,435,540,544,550,551,644,649
true 1,67,94,154,157,166,175,177,207,283,291,293,310,319,353,426,457,469,488,500,583,608,617,669,687,689,715
true 1,67,96,154,157,166,173,178,205,283,291,293,312,315,348,426,462,470,487,495,588,612,615,671,686,691,713
true 1,67,95,154,157,166,174,180,202,283,291,293,307,317,355,426,464,467,490,493,581,610,620,674,684,690,714
true 1,64,69,94,96,157,164,177,283,290,294,310,317,353,457,464,470,490,558,581,588,608,615,620,671,686,690
true 1,64,69,157,164,173,175,180,205,283,290,294,315,348,355,462,469,487,493,500,558,610,617,669,674,687,714
true 1,64,69,95,157,164,174,178,202,207,283,290,294,307,312,319,467,488,495,558,583,612,684,689,691,713,715
true 1,72,74,94,157,159,161,177,178,180,283,285,310,312,353,355,457,493,495,608,610,612,651,674,691,713,714
true 1,72,74,157,159,161,173,205,207,283,285,315,317,319,348,462,464,487,488,490,581,583,620,651,689,690,715
true 1,72,74,95,96,157,159,161,174,175,202,283,285,307,467,469,470,500,588,615,617,651,669,671,684,686,687
true 1,7,24,28,49,53,75,127,136,163,167,248,252,261,265,292,400,413,435,539,543,548,552,643,647,700,701
true 1,64,69,94,96,152,159,166,174,178,205,288,293,315,457,464,470,490,583,610,617,651,669,674,684,689,691
true 1,64,69,95,152,159,166,173,175,180,288,293,310,317,348,355,467,488,495,608,615,620,651,671,687,713,715
true 1,64,69,152,159,166,177,202,207,288,293,307,312,319,353,462,469,487,493,500,581,588,612,651,686,690,714
true 1,67,94,152,161,164,174,180,205,285,288,294,312,315,355,426,457,469,488,500,581,612,615,671,684,690,715
true 1,67,95,152,161,164,173,178,207,285,288,294,310,319,348,426,464,467,490,493,588,608,617,669,686,691,714
true 1,67,96,152,161,164,175,177,202,285,288,294,307,317,353,426,462,470,487,495,583,610,620,674,687,689,713
true 1,72,74,94,152,154,174,175,205,207,288,290,291,315,317,319,457,493,495,558,588,620,684,686,687,713,714
true 1,72,74,95,96,152,154,173,288,290,291,310,312,348,467,469,470,500,558,581,583,608,610,612,674,689,690
true 1,72,74,152,154,177,178,180,202,288,290,291,307,353,355,462,464,487,488,490,558,615,617,669,671,691,715
true 1,5,7,23,25,28,73,76,126,165,248,251,263,397,400,403,412,415,540,543,548,551,553,644,647,649,701
true 1,63,66,94,95,161,166,180,285,290,293,312,317,355,457,462,467,487,558,583,588,612,617,620,669,686,689
true 1,63,66,161,166,173,174,177,207,285,290,293,319,348,353,464,469,490,495,500,558,610,615,671,674,684,713
true 1,63,66,96,161,166,175,178,202,205,285,290,293,307,310,315,470,488,493,558,581,608,687,690,691,714,715
true 1,63,66,94,95,154,159,164,175,178,207,291,294,319,457,462,467,487,581,610,615,651,671,674,687,690,691
true 1,63,66,96,154,159,164,173,174,177,291,294,312,317,348,353,470,488,493,612,617,620,651,669,684,714,715
true 1,63,66,154,159,164,180,202,205,291,294,307,310,315,355,464,469,490,495,500,583,588,608,651,686,689,713
true 1,63,64,66,67,69,72,74,94,95,96,426,457,462,464,467,469,470,487,488,490,493,495,500,713,714,715
true 1,63,64,66,67,69,72,74,173,174,175,177,178,180,348,353,355,426,581,583,588,684,686,687,689,690,691
true 1,63,64,66,67,69,72,74,202,205,207,307,310,312,315,317,319,426,608,610,612,615,617,620,669,671,674
true 1,5,7,23,25,28,73,76,135,165,250,261,264,399,402,410,413,416,539,542,544,549,552,643,645,648,700
false 1,7,9,28,38,40,79,107,113,125,172,174,235,249,260,304,310,321,401,411,462,472,487,550,599,608,684
false 1,7,10,28,42,84,102,116,125,170,185,219,249,260,301,308,326,340,371,401,411,449,459,489,550,590,611
true 1,21,24,63,66,82,153,158,163,173,174,177,279,311,316,348,353,453,458,505,613,618,621,668,684,719,720
true 1,21,24,63,66,153,158,163,181,202,205,279,307,310,315,354,463,468,491,496,501,584,589,608,685,688,712
true 1,21,24,63,66,94,95,153,158,163,206,279,320,341,344,349,457,462,467,487,593,596,609,614,672,675,727
true 1,6,7,26,27,28,77,78,137,168,244,266,267,392,393,417,418,419,534,535,536,554,555,640,641,650,699
true 1,21,82,153,157,167,173,205,283,292,311,315,348,349,427,434,462,487,496,505,589,596,613,614,672,685,712
true 1,21,95,153,157,167,174,181,202,283,292,307,316,344,354,427,434,453,463,467,491,609,621,675,684,720,727
true 1,21,94,153,157,167,177,206,283,292,310,320,341,353,427,434,457,458,468,501,584,593,608,618,668,688,719
true 1,21,75,82,95,152,153,173,288,289,310,311,344,348,435,467,468,501,505,559,584,608,609,613,675,688,727
true 1,21,75,152,153,177,181,202,288,289,307,349,353,354,435,458,462,463,487,491,559,596,614,618,668,672,719
true 1,21,75,94,152,153,174,205,206,288,289,315,316,320,341,435,453,457,496,559,589,593,621,684,685,712,720
true 1,24,82,152,162,163,177,202,284,288,307,316,341,353,427,434,462,487,496,505,584,593,609,621,675,688,712
true 1,24,94,152,162,163,174,181,205,284,288,311,315,344,354,427,434,457,458,468,501,613,614,672,684,719,727
true 1,24,95,152,162,163,173,206,284,288,310,320,348,349,427,434,453,463,467,491,589,596,608,618,668,685,720
true 1,6,7,26,27,28,54,77,78,138,139,168,268,269,270,391,420,421,532,533,556,637,638,639,697,698,722
true 1,63,66,82,162,167,202,205,284,289,292,307,310,315,341,344,349,453,458,505,559,593,596,608,719,720,727
true 1,63,66,94,95,162,167,181,284,289,292,311,316,354,457,462,467,487,559,584,589,613,618,621,668,685,688
true 1,63,66,162,167,173,174,177,206,284,289,292,320,348,353,463,468,491,496,501,559,609,614,672,675,684,712
true 1,75,82,95,157,158,162,174,202,279,283,284,307,341,435,467,468,501,505,589,593,614,618,668,672,684,685
true 1,75,94,157,158,162,177,181,279,283,284,310,311,349,353,354,435,453,457,496,596,608,609,613,675,712,720
true 1,75,157,158,162,173,205,206,279,283,284,315,316,320,344,348,435,458,462,463,487,491,584,621,688,719,727
true 1,24,70,82,94,157,163,177,283,289,310,316,344,353,431,457,463,491,505,559,589,608,614,621,672,685,727
true 1,24,70,157,163,173,181,205,283,289,315,341,348,354,431,453,462,468,487,501,559,593,609,618,668,675,720
true 1,24,70,95,157,163,174,202,206,283,289,307,311,320,349,431,458,467,496,559,584,596,613,684,688,712,719
true 1,7,28,72,74,137,138,140,164,166,244,245,267,269,271,293,294,393,395,419,421,422,536,538,637,697,722
true 1,70,82,94,152,158,167,174,205,279,288,292,315,349,431,457,463,491,505,584,596,609,618,668,675,684,688
true 1,70,95,152,158,167,173,181,279,288,292,310,316,341,348,354,431,458,467,496,593,608,614,621,672,712,719
true 1,70,152,158,167,177,202,206,279,288,292,307,311,320,344,353,431,453,462,468,487,501,589,613,685,720,727
true 1,63,66,70,75,82,94,95,427,431,434,435,453,457,458,462,463,467,468,487,491,496,501,505,712,719,720
true 1,63,66,70,75,173,174,177,181,341,344,348,349,353,354,427,431,434,435,584,589,593,596,684,685,688,727
true 1,63,66,70,75,202,205,206,307,310,311,315,316,320,427,431,434,435,608,609,613,614,618,621,668,672,675
false 1,7,9,28,38,79,107,111,134,172,183,232,247,262,304,308,323,340,384,398,414,459,475,489,541,590,611
true 1,7,28,54,55,72,74,139,141,164,166,270,272,293,294,391,392,394,417,533,535,537,554,639,641,642,650
false 1,7,28,40,80,102,113,134,170,176,199,219,235,247,262,301,313,321,342,371,398,414,449,472,492,541,599
false 1,7,10,28,36,42,84,104,116,134,174,185,222,247,262,299,310,326,398,414,446,462,487,541,577,608,684
false 1,7,28,49,53,102,111,127,136,170,174,183,219,232,252,265,301,310,323,371,384,449,462,475,487,608,684
true 1,7,15,28,56,72,74,124,142,164,166,246,266,268,293,294,396,418,420,532,534,555,556,638,640,698,699
false 1,7,28,36,40,49,53,104,113,127,136,222,235,252,265,299,308,321,340,446,459,472,489,577,590,599,611
false 1,7,28,31,43,90,94,118,125,173,196,202,209,240,249,260,307,348,358,401,411,439,457,510,550,569,661
false 1,7,11,28,45,88,98,121,125,169,193,211,249,260,298,305,336,343,361,401,411,444,454,494,550,585,616
true 1,7,24,28,54,75,139,140,163,167,245,266,270,271,292,391,395,418,422,435,533,534,538,555,639,640,699
false 1,2,7,8,13,28,33,48,93,125,200,249,260,296,345,356,401,411,441,452,497,507,550,572,582,625,670
false 1,7,28,31,43,90,98,118,134,169,196,200,211,240,247,262,298,345,361,398,414,444,452,497,541,582,670
false 1,7,11,28,45,88,94,121,134,173,193,202,247,262,296,307,336,348,356,398,414,441,457,507,541,572,625
true 1,7,24,28,55,75,137,141,163,167,244,267,268,272,292,393,394,419,420,435,532,536,537,556,638,642,698
false 1,2,7,8,13,28,33,48,93,134,209,247,262,305,343,358,398,414,439,454,494,510,541,569,585,616,661
false 1,7,28,31,43,49,53,90,118,127,136,196,240,252,265,296,305,343,356,441,454,494,507,572,585,616,625
false 1,7,11,28,45,49,53,88,121,127,136,193,200,209,252,265,336,345,358,439,452,497,510,569,582,661,670
true 1,7,15,24,28,56,75,124,138,142,163,167,246,269,292,392,396,417,421,435,535,554,637,641,650,697,722
false 1,7,28,36,85,94,104,137,173,188,202,222,225,244,267,299,307,331,348,376,393,419,446,457,524,536,577
false 1,7,9,28,38,79,107,108,137,172,186,227,244,267,304,305,328,343,379,393,419,454,480,494,536,585,616
false 1,7,28,30,39,87,102,110,137,170,191,200,219,230,244,267,301,345,371,393,419,449,452,497,536,582,670
true 1,5,7,23,25,28,73,76,140,165,245,268,271,392,395,417,420,422,532,535,538,554,556,638,641,650,698
false 1,7,9,28,38,54,79,85,107,139,172,188,200,225,270,304,331,345,376,391,452,497,524,533,582,639,670
false 1,7,28,54,94,102,108,139,170,173,186,202,219,227,270,301,307,328,348,371,379,391,449,457,480,533,639
true 1,20,24,64,69,81,150,156,163,173,175,180,281,308,314,348,355,453,460,502,611,618,622,668,687,718,720
true 1,20,24,64,69,150,156,163,179,202,207,281,307,312,319,350,459,466,489,496,503,584,591,612,683,688,712
true 1,20,24,64,69,94,96,150,156,163,203,281,318,340,344,351,457,464,470,490,590,595,607,614,672,676,727
true 1,5,7,23,25,28,55,73,76,138,141,165,266,269,272,394,418,421,534,537,555,637,640,642,697,699,722
true 1,20,81,150,161,167,173,207,285,292,308,319,348,351,429,433,464,490,496,502,591,595,611,614,672,683,712
true 1,20,96,150,161,167,175,179,202,285,292,307,314,344,350,429,433,453,459,470,489,607,622,676,687,720,727
true 1,20,94,150,161,167,180,203,285,292,312,318,340,355,429,433,457,460,466,503,584,590,612,618,668,688,718
true 1,20,75,81,96,150,154,173,287,291,308,312,344,348,435,466,470,502,503,560,584,607,611,612,676,688,727
true 1,20,75,150,154,179,180,202,287,291,307,350,351,355,435,459,460,464,489,490,560,595,614,618,668,672,718
true 1,20,75,94,150,154,175,203,207,287,291,314,318,319,340,435,453,457,496,560,590,591,622,683,687,712,720
true 1,24,81,154,160,163,180,202,280,291,307,314,340,355,429,433,464,490,496,502,584,590,607,622,676,688,712
true 1,24,94,154,160,163,175,179,207,280,291,308,319,344,350,429,433,457,460,466,503,611,614,672,687,718,727
true 1,24,96,154,160,163,173,203,280,291,312,318,348,351,429,433,453,459,470,489,591,595,612,618,668,683,720
true 1,7,28,49,53,127,129,136,138,151,252,256,265,269,273,282,286,408,421,423,430,432,557,561,637,697,722
true 1,64,69,81,160,167,202,207,280,287,292,307,312,319,340,344,351,453,460,502,560,590,595,612,718,720,727
true 1,64,69,94,96,160,167,179,280,287,292,308,314,350,457,464,470,490,560,584,591,611,618,622,668,683,688
true 1,64,69,160,167,173,175,180,203,280,287,292,318,348,355,459,466,489,496,503,560,607,614,672,676,687,712
true 1,75,81,96,156,160,161,175,202,280,281,285,307,340,435,466,470,502,503,590,591,614,618,668,672,683,687
true 1,75,94,156,160,161,179,180,280,281,285,308,312,350,351,355,435,453,457,496,595,607,611,612,676,712,720
true 1,75,156,160,161,173,203,207,280,281,285,314,318,319,344,348,435,459,460,464,489,490,584,622,688,718,727
true 1,24,68,81,94,161,163,180,285,287,312,314,344,355,428,457,459,489,502,560,591,612,614,622,672,683,727
true 1,24,68,161,163,173,179,207,285,287,319,340,348,350,428,453,464,466,490,503,560,590,607,618,668,676,720
true 1,24,68,96,161,163,175,202,203,285,287,307,308,318,351,428,460,470,496,560,584,595,611,687,688,712,718
true 1,7,28,54,126,139,143,151,251,255,263,270,274,282,286,391,403,407,415,424,430,432,533,547,553,561,639
true 1,68,81,94,154,156,167,175,207,281,291,292,319,351,428,457,459,489,502,584,595,607,618,668,676,687,688
true 1,68,96,154,156,167,173,179,281,291,292,312,314,340,348,350,428,460,470,496,590,612,614,622,672,712,718
true 1,68,154,156,167,180,202,203,281,291,292,307,308,318,344,355,428,453,464,466,490,503,591,611,683,720,727
true 1,64,68,69,75,81,94,96,428,429,433,435,453,457,459,460,464,466,470,489,490,496,502,503,712,718,720
true 1,64,68,69,75,173,175,179,180,340,344,348,350,351,355,428,429,433,435,584,590,591,595,683,687,688,727
true 1,64,68,69,75,202,203,207,307,308,312,314,318,319,428,429,433,435,607,611,612,614,618,622,668,672,676
false 1,7,28,30,36,39,54,87,104,110,139,191,222,230,270,299,305,343,391,446,454,494,533,577,585,616,639
true 1,7,28,50,57,130,135,144,151,250,257,264,268,275,282,286,402,416,420,430,432,532,544,556,561,638,698
false 1,7,15,28,56,85,102,124,142,170,188,219,225,246,301,305,331,343,371,376,396,449,454,494,524,585,616
true 1,20,81,150,162,166,173,206,284,293,308,320,348,352,430,432,463,491,495,502,592,594,611,615,671,682,713
true 1,20,82,150,162,166,179,202,204,284,293,307,309,341,350,430,432,459,489,493,505,581,593,677,690,714,728
true 1,20,94,150,162,166,181,203,284,293,311,318,340,354,430,432,457,461,465,504,583,590,613,617,669,689,717
true 1,20,70,81,150,164,173,181,204,282,294,308,341,348,354,431,461,493,502,561,593,611,617,669,677,714,717
true 1,20,70,150,164,179,202,206,282,294,307,311,320,350,431,459,465,489,495,504,561,583,592,613,682,689,713
true 1,20,70,82,94,150,164,203,282,294,309,318,340,352,431,457,463,491,505,561,581,590,594,615,671,690,728
true 1,7,28,54,129,135,139,156,250,256,264,270,273,281,287,391,402,408,416,423,429,433,533,544,557,560,639
true 1,20,21,72,74,81,82,150,151,153,173,286,308,309,311,348,465,502,504,505,581,583,611,613,689,690,728
true 1,20,21,72,74,150,151,153,179,181,202,286,307,350,352,354,459,461,463,489,491,594,615,617,669,671,717
true 1,20,21,72,74,94,150,151,153,203,204,206,286,318,320,340,341,457,493,495,590,592,593,677,682,713,714
true 1,70,81,151,160,166,202,206,280,286,293,307,311,320,340,352,431,461,493,502,581,590,594,613,690,714,717
true 1,70,82,94,151,160,166,179,204,280,286,293,308,350,431,457,463,491,505,583,592,611,617,669,677,682,689
true 1,70,151,160,166,173,181,203,280,286,293,309,318,341,348,354,431,459,465,489,495,504,593,615,671,713,728
true 1,21,81,153,160,164,181,202,204,280,294,307,309,340,354,430,432,463,491,495,502,583,590,677,689,713,728
true 1,21,94,153,160,164,179,206,280,294,308,320,341,350,430,432,457,461,465,504,581,593,611,615,671,690,717
true 1,21,82,153,160,164,173,203,280,294,311,318,348,352,430,432,459,489,493,505,592,594,613,617,669,682,714
true 1,7,28,49,53,127,136,143,156,252,255,265,268,274,281,287,407,420,424,429,433,532,547,556,560,638,698
true 1,72,74,81,82,160,162,202,280,282,284,307,340,341,465,502,504,505,561,590,592,593,615,617,669,671,682
true 1,72,74,94,160,162,179,181,280,282,284,308,309,311,350,352,354,457,493,495,561,594,611,613,713,714,728
true 1,72,74,160,162,173,203,204,206,280,282,284,318,320,348,459,461,463,489,491,561,581,583,677,689,690,717
true 1,21,68,81,94,153,166,206,282,293,309,320,341,352,428,457,459,489,502,561,583,593,594,617,669,689,728
true 1,21,68,82,153,166,173,179,204,282,293,311,340,348,350,428,461,495,505,561,590,613,615,671,677,713,717
true 1,21,68,153,166,181,202,203,282,293,307,308,318,354,428,463,465,491,493,504,561,581,592,611,682,690,714
true 1,68,81,94,151,162,164,181,204,284,286,294,311,354,428,457,459,489,502,581,592,613,615,671,677,682,690
true 1,68,151,162,164,173,179,206,284,286,294,309,320,340,348,350,428,463,465,491,493,504,590,617,669,714,728
true 1,68,82,151,162,164,202,203,284,286,294,307,308,318,341,352,428,461,495,505,583,593,594,611,689,713,717
true 1,7,28,50,57,126,130,138,144,156,251,257,263,269,275,281,287,403,415,421,429,433,553,560,637,697,722
true 1,68,70,72,74,81,82,94,428,430,431,432,457,459,461,463,465,489,491,493,495,502,504,505,713,714,717
true 1,68,70,72,74,173,179,181,340,341,348,350,352,354,428,430,431,432,581,583,590,592,593,594,682,689,690
true 1,68,70,72,74,202,203,204,206,307,308,309,311,318,320,428,430,431,432,611,613,615,617,669,671,677,728
false 1,7,15,28,36,56,104,108,124,142,186,200,222,227,246,299,328,345,379,396,446,452,480,497,577,582,670
false 1,7,28,29,34,83,97,111,137,182,183,208,209,232,244,267,323,358,384,393,419,439,475,510,536,569,661
true 1,7,28,63,66,126,129,152,157,251,256,263,268,273,283,288,403,408,415,420,423,532,553,556,557,638,698
false 1,7,28,40,81,98,113,137,169,179,203,211,235,244,267,298,318,321,350,361,393,419,444,472,502,536,599
false 1,7,10,28,42,84,95,116,137,177,185,205,244,267,296,315,326,353,356,393,419,441,467,507,536,572,625
false 1,7,28,54,95,98,111,139,169,177,183,205,211,232,270,298,315,323,353,361,384,391,444,467,475,533,639
true 1,7,28,63,66,135,138,143,152,157,250,255,264,269,274,283,288,402,407,416,421,424,544,547,637,697,722
false 1,7,28,29,34,40,54,83,97,113,139,182,208,235,270,296,321,356,391,441,472,507,533,572,599,625,639
true 1,9,67,154,157,166,172,213,283,291,293,360,363,372,426,436,442,445,510,518,520,571,623,658,661,667,723
true 1,67,107,154,157,166,210,212,220,283,291,293,304,358,367,370,426,437,439,447,517,564,573,576,663,721,729
true 1,38,67,79,154,157,166,209,215,218,283,291,293,365,426,440,512,515,521,566,569,578,656,664,666,692,702
true 1,9,64,69,157,164,172,210,215,283,290,294,363,370,436,440,447,510,517,521,558,566,573,661,666,692,729
true 1,64,69,107,157,164,212,218,283,290,294,304,358,365,372,439,445,512,518,558,564,571,578,623,658,664,702
true 1,38,64,69,79,157,164,209,213,220,283,290,294,360,367,437,442,515,520,558,569,576,656,663,667,721,723
true 1,7,28,55,125,141,145,151,249,253,260,272,276,282,286,394,401,405,411,425,430,432,537,546,550,561,642
true 1,9,72,74,157,159,161,172,218,220,283,285,363,365,367,436,437,510,512,576,578,651,661,663,664,702,721
true 1,72,74,107,157,159,161,212,213,215,283,285,304,358,360,439,440,442,520,521,564,566,651,666,667,692,723
true 1,38,72,74,79,157,159,161,209,210,283,285,370,372,445,447,515,517,518,569,571,573,623,651,656,658,729
true 1,9,64,69,152,159,166,172,210,215,288,293,358,365,372,439,445,515,520,566,573,651,656,663,667,702,721
true 1,64,69,107,152,159,166,209,213,220,288,293,304,363,370,436,440,447,512,518,569,576,651,658,664,692,723
true 1,38,64,69,79,152,159,166,212,218,288,293,360,367,437,442,510,517,521,564,571,578,623,651,661,666,729
true 1,9,67,152,161,164,172,213,285,288,294,358,367,370,426,437,439,447,512,515,521,571,623,656,664,666,723
true 1,67,107,152,161,164,209,215,218,285,288,294,304,360,363,372,426,436,442,445,517,566,569,578,663,721,729
true 1,38,67,79,152,161,164,210,212,220,285,288,294,365,426,440,510,518,520,564,573,576,658,661,667,692,702
true 1,7,15,28,56,58,124,142,146,151,246,248,277,282,286,396,400,404,430,432,543,545,548,561,646,647,701
true 1,9,72,74,152,154,172,218,220,288,290,291,358,360,439,440,442,515,517,518,558,576,578,656,658,692,729
true 1,72,74,107,152,154,209,210,288,290,291,304,363,365,367,436,437,520,521,558,569,571,573,623,666,667,702
true 1,38,72,74,79,152,154,212,213,215,288,290,291,370,372,445,447,510,512,558,564,566,661,663,664,721,723
true 1,9,63,66,161,166,172,209,212,285,290,293,367,372,437,440,445,512,517,520,558,564,569,664,667,692,729
true 1,63,66,107,161,166,215,220,285,290,293,304,360,365,370,442,447,510,515,558,566,571,576,623,656,661,702
true 1,38,63,66,79,161,166,210,213,218,285,290,293,358,363,436,439,518,521,558,573,578,658,663,666,721,723
true 1,9,63,66,154,159,164,172,209,212,291,294,360,365,370,442,447,518,521,564,569,651,658,663,666,702,721
true 1,63,66,107,154,159,164,210,213,218,291,294,304,367,372,437,440,445,510,515,573,578,651,656,661,692,723
true 1,38,63,66,79,154,159,164,215,220,291,294,358,363,436,439,512,517,520,566,571,576,623,651,664,667,729
true 1,7,16,28,59,128,140,147,151,245,254,271,282,286,395,399,406,410,422,430,432,538,542,549,561,645,648
true 1,9,63,64,66,67,69,72,74,172,209,210,212,213,215,218,220,426,564,566,569,571,573,576,578,623,723
true 1,63,64,66,67,69,72,74,107,304,426,510,512,515,517,518,520,521,656,658,661,663,664,666,667,721,729
true 1,38,63,64,66,67,69,72,74,79,358,360,363,365,367,370,372,426,436,437,439,440,442,445,447,692,702
false 1,7,10,28,42,54,81,84,116,139,179,185,203,209,270,318,326,350,358,391,439,502,510,533,569,639,661
false 1,7,15,28,56,81,111,124,142,179,183,203,232,246,296,318,323,350,356,384,396,441,475,502,507,572,625
true 1,7,15,28,56,124,142,145,156,246,253,276,281,287,396,399,405,410,425,429,433,542,546,549,560,645,648
false 1,7,15,28,40,56,95,113,124,142,177,205,209,235,246,315,321,353,358,396,439,467,472,510,569,599,661
false 1,7,28,31,43,80,90,99,118,137,176,196,199,214,240,244,267,313,342,366,393,419,492,536,562,653,704
false 1,7,11,28,35,45,88,101,121,137,174,193,217,244,267,295,310,336,393,419,438,462,487,536,567,608,684
true 1,7,28,58,125,140,146,156,245,249,260,271,277,281,287,395,401,404,411,422,429,433,538,545,550,560,646
false 1,2,7,8,13,28,33,48,93,137,212,244,267,308,340,363,393,419,436,459,489,515,536,564,590,611,656
false 1,7,28,31,35,43,54,90,101,118,139,196,217,240,270,295,308,340,391,438,459,489,533,567,590,611,639
false 1,7,11,28,45,54,80,88,121,139,176,193,199,212,270,313,336,342,363,391,436,492,515,533,564,639,656
true 1,7,16,28,55,59,128,141,147,156,248,254,272,281,287,394,400,406,429,433,537,543,548,560,642,647,701
false 1,2,7,8,13,28,33,48,54,93,99,139,174,214,270,310,366,391,462,487,533,562,608,639,653,684,704
false 1,7,15,28,31,43,56,90,118,124,142,174,196,212,240,246,310,363,396,436,462,487,515,564,608,656,684
false 1,7,11,15,28,45,56,88,99,121,124,142,193,214,246,308,336,340,366,396,459,489,562,590,611,653,704
true 1,7,28,63,66,140,145,152,157,245,248,253,271,276,283,288,395,400,405,422,425,538,543,546,548,647,701
false 1,7,28,50,57,80,85,130,144,176,188,199,209,225,257,275,313,331,342,358,376,439,492,510,524,569,661
false 1,7,28,50,57,98,108,130,144,169,174,186,211,227,257,275,298,310,328,361,379,444,462,480,487,608,684
true 1,9,63,66,162,167,172,209,212,284,289,292,297,300,368,373,511,516,519,559,564,569,652,693,707,710,711
true 1,63,66,107,162,167,216,221,284,289,292,304,359,364,369,443,448,510,515,559,565,570,575,624,656,661,703
true 1,38,63,66,79,100,103,162,167,284,289,292,358,363,436,439,506,559,574,579,628,631,632,657,662,665,724
true 1,7,28,55,58,63,66,141,146,152,157,272,277,283,288,394,399,404,410,537,542,545,549,642,645,646,648
true 1,9,75,157,158,162,172,221,279,283,284,297,363,364,368,435,436,506,510,511,575,579,632,661,662,703,707
true 1,75,103,107,157,158,162,212,216,279,283,284,300,304,358,359,435,439,443,519,564,565,631,665,693,710,724
true 1,38,75,79,100,157,158,162,209,279,283,284,369,373,435,448,515,516,569,570,574,624,628,652,656,657,711
true 1,9,24,103,152,162,163,172,284,288,297,358,368,369,427,434,439,448,511,515,570,624,631,656,665,707,724
true 1,24,107,152,162,163,209,216,284,288,304,359,363,373,427,434,436,443,506,516,565,569,579,632,652,662,711
true 1,24,38,79,100,152,162,163,212,221,284,288,300,364,427,434,510,519,564,574,575,628,657,661,693,703,710
true 1,9,70,152,158,167,172,216,279,288,292,300,358,364,373,431,439,506,515,519,565,574,628,656,662,703,711
true 1,70,100,107,152,158,167,209,221,279,288,292,297,304,363,369,431,436,448,511,569,575,631,657,693,710,724
true 1,38,70,79,103,152,158,167,212,279,288,292,359,368,431,443,510,516,564,570,579,624,632,652,661,665,707
true 1,7,28,51,60,132,134,148,151,247,259,262,266,278,282,286,398,414,418,430,432,534,541,555,561,640,699
true 1,9,63,66,70,75,172,209,212,216,221,427,431,434,435,564,565,569,570,574,575,579,624,628,631,632,724
true 1,63,66,70,75,100,103,107,297,300,304,427,431,434,435,506,510,511,515,516,519,652,656,657,661,662,665
true 1,38,63,66,70,75,79,358,359,363,364,368,369,373,427,431,434,435,436,439,443,448,693,703,707,710,711
true 1,9,24,70,103,157,163,172,216,283,289,363,369,431,436,448,510,516,559,565,574,628,652,661,665,693,710
true 1,24,70,100,107,157,163,212,283,289,297,304,358,364,373,431,439,511,559,564,570,579,624,632,657,703,711
true 1,24,38,70,79,157,163,209,221,283,289,300,359,368,431,443,506,515,519,559,569,575,631,656,662,707,724
true 1,9,21,100,153,157,167,172,283,292,300,359,363,373,427,434,436,443,510,519,570,624,631,657,661,711,724
true 1,21,107,153,157,167,212,221,283,292,304,358,368,369,427,434,439,448,506,516,564,574,575,628,652,662,707
true 1,21,38,79,103,153,157,167,209,216,283,292,297,364,427,434,511,515,565,569,579,632,656,665,693,703,710
true 1,7,17,28,61,131,137,149,151,244,258,267,282,286,393,397,409,412,419,430,432,536,540,551,561,644,649
true 1,9,21,75,100,152,153,172,221,288,289,358,359,435,439,443,515,516,559,575,579,632,652,656,657,693,710
true 1,21,75,103,107,152,153,209,288,289,300,304,363,364,368,435,436,519,559,569,570,574,624,628,665,703,707
true 1,21,38,75,79,152,153,212,216,288,289,297,369,373,435,448,506,510,511,559,564,565,631,661,662,711,724
true 1,9,21,24,63,66,100,103,153,158,163,172,209,212,279,359,364,369,443,448,506,564,569,657,662,665,703
true 1,21,24,63,66,107,153,158,163,279,304,368,373,510,515,574,579,628,631,632,656,661,693,707,710,711,724
true 1,21,24,38,63,66,79,153,158,163,216,221,279,297,300,358,363,436,439,511,516,519,565,570,575,624,652
false 1,7,28,30,39,50,57,87,110,130,144,191,230,257,275,296,308,340,356,441,459,489,507,572,590,611,625
true 1,3,7,14,18,28,52,62,133,151,261,282,286,392,413,417,430,432,535,539,552,554,561,641,643,650,700
false 1,7,16,28,59,85,98,128,147,169,188,211,225,254,298,308,331,340,361,376,406,444,459,489,524,590,611
false 1,7,16,28,59,80,108,128,147,176,186,199,227,254,296,313,328,342,356,379,406,441,480,492,507,572,625
false 1,7,16,28,30,39,59,87,110,128,147,174,191,209,230,254,310,358,406,439,462,487,510,569,608,661,684
true 1,7,28,51,60,132,137,148,156,244,259,261,267,278,281,287,393,413,419,429,433,536,539,552,560,643,700
false 1,3,7,14,18,28,52,62,85,133,174,188,225,296,310,331,356,376,441,462,487,507,524,572,608,625,684
false 1,3,7,14,18,28,52,62,108,133,186,209,227,308,328,340,358,379,439,459,480,489,510,569,590,611,661
false 1,7,28,50,57,94,99,111,130,144,173,183,202,214,232,257,275,307,323,348,366,384,457,475,562,653,704
true 1,7,17,28,61,131,134,149,156,247,258,262,281,287,392,398,409,414,417,429,433,535,541,554,560,641,650
false 1,7,28,35,40,50,57,101,113,130,144,217,235,257,275,295,305,321,343,438,454,472,494,567,585,599,616
false 1,7,10,28,42,50,57,84,116,130,144,185,200,212,257,275,326,345,363,436,452,497,515,564,582,656,670
false 1,7,16,28,35,59,101,111,128,147,183,200,217,232,254,295,323,345,384,406,438,452,475,497,567,582,670
true 1,3,7,14,18,28,52,62,133,156,266,281,287,397,412,418,429,433,534,540,551,555,560,640,644,649,699
false 1,7,16,28,40,59,94,113,128,147,173,202,212,235,254,307,321,348,363,406,436,457,472,515,564,599,656
false 1,7,10,16,28,42,59,84,99,116,128,147,185,214,254,305,326,343,366,406,454,494,562,585,616,653,704
false 1,3,7,14,18,28,52,62,111,133,183,212,232,305,323,343,363,384,436,454,475,494,515,564,585,616,656
true 1,7,28,51,60,63,66,132,148,152,157,259,278,283,288,392,397,412,417,535,540,551,554,641,644,649,650
false 1,3,7,14,18,28,40,52,62,99,113,133,200,214,235,321,345,366,452,472,497,562,582,599,653,670,704
true 1,5,7,23,25,28,49,53,73,76,125,127,134,136,165,247,249,252,260,262,265,398,401,411,414,541,550
true 1,5,7,15,23,25,28,54,56,73,76,124,137,139,142,165,244,246,267,270,391,393,396,419,533,536,639
true 1,7,17,28,61,63,66,131,149,152,157,258,261,266,283,288,409,413,418,534,539,552,555,640,643,699,700
true 1,7,28,49,50,53,54,57,63,66,127,130,136,139,144,152,157,252,257,265,270,275,283,288,391,533,639
true 1,15,58,70,124,132,144,151,160,166,248,257,264,278,280,286,293,398,404,414,420,431,544,548,555,640,698
true 1,51,56,60,70,130,134,146,151,160,166,247,266,275,280,286,293,396,402,416,431,534,543,556,638,646,647
true 1,50,57,70,135,142,148,151,160,166,246,250,259,262,268,277,280,286,293,400,418,431,532,541,545,699,701
true 1,15,21,51,60,124,135,144,153,160,164,250,257,277,280,294,398,414,418,430,432,543,545,556,638,647,699
true 1,21,56,58,130,134,148,153,160,164,247,259,264,268,275,280,294,396,400,404,430,432,532,544,555,640,701
true 1,21,50,57,132,142,146,153,160,164,246,248,262,266,278,280,294,402,416,420,430,432,534,541,548,646,698
true 1,7,28,55,129,134,141,158,247,256,262,272,273,279,289,394,398,408,414,423,427,434,537,541,557,559,642
true 1,15,72,74,124,144,146,148,160,162,257,259,266,268,280,282,284,398,400,402,414,416,532,534,561,646,701
true 1,56,72,74,130,132,134,135,160,162,247,248,250,275,277,278,280,282,284,396,418,420,545,548,561,698,699
true 1,50,51,57,58,60,72,74,142,160,162,246,262,264,280,282,284,404,541,543,544,555,556,561,638,640,647
true 1,15,21,51,60,68,124,130,135,146,153,166,250,262,275,282,293,400,420,428,541,555,561,640,646,698,701
true 1,21,50,56,57,68,148,153,166,248,259,264,266,277,282,293,396,398,414,428,534,544,545,548,556,561,638
true 1,21,58,68,132,134,142,144,153,166,246,247,257,268,278,282,293,402,404,416,418,428,532,543,561,647,699
true 1,15,58,68,124,130,148,151,162,164,248,259,262,275,284,286,294,402,404,416,418,428,541,548,556,638,699
true 1,50,56,57,68,132,135,146,151,162,164,250,268,278,284,286,294,396,398,414,428,532,543,555,640,646,647
true 1,51,60,68,134,142,144,151,162,164,246,247,257,264,266,277,284,286,294,400,420,428,534,544,545,698,701
true 1,7,15,28,56,124,142,143,158,246,255,274,279,289,396,397,407,412,424,427,434,540,547,551,559,644,649
true 1,15,68,70,72,74,124,130,132,262,264,266,268,275,277,278,428,430,431,432,532,534,541,543,544,545,647
true 1,50,51,56,57,58,60,68,70,72,74,396,398,400,402,404,414,416,418,420,428,430,431,432,698,699,701
true 1,68,70,72,74,134,135,142,144,146,148,246,247,248,250,257,259,428,430,431,432,548,555,556,638,640,646
true 1,15,20,50,57,124,134,148,150,162,166,247,259,277,284,293,402,416,420,430,432,543,545,555,640,647,698
true 1,20,56,58,132,135,144,150,162,166,250,257,262,266,278,284,293,396,400,404,430,432,534,541,556,638,701
true 1,20,51,60,130,142,146,150,162,166,246,248,264,268,275,284,293,398,414,418,430,432,532,544,548,646,699
true 1,15,20,50,57,70,124,132,134,146,150,164,247,264,278,282,294,400,418,431,544,556,561,638,646,699,701
true 1,20,51,56,60,70,144,150,164,248,257,262,268,277,282,294,396,402,416,431,532,541,545,548,555,561,640
true 1,20,58,70,130,135,142,148,150,164,246,250,259,266,275,282,294,398,404,414,420,431,534,543,561,647,698
true 1,7,28,50,57,130,140,144,158,245,257,261,271,275,279,289,395,413,422,427,434,538,539,552,559,643,700
true 1,15,20,21,50,51,57,58,60,72,74,124,134,135,150,151,153,247,248,250,266,268,286,404,532,534,548
true 1,20,21,56,72,74,144,146,148,150,151,153,257,259,262,264,286,396,418,420,541,543,544,646,647,698,699
true 1,20,21,72,74,130,132,142,150,151,153,246,275,277,278,286,398,400,402,414,416,545,555,556,638,640,701
true 1,15,20,50,57,124,134,149,150,161,167,247,258,276,285,292,403,415,421,429,433,542,546,554,641,648,697
true 1,17,20,56,131,138,144,150,161,167,251,257,262,285,292,396,399,405,410,425,429,433,535,541,553,637,650
true 1,20,61,126,130,142,145,150,161,167,246,253,263,269,275,285,292,392,398,409,414,417,429,433,549,645,722
true 1,15,75,124,144,145,149,156,160,161,253,257,258,269,280,281,285,398,399,403,410,414,415,435,535,650,722
true 1,17,56,75,130,131,134,156,160,161,247,251,275,276,280,281,285,392,396,417,421,435,546,549,553,645,697
true 1,50,57,61,75,126,138,142,156,160,161,246,262,263,280,281,285,405,409,425,435,541,542,554,637,641,648
true 1,7,15,28,56,67,124,129,142,159,246,256,261,273,290,396,408,413,423,426,539,552,557,558,643,651,700
true 1,15,24,68,124,130,138,149,161,163,258,262,275,285,287,392,403,405,415,417,425,428,541,549,560,637,645
true 1,17,24,50,56,57,68,131,145,161,163,251,253,269,285,287,396,398,414,428,542,553,554,560,641,648,722
true 1,24,61,68,126,134,142,144,161,163,246,247,257,263,276,285,287,399,409,410,421,428,535,546,560,650,697
true 1,15,61,68,124,130,145,154,156,167,251,253,262,275,281,291,292,399,409,410,421,428,541,553,554,641,697
true 1,50,56,57,68,126,138,149,154,156,167,258,263,276,281,291,292,396,398,414,428,535,546,549,637,645,650
true 1,17,68,131,134,142,144,154,156,167,246,247,257,269,281,291,292,392,403,405,415,417,425,428,542,648,722
true 1,15,20,50,57,61,75,124,134,150,154,247,251,269,287,291,405,409,425,435,535,549,553,560,645,650,722
true 1,20,56,75,126,144,145,149,150,154,253,257,258,262,263,287,291,392,396,417,421,435,541,542,560,648,697
true 1,17,20,75,130,131,138,142,150,154,246,275,276,287,291,398,399,403,410,414,415,435,546,554,560,637,641
true 1,7,28,67,134,140,143,159,245,247,255,262,271,274,290,395,398,407,414,422,424,426,538,541,547,558,651
true 1,15,24,61,124,138,144,154,160,163,251,257,276,280,291,392,398,409,414,417,429,433,542,546,553,637,648
true 1,24,56,126,130,134,149,154,160,163,247,258,263,269,275,280,291,396,399,405,410,425,429,433,554,641,722
true 1,17,24,50,57,131,142,145,154,160,163,246,253,262,280,291,403,415,421,429,433,535,541,549,645,650,697
true 1,15,17,64,69,124,126,131,144,160,167,257,263,280,287,292,398,405,414,421,425,549,554,560,641,645,697
true 1,56,61,64,69,130,134,138,145,160,167,247,253,275,280,287,292,396,403,409,415,535,542,560,637,648,650
true 1,50,57,64,69,142,149,160,167,246,251,258,262,269,276,280,287,292,392,399,410,417,541,546,553,560,722
true 1,15,17,64,68,69,75,124,126,130,131,262,263,269,275,276,428,429,433,435,535,541,542,546,648,650,722
true 1,50,56,57,61,64,68,69,75,392,396,398,399,403,405,409,410,414,415,417,421,425,428,429,433,435,697
true 1,64,68,69,75,134,138,142,144,145,149,246,247,251,253,257,258,428,429,433,435,549,553,554,637,641,645
true 1,7,28,50,55,57,67,130,141,144,159,257,272,275,290,394,397,412,426,537,540,551,558,642,644,649,651
true 1,15,17,20,24,50,57,64,69,124,126,131,134,138,145,150,156,163,247,253,263,281,392,399,410,417,637
true 1,20,24,56,61,64,69,144,150,156,163,257,262,269,276,281,396,403,409,415,541,546,549,554,641,645,722
true 1,20,24,64,69,130,142,149,150,156,163,246,251,258,275,281,398,405,414,421,425,535,542,553,648,650,697
true 1,7,15,16,28,56,59,63,66,124,125,128,142,147,152,157,246,249,254,260,283,288,396,401,406,411,550
true 1,3,7,14,18,28,52,62,63,66,133,134,137,152,157,244,247,262,267,283,288,393,398,414,419,536,541
true 1,7,20,28,68,129,140,150,160,245,256,271,273,280,395,397,408,412,422,423,428,538,540,551,557,644,649
true 1,7,15,20,28,50,56,57,68,124,130,134,142,144,150,160,246,247,257,262,275,280,396,398,414,428,541
true 1,7,16,20,28,49,53,59,68,127,128,136,137,147,150,160,244,252,254,265,267,280,393,406,419,428,536
true 1,3,7,14,18,20,28,52,54,62,68,125,133,139,150,160,249,260,270,280,391,401,411,428,533,550,639
true 1,7,20,28,55,68,141,143,150,160,255,261,272,274,280,394,407,413,424,428,537,539,547,552,642,643,700
true 1,4,7,19,22,28,50,57,65,71,125,130,137,144,155,244,249,257,260,267,275,393,401,411,419,536,550
true 1,15,21,51,60,124,135,147,153,157,167,250,254,274,283,292,401,411,421,427,434,540,547,554,641,649,697
true 1,16,21,56,128,138,148,153,157,167,249,259,264,283,292,396,397,407,412,424,427,434,535,544,550,637,650
true 1,21,59,125,132,142,143,153,157,167,246,255,260,269,278,283,292,392,402,406,416,417,427,434,551,644,722
true 1,15,75,124,143,147,148,157,158,162,254,255,259,269,279,283,284,397,401,402,411,412,416,435,535,650,722
true 1,16,56,75,128,132,135,157,158,162,249,250,274,278,279,283,284,392,396,417,421,435,547,550,551,644,697
true 1,51,59,60,75,125,138,142,157,158,162,246,260,264,279,283,284,406,407,424,435,540,544,554,637,641,649
true 1,7,28,49,53,127,136,145,158,252,253,265,266,276,279,289,405,418,425,427,434,534,546,555,559,640,699
true 1,15,24,70,124,132,138,147,157,163,254,264,278,283,289,392,401,407,411,417,424,431,544,551,559,637,644
true 1,16,24,51,56,60,70,128,143,157,163,249,255,269,283,289,396,402,416,431,540,550,554,559,641,649,722
true 1,24,59,70,125,135,142,148,157,163,246,250,259,260,274,283,289,397,406,412,421,431,535,547,559,650,697
true 1,15,59,70,124,132,143,152,158,167,249,255,264,278,279,288,292,397,406,412,421,431,544,550,554,641,697
true 1,51,56,60,70,125,138,147,152,158,167,254,260,274,279,288,292,396,402,416,431,535,547,551,637,644,650
true 1,16,70,128,135,142,148,152,158,167,246,250,259,269,279,288,292,392,401,407,411,417,424,431,540,649,722
true 1,15,21,51,59,60,75,124,135,152,153,249,250,269,288,289,406,407,424,435,535,550,551,559,644,650,722
true 1,21,56,75,125,143,147,148,152,153,254,255,259,260,264,288,289,392,396,417,421,435,540,544,559,649,697
true 1,16,21,75,128,132,138,142,152,153,246,274,278,288,289,397,401,402,411,412,416,435,547,554,559,637,641
true 1,7,28,58,126,137,146,158,244,251,263,267,277,279,289,393,403,404,415,419,427,434,536,545,553,559,646
true 1,15,24,59,124,138,148,152,162,163,249,259,274,284,288,392,402,406,416,417,427,434,540,547,550,637,649
true 1,24,56,125,132,135,147,152,162,163,250,254,260,269,278,284,288,396,397,407,412,424,427,434,554,641,722
true 1,16,24,51,60,128,142,143,152,162,163,246,255,264,284,288,401,411,421,427,434,535,544,551,644,650,697
true 1,15,16,63,66,124,125,128,148,162,167,259,260,284,289,292,402,407,416,421,424,551,554,559,641,644,697
true 1,56,59,63,66,132,135,138,143,162,167,250,255,278,284,289,292,396,401,406,411,535,540,559,637,649,650
true 1,51,60,63,66,142,147,162,167,246,249,254,264,269,274,284,289,292,392,397,412,417,544,547,550,559,722
true 1,15,16,63,66,70,75,124,125,128,132,260,264,269,274,278,427,431,434,435,535,540,544,547,649,650,722
true 1,51,56,59,60,63,66,70,75,392,396,397,401,402,406,407,411,412,416,417,421,424,427,431,434,435,697
true 1,63,66,70,75,135,138,142,143,147,148,246,249,250,254,255,259,427,431,434,435,550,551,554,637,641,644
true 1,7,16,28,59,128,135,147,158,250,254,264,279,289,392,402,406,416,417,427,434,535,544,554,559,641,650
true 1,15,16,21,24,51,60,63,66,124,125,128,135,138,143,153,158,163,250,255,260,279,392,397,412,417,637
true 1,21,24,56,59,63,66,148,153,158,163,259,264,269,274,279,396,401,406,411,544,547,551,554,641,644,722
true 1,21,24,63,66,132,142,147,153,158,163,246,249,254,278,279,402,407,416,421,424,535,540,550,649,650,697
true 1,15,61,67,124,129,147,154,157,166,251,254,261,273,283,291,293,401,409,411,420,426,539,553,555,640,698
true 1,16,56,67,126,128,149,154,157,166,249,258,263,266,283,291,293,396,408,413,423,426,534,550,556,638,700
true 1,17,59,67,125,131,142,154,157,166,246,256,260,268,283,291,293,403,406,415,418,426,532,552,557,643,699
true 1,15,17,64,69,124,126,131,147,157,164,254,263,283,290,294,401,408,411,418,423,552,556,558,638,643,699
true 1,16,56,61,64,69,128,157,164,249,256,261,268,283,290,294,396,403,409,415,532,539,550,555,557,558,640
true 1,59,64,69,125,129,142,149,157,164,246,251,258,260,266,273,283,290,294,406,413,420,534,553,558,698,700
true 1,7,28,67,135,137,145,159,244,250,253,264,267,276,290,393,402,405,416,419,425,426,536,544,546,558,651
true 1,15,72,74,124,147,149,157,159,161,254,256,258,266,268,283,285,401,403,411,413,415,532,534,557,651,700
true 1,16,17,56,72,74,128,129,131,157,159,161,249,251,273,283,285,396,418,420,550,552,553,643,651,698,699
true 1,59,61,72,74,125,126,142,157,159,161,246,260,261,263,283,285,406,408,409,423,539,555,556,638,640,651
true 1,15,17,59,64,69,124,126,131,152,159,166,249,256,263,288,293,406,413,420,550,555,557,640,651,698,700
true 1,56,61,64,69,125,129,147,152,159,166,254,260,266,273,288,293,396,403,409,415,534,552,556,638,643,651
true 1,16,64,69,128,142,149,152,159,166,246,251,258,261,268,288,293,401,408,411,418,423,532,539,553,651,699
true 1,15,59,67,124,129,149,152,161,164,249,258,261,273,285,288,294,403,406,415,418,426,539,550,556,638,699
true 1,17,56,67,125,131,147,152,161,164,251,254,260,268,285,288,294,396,408,413,423,426,532,553,555,640,700
true 1,16,61,67,126,128,142,152,161,164,246,256,263,266,285,288,294,401,409,411,420,426,534,552,557,643,698
true 1,7,28,49,53,58,67,127,136,146,159,252,265,277,290,392,404,417,426,535,545,554,558,641,646,650,651
true 1,15,59,61,72,74,124,152,154,249,251,266,268,288,290,291,406,408,409,423,532,534,550,552,553,558,643
true 1,56,72,74,125,126,147,149,152,154,254,256,258,260,261,263,288,290,291,396,418,420,539,557,558,698,699
true 1,16,17,72,74,128,129,131,142,152,154,246,273,288,290,291,401,403,411,413,415,555,556,558,638,640,700
true 1,15,16,63,66,124,125,128,149,161,166,258,260,285,290,293,403,408,415,420,423,552,555,558,640,643,698
true 1,17,56,59,63,66,131,161,166,251,256,261,266,285,290,293,396,401,406,411,534,539,553,556,557,558,638
true 1,61,63,66,126,129,142,147,161,166,246,249,254,263,268,273,285,290,293,409,413,418,532,550,558,699,700
true 1,15,16,61,63,66,124,125,128,154,159,164,251,256,260,291,294,409,413,418,553,556,557,638,651,699,700
true 1,56,59,63,66,126,129,149,154,159,164,258,263,268,273,291,294,396,401,406,411,532,552,555,640,643,651
true 1,17,63,66,131,142,147,154,159,164,246,249,254,261,266,291,294,403,408,415,420,423,534,539,550,651,698
true 1,7,16,28,59,67,126,128,147,159,251,254,263,266,290,403,406,415,418,426,534,553,555,558,640,651,699
true 1,15,16,17,63,64,66,67,69,72,74,124,125,126,128,129,131,260,261,263,266,268,273,426,532,534,539
true 1,56,59,61,63,64,66,67,69,72,74,396,401,403,406,408,409,411,413,415,418,420,423,426,698,699,700
true 1,63,64,66,67,69,72,74,142,147,149,246,249,251,254,256,258,426,550,552,553,555,556,557,638,640,643
true 1,4,7,16,19,22,28,54,59,65,71,128,134,139,147,155,247,254,262,270,391,398,406,414,533,541,639
true 1,5,7,23,25,28,30,39,73,76,85,87,108,110,165,186,188,191,225,227,230,328,331,376,379,480,524
true 1,7,20,28,68,126,145,150,160,251,253,263,276,280,392,403,405,415,417,425,428,535,546,553,554,641,650
true 1,5,7,10,23,25,28,40,42,73,76,84,111,113,116,165,183,185,232,235,321,323,326,384,472,475,599
true 1,7,28,30,31,39,40,43,63,66,87,90,110,113,118,152,157,191,196,230,235,240,283,288,321,472,599
true 1,7,10,11,28,42,45,63,66,84,85,88,116,121,152,157,185,188,193,225,283,288,326,331,336,376,524
true 1,7,20,28,58,68,135,146,150,160,250,264,266,277,280,402,404,416,418,428,534,544,545,555,640,646,699
true 1,2,7,8,13,28,33,48,63,66,93,108,111,152,157,183,186,227,232,283,288,323,328,379,384,475,480
true 1,7,10,20,28,31,42,43,68,84,90,108,116,118,150,160,185,186,196,227,240,280,326,328,379,428,480
true 1,7,11,20,28,30,39,45,68,87,88,110,111,121,150,160,183,191,193,230,232,280,323,336,384,428,475
true 1,7,28,51,60,125,132,138,148,158,249,259,260,269,278,279,289,401,411,421,427,434,550,559,637,697,722
true 1,2,7,8,13,20,28,33,40,48,68,85,93,113,150,160,188,225,235,280,321,331,376,428,472,524,599
true 1,4,7,19,22,28,31,43,65,71,85,90,111,118,155,183,188,196,225,232,240,323,331,376,384,475,524
true 1,4,7,11,19,22,28,40,45,65,71,88,108,113,121,155,186,193,227,235,321,328,336,379,472,480,599
true 1,7,17,28,54,61,131,139,149,158,248,258,270,279,289,391,400,409,427,434,533,543,548,559,639,647,701
true 1,4,5,7,19,20,22,23,25,28,63,65,66,68,71,73,76,150,152,155,157,160,165,280,283,288,428
true 1,5,7,23,25,28,29,34,73,76,81,83,95,97,165,177,179,182,203,205,208,315,318,350,353,467,502
true 1,5,7,9,23,25,28,36,38,73,76,79,102,104,107,165,170,172,219,222,299,301,304,371,446,449,577
true 1,3,7,14,18,28,52,62,133,158,268,279,289,399,410,420,427,434,532,542,549,556,559,638,645,648,698
true 1,20,80,150,162,166,177,207,284,293,305,319,346,353,430,432,469,492,496,500,587,591,609,616,675,683,712
true 1,20,96,150,162,166,176,178,205,284,293,306,315,342,344,430,432,454,458,470,494,607,619,676,691,719,727
true 1,20,95,150,162,166,180,199,284,293,313,317,343,355,430,432,456,460,467,498,585,589,618,620,668,685,718
true 1,20,70,80,96,150,164,177,282,294,305,317,344,353,431,456,470,492,498,561,589,607,616,620,676,685,727
true 1,20,70,150,164,176,180,205,282,294,315,342,346,355,431,454,460,469,494,500,561,587,609,618,668,675,718
true 1,20,70,95,150,164,178,199,207,282,294,306,313,319,343,431,458,467,496,561,585,591,619,683,691,712,719
true 1,20,21,72,74,80,150,151,153,177,178,180,286,305,306,353,355,458,460,492,616,618,619,668,691,718,719
true 1,20,21,72,74,150,151,153,176,205,207,286,315,317,319,342,454,456,494,496,498,589,591,620,683,685,712
true 1,20,21,72,74,95,96,150,151,153,199,286,313,343,344,346,467,469,470,500,585,587,607,609,675,676,727
true 1,7,28,51,54,60,67,132,139,148,159,259,270,278,290,391,399,410,426,533,542,549,558,639,645,648,651
true 1,70,80,96,151,160,166,178,205,280,286,293,315,343,431,456,470,492,498,585,591,609,618,668,675,683,691
true 1,70,95,151,160,166,176,180,280,286,293,305,317,342,346,355,431,458,467,496,587,607,616,620,676,712,719
true 1,70,151,160,166,177,199,207,280,286,293,306,313,319,344,353,431,454,460,469,494,500,589,619,685,718,727
true 1,21,80,153,160,164,180,205,280,294,306,315,343,355,430,432,469,492,496,500,585,589,607,619,676,685,712
true 1,21,95,153,160,164,176,178,207,280,294,305,319,342,344,430,432,456,460,467,498,609,616,675,691,718,727
true 1,21,96,153,160,164,177,199,280,294,313,317,346,353,430,432,454,458,470,494,587,591,618,620,668,683,719
true 1,72,74,80,160,162,205,207,280,282,284,315,317,319,343,344,346,458,460,492,561,585,587,620,718,719,727
true 1,72,74,95,96,160,162,176,280,282,284,305,306,342,467,469,470,500,561,589,591,616,618,619,668,683,685
true 1,72,74,160,162,177,178,180,199,280,282,284,313,353,355,454,456,494,496,498,561,607,609,675,676,691,712
true 1,7,17,28,61,67,125,131,149,159,249,258,260,268,290,401,409,411,420,426,532,550,556,558,638,651,698
true 1,21,68,80,95,153,166,180,282,293,306,317,344,355,428,454,467,492,494,561,591,609,619,620,675,683,727
true 1,21,68,153,166,176,177,207,282,293,319,342,343,353,428,456,458,469,498,500,561,585,607,618,668,676,719
true 1,21,68,96,153,166,178,199,205,282,293,305,313,315,346,428,460,470,496,561,587,589,616,685,691,712,718
true 1,68,80,95,151,162,164,178,207,284,286,294,319,346,428,454,467,492,494,587,589,607,618,668,676,685,691
true 1,68,96,151,162,164,176,177,284,286,294,306,317,342,343,353,428,460,470,496,585,609,619,620,675,712,718
true 1,68,151,162,164,180,199,205,284,286,294,305,313,315,344,355,428,456,458,469,498,500,591,616,683,719,727
true 1,68,70,72,74,80,95,96,428,430,431,432,454,456,458,460,467,469,470,492,494,496,498,500,712,718,719
true 1,68,70,72,74,176,177,178,180,342,343,344,346,353,355,428,430,431,432,585,587,589,591,683,685,691,727
true 1,68,70,72,74,199,205,207,305,306,313,315,317,319,428,430,431,432,607,609,616,618,619,620,668,675,676
true 1,3,7,14,18,28,52,62,67,133,138,159,248,269,290,400,421,426,543,548,558,637,647,651,697,701,722
false 1,7,28,29,31,34,36,43,50,57,83,90,97,104,118,130,144,182,196,208,222,240,257,275,299,446,577
false 1,7,9,11,28,38,45,50,57,79,81,88,107,121,130,144,172,179,193,203,257,275,304,318,336,350,502
false 1,2,7,8,13,28,33,48,50,57,93,95,102,130,144,170,177,205,219,257,275,301,315,353,371,449,467
true 1,7,20,28,51,60,68,132,148,150,160,248,259,268,278,280,400,420,428,532,543,548,556,638,647,698,701
true 1,24,68,80,95,161,163,206,285,287,309,320,347,349,428,454,467,492,494,560,586,588,596,617,669,686,728
true 1,24,68,82,161,163,176,177,201,285,287,316,342,343,353,428,461,495,505,560,585,610,621,673,674,713,717
true 1,24,68,161,163,181,199,205,285,287,305,313,315,354,428,455,468,488,499,501,560,581,592,616,682,690,715
true 1,20,80,150,161,167,177,206,285,292,305,320,347,353,429,433,468,492,495,501,586,592,610,616,674,682,713
true 1,20,82,150,161,167,176,201,205,285,292,309,315,342,349,429,433,454,488,494,505,581,596,673,690,715,728
true 1,20,95,150,161,167,181,199,285,292,313,316,343,354,429,433,455,461,467,499,585,588,617,621,669,686,717
true 1,75,80,156,160,161,205,206,280,281,285,315,316,320,343,347,435,461,488,492,581,585,586,621,690,715,717
true 1,75,82,95,156,160,161,176,201,280,281,285,305,342,435,467,468,501,505,588,592,616,617,669,673,682,686
true 1,75,156,160,161,177,181,199,280,281,285,309,313,349,353,354,435,454,455,494,495,499,596,610,674,713,728
true 1,7,17,20,28,61,68,131,138,149,150,160,258,269,280,399,409,410,421,428,542,549,637,645,648,697,722
true 1,24,80,154,160,163,181,201,205,280,291,309,315,343,354,429,433,468,492,495,501,585,588,673,686,713,728
true 1,24,95,154,160,163,176,206,280,291,305,320,342,349,429,433,455,461,467,499,581,596,610,616,674,690,717
true 1,24,82,154,160,163,177,199,280,291,313,316,347,353,429,433,454,488,494,505,586,592,617,621,669,682,715
true 1,68,80,95,154,156,167,181,201,281,291,292,316,354,428,454,467,492,494,581,592,610,621,673,674,682,690
true 1,68,154,156,167,176,177,206,281,291,292,309,320,342,343,353,428,455,468,488,499,501,585,617,669,715,728
true 1,68,82,154,156,167,199,205,281,291,292,305,313,315,347,349,428,461,495,505,586,588,596,616,686,713,717
true 1,20,75,80,150,154,177,181,201,287,291,305,349,353,354,435,461,488,492,560,596,616,617,669,673,715,717
true 1,20,75,150,154,176,205,206,287,291,315,316,320,342,435,454,455,494,495,499,560,588,592,621,682,686,713
true 1,20,75,82,95,150,154,199,287,291,309,313,343,347,435,467,468,501,505,560,581,585,586,610,674,690,728
true 1,7,28,64,69,125,129,154,161,249,256,260,266,273,285,291,401,408,411,418,423,534,550,555,557,640,699
true 1,20,24,64,69,80,82,150,156,163,177,281,305,309,316,353,455,492,499,505,581,588,616,621,686,690,728
true 1,20,24,64,69,150,156,163,176,181,205,281,315,342,347,354,454,461,468,494,501,586,610,617,669,674,717
true 1,20,24,64,69,95,150,156,163,199,201,206,281,313,320,343,349,467,488,495,585,592,596,673,682,713,715
true 1,64,69,80,82,160,167,205,280,287,292,315,343,349,455,492,499,505,560,585,592,596,610,617,669,674,682
true 1,64,69,95,160,167,176,181,280,287,292,305,309,316,342,347,354,467,488,495,560,586,616,621,713,715,728
true 1,64,69,160,167,177,199,201,206,280,287,292,313,320,353,454,461,468,494,501,560,581,588,673,686,690,717
true 1,64,68,69,75,80,82,95,428,429,433,435,454,455,461,467,468,488,492,494,495,499,501,505,713,715,717
true 1,64,68,69,75,176,177,181,342,343,347,349,353,354,428,429,433,435,581,585,586,588,592,596,682,686,690
true 1,64,68,69,75,199,201,205,206,305,309,313,315,316,320,428,429,433,435,610,616,617,621,669,673,674,728
true 1,7,28,64,69,137,143,154,161,244,248,255,267,274,285,291,393,400,407,419,424,536,543,547,548,647,701
false 1,7,9,16,28,31,38,43,59,79,90,95,107,118,128,147,172,177,196,205,240,254,304,315,353,406,467
false 1,7,11,16,28,29,34,45,59,83,88,97,102,121,128,147,170,182,193,208,219,254,301,336,371,406,449
false 1,2,7,8,13,16,28,33,36,48,59,81,93,104,128,147,179,203,222,254,299,318,350,406,446,502,577
true 1,7,28,50,57,64,69,130,144,154,161,257,275,285,291,392,399,410,417,535,542,549,554,641,645,648,650
false 1,3,7,14,18,28,31,43,52,62,81,90,102,118,133,170,179,196,203,219,240,301,318,350,371,449,502
false 1,3,7,11,14,18,28,36,45,52,62,88,95,104,121,133,177,193,205,222,299,315,336,353,446,467,577
true 1,3,5,7,14,16,18,23,25,28,50,52,57,59,62,73,76,128,130,133,144,147,165,254,257,275,406
true 1,7,21,28,70,129,137,153,162,244,256,267,273,284,393,399,408,410,419,423,431,536,542,549,557,645,648
true 1,2,5,7,8,11,13,23,25,28,31,33,43,45,48,73,76,88,90,93,118,121,165,193,196,240,336
true 1,9,64,69,160,167,172,210,215,280,287,292,296,300,366,373,507,514,519,560,566,573,654,694,704,709,711
true 1,64,69,107,160,167,214,221,280,287,292,304,356,362,369,441,448,512,518,560,562,568,575,626,658,664,705
true 1,38,64,69,79,99,103,160,167,280,287,292,360,367,437,442,508,560,572,579,625,630,632,653,660,665,725
true 1,9,75,156,160,161,172,221,280,281,285,296,362,366,367,435,437,507,508,512,575,579,632,660,664,704,705
true 1,75,103,107,156,160,161,214,215,280,281,285,300,304,356,360,435,441,442,519,562,566,630,665,694,709,725
true 1,38,75,79,99,156,160,161,210,280,281,285,369,373,435,448,514,518,568,572,573,625,626,653,654,658,711
true 1,7,21,28,70,125,143,153,162,249,255,260,274,284,392,401,407,411,417,424,431,535,547,550,554,641,650
true 1,9,24,103,154,160,163,172,280,291,296,360,366,369,429,433,442,448,507,518,568,626,630,658,665,704,725
true 1,24,107,154,160,163,210,214,280,291,304,356,367,373,429,433,437,441,508,514,562,573,579,632,654,660,711
true 1,24,38,79,99,154,160,163,215,221,280,291,300,362,429,433,512,519,566,572,575,625,653,664,694,705,709
true 1,9,68,154,156,167,172,214,281,291,292,300,360,362,373,428,442,508,518,519,562,572,625,658,660,705,711
true 1,68,99,107,154,156,167,210,221,281,291,292,296,304,367,369,428,437,448,507,573,575,630,653,694,709,725
true 1,38,68,79,103,154,156,167,215,281,291,292,356,366,428,441,512,514,566,568,579,626,632,654,664,665,704
true 1,9,64,68,69,75,172,210,214,215,221,428,429,433,435,562,566,568,572,573,575,579,625,626,630,632,725
true 1,64,68,69,75,99,103,107,296,300,304,428,429,433,435,507,508,512,514,518,519,653,654,658,660,664,665
true 1,38,64,68,69,75,79,356,360,362,366,367,369,373,428,429,433,435,437,441,442,448,694,704,705,709,711
true 1,7,21,28,50,57,70,130,144,153,162,248,257,266,275,284,400,418,431,534,543,548,555,640,647,699,701
true 1,9,24,68,103,161,163,172,214,285,287,367,369,428,437,448,512,514,560,562,572,625,654,664,665,694,709
true 1,24,68,99,107,161,163,215,285,287,296,304,360,362,373,428,442,507,560,566,568,579,626,632,653,705,711
true 1,24,38,68,79,161,163,210,221,285,287,300,356,366,428,441,508,518,519,560,573,575,630,658,660,704,725
true 1,9,20,99,150,161,167,172,285,292,300,356,367,373,429,433,437,441,512,519,568,626,630,653,664,711,725
true 1,20,107,150,161,167,215,221,285,292,304,360,366,369,429,433,442,448,508,514,566,572,575,625,654,660,704
true 1,20,38,79,103,150,161,167,210,214,285,292,296,362,429,433,507,518,562,573,579,632,658,665,694,705,709
true 1,9,20,75,99,150,154,172,221,287,291,356,360,435,441,442,514,518,560,575,579,632,653,654,658,694,709
true 1,20,75,103,107,150,154,210,287,291,300,304,362,366,367,435,437,519,560,568,572,573,625,626,665,704,705
true 1,20,38,75,79,150,154,214,215,287,291,296,369,373,435,448,507,508,512,560,562,566,630,660,664,711,725
true 1,4,7,19,22,28,65,71,129,155,248,256,273,392,400,408,417,423,535,543,548,554,557,641,647,650,701
true 1,9,20,24,64,69,99,103,150,156,163,172,210,215,281,356,362,369,441,448,508,566,573,653,660,665,705
true 1,20,24,64,69,107,150,156,163,281,304,366,373,512,518,572,579,625,630,632,658,664,694,704,709,711,725
true 1,20,24,38,64,69,79,150,156,163,214,221,281,296,300,360,367,437,442,507,514,519,562,568,575,626,654
true 1,4,7,19,22,28,29,34,65,71,80,83,94,97,155,173,176,182,199,202,208,307,313,342,348,457,492
true 1,4,7,9,19,22,28,35,38,65,71,79,98,101,107,155,169,172,211,217,295,298,304,361,438,444,567
true 1,4,7,19,22,28,65,71,143,155,255,266,274,399,407,410,418,424,534,542,547,549,555,640,645,648,699
true 1,24,70,80,96,157,163,203,283,289,309,318,345,351,431,456,470,492,498,559,582,588,595,615,671,686,728
true 1,24,70,81,157,163,176,180,200,283,289,314,342,346,355,431,461,493,502,559,587,610,622,670,674,714,717
true 1,24,70,157,163,179,199,207,283,289,306,313,319,350,431,452,466,488,497,503,559,583,592,619,682,689,715
true 1,21,80,153,157,167,180,203,283,292,306,318,345,355,427,434,466,492,493,503,582,592,610,619,674,682,714
true 1,21,81,153,157,167,176,200,207,283,292,309,319,342,351,427,434,456,488,498,502,583,595,670,689,715,728
true 1,21,96,153,157,167,179,199,283,292,313,314,346,350,427,434,452,461,470,497,587,588,615,622,671,686,717
true 1,75,80,157,158,162,203,207,279,283,284,314,318,319,345,346,435,461,488,492,582,583,587,622,689,715,717
true 1,75,81,96,157,158,162,176,200,279,283,284,306,342,435,466,470,502,503,588,592,615,619,670,671,682,686
true 1,75,157,158,162,179,180,199,279,283,284,309,313,350,351,355,435,452,456,493,497,498,595,610,674,714,728
true 1,7,28,64,69,134,138,145,154,161,247,253,262,269,276,285,291,398,405,414,421,425,541,546,637,697,722
true 1,24,80,152,162,163,179,200,207,284,288,309,319,346,350,427,434,466,492,493,503,587,588,670,686,714,728
true 1,24,96,152,162,163,176,203,284,288,306,318,342,351,427,434,452,461,470,497,583,595,610,619,674,689,717
true 1,24,81,152,162,163,180,199,284,288,313,314,345,355,427,434,456,488,498,502,582,592,615,622,671,682,715
true 1,70,80,96,152,158,167,179,200,279,288,292,314,350,431,456,470,492,498,583,592,610,622,670,674,682,689
true 1,70,152,158,167,176,180,203,279,288,292,309,318,342,346,355,431,452,466,488,497,503,587,615,671,715,728
true 1,70,81,152,158,167,199,207,279,288,292,306,313,319,345,351,431,461,493,502,582,588,595,619,686,714,717
true 1,21,75,80,152,153,179,180,200,288,289,306,350,351,355,435,461,488,492,559,595,615,619,670,671,715,717
true 1,21,75,152,153,176,203,207,288,289,314,318,319,342,435,452,456,493,497,498,559,588,592,622,682,686,714
true 1,21,75,81,96,152,153,199,288,289,309,313,345,346,435,466,470,502,503,559,582,583,587,610,674,689,728
true 1,7,28,54,58,64,69,139,146,154,161,270,277,285,291,391,397,404,412,533,540,545,551,639,644,646,649
true 1,21,24,63,66,80,81,153,158,163,180,279,306,309,314,355,452,492,497,502,583,588,619,622,686,689,728
true 1,21,24,63,66,153,158,163,176,179,207,279,319,342,345,350,456,461,466,498,503,582,610,615,671,674,717
true 1,21,24,63,66,96,153,158,163,199,200,203,279,313,318,346,351,470,488,493,587,592,595,670,682,714,715
true 1,63,66,80,81,162,167,207,284,289,292,319,346,351,452,492,497,502,559,587,592,595,610,615,671,674,682
true 1,63,66,96,162,167,176,179,284,289,292,306,309,314,342,345,350,470,488,493,559,582,619,622,714,715,728
true 1,63,66,162,167,180,199,200,203,284,289,292,313,318,355,456,461,466,498,503,559,583,588,670,686,689,717
true 1,63,66,70,75,80,81,96,427,431,434,435,452,456,461,466,470,488,492,493,497,498,502,503,714,715,717
true 1,63,66,70,75,176,179,180,342,345,346,350,351,355,427,431,434,435,582,583,587,588,592,595,682,686,689
true 1,63,66,70,75,199,200,203,207,306,309,313,314,318,319,427,431,434,435,610,615,619,622,670,671,674,728
true 1,7,16,28,59,64,69,128,147,154,161,254,261,268,285,291,406,413,420,532,539,552,556,638,643,698,700
false 1,7,28,29,30,34,35,39,49,53,83,87,97,101,110,127,136,182,191,208,217,230,252,265,295,438,567
true 1,67,80,154,157,166,181,201,203,283,291,293,318,345,354,426,453,465,492,504,582,591,609,673,675,683,720
true 1,67,81,154,157,166,176,200,206,283,291,293,320,342,352,426,455,458,499,502,584,594,607,670,676,688,719
true 1,67,82,154,157,166,179,199,204,283,291,293,313,347,350,426,452,460,497,505,586,589,614,672,677,685,718
true 1,64,69,80,82,157,164,203,283,290,294,318,345,352,455,492,499,505,558,582,589,594,607,614,672,676,685
true 1,64,69,81,157,164,176,181,200,204,283,290,294,342,347,354,453,460,502,558,586,609,670,675,677,718,720
true 1,64,69,157,164,179,199,201,206,283,290,294,313,320,350,452,458,465,497,504,558,584,591,673,683,688,719
true 1,7,21,28,54,70,139,145,153,162,253,261,270,276,284,391,405,413,425,431,533,539,546,552,639,643,700
true 1,72,74,80,157,159,161,203,204,206,283,285,318,320,345,347,458,460,492,582,584,586,651,677,688,718,719
true 1,72,74,81,82,157,159,161,176,200,201,283,285,342,465,502,504,505,589,591,614,651,670,672,673,683,685
true 1,72,74,157,159,161,179,181,199,283,285,313,350,352,354,452,453,455,497,499,594,607,609,651,675,676,720
true 1,64,69,80,82,152,159,166,179,200,204,288,293,350,455,492,499,505,584,591,609,651,670,675,677,683,688
true 1,64,69,152,159,166,176,181,203,288,293,318,342,347,354,452,458,465,497,504,586,607,614,651,672,676,719
true 1,64,69,81,152,159,166,199,201,206,288,293,313,320,345,352,453,460,502,582,589,594,651,673,685,718,720
true 1,67,80,152,161,164,179,200,206,285,288,294,320,347,350,426,453,465,492,504,586,589,607,670,676,685,720
true 1,67,82,152,161,164,176,201,203,285,288,294,318,342,352,426,452,460,497,505,584,594,609,673,675,688,718
true 1,67,81,152,161,164,181,199,204,285,288,294,313,345,354,426,455,458,499,502,582,591,614,672,677,683,719
true 1,7,21,28,58,70,134,146,153,162,247,262,268,277,284,398,404,414,420,431,532,541,545,556,638,646,698
true 1,72,74,80,152,154,179,181,200,201,288,290,291,350,352,354,458,460,492,558,594,614,670,672,673,718,719
true 1,72,74,152,154,176,203,204,206,288,290,291,318,320,342,452,453,455,497,499,558,589,591,677,683,685,720
true 1,72,74,81,82,152,154,199,288,290,291,313,345,347,465,502,504,505,558,582,584,586,607,609,675,676,688
true 1,63,66,80,81,161,166,206,285,290,293,320,347,352,452,492,497,502,558,586,591,594,609,614,672,675,683
true 1,63,66,82,161,166,176,179,201,204,285,290,293,342,345,350,453,458,505,558,582,607,673,676,677,719,720
true 1,63,66,161,166,181,199,200,203,285,290,293,313,318,354,455,460,465,499,504,558,584,589,670,685,688,718
true 1,63,66,80,81,154,159,164,181,201,204,291,294,354,452,492,497,502,584,589,607,651,673,676,677,685,688
true 1,63,66,154,159,164,176,179,206,291,294,320,342,345,350,455,460,465,499,504,582,609,614,651,672,675,718
true 1,63,66,82,154,159,164,199,200,203,291,294,313,318,347,352,453,458,505,586,591,594,651,670,683,719,720
true 1,7,16,21,28,59,70,128,138,147,153,162,254,269,284,397,406,412,421,431,540,551,637,644,649,697,722
true 1,63,64,66,67,69,72,74,80,81,82,426,452,453,455,458,460,465,492,497,499,502,504,505,718,719,720
true 1,63,64,66,67,69,72,74,176,179,181,342,345,347,350,352,354,426,582,584,586,589,591,594,683,685,688
true 1,63,64,66,67,69,72,74,199,200,201,203,204,206,313,318,320,426,607,609,614,670,672,673,675,676,677
false 1,7,9,10,28,38,42,49,53,79,80,84,107,116,127,136,172,176,185,199,252,265,304,313,326,342,492
false 1,2,7,8,13,28,33,48,49,53,93,94,98,127,136,169,173,202,211,252,265,298,307,348,361,444,457
true 1,4,7,19,22,28,65,71,145,155,253,268,276,397,405,412,420,425,532,540,546,551,556,638,644,649,698
false 1,7,9,15,28,30,38,39,56,79,87,94,107,110,124,142,172,173,191,202,230,246,304,307,348,396,457
true 1,9,70,151,160,166,172,216,280,286,293,296,357,366,372,431,445,507,513,520,565,574,628,655,667,704,708
true 1,70,100,107,151,160,166,214,220,280,286,293,297,304,356,370,431,441,447,511,562,576,627,657,695,706,726
true 1,38,70,79,99,151,160,166,218,280,286,293,359,368,431,443,509,521,563,572,578,625,629,653,659,666,707
true 1,9,21,100,153,160,164,172,280,294,296,359,366,370,430,432,443,447,507,521,563,627,629,657,666,704,726
true 1,21,107,153,160,164,214,218,280,294,304,356,368,372,430,432,441,445,509,513,562,574,578,628,655,659,707
true 1,21,38,79,99,153,160,164,216,220,280,294,297,357,430,432,511,520,565,572,576,625,653,667,695,706,708
true 1,4,7,19,22,28,58,65,71,138,146,155,261,269,277,404,413,421,539,545,552,637,643,646,697,700,722
true 1,9,72,74,160,162,172,218,220,280,282,284,296,297,366,368,507,509,511,561,576,578,659,695,704,706,707
true 1,72,74,107,160,162,214,216,280,282,284,304,356,357,359,441,443,520,521,561,562,563,565,629,666,667,708
true 1,38,72,74,79,99,100,160,162,280,282,284,370,372,445,447,513,561,572,574,625,627,628,653,655,657,726
true 1,9,21,68,100,153,166,172,214,282,293,359,372,428,443,445,509,520,561,562,572,625,657,659,667,695,706
true 1,21,68,99,107,153,166,220,282,293,296,304,357,368,370,428,447,507,561,563,574,576,628,629,653,707,708
true 1,21,38,68,79,153,166,216,218,282,293,297,356,366,428,441,511,513,521,561,565,578,627,655,666,704,726
true 1,9,68,151,162,164,172,214,284,286,294,297,357,368,370,428,447,511,513,521,562,572,625,655,666,707,708
true 1,68,99,107,151,162,164,216,218,284,286,294,296,304,359,372,428,443,445,507,565,578,627,653,695,706,726
true 1,38,68,79,100,151,162,164,220,284,286,294,356,366,428,441,509,520,563,574,576,628,629,657,659,667,704
true 1,6,7,26,27,28,77,78,85,168,187,188,225,329,330,331,375,376,481,482,522,523,524,605,633,634,696
true 1,9,68,70,72,74,172,214,216,218,220,428,430,431,432,562,563,565,572,574,576,578,625,627,628,629,726
true 1,68,70,72,74,99,100,107,296,297,304,428,430,431,432,507,509,511,513,520,521,653,655,657,659,666,667
true 1,38,68,70,72,74,79,356,357,359,366,368,370,372,428,430,431,432,441,443,445,447,695,704,706,707,708
true 1,9,20,99,150,162,166,172,284,293,297,356,368,372,430,432,441,445,511,520,563,627,629,653,667,707,726
true 1,20,107,150,162,166,216,220,284,293,304,359,366,370,430,432,443,447,509,513,565,572,576,625,655,659,704
true 1,20,38,79,100,150,162,166,214,218,284,293,296,357,430,432,507,521,562,574,578,628,657,666,695,706,708
true 1,9,20,70,99,150,164,172,216,282,294,356,370,431,441,447,509,521,561,565,574,628,653,659,666,695,706
true 1,20,70,100,107,150,164,218,282,294,297,304,357,366,372,431,445,511,561,563,572,578,625,629,657,704,708
true 1,20,38,70,79,150,164,214,220,282,294,296,359,368,431,443,507,513,520,561,562,576,627,655,667,707,726
true 1,6,7,26,27,28,77,78,108,168,186,226,227,327,328,377,378,379,478,479,480,525,526,603,604,635,681
true 1,9,20,21,72,74,99,100,150,151,153,172,218,220,286,356,357,359,441,443,513,576,578,653,655,657,708
true 1,20,21,72,74,107,150,151,153,286,304,366,368,520,521,572,574,625,627,628,666,667,695,704,706,707,726
true 1,20,21,38,72,74,79,150,151,153,214,216,286,296,297,370,372,445,447,507,509,511,562,563,565,629,659
false 1,7,10,15,28,29,34,42,56,83,84,97,98,116,124,142,169,182,185,208,211,246,298,326,361,396,444
false 1,2,7,8,13,15,28,33,35,48,56,80,93,101,124,142,176,199,217,246,295,313,342,396,438,492,567
true 1,7,28,72,74,85,86,164,166,188,190,225,226,228,293,294,331,333,376,378,380,478,524,526,527,603,681
false 1,3,7,14,18,28,30,39,52,62,80,87,98,110,133,169,176,191,199,211,230,298,313,342,361,444,492
false 1,3,7,10,14,18,28,35,42,52,62,84,94,101,116,133,173,185,202,217,295,307,326,348,438,457,567
true 1,3,4,7,14,15,18,19,22,28,49,52,53,56,62,65,71,124,127,133,136,142,155,246,252,265,396
true 1,7,28,72,74,108,109,164,166,186,187,189,227,229,293,294,328,330,332,379,381,480,482,483,522,633,696
true 1,2,4,7,8,10,13,19,22,28,30,33,39,42,48,65,71,84,87,93,110,116,155,185,191,230,326
false 1,7,28,31,37,43,58,90,106,118,146,196,224,240,277,302,314,351,404,450,466,503,545,580,595,622,646
true 1,7,28,158,175,204,279,289,305,312,343,352,427,434,454,464,465,490,494,504,559,585,594,612,616,677,687
true 1,7,28,30,39,72,74,87,110,164,166,191,230,293,294,327,329,375,377,479,481,523,525,604,605,634,635
true 1,21,35,68,105,153,166,210,221,282,293,303,358,371,428,438,439,449,516,561,573,575,630,652,663,721,725
true 1,21,68,103,153,166,170,209,217,219,282,293,364,374,428,440,451,512,514,561,567,569,654,664,665,692,703
true 1,21,68,101,102,153,166,171,223,282,293,295,301,360,362,373,428,442,510,561,571,623,631,661,705,711,724
true 1,35,68,103,151,162,164,171,223,284,286,294,358,371,428,438,439,449,512,514,571,623,631,654,664,665,724
true 1,68,105,151,162,164,170,209,217,219,284,286,294,303,360,362,373,428,442,516,567,569,652,663,705,711,721
true 1,68,101,102,151,162,164,210,221,284,286,294,295,301,364,374,428,440,451,510,573,575,630,661,692,703,725
true 1,35,68,70,72,74,358,360,362,364,371,373,374,428,430,431,432,438,439,440,442,449,451,692,703,705,711
true 1,68,70,72,74,170,171,209,210,217,219,221,223,428,430,431,432,567,569,571,573,575,623,630,631,724,725
true 1,68,70,72,74,101,102,103,105,295,301,303,428,430,431,432,510,512,514,516,652,654,661,663,664,665,721
true 1,7,24,28,75,86,108,163,167,186,190,227,228,292,328,329,333,375,379,380,435,480,481,523,527,605,634
true 1,20,35,102,150,162,166,171,209,223,284,293,301,373,430,432,438,440,512,516,569,630,652,664,692,711,725
true 1,20,105,150,162,166,217,221,284,293,303,360,364,371,430,432,442,449,510,514,567,571,575,623,654,661,703
true 1,20,101,103,150,162,166,170,210,219,284,293,295,358,362,374,430,432,439,451,573,631,663,665,705,721,724
true 1,20,35,70,102,150,164,209,221,282,294,301,360,374,431,438,442,451,514,561,569,575,631,654,663,721,724
true 1,20,70,103,150,164,171,210,217,223,282,294,362,371,431,440,449,510,516,561,567,573,652,661,665,692,705
true 1,20,70,101,105,150,164,170,219,282,294,295,303,358,364,373,431,439,512,561,571,623,630,664,703,711,725
true 1,20,21,35,72,74,102,103,105,150,151,153,209,210,286,301,303,362,364,438,569,571,573,623,665,703,705
true 1,20,21,72,74,150,151,153,217,286,371,373,374,449,451,510,512,567,630,631,661,663,664,711,721,724,725
true 1,20,21,72,74,101,150,151,153,170,171,219,221,223,286,295,358,360,439,440,442,514,516,575,652,654,692
true 1,7,24,28,75,85,109,163,167,188,189,225,229,292,327,331,332,376,377,381,435,479,483,524,525,604,635
true 1,35,70,103,151,160,166,170,219,280,286,293,360,374,431,438,442,451,510,516,571,623,630,652,661,665,725
true 1,70,102,151,160,166,171,210,217,223,280,286,293,301,358,364,373,431,439,514,567,573,654,663,703,711,721
true 1,70,101,105,151,160,166,209,221,280,286,293,295,303,362,371,431,440,449,512,569,575,631,664,692,705,724
true 1,21,35,105,153,160,164,170,210,219,280,294,303,373,430,432,438,440,510,514,573,631,654,661,692,711,724
true 1,21,102,153,160,164,217,221,280,294,301,358,362,374,430,432,439,451,512,516,567,571,575,623,652,664,705
true 1,21,101,103,153,160,164,171,209,223,280,294,295,360,364,371,430,432,442,449,569,630,663,665,703,721,725
true 1,35,72,74,160,162,170,171,219,221,223,280,282,284,362,364,438,510,512,561,575,661,663,664,703,705,721
true 1,72,74,102,103,105,160,162,217,280,282,284,301,303,358,360,439,440,442,561,567,630,631,665,692,724,725
true 1,72,74,101,160,162,209,210,280,282,284,295,371,373,374,449,451,514,516,561,569,571,573,623,652,654,711
true 1,7,24,28,30,39,75,87,110,163,167,187,191,226,230,292,330,378,435,478,482,522,526,603,633,681,696
true 1,35,75,156,160,161,170,219,220,224,280,281,285,297,365,435,438,506,510,511,576,580,661,662,695,702,706
true 1,75,102,106,156,160,161,213,217,280,281,285,301,302,358,359,435,439,443,521,563,567,629,666,693,710,723
true 1,37,75,101,156,160,161,209,280,281,285,295,371,372,435,445,449,450,513,517,569,570,574,624,628,655,729
true 1,24,35,68,161,163,213,224,285,287,297,358,371,428,438,439,449,511,513,521,560,570,580,624,655,666,723
true 1,24,68,106,161,163,170,209,217,219,285,287,302,359,372,428,443,445,506,517,560,567,569,662,695,706,729
true 1,24,37,68,101,102,161,163,220,285,287,295,301,365,428,450,510,560,563,574,576,628,629,661,693,702,710
true 1,20,35,102,150,161,167,209,224,285,292,297,301,372,429,433,438,445,511,517,563,569,580,629,693,710,729
true 1,20,106,150,161,167,217,220,285,292,302,359,365,371,429,433,443,449,510,513,567,570,576,624,655,661,702
true 1,20,37,101,150,161,167,170,213,219,285,292,295,358,429,433,439,450,506,521,574,628,662,666,695,706,723
true 1,5,7,23,25,28,73,76,86,165,187,190,228,327,330,333,377,380,479,482,522,525,527,604,633,635,696
true 1,20,35,75,102,106,150,154,209,287,291,301,302,365,435,438,521,560,569,570,574,624,628,666,695,702,706
true 1,20,37,75,150,154,213,217,287,291,297,371,372,435,445,449,450,506,510,511,560,563,567,629,661,662,723
true 1,20,75,101,150,154,170,219,220,224,287,291,295,358,359,435,439,443,513,517,560,576,580,655,693,710,729
true 1,24,35,106,154,160,163,170,213,219,280,291,302,372,429,433,438,445,510,513,574,628,655,661,693,710,723
true 1,24,37,102,154,160,163,217,220,280,291,297,301,358,429,433,439,450,511,517,567,570,576,624,695,706,729
true 1,24,101,154,160,163,209,224,280,291,295,359,365,371,429,433,443,449,506,521,563,569,580,629,662,666,702
true 1,35,68,106,154,156,167,220,281,291,292,302,358,371,428,438,439,449,506,517,563,574,576,628,629,662,729
true 1,37,68,154,156,167,170,209,217,219,281,291,292,297,365,428,450,511,513,521,567,569,655,666,693,702,710
true 1,68,101,102,154,156,167,213,224,281,291,292,295,301,359,372,428,443,445,510,570,580,624,661,695,706,723
true 1,5,7,23,25,28,73,76,109,165,189,226,229,329,332,375,378,381,478,481,483,523,526,603,605,634,681
true 1,35,37,64,68,69,75,358,359,365,371,372,428,429,433,435,438,439,443,445,449,450,693,695,702,706,710
true 1,64,68,69,75,170,209,213,217,219,220,224,428,429,433,435,563,567,569,570,574,576,580,624,628,629,723
true 1,64,68,69,75,101,102,106,295,297,301,302,428,429,433,435,506,510,511,513,517,521,655,661,662,666,729
true 1,20,24,35,37,64,69,102,150,156,163,209,213,220,281,301,359,438,443,450,506,513,569,576,655,662,723
true 1,20,24,64,69,150,156,163,217,224,281,371,449,510,517,521,567,574,580,628,661,666,693,695,706,710,729
true 1,20,24,64,69,101,106,150,156,163,170,219,281,295,297,302,358,365,372,439,445,511,563,570,624,629,702
true 1,35,37,64,69,160,167,170,219,280,287,292,359,438,443,450,510,517,521,560,563,570,624,629,661,666,729
true 1,64,69,102,160,167,217,224,280,287,292,301,358,365,372,439,445,506,513,560,567,574,580,628,655,662,702
true 1,64,69,101,106,160,167,209,213,220,280,287,292,295,297,302,371,449,511,560,569,576,693,695,706,710,723
false 1,7,28,94,138,173,202,226,269,300,307,348,369,378,421,448,457,478,519,526,579,603,632,637,681,697,722
true 1,35,77,78,158,159,160,170,218,219,279,280,367,368,437,438,508,509,510,578,579,632,651,659,660,661,707
true 1,77,78,102,158,159,160,215,216,217,279,280,300,301,357,358,439,519,520,565,566,567,651,667,694,708,709
true 1,77,78,100,101,158,159,160,209,279,280,295,369,370,371,447,448,449,518,568,569,626,627,651,657,658,726
true 1,7,28,63,66,152,157,283,288,306,309,314,346,351,456,461,466,498,503,587,592,595,619,622,682,717,728
