true 1,4,5,19,20,23,63,66,77,78,150,161,162,166,167,284,285,289,290,292,293,429,430,432,433,558,559
true 1,20,21,22,72,73,74,75,76,77,78,150,151,152,153,154,155,286,287,288,289,290,291,435,558,559,560
true 1,4,19,24,25,67,68,77,78,151,152,161,162,163,164,165,284,285,286,287,288,294,426,427,428,434,560
true 1,20,24,25,64,65,69,70,71,77,78,150,156,157,163,164,165,281,282,283,289,290,294,431,558,559,561
true 1,4,19,72,73,74,75,76,77,78,156,157,158,159,160,161,162,279,280,281,282,283,284,285,435,561,651
true 1,5,21,22,23,67,68,77,78,153,154,155,156,157,166,167,281,282,283,291,292,293,426,427,428,434,561
true 1,5,23,64,65,69,70,71,77,78,151,152,158,159,160,166,167,279,280,286,287,288,292,293,431,560,651
true 1,63,64,65,66,67,68,69,70,71,72,73,74,75,76,77,78,426,427,428,429,430,431,432,433,434,435
true 1,21,22,24,25,63,66,77,78,153,154,155,158,159,160,163,164,165,279,280,291,294,429,430,432,433,651
true 1,6,7,26,27,28,77,78,98,168,169,210,211,297,298,359,360,361,442,443,444,511,512,573,574,628,664
false 1,7,28,36,104,137,201,222,225,267,299,329,347,376,392,419,446,455,481,499,524,535,577,586,605,641,673
false 1,7,28,94,103,173,202,221,225,244,266,307,329,348,373,376,393,418,457,481,524,536,555,575,605,665,711
false 1,7,28,85,103,188,201,221,331,347,373,417,455,499,522,534,554,575,586,633,640,650,665,673,696,699,711
false 1,7,28,220,225,306,329,346,372,376,417,445,456,481,498,521,524,534,554,576,587,605,619,640,650,666,699
false 1,7,28,85,94,137,173,188,202,220,267,307,331,348,372,392,419,445,457,521,522,535,576,633,641,666,696
false 1,7,28,187,201,220,244,266,330,347,372,375,393,418,445,455,482,499,521,523,536,555,576,586,634,666,673
false 1,7,28,36,85,104,188,222,244,266,299,306,331,346,393,418,446,456,498,522,536,555,577,587,619,633,696
false 1,7,28,36,94,104,173,187,202,222,299,307,330,348,375,417,446,457,482,523,534,554,577,634,640,650,699
false 1,7,28,103,137,187,221,267,306,330,346,373,375,392,419,456,482,498,523,535,575,587,619,634,641,665,711
true 1,3,6,7,14,17,18,26,27,28,51,52,60,61,62,77,78,131,132,133,148,149,168,258,259,278,409
false 1,7,11,28,45,53,121,126,136,192,200,251,265,335,345,357,403,439,452,485,497,509,569,582,627,661,670
false 1,7,11,28,45,49,121,127,135,192,252,264,335,416,485,495,508,581,617,626,659,669,690,694,708,713,726
false 1,7,28,119,200,241,250,263,334,345,390,402,415,452,484,497,508,544,553,582,606,626,659,670,694,708,726
false 1,7,11,28,45,121,192,209,250,263,335,344,358,402,415,485,496,510,544,553,568,618,660,668,709,712,727
false 1,7,28,53,119,126,136,209,241,251,265,334,358,390,403,484,495,510,568,581,606,617,660,669,690,709,713
false 1,7,28,44,49,88,120,127,135,193,200,209,242,252,264,336,345,358,416,452,497,510,568,582,660,670,709
false 1,7,28,49,119,127,135,241,252,264,334,344,357,390,416,439,484,496,509,569,606,618,627,661,668,712,727
false 1,7,28,44,88,120,193,242,250,263,336,357,402,415,439,495,509,544,553,569,581,617,627,661,669,690,713
false 1,7,28,44,53,88,120,126,136,193,242,251,265,336,344,403,496,508,618,626,659,668,694,708,712,726,727
true 1,6,7,9,26,27,28,37,38,77,78,79,105,106,107,168,171,172,223,224,302,303,304,374,450,451,580
false 1,27,31,43,53,127,168,195,239,250,264,343,403,440,453,486,507,531,553,572,585,615,623,662,671,693,720
false 1,27,49,90,117,136,168,194,240,251,263,338,388,416,440,454,494,507,544,572,583,614,623,662,672,689,693
false 1,27,31,43,49,136,168,195,239,251,263,305,416,441,486,493,506,531,544,570,584,616,625,663,688,692,714
false 1,27,89,118,126,135,168,196,238,252,265,305,337,389,402,415,440,493,507,572,584,616,623,662,688,693,714
false 1,27,90,117,126,135,168,194,240,252,265,338,343,388,402,415,441,453,506,570,585,615,625,663,671,692,720
false 1,27,31,43,126,135,168,195,239,252,265,296,356,402,415,454,486,494,531,571,583,614,624,672,689,710,721
false 1,27,53,89,118,127,168,196,238,250,264,337,389,403,441,454,494,506,553,570,583,614,625,663,672,689,692
false 1,27,53,90,117,127,168,194,240,250,264,296,305,338,356,388,403,493,553,571,584,616,624,688,710,714,721
false 1,27,49,89,118,136,168,196,238,251,263,296,337,343,356,389,416,453,544,571,585,615,624,671,710,720,721
true 1,6,7,26,27,28,29,34,77,78,82,83,96,97,168,180,181,182,206,207,208,319,320,354,355,470,505
false 1,2,6,8,12,26,32,46,91,134,209,261,305,357,412,453,508,541,583,616,644,661,689,700,709,720,726
false 1,6,26,33,48,92,123,197,243,247,305,358,397,414,453,509,539,552,569,583,616,626,649,660,689,708,720
false 1,6,26,33,48,92,123,134,197,243,261,412,439,454,494,510,541,568,584,615,627,644,659,671,688,694,700
false 1,6,13,26,47,93,122,198,262,305,339,398,413,439,453,510,540,551,568,583,616,627,643,659,689,694,720
false 1,6,13,26,47,93,122,198,209,247,339,357,397,414,454,494,508,539,552,584,615,649,661,671,688,709,726
false 1,6,13,26,47,93,122,134,198,261,339,343,358,412,493,509,541,569,585,614,626,644,660,672,700,708,714
false 1,2,6,8,12,26,32,46,91,262,358,398,413,454,494,509,540,551,569,584,615,626,643,660,671,688,708
false 1,2,6,8,12,26,32,46,91,247,343,397,414,439,493,510,539,552,568,585,614,627,649,659,672,694,714
false 1,6,26,33,48,92,123,197,209,243,262,343,357,398,413,493,508,540,551,585,614,643,661,672,709,714,726
true 1,4,6,7,19,21,22,26,27,28,64,65,69,70,71,77,78,153,154,155,161,162,168,284,285,291,431
false 1,6,11,26,44,119,134,193,261,296,307,335,348,356,412,440,456,484,499,506,541,570,586,619,623,644,700
false 1,6,26,121,242,247,307,336,348,390,397,414,456,485,499,507,539,552,572,586,606,619,624,649,663,692,710
false 1,6,26,121,134,202,242,261,336,347,390,412,441,457,485,498,541,571,587,606,625,644,662,673,693,700,721
false 1,6,26,45,88,120,192,241,262,307,334,348,398,413,441,456,499,540,551,571,586,619,625,643,662,693,721
false 1,6,26,45,88,120,192,202,241,247,296,334,347,356,397,414,440,457,498,506,539,552,570,587,623,649,673
false 1,6,26,45,88,94,120,134,173,192,201,241,261,306,334,346,412,455,507,541,572,624,644,663,692,700,710
false 1,6,11,26,44,119,193,202,262,335,347,398,413,457,484,498,507,540,551,572,587,624,643,663,673,692,710
false 1,6,11,26,44,94,119,173,193,201,247,306,335,346,397,414,441,455,484,539,552,571,625,649,662,693,721
false 1,6,26,94,121,173,201,242,262,296,306,336,346,356,390,398,413,440,455,485,506,540,551,570,606,623,643
true 1,6,7,10,26,27,28,41,42,77,78,84,114,115,116,168,184,185,236,237,324,325,326,387,476,477,602
true 1,6,7,26,27,28,30,39,77,78,86,87,109,110,168,189,190,191,228,229,230,332,333,380,381,483,527
false 1,39,77,78,102,137,189,190,191,300,301,380,381,495,496,497,519,520,534,535,536,554,555,667,668,669,670
false 1,30,77,78,137,228,229,230,332,333,344,345,369,370,371,447,448,449,452,534,535,536,554,555,690,712,713
false 1,77,78,86,87,102,109,110,244,300,301,344,345,417,418,419,452,483,519,520,527,640,641,667,690,712,713
false 1,77,78,86,87,109,110,137,170,200,218,219,483,527,534,535,536,554,555,578,579,581,582,617,618,632,727
false 1,39,77,78,189,190,191,200,244,369,370,371,380,381,417,418,419,447,448,449,581,582,617,618,640,641,727
false 1,30,77,78,102,200,228,229,230,266,267,300,301,332,333,392,393,519,520,581,582,617,618,650,667,699,727
false 1,30,77,78,170,218,219,228,229,230,244,332,333,417,418,419,495,496,497,578,579,632,640,641,668,669,670
false 1,77,78,86,87,109,110,266,267,369,370,371,392,393,447,448,449,483,495,496,497,527,650,668,669,670,699
false 1,39,77,78,170,189,190,191,218,219,266,267,344,345,380,381,392,393,452,578,579,632,650,690,699,712,713
true 1,6,7,15,26,27,28,55,56,77,78,124,140,141,142,168,245,246,271,272,394,395,396,422,537,538,642
false 1,6,26,54,107,138,172,188,224,225,268,303,330,374,375,450,481,497,522,533,618,638,670,690,697,713,727
false 1,6,9,26,37,79,105,171,270,302,331,421,482,497,524,556,605,618,634,639,670,690,696,698,713,722,727
false 1,6,26,38,54,106,138,223,268,304,331,345,451,452,482,496,524,533,580,581,605,617,634,638,668,696,697
false 1,6,26,38,85,106,139,187,223,269,304,329,376,391,420,451,497,523,532,580,618,633,637,670,690,713,727
false 1,6,26,85,107,172,187,224,270,303,329,345,374,376,421,450,452,496,523,556,581,617,633,639,668,698,722
false 1,6,9,26,37,54,79,85,105,138,171,187,200,268,302,329,344,376,495,523,533,582,633,638,669,697,712
false 1,6,9,26,37,79,105,139,171,188,225,269,302,330,345,375,391,420,452,481,496,522,532,581,617,637,668
false 1,6,26,38,106,188,200,223,225,270,304,330,344,375,421,451,481,495,522,556,580,582,639,669,698,712,722
false 1,6,26,107,139,172,200,224,269,303,331,344,374,391,420,450,482,495,524,532,582,605,634,637,669,696,712
false 1,5,6,15,23,24,26,54,55,72,74,137,138,140,163,246,266,268,393,395,417,533,535,537,638,640,697
false 1,6,25,26,56,75,124,137,141,165,166,245,266,270,271,293,393,394,417,421,435,535,556,639,640,698,722
false 1,5,6,23,24,26,72,74,142,163,270,272,396,419,421,422,536,538,555,556,639,641,642,650,698,699,722
false 1,6,26,73,76,137,139,142,164,167,266,269,272,292,294,391,393,396,417,420,422,532,535,538,637,640,642
false 1,5,6,23,24,26,56,72,74,124,139,141,163,244,245,267,269,271,391,392,394,418,420,532,534,554,637
false 1,6,15,25,26,55,75,139,140,165,166,246,269,293,391,395,419,420,435,532,536,537,555,637,641,650,699
false 1,6,15,26,55,73,76,140,164,167,244,246,267,270,292,294,392,395,418,421,534,537,554,556,639,698,722
false 1,6,26,54,56,73,76,124,138,141,164,167,245,268,271,292,294,394,419,533,536,555,638,641,650,697,699
false 1,6,25,26,54,75,138,142,165,166,244,267,268,272,293,392,396,418,422,435,533,534,538,554,638,642,697
true 1,54,77,78,94,108,170,173,218,219,327,328,420,421,498,499,525,526,532,533,578,579,586,587,632,681,722
true 1,54,77,78,102,300,301,306,307,346,347,348,377,378,379,420,421,478,479,480,519,520,532,533,667,673,722
true 1,77,78,170,186,218,219,226,227,268,269,270,306,307,346,347,348,578,579,603,604,632,635,637,638,639,673
true 1,54,77,78,186,201,202,226,227,369,370,371,420,421,447,448,449,455,456,457,532,533,603,604,619,635,722
true 1,77,78,102,108,201,202,268,269,270,300,301,327,328,455,456,457,519,520,525,526,619,637,638,639,667,681
true 1,77,78,138,139,170,201,202,218,219,377,378,379,391,455,456,457,478,479,480,556,578,579,619,632,697,698
true 1,77,78,94,173,268,269,270,369,370,371,377,378,379,447,448,449,478,479,480,498,499,586,587,637,638,639
true 1,77,78,94,102,138,139,173,186,226,227,300,301,391,498,499,519,520,556,586,587,603,604,635,667,697,698
true 1,77,78,108,138,139,306,307,327,328,346,347,348,369,370,371,391,447,448,449,525,526,556,673,681,697,698
true 1,27,54,102,108,168,170,202,269,306,327,346,370,378,448,457,480,499,533,556,586,603,632,635,637,667,698
true 1,27,102,139,168,170,186,201,226,268,307,348,370,379,391,421,448,455,479,498,525,587,632,638,667,681,722
true 1,27,94,108,139,168,173,219,268,300,327,347,369,378,391,421,449,456,480,520,578,603,619,635,638,673,722
true 1,27,94,102,138,168,170,173,227,270,328,347,370,377,420,448,456,478,526,532,604,619,632,639,667,673,697
true 1,27,138,168,186,202,219,226,270,300,306,346,369,379,420,449,457,479,499,520,525,532,578,586,639,681,697
true 1,27,108,138,168,201,218,270,301,307,327,348,371,378,420,447,455,480,498,519,532,579,587,603,635,639,697
true 1,27,54,168,201,219,227,269,300,307,328,348,369,377,449,455,478,498,520,526,533,556,578,587,604,637,698
true 1,27,54,94,168,173,186,218,226,269,301,347,371,379,447,456,479,519,525,533,556,579,619,637,673,681,698
true 1,27,139,168,202,218,227,268,301,306,328,346,371,377,391,421,447,457,478,499,519,526,579,586,604,638,722
true 1,6,26,54,108,138,170,186,226,268,300,307,327,348,371,377,447,456,478,499,520,533,586,619,632,638,697
true 1,6,26,102,218,270,307,328,348,369,379,421,449,456,479,499,526,556,579,586,603,619,635,639,667,698,722
true 1,6,26,54,138,202,219,268,301,328,347,370,379,448,457,479,498,519,526,533,578,587,603,635,638,673,697
true 1,6,26,139,219,227,269,301,307,348,370,378,391,420,448,456,480,499,519,525,532,578,586,604,619,637,681
true 1,6,26,170,202,227,270,300,347,371,378,421,447,457,480,498,520,525,556,587,604,632,639,673,681,698,722
true 1,6,26,54,94,102,138,173,201,218,227,268,306,346,369,378,449,455,480,525,533,579,604,638,667,681,697
true 1,6,26,102,108,139,186,202,218,226,269,327,347,369,377,391,420,449,457,478,498,532,579,587,637,667,673
true 1,6,26,94,108,173,186,201,219,226,270,301,306,327,346,370,377,421,448,455,478,519,556,578,639,698,722
true 1,6,26,94,139,170,173,201,269,300,306,328,346,371,379,391,420,447,455,479,520,526,532,603,632,635,637
true 1,7,28,54,108,139,170,201,227,270,301,327,347,369,379,391,449,455,479,499,519,533,586,604,632,639,673
true 1,7,28,94,102,108,138,173,202,219,227,269,307,327,348,371,379,421,447,457,479,578,604,637,667,697,722
true 1,7,28,102,201,219,268,347,371,377,420,447,455,478,499,525,532,556,578,586,603,635,638,667,673,681,698
true 1,7,28,108,218,227,268,300,306,327,346,370,379,420,448,456,479,498,520,532,556,579,587,604,619,638,698
true 1,7,28,54,94,139,173,202,218,270,300,307,348,370,377,391,448,457,478,520,525,533,579,603,635,639,681
true 1,7,28,138,186,201,218,226,269,300,328,347,370,378,421,448,455,480,499,520,526,579,586,637,673,697,722
true 1,7,28,138,170,269,301,306,346,369,377,421,449,456,478,498,519,525,587,603,619,632,635,637,681,697,722
true 1,7,28,94,170,173,186,202,226,268,301,307,328,348,369,378,420,449,457,480,519,526,532,556,632,638,698
true 1,7,28,54,102,139,186,219,226,270,306,328,346,371,378,391,447,456,480,498,526,533,578,587,619,639,667
true 1,7,28,43,118,134,169,194,200,240,262,298,337,345,359,414,444,452,486,497,511,539,582,628,643,670,700
true 1,7,28,43,98,118,194,211,240,261,337,361,397,413,442,486,495,540,552,573,581,617,644,664,669,690,713
true 1,7,28,31,90,98,196,200,211,238,247,345,361,388,398,412,442,452,497,531,541,551,573,582,649,664,670
true 1,7,28,43,118,194,210,240,247,297,337,344,360,398,412,443,486,496,512,541,551,574,618,649,668,712,727
true 1,7,28,31,90,134,196,210,238,262,297,360,388,414,443,495,512,531,539,574,581,617,643,669,690,700,713
true 1,7,28,89,117,195,200,210,239,261,297,338,345,360,389,397,413,443,452,497,512,540,552,574,582,644,670
true 1,7,28,31,90,169,196,238,261,298,344,359,388,397,413,444,496,511,531,540,552,618,628,644,668,712,727
true 1,7,28,89,117,169,195,239,247,298,338,359,389,398,412,444,495,511,541,551,581,617,628,649,669,690,713
true 1,7,28,89,98,117,134,195,211,239,262,338,344,361,389,414,442,496,539,573,618,643,664,668,700,712,727
true 1,6,26,43,98,117,134,196,210,238,261,298,338,359,412,443,486,497,541,573,618,644,670,690,700,713,727
true 1,6,26,31,89,169,194,211,240,247,297,360,389,397,414,442,497,511,531,539,552,618,649,670,690,713,727
true 1,6,26,31,89,134,194,240,261,345,361,389,412,444,452,496,512,531,541,574,581,617,628,644,664,668,700
true 1,6,26,90,118,195,239,262,337,361,388,398,413,444,497,512,540,551,574,618,628,643,664,670,690,713,727
true 1,6,26,90,98,118,195,210,239,247,298,337,345,359,388,397,414,443,452,496,539,552,573,581,617,649,668
true 1,6,26,90,118,134,169,195,200,211,239,261,297,337,344,360,388,412,442,495,511,541,582,644,669,700,712
true 1,6,26,43,117,169,196,211,238,262,297,338,345,360,398,413,442,452,486,496,511,540,551,581,617,643,668
true 1,6,26,43,117,196,200,238,247,338,344,361,397,414,444,486,495,512,539,552,574,582,628,649,664,669,712
true 1,6,26,31,89,98,194,200,210,240,262,298,344,359,389,398,413,443,495,531,540,551,573,582,643,669,712
true 1,27,31,43,134,168,195,211,239,247,298,344,359,413,442,486,497,512,531,540,574,581,617,649,670,700,712
true 1,27,90,117,168,194,200,211,240,262,298,338,359,388,397,412,442,496,512,541,552,574,582,643,668,690,713
true 1,27,31,43,168,169,195,210,239,262,345,361,397,412,443,452,486,495,511,531,541,552,618,643,664,669,727
true 1,27,89,118,168,196,211,238,261,298,337,345,359,389,398,414,442,452,495,512,539,551,574,618,644,669,727
true 1,27,90,117,168,169,194,210,240,261,338,344,361,388,398,414,443,497,511,539,551,581,617,644,664,670,712
true 1,27,31,43,98,168,195,200,239,261,297,360,398,414,444,486,496,531,539,551,573,582,628,644,668,690,713
true 1,27,89,118,134,168,169,196,200,210,238,247,337,361,389,413,443,496,511,540,582,649,664,668,690,700,713
true 1,27,90,98,117,134,168,194,240,247,297,338,345,360,388,413,444,452,495,540,573,618,628,649,669,700,727
true 1,27,89,98,118,168,196,238,262,297,337,344,360,389,397,412,444,497,541,552,573,581,617,628,643,670,712
true 1,43,77,78,89,90,134,297,298,359,360,361,388,389,397,398,486,495,496,497,551,552,664,668,669,670,700
true 1,77,78,134,194,195,196,210,211,238,239,240,344,345,397,398,442,443,444,452,551,552,628,690,700,712,713
true 1,31,77,78,117,118,297,298,337,338,344,345,359,360,361,412,413,414,452,531,539,540,541,664,690,712,713
true 1,31,77,78,98,117,118,134,169,200,337,338,397,398,511,512,531,551,552,573,574,581,582,617,618,700,727
true 1,43,77,78,89,90,200,210,211,388,389,412,413,414,442,443,444,486,539,540,541,581,582,617,618,628,727
true 1,77,78,194,195,196,200,238,239,240,247,261,262,297,298,359,360,361,581,582,617,618,643,644,649,664,727
true 1,77,78,98,169,194,195,196,238,239,240,412,413,414,495,496,497,511,512,539,540,541,573,574,668,669,670
true 1,31,77,78,117,118,210,211,247,261,262,337,338,442,443,444,495,496,497,531,628,643,644,649,668,669,670
true 1,43,77,78,89,90,98,169,247,261,262,344,345,388,389,452,486,511,512,573,574,643,644,649,690,712,713
true 1,6,7,26,27,28,49,53,77,78,126,127,135,136,168,250,251,252,263,264,265,402,403,415,416,544,553
false 1,2,7,8,13,28,33,48,93,125,200,249,260,296,345,356,401,411,441,452,497,507,550,572,582,625,670
false 1,2,7,8,13,28,33,48,93,399,410,495,506,542,549,570,581,617,624,645,648,662,669,690,693,710,713
false 1,7,28,32,46,92,122,198,200,243,248,345,400,452,497,506,543,548,570,582,624,647,662,670,693,701,710
false 1,2,7,8,13,28,33,48,93,248,344,400,440,496,543,548,571,618,623,647,663,668,692,701,712,721,727
false 1,7,28,32,46,92,122,125,198,243,249,260,401,411,440,495,550,571,581,617,623,663,669,690,692,713,721
false 1,7,12,28,47,91,123,197,200,339,345,399,410,440,452,497,542,549,571,582,623,645,648,663,670,692,721
false 1,7,28,32,46,92,122,198,243,296,344,356,399,410,441,496,507,542,549,572,618,625,645,648,668,712,727
false 1,7,12,28,47,91,123,197,248,296,339,356,400,441,495,507,543,548,572,581,617,625,647,669,690,701,713
false 1,7,12,28,47,91,123,125,197,249,260,339,344,401,411,496,506,550,570,618,624,662,668,693,710,712,727
false 1,5,9,23,36,77,78,102,166,167,171,172,223,224,292,293,300,301,372,373,445,446,519,520,580,667,711
false 1,24,25,36,77,78,105,106,107,163,164,165,170,218,219,294,302,303,304,372,373,445,446,578,579,632,711
false 1,5,23,77,78,105,106,107,166,167,220,221,222,292,293,302,303,304,369,370,371,447,448,449,575,576,577
false 1,36,37,38,72,73,74,75,76,77,78,79,369,370,371,372,373,374,435,445,446,447,448,449,450,451,711
false 1,5,23,37,38,77,78,79,103,104,166,167,170,218,219,292,293,299,374,450,451,521,578,579,632,665,666
false 1,24,25,37,38,77,78,79,102,163,164,165,220,221,222,294,300,301,374,450,451,519,520,575,576,577,667
false 1,9,72,73,74,75,76,77,78,170,171,172,218,219,220,221,222,223,224,435,575,576,577,578,579,580,632
false 1,9,24,25,77,78,103,104,163,164,165,171,172,223,224,294,299,369,370,371,447,448,449,521,580,665,666
false 1,72,73,74,75,76,77,78,102,103,104,105,106,107,299,300,301,302,303,304,435,519,520,521,665,666,667
false 1,11,77,78,210,211,241,242,260,334,335,336,399,400,401,442,443,444,453,454,493,494,628,647,648,714,720
false 1,77,78,88,98,119,120,121,169,260,343,399,400,401,484,485,511,512,573,574,583,584,585,647,648,688,689
false 1,44,45,77,78,125,192,193,210,211,343,390,442,443,444,542,543,548,549,550,583,584,585,606,628,688,689
false 1,44,45,77,78,192,193,260,297,298,305,359,360,361,390,399,400,401,606,614,615,616,647,648,664,671,672
false 1,11,77,78,98,125,169,241,242,305,334,335,336,511,512,542,543,548,549,550,573,574,614,615,616,671,672
false 1,77,78,88,119,120,121,210,211,248,249,305,410,411,442,443,444,484,485,614,615,616,628,645,671,672,701
false 1,77,78,88,119,120,121,125,297,298,359,360,361,453,454,484,485,493,494,542,543,548,549,550,664,714,720
false 1,44,45,77,78,98,169,192,193,248,249,390,410,411,453,454,493,494,511,512,573,574,606,645,701,714,720
false 1,11,77,78,241,242,248,249,297,298,334,335,336,343,359,360,361,410,411,583,584,585,645,664,688,689,701
false 1,11,27,37,57,79,88,107,120,130,168,179,223,255,274,303,316,335,349,390,408,469,502,557,580,606,620
false 1,27,37,44,50,79,81,107,121,144,168,193,203,223,241,256,273,303,317,334,424,485,501,547,580,596,691
false 1,9,11,27,50,88,106,120,144,168,171,178,256,273,304,318,335,350,374,390,424,450,468,500,547,606,621
false 1,27,37,45,79,107,119,129,143,168,178,192,223,242,257,275,303,318,336,350,407,423,468,484,500,580,621
false 1,9,27,44,106,121,129,143,168,171,179,193,241,257,275,304,316,334,349,374,407,423,450,469,485,502,620
false 1,11,27,38,81,88,105,120,129,143,168,172,203,224,257,275,302,317,335,390,407,423,451,501,596,606,691
false 1,9,27,45,57,81,106,119,130,168,171,192,203,242,255,274,304,317,336,374,408,450,484,501,557,596,691
false 1,27,38,44,57,105,121,130,168,172,178,193,224,241,255,274,302,318,334,350,408,451,468,485,500,557,621
false 1,27,38,45,50,105,119,144,168,172,179,192,224,242,256,273,302,316,336,349,424,451,469,484,502,547,620
false 1,27,31,43,168,195,202,239,248,260,306,346,358,401,439,457,486,499,508,531,542,549,586,627,660,701,726
false 1,27,90,117,168,194,201,240,249,307,338,348,358,388,399,411,439,455,498,508,543,548,587,627,648,660,726
false 1,27,31,43,94,168,173,195,239,249,347,357,399,411,456,486,510,531,543,548,568,619,626,648,661,673,708
false 1,27,89,94,118,125,168,173,196,238,337,347,358,389,400,410,439,456,508,550,619,627,645,647,660,673,726
false 1,27,90,117,125,168,194,202,240,306,338,346,357,388,400,410,457,499,510,550,568,586,626,645,647,661,708
false 1,27,31,43,125,168,195,201,209,239,307,348,400,410,455,486,498,509,531,550,569,587,645,647,659,694,709
false 1,27,89,118,168,196,201,238,248,260,307,337,348,357,389,401,455,498,510,542,549,568,587,626,661,701,708
false 1,27,90,94,117,168,173,194,209,240,248,260,338,347,388,401,456,509,542,549,569,619,659,673,694,701,709
false 1,27,89,118,168,196,202,209,238,249,306,337,346,389,399,411,457,499,509,543,548,569,586,648,659,694,709
false 1,2,7,8,13,28,33,48,57,93,102,144,177,219,255,275,315,351,371,407,447,467,503,547,578,622,667
false 1,2,7,8,13,28,33,48,93,129,143,204,218,256,274,300,314,352,370,408,424,448,466,504,520,579,595
false 1,7,28,32,46,50,92,122,130,177,198,218,243,257,273,300,315,351,370,423,448,467,503,520,557,579,622
false 1,2,7,8,13,28,33,48,50,93,95,130,170,205,257,273,301,353,369,423,449,465,519,557,594,632,677
false 1,7,28,32,46,57,92,122,144,170,198,204,243,255,275,301,314,352,369,407,449,466,504,519,547,595,632
false 1,7,12,28,47,91,123,129,143,170,177,197,256,274,301,315,339,351,369,408,424,449,467,503,519,622,632
false 1,7,28,32,46,92,95,102,122,129,143,198,205,219,243,256,274,353,371,408,424,447,465,578,594,667,677
false 1,7,12,28,47,50,91,102,123,130,197,204,219,257,273,314,339,352,371,423,447,466,504,557,578,595,667
false 1,7,12,28,47,57,91,95,123,144,197,205,218,255,275,300,339,353,370,407,448,465,520,547,579,594,677
false 1,27,40,53,104,127,168,220,234,250,264,299,308,340,373,403,472,530,553,576,589,597,610,679,711,715,719
false 1,27,49,104,112,136,168,220,235,251,263,299,373,385,416,458,471,489,544,576,590,599,609,674,678,686,711
false 1,27,40,49,103,136,168,222,234,251,263,372,416,445,459,472,488,530,544,577,588,597,611,665,675,679,685
false 1,27,104,113,126,135,168,220,233,252,265,299,321,373,386,402,415,459,488,576,588,598,611,675,685,711,716
false 1,27,103,112,126,135,168,222,235,252,265,308,340,372,385,402,415,445,471,577,589,599,610,665,678,715,719
false 1,27,36,40,126,135,168,221,234,252,265,402,415,446,458,472,489,521,530,575,590,597,609,666,674,679,686
false 1,27,53,103,113,127,168,222,233,250,264,321,372,386,403,445,458,489,553,577,590,598,609,665,674,686,716
false 1,27,36,53,112,127,168,221,235,250,264,385,403,446,459,471,488,521,553,575,588,599,611,666,675,678,685
false 1,27,36,49,113,136,168,221,233,251,263,308,321,340,386,416,446,521,544,575,589,598,610,666,715,716,719
true 1,6,7,26,27,28,35,77,78,100,101,168,215,216,217,295,367,368,437,438,518,565,566,567,657,658,707
false 1,7,28,53,111,126,136,218,232,251,265,300,309,370,384,403,448,461,473,487,520,579,592,600,608,680,684
false 1,7,28,49,111,127,135,170,232,252,264,301,369,384,416,449,460,473,519,591,600,632,676,680,682,717,728
false 1,7,28,170,183,250,263,301,309,323,369,382,402,415,449,461,475,487,519,528,544,553,592,608,632,636,684
false 1,7,28,102,111,174,219,232,250,263,310,371,384,402,415,447,462,473,544,553,578,600,607,667,680,683,718
false 1,7,28,53,102,126,136,183,219,251,265,323,371,382,403,447,460,475,528,578,591,636,667,676,682,717,728
false 1,7,28,49,102,127,135,219,231,252,264,309,322,371,383,416,447,461,474,487,529,578,592,601,608,667,684
false 1,7,28,49,127,135,174,183,218,252,264,300,310,323,370,382,416,448,462,475,520,528,579,607,636,683,718
false 1,7,28,218,231,250,263,300,322,370,383,402,415,448,460,474,520,529,544,553,579,591,601,676,682,717,728
false 1,7,28,53,126,136,170,174,231,251,265,301,310,322,369,383,403,449,462,474,519,529,601,607,632,683,718
false 1,5,7,23,25,28,34,73,76,95,97,165,180,203,205,208,316,319,350,353,465,468,470,502,594,596,677
false 1,7,24,28,29,75,83,95,163,167,178,182,205,206,292,317,349,353,354,435,465,469,501,505,594,621,677
false 1,5,7,23,25,28,29,73,76,81,83,165,177,179,182,206,315,318,351,354,467,500,503,505,620,622,691
false 1,7,28,72,74,81,82,95,96,164,166,179,181,205,207,293,294,318,320,353,355,465,500,594,620,677,691
false 1,5,7,23,25,28,73,76,82,96,165,178,181,204,207,314,317,320,349,352,355,466,469,501,504,595,621
false 1,7,24,28,75,82,96,163,167,177,181,203,207,292,315,316,320,350,351,355,435,467,468,502,503,596,622
false 1,7,28,34,72,74,97,164,166,177,178,180,208,293,294,315,317,319,349,351,467,469,470,501,503,621,622
false 1,7,24,28,34,75,81,97,163,167,179,180,204,208,292,314,318,319,352,435,466,470,500,504,595,620,691
false 1,7,28,29,72,74,83,164,166,182,203,204,206,293,294,314,316,350,352,354,466,468,502,504,505,595,596
false 1,7,16,28,43,59,105,118,147,177,194,223,240,253,302,315,337,351,374,405,450,467,486,503,546,580,622
false 1,7,9,28,38,43,58,107,118,128,146,171,194,204,240,254,277,303,314,337,352,406,451,466,486,504,595
false 1,7,9,28,31,38,90,107,145,171,177,196,238,276,303,315,351,388,404,425,451,467,503,531,545,622,646
false 1,7,28,37,43,79,95,106,118,145,172,194,205,224,240,276,304,337,353,404,425,465,486,545,594,646,677
false 1,7,16,28,31,37,59,79,90,106,147,172,196,204,224,238,253,304,314,352,388,405,466,504,531,546,595
false 1,7,28,37,58,79,89,106,117,128,146,172,177,195,224,239,254,277,304,315,338,351,389,406,467,503,622
false 1,7,28,31,58,90,95,105,128,146,196,205,223,238,254,277,302,353,374,388,406,450,465,531,580,594,677
false 1,7,28,89,105,117,145,195,204,223,239,276,302,314,338,352,374,389,404,425,450,466,504,545,580,595,646
false 1,7,9,16,28,38,59,89,95,107,117,147,171,195,205,239,253,303,338,353,389,405,451,465,546,594,677
true 1,2,6,7,8,12,13,26,27,28,32,33,46,47,48,77,78,91,92,93,122,123,168,197,198,243,339
false 1,27,40,80,134,168,219,234,247,300,312,341,369,413,449,472,492,520,530,540,578,593,597,612,649,679,700
false 1,27,112,168,175,199,219,235,262,300,313,369,385,397,412,449,463,471,491,520,541,552,578,599,643,678,687
false 1,27,40,168,176,218,234,262,301,311,342,371,397,412,447,464,472,490,519,530,541,552,579,597,613,643,679
false 1,27,113,168,176,219,233,261,300,311,321,342,369,386,398,414,449,464,490,520,539,551,578,598,613,644,716
false 1,27,80,112,168,218,235,261,301,312,341,371,385,398,414,447,471,492,519,539,551,579,593,599,612,644,678
false 1,27,40,102,168,170,175,199,234,261,313,370,398,414,448,463,472,491,530,539,551,597,632,644,667,679,687
false 1,27,113,134,168,175,199,218,233,247,301,313,321,371,386,413,447,463,491,519,540,579,598,649,687,700,716
false 1,27,102,112,134,168,170,176,235,247,311,342,370,385,413,448,464,471,490,540,599,613,632,649,667,678,700
false 1,27,80,102,113,168,170,233,262,312,321,341,370,386,397,412,448,492,541,552,593,598,612,632,643,667,716
false 1,11,16,27,34,83,88,120,146,168,180,207,218,253,301,320,335,371,390,406,425,447,505,519,545,579,606
false 1,27,29,44,59,97,121,145,168,181,193,206,218,241,254,277,301,334,355,371,404,447,470,485,519,546,579
false 1,11,27,59,82,88,96,102,120,145,168,170,182,208,254,277,319,335,354,370,390,404,448,546,606,632,667
false 1,27,45,58,82,96,119,128,147,168,182,192,208,218,242,276,301,319,336,354,371,405,447,484,519,579,646
false 1,27,34,44,58,83,102,121,128,147,168,170,180,193,207,241,276,320,334,370,405,448,485,505,632,646,667
false 1,11,27,29,58,88,97,120,128,147,168,181,206,219,276,300,335,355,369,390,405,449,470,520,578,606,646
false 1,16,27,29,45,97,102,119,146,168,170,181,192,206,242,253,336,355,370,406,425,448,470,484,545,632,667
false 1,16,27,44,82,96,121,146,168,182,193,208,219,241,253,300,319,334,354,369,406,425,449,485,520,545,578
false 1,27,34,45,59,83,119,145,168,180,192,207,219,242,254,277,300,320,336,369,404,449,484,505,520,546,578
false 1,77,78,105,106,107,111,134,302,303,304,308,397,398,473,474,475,528,529,551,552,609,610,611,674,675,700
false 1,37,38,77,78,79,134,183,374,382,383,384,397,398,450,451,458,459,488,489,551,552,600,601,700,715,719
false 1,77,78,105,106,107,231,232,302,303,304,322,323,412,413,414,458,459,488,489,539,540,541,636,680,715,719
false 1,9,77,78,134,171,172,223,224,231,232,322,323,340,397,398,551,552,580,588,589,590,636,680,685,686,700
false 1,37,38,77,78,79,111,340,374,412,413,414,450,451,473,474,475,528,529,539,540,541,588,589,590,685,686
false 1,77,78,105,106,107,183,247,261,262,302,303,304,340,382,383,384,588,589,590,600,601,643,644,649,685,686
false 1,9,77,78,171,172,183,223,224,308,382,383,384,412,413,414,539,540,541,580,600,601,609,610,611,674,675
false 1,37,38,77,78,79,231,232,247,261,262,308,322,323,374,450,451,609,610,611,636,643,644,649,674,675,680
false 1,9,77,78,111,171,172,223,224,247,261,262,458,459,473,474,475,488,489,528,529,580,643,644,649,715,719
true 1,4,5,7,19,20,22,23,25,28,63,65,66,68,71,73,76,150,152,155,157,160,165,280,283,288,428
true 1,4,7,19,22,24,28,65,67,71,75,151,155,159,163,167,282,286,290,292,426,430,432,435,558,561,651
true 1,7,20,24,28,64,68,69,75,150,154,156,160,161,163,167,280,281,285,287,291,292,428,429,433,435,560
true 1,4,7,19,22,28,65,71,72,74,155,156,158,164,166,279,281,287,289,293,294,427,429,433,434,559,560
true 1,7,20,21,28,68,70,72,74,150,151,153,160,162,164,166,280,282,284,286,293,294,428,430,431,432,561
true 1,7,28,63,64,66,67,69,72,74,152,154,157,159,161,164,166,283,285,288,290,291,293,294,426,558,651
true 1,7,21,24,28,63,66,70,75,152,153,157,158,162,163,167,279,283,284,288,289,292,427,431,434,435,559
true 1,5,7,23,25,28,64,69,73,76,151,154,158,161,165,279,282,285,286,289,291,427,430,432,434,559,561
true 1,5,7,21,23,25,28,67,70,73,76,153,156,159,162,165,281,284,287,290,426,429,431,433,558,560,651
false 1,6,10,26,41,114,185,219,260,301,308,325,370,401,410,448,458,476,489,519,543,548,578,588,610,645,685
false 1,6,26,116,125,170,237,248,300,308,326,371,387,399,447,458,477,489,520,550,588,602,610,632,648,685,701
false 1,6,26,102,116,218,237,260,326,340,369,387,401,410,449,459,477,488,543,548,579,589,602,609,645,667,674
false 1,6,26,42,84,102,115,184,218,236,249,308,324,369,400,411,449,458,489,542,549,579,588,610,647,667,685
false 1,6,26,42,84,115,125,184,219,236,248,301,324,340,370,399,448,459,488,519,550,578,589,609,648,674,701
false 1,6,26,42,84,115,170,184,236,260,300,324,371,401,410,447,520,543,548,590,611,632,645,675,686,715,719
false 1,6,10,26,41,114,170,185,249,300,325,340,371,400,411,447,459,476,488,520,542,549,589,609,632,647,674
false 1,6,10,26,41,102,114,125,185,218,248,325,369,399,449,476,550,579,590,611,648,667,675,686,701,715,719
false 1,6,26,116,219,237,249,301,326,370,387,400,411,448,477,519,542,549,578,590,602,611,647,675,686,715,719
true 1,4,5,6,19,20,21,23,24,26,63,64,66,67,69,72,74,150,151,153,156,158,163,279,281,286,426
true 1,6,22,25,26,63,66,70,75,151,155,156,160,161,165,166,280,281,285,286,290,293,427,431,434,435,558
true 1,5,6,22,23,24,26,68,70,72,74,155,157,159,161,163,283,285,287,289,428,430,431,432,559,560,651
true 1,6,26,63,65,66,68,71,73,76,151,154,156,159,162,164,167,281,284,286,289,291,292,294,428,559,651
true 1,5,6,23,24,26,65,71,72,74,152,154,160,162,163,280,282,284,288,290,291,427,429,433,434,558,561
true 1,6,20,25,26,65,67,71,75,150,154,157,158,162,165,166,279,283,284,287,291,293,426,430,432,435,560
true 1,6,20,22,26,67,70,73,76,150,152,155,158,161,164,167,279,282,285,288,292,294,426,429,431,433,561
true 1,4,6,19,21,26,64,69,73,76,153,157,160,164,167,280,283,287,290,292,294,427,430,432,434,558,560
true 1,4,6,19,21,25,26,64,68,69,75,152,153,159,165,166,282,288,289,293,428,429,433,435,559,561,651
false 1,6,26,39,54,109,138,191,222,228,268,305,333,373,453,483,521,533,577,583,616,638,666,689,697,711,720
false 1,6,26,30,36,86,103,189,220,230,270,305,381,421,446,453,527,556,576,583,616,639,665,689,698,720,722
false 1,6,26,30,54,86,104,138,189,221,230,268,299,372,381,445,454,494,527,533,575,584,615,638,671,688,697
false 1,6,26,87,104,110,139,190,221,229,269,299,305,332,372,380,391,420,445,453,532,575,583,616,637,689,720
false 1,6,26,87,110,190,222,229,270,332,373,380,421,454,494,521,556,577,584,615,639,666,671,688,698,711,722
false 1,6,26,36,54,87,103,110,138,190,220,229,268,332,343,380,446,493,533,576,585,614,638,665,672,697,714
false 1,6,26,36,39,103,109,139,191,220,228,269,333,391,420,446,454,483,494,532,576,584,615,637,665,671,688
false 1,6,26,39,104,109,191,221,228,270,299,333,343,372,421,445,483,493,556,575,585,614,639,672,698,714,722
false 1,6,26,30,86,139,189,222,230,269,343,373,381,391,420,493,521,527,532,577,585,614,637,666,672,711,714
true 1,4,5,19,20,23,27,63,66,70,75,150,154,159,164,168,282,287,291,294,427,431,434,435,560,561,651
true 1,5,22,23,27,64,68,69,75,151,155,157,158,162,164,168,279,283,284,286,290,294,428,429,433,435,558
true 1,21,24,27,63,65,66,68,71,73,76,153,158,161,163,166,168,279,282,285,287,290,293,428,558,560,561
true 1,5,21,23,27,65,67,71,75,152,153,156,160,161,164,168,280,281,285,288,289,294,426,430,432,435,559
true 1,22,25,27,63,64,66,67,69,72,74,155,160,162,165,167,168,280,282,284,287,289,292,426,559,560,561
true 1,4,19,24,27,67,70,73,76,151,154,157,160,163,166,168,280,283,286,289,291,293,426,429,431,433,559
true 1,4,19,25,27,68,70,72,74,152,154,156,158,165,167,168,279,281,288,290,291,292,428,430,431,432,558
true 1,20,22,24,27,64,69,73,76,150,152,155,156,159,162,163,166,168,281,284,288,293,427,430,432,434,651
true 1,20,21,25,27,65,71,72,74,150,151,153,157,159,161,165,167,168,283,285,286,292,427,429,433,434,651
false 1,15,77,78,85,124,225,271,272,369,370,371,447,448,449,453,454,481,482,493,494,537,538,633,634,714,720
false 1,15,77,78,124,170,187,188,218,219,271,272,343,522,523,524,537,538,578,579,583,584,585,605,632,688,689
false 1,77,78,140,141,142,245,246,329,330,331,343,369,370,371,375,376,447,448,449,583,584,585,642,688,689,696
false 1,15,77,78,102,124,271,272,300,301,305,329,330,331,375,376,519,520,537,538,614,615,616,667,671,672,696
false 1,77,78,85,140,141,142,170,218,219,225,245,246,305,481,482,578,579,614,615,616,632,633,634,642,671,672
false 1,55,56,77,78,187,188,305,369,370,371,394,395,396,422,447,448,449,522,523,524,605,614,615,616,671,672
false 1,77,78,102,140,141,142,187,188,245,246,300,301,453,454,493,494,519,520,522,523,524,605,642,667,714,720
false 1,55,56,77,78,170,218,219,329,330,331,375,376,394,395,396,422,453,454,493,494,578,579,632,696,714,720
false 1,55,56,77,78,85,102,225,300,301,343,394,395,396,422,481,482,519,520,583,584,585,633,634,667,688,689
true 1,6,7,26,27,28,77,78,94,168,173,201,202,306,307,346,347,348,455,456,457,498,499,586,587,619,673
false 1,15,27,36,108,141,168,221,245,327,344,378,396,422,446,480,497,521,537,575,581,603,617,635,666,670,712
false 1,27,36,56,140,168,186,200,221,226,246,272,379,394,446,479,496,521,525,538,575,582,666,668,681,690,713
false 1,27,56,104,108,140,168,220,246,272,299,327,345,373,378,394,452,480,495,538,576,603,618,635,669,711,727
false 1,27,36,55,124,142,168,221,227,271,328,345,377,395,446,452,478,495,521,526,575,604,618,642,666,669,727
false 1,27,55,104,124,142,168,186,220,226,271,299,344,373,379,395,479,497,525,576,581,617,642,670,681,711,712
false 1,27,55,103,108,124,142,168,200,222,271,327,372,378,395,445,480,496,577,582,603,635,642,665,668,690,713
false 1,15,27,104,141,168,200,220,227,245,299,328,373,377,396,422,478,496,526,537,576,582,604,668,690,711,713
false 1,15,27,103,141,168,186,222,226,245,345,372,379,396,422,445,452,479,495,525,537,577,618,665,669,681,727
false 1,27,56,103,140,168,222,227,246,272,328,344,372,377,394,445,478,497,526,538,577,581,604,617,665,670,712
false 1,9,27,106,108,137,168,171,244,304,327,343,374,378,418,450,453,480,535,585,603,615,635,650,671,699,720
false 1,9,27,106,168,171,186,226,267,304,374,379,392,417,450,454,479,494,525,536,555,583,614,640,672,681,689
false 1,27,38,105,108,168,172,224,267,302,305,327,378,392,417,451,480,493,536,555,584,603,616,635,640,688,714
false 1,9,27,106,168,171,227,266,304,305,328,374,377,393,419,450,478,493,526,534,554,584,604,616,641,688,714
false 1,27,38,105,168,172,186,224,226,266,302,343,379,393,419,451,453,479,525,534,554,585,615,641,671,681,720
false 1,27,37,79,107,108,168,223,266,303,327,378,393,419,454,480,494,534,554,580,583,603,614,635,641,672,689
false 1,27,38,105,137,168,172,224,227,244,302,328,377,418,451,454,478,494,526,535,583,604,614,650,672,689,699
false 1,27,37,79,107,137,168,186,223,226,244,303,305,379,418,479,493,525,535,580,584,616,650,681,688,699,714
false 1,27,37,79,107,168,223,227,267,303,328,343,377,392,417,453,478,526,536,555,580,585,604,615,640,671,720
false 1,27,34,83,111,137,168,180,207,209,244,320,323,383,418,473,505,509,535,569,601,636,650,659,694,699,709
false 1,27,29,97,168,181,206,209,231,267,322,355,384,392,417,470,475,509,528,536,555,569,600,640,659,694,709
false 1,27,82,96,111,168,182,208,267,319,323,354,358,383,392,417,439,473,508,536,555,601,627,636,640,660,726
false 1,27,82,96,168,182,183,208,209,232,266,319,354,382,393,419,474,509,529,534,554,569,641,659,680,694,709
false 1,27,34,83,168,180,207,231,266,320,322,358,384,393,419,439,475,505,508,528,534,554,600,627,641,660,726
false 1,27,29,97,111,168,181,206,266,323,355,357,383,393,419,470,473,510,534,554,568,601,626,636,641,661,708
false 1,27,29,97,137,168,181,183,206,232,244,355,358,382,418,439,470,474,508,529,535,627,650,660,680,699,726
false 1,27,82,96,137,168,182,208,231,244,319,322,354,357,384,418,475,510,528,535,568,600,626,650,661,699,708
false 1,27,34,83,168,180,183,207,232,267,320,357,382,392,417,474,505,510,529,536,555,568,626,640,661,680,708
false 1,2,8,16,36,77,78,81,122,123,197,198,253,254,276,277,349,350,372,373,445,446,468,469,646,691,711
false 1,16,32,33,46,47,48,77,78,178,179,203,220,221,222,253,254,276,277,339,575,576,577,596,620,621,646
false 1,12,13,36,77,78,91,92,93,145,146,147,178,179,203,243,372,373,404,405,406,445,446,596,620,621,711
false 1,12,13,16,77,78,91,92,93,103,104,243,253,254,276,277,299,316,317,318,500,501,502,521,646,665,666
false 1,2,8,77,78,122,123,145,146,147,197,198,220,221,222,316,317,318,404,405,406,500,501,502,575,576,577
false 1,32,33,36,46,47,48,58,59,77,78,128,316,317,318,339,372,373,425,445,446,500,501,502,545,546,711
false 1,32,33,46,47,48,77,78,81,103,104,145,146,147,299,339,349,350,404,405,406,468,469,521,665,666,691
false 1,12,13,58,59,77,78,81,91,92,93,128,220,221,222,243,349,350,425,468,469,545,546,575,576,577,691
false 1,2,8,58,59,77,78,103,104,122,123,128,178,179,197,198,203,299,425,521,545,546,596,620,621,665,666
false 1,7,28,40,98,113,137,178,211,235,267,317,349,361,392,419,442,469,471,501,535,573,598,621,641,664,679
false 1,7,28,40,113,203,210,235,244,266,297,316,350,360,393,418,443,468,471,502,512,536,555,574,596,598,679
false 1,7,28,178,210,233,297,317,349,360,385,417,443,469,501,512,530,534,554,574,597,621,640,650,678,699,716
false 1,7,28,40,81,113,169,179,235,298,318,359,417,444,471,500,511,534,554,598,620,628,640,650,679,691,699
false 1,7,28,137,169,203,233,267,298,316,350,359,385,392,419,444,468,502,511,530,535,596,597,628,641,678,716
false 1,7,28,112,169,178,234,244,266,298,317,321,349,359,386,393,418,444,469,472,501,511,536,555,599,621,628
false 1,7,28,81,98,179,211,233,244,266,318,361,385,393,418,442,500,530,536,555,573,597,620,664,678,691,716
false 1,7,28,98,112,203,211,234,316,321,350,361,386,417,442,468,472,502,534,554,573,596,599,640,650,664,699
false 1,7,28,81,112,137,179,210,234,267,297,318,321,360,386,392,419,443,472,500,512,535,574,599,620,641,691
true 1,7,9,28,38,40,107,113,125,171,235,249,260,303,309,401,411,451,461,471,487,550,592,598,608,679,684
true 1,7,28,37,40,79,106,113,172,224,235,304,399,410,460,471,542,549,591,598,645,648,676,679,682,717,728
true 1,7,28,37,79,106,172,224,233,248,304,309,385,400,461,487,530,543,548,592,597,608,647,678,684,701,716
true 1,7,28,40,105,113,174,223,235,248,302,310,374,400,450,462,471,543,548,580,598,607,647,679,683,701,718
true 1,7,28,105,125,223,233,249,260,302,374,385,401,411,450,460,530,550,580,591,597,676,678,682,716,717,728
true 1,7,28,105,112,223,234,302,309,321,374,386,399,410,450,461,472,487,542,549,580,592,599,608,645,648,684
true 1,7,9,28,38,107,171,174,233,303,310,385,399,410,451,462,530,542,549,597,607,645,648,678,683,716,718
true 1,7,9,28,38,107,112,171,234,248,303,321,386,400,451,460,472,543,548,591,599,647,676,682,701,717,728
true 1,7,28,37,79,106,112,125,172,174,224,234,249,260,304,310,321,386,401,411,462,472,550,599,607,683,718
true 1,6,26,38,40,106,112,223,233,260,304,310,401,410,451,461,543,548,580,591,599,608,645,679,683,716,717
true 1,6,26,107,125,172,224,235,248,303,310,321,374,386,399,450,461,471,530,550,591,597,608,648,683,701,717
true 1,6,9,26,37,79,105,171,235,260,302,321,386,401,410,462,471,487,530,543,548,592,597,607,645,676,682
true 1,6,9,26,37,79,105,113,171,234,249,302,310,385,400,411,461,472,542,549,591,598,608,647,678,683,717
true 1,6,26,38,106,113,125,223,234,248,304,385,399,451,462,472,487,550,580,592,598,607,648,676,678,682,701
true 1,6,26,107,113,172,174,224,234,260,303,309,374,385,401,410,450,460,472,543,548,598,645,678,684,718,728
true 1,6,26,40,107,112,172,224,233,249,303,374,400,411,450,462,487,542,549,592,599,607,647,676,679,682,716
true 1,6,9,26,37,40,79,105,112,125,171,174,233,248,302,309,399,460,550,599,648,679,684,701,716,718,728
true 1,6,26,38,106,174,223,235,249,304,309,321,386,400,411,451,460,471,530,542,549,580,597,647,684,718,728
true 1,27,38,40,105,168,172,174,224,234,248,260,302,401,451,461,472,530,542,549,597,608,676,679,682,701,718
true 1,27,38,105,112,168,172,224,235,249,302,309,385,399,411,451,462,471,543,548,591,599,607,648,678,684,717
true 1,27,37,40,79,107,168,223,234,249,303,310,399,411,460,472,487,530,543,548,580,592,597,648,679,683,728
true 1,27,38,105,113,125,168,172,224,233,302,310,321,386,400,410,451,460,487,550,592,598,645,647,683,716,728
true 1,27,37,79,107,112,125,168,174,223,235,303,385,400,410,461,471,550,580,599,608,645,647,676,678,682,718
true 1,9,27,40,106,125,168,171,234,304,309,374,400,410,450,462,472,530,550,591,597,607,645,647,679,684,717
true 1,27,37,79,107,113,168,223,233,248,260,303,309,321,386,401,462,542,549,580,591,598,607,684,701,716,717
true 1,9,27,106,112,168,171,235,248,260,304,310,374,385,401,450,460,471,487,542,549,592,599,678,683,701,728
true 1,9,27,106,113,168,171,174,233,249,304,321,374,386,399,411,450,461,543,548,598,608,648,676,682,716,718
true 1,37,38,40,77,78,79,260,321,374,385,386,399,400,401,450,451,460,461,462,607,608,647,648,678,679,728
true 1,9,77,78,171,172,174,223,224,233,234,235,260,399,400,401,471,472,487,580,591,592,647,648,716,717,718
true 1,37,38,77,78,79,112,113,125,174,374,450,451,487,530,542,543,548,549,550,591,592,597,598,599,717,718
true 1,77,78,105,106,107,112,113,260,302,303,304,309,310,399,400,401,530,597,598,599,647,648,676,682,683,684
true 1,9,40,77,78,125,171,172,223,224,309,310,321,385,386,542,543,548,549,550,580,676,678,679,682,683,684
true 1,37,38,77,78,79,233,234,235,248,249,309,310,374,410,411,450,451,471,472,645,676,682,683,684,701,716
true 1,77,78,105,106,107,125,233,234,235,302,303,304,460,461,462,471,472,542,543,548,549,550,607,608,716,728
true 1,9,77,78,112,113,171,172,223,224,248,249,410,411,460,461,462,530,580,597,598,599,607,608,645,701,728
true 1,40,77,78,105,106,107,174,248,249,302,303,304,321,385,386,410,411,487,591,592,645,678,679,701,717,718
false 1,3,6,14,17,26,43,51,60,102,117,131,196,203,218,238,318,338,349,369,449,469,486,500,579,596,667
false 1,6,26,31,52,62,89,132,149,194,203,219,240,258,278,301,318,349,370,389,448,469,500,519,531,578,596
false 1,3,6,14,17,26,31,51,60,81,89,131,170,178,194,240,300,316,371,389,447,502,520,531,621,632,691
false 1,6,18,26,61,90,118,133,148,170,195,203,239,259,300,318,337,349,371,388,409,447,469,500,520,596,632
false 1,6,26,52,62,81,90,102,118,132,149,178,195,218,239,258,278,316,337,369,388,449,502,579,621,667,691
false 1,3,6,14,17,26,51,60,90,118,131,179,195,219,239,301,317,337,350,370,388,448,468,501,519,578,620
false 1,6,18,26,43,61,81,117,133,148,178,196,219,238,259,301,316,338,370,409,448,486,502,519,578,621,691
false 1,6,26,43,52,62,117,132,149,170,179,196,238,258,278,300,317,338,350,371,447,468,486,501,520,620,632
false 1,6,18,26,31,61,89,102,133,148,179,194,218,240,259,317,350,369,389,409,449,468,501,531,579,620,667
false 1,6,26,104,111,183,221,231,260,299,313,322,342,372,382,401,410,445,464,473,491,543,548,575,593,612,645
false 1,6,26,125,222,248,313,323,342,373,384,399,464,474,491,521,529,550,577,593,600,612,636,648,666,701,711
false 1,6,26,36,80,103,175,199,220,260,311,323,341,384,401,410,446,474,490,529,543,548,576,600,636,645,665
false 1,6,26,36,103,220,232,249,313,342,383,400,411,446,464,475,491,528,542,549,576,593,601,612,647,665,680
false 1,6,26,80,104,125,175,199,221,232,248,299,311,341,372,383,399,445,475,490,528,550,575,601,648,680,701
false 1,6,26,176,222,232,260,312,373,383,401,410,463,475,492,521,528,543,548,577,601,613,645,666,680,687,711
false 1,6,26,80,111,175,183,199,222,231,249,311,322,341,373,382,400,411,473,490,521,542,549,577,647,666,711
false 1,6,26,36,103,111,125,176,183,220,231,248,312,322,382,399,446,463,473,492,550,576,613,648,665,687,701
false 1,6,26,104,176,221,249,299,312,323,372,384,400,411,445,463,474,492,529,542,549,575,600,613,636,647,687
true 1,6,7,26,27,28,77,78,80,168,175,176,199,311,312,313,341,342,463,464,490,491,492,593,612,613,687
false 1,6,26,53,95,108,135,186,204,226,252,263,315,327,351,366,377,403,466,478,517,544,594,631,653,703,723
false 1,6,26,49,95,99,126,204,213,250,265,315,328,351,364,379,416,466,479,526,553,562,594,603,635,652,702
false 1,6,26,53,135,214,252,263,328,353,365,379,403,467,479,504,516,526,544,595,603,622,635,677,704,724,729
false 1,6,26,95,127,136,204,214,227,251,264,315,351,365,378,402,415,466,480,516,525,594,604,681,704,724,729
false 1,6,26,49,126,227,250,265,353,366,378,416,467,480,504,517,525,553,595,604,622,631,653,677,681,703,723
false 1,6,26,53,99,135,177,205,213,227,252,263,314,352,364,378,403,465,480,503,525,544,562,604,652,681,702
false 1,6,26,99,108,127,136,186,213,226,251,264,327,353,364,377,402,415,467,478,504,562,595,622,652,677,702
false 1,6,26,49,108,126,177,186,205,214,226,250,265,314,327,352,365,377,416,465,478,503,516,553,704,724,729
false 1,6,26,127,136,177,205,251,264,314,328,352,366,379,402,415,465,479,503,517,526,603,631,635,653,703,723
false 1,4,7,11,19,22,28,40,45,65,71,108,113,121,155,192,227,235,327,335,379,471,479,485,598,604,679
false 1,7,11,28,45,64,69,121,154,161,186,192,226,233,285,291,328,335,378,385,480,485,526,530,597,678,716
false 1,4,7,19,22,28,65,71,119,155,233,241,334,377,385,390,478,484,525,530,597,603,606,635,678,681,716
false 1,7,11,21,28,45,70,112,121,153,162,192,234,284,321,335,377,386,431,472,478,485,525,599,603,635,681
false 1,4,7,19,22,28,44,65,71,88,112,120,155,186,193,226,234,242,321,328,336,378,386,472,480,526,599
false 1,7,28,64,69,108,112,119,154,161,227,234,241,285,291,321,327,334,379,386,390,472,479,484,599,604,606
false 1,7,21,28,44,70,88,108,120,153,162,193,227,233,242,284,327,336,379,385,431,479,530,597,604,678,716
false 1,7,21,28,40,70,113,119,153,162,186,226,235,241,284,328,334,378,390,431,471,480,484,526,598,606,679
false 1,7,28,40,44,64,69,88,113,120,154,161,193,235,242,285,291,336,377,471,478,525,598,603,635,679,681
false 1,6,26,53,135,188,203,225,252,263,318,330,349,375,403,469,481,500,515,522,544,596,630,656,695,706,725
false 1,6,26,49,126,203,212,250,265,318,331,349,362,416,469,482,500,513,524,553,564,596,605,634,655,696,705
false 1,6,26,53,81,135,178,252,263,316,331,363,403,436,482,502,514,524,544,563,605,621,629,634,654,691,696
false 1,6,26,85,127,136,187,203,251,264,318,329,349,363,376,402,415,436,469,500,514,523,563,596,629,633,654
false 1,6,26,49,81,85,126,178,187,250,265,316,329,376,416,502,515,523,553,621,630,633,656,691,695,706,725
false 1,6,26,53,85,135,179,187,212,252,263,317,329,350,362,376,403,468,501,513,523,544,564,620,633,655,705
false 1,6,26,81,127,136,178,188,212,225,251,264,316,330,362,375,402,415,481,502,513,522,564,621,655,691,705
false 1,6,26,49,126,179,188,225,250,265,317,330,350,363,375,416,436,468,481,501,514,522,553,563,620,629,654
false 1,6,26,127,136,179,251,264,317,331,350,402,415,468,482,501,515,524,605,620,630,634,656,695,696,706,725
false 1,4,7,19,22,28,43,65,71,111,118,155,194,225,232,240,329,337,376,384,473,481,486,524,600,605,680
false 1,7,28,64,69,85,89,111,117,154,161,188,195,232,239,285,291,331,338,384,389,473,522,600,633,680,696
false 1,4,7,19,22,28,31,65,71,85,90,155,183,188,196,238,323,331,382,388,475,522,528,531,633,636,696
false 1,7,21,28,31,70,90,111,153,162,187,196,232,238,284,330,375,384,388,431,473,482,523,531,600,634,680
false 1,4,7,19,22,28,65,71,89,117,155,187,195,231,239,322,330,338,375,383,389,474,482,523,529,601,634
false 1,7,28,43,64,69,118,154,161,183,187,194,240,285,291,323,330,337,375,382,475,482,486,523,528,634,636
false 1,7,21,28,43,70,85,118,153,162,188,194,231,240,284,322,331,337,383,431,474,486,522,529,601,633,696
false 1,7,21,28,70,89,117,153,162,183,195,225,239,284,323,329,338,376,382,389,431,475,481,524,528,605,636
false 1,7,28,31,64,69,90,154,161,196,225,231,238,285,291,322,329,376,383,388,474,481,524,529,531,601,605
false 1,2,3,6,8,9,12,14,17,26,29,32,34,37,46,51,60,79,82,91,96,105,131,171,180,206,302
false 1,6,26,29,33,34,38,48,52,62,82,92,96,106,123,132,149,180,197,206,223,243,258,278,304,451,580
false 1,3,6,14,17,26,33,48,51,60,83,92,107,123,131,172,181,197,208,224,243,303,319,355,374,450,505
false 1,6,13,18,26,29,34,47,61,82,93,96,107,122,133,148,172,180,198,206,224,259,303,339,374,409,450
false 1,6,9,13,26,37,47,52,62,79,83,93,105,122,132,149,171,181,198,208,258,278,302,319,339,355,505
false 1,3,6,13,14,17,26,38,47,51,60,93,97,106,122,131,182,198,207,223,304,320,339,354,451,470,580
false 1,2,6,8,12,18,26,32,38,46,61,83,91,106,133,148,181,208,223,259,304,319,355,409,451,505,580
false 1,2,6,8,12,26,32,46,52,62,91,97,107,132,149,172,182,207,224,258,278,303,320,354,374,450,470
false 1,6,9,18,26,33,37,48,61,79,92,97,105,123,133,148,171,182,197,207,243,259,302,320,354,409,470
true 1,5,6,7,23,24,25,26,27,28,72,73,74,75,76,77,78,163,164,165,166,167,168,292,293,294,435
false 1,7,28,34,97,108,134,180,208,227,262,319,327,379,414,470,479,513,539,604,629,643,654,695,700,705,725
false 1,7,28,29,83,108,182,206,212,227,261,327,354,363,379,397,413,479,505,515,540,552,563,604,644,655,706
false 1,7,28,34,97,180,208,212,247,319,363,377,398,412,470,478,515,525,541,551,563,603,635,649,655,681,706
false 1,7,28,82,96,108,181,207,227,247,320,327,355,362,379,398,412,436,479,514,541,551,564,604,630,649,656
false 1,7,28,29,83,134,182,206,262,354,362,377,414,436,478,505,514,525,539,564,603,630,635,643,656,681,700
false 1,7,28,34,97,180,186,208,226,261,319,328,362,378,397,413,436,470,480,514,526,540,552,564,630,644,656
false 1,7,28,82,96,181,207,261,320,355,377,397,413,478,513,525,540,552,603,629,635,644,654,681,695,705,725
false 1,7,28,29,83,182,186,206,226,247,328,354,378,398,412,480,505,513,526,541,551,629,649,654,695,705,725
false 1,7,28,82,96,134,181,186,207,212,226,262,320,328,355,363,378,414,480,515,526,539,563,643,655,700,706
false 1,2,8,20,40,77,78,85,122,123,150,197,198,225,289,290,321,385,386,481,482,558,559,633,634,678,679
false 1,32,33,40,46,47,48,67,68,77,78,321,329,330,331,339,375,376,385,386,426,427,428,434,678,679,696
false 1,12,13,20,77,78,91,92,93,112,113,150,243,289,290,329,330,331,375,376,530,558,559,597,598,599,696
false 1,12,13,40,77,78,91,92,93,158,159,160,187,188,243,279,280,321,385,386,522,523,524,605,651,678,679
false 1,20,32,33,46,47,48,77,78,150,187,188,233,234,235,289,290,339,471,472,522,523,524,558,559,605,716
false 1,2,8,67,68,77,78,112,113,122,123,187,188,197,198,426,427,428,434,522,523,524,530,597,598,599,605
false 1,2,8,77,78,122,123,158,159,160,197,198,233,234,235,279,280,329,330,331,375,376,471,472,651,696,716
false 1,32,33,46,47,48,77,78,85,112,113,158,159,160,225,279,280,339,481,482,530,597,598,599,633,634,651
false 1,12,13,67,68,77,78,85,91,92,93,225,233,234,235,243,426,427,428,434,471,472,481,482,633,634,716
false 1,77,78,85,134,215,216,217,225,295,314,315,351,352,353,397,398,481,482,551,552,633,634,657,658,677,700
false 1,77,78,100,101,134,187,188,204,205,397,398,437,438,465,466,467,518,522,523,524,551,552,605,622,700,707
false 1,77,78,204,205,215,216,217,295,329,330,331,375,376,412,413,414,465,466,467,539,540,541,622,657,658,696
false 1,35,77,78,95,134,177,329,330,331,367,368,375,376,397,398,503,504,551,552,565,566,567,594,595,696,700
false 1,77,78,85,95,100,101,177,225,412,413,414,437,438,481,482,503,504,518,539,540,541,594,595,633,634,707
false 1,77,78,95,177,187,188,215,216,217,247,261,262,295,503,504,522,523,524,594,595,605,643,644,649,657,658
false 1,35,77,78,187,188,314,315,351,352,353,367,368,412,413,414,522,523,524,539,540,541,565,566,567,605,677
false 1,77,78,100,101,247,261,262,314,315,329,330,331,351,352,353,375,376,437,438,518,643,644,649,677,696,707
false 1,35,77,78,85,204,205,225,247,261,262,367,368,465,466,467,481,482,565,566,567,622,633,634,643,644,649
false 1,11,20,39,77,78,111,150,189,190,191,241,242,289,290,334,335,336,380,381,473,474,475,528,529,558,559
false 1,11,30,67,68,77,78,228,229,230,231,232,241,242,322,323,332,333,334,335,336,426,427,428,434,636,680
false 1,20,44,45,77,78,86,87,109,110,150,192,193,231,232,289,290,322,323,390,483,527,558,559,606,636,680
false 1,11,77,78,86,87,109,110,158,159,160,183,241,242,279,280,334,335,336,382,383,384,483,527,600,601,651
false 1,20,30,77,78,88,119,120,121,150,183,228,229,230,289,290,332,333,382,383,384,484,485,558,559,600,601
false 1,39,44,45,67,68,77,78,183,189,190,191,192,193,380,381,382,383,384,390,426,427,428,434,600,601,606
false 1,39,77,78,88,119,120,121,158,159,160,189,190,191,231,232,279,280,322,323,380,381,484,485,636,651,680
false 1,30,44,45,77,78,111,158,159,160,192,193,228,229,230,279,280,332,333,390,473,474,475,528,529,606,651
false 1,67,68,77,78,86,87,88,109,110,111,119,120,121,426,427,428,434,473,474,475,483,484,485,527,528,529
false 1,27,39,86,168,191,205,229,248,260,315,332,351,363,401,465,504,513,527,542,549,563,595,630,656,701,705
false 1,27,30,109,168,177,190,204,230,249,353,363,380,399,411,466,483,503,513,543,548,563,630,648,656,677,705
false 1,27,39,86,95,168,191,229,249,314,332,352,362,399,411,467,515,527,543,548,564,594,622,629,648,654,706
false 1,27,87,95,110,125,168,189,228,314,333,352,363,381,400,410,467,513,550,563,594,622,630,645,647,656,705
false 1,27,30,109,125,168,190,205,230,315,351,362,380,400,410,465,483,504,515,550,564,595,629,645,647,654,706
false 1,27,39,86,125,168,177,191,204,212,229,332,353,400,410,436,466,503,514,527,550,645,647,655,677,695,725
false 1,27,87,110,168,177,189,204,228,248,260,333,353,362,381,401,466,503,515,542,549,564,629,654,677,701,706
false 1,27,30,95,109,168,190,212,230,248,260,314,352,380,401,436,467,483,514,542,549,594,622,655,695,701,725
false 1,27,87,110,168,189,205,212,228,249,315,333,351,381,399,411,436,465,504,514,543,548,595,648,655,695,725
false 1,10,20,43,77,78,89,90,108,150,184,185,236,237,289,290,327,328,388,389,486,525,526,558,559,602,681
false 1,31,67,68,77,78,108,114,115,116,117,118,324,325,326,327,328,337,338,426,427,428,434,525,526,531,681
false 1,20,31,41,42,77,78,84,117,118,150,186,226,227,289,290,337,338,387,476,477,531,558,559,603,604,635
false 1,41,42,77,78,84,108,158,159,160,194,195,196,238,239,240,279,280,327,328,387,476,477,525,526,651,681
false 1,20,77,78,114,115,116,150,194,195,196,238,239,240,289,290,324,325,326,377,378,379,478,479,480,558,559
false 1,10,67,68,77,78,184,185,186,194,195,196,226,227,236,237,238,239,240,426,427,428,434,602,603,604,635
false 1,10,31,77,78,117,118,158,159,160,184,185,236,237,279,280,337,338,377,378,379,478,479,480,531,602,651
false 1,43,77,78,89,90,114,115,116,158,159,160,186,226,227,279,280,324,325,326,388,389,486,603,604,635,651
false 1,41,42,43,67,68,77,78,84,89,90,377,378,379,387,388,389,426,427,428,434,476,477,478,479,480,486
false 1,77,78,81,100,101,108,260,327,328,349,350,399,400,401,437,438,468,469,518,525,526,647,648,681,691,707
false 1,35,77,78,178,179,203,260,367,368,377,378,379,399,400,401,478,479,480,565,566,567,596,620,621,647,648
false 1,77,78,100,101,125,178,179,186,203,226,227,437,438,518,542,543,548,549,550,596,603,604,620,621,635,707
false 1,77,78,186,215,216,217,226,227,260,295,316,317,318,399,400,401,500,501,502,603,604,635,647,648,657,658
false 1,35,77,78,108,125,316,317,318,327,328,367,368,500,501,502,525,526,542,543,548,549,550,565,566,567,681
false 1,77,78,100,101,248,249,316,317,318,377,378,379,410,411,437,438,478,479,480,500,501,502,518,645,701,707
false 1,77,78,81,125,215,216,217,295,349,350,377,378,379,468,469,478,479,480,542,543,548,549,550,657,658,691
false 1,35,77,78,81,186,226,227,248,249,349,350,367,368,410,411,468,469,565,566,567,603,604,635,645,691,701
false 1,77,78,108,178,179,203,215,216,217,248,249,295,327,328,410,411,525,526,596,620,621,645,657,658,681,701
true 1,6,7,11,26,27,28,44,45,77,78,88,119,120,121,168,192,193,241,242,334,335,336,390,484,485,606
false 1,7,28,34,97,99,125,180,208,214,225,249,260,319,329,366,376,401,411,470,481,524,550,605,702,723,729
false 1,7,28,29,83,182,206,213,225,329,354,365,376,399,410,481,505,517,524,542,549,605,645,648,652,703,724
false 1,7,28,34,85,97,180,188,208,213,248,319,331,365,400,470,517,522,543,548,633,647,652,696,701,703,724
false 1,7,28,82,96,181,207,225,248,320,329,355,364,376,400,481,516,524,543,548,562,605,631,647,653,701,704
false 1,7,28,29,83,85,125,182,188,206,249,260,331,354,364,401,411,505,516,522,550,562,631,633,653,696,704
false 1,7,28,34,97,180,187,208,319,330,364,375,399,410,470,482,516,523,542,549,562,631,634,645,648,653,704
false 1,7,28,82,85,96,99,181,188,207,214,320,331,355,366,399,410,522,542,549,633,645,648,696,702,723,729
false 1,7,28,29,83,99,182,187,206,214,248,330,354,366,375,400,482,505,523,543,548,634,647,701,702,723,729
false 1,7,28,82,96,125,181,187,207,213,249,260,320,330,355,365,375,401,411,482,517,523,550,634,652,703,724
false 1,2,6,8,12,26,32,46,63,66,91,108,111,151,156,183,186,226,231,281,286,322,327,377,382,473,478
false 1,2,6,8,12,26,32,46,91,157,232,283,287,328,379,383,430,432,475,479,526,528,560,601,603,635,680
false 1,6,26,33,48,63,66,92,123,151,156,197,243,281,286,323,328,379,384,474,479,526,529,600,603,635,636
false 1,2,6,8,12,26,32,46,91,152,227,282,288,323,378,384,429,433,474,480,525,529,561,600,604,636,681
false 1,6,13,26,47,63,66,93,122,151,156,198,227,232,281,286,339,378,383,475,480,525,528,601,604,680,681
false 1,6,26,33,48,92,111,123,157,183,197,227,231,243,283,287,322,378,382,430,432,473,480,525,560,604,681
false 1,6,13,26,47,93,111,122,152,183,198,231,282,288,322,328,339,379,382,429,433,473,479,526,561,603,635
false 1,6,26,33,48,92,108,123,152,186,197,226,232,243,282,288,327,377,383,429,433,475,478,528,561,601,680
false 1,6,13,26,47,93,108,122,157,186,198,226,283,287,323,327,339,377,384,430,432,474,478,529,560,600,636
false 1,4,19,27,36,70,99,154,168,209,221,291,365,431,446,509,521,569,575,631,653,659,666,694,702,709,724
false 1,21,27,36,65,71,153,161,168,213,221,285,358,366,439,446,508,516,521,575,627,652,660,666,704,723,726
false 1,4,19,27,70,104,154,168,214,220,291,299,358,364,373,431,439,508,517,562,576,627,660,703,711,726,729
false 1,22,27,36,64,69,155,162,168,214,221,284,357,364,446,510,517,521,562,568,575,626,661,666,703,708,729
false 1,4,19,27,70,103,154,168,213,222,291,357,366,372,431,445,510,516,568,577,626,652,661,665,704,708,723
false 1,21,27,65,71,99,104,153,161,168,220,285,299,357,365,373,510,568,576,626,631,653,661,702,708,711,724
false 1,22,27,64,69,99,103,155,162,168,222,284,358,365,372,439,445,508,577,627,631,653,660,665,702,724,726
false 1,22,27,64,69,104,155,162,168,209,213,220,284,299,366,373,509,516,569,576,652,659,694,704,709,711,723
false 1,21,27,65,71,103,153,161,168,209,214,222,285,364,372,445,509,517,562,569,577,659,665,694,703,709,729
false 1,6,10,11,26,41,44,63,66,114,119,151,156,185,188,193,225,281,286,325,330,335,375,476,481,484,522
false 1,6,11,26,42,44,84,115,119,157,184,193,236,283,287,324,331,335,430,432,482,484,524,560,605,634,696
false 1,6,26,63,66,116,121,151,156,237,242,281,286,326,331,336,387,390,477,482,485,524,602,605,606,634,696
false 1,6,11,26,44,85,116,119,152,187,193,237,282,288,326,329,335,376,387,429,433,477,484,523,561,602,633
false 1,6,26,42,45,63,66,84,85,88,115,120,151,156,184,187,192,236,241,281,286,324,329,334,376,523,633
false 1,6,10,26,41,85,114,121,157,185,187,242,283,287,325,329,336,376,390,430,432,476,485,523,560,606,633
false 1,6,10,26,41,45,88,114,120,152,185,192,241,282,288,325,331,334,429,433,476,482,524,561,605,634,696
false 1,6,26,42,84,115,121,152,184,188,225,236,242,282,288,324,330,336,375,390,429,433,481,485,522,561,606
false 1,6,26,45,88,116,120,157,188,192,225,237,241,283,287,326,330,334,375,387,430,432,477,481,522,560,602
false 1,4,19,27,70,102,154,168,170,212,291,296,356,370,431,436,448,514,571,624,632,655,667,695,710,721,725
false 1,21,27,65,71,153,161,168,218,285,296,301,356,363,371,447,513,519,563,571,579,624,630,656,705,710,721
false 1,4,19,27,70,154,168,219,291,300,363,369,431,440,449,507,513,520,563,572,578,623,630,656,662,693,705
false 1,22,27,64,69,155,162,168,219,284,296,300,356,362,369,449,515,520,564,571,578,624,629,654,706,710,721
false 1,4,19,27,70,154,168,218,291,301,362,371,431,441,447,506,515,519,564,570,579,625,629,654,663,692,706
false 1,21,27,65,71,102,153,161,168,170,285,362,370,440,448,507,515,564,572,623,629,632,654,662,667,693,706
false 1,22,27,64,69,102,155,162,168,170,284,363,370,441,448,506,513,563,570,625,630,632,656,663,667,692,705
false 1,22,27,64,69,155,162,168,212,218,284,301,371,436,440,447,507,514,519,572,579,623,655,662,693,695,725
false 1,21,27,65,71,153,161,168,212,219,285,300,369,436,441,449,506,514,520,570,578,625,655,663,692,695,725
true 1,6,7,26,27,28,31,43,77,78,89,90,117,118,168,194,195,196,238,239,240,337,338,388,389,486,531
false 1,6,9,20,26,37,67,79,99,105,150,158,171,213,279,296,302,356,364,426,440,506,562,570,623,652,702
false 1,6,9,26,37,68,79,105,159,171,214,289,302,365,428,441,516,559,571,625,651,662,693,704,721,724,729
false 1,6,20,26,67,107,150,158,172,224,279,303,366,374,426,441,450,517,571,625,631,653,662,693,703,721,723
false 1,6,9,26,37,79,105,160,171,280,290,302,366,427,434,507,517,558,572,624,631,653,663,692,703,710,723
false 1,6,20,26,38,67,106,150,158,214,223,279,304,365,426,451,507,516,572,580,624,663,692,704,710,724,729
false 1,6,26,68,99,107,159,172,213,224,289,303,364,374,428,450,507,559,562,572,624,651,652,663,692,702,710
false 1,6,26,38,99,106,160,213,223,280,290,304,364,427,434,441,451,558,562,571,580,625,652,662,693,702,721
false 1,6,26,107,160,172,214,224,280,290,296,303,356,365,374,427,434,440,450,506,516,558,570,623,704,724,729
false 1,6,26,38,68,106,159,223,289,296,304,356,366,428,440,451,506,517,559,570,580,623,631,651,653,703,723
false 1,6,26,39,40,43,63,66,109,112,117,151,156,191,196,228,233,238,281,286,333,338,483,486,599,679,716
false 1,6,26,30,43,86,113,117,157,189,196,230,234,238,283,287,338,381,385,430,432,472,486,527,560,598,678
false 1,6,26,30,31,63,66,86,89,151,156,189,194,230,235,240,281,286,321,381,386,389,471,527,530,531,597
false 1,6,26,43,87,110,117,152,190,196,229,235,238,282,288,321,332,338,380,386,429,433,471,486,530,561,597
false 1,6,26,63,66,87,90,110,113,118,151,156,190,195,229,234,239,281,286,332,337,380,385,388,472,598,678
false 1,6,26,31,40,87,89,110,112,157,190,194,229,233,240,283,287,332,380,389,430,432,531,560,599,679,716
false 1,6,26,30,40,86,90,112,118,152,189,195,230,233,239,282,288,337,381,388,429,433,527,561,599,679,716
false 1,6,26,31,39,89,109,113,152,191,194,228,234,240,282,288,333,385,389,429,433,472,483,531,561,598,678
false 1,6,26,39,90,109,118,157,191,195,228,235,239,283,287,321,333,337,386,388,430,432,471,483,530,560,597
false 1,6,20,26,36,67,98,103,150,158,210,212,220,279,298,359,362,426,443,446,513,564,573,576,655,665,705
false 1,6,26,36,68,103,159,220,289,361,363,428,436,444,446,512,514,559,563,574,576,628,629,651,654,664,665
false 1,6,20,26,67,150,158,222,279,361,373,426,444,512,515,521,574,577,628,630,656,664,666,695,706,711,725
false 1,6,26,36,103,160,169,211,220,280,290,297,360,427,434,442,446,511,515,558,576,630,656,665,695,706,725
false 1,6,20,26,67,104,150,158,169,211,221,279,297,299,360,363,372,426,436,442,445,511,514,563,575,629,654
false 1,6,26,68,159,169,211,212,222,289,297,360,362,373,428,442,511,513,521,559,564,577,651,655,666,705,711
false 1,6,26,104,160,212,221,280,290,299,361,362,372,427,434,444,445,512,513,558,564,574,575,628,655,664,705
false 1,6,26,98,160,210,222,280,290,298,359,363,373,427,434,436,443,514,521,558,563,573,577,629,654,666,711
false 1,6,26,68,98,104,159,210,221,289,298,299,359,372,428,443,445,515,559,573,575,630,651,656,695,706,725
false 1,5,10,23,27,40,75,111,115,164,168,185,234,294,323,324,383,387,435,472,473,477,530,597,601,636,679
false 1,10,24,27,73,76,112,115,163,166,168,183,185,232,235,293,324,382,385,387,471,474,477,529,599,678,680
false 1,5,23,27,41,75,112,116,164,168,184,231,235,236,294,322,326,384,385,435,471,475,476,528,599,600,678
false 1,10,25,27,72,74,113,115,165,167,168,185,231,233,292,321,322,324,384,386,387,475,477,528,598,600,716
false 1,5,23,27,42,75,84,113,114,164,168,183,232,233,237,294,321,325,382,386,435,474,529,598,602,680,716
false 1,24,27,41,73,76,111,113,116,163,166,168,184,233,236,293,321,323,326,383,386,473,476,598,601,636,716
false 1,25,27,40,41,72,74,116,165,167,168,183,184,232,234,236,292,326,382,472,474,476,529,530,597,679,680
false 1,24,27,40,42,73,76,84,114,163,166,168,231,234,237,293,322,325,384,472,475,528,530,597,600,602,679
false 1,25,27,42,72,74,84,111,112,114,165,167,168,235,237,292,323,325,383,385,471,473,599,601,602,636,678
false 1,6,20,26,35,67,100,102,150,158,209,215,218,279,357,369,426,449,508,567,579,658,661,667,707,709,726
false 1,6,26,68,101,102,159,216,218,289,367,369,428,438,439,449,510,559,566,568,579,627,651,657,659,667,694
false 1,6,20,26,67,150,158,170,217,279,295,300,368,371,426,437,439,447,510,518,520,565,568,627,632,659,694
false 1,6,26,102,160,217,218,280,290,295,358,368,369,427,434,437,449,509,518,558,565,569,579,626,660,667,708
false 1,6,20,26,67,101,150,158,216,219,279,301,358,367,370,426,438,448,509,519,566,569,578,626,657,660,708
false 1,6,26,35,68,100,159,170,215,289,300,358,371,428,447,509,520,559,567,569,626,632,651,658,660,707,708
false 1,6,26,35,100,160,215,219,280,290,301,370,427,434,439,448,510,519,558,567,568,578,627,658,659,694,707
false 1,6,26,101,160,170,209,216,280,290,300,357,367,371,427,434,438,447,508,520,558,566,632,657,661,709,726
false 1,6,26,68,159,209,217,219,289,295,301,357,368,370,428,437,448,508,518,519,559,565,578,651,661,709,726
true 1,3,7,11,14,18,28,45,52,62,103,121,133,177,192,221,315,335,351,373,467,485,503,575,622,665,711
true 1,7,11,17,28,45,61,121,131,149,192,204,220,258,314,335,352,372,409,445,466,485,504,521,576,595,666
true 1,7,28,51,60,119,132,148,177,220,241,259,278,315,334,351,372,390,445,467,484,503,521,576,606,622,666
true 1,7,11,28,36,45,51,60,95,104,121,132,148,192,205,222,259,278,299,335,353,446,465,485,577,594,677
true 1,3,7,14,18,28,36,52,62,104,119,133,204,222,241,299,314,334,352,390,446,466,484,504,577,595,606
true 1,7,17,28,36,44,61,88,104,120,131,149,177,193,222,242,258,299,315,336,351,409,446,467,503,577,622
true 1,7,17,28,61,95,103,119,131,149,205,221,241,258,334,353,373,390,409,465,484,575,594,606,665,677,711
true 1,7,28,44,51,60,88,103,120,132,148,193,204,221,242,259,278,314,336,352,373,466,504,575,595,665,711
true 1,3,7,14,18,28,44,52,62,88,95,120,133,193,205,220,242,336,353,372,445,465,521,576,594,666,677
false 1,7,9,28,38,63,66,107,152,157,171,209,212,283,288,303,358,363,451,510,515,563,568,655,660,706,709
false 1,7,28,105,156,212,223,281,287,302,357,363,374,429,433,439,450,509,515,560,563,569,580,627,655,661,706
false 1,7,28,37,63,66,79,106,152,157,172,224,283,288,304,357,362,436,439,509,514,564,569,627,630,656,661
false 1,7,28,37,79,106,151,172,212,224,282,286,304,363,430,432,508,515,561,563,626,655,659,694,706,708,726
false 1,7,28,63,66,105,152,157,223,283,288,302,374,450,508,513,580,626,629,654,659,694,695,705,708,725,726
false 1,7,9,28,38,107,156,171,281,287,303,362,429,433,436,451,508,514,560,564,626,630,656,659,694,708,726
false 1,7,9,28,38,107,151,171,282,286,303,357,430,432,439,451,509,513,561,569,627,629,654,661,695,705,725
false 1,7,28,105,151,209,223,282,286,302,358,362,374,430,432,436,450,510,514,561,564,568,580,630,656,660,709
false 1,7,28,37,79,106,156,172,209,224,281,287,304,358,429,433,510,513,560,568,629,654,660,695,705,709,725
true 1,6,7,16,26,27,28,58,59,77,78,128,145,146,147,168,253,254,276,277,404,405,406,425,545,546,646
false 1,7,28,35,36,63,66,101,104,152,157,217,222,283,288,295,296,299,356,438,441,446,507,567,572,577,625
false 1,7,28,36,100,104,156,216,222,281,287,299,368,429,433,440,446,560,565,571,577,623,657,663,692,707,721
false 1,7,28,63,66,100,103,152,157,216,221,283,288,368,373,506,565,570,575,624,657,662,665,693,707,710,711
false 1,7,28,36,104,151,215,222,282,286,299,367,430,432,437,446,506,518,561,566,570,577,624,658,662,693,710
false 1,7,28,63,66,152,157,215,220,283,288,367,372,437,440,445,518,521,566,571,576,623,658,663,666,692,721
false 1,7,28,103,156,215,221,281,287,296,356,367,373,429,433,437,441,507,518,560,566,572,575,625,658,665,711
false 1,7,28,100,151,216,220,282,286,296,356,368,372,430,432,441,445,507,521,561,565,572,576,625,657,666,707
false 1,7,28,35,101,103,151,217,221,282,286,295,373,430,432,438,440,561,567,571,575,623,663,665,692,711,721
false 1,7,28,35,101,156,217,220,281,287,295,372,429,433,438,445,506,521,560,567,570,576,624,662,666,693,710
true 1,3,6,11,14,17,26,36,44,51,60,95,103,119,131,193,204,220,315,335,351,446,466,484,576,594,665
true 1,6,26,52,62,95,104,121,132,149,204,221,242,258,278,299,315,336,351,372,390,445,466,485,575,594,606
true 1,3,6,14,17,26,51,60,121,131,222,242,336,353,373,390,467,485,504,521,577,595,606,622,666,677,711
true 1,6,18,26,45,61,88,95,120,133,148,192,204,222,241,259,315,334,351,373,409,466,521,577,594,666,711
true 1,6,26,36,45,52,62,88,103,120,132,149,192,220,241,258,278,334,353,446,467,504,576,595,622,665,677
true 1,3,6,14,17,26,45,51,60,88,104,120,131,177,192,205,221,241,299,314,334,352,372,445,465,503,575
true 1,6,11,18,26,44,61,104,119,133,148,193,221,259,299,335,353,372,409,445,467,484,504,575,595,622,677
true 1,6,11,26,44,52,62,119,132,149,177,193,205,222,258,278,314,335,352,373,465,484,503,521,577,666,711
true 1,6,18,26,36,61,103,121,133,148,177,205,220,242,259,314,336,352,390,409,446,465,485,503,576,606,665
false 1,7,28,63,66,98,99,102,152,157,211,214,219,283,288,361,366,371,442,447,573,578,664,667,702,723,729
false 1,7,28,98,156,211,218,281,287,300,361,364,370,429,433,442,448,516,520,560,562,573,579,631,653,664,704
false 1,7,28,63,66,152,157,210,213,218,283,288,297,300,360,365,370,443,448,512,517,520,574,579,652,703,724
false 1,7,28,98,151,170,211,213,282,286,301,361,365,369,430,432,442,449,517,519,561,573,632,652,664,703,724
false 1,7,28,63,66,152,157,169,170,283,288,298,301,359,364,369,444,449,511,516,519,562,628,631,632,653,704
false 1,7,28,99,156,170,210,214,281,287,297,301,360,366,369,429,433,443,449,512,519,560,574,632,702,723,729
false 1,7,28,99,151,169,214,218,282,286,298,300,359,366,370,430,432,444,448,511,520,561,579,628,702,723,729
false 1,7,28,102,151,210,219,282,286,297,360,364,371,430,432,443,447,512,516,561,562,574,578,631,653,667,704
false 1,7,28,102,156,169,213,219,281,287,298,359,365,371,429,433,444,447,511,517,560,578,628,652,667,703,724
true 1,3,11,14,27,61,88,103,120,132,168,205,222,278,315,335,351,372,390,409,445,465,504,577,595,606,665
true 1,18,27,44,51,60,103,121,133,149,168,177,193,204,222,241,258,334,353,372,445,466,485,503,577,665,677
true 1,11,18,27,36,51,60,88,95,120,133,149,168,221,258,314,335,352,390,446,467,521,575,594,606,622,666
true 1,17,27,45,52,62,95,103,119,131,148,168,192,222,242,259,314,336,352,372,445,467,484,577,594,622,665
true 1,17,27,36,44,52,62,121,131,148,168,193,205,221,241,259,315,334,351,446,465,485,504,521,575,595,666
true 1,11,17,27,52,62,88,104,120,131,148,168,177,204,220,259,299,335,353,373,390,466,503,576,606,677,711
true 1,3,14,27,36,45,61,119,132,168,177,192,204,221,242,278,336,353,409,446,466,484,503,521,575,666,677
true 1,3,14,27,44,61,95,104,121,132,168,193,220,241,278,299,314,334,352,373,409,467,485,576,594,622,711
true 1,18,27,45,51,60,104,119,133,149,168,192,205,220,242,258,299,315,336,351,373,465,484,504,576,595,711
false 1,5,23,35,77,78,99,166,167,212,292,293,367,368,516,517,565,566,567,629,630,654,655,656,702,703,704
false 1,24,25,77,78,99,163,164,165,215,216,217,294,295,362,363,516,517,563,564,657,658,695,702,703,704,725
false 1,5,23,77,78,166,167,215,216,217,292,293,295,364,365,366,436,513,514,515,562,657,658,705,706,723,724
false 1,72,73,74,75,76,77,78,99,100,101,435,436,437,438,513,514,515,516,517,518,702,703,704,705,706,707
false 1,5,23,77,78,100,101,166,167,213,214,292,293,362,363,437,438,518,563,564,631,652,653,695,707,725,729
false 1,24,25,77,78,100,101,163,164,165,212,294,364,365,366,437,438,518,562,629,630,654,655,656,707,723,724
false 1,35,72,73,74,75,76,77,78,362,363,364,365,366,367,368,435,562,563,564,565,566,567,695,723,724,725
false 1,24,25,35,77,78,163,164,165,213,214,294,367,368,436,513,514,515,565,566,567,631,652,653,705,706,729
false 1,72,73,74,75,76,77,78,212,213,214,215,216,217,295,435,629,630,631,652,653,654,655,656,657,658,729
true 1,3,11,14,77,78,103,104,148,149,241,242,258,259,299,314,315,334,335,336,351,352,353,521,665,666,677
true 1,3,14,36,77,78,88,119,120,121,148,149,204,205,258,259,372,373,445,446,465,466,467,484,485,622,711
true 1,44,45,51,52,60,61,62,77,78,103,104,192,193,204,205,299,390,409,465,466,467,521,606,622,665,666
true 1,3,14,44,45,77,78,95,148,149,177,192,193,220,221,222,258,259,390,503,504,575,576,577,594,595,606
true 1,11,36,51,52,60,61,62,77,78,95,177,241,242,334,335,336,372,373,409,445,446,503,504,594,595,711
true 1,17,18,77,78,88,95,103,104,119,120,121,131,132,133,177,278,299,484,485,503,504,521,594,595,665,666
true 1,51,52,60,61,62,77,78,88,119,120,121,220,221,222,314,315,351,352,353,409,484,485,575,576,577,677
true 1,17,18,36,44,45,77,78,131,132,133,192,193,278,314,315,351,352,353,372,373,390,445,446,606,677,711
true 1,11,17,18,77,78,131,132,133,204,205,220,221,222,241,242,278,334,335,336,465,466,467,575,576,577,622
false 1,6,10,15,26,29,34,41,55,82,96,114,140,169,180,185,206,211,246,297,325,360,395,442,476,511,537
false 1,6,26,29,34,82,96,116,142,180,206,237,272,326,361,387,396,422,444,477,512,538,574,602,628,642,664
false 1,6,15,26,55,83,98,116,140,181,208,210,237,246,298,319,326,355,359,387,395,443,477,505,537,573,602
false 1,6,26,29,34,42,56,82,84,96,98,115,124,141,180,184,206,210,236,245,271,298,324,359,394,443,573
false 1,6,26,42,83,84,115,142,169,181,184,208,211,236,272,297,319,324,355,360,396,422,442,505,511,538,642
false 1,6,15,26,42,55,84,97,115,140,182,184,207,236,246,320,324,354,361,395,444,470,512,537,574,628,664
false 1,6,10,26,41,56,83,114,124,141,181,185,208,245,271,319,325,355,361,394,444,476,505,512,574,628,664
false 1,6,10,26,41,97,98,114,142,182,185,207,210,272,298,320,325,354,359,396,422,443,470,476,538,573,642
false 1,6,26,56,97,116,124,141,169,182,207,211,237,245,271,297,320,326,354,360,387,394,442,470,477,511,602
false 1,3,5,6,14,16,17,23,24,26,50,51,57,58,60,72,74,128,129,131,143,145,163,253,255,273,404
false 1,3,6,14,17,25,26,51,59,60,75,130,131,146,165,166,256,275,276,293,406,407,424,435,546,557,646
false 1,5,6,23,24,26,52,62,72,74,130,132,147,149,163,254,256,258,275,277,278,405,407,424,425,545,557
false 1,3,6,14,17,26,51,60,73,76,131,144,147,164,167,254,257,274,277,292,294,405,408,423,425,545,547
false 1,5,6,18,23,24,26,59,61,72,74,133,144,146,148,163,257,259,274,276,406,408,409,423,546,547,646
false 1,6,16,25,26,52,58,62,75,128,132,144,145,149,165,166,253,257,258,274,278,293,404,408,423,435,547
false 1,6,16,18,26,58,61,73,76,128,130,133,145,148,164,167,253,256,259,275,292,294,404,407,409,424,557
false 1,6,26,50,52,57,59,62,73,76,129,132,143,146,149,164,167,255,258,273,276,278,292,294,406,546,646
false 1,6,18,25,26,50,57,61,75,129,133,143,147,148,165,166,254,255,259,273,277,293,405,409,425,435,545
false 1,2,8,15,27,35,47,80,92,141,168,216,243,245,312,339,341,396,422,437,492,518,537,567,593,612,657
false 1,12,27,33,35,48,56,91,122,140,168,175,198,199,216,246,272,313,394,437,463,491,518,538,567,657,687
false 1,2,8,27,47,56,92,101,140,168,176,215,243,246,272,311,339,342,368,394,438,464,490,538,565,613,658
false 1,13,27,32,35,46,55,93,123,124,142,168,176,197,216,271,311,342,395,437,464,490,518,567,613,642,657
false 1,12,27,33,48,55,80,91,101,122,124,142,168,198,215,271,312,341,368,395,438,492,565,593,612,642,658
false 1,2,8,27,47,55,92,100,124,142,168,175,199,217,243,271,295,313,339,367,395,463,491,566,642,687,707
false 1,13,15,27,32,46,93,101,123,141,168,175,197,199,215,245,313,368,396,422,438,463,491,537,565,658,687
false 1,12,15,27,33,48,91,100,122,141,168,176,198,217,245,295,311,342,367,396,422,464,490,537,566,613,707
false 1,13,27,32,46,56,80,93,100,123,140,168,197,217,246,272,295,312,341,367,394,492,538,566,593,612,707
true 1,6,7,26,27,28,50,57,77,78,129,130,143,144,168,255,256,257,273,274,275,407,408,423,424,547,557
false 1,5,23,77,78,98,166,167,169,209,292,293,296,356,439,511,512,573,574,626,627,662,663,692,693,708,709
false 1,24,25,77,78,163,164,165,209,294,297,298,359,360,361,439,506,507,570,571,572,626,627,664,708,709,721
false 1,5,23,77,78,166,167,292,293,297,298,359,360,361,440,441,508,509,510,568,569,623,624,625,664,710,726
false 1,72,73,74,75,76,77,78,209,210,211,435,439,440,441,442,443,444,623,624,625,626,627,628,708,709,710
false 1,5,23,77,78,166,167,210,211,292,293,357,358,442,443,444,506,507,570,571,572,628,659,660,661,694,721
false 1,24,25,77,78,163,164,165,210,211,294,296,356,442,443,444,508,509,510,568,569,628,662,663,692,693,726
false 1,72,73,74,75,76,77,78,98,169,435,506,507,508,509,510,511,512,568,569,570,571,572,573,574,721,726
false 1,24,25,77,78,98,163,164,165,169,294,357,358,440,441,511,512,573,574,623,624,625,659,660,661,694,710
false 1,72,73,74,75,76,77,78,296,297,298,356,357,358,359,360,361,435,659,660,661,662,663,664,692,693,694
false 1,5,23,27,39,75,86,108,164,168,187,191,225,229,294,327,331,332,378,435,480,481,523,527,603,635,696
false 1,24,27,30,73,76,109,163,166,168,187,190,225,227,230,293,328,331,377,380,478,481,483,523,526,604,696
false 1,5,23,27,30,75,85,109,164,168,186,190,226,230,294,330,375,379,380,435,479,483,524,525,605,633,681
false 1,25,27,72,74,87,110,165,167,168,186,187,189,225,226,228,292,331,333,379,381,479,481,523,525,681,696
false 1,5,23,27,75,87,110,164,168,188,189,227,228,294,328,329,333,376,377,381,435,478,482,522,526,604,634
false 1,24,27,73,76,85,87,108,110,163,166,168,189,228,293,327,330,333,375,378,381,480,524,603,605,633,635
false 1,25,27,39,72,74,85,86,165,167,168,191,227,229,292,328,330,332,375,377,478,524,526,527,604,605,633
false 1,24,27,39,73,76,86,163,166,168,186,188,191,226,229,293,329,332,376,379,479,482,522,525,527,634,681
false 1,25,27,30,72,74,108,109,165,167,168,188,190,230,292,327,329,376,378,380,480,482,483,522,603,634,635
false 1,3,7,14,18,28,30,39,52,62,87,110,133,191,210,230,297,311,360,443,463,490,512,574,593,612,687
false 1,7,17,28,30,39,61,80,87,110,131,149,169,176,191,230,258,298,313,341,359,409,444,491,511,613,628
false 1,7,28,51,60,86,132,148,169,190,228,259,278,298,311,333,359,380,444,463,490,511,527,593,612,628,687
false 1,7,28,30,39,51,60,87,98,110,132,148,175,191,199,211,230,259,278,312,342,361,442,464,492,573,664
false 1,3,7,14,18,28,52,62,80,86,98,133,176,190,211,228,313,333,341,361,380,442,491,527,573,613,664
false 1,7,17,28,61,98,109,131,149,189,211,229,258,311,332,361,381,409,442,463,483,490,573,593,612,664,687
false 1,7,17,28,61,86,131,149,175,190,199,210,228,258,297,312,333,342,360,380,409,443,464,492,512,527,574
false 1,7,28,51,60,80,109,132,148,176,189,210,229,259,278,297,313,332,341,360,381,443,483,491,512,574,613
false 1,3,7,14,18,28,52,62,109,133,169,175,189,199,229,298,312,332,342,359,381,444,464,483,492,511,628
false 1,2,5,8,11,23,27,31,43,47,75,88,92,120,164,168,195,239,243,294,335,339,390,435,486,531,606
false 1,11,13,24,27,32,46,73,76,88,90,93,117,120,123,163,166,168,194,197,240,293,335,338,388,390,606
false 1,5,12,23,27,33,44,48,75,90,91,117,121,122,164,168,193,194,198,240,241,294,334,338,388,435,485
false 1,11,12,25,27,33,48,72,74,88,89,91,118,120,122,165,167,168,196,198,238,292,335,337,389,390,606
false 1,5,13,23,27,32,45,46,75,89,93,118,119,123,164,168,192,196,197,238,242,294,336,337,389,435,484
false 1,2,8,24,27,44,47,73,76,89,92,118,121,163,166,168,193,196,238,241,243,293,334,337,339,389,485
false 1,13,25,27,31,32,43,44,46,72,74,93,121,123,165,167,168,193,195,197,239,241,292,334,485,486,531
false 1,12,24,27,31,33,43,45,48,73,76,91,119,122,163,166,168,192,195,198,239,242,293,336,484,486,531
false 1,2,8,25,27,45,47,72,74,90,92,117,119,165,167,168,192,194,240,242,243,292,336,338,339,388,484
false 1,3,10,14,27,61,100,115,132,168,185,202,217,278,295,306,324,346,367,387,409,457,477,499,566,586,707
false 1,18,27,41,51,60,100,116,133,149,168,184,201,217,236,258,295,307,326,348,367,455,476,498,566,587,707
false 1,10,18,27,35,51,60,94,115,133,149,168,173,185,216,258,324,347,387,437,456,477,518,567,619,657,673
false 1,17,27,42,52,62,84,94,100,114,131,148,168,173,217,237,259,295,325,347,367,456,566,602,619,673,707
false 1,17,27,35,41,52,62,116,131,148,168,184,202,216,236,259,306,326,346,437,457,476,499,518,567,586,657
false 1,10,17,27,52,62,101,115,131,148,168,185,201,215,259,307,324,348,368,387,438,455,477,498,565,587,658
false 1,3,14,27,35,42,61,84,114,132,168,201,216,237,278,307,325,348,409,437,455,498,518,567,587,602,657
false 1,3,14,27,41,61,94,101,116,132,168,173,184,215,236,278,326,347,368,409,438,456,476,565,619,658,673
false 1,18,27,42,51,60,84,101,114,133,149,168,202,215,237,258,306,325,346,368,438,457,499,565,586,602,658
true 1,6,7,26,27,28,36,77,78,103,104,168,220,221,222,299,372,373,445,446,521,575,576,577,665,666,711
false 1,4,6,19,21,26,64,69,95,153,200,204,315,340,344,351,459,466,488,495,582,589,594,609,669,674,712
false 1,6,22,26,70,95,155,161,204,285,315,345,351,431,452,466,496,581,590,594,611,617,668,675,686,715,719
false 1,4,6,19,21,26,64,69,153,353,467,497,504,590,595,611,618,622,670,675,677,686,690,713,715,719,727
false 1,6,26,65,71,95,154,162,204,284,291,308,315,351,458,466,489,497,588,594,610,618,670,685,690,713,727
false 1,4,6,19,21,26,64,69,153,177,205,308,314,345,352,452,458,465,489,496,503,581,588,610,617,668,685
false 1,6,22,26,70,155,161,200,285,308,344,353,431,458,467,489,495,504,582,588,595,610,622,669,677,685,712
false 1,6,26,65,71,154,162,177,200,205,284,291,314,344,352,465,495,503,582,590,611,669,675,686,712,715,719
false 1,6,26,65,71,154,162,284,291,340,345,353,452,459,467,488,496,504,581,589,595,609,617,622,668,674,677
false 1,6,22,26,70,155,161,177,205,285,314,340,352,431,459,465,488,497,503,589,609,618,670,674,690,713,727
false 1,4,6,19,21,26,29,34,64,69,80,82,94,96,153,173,175,180,199,201,206,306,311,341,346,455,490
false 1,6,22,26,29,34,70,82,96,155,161,176,180,202,206,285,312,347,431,457,463,492,498,587,613,673,687
false 1,4,6,19,21,26,64,69,83,153,176,181,208,307,312,319,348,355,456,463,492,499,505,586,613,619,687
false 1,6,26,29,34,65,71,82,96,154,162,180,206,284,291,307,313,342,348,456,464,491,499,586,593,612,619
false 1,4,6,19,21,26,64,69,97,153,182,202,207,313,320,342,347,354,457,464,470,491,498,587,593,612,673
false 1,6,22,26,70,83,94,155,161,173,181,201,208,285,306,313,319,342,346,355,431,455,464,491,505,593,612
false 1,6,26,65,71,94,97,154,162,173,176,182,201,207,284,291,306,312,320,346,354,455,463,470,492,613,687
false 1,6,26,65,71,80,83,154,162,175,181,199,202,208,284,291,311,319,341,347,355,457,490,498,505,587,673
false 1,6,22,26,70,80,97,155,161,175,182,199,207,285,307,311,320,341,348,354,431,456,470,490,499,586,619
false 1,4,6,19,21,26,64,69,153,203,318,343,349,462,469,487,493,500,585,592,596,607,614,672,676,682,714
false 1,6,22,26,70,155,161,174,203,285,309,318,349,431,454,460,469,494,500,584,596,615,671,684,688,718,728
false 1,4,6,19,21,26,64,69,81,153,174,178,305,309,316,453,460,502,583,616,621,684,689,691,718,720,728
false 1,6,26,65,71,154,162,203,284,291,305,310,318,349,453,461,469,500,583,591,596,608,616,683,689,717,720
false 1,4,6,19,21,26,64,69,153,179,310,317,350,454,461,468,494,501,584,591,608,615,620,671,683,688,717
false 1,6,22,26,70,81,155,161,178,285,310,316,343,431,461,493,502,585,591,608,614,621,672,683,691,714,717
false 1,6,26,65,71,154,162,174,179,284,291,309,317,343,350,460,468,493,501,585,614,620,672,684,714,718,728
false 1,6,26,65,71,81,154,162,178,284,291,316,454,462,487,494,502,584,592,607,615,621,671,676,682,688,691
false 1,6,22,26,70,155,161,179,285,305,317,350,431,453,462,468,487,501,583,592,607,616,620,676,682,689,720
false 1,4,16,19,54,77,78,134,161,162,253,254,276,277,284,285,397,398,420,421,532,533,551,552,646,700,722
false 1,16,21,22,77,78,138,139,153,154,155,253,254,276,277,291,391,412,413,414,539,540,541,556,646,697,698
false 1,4,19,77,78,145,146,147,161,162,268,269,270,284,285,404,405,406,412,413,414,539,540,541,637,638,639
false 1,16,64,65,69,70,71,77,78,247,253,254,261,262,268,269,270,276,277,431,637,638,639,643,644,646,649
false 1,4,19,58,59,77,78,128,138,139,161,162,247,261,262,284,285,391,425,545,546,556,643,644,649,697,698
false 1,21,22,54,77,78,145,146,147,153,154,155,247,261,262,291,404,405,406,420,421,532,533,643,644,649,722
false 1,54,58,59,64,65,69,70,71,77,78,128,412,413,414,420,421,425,431,532,533,539,540,541,545,546,722
false 1,64,65,69,70,71,77,78,134,138,139,145,146,147,391,397,398,404,405,406,431,551,552,556,697,698,700
false 1,21,22,58,59,77,78,128,134,153,154,155,268,269,270,291,397,398,425,545,546,551,552,637,638,639,700
false 1,20,27,34,83,150,159,168,180,200,207,310,320,427,434,460,487,496,505,582,592,651,668,683,690,713,728
false 1,27,29,68,97,158,168,181,206,279,290,310,344,355,428,460,470,487,497,558,581,592,617,670,683,712,728
false 1,20,27,82,96,150,159,168,182,208,309,319,344,354,427,434,462,497,581,591,607,617,651,670,684,712,717
false 1,27,67,82,96,160,168,182,208,280,289,310,319,345,354,426,452,460,487,495,559,592,618,669,683,727,728
false 1,20,27,29,97,150,159,168,174,181,206,345,355,427,434,452,461,470,495,608,618,651,669,676,682,718,727
false 1,27,34,68,83,158,168,180,207,279,290,309,320,345,428,452,462,495,505,558,591,607,618,669,684,717,727
false 1,27,34,67,83,160,168,174,180,207,280,289,320,344,426,461,497,505,559,581,608,617,670,676,682,712,718
false 1,27,29,67,97,160,168,181,200,206,280,289,309,355,426,462,470,496,559,582,591,607,668,684,690,713,717
false 1,27,68,82,96,158,168,174,182,200,208,279,290,319,354,428,461,496,558,582,608,668,676,682,690,713,718
false 1,4,19,57,77,78,137,161,162,255,256,257,260,284,285,399,400,401,423,424,534,535,536,554,555,647,648
false 1,21,22,50,77,78,137,153,154,155,248,249,273,274,275,291,407,408,410,411,534,535,536,554,555,645,701
false 1,4,19,50,77,78,125,161,162,244,273,274,275,284,285,407,408,417,418,419,542,543,548,549,550,640,641
false 1,64,65,69,70,71,77,78,125,129,130,137,143,144,431,534,535,536,542,543,547,548,549,550,554,555,557
false 1,4,19,77,78,129,130,143,144,161,162,248,249,266,267,284,285,392,393,410,411,547,557,645,650,699,701
false 1,21,22,77,78,129,130,143,144,153,154,155,244,260,291,399,400,401,417,418,419,547,557,640,641,647,648
false 1,50,64,65,69,70,71,77,78,260,266,267,273,274,275,392,393,399,400,401,407,408,431,647,648,650,699
false 1,57,64,65,69,70,71,77,78,244,248,249,255,256,257,410,411,417,418,419,423,424,431,640,641,645,701
false 1,21,22,57,77,78,125,153,154,155,255,256,257,266,267,291,392,393,423,424,542,543,548,549,550,650,699
false 1,20,27,95,150,159,168,175,199,313,314,343,352,427,434,453,463,467,491,585,594,615,622,651,671,687,720
false 1,27,68,80,95,158,168,279,290,312,314,341,352,428,454,467,492,494,558,583,593,594,612,614,622,672,689
false 1,20,27,80,150,159,168,177,204,305,312,341,353,427,434,466,492,493,503,584,593,612,616,651,677,688,714
false 1,27,67,95,160,168,176,280,289,305,311,314,342,352,426,464,467,490,493,559,584,594,613,616,622,688,714
false 1,20,27,150,159,168,176,205,311,315,342,351,427,434,454,464,465,490,494,504,583,595,613,614,651,672,689
false 1,27,68,158,168,176,177,204,279,290,311,342,343,353,428,453,464,466,490,503,558,585,613,615,671,677,720
false 1,27,67,80,160,168,205,280,289,312,315,341,343,351,426,453,465,492,504,559,585,593,595,612,615,671,720
false 1,27,67,160,168,175,177,199,204,280,289,313,353,426,454,463,466,491,494,503,559,583,614,672,677,687,689
false 1,27,68,158,168,175,199,205,279,290,305,313,315,351,428,463,465,491,493,504,558,584,595,616,687,688,714
true 1,6,7,26,27,28,77,78,102,168,170,218,219,300,301,369,370,371,447,448,449,519,520,578,579,632,667
false 1,20,27,81,94,150,159,168,173,203,308,317,340,347,427,434,456,501,589,596,610,619,651,673,691,715,719
false 1,27,68,94,158,168,173,179,279,290,316,347,349,428,456,458,469,489,502,558,590,609,619,620,673,674,686
false 1,20,27,150,159,168,179,201,307,316,348,349,427,434,455,459,469,488,498,502,587,588,611,620,651,675,685
false 1,27,67,94,160,168,173,178,280,289,318,347,350,426,456,459,468,488,500,559,588,611,619,621,673,675,685
false 1,20,27,150,159,168,178,202,306,318,346,350,427,434,457,458,468,489,499,500,586,590,609,621,651,674,686
false 1,27,68,158,168,178,201,279,290,307,308,318,340,348,350,428,455,468,498,500,558,587,589,610,621,715,719
false 1,27,67,160,168,179,202,280,289,306,308,316,340,346,349,426,457,469,499,502,559,586,589,610,620,715,719
false 1,27,67,81,160,168,201,203,280,289,307,317,348,426,455,458,489,498,501,559,587,590,596,609,674,686,691
false 1,27,68,81,158,168,202,203,279,290,306,317,346,428,457,459,488,499,501,558,586,588,596,611,675,685,691
false 1,3,7,14,18,20,28,52,54,62,68,125,133,139,150,160,249,260,270,280,391,401,411,428,533,550,639
false 1,7,17,28,61,67,125,131,149,159,249,258,260,268,290,401,409,411,420,426,532,550,556,558,638,651,698
false 1,7,20,28,51,60,68,132,148,150,160,248,259,268,278,280,400,420,428,532,543,548,556,638,647,698,701
false 1,7,28,51,60,125,132,138,148,158,249,259,260,269,278,279,289,401,411,421,427,434,550,559,637,697,722
false 1,7,17,20,28,61,68,131,138,149,150,160,258,269,280,399,409,410,421,428,542,549,637,645,648,697,722
false 1,3,7,14,18,28,52,62,67,133,138,159,248,269,290,400,421,426,543,548,558,637,647,651,697,701,722
false 1,3,7,14,18,28,52,62,133,158,268,279,289,399,410,420,427,434,532,542,549,556,559,638,645,648,698
false 1,7,17,28,54,61,131,139,149,158,248,258,270,279,289,391,400,409,427,434,533,543,548,559,639,647,701
false 1,7,28,51,54,60,67,132,139,148,159,259,270,278,290,391,399,410,426,533,542,549,558,639,645,648,651
false 1,34,63,66,77,78,180,181,182,340,343,354,355,429,430,432,433,583,584,585,588,589,590,685,686,688,689
false 1,29,77,78,151,152,206,207,208,286,287,288,319,320,340,453,454,493,494,560,588,589,590,685,686,714,720
false 1,29,63,66,77,78,206,207,208,305,308,319,320,429,430,432,433,609,610,611,614,615,616,671,672,674,675
false 1,77,78,82,83,96,97,156,157,281,282,283,305,340,470,505,561,588,589,590,614,615,616,671,672,685,686
false 1,63,66,77,78,82,83,96,97,429,430,432,433,453,454,458,459,470,488,489,493,494,505,714,715,719,720
false 1,77,78,82,83,96,97,151,152,286,287,288,308,343,470,505,560,583,584,585,609,610,611,674,675,688,689
false 1,29,77,78,156,157,206,207,208,281,282,283,319,320,343,458,459,488,489,561,583,584,585,688,689,715,719
false 1,34,77,78,156,157,180,181,182,281,282,283,308,354,355,453,454,493,494,561,609,610,611,674,675,714,720
false 1,34,77,78,151,152,180,181,182,286,287,288,305,354,355,458,459,488,489,560,614,615,616,671,672,715,719
false 1,7,16,20,28,53,59,68,126,136,137,147,150,160,251,253,265,267,280,392,403,405,419,428,535,546,641
false 1,7,28,49,67,127,135,137,145,159,252,264,267,276,290,392,404,416,419,425,426,535,545,558,641,646,651
false 1,7,20,28,68,145,150,160,250,263,276,280,402,404,415,417,425,428,534,544,545,553,554,640,646,650,699
false 1,7,28,58,128,137,146,158,250,254,263,267,277,279,289,392,402,406,415,419,427,434,535,544,553,559,641
false 1,7,20,28,49,58,68,127,128,135,146,150,160,244,252,254,264,266,277,280,393,406,416,418,428,536,555
false 1,7,28,53,58,67,126,128,136,146,159,251,254,265,277,290,403,406,417,426,534,554,558,640,650,651,699
false 1,7,28,53,126,136,145,158,244,251,265,266,276,279,289,393,403,404,418,425,427,434,536,545,555,559,646
false 1,7,16,28,49,59,127,135,147,158,252,253,264,279,289,405,416,417,427,434,534,546,554,559,640,650,699
false 1,7,16,28,59,67,147,159,244,250,253,263,266,290,393,402,405,415,418,426,536,544,546,553,555,558,651
false 1,63,66,77,78,94,95,173,174,177,429,430,432,433,487,498,499,503,504,586,587,591,592,594,595,717,718
false 1,77,78,95,151,152,177,286,287,288,306,307,346,347,348,460,461,462,503,504,560,594,595,607,608,673,728
false 1,63,66,77,78,306,307,309,310,314,315,346,347,348,351,352,353,429,430,432,433,673,676,677,682,683,684
false 1,77,78,95,156,157,177,201,202,281,282,283,309,310,455,456,457,503,504,561,594,595,619,676,682,683,684
false 1,63,66,77,78,201,202,204,205,429,430,432,433,455,456,457,460,461,462,465,466,467,607,608,619,622,728
false 1,77,78,151,152,174,201,202,286,287,288,314,315,351,352,353,455,456,457,487,560,591,592,619,677,717,718
false 1,77,78,156,157,174,204,205,281,282,283,306,307,346,347,348,465,466,467,487,561,591,592,622,673,717,718
false 1,77,78,94,156,157,173,281,282,283,314,315,351,352,353,460,461,462,498,499,561,586,587,607,608,677,728
false 1,77,78,94,151,152,173,204,205,286,287,288,309,310,465,466,467,498,499,560,586,587,622,676,682,683,684
true 1,6,7,26,27,28,77,78,95,168,177,204,205,314,315,351,352,353,465,466,467,503,504,594,595,622,677
false 1,63,66,77,78,175,176,178,179,199,200,203,429,430,432,433,581,582,593,596,612,613,617,618,620,621,727
false 1,77,78,81,151,152,200,286,287,288,311,312,313,349,350,468,469,490,491,492,560,581,582,617,618,691,727
false 1,63,66,77,78,311,312,313,316,317,318,429,430,432,433,490,491,492,495,496,497,500,501,502,668,669,670
false 1,77,78,80,156,157,200,281,282,283,316,317,318,341,342,463,464,500,501,502,561,581,582,617,618,687,727
false 1,63,66,77,78,80,81,341,342,344,345,349,350,429,430,432,433,452,463,464,468,469,687,690,691,712,713
false 1,77,78,80,151,152,178,179,203,286,287,288,341,342,463,464,495,496,497,560,596,620,621,668,669,670,687
false 1,77,78,156,157,178,179,203,281,282,283,311,312,313,344,345,452,490,491,492,561,596,620,621,690,712,713
false 1,77,78,81,156,157,175,176,199,281,282,283,349,350,468,469,495,496,497,561,593,612,613,668,669,670,691
false 1,77,78,151,152,175,176,199,286,287,288,316,317,318,344,345,452,500,501,502,560,593,612,613,690,712,713
false 1,7,15,20,28,56,57,68,134,142,144,150,160,255,262,275,280,394,407,414,428,537,539,547,642,643,700
false 1,7,28,55,57,67,141,144,159,245,247,255,272,275,290,395,398,407,412,426,538,541,547,551,558,649,651
false 1,7,20,28,50,68,124,130,140,150,160,246,247,257,271,273,280,396,398,412,422,423,428,541,551,557,649
false 1,7,28,57,124,140,144,158,246,255,261,271,275,279,289,396,397,407,413,422,427,434,540,547,552,559,644
false 1,7,20,28,55,68,129,141,143,150,160,245,256,261,272,274,280,395,397,408,413,424,428,538,540,552,644
false 1,7,15,28,50,56,67,130,142,159,257,261,273,290,394,397,413,423,426,537,540,552,557,558,642,644,651
false 1,7,15,28,56,129,142,143,158,247,256,274,279,289,394,398,408,412,424,427,434,537,541,551,559,642,649
false 1,7,28,50,55,130,134,141,158,245,257,262,272,273,279,289,395,414,423,427,434,538,539,557,559,643,700
false 1,7,28,67,124,129,134,140,143,159,246,256,262,271,274,290,396,408,414,422,424,426,539,558,643,651,700
false 1,5,7,23,25,28,73,76,94,165,173,200,202,305,307,343,345,348,452,454,457,494,497,582,585,616,670
false 1,7,24,28,75,163,167,201,292,305,343,347,435,454,455,494,495,499,581,585,586,616,617,669,673,690,713
false 1,5,7,23,25,28,73,76,165,306,346,453,456,495,498,581,584,587,614,617,619,669,672,688,690,713,720
false 1,7,28,72,74,164,166,293,294,305,306,343,344,346,454,456,494,496,498,585,587,616,618,619,668,712,727
false 1,5,7,23,25,28,73,76,165,201,344,347,455,493,496,499,583,586,615,618,668,671,673,689,712,714,727
false 1,7,24,28,75,94,163,167,173,202,292,307,344,348,435,453,457,496,584,614,618,668,672,688,712,720,727
false 1,7,28,72,74,164,166,200,201,293,294,345,347,452,453,455,497,499,582,584,586,614,670,672,673,688,720
false 1,7,24,28,75,163,167,200,292,306,345,346,435,452,456,493,497,498,582,583,587,615,619,670,671,689,714
false 1,7,28,72,74,94,164,166,173,202,293,294,307,348,457,493,495,581,583,615,617,669,671,689,690,713,714
false 1,3,14,27,61,63,66,132,134,137,168,244,247,278,282,287,409,413,418,535,540,560,561,649,650,699,700
false 1,17,27,52,62,131,137,148,151,157,168,244,259,262,283,286,397,412,418,429,433,535,541,552,643,650,699
false 1,18,27,51,60,63,66,133,149,168,258,262,267,282,287,392,397,412,417,536,541,552,555,560,561,640,643
false 1,18,27,51,60,133,137,149,152,156,168,244,258,261,281,288,398,414,418,430,432,535,539,551,644,650,699
false 1,17,27,52,62,63,66,131,148,168,259,261,266,282,287,393,398,414,419,534,539,551,554,560,561,641,644
false 1,3,14,27,61,132,151,157,168,261,267,278,283,286,392,398,409,414,417,429,433,536,539,551,555,640,644
false 1,3,14,27,61,132,152,156,168,262,266,278,281,288,393,397,409,412,419,430,432,534,541,552,554,641,643
false 1,17,27,52,62,131,134,148,152,156,168,247,259,267,281,288,392,413,417,430,432,536,540,555,640,649,700
false 1,18,27,51,60,133,134,149,151,157,168,247,258,266,283,286,393,413,419,429,433,534,540,554,641,649,700
false 1,3,4,14,15,19,49,53,77,78,124,148,149,161,162,258,259,271,272,284,285,402,403,415,416,537,538
false 1,17,18,21,22,49,53,77,78,131,132,133,140,141,142,153,154,155,245,246,278,291,402,403,415,416,642
false 1,4,19,51,52,60,61,62,77,78,126,127,140,141,142,161,162,245,246,263,264,265,284,285,409,544,642
false 1,49,51,52,53,55,56,60,61,62,64,65,69,70,71,77,78,394,395,396,402,403,409,415,416,422,431
false 1,4,17,18,19,55,56,77,78,131,132,133,135,136,161,162,250,251,252,278,284,285,394,395,396,422,553
false 1,3,14,21,22,55,56,77,78,126,127,148,149,153,154,155,258,259,263,264,265,291,394,395,396,422,544
false 1,3,14,64,65,69,70,71,77,78,135,136,140,141,142,148,149,245,246,250,251,252,258,259,431,553,642
false 1,15,17,18,64,65,69,70,71,77,78,124,126,127,131,132,133,263,264,265,271,272,278,431,537,538,544
false 1,15,21,22,51,52,60,61,62,77,78,124,135,136,153,154,155,250,251,252,271,272,291,409,537,538,553
false 1,15,16,27,63,66,141,146,168,245,248,253,260,282,287,396,401,406,422,425,537,542,545,549,560,561,701
false 1,15,27,58,128,141,147,151,157,168,245,249,276,283,286,396,399,405,411,422,429,433,537,543,548,646,648
false 1,27,56,59,63,66,140,145,168,246,249,254,272,277,282,287,394,399,404,411,538,543,546,548,560,561,648
false 1,15,27,59,125,141,145,152,156,168,245,254,277,281,288,396,400,404,410,422,430,432,537,546,550,645,647
false 1,27,55,58,63,66,124,125,128,142,147,168,271,276,282,287,395,400,405,410,550,560,561,642,645,646,647
false 1,16,27,56,125,140,146,151,157,168,246,253,272,283,286,394,400,406,410,425,429,433,538,545,550,645,647
false 1,16,27,55,124,142,146,152,156,168,249,253,271,281,288,395,399,406,411,425,430,432,543,545,548,642,648
false 1,27,56,58,128,140,147,152,156,168,246,248,260,272,276,281,288,394,401,405,430,432,538,542,549,646,701
false 1,27,55,59,124,142,145,151,157,168,248,254,260,271,277,283,286,395,401,404,429,433,542,546,549,642,701
false 1,2,4,7,8,10,13,19,22,28,30,33,39,42,48,65,71,84,87,93,110,116,155,185,191,230,326
false 1,7,28,30,32,39,41,46,64,69,87,92,110,115,122,154,161,191,198,230,237,243,285,291,324,476,602
false 1,4,7,19,22,28,32,46,65,71,86,92,114,122,155,184,190,198,228,236,243,325,333,380,387,477,527
false 1,7,12,21,28,30,39,47,70,87,91,110,114,123,153,162,184,191,197,230,236,284,325,339,387,431,477
false 1,4,7,12,19,22,28,41,47,65,71,91,109,115,123,155,189,197,229,237,324,332,339,381,476,483,602
false 1,7,10,12,28,42,47,64,69,84,86,91,116,123,154,161,185,190,197,228,285,291,326,333,339,380,527
false 1,7,10,21,28,32,42,46,70,84,92,109,116,122,153,162,185,189,198,229,243,284,326,332,381,431,483
false 1,2,7,8,13,21,28,33,41,48,70,86,93,115,153,162,190,228,237,284,324,333,380,431,476,527,602
false 1,2,7,8,13,28,33,48,64,69,93,109,114,154,161,184,189,229,236,285,291,325,332,381,387,477,483
true 1,6,7,26,27,28,77,78,81,168,178,179,203,316,317,318,349,350,468,469,500,501,502,596,620,621,691
false 1,5,7,23,25,28,73,76,165,175,199,309,312,340,342,458,461,464,487,489,492,589,592,608,611,675,684
false 1,7,24,28,75,163,167,175,199,292,308,312,342,435,459,460,464,488,492,590,591,610,676,682,686,717,728
false 1,5,7,23,25,28,73,76,165,311,460,463,490,588,591,593,609,612,674,676,682,685,687,715,717,719,728
false 1,7,28,72,74,164,166,174,175,199,293,294,310,312,342,462,464,492,588,607,609,674,683,685,715,718,719
false 1,5,7,23,25,28,73,76,80,165,174,176,308,310,313,341,459,462,488,491,590,607,610,613,683,686,718
false 1,7,24,28,75,163,167,174,292,310,311,340,435,458,462,463,489,490,589,593,607,611,612,675,683,687,718
false 1,7,28,72,74,164,166,293,294,308,309,311,459,461,463,487,488,490,590,592,593,608,610,612,684,686,687
false 1,7,24,28,75,80,163,167,176,292,309,313,341,435,461,487,491,588,592,608,609,613,674,684,685,715,719
false 1,7,28,72,74,80,164,166,176,293,294,313,340,341,458,460,489,491,589,591,611,613,675,676,682,717,728
false 1,27,53,54,57,63,66,127,130,168,250,255,264,269,274,282,287,403,408,533,553,556,557,560,561,637,698
false 1,27,49,54,129,136,143,151,157,168,251,257,263,269,275,283,286,407,416,423,429,433,533,544,556,637,698
false 1,27,49,50,63,66,136,139,144,168,251,256,263,268,273,282,287,391,416,421,424,544,547,560,561,638,722
false 1,27,50,54,126,135,144,152,156,168,252,256,265,269,273,281,288,402,415,424,430,432,533,547,556,637,698
false 1,27,63,66,126,129,135,138,143,168,252,257,265,270,275,282,287,402,407,415,420,423,532,560,561,639,697
false 1,27,57,126,130,135,139,151,157,168,252,255,265,268,274,283,286,391,402,408,415,421,429,433,557,638,722
false 1,27,49,57,130,136,138,152,156,168,251,255,263,270,274,281,288,408,416,420,430,432,532,544,557,639,697
false 1,27,53,127,129,139,143,152,156,168,250,257,264,268,275,281,288,391,403,407,421,423,430,432,553,638,722
false 1,27,50,53,127,138,144,151,157,168,250,256,264,270,273,283,286,403,420,424,429,433,532,547,553,639,697
false 1,27,39,86,134,168,179,191,214,229,247,316,332,349,364,413,469,502,517,527,540,562,620,649,700,703,729
false 1,27,30,81,109,168,190,203,214,230,262,317,364,380,397,412,483,501,517,541,552,562,596,643,691,703,729
false 1,27,39,86,168,178,191,213,229,262,318,332,350,366,397,412,468,500,516,527,541,552,621,643,652,704,723
false 1,27,87,110,168,178,189,214,228,261,318,333,350,364,381,398,414,468,500,517,539,551,562,621,644,703,729
false 1,27,30,109,168,179,190,213,230,261,316,349,366,380,398,414,469,483,502,516,539,551,620,644,652,704,723
false 1,27,39,81,86,99,168,191,203,229,261,317,332,365,398,414,501,527,539,551,596,631,644,653,691,702,724
false 1,27,81,87,110,134,168,189,203,213,228,247,317,333,366,381,413,501,516,540,596,649,652,691,700,704,723
false 1,27,30,99,109,134,168,178,190,230,247,318,350,365,380,413,468,483,500,540,621,631,649,653,700,702,724
false 1,27,87,99,110,168,179,189,228,262,316,333,349,365,381,397,412,469,502,541,552,620,631,643,653,702,724
false 1,34,43,57,77,78,89,90,180,181,182,220,221,222,255,256,257,354,355,388,389,423,424,486,575,576,577
false 1,29,57,77,78,103,104,194,195,196,206,207,208,238,239,240,255,256,257,299,319,320,423,424,521,665,666
false 1,29,31,50,77,78,117,118,206,207,208,220,221,222,273,274,275,319,320,337,338,407,408,531,575,576,577
false 1,31,36,57,77,78,82,83,96,97,117,118,255,256,257,337,338,372,373,423,424,445,446,470,505,531,711
false 1,43,50,77,78,82,83,89,90,96,97,103,104,273,274,275,299,388,389,407,408,470,486,505,521,665,666
false 1,77,78,82,83,96,97,129,130,143,144,194,195,196,220,221,222,238,239,240,470,505,547,557,575,576,577
false 1,34,36,50,77,78,180,181,182,194,195,196,238,239,240,273,274,275,354,355,372,373,407,408,445,446,711
false 1,31,34,77,78,103,104,117,118,129,130,143,144,180,181,182,299,337,338,354,355,521,531,547,557,665,666
false 1,29,36,43,77,78,89,90,129,130,143,144,206,207,208,319,320,372,373,388,389,445,446,486,547,557,711
false 1,10,27,57,115,130,168,185,255,274,324,344,362,387,408,477,497,515,557,564,581,617,629,654,670,706,712
false 1,27,41,50,116,144,168,184,200,236,256,273,326,362,424,476,496,515,547,564,582,629,654,668,690,706,713
false 1,10,27,50,115,144,168,185,212,256,273,324,345,387,424,436,452,477,495,514,547,618,655,669,695,725,727
false 1,27,42,84,114,129,143,168,237,257,275,325,345,362,407,423,452,495,515,564,602,618,629,654,669,706,727
false 1,27,41,116,129,143,168,184,212,236,257,275,326,344,407,423,436,476,497,514,581,617,655,670,695,712,725
false 1,10,27,115,129,143,168,185,200,257,275,324,363,387,407,423,477,496,513,563,582,630,656,668,690,705,713
false 1,27,42,57,84,114,130,168,200,212,237,255,274,325,408,436,496,514,557,582,602,655,668,690,695,713,725
false 1,27,41,57,116,130,168,184,236,255,274,326,345,363,408,452,476,495,513,557,563,618,630,656,669,705,727
false 1,27,42,50,84,114,144,168,237,256,273,325,344,363,424,497,513,547,563,581,602,617,630,656,670,705,712
true 1,6,7,26,27,28,77,78,137,168,244,266,267,392,393,417,418,419,534,535,536,554,555,640,641,650,699
true 1,6,7,20,26,27,28,67,68,77,78,150,158,159,160,168,279,280,289,290,426,427,428,434,558,559,651
false 1,10,77,78,137,184,185,236,237,296,314,315,351,352,353,356,534,535,536,554,555,602,662,663,677,692,693
false 1,77,78,114,115,116,137,204,205,324,325,326,440,441,465,466,467,534,535,536,554,555,622,623,624,625,710
false 1,41,42,77,78,84,204,205,244,296,356,387,417,418,419,465,466,467,476,477,622,640,641,662,663,692,693
false 1,41,42,77,78,84,95,137,177,387,476,477,503,504,506,507,534,535,536,554,555,570,571,572,594,595,721
false 1,10,77,78,95,177,184,185,236,237,244,417,418,419,440,441,503,504,594,595,602,623,624,625,640,641,710
false 1,77,78,95,114,115,116,177,266,267,296,324,325,326,356,392,393,503,504,594,595,650,662,663,692,693,699
false 1,77,78,114,115,116,244,314,315,324,325,326,351,352,353,417,418,419,506,507,570,571,572,640,641,677,721
false 1,41,42,77,78,84,266,267,314,315,351,352,353,387,392,393,440,441,476,477,623,624,625,650,677,699,710
false 1,10,77,78,184,185,204,205,236,237,266,267,392,393,465,466,467,506,507,570,571,572,602,622,650,699,721
false 1,4,9,19,27,35,70,98,106,154,168,171,216,291,297,304,360,374,431,437,444,450,518,567,573,628,657
false 1,21,27,35,38,65,71,105,153,161,168,169,172,210,216,224,285,302,361,437,443,451,511,518,567,657,664
false 1,4,19,27,38,70,101,105,154,168,172,211,215,224,291,298,302,359,368,431,438,442,451,512,565,574,658
false 1,22,27,35,37,64,69,79,107,155,162,168,211,216,223,284,298,303,359,437,442,512,518,567,574,580,657
false 1,4,19,27,37,70,79,100,107,154,168,169,210,217,223,291,295,303,361,367,431,443,511,566,580,664,707
false 1,21,27,37,65,71,79,98,101,107,153,161,168,215,223,285,297,303,360,368,438,444,565,573,580,628,658
false 1,22,27,38,64,69,98,100,105,155,162,168,172,217,224,284,295,297,302,360,367,444,451,566,573,628,707
false 1,9,22,27,64,69,101,106,155,162,168,169,171,210,215,284,304,361,368,374,438,443,450,511,565,658,664
false 1,9,21,27,65,71,100,106,153,161,168,171,211,217,285,295,298,304,359,367,374,442,450,512,566,574,707
false 1,27,54,98,111,168,205,269,297,315,323,351,360,383,444,465,473,504,533,556,573,595,601,628,636,637,698
false 1,27,98,139,168,177,204,231,268,297,322,353,360,384,391,421,444,466,475,503,528,573,600,628,638,677,722
false 1,27,95,111,139,168,211,268,298,314,323,352,359,383,391,421,442,467,473,512,574,594,601,622,636,638,722
false 1,27,95,98,138,168,183,232,270,297,314,352,360,382,420,444,467,474,529,532,573,594,622,628,639,680,697
false 1,27,138,168,205,211,231,270,298,315,322,351,359,384,420,442,465,475,504,512,528,532,574,595,600,639,697
false 1,27,111,138,168,169,177,204,210,270,323,353,361,383,420,443,466,473,503,511,532,601,636,639,664,677,697
false 1,27,54,168,177,183,204,211,232,269,298,353,359,382,442,466,474,503,512,529,533,556,574,637,677,680,698
false 1,27,54,95,168,169,210,231,269,314,322,352,361,384,443,467,475,511,528,533,556,594,600,622,637,664,698
false 1,27,139,168,169,183,205,210,232,268,315,351,361,382,391,421,443,465,474,504,511,529,595,638,664,680,722
true 1,7,28,30,34,39,53,87,97,100,110,126,136,180,191,208,216,230,251,265,319,368,403,470,565,657,707
true 1,7,28,29,30,39,49,83,87,110,127,135,182,191,206,215,230,252,264,354,367,416,437,505,518,566,658
true 1,7,28,34,86,97,180,190,208,215,228,250,263,319,333,367,380,402,415,437,470,518,527,544,553,566,658
true 1,7,28,30,35,39,82,87,96,101,110,181,191,207,217,230,250,263,295,320,355,402,415,438,544,553,567
true 1,7,28,29,35,53,83,86,101,126,136,182,190,206,217,228,251,265,295,333,354,380,403,438,505,527,567
true 1,7,28,34,35,49,97,101,109,127,135,180,189,208,217,229,252,264,295,319,332,381,416,438,470,483,567
true 1,7,28,49,82,86,96,100,127,135,181,190,207,216,228,252,264,320,333,355,368,380,416,527,565,657,707
true 1,7,28,29,83,100,109,182,189,206,216,229,250,263,332,354,368,381,402,415,483,505,544,553,565,657,707
true 1,7,28,53,82,96,109,126,136,181,189,207,215,229,251,265,320,332,355,367,381,403,437,483,518,566,658
true 1,6,7,26,27,28,77,78,168,308,340,458,459,488,489,588,589,590,609,610,611,674,675,685,686,715,719
false 1,34,40,54,77,78,180,181,182,321,354,355,385,386,420,421,506,507,532,533,570,571,572,678,679,721,722
false 1,29,54,77,78,206,207,208,233,234,235,296,319,320,356,420,421,471,472,532,533,662,663,692,693,716,722
false 1,29,77,78,112,113,206,207,208,268,269,270,319,320,506,507,530,570,571,572,597,598,599,637,638,639,721
false 1,54,77,78,82,83,96,97,112,113,420,421,440,441,470,505,530,532,533,597,598,599,623,624,625,710,722
false 1,40,77,78,82,83,96,97,268,269,270,296,321,356,385,386,470,505,637,638,639,662,663,678,679,692,693
false 1,77,78,82,83,96,97,138,139,233,234,235,391,470,471,472,505,506,507,556,570,571,572,697,698,716,721
false 1,34,77,78,180,181,182,233,234,235,268,269,270,354,355,440,441,471,472,623,624,625,637,638,639,710,716
false 1,34,77,78,112,113,138,139,180,181,182,296,354,355,356,391,530,556,597,598,599,662,663,692,693,697,698
false 1,29,40,77,78,138,139,206,207,208,319,320,321,385,386,391,440,441,556,623,624,625,678,679,697,698,710
true 1,6,26,29,34,39,53,82,96,109,135,180,191,206,217,228,252,263,295,333,368,403,437,483,518,544,565
true 1,6,26,29,30,34,35,49,82,86,96,100,126,180,189,206,215,230,250,265,381,416,527,553,567,658,707
true 1,6,26,30,53,83,86,101,135,181,189,208,216,230,252,263,319,355,367,381,403,438,505,527,544,566,657
true 1,6,26,29,34,82,87,96,101,110,127,136,180,190,206,216,229,251,264,332,367,380,402,415,438,566,657
true 1,6,26,49,83,87,110,126,181,190,208,217,229,250,265,295,319,332,355,368,380,416,437,505,518,553,565
true 1,6,26,35,53,87,97,100,110,135,182,190,207,215,229,252,263,320,332,354,380,403,470,544,567,658,707
true 1,6,26,35,39,83,100,109,127,136,181,191,208,215,228,251,264,319,333,355,402,415,483,505,567,658,707
true 1,6,26,39,49,97,101,109,126,182,191,207,216,228,250,265,320,333,354,367,416,438,470,483,553,566,657
true 1,6,26,30,86,97,127,136,182,189,207,217,230,251,264,295,320,354,368,381,402,415,437,470,518,527,565
false 1,7,10,28,42,54,84,116,139,178,185,270,317,326,349,391,469,501,508,533,621,626,639,659,694,708,726
false 1,7,10,28,42,84,116,138,185,203,209,269,316,326,350,358,421,468,502,510,568,596,637,660,697,709,722
false 1,7,28,114,178,184,209,236,268,317,325,349,358,387,420,469,477,501,510,532,556,568,621,638,660,698,709
false 1,7,10,28,42,81,84,116,179,185,268,318,326,357,420,439,500,509,532,556,569,620,627,638,661,691,698
false 1,7,28,54,114,139,184,203,236,270,316,325,350,357,387,391,439,468,477,502,509,533,569,596,627,639,661
false 1,7,28,41,115,138,178,237,269,317,324,349,357,421,439,469,476,501,509,569,602,621,627,637,661,697,722
false 1,7,28,81,114,138,179,184,236,269,318,325,387,421,477,500,508,620,626,637,659,691,694,697,708,722,726
false 1,7,28,41,115,203,237,268,316,324,350,420,468,476,502,508,532,556,596,602,626,638,659,694,698,708,726
false 1,7,28,41,54,81,115,139,179,209,237,270,318,324,358,391,476,500,510,533,568,602,620,639,660,691,709
true 1,27,34,39,53,83,86,101,127,168,180,191,207,215,229,250,264,320,332,368,403,438,505,527,553,565,658
true 1,27,29,30,49,97,101,109,136,168,181,190,206,215,230,251,263,355,368,380,416,438,470,483,544,565,658
true 1,27,39,49,82,86,96,100,136,168,182,191,208,217,229,251,263,295,319,332,354,367,416,527,544,566,707
true 1,27,82,87,96,101,110,126,135,168,182,189,208,215,228,252,265,319,333,354,368,381,402,415,438,565,658
true 1,27,30,34,83,100,109,126,135,168,180,190,207,217,230,252,265,295,320,367,380,402,415,483,505,566,707
true 1,27,29,35,39,86,97,126,135,168,181,191,206,216,229,252,265,332,355,402,415,437,470,518,527,567,657
true 1,27,29,53,87,97,100,110,127,168,181,189,206,217,228,250,264,295,333,355,367,381,403,470,553,566,707
true 1,27,30,35,53,82,96,109,127,168,182,190,208,216,230,250,264,319,354,380,403,437,483,518,553,567,657
true 1,27,34,35,49,83,87,110,136,168,180,189,207,216,228,251,263,320,333,381,416,437,505,518,544,567,657
true 1,15,77,78,81,111,124,271,272,349,350,440,441,468,469,473,474,475,528,529,537,538,623,624,625,691,710
true 1,15,77,78,124,178,179,183,203,271,272,382,383,384,506,507,537,538,570,571,572,596,600,601,620,621,721
true 1,77,78,140,141,142,178,179,203,231,232,245,246,322,323,440,441,596,620,621,623,624,625,636,642,680,710
true 1,15,77,78,124,231,232,271,272,296,316,317,318,322,323,356,500,501,502,537,538,636,662,663,680,692,693
true 1,77,78,111,140,141,142,245,246,316,317,318,473,474,475,500,501,502,506,507,528,529,570,571,572,642,721
true 1,55,56,77,78,183,316,317,318,382,383,384,394,395,396,422,440,441,500,501,502,600,601,623,624,625,710
true 1,77,78,81,140,141,142,183,245,246,296,349,350,356,382,383,384,468,469,600,601,642,662,663,691,692,693
true 1,55,56,77,78,81,231,232,322,323,349,350,394,395,396,422,468,469,506,507,570,571,572,636,680,691,721
true 1,55,56,77,78,111,178,179,203,296,356,394,395,396,422,473,474,475,528,529,596,620,621,662,663,692,693
true 1,6,7,26,27,28,77,78,168,305,343,453,454,493,494,583,584,585,614,615,616,671,672,688,689,714,720
true 1,15,27,111,141,168,179,245,296,316,323,349,356,383,396,422,469,473,502,537,571,601,620,624,636,710,721
true 1,27,56,81,140,168,203,231,246,272,296,317,322,356,384,394,475,501,528,538,571,596,600,624,691,710,721
true 1,27,56,111,140,168,178,246,272,318,323,350,383,394,440,468,473,500,507,538,572,601,621,623,636,662,693
true 1,27,55,124,142,168,178,183,232,271,296,318,350,356,382,395,468,474,500,529,571,621,624,642,680,710,721
true 1,27,55,124,142,168,179,231,271,316,322,349,384,395,440,469,475,502,507,528,572,600,620,623,642,662,693
true 1,27,55,81,111,124,142,168,203,271,317,323,383,395,441,473,501,506,570,596,601,625,636,642,663,691,692
true 1,15,27,81,141,168,183,203,232,245,317,382,396,422,440,474,501,507,529,537,572,596,623,662,680,691,693
true 1,15,27,141,168,178,231,245,318,322,350,384,396,422,441,468,475,500,506,528,537,570,600,621,625,663,692
true 1,27,56,140,168,179,183,232,246,272,316,349,382,394,441,469,474,502,506,529,538,570,620,625,663,680,692
true 1,6,15,26,55,111,140,183,203,231,246,318,322,349,382,395,469,473,500,507,537,572,596,624,663,692,710
true 1,6,26,142,203,272,318,323,349,384,396,422,441,469,474,500,529,538,571,596,600,625,636,642,662,693,721
true 1,6,15,26,55,81,140,178,246,296,316,323,356,384,395,440,474,502,506,529,537,570,600,621,623,636,691
true 1,6,26,56,124,141,203,232,245,271,296,318,349,356,383,394,440,469,475,500,506,528,570,596,601,623,680
true 1,6,26,81,142,178,232,272,316,383,396,422,475,502,507,528,538,572,601,621,624,642,663,680,691,692,710
true 1,6,15,26,55,140,179,232,246,317,350,383,395,441,468,475,501,528,537,571,601,620,625,662,680,693,721
true 1,6,26,56,81,111,124,141,178,183,231,245,271,316,322,382,394,441,473,502,571,621,625,662,691,693,721
true 1,6,26,111,142,179,183,231,272,296,317,322,350,356,382,396,422,440,468,473,501,506,538,570,620,623,642
true 1,6,26,56,124,141,179,245,271,317,323,350,384,394,468,474,501,507,529,572,600,620,624,636,663,692,710
true 1,7,15,28,56,111,142,178,232,317,349,384,394,469,473,501,506,537,570,600,621,624,642,662,680,693,710
true 1,7,28,55,111,141,203,232,245,272,316,350,384,395,440,468,473,502,538,571,596,600,623,663,680,692,721
true 1,7,28,124,140,178,183,246,271,317,323,349,382,396,422,440,469,475,501,528,571,621,623,636,663,692,721
true 1,7,28,81,111,124,140,179,232,246,271,296,318,356,384,396,422,441,473,500,507,572,600,620,625,680,691
true 1,7,15,28,56,142,183,203,296,316,323,350,356,382,394,441,468,475,502,507,528,537,572,596,625,636,642
true 1,7,28,55,141,178,231,245,272,296,317,322,349,356,383,395,441,469,474,501,507,529,538,572,601,621,625
true 1,7,28,55,81,141,179,183,245,272,318,323,382,395,475,500,506,528,538,570,620,624,636,662,691,693,710
true 1,7,28,124,140,203,231,246,271,316,322,350,383,396,422,468,474,502,506,529,570,596,601,624,662,693,710
true 1,7,15,28,56,81,142,179,231,318,322,383,394,440,474,500,529,537,571,601,620,623,642,663,691,692,721
true 1,6,7,26,27,28,63,66,77,78,151,152,156,157,168,281,282,283,286,287,288,429,430,432,433,560,561
true 1,6,7,26,27,28,54,77,78,138,139,168,268,269,270,391,420,421,532,533,556,637,638,639,697,698,722
true 1,6,7,26,27,28,77,78,168,200,344,345,452,495,496,497,581,582,617,618,668,669,670,690,712,713,727
true 1,34,35,39,49,53,77,78,180,181,182,189,190,191,354,355,367,368,380,381,402,403,415,416,565,566,567
true 1,29,30,49,53,77,78,206,207,208,215,216,217,228,229,230,295,319,320,332,333,402,403,415,416,657,658
true 1,29,35,77,78,86,87,109,110,126,127,206,207,208,263,264,265,319,320,367,368,483,527,544,565,566,567
true 1,49,53,77,78,82,83,86,87,96,97,100,101,109,110,402,403,415,416,437,438,470,483,505,518,527,707
true 1,39,77,78,82,83,96,97,126,127,189,190,191,215,216,217,263,264,265,295,380,381,470,505,544,657,658
true 1,30,35,77,78,82,83,96,97,135,136,228,229,230,250,251,252,332,333,367,368,470,505,553,565,566,567
true 1,30,34,77,78,100,101,126,127,180,181,182,228,229,230,263,264,265,332,333,354,355,437,438,518,544,707
true 1,34,77,78,86,87,109,110,135,136,180,181,182,215,216,217,250,251,252,295,354,355,483,527,553,657,658
true 1,29,39,77,78,100,101,135,136,189,190,191,206,207,208,250,251,252,319,320,380,381,437,438,518,553,707
false 1,6,26,43,99,117,137,196,213,238,266,313,338,342,364,393,417,464,486,491,535,562,593,612,640,652,702
false 1,6,26,31,89,194,214,240,313,342,365,389,419,464,491,516,531,536,555,593,612,641,650,699,704,724,729
false 1,6,26,31,80,89,137,175,194,199,240,266,311,341,366,389,393,417,490,517,531,535,631,640,653,703,723
false 1,6,26,90,118,195,239,244,267,313,337,342,366,388,392,418,464,491,517,534,554,593,612,631,653,703,723
false 1,6,26,80,90,99,118,175,195,199,213,239,311,337,341,364,388,419,490,536,555,562,641,650,652,699,702
false 1,6,26,90,118,137,176,195,214,239,266,312,337,365,388,393,417,463,492,516,535,613,640,687,704,724,729
false 1,6,26,43,80,117,175,196,199,214,238,244,267,311,338,341,365,392,418,486,490,516,534,554,704,724,729
false 1,6,26,43,117,176,196,238,312,338,366,419,463,486,492,517,536,555,613,631,641,650,653,687,699,703,723
false 1,6,26,31,89,99,176,194,213,240,244,267,312,364,389,392,418,463,492,531,534,554,562,613,652,687,702
false 1,5,6,23,24,26,53,72,74,134,135,163,252,260,261,263,401,403,410,412,541,543,544,548,644,645,700
false 1,6,25,26,49,75,126,134,165,166,249,250,261,265,293,400,411,412,416,435,541,542,549,553,644,647,700
false 1,5,6,23,24,26,49,72,74,125,126,163,247,248,250,265,397,399,414,416,539,550,552,553,648,649,701
false 1,6,26,73,76,125,127,134,136,164,167,248,251,261,264,292,294,399,402,412,415,541,550,644,648,700,701
false 1,5,6,23,24,26,72,74,127,136,163,249,251,262,264,398,400,402,411,413,415,540,542,549,551,643,647
false 1,6,25,26,75,127,136,165,166,247,251,260,264,293,397,401,402,410,414,415,435,539,543,548,552,645,649
false 1,6,26,49,73,76,126,164,167,250,260,262,265,292,294,398,401,410,413,416,540,543,548,551,553,643,645
false 1,6,26,53,73,76,135,164,167,247,249,252,263,292,294,397,400,403,411,414,539,542,544,549,552,647,649
false 1,6,25,26,53,75,125,135,165,166,248,252,262,263,293,398,399,403,413,435,540,544,550,551,643,648,701
false 1,6,11,26,35,44,100,119,137,193,215,266,310,335,393,417,461,484,535,567,591,608,640,658,683,707,717
false 1,6,26,101,121,216,242,310,336,367,390,419,438,461,485,536,555,566,591,606,608,641,650,657,683,699,717
false 1,6,26,121,137,217,242,266,295,336,368,390,393,417,437,462,485,487,518,535,565,592,606,607,640,676,682
false 1,6,26,45,88,120,192,217,241,244,267,295,310,334,368,392,418,437,461,518,534,554,565,591,608,683,717
false 1,6,26,35,45,88,100,120,192,215,241,334,419,462,487,536,555,567,592,607,641,650,658,676,682,699,707
false 1,6,26,45,88,101,120,137,174,192,216,241,266,309,334,367,393,417,438,460,535,566,640,657,684,718,728
false 1,6,11,26,44,101,119,193,216,244,267,335,367,392,418,438,462,484,487,534,554,566,592,607,657,676,682
false 1,6,11,26,44,119,174,193,217,295,309,335,368,419,437,460,484,518,536,555,565,641,650,684,699,718,728
false 1,6,26,35,100,121,174,215,242,244,267,309,336,390,392,418,460,485,534,554,567,606,658,684,707,718,728
false 1,9,10,49,53,77,78,171,172,175,176,184,185,199,223,224,236,237,402,403,415,416,580,593,602,612,613
false 1,49,53,77,78,105,106,107,114,115,116,302,303,304,311,312,313,324,325,326,402,403,415,416,490,491,492
false 1,9,41,42,77,78,84,126,127,171,172,223,224,263,264,265,311,312,313,387,476,477,490,491,492,544,580
false 1,37,38,41,42,49,53,77,78,79,80,84,341,342,374,387,402,403,415,416,450,451,463,464,476,477,687
false 1,10,77,78,80,105,106,107,126,127,184,185,236,237,263,264,265,302,303,304,341,342,463,464,544,602,687
false 1,9,77,78,80,114,115,116,135,136,171,172,223,224,250,251,252,324,325,326,341,342,463,464,553,580,687
false 1,37,38,77,78,79,114,115,116,126,127,175,176,199,263,264,265,324,325,326,374,450,451,544,593,612,613
false 1,41,42,77,78,84,105,106,107,135,136,175,176,199,250,251,252,302,303,304,387,476,477,553,593,612,613
false 1,10,37,38,77,78,79,135,136,184,185,236,237,250,251,252,311,312,313,374,450,451,490,491,492,553,602
true 1,6,7,26,27,28,77,78,168,296,356,440,441,506,507,570,571,572,623,624,625,662,663,692,693,710,721
true 1,2,8,77,78,122,123,137,197,198,212,308,534,535,536,554,555,609,610,611,629,630,654,655,656,674,675
true 1,32,33,46,47,48,77,78,137,339,436,458,459,488,489,513,514,515,534,535,536,554,555,705,706,715,719
true 1,12,13,77,78,91,92,93,212,243,244,417,418,419,458,459,488,489,629,630,640,641,654,655,656,715,719
true 1,12,13,77,78,91,92,93,137,243,340,362,363,534,535,536,554,555,563,564,588,589,590,685,686,695,725
true 1,2,8,77,78,122,123,197,198,244,340,417,418,419,436,513,514,515,588,589,590,640,641,685,686,705,706
true 1,32,33,46,47,48,77,78,212,266,267,339,340,392,393,588,589,590,629,630,650,654,655,656,685,686,699
true 1,32,33,46,47,48,77,78,244,308,339,362,363,417,418,419,563,564,609,610,611,640,641,674,675,695,725
true 1,12,13,77,78,91,92,93,243,266,267,308,392,393,436,513,514,515,609,610,611,650,674,675,699,705,706
true 1,2,8,77,78,122,123,197,198,266,267,362,363,392,393,458,459,488,489,563,564,650,695,699,715,719,725
true 1,2,8,27,47,92,137,168,212,243,244,308,339,340,418,436,514,535,589,610,650,655,695,699,715,719,725
true 1,12,27,33,48,91,122,168,198,212,267,392,417,436,458,489,514,536,555,590,609,640,655,674,686,695,725
true 1,2,8,27,47,92,168,243,267,339,363,392,417,459,488,513,536,555,563,588,611,630,640,656,675,685,705
true 1,13,27,32,46,93,123,168,197,212,266,393,419,436,459,488,514,534,554,588,611,641,655,675,685,695,725
true 1,12,27,33,48,91,122,168,198,266,308,340,363,393,419,513,534,554,563,589,610,630,641,656,705,715,719
true 1,2,8,27,47,92,168,243,266,339,362,393,419,458,489,515,534,554,564,590,609,629,641,654,674,686,706
true 1,13,27,32,46,93,123,137,168,197,244,363,418,458,489,513,535,563,590,609,630,650,656,674,686,699,705
true 1,12,27,33,48,91,122,137,168,198,244,362,418,459,488,515,535,564,588,611,629,650,654,675,685,699,706
true 1,13,27,32,46,93,123,168,197,267,308,340,362,392,417,515,536,555,564,589,610,629,640,654,706,715,719
true 1,2,6,8,12,26,32,46,91,137,212,266,308,362,393,417,458,489,513,535,564,588,610,640,655,685,705
true 1,6,26,33,48,92,123,197,243,308,363,419,436,458,489,514,536,555,563,588,610,629,641,650,654,685,699
true 1,6,26,33,48,92,123,137,197,243,266,340,393,417,459,488,515,535,589,609,630,640,656,674,695,706,725
true 1,6,13,26,47,93,122,198,244,267,308,339,392,418,458,489,515,534,554,588,610,630,656,685,695,706,725
true 1,6,13,26,47,93,122,198,212,339,340,362,419,459,488,513,536,555,564,589,609,641,650,655,674,699,705
true 1,6,13,26,47,93,122,137,198,266,339,363,393,417,436,514,535,563,590,611,629,640,654,675,686,715,719
true 1,2,6,8,12,26,32,46,91,244,267,340,363,392,418,436,459,488,514,534,554,563,589,609,629,654,674
true 1,2,6,8,12,26,32,46,91,419,515,536,555,590,611,630,641,650,656,675,686,695,699,706,715,719,725
true 1,6,26,33,48,92,123,197,212,243,244,267,362,392,418,513,534,554,564,590,611,655,675,686,705,715,719
true 1,2,7,8,13,28,33,48,93,137,212,267,308,363,392,419,459,488,515,535,563,590,610,641,655,686,706
true 1,2,7,8,13,28,33,48,93,244,266,340,362,393,418,436,458,489,514,536,555,564,589,611,630,656,675
true 1,7,28,32,46,92,122,198,243,308,362,417,436,459,488,514,534,554,564,590,610,630,640,650,656,686,699
true 1,2,7,8,13,28,33,48,93,417,513,534,554,588,609,629,640,650,654,674,685,695,699,705,715,719,725
true 1,7,28,32,46,92,122,137,198,243,267,340,392,419,458,489,513,535,589,611,629,641,654,675,695,705,725
true 1,7,12,28,47,91,123,197,244,266,308,339,393,418,459,488,513,536,555,590,610,629,654,686,695,705,725
true 1,7,28,32,46,92,122,198,212,243,244,266,363,393,418,515,536,555,563,588,609,655,674,685,706,715,719
true 1,7,12,28,47,91,123,197,212,339,340,363,417,458,489,515,534,554,563,589,611,640,650,655,675,699,706
true 1,7,12,28,47,91,123,137,197,267,339,362,392,419,436,514,535,564,588,609,630,641,656,674,685,715,719
true 1,6,7,26,27,28,40,77,78,112,113,168,233,234,235,321,385,386,471,472,530,597,598,599,678,679,716
true 1,6,7,26,27,28,77,78,168,209,357,358,439,508,509,510,568,569,626,627,659,660,661,694,708,709,726
false 1,7,28,43,54,118,139,194,215,240,270,308,337,367,391,437,459,486,488,518,533,566,590,610,639,658,686
false 1,7,28,35,43,101,118,138,194,217,240,269,295,337,340,421,438,458,486,489,567,589,611,637,675,697,722
false 1,7,28,31,35,90,101,196,217,238,268,295,308,388,420,438,459,488,531,532,556,567,590,610,638,686,698
false 1,7,28,43,100,118,194,216,240,268,337,368,420,486,532,556,565,588,609,638,657,674,685,698,707,715,719
false 1,7,28,31,54,90,100,139,196,216,238,270,340,368,388,391,458,489,531,533,565,589,611,639,657,675,707
false 1,7,28,89,100,117,138,195,216,239,269,308,338,368,389,421,459,488,565,590,610,637,657,686,697,707,722
false 1,7,28,31,90,138,196,215,238,269,367,388,421,437,518,531,566,588,609,637,658,674,685,697,715,719,722
false 1,7,28,89,117,195,215,239,268,338,340,367,389,420,437,458,489,518,532,556,566,589,611,638,658,675,698
false 1,7,28,35,54,89,101,117,139,195,217,239,270,295,338,389,391,438,533,567,588,609,639,674,685,715,719
false 1,2,8,49,53,77,78,94,98,122,123,169,173,197,198,402,403,415,416,498,499,511,512,573,574,586,587
false 1,32,33,46,47,48,49,53,77,78,297,298,306,307,339,346,347,348,359,360,361,402,403,415,416,664,673
false 1,12,13,77,78,91,92,93,98,126,127,169,243,263,264,265,306,307,346,347,348,511,512,544,573,574,673
false 1,12,13,49,53,77,78,91,92,93,201,202,210,211,243,402,403,415,416,442,443,444,455,456,457,619,628
false 1,2,8,77,78,122,123,126,127,197,198,201,202,263,264,265,297,298,359,360,361,455,456,457,544,619,664
false 1,32,33,46,47,48,77,78,98,135,136,169,201,202,250,251,252,339,455,456,457,511,512,553,573,574,619
false 1,32,33,46,47,48,77,78,94,126,127,173,210,211,263,264,265,339,442,443,444,498,499,544,586,587,628
false 1,12,13,77,78,91,92,93,94,135,136,173,243,250,251,252,297,298,359,360,361,498,499,553,586,587,664
false 1,2,8,77,78,122,123,135,136,197,198,210,211,250,251,252,306,307,346,347,348,442,443,444,553,628,673
false 1,11,54,77,78,175,176,199,241,242,334,335,336,362,363,420,421,532,533,563,564,593,612,613,695,722,725
false 1,54,77,78,88,119,120,121,212,311,312,313,420,421,484,485,490,491,492,532,533,629,630,654,655,656,722
false 1,44,45,77,78,192,193,268,269,270,311,312,313,362,363,390,490,491,492,563,564,606,637,638,639,695,725
false 1,44,45,54,77,78,80,192,193,341,342,390,420,421,436,463,464,513,514,515,532,533,606,687,705,706,722
false 1,11,77,78,80,212,241,242,268,269,270,334,335,336,341,342,463,464,629,630,637,638,639,654,655,656,687
false 1,77,78,80,88,119,120,121,138,139,341,342,362,363,391,463,464,484,485,556,563,564,687,695,697,698,725
false 1,77,78,88,119,120,121,175,176,199,268,269,270,436,484,485,513,514,515,593,612,613,637,638,639,705,706
false 1,44,45,77,78,138,139,175,176,192,193,199,212,390,391,556,593,606,612,613,629,630,654,655,656,697,698
false 1,11,77,78,138,139,241,242,311,312,313,334,335,336,391,436,490,491,492,513,514,515,556,697,698,705,706
false 1,3,14,40,77,78,148,149,213,214,258,259,321,385,386,495,496,497,631,652,653,668,669,670,678,679,729
false 1,3,14,77,78,99,148,149,233,234,235,258,259,344,345,452,471,472,516,517,690,702,703,704,712,713,716
false 1,51,52,60,61,62,77,78,112,113,213,214,344,345,409,452,530,597,598,599,631,652,653,690,712,713,729
false 1,3,14,77,78,112,113,148,149,200,258,259,364,365,366,530,562,581,582,597,598,599,617,618,723,724,727
false 1,40,51,52,60,61,62,77,78,99,200,321,385,386,409,516,517,581,582,617,618,678,679,702,703,704,727
false 1,17,18,77,78,131,132,133,200,213,214,233,234,235,278,471,472,581,582,617,618,631,652,653,716,727,729
false 1,51,52,60,61,62,77,78,233,234,235,364,365,366,409,471,472,495,496,497,562,668,669,670,716,723,724
false 1,17,18,77,78,99,112,113,131,132,133,278,495,496,497,516,517,530,597,598,599,668,669,670,702,703,704
false 1,17,18,40,77,78,131,132,133,278,321,344,345,364,365,366,385,386,452,562,678,679,690,712,713,723,724
false 1,2,8,27,47,54,92,99,168,174,243,269,339,365,461,533,556,608,631,637,653,676,682,698,702,718,724
false 1,12,27,33,48,91,99,122,139,168,198,268,309,365,391,421,462,591,607,631,638,653,684,702,717,722,724
false 1,2,8,27,47,92,139,168,214,243,268,310,339,364,391,421,460,487,517,562,592,638,683,703,722,728,729
false 1,13,27,32,46,93,99,123,138,168,197,270,310,365,420,460,487,532,592,631,639,653,683,697,702,724,728
false 1,12,27,33,48,91,122,138,168,174,198,214,270,364,420,461,517,532,562,608,639,676,682,697,703,718,729
false 1,2,8,27,47,92,138,168,213,243,270,309,339,366,420,462,516,532,591,607,639,652,684,697,704,717,723
false 1,13,27,32,46,54,93,123,168,197,214,269,309,364,462,517,533,556,562,591,607,637,684,698,703,717,729
false 1,12,27,33,48,54,91,122,168,198,213,269,310,366,460,487,516,533,556,592,637,652,683,698,704,723,728
false 1,13,27,32,46,93,123,139,168,174,197,213,268,366,391,421,461,516,608,638,652,676,682,704,718,722,723
true 1,6,7,26,27,28,77,78,168,212,362,363,436,513,514,515,563,564,629,630,654,655,656,695,705,706,725
true 1,6,7,26,27,28,77,78,111,168,183,231,232,322,323,382,383,384,473,474,475,528,529,600,601,636,680
false 1,15,43,77,78,89,90,124,271,272,388,389,436,460,461,462,486,513,514,515,537,538,607,608,705,706,728
false 1,15,77,78,124,174,194,195,196,238,239,240,271,272,362,363,487,537,538,563,564,591,592,695,717,718,725
false 1,31,77,78,117,118,140,141,142,174,245,246,337,338,436,487,513,514,515,531,591,592,642,705,706,717,718
false 1,15,31,77,78,117,118,124,212,271,272,309,310,337,338,531,537,538,629,630,654,655,656,676,682,683,684
false 1,43,77,78,89,90,140,141,142,245,246,309,310,362,363,388,389,486,563,564,642,676,682,683,684,695,725
false 1,55,56,77,78,194,195,196,238,239,240,309,310,394,395,396,422,436,513,514,515,676,682,683,684,705,706
false 1,77,78,140,141,142,194,195,196,212,238,239,240,245,246,460,461,462,607,608,629,630,642,654,655,656,728
false 1,31,55,56,77,78,117,118,337,338,362,363,394,395,396,422,460,461,462,531,563,564,607,608,695,725,728
false 1,43,55,56,77,78,89,90,174,212,388,389,394,395,396,422,486,487,591,592,629,630,654,655,656,717,718
false 1,3,7,14,18,28,52,62,111,133,232,362,384,436,453,473,514,564,584,600,614,630,656,672,680,688,720
false 1,7,17,28,61,111,131,149,232,258,384,409,473,493,513,583,600,615,629,654,671,680,689,695,705,714,725
false 1,7,28,51,60,132,148,183,259,278,323,382,453,475,513,528,584,614,629,636,654,672,688,695,705,720,725
false 1,7,28,51,60,111,132,148,212,232,259,278,305,343,363,384,454,473,494,515,563,585,600,616,655,680,706
false 1,3,7,14,18,28,52,62,133,183,212,323,363,382,475,493,515,528,563,583,615,636,655,671,689,706,714
false 1,7,17,28,61,131,149,212,231,258,322,363,383,409,453,474,515,529,563,584,601,614,655,672,688,706,720
false 1,7,17,28,61,131,149,183,258,305,323,343,362,382,409,436,454,475,494,514,528,564,585,616,630,636,656
false 1,7,28,51,60,132,148,231,259,278,322,362,383,436,474,493,514,529,564,583,601,615,630,656,671,689,714
false 1,3,7,14,18,28,52,62,133,231,305,322,343,383,454,474,494,513,529,585,601,616,629,654,695,705,725
false 1,7,11,15,28,45,56,121,142,192,213,308,335,365,394,459,485,488,517,537,590,610,642,652,686,703,724
false 1,7,11,28,45,55,121,141,192,245,272,335,340,364,395,458,485,489,516,538,562,589,611,631,653,675,704
false 1,7,28,119,124,140,241,246,271,308,334,364,390,396,422,459,484,488,516,562,590,606,610,631,653,686,704
false 1,7,11,28,45,99,121,124,140,192,214,246,271,335,366,396,422,485,588,609,674,685,702,715,719,723,729
false 1,7,15,28,56,99,119,142,214,241,334,340,366,390,394,458,484,489,537,589,606,611,642,675,702,723,729
false 1,7,28,44,55,88,99,120,141,193,214,242,245,272,308,336,366,395,459,488,538,590,610,686,702,723,729
false 1,7,28,55,119,141,213,241,245,272,334,365,390,395,484,517,538,588,606,609,652,674,685,703,715,719,724
false 1,7,28,44,88,120,124,140,193,213,242,246,271,336,340,365,396,422,458,489,517,589,611,652,675,703,724
false 1,7,15,28,44,56,88,120,142,193,242,336,364,394,516,537,562,588,609,631,642,653,674,685,704,715,719
true 1,7,10,16,28,42,59,84,116,147,185,253,326,364,405,453,516,546,562,584,614,631,653,672,688,704,720
true 1,7,10,28,42,58,84,99,116,128,146,185,214,254,277,326,366,406,493,583,615,671,689,702,714,723,729
true 1,7,28,99,114,145,184,214,236,276,325,366,387,404,425,453,477,545,584,614,646,672,688,702,720,723,729
true 1,7,10,28,42,84,116,145,185,213,276,305,326,343,365,404,425,454,494,517,545,585,616,646,652,703,724
true 1,7,16,28,59,114,147,184,213,236,253,325,365,387,405,477,493,517,546,583,615,652,671,689,703,714,724
true 1,7,28,41,58,115,128,146,213,237,254,277,324,365,406,453,476,517,584,602,614,652,672,688,703,720,724
true 1,7,28,58,114,128,146,184,236,254,277,305,325,343,364,387,406,454,477,494,516,562,585,616,631,653,704
true 1,7,28,41,115,145,237,276,324,364,404,425,476,493,516,545,562,583,602,615,631,646,653,671,689,704,714
true 1,7,16,28,41,59,99,115,147,214,237,253,305,324,343,366,405,454,476,494,546,585,602,616,702,723,729
true 1,6,7,26,27,28,77,78,99,168,213,214,364,365,366,516,517,562,631,652,653,702,703,704,723,724,729
true 1,57,77,78,85,175,176,199,225,255,256,257,423,424,481,482,508,509,510,568,569,593,612,613,633,634,726
true 1,57,77,78,187,188,255,256,257,311,312,313,357,358,423,424,490,491,492,522,523,524,605,659,660,661,694
true 1,50,77,78,273,274,275,311,312,313,329,330,331,375,376,407,408,490,491,492,508,509,510,568,569,696,726
true 1,57,77,78,80,209,255,256,257,329,330,331,341,342,375,376,423,424,439,463,464,626,627,687,696,708,709
true 1,50,77,78,80,85,225,273,274,275,341,342,357,358,407,408,463,464,481,482,633,634,659,660,661,687,694
true 1,77,78,80,129,130,143,144,187,188,341,342,463,464,508,509,510,522,523,524,547,557,568,569,605,687,726
true 1,50,77,78,175,176,187,188,199,209,273,274,275,407,408,439,522,523,524,593,605,612,613,626,627,708,709
true 1,77,78,129,130,143,144,175,176,199,329,330,331,357,358,375,376,547,557,593,612,613,659,660,661,694,696
true 1,77,78,85,129,130,143,144,209,225,311,312,313,439,481,482,490,491,492,547,557,626,627,633,634,708,709
true 1,27,57,80,130,168,187,225,255,274,312,331,341,357,408,481,492,510,523,557,568,593,612,626,661,696,708
true 1,27,50,85,144,168,175,199,256,273,313,330,357,375,424,463,491,510,524,547,568,605,626,633,661,687,708
true 1,27,50,144,168,176,187,209,225,256,273,311,331,342,424,464,481,490,509,523,547,569,613,659,694,696,709
true 1,27,129,143,168,176,188,257,275,311,329,342,357,376,407,423,464,482,490,510,522,568,613,626,634,661,708
true 1,27,80,85,129,143,168,209,257,275,312,330,341,375,407,423,492,509,524,569,593,605,612,633,659,694,709
true 1,27,129,143,168,175,187,199,225,257,275,313,331,358,407,423,439,463,481,491,508,523,627,660,687,696,726
true 1,27,57,130,168,175,188,199,209,255,274,313,329,376,408,463,482,491,509,522,557,569,634,659,687,694,709
true 1,27,57,85,130,168,176,255,274,311,330,342,358,375,408,439,464,490,508,524,557,605,613,627,633,660,726
true 1,27,50,80,144,168,188,256,273,312,329,341,358,376,424,439,482,492,508,522,547,593,612,627,634,660,726
true 1,6,26,50,57,129,143,188,225,255,273,313,330,342,375,439,464,481,491,510,522,568,593,612,627,659,694
true 1,6,26,130,209,256,275,313,331,342,357,407,424,464,482,491,508,524,557,593,605,612,634,661,696,709,726
true 1,6,26,50,57,80,129,143,175,199,255,273,311,331,341,358,482,490,509,524,569,605,626,634,660,696,708
true 1,6,26,85,144,187,257,274,313,329,342,358,376,408,423,464,491,509,523,547,569,593,612,626,633,660,708
true 1,6,26,80,85,130,175,187,199,256,275,311,329,341,376,407,424,439,490,510,523,557,568,627,633,659,694
true 1,6,26,50,57,85,129,143,176,187,209,255,273,312,329,357,376,463,492,508,523,613,633,661,687,709,726
true 1,6,26,80,144,175,188,199,209,225,257,274,311,330,341,357,375,408,423,481,490,508,522,547,661,709,726
true 1,6,26,130,176,188,225,256,275,312,330,358,375,407,424,463,481,492,509,522,557,569,613,626,660,687,708
true 1,6,26,144,176,257,274,312,331,408,423,439,463,482,492,510,524,547,568,605,613,627,634,659,687,694,696
true 1,7,28,57,144,209,225,255,275,311,329,358,376,407,463,481,490,510,524,547,568,593,605,612,660,687,709
true 1,7,28,80,129,143,176,225,256,274,313,329,341,357,376,408,424,439,481,491,509,524,569,605,613,627,661
true 1,7,28,50,85,130,188,257,273,311,331,357,423,439,463,490,509,522,557,569,593,612,627,633,661,687,696
true 1,7,28,50,130,175,199,225,257,273,312,329,342,376,423,464,481,492,508,524,557,605,626,659,694,708,726
true 1,7,28,57,80,85,144,176,188,255,275,313,331,341,407,491,508,522,547,613,626,633,659,694,696,708,726
true 1,7,28,129,143,187,256,274,311,330,375,408,424,463,482,490,508,523,593,612,626,634,659,687,694,708,726
true 1,7,28,85,129,143,175,188,199,209,256,274,312,331,342,358,408,424,464,492,510,522,568,633,660,696,709
true 1,7,28,50,80,130,176,187,209,257,273,313,330,341,358,375,423,482,491,510,523,557,568,613,634,660,709
true 1,7,28,57,144,175,187,199,255,275,312,330,342,357,375,407,439,464,482,492,509,523,547,569,627,634,661
true 1,6,10,16,26,41,58,114,128,145,185,214,253,305,325,365,404,453,476,516,583,616,689,704,720,724,729
true 1,6,26,116,147,237,254,277,305,326,366,387,405,425,453,477,517,545,583,602,616,631,653,689,703,720,723
true 1,6,16,26,58,99,116,128,145,213,237,253,326,364,387,404,454,477,494,562,584,602,615,652,671,688,702
true 1,6,26,42,59,84,99,115,146,184,213,236,276,305,324,364,406,453,546,562,583,616,646,652,689,702,720
true 1,6,26,42,84,115,147,184,214,236,254,277,324,365,405,425,454,494,516,545,584,615,671,688,704,724,729
true 1,6,16,26,42,58,84,115,128,145,184,236,253,324,343,366,404,493,517,585,614,631,653,672,703,714,723
true 1,6,10,26,41,59,114,146,185,276,325,366,406,454,476,494,517,546,584,615,631,646,653,671,688,703,723
true 1,6,10,26,41,99,114,147,185,213,254,277,325,343,364,405,425,476,493,545,562,585,614,652,672,702,714
true 1,6,26,59,116,146,214,237,276,326,343,365,387,406,477,493,516,546,585,602,614,646,672,704,714,724,729
true 1,6,7,26,27,28,77,78,125,168,248,249,260,399,400,401,410,411,542,543,548,549,550,645,647,648,701
false 1,6,26,50,57,108,129,143,186,226,255,273,310,327,361,377,444,461,478,512,574,591,608,628,664,683,717
false 1,6,26,98,130,210,256,275,298,310,328,359,379,407,424,443,461,479,526,557,573,591,603,608,635,683,717
false 1,6,26,50,57,129,143,169,211,255,273,297,328,360,379,442,462,479,487,511,526,592,603,607,635,676,682
false 1,6,26,144,169,211,227,257,274,297,310,360,378,408,423,442,461,480,511,525,547,591,604,608,681,683,717
false 1,6,26,130,227,256,275,361,378,407,424,444,462,480,487,512,525,557,574,592,604,607,628,664,676,681,682
false 1,6,26,50,57,98,129,143,174,210,227,255,273,298,309,359,378,443,460,480,525,573,604,681,684,718,728
false 1,6,26,98,108,144,186,210,226,257,274,298,327,359,377,408,423,443,462,478,487,547,573,592,607,676,682
false 1,6,26,108,130,169,174,186,211,226,256,275,297,309,327,360,377,407,424,442,460,478,511,557,684,718,728
false 1,6,26,144,174,257,274,309,328,361,379,408,423,444,460,479,512,526,547,574,603,628,635,664,684,718,728
true 1,10,16,27,115,146,168,185,213,253,324,343,366,387,406,425,453,477,516,545,585,615,652,671,704,720,723
true 1,27,41,59,116,145,168,184,213,236,254,277,326,366,404,454,476,494,516,546,583,614,652,672,689,704,723
true 1,10,27,59,99,115,145,168,185,254,277,305,324,365,387,404,477,493,546,584,616,631,653,688,702,714,724
true 1,27,42,58,84,114,128,147,168,213,237,276,305,325,366,405,493,516,584,602,616,646,652,688,704,714,723
true 1,27,41,58,99,116,128,147,168,184,236,276,326,343,365,405,453,476,585,615,631,646,653,671,702,720,724
true 1,10,27,58,115,128,147,168,185,214,276,324,364,387,405,454,477,494,517,562,583,614,646,672,689,703,729
true 1,16,27,42,84,99,114,146,168,237,253,325,365,406,425,454,494,545,583,602,614,631,653,672,689,702,724
true 1,16,27,41,116,146,168,184,214,236,253,305,326,364,406,425,476,493,517,545,562,584,616,688,703,714,729
true 1,27,42,59,84,114,145,168,214,237,254,277,325,343,364,404,453,517,546,562,585,602,615,671,703,720,729
false 1,6,26,39,50,57,109,129,143,191,228,255,273,308,333,441,458,483,489,571,588,610,625,662,685,693,721
false 1,6,26,30,86,130,189,230,256,275,296,308,356,381,407,424,440,458,489,506,527,557,570,588,610,623,685
false 1,6,26,30,50,57,86,129,143,189,230,255,273,340,381,459,488,507,527,572,589,609,624,663,674,692,710
false 1,6,26,87,110,144,190,229,257,274,308,332,380,408,423,458,489,507,547,572,588,610,624,663,685,692,710
false 1,6,26,87,110,130,190,229,256,275,332,340,380,407,424,441,459,488,557,571,589,609,625,662,674,693,721
false 1,6,26,50,57,87,110,129,143,190,229,255,273,296,332,356,380,440,506,570,590,611,623,675,686,715,719
false 1,6,26,39,109,144,191,228,257,274,296,333,340,356,408,423,440,459,483,488,506,547,570,589,609,623,674
false 1,6,26,39,109,130,191,228,256,275,333,407,424,483,507,557,572,590,611,624,663,675,686,692,710,715,719
false 1,6,26,30,86,144,189,230,257,274,381,408,423,441,527,547,571,590,611,625,662,675,686,693,715,719,721
true 1,6,7,26,27,28,77,78,108,168,186,226,227,327,328,377,378,379,478,479,480,525,526,603,604,635,681
false 1,16,27,146,168,169,187,210,225,253,308,331,340,361,406,425,443,481,511,523,545,589,610,664,696,715,719
false 1,27,59,85,145,168,169,210,254,277,330,361,375,404,443,458,489,511,524,546,590,605,609,633,664,674,686
false 1,27,59,98,145,168,187,225,254,277,297,331,360,404,444,459,481,488,523,546,573,588,611,628,675,685,696
false 1,27,58,128,147,168,169,188,210,276,329,361,376,405,443,459,482,488,511,522,588,611,634,646,664,675,685
false 1,27,58,85,98,128,147,168,276,297,308,330,340,360,375,405,444,524,573,589,605,610,628,633,646,715,719
false 1,27,58,128,147,168,187,211,225,276,298,331,359,405,442,458,481,489,512,523,574,590,609,646,674,686,696
false 1,16,27,98,146,168,188,253,297,329,360,376,406,425,444,458,482,489,522,545,573,590,609,628,634,674,686
false 1,16,27,85,146,168,211,253,298,330,359,375,406,425,442,459,488,512,524,545,574,588,605,611,633,675,685
false 1,27,59,145,168,188,211,254,277,298,308,329,340,359,376,404,442,482,512,522,546,574,589,610,634,715,719
true 1,6,7,26,27,28,77,78,134,168,247,261,262,397,398,412,413,414,539,540,541,551,552,643,644,649,700
true 1,10,16,77,78,99,184,185,236,237,253,254,276,277,453,454,493,494,516,517,602,646,702,703,704,714,720
true 1,16,77,78,114,115,116,253,254,276,277,324,325,326,343,364,365,366,562,583,584,585,646,688,689,723,724
true 1,41,42,77,78,84,99,145,146,147,343,387,404,405,406,476,477,516,517,583,584,585,688,689,702,703,704
true 1,16,41,42,77,78,84,213,214,253,254,276,277,305,387,476,477,614,615,616,631,646,652,653,671,672,729
true 1,10,77,78,145,146,147,184,185,236,237,305,364,365,366,404,405,406,562,602,614,615,616,671,672,723,724
true 1,58,59,77,78,99,114,115,116,128,305,324,325,326,425,516,517,545,546,614,615,616,671,672,702,703,704
true 1,77,78,114,115,116,145,146,147,213,214,324,325,326,404,405,406,453,454,493,494,631,652,653,714,720,729
true 1,41,42,58,59,77,78,84,128,364,365,366,387,425,453,454,476,477,493,494,545,546,562,714,720,723,724
true 1,10,58,59,77,78,128,184,185,213,214,236,237,343,425,545,546,583,584,585,602,631,652,653,688,689,729
false 1,7,16,28,59,108,147,227,253,311,327,379,405,440,463,479,490,546,571,593,604,612,623,663,687,692,721
false 1,7,28,58,80,108,128,146,176,227,254,277,296,313,327,341,356,379,406,441,479,491,507,572,604,613,625
false 1,7,28,145,276,296,311,356,377,404,425,441,463,478,490,507,525,545,572,593,603,612,625,635,646,681,687
false 1,7,28,108,145,175,199,227,276,312,327,342,379,404,425,464,479,492,506,545,570,604,624,646,662,693,710
false 1,7,16,28,59,80,147,176,253,313,341,377,405,478,491,506,525,546,570,603,613,624,635,662,681,693,710
false 1,7,28,58,128,146,186,226,254,277,311,328,378,406,463,480,490,506,526,570,593,612,624,662,687,693,710
false 1,7,28,58,128,146,175,199,254,277,312,342,377,406,440,464,478,492,525,571,603,623,635,663,681,692,721
false 1,7,28,80,145,176,186,226,276,313,328,341,378,404,425,440,480,491,526,545,571,613,623,646,663,692,721
false 1,7,16,28,59,147,175,186,199,226,253,296,312,328,342,356,378,405,441,464,480,492,507,526,546,572,625
false 1,6,16,26,40,58,112,128,145,233,253,307,348,363,404,436,456,499,514,563,586,599,619,629,654,679,716
false 1,6,26,147,235,254,277,307,321,348,386,405,425,456,471,499,515,530,545,586,597,619,630,656,695,706,725
false 1,6,16,26,58,128,145,202,212,235,253,321,347,362,386,404,457,471,498,513,530,564,587,597,655,673,705
false 1,6,26,59,113,146,212,234,276,307,348,362,385,406,456,472,499,513,546,564,586,598,619,646,655,678,705
false 1,6,26,113,147,202,234,254,277,347,363,385,405,425,436,457,472,498,514,545,563,587,598,629,654,673,678
false 1,6,16,26,58,94,113,128,145,173,201,234,253,306,346,385,404,455,472,515,598,630,656,678,695,706,725
false 1,6,26,40,59,112,146,202,233,276,347,406,457,498,515,546,587,599,630,646,656,673,679,695,706,716,725
false 1,6,26,40,94,112,147,173,201,212,233,254,277,306,346,362,405,425,455,513,545,564,599,655,679,705,716
false 1,6,26,59,94,146,173,201,235,276,306,321,346,363,386,406,436,455,471,514,530,546,563,597,629,646,654
false 1,16,39,77,78,189,190,191,209,253,254,276,277,380,381,439,460,461,462,607,608,626,627,646,708,709,728
false 1,16,30,77,78,174,228,229,230,253,254,276,277,332,333,487,508,509,510,568,569,591,592,646,717,718,726
false 1,77,78,86,87,109,110,145,146,147,174,209,404,405,406,439,483,487,527,591,592,626,627,708,709,717,718
false 1,16,77,78,86,87,109,110,253,254,276,277,309,310,357,358,483,527,646,659,660,661,676,682,683,684,694
false 1,39,77,78,145,146,147,189,190,191,309,310,380,381,404,405,406,508,509,510,568,569,676,682,683,684,726
false 1,30,58,59,77,78,128,209,228,229,230,309,310,332,333,425,439,545,546,626,627,676,682,683,684,708,709
false 1,30,77,78,145,146,147,228,229,230,332,333,357,358,404,405,406,460,461,462,607,608,659,660,661,694,728
false 1,58,59,77,78,86,87,109,110,128,425,460,461,462,483,508,509,510,527,545,546,568,569,607,608,726,728
false 1,39,58,59,77,78,128,174,189,190,191,357,358,380,381,425,487,545,546,591,592,659,660,661,694,717,718
false 1,6,16,26,58,101,111,128,145,183,216,231,253,322,367,382,404,438,473,497,566,618,657,670,690,713,727
false 1,6,26,147,217,254,277,295,323,368,384,405,425,437,474,497,518,529,545,565,600,618,636,670,690,713,727
false 1,6,16,26,35,58,100,128,145,215,253,323,345,384,404,452,474,496,529,567,581,600,617,636,658,668,707
false 1,6,26,35,59,100,146,215,232,276,383,406,475,497,528,546,567,601,618,646,658,670,680,690,707,713,727
false 1,6,26,101,147,216,232,254,277,345,367,383,405,425,438,452,475,496,528,545,566,581,601,617,657,668,680
false 1,6,16,26,58,128,145,200,217,232,253,295,344,368,383,404,437,475,495,518,528,565,582,601,669,680,712
false 1,6,26,59,111,146,183,217,231,276,295,322,345,368,382,406,437,452,473,496,518,546,565,581,617,646,668
false 1,6,26,35,100,111,147,183,200,215,231,254,277,322,344,382,405,425,473,495,545,567,582,658,669,707,712
false 1,6,26,59,101,146,200,216,276,323,344,367,384,406,438,474,495,529,546,566,582,600,636,646,657,669,712
true 1,6,7,26,27,28,77,78,168,174,309,310,460,461,462,487,591,592,607,608,676,682,683,684,717,718,728
false 1,3,14,27,61,132,168,174,187,225,278,331,409,441,461,481,506,523,570,608,625,663,676,682,692,696,718
false 1,18,27,51,60,85,133,149,168,258,309,330,375,441,462,506,524,570,591,605,607,625,633,663,684,692,717
false 1,18,27,51,60,133,149,168,187,225,258,296,310,331,356,460,481,487,523,571,592,624,683,696,710,721,728
false 1,17,27,52,62,131,148,168,188,259,310,329,376,441,460,482,487,506,522,570,592,625,634,663,683,692,728
false 1,17,27,52,62,85,131,148,168,174,259,296,330,356,375,461,524,571,605,608,624,633,676,682,710,718,721
false 1,17,27,52,62,131,148,168,187,225,259,309,331,440,462,481,507,523,572,591,607,623,662,684,693,696,717
false 1,3,14,27,61,132,168,188,278,296,309,329,356,376,409,462,482,522,571,591,607,624,634,684,710,717,721
false 1,3,14,27,61,85,132,168,278,310,330,375,409,440,460,487,507,524,572,592,605,623,633,662,683,693,728
false 1,18,27,51,60,133,149,168,174,188,258,329,376,440,461,482,507,522,572,608,623,634,662,676,682,693,718
true 1,6,7,26,27,28,77,78,85,168,187,188,225,329,330,331,375,376,481,482,522,523,524,605,633,634,696
false 1,3,14,77,78,108,148,149,258,259,308,327,328,357,358,525,526,609,610,611,659,660,661,674,675,681,694
false 1,3,14,77,78,148,149,209,258,259,377,378,379,439,458,459,478,479,480,488,489,626,627,708,709,715,719
false 1,51,52,60,61,62,77,78,186,226,227,357,358,409,458,459,488,489,603,604,635,659,660,661,694,715,719
false 1,3,14,77,78,148,149,186,226,227,258,259,340,508,509,510,568,569,588,589,590,603,604,635,685,686,726
false 1,51,52,60,61,62,77,78,108,209,327,328,340,409,439,525,526,588,589,590,626,627,681,685,686,708,709
false 1,17,18,77,78,131,132,133,278,340,357,358,377,378,379,478,479,480,588,589,590,659,660,661,685,686,694
false 1,51,52,60,61,62,77,78,308,377,378,379,409,478,479,480,508,509,510,568,569,609,610,611,674,675,726
false 1,17,18,77,78,131,132,133,186,209,226,227,278,308,439,603,604,609,610,611,626,627,635,674,675,708,709
false 1,17,18,77,78,108,131,132,133,278,327,328,458,459,488,489,508,509,510,525,526,568,569,681,715,719,726
false 1,7,15,28,30,37,39,56,79,87,106,110,142,172,191,201,224,230,304,347,394,455,499,537,586,642,673
false 1,7,28,30,39,55,87,94,105,110,141,173,191,202,223,230,245,272,302,307,348,374,395,450,457,538,580
false 1,7,28,86,105,124,140,190,201,223,228,246,271,302,333,347,374,380,396,422,450,455,499,527,580,586,673
false 1,7,9,28,30,38,39,87,107,110,124,140,171,191,230,246,271,303,306,346,396,422,451,456,498,587,619
false 1,7,9,15,28,38,56,86,94,107,142,171,173,190,202,228,303,307,333,348,380,394,451,457,527,537,642
false 1,7,9,28,38,55,107,109,141,171,189,201,229,245,272,303,332,347,381,395,451,455,483,499,538,586,673
false 1,7,28,37,55,79,86,106,141,172,190,224,228,245,272,304,306,333,346,380,395,456,498,527,538,587,619
false 1,7,28,37,79,94,106,109,124,140,172,173,189,202,224,229,246,271,304,307,332,348,381,396,422,457,483
false 1,7,15,28,56,105,109,142,189,223,229,302,306,332,346,374,381,394,450,456,483,498,537,580,587,619,642
false 1,57,77,78,94,111,173,255,256,257,364,365,366,423,424,473,474,475,498,499,528,529,562,586,587,723,724
false 1,57,77,78,183,213,214,255,256,257,306,307,346,347,348,382,383,384,423,424,600,601,631,652,653,673,729
false 1,50,77,78,231,232,273,274,275,306,307,322,323,346,347,348,364,365,366,407,408,562,636,673,680,723,724
false 1,57,77,78,99,201,202,231,232,255,256,257,322,323,423,424,455,456,457,516,517,619,636,680,702,703,704
false 1,50,77,78,111,201,202,213,214,273,274,275,407,408,455,456,457,473,474,475,528,529,619,631,652,653,729
false 1,77,78,129,130,143,144,183,201,202,364,365,366,382,383,384,455,456,457,547,557,562,600,601,619,723,724
false 1,50,77,78,94,99,173,183,273,274,275,382,383,384,407,408,498,499,516,517,586,587,600,601,702,703,704
false 1,77,78,94,129,130,143,144,173,213,214,231,232,322,323,498,499,547,557,586,587,631,636,652,653,680,729
false 1,77,78,99,111,129,130,143,144,306,307,346,347,348,473,474,475,516,517,528,529,547,557,673,702,703,704
false 1,6,15,26,40,55,95,112,140,204,233,246,315,351,358,395,466,509,537,569,594,599,626,660,679,708,716
false 1,6,26,95,142,204,235,272,315,321,351,386,396,422,439,466,471,510,530,538,568,594,597,627,642,659,694
false 1,6,15,26,55,140,209,235,246,321,353,357,386,395,467,471,504,508,530,537,595,597,622,661,677,709,726
false 1,6,26,56,95,113,124,141,204,209,234,245,271,315,351,357,385,394,466,472,508,594,598,661,678,709,726
false 1,6,26,113,142,234,272,353,358,385,396,422,467,472,504,509,538,569,595,598,622,626,642,660,677,678,708
false 1,6,15,26,55,113,140,177,205,234,246,314,352,385,395,439,465,472,503,510,537,568,598,627,659,678,694
false 1,6,26,40,56,112,124,141,233,245,271,353,394,439,467,504,510,568,595,599,622,627,659,677,679,694,716
false 1,6,26,40,112,142,177,205,209,233,272,314,352,357,396,422,465,503,508,538,599,642,661,679,709,716,726
false 1,6,26,56,124,141,177,205,235,245,271,314,321,352,358,386,394,465,471,503,509,530,569,597,626,660,708
false 1,7,28,35,40,57,101,113,144,217,235,255,275,295,407,438,453,471,547,567,584,598,614,672,679,688,720
false 1,7,28,40,100,113,129,143,216,235,256,274,368,408,424,471,493,565,583,598,615,657,671,679,689,707,714
false 1,7,28,50,100,130,216,233,257,273,368,385,423,453,530,557,565,584,597,614,657,672,678,688,707,716,720
false 1,7,28,40,50,113,130,215,235,257,273,305,343,367,423,437,454,471,494,518,557,566,585,598,616,658,679
false 1,7,28,57,144,215,233,255,275,367,385,407,437,493,518,530,547,566,583,597,615,658,671,678,689,714,716
false 1,7,28,112,129,143,215,234,256,274,321,367,386,408,424,437,453,472,518,566,584,599,614,658,672,688,720
false 1,7,28,35,101,129,143,217,233,256,274,295,305,343,385,408,424,438,454,494,530,567,585,597,616,678,716
false 1,7,28,35,50,101,112,130,217,234,257,273,295,321,386,423,438,472,493,557,567,583,599,615,671,689,714
false 1,7,28,57,100,112,144,216,234,255,275,305,321,343,368,386,407,454,472,494,547,565,585,599,616,657,707
false 1,7,10,28,42,84,116,134,185,220,262,309,326,372,414,445,461,487,521,539,576,592,608,643,666,684,700
false 1,7,10,28,36,42,84,104,116,185,222,261,299,326,397,413,446,460,540,552,577,591,644,676,682,717,728
false 1,7,28,36,104,114,184,222,236,247,299,309,325,387,398,412,446,461,477,487,541,551,577,592,608,649,684
false 1,7,10,28,42,84,103,116,174,185,221,247,310,326,373,398,412,462,541,551,575,607,649,665,683,711,718
false 1,7,28,103,114,134,184,221,236,262,325,373,387,414,460,477,539,575,591,643,665,676,682,700,711,717,728
false 1,7,28,41,103,115,221,237,261,309,324,373,397,413,461,476,487,540,552,575,592,602,608,644,665,684,711
false 1,7,28,114,174,184,220,236,261,310,325,372,387,397,413,445,462,477,521,540,552,576,607,644,666,683,718
false 1,7,28,41,115,220,237,247,324,372,398,412,445,460,476,521,541,551,576,591,602,649,666,676,682,717,728
false 1,7,28,36,41,104,115,134,174,222,237,262,299,310,324,414,446,462,476,539,577,602,607,643,683,700,718
