true 1,7,28,50,57,82,89,130,144,181,195,206,220,238,257,275,320,338,354,372,388,445,505,521,531,576,666
true 1,7,28,50,57,96,103,117,130,144,180,194,207,221,239,257,275,319,337,355,373,389,470,486,575,665,711
true 1,7,28,31,43,82,90,103,118,143,181,196,206,221,240,255,274,320,354,373,407,424,505,547,575,665,711
true 1,7,28,37,81,106,119,129,179,192,203,224,241,256,273,302,318,335,350,390,408,423,450,485,502,557,580
true 1,7,28,29,34,83,97,117,143,182,194,208,220,239,255,274,337,372,389,407,424,445,486,521,547,576,666
true 1,7,9,28,38,44,79,107,120,129,172,178,242,256,273,304,317,334,408,423,469,484,500,557,606,620,691
true 1,7,28,36,89,96,104,143,180,195,207,222,238,255,274,299,319,338,355,388,407,424,446,470,531,547,577
true 1,7,11,28,45,88,105,121,129,171,193,223,256,273,303,316,336,349,374,408,423,451,468,501,557,596,621
true 1,7,28,31,43,90,96,118,129,180,196,207,220,240,256,273,319,355,372,408,423,445,470,521,557,576,666
true 1,7,9,28,38,79,107,119,143,172,192,241,255,274,304,316,335,349,390,407,424,468,485,501,547,596,621
true 1,7,28,36,82,104,117,129,181,194,206,222,239,256,273,299,320,337,354,389,408,423,446,486,505,557,577
true 1,7,28,44,81,105,120,143,171,179,203,223,242,255,274,303,318,334,350,374,407,424,451,484,502,547,606
true 1,7,28,29,34,83,89,97,103,129,182,195,208,221,238,256,273,338,373,388,408,423,531,557,575,665,711
false 1,5,7,23,25,28,37,73,76,103,106,165,218,221,224,302,370,373,447,450,520,575,578,580,665,667,711
false 1,5,7,23,25,28,73,76,105,165,171,220,223,300,303,369,372,374,445,448,451,519,521,576,579,632,666
false 1,7,9,24,28,38,75,79,103,107,163,167,172,221,292,300,304,369,373,435,448,519,575,579,632,665,711
false 1,7,24,28,37,75,102,106,163,167,170,219,220,224,292,301,302,371,372,435,445,449,450,521,576,580,666
false 1,7,24,28,36,75,104,105,163,167,171,218,222,223,292,299,303,370,374,435,446,447,451,520,577,578,667
false 1,7,9,28,38,72,74,79,107,164,166,172,218,220,293,294,304,370,372,445,447,520,521,576,578,666,667
false 1,7,28,36,37,72,74,104,106,164,166,222,224,293,294,299,300,302,369,446,448,450,519,577,579,580,632
false 1,7,28,72,74,102,103,105,164,166,170,171,219,221,223,293,294,301,303,371,373,374,449,451,575,665,711
true 1,7,11,28,37,45,88,106,121,143,178,193,224,255,274,302,317,336,407,424,450,469,500,547,580,620,691
true 1,7,28,50,57,105,119,130,144,171,178,192,223,241,257,275,303,317,335,374,390,451,469,485,500,620,691
true 1,7,28,37,44,50,57,106,120,130,144,224,242,257,275,302,316,334,349,450,468,484,501,580,596,606,621
true 1,6,7,26,27,28,36,77,78,103,104,168,220,221,222,299,372,373,445,446,521,575,576,577,665,666,711
true 1,7,28,32,46,92,95,122,129,177,198,205,218,243,256,273,315,353,370,408,423,447,467,520,557,578,667
true 1,7,12,28,47,91,102,123,129,170,197,219,256,273,301,314,339,351,371,408,423,449,466,503,557,595,622
true 1,2,7,8,13,28,33,48,93,129,204,256,273,300,352,369,408,423,448,465,504,519,557,579,594,632,677
true 1,6,7,26,27,28,77,78,102,168,170,218,219,300,301,369,370,371,447,448,449,519,520,578,579,632,667
false 1,5,7,23,25,28,73,76,96,165,180,204,207,316,319,349,352,355,465,468,470,501,504,594,596,621,677
false 1,5,7,23,25,28,73,76,82,165,178,181,206,314,317,320,351,354,466,469,500,503,505,595,620,622,691
false 1,7,24,28,29,34,75,83,97,163,167,178,182,204,208,292,317,352,435,465,469,500,504,594,620,677,691
false 1,7,24,28,75,81,96,163,167,179,180,203,207,292,314,318,319,350,351,355,435,466,470,502,503,595,622
false 1,7,24,28,75,82,95,163,167,177,181,205,206,292,315,316,320,349,353,354,435,467,468,501,505,596,621
false 1,7,28,29,34,72,74,83,97,164,166,182,208,293,294,314,316,349,351,466,468,501,503,595,596,621,622
false 1,7,28,72,74,95,96,164,166,177,178,180,205,207,293,294,315,317,319,353,355,467,469,470,500,620,691
false 1,7,28,72,74,81,82,164,166,179,181,203,204,206,293,294,318,320,350,352,354,465,502,504,505,594,677
true 1,7,28,32,46,92,102,122,143,170,198,204,219,243,255,274,301,352,371,407,424,449,465,504,547,594,677
true 1,7,12,28,47,91,95,123,143,177,197,205,255,274,300,315,339,353,369,407,424,448,467,519,547,579,632
true 1,2,7,8,13,28,33,48,93,143,218,255,274,314,351,370,407,424,447,466,503,520,547,578,595,622,667
true 1,6,7,26,27,28,77,78,95,168,177,204,205,314,315,351,352,353,465,466,467,503,504,594,595,622,677
true 1,7,28,32,46,50,57,92,122,130,144,198,243,257,275,300,314,351,369,448,466,503,519,579,595,622,632
true 1,7,12,28,47,50,57,91,123,130,144,197,204,218,257,275,339,352,370,447,465,504,520,578,594,667,677
false 1,7,28,37,89,95,106,145,177,195,205,224,238,253,276,302,315,338,353,388,405,425,450,467,531,546,580
true 1,6,7,26,27,28,77,78,81,168,178,179,203,316,317,318,349,350,468,469,500,501,502,596,620,621,691
false 1,7,9,28,38,79,107,117,145,172,194,239,253,276,304,314,337,351,389,405,425,466,486,503,546,595,622
true 1,5,7,21,23,25,28,67,70,73,76,153,156,159,162,165,281,284,287,290,426,429,431,433,558,560,651
false 1,7,28,31,43,90,105,118,145,171,196,204,223,240,253,276,303,352,374,405,425,451,465,504,546,594,677
true 1,5,7,23,25,28,64,69,73,76,151,154,158,161,165,279,282,285,286,289,291,427,430,432,434,559,561
false 1,7,9,28,38,58,79,89,107,146,172,195,204,238,277,304,338,352,388,404,465,504,531,545,594,646,677
true 1,4,7,19,22,24,28,65,67,71,75,151,155,159,163,167,282,286,290,292,426,430,432,435,558,561,651
false 1,7,28,58,95,105,117,146,171,177,194,205,223,239,277,303,315,337,353,374,389,404,451,467,486,545,646
true 1,7,21,24,28,63,66,70,75,152,153,157,158,162,163,167,279,283,284,288,289,292,427,431,434,435,559
false 1,2,3,7,8,9,13,14,18,28,29,33,34,38,48,52,62,79,83,93,97,107,133,172,182,208,304
true 1,7,20,24,28,64,68,69,75,150,154,156,160,161,163,167,280,281,285,287,291,292,428,429,433,435,560
false 1,7,16,28,59,89,105,128,147,171,195,223,238,254,303,314,338,351,374,388,406,451,466,503,531,595,622
true 1,4,7,19,22,28,65,71,72,74,155,156,158,164,166,279,281,287,289,293,294,427,429,433,434,559,560
false 1,7,16,28,37,59,106,117,128,147,194,204,224,239,254,302,337,352,389,406,450,465,486,504,580,594,677
true 1,7,20,21,28,68,70,72,74,150,151,153,160,162,164,166,280,282,284,286,293,294,428,430,431,432,561
false 1,7,28,29,34,83,97,119,145,182,192,208,218,241,253,276,335,370,390,405,425,447,485,520,546,578,667
true 1,7,28,63,64,66,67,69,72,74,152,154,157,159,161,164,166,283,285,288,290,291,293,294,426,558,651
false 1,7,28,44,82,102,120,145,170,181,206,219,242,253,276,301,320,334,354,371,405,425,449,484,505,546,606
false 1,7,11,28,45,88,96,121,145,180,193,207,253,276,300,319,336,355,369,405,425,448,470,519,546,579,632
false 1,7,28,58,96,102,119,146,170,180,192,207,219,241,277,301,319,335,355,371,390,404,449,470,485,545,646
true 1,6,7,20,26,27,28,67,68,77,78,150,158,159,160,168,279,280,289,290,426,427,428,434,558,559,651
false 1,7,28,29,34,44,58,83,97,120,146,182,208,242,277,300,334,369,404,448,484,519,545,579,606,632,646
false 1,7,11,28,45,58,82,88,121,146,181,193,206,218,277,320,336,354,370,404,447,505,520,545,578,646,667
false 1,7,16,28,59,82,119,128,147,181,192,206,241,254,300,320,335,354,369,390,406,448,485,505,519,579,632
true 1,6,7,26,27,28,63,66,77,78,151,152,156,157,168,281,282,283,286,287,288,429,430,432,433,560,561
false 1,7,16,28,44,59,96,120,128,147,180,207,218,242,254,319,334,355,370,406,447,470,484,520,578,606,667
true 1,4,7,19,22,28,44,65,71,112,120,155,226,234,242,334,378,386,478,484,526,597,603,606,678,681,716
false 1,7,28,32,46,81,92,103,122,145,179,198,203,221,243,253,276,318,350,373,405,425,502,546,575,665,711
true 1,4,7,19,22,28,65,71,119,155,192,233,241,327,335,377,385,390,471,479,485,525,530,598,604,635,679
false 1,7,12,28,36,47,91,104,123,145,178,197,222,253,276,299,317,339,405,425,446,469,500,546,577,620,691
true 1,7,11,21,28,45,70,88,112,121,153,162,193,234,284,327,336,377,386,431,479,525,597,604,635,678,716
false 1,2,7,8,13,28,33,48,93,145,220,253,276,316,349,372,405,425,445,468,501,521,546,576,596,621,666
true 1,7,21,28,44,70,108,120,153,162,186,227,233,242,284,328,334,379,385,431,471,480,484,530,598,606,679
false 1,7,28,32,36,46,58,92,104,122,146,198,222,243,277,299,316,349,404,446,468,501,545,577,596,621,646
true 1,7,21,28,40,70,113,119,153,162,192,226,235,241,284,321,335,378,390,431,472,478,485,526,599,603,681
false 1,7,12,28,47,58,81,91,123,146,179,197,203,220,277,318,339,350,372,404,445,502,521,545,576,646,666
true 1,7,11,28,45,64,69,88,121,154,161,193,226,233,285,291,336,378,385,471,478,526,530,598,603,679,681
false 1,2,7,8,13,28,33,48,58,93,103,146,178,221,277,317,373,404,469,500,545,575,620,646,665,691,711
true 1,7,28,40,44,64,69,113,120,154,161,235,242,285,291,321,327,334,377,472,479,484,525,599,604,606,635
false 1,7,16,28,32,46,59,92,122,128,147,178,198,220,243,254,317,372,406,445,469,500,521,576,620,666,691
true 1,7,28,64,69,108,112,119,154,161,186,192,227,234,241,285,291,328,335,379,386,390,480,485,597,678,716
false 1,7,12,16,28,47,59,91,103,123,128,147,197,221,254,316,339,349,373,406,468,501,575,596,621,665,711
true 1,4,7,19,22,28,65,71,117,155,194,231,239,329,337,375,383,389,473,481,486,523,529,600,605,634,680
false 1,7,28,51,60,81,89,132,148,179,195,203,218,238,259,278,318,338,350,370,388,447,502,520,531,578,667
true 1,4,7,19,22,28,65,71,89,155,187,195,238,322,330,338,382,388,474,482,522,528,531,601,633,636,696
false 1,7,28,51,60,102,117,132,148,170,178,194,219,239,259,278,301,317,337,371,389,449,469,486,500,620,691
true 1,7,21,28,31,43,70,90,118,153,162,187,196,231,240,284,330,383,431,473,482,522,529,600,633,680,696
false 1,7,28,31,43,51,60,90,118,132,148,196,240,259,278,300,316,349,369,448,468,501,519,579,596,621,632
true 1,7,21,28,70,85,117,153,162,188,194,225,239,284,322,331,337,376,382,389,431,474,486,524,528,601,636
false 1,7,17,28,61,89,102,131,149,170,195,219,238,258,301,316,338,349,371,388,409,449,468,501,531,596,621
true 1,7,21,28,70,89,111,153,162,183,195,232,238,284,323,329,338,375,384,388,431,475,481,523,531,605,634
false 1,7,17,28,61,81,117,131,149,179,194,203,239,258,300,318,337,350,369,389,409,448,486,502,519,579,632
true 1,7,28,31,43,64,69,90,118,154,161,196,240,285,291,322,329,375,382,474,481,523,528,601,605,634,636
false 1,7,17,28,31,43,61,90,118,131,149,178,196,218,240,258,317,370,409,447,469,500,520,578,620,667,691
true 1,7,28,64,69,111,117,154,161,183,187,194,232,239,285,291,323,330,337,384,389,475,482,486,522,633,696
false 1,3,7,14,18,28,52,62,89,133,178,195,238,300,317,338,369,388,448,469,500,519,531,579,620,632,691
true 1,7,28,64,69,85,89,154,161,188,195,225,231,238,285,291,331,338,376,383,388,473,524,529,531,600,680
false 1,7,12,20,28,47,68,91,112,123,150,160,197,234,280,329,339,375,386,428,481,523,597,605,634,678,716
false 1,7,20,28,32,46,68,92,122,150,160,187,198,233,243,280,330,385,428,471,482,522,530,598,633,679,696
false 1,2,7,8,13,28,33,48,67,93,112,159,187,234,290,330,386,426,482,522,558,597,633,651,678,696,716
false 1,7,12,28,47,67,85,91,123,159,188,197,225,233,290,331,339,376,385,426,471,524,530,558,598,651,679
false 1,7,28,32,40,46,67,92,113,122,159,198,235,243,290,321,329,375,426,472,481,523,558,599,605,634,651
false 1,2,7,8,13,28,33,48,93,158,233,279,289,329,375,385,427,434,471,481,523,530,559,598,605,634,679
false 1,7,12,28,40,47,91,113,123,158,187,197,235,279,289,321,330,339,427,434,472,482,522,559,599,633,696
false 1,7,28,32,46,85,92,112,122,158,188,198,225,234,243,279,289,331,376,386,427,434,524,559,597,678,716
false 1,7,20,28,44,68,109,120,150,160,189,229,231,242,280,332,334,381,383,428,473,483,484,529,600,606,680
false 1,7,20,28,68,86,119,150,160,190,192,228,241,280,322,333,335,380,382,390,428,474,485,527,528,601,636
false 1,7,11,28,45,67,86,88,121,159,190,193,228,231,290,333,336,380,383,426,473,527,529,558,600,651,680
false 1,7,28,30,39,44,67,87,110,120,159,191,230,242,290,322,334,382,426,474,484,528,558,601,606,636,651
false 1,7,28,67,109,111,119,159,183,189,192,229,232,241,290,323,332,335,381,384,390,426,475,483,485,558,651
false 1,7,11,28,45,88,109,121,158,189,193,229,279,289,322,332,336,381,382,427,434,474,483,528,559,601,636
false 1,7,28,44,86,111,120,158,183,190,228,232,242,279,289,323,333,334,380,384,427,434,475,484,527,559,606
false 1,7,28,30,39,87,110,119,158,191,192,230,231,241,279,289,335,383,390,427,434,473,485,529,559,600,680
false 1,7,20,28,41,68,115,117,150,160,194,226,237,239,280,324,337,378,389,428,476,478,486,526,602,603,681
false 1,7,20,28,68,89,114,150,160,184,195,236,238,280,325,327,338,377,387,388,428,477,479,525,531,604,635
false 1,7,28,31,41,43,67,90,115,118,159,196,237,240,290,324,327,377,426,476,479,525,558,602,604,635,651
false 1,7,28,67,108,114,117,159,184,186,194,227,236,239,290,325,328,337,379,387,389,426,477,480,486,558,651
false 1,7,10,28,42,67,84,89,116,159,185,195,226,238,290,326,338,378,388,426,478,526,531,558,603,651,681
false 1,7,28,31,43,90,114,118,158,184,196,226,236,240,279,289,325,378,387,427,434,477,478,526,559,603,681
false 1,4,7,19,22,28,65,71,103,155,213,221,357,365,373,509,517,575,627,659,665,702,708,711,723,726,729
false 1,7,28,41,89,108,115,158,186,195,227,237,238,279,289,324,328,338,379,388,427,434,476,480,531,559,602
false 1,7,12,28,47,63,66,91,123,152,157,197,226,231,283,288,339,378,383,473,478,526,529,600,603,680,681
false 1,7,28,32,46,63,66,92,122,152,157,198,243,283,288,322,327,377,382,474,479,525,528,601,604,635,636
false 1,2,7,8,13,28,33,48,93,156,231,281,287,327,377,383,429,433,473,479,525,529,560,600,604,635,680
false 1,7,12,28,47,91,108,123,156,186,197,227,281,287,322,328,339,379,382,429,433,474,480,528,560,601,636
false 1,7,28,32,46,92,111,122,156,183,198,226,232,243,281,287,323,378,384,429,433,475,478,526,560,603,681
false 1,2,7,8,13,28,33,48,93,151,226,282,286,322,378,382,430,432,474,478,526,528,561,601,603,636,681
false 1,7,12,28,47,91,111,123,151,183,197,232,282,286,323,327,339,377,384,430,432,475,479,525,561,604,635
false 1,7,28,32,46,92,108,122,151,186,198,227,231,243,282,286,328,379,383,430,432,473,480,529,561,600,680
false 1,7,28,41,44,63,66,115,120,152,157,237,242,283,288,324,329,334,375,476,481,484,523,602,605,606,634
false 1,7,28,63,66,114,119,152,157,184,187,192,236,241,283,288,325,330,335,387,390,477,482,485,522,633,696
false 1,7,11,28,41,45,88,115,121,156,187,193,237,281,287,324,330,336,429,433,476,482,522,560,602,633,696
false 1,7,28,44,85,114,120,156,184,188,225,236,242,281,287,325,331,334,376,387,429,433,477,484,524,560,606
false 1,7,10,28,42,84,116,119,156,185,192,241,281,287,326,329,335,375,390,429,433,481,485,523,560,605,634
false 1,7,11,28,45,88,114,121,151,184,193,236,282,286,325,329,336,375,387,430,432,477,481,523,561,605,634
false 1,7,10,28,42,44,84,116,120,151,185,187,242,282,286,326,330,334,430,432,482,484,522,561,606,633,696
false 1,7,28,41,85,115,119,151,188,192,225,237,241,282,286,324,331,335,376,390,430,432,476,485,524,561,602
false 1,7,28,63,66,109,112,117,152,157,189,194,229,234,239,283,288,332,337,381,386,389,483,486,597,678,716
false 1,7,28,63,66,86,89,152,157,190,195,228,233,238,283,288,333,338,380,385,388,471,527,530,531,598,679
false 1,7,28,31,43,86,90,112,118,156,190,196,228,234,240,281,287,333,380,386,429,433,527,560,597,678,716
false 1,7,28,30,39,87,110,117,156,191,194,230,233,239,281,287,337,385,389,429,433,471,486,530,560,598,679
false 1,7,28,40,89,109,113,156,189,195,229,235,238,281,287,321,332,338,381,388,429,433,472,483,531,560,599
false 1,7,28,31,43,90,109,118,151,189,196,229,233,240,282,286,332,381,385,430,432,471,483,530,561,598,679
false 1,7,28,40,86,113,117,151,190,194,228,235,239,282,286,321,333,337,380,389,430,432,472,486,527,561,599
false 1,7,28,30,39,87,89,110,112,151,191,195,230,234,238,282,286,338,386,388,430,432,531,561,597,678,716
false 1,5,7,23,25,28,41,73,76,112,115,165,231,234,237,324,383,386,473,476,529,597,600,602,678,680,716
false 1,5,7,23,25,28,73,76,114,165,184,233,236,322,325,382,385,387,471,474,477,528,530,598,601,636,679
false 1,7,10,24,28,42,75,84,112,116,163,167,185,234,292,322,326,382,386,435,474,528,597,601,636,678,716
false 1,7,24,28,41,75,111,115,163,167,183,232,233,237,292,323,324,384,385,435,471,475,476,530,598,602,679
false 1,7,24,28,40,75,113,114,163,167,184,231,235,236,292,321,325,383,387,435,472,473,477,529,599,600,680
false 1,7,10,28,42,72,74,84,116,164,166,185,231,233,293,294,326,383,385,471,473,529,530,598,600,679,680
false 1,7,28,40,41,72,74,113,115,164,166,235,237,293,294,321,322,324,382,472,474,476,528,599,601,602,636
false 1,7,28,72,74,111,112,114,164,166,183,184,232,234,236,293,294,323,325,384,386,387,475,477,597,678,716
false 1,3,7,14,18,28,52,62,117,133,194,218,239,316,337,349,370,389,447,468,486,501,520,578,596,621,667
false 1,7,28,51,60,95,103,119,132,148,177,192,205,221,241,259,278,315,335,353,373,390,467,485,575,665,711
false 1,7,28,36,44,51,60,104,120,132,148,222,242,259,278,299,314,334,351,446,466,484,503,577,595,606,622
true 1,6,7,26,27,28,40,77,78,112,113,168,233,234,235,321,385,386,471,472,530,597,598,599,678,679,716
false 1,7,11,28,45,51,60,88,121,132,148,193,204,220,259,278,336,352,372,445,465,504,521,576,594,666,677
false 1,7,17,28,36,61,104,119,131,149,192,204,222,241,258,299,335,352,390,409,446,465,485,504,577,594,677
false 1,7,17,28,44,61,95,120,131,149,177,205,220,242,258,315,334,353,372,409,445,467,484,521,576,606,666
true 1,6,7,26,27,28,77,78,111,168,183,231,232,322,323,382,383,384,473,474,475,528,529,600,601,636,680
false 1,5,7,23,25,28,73,76,109,165,189,226,229,329,332,375,378,381,478,481,483,523,526,603,605,634,681
false 1,5,7,23,25,28,73,76,86,165,187,190,228,327,330,333,377,380,479,482,522,525,527,604,633,635,696
false 1,7,24,28,30,39,75,87,110,163,167,187,191,226,230,292,330,378,435,478,482,522,526,603,633,681,696
false 1,7,24,28,75,85,109,163,167,188,189,225,229,292,327,331,332,376,377,381,435,479,483,524,525,604,635
false 1,7,24,28,75,86,108,163,167,186,190,227,228,292,328,329,333,375,379,380,435,480,481,523,527,605,634
false 1,7,28,30,39,72,74,87,110,164,166,191,230,293,294,327,329,375,377,479,481,523,525,604,605,634,635
false 1,7,28,72,74,108,109,164,166,186,187,189,227,229,293,294,328,330,332,379,381,480,482,483,522,633,696
false 1,7,28,72,74,85,86,164,166,188,190,225,226,228,293,294,331,333,376,378,380,478,524,526,527,603,681
false 1,7,11,17,28,45,61,88,103,121,131,149,193,221,258,314,336,351,373,409,466,503,575,595,622,665,711
false 1,3,7,14,18,28,52,62,119,133,192,220,241,314,335,351,372,390,445,466,485,503,521,576,595,622,666
false 1,3,7,14,18,28,44,52,62,103,120,133,204,221,242,334,352,373,465,484,504,575,594,606,665,677,711
true 1,6,7,26,27,28,77,78,108,168,186,226,227,327,328,377,378,379,478,479,480,525,526,603,604,635,681
true 1,6,7,26,27,28,50,57,77,78,129,130,143,144,168,255,256,257,273,274,275,407,408,423,424,547,557
true 1,6,7,16,26,27,28,58,59,77,78,128,145,146,147,168,253,254,276,277,404,405,406,425,545,546,646
true 1,7,28,50,51,57,58,60,72,74,130,132,144,146,148,164,166,257,259,275,277,278,293,294,404,545,646
true 1,6,7,26,27,28,77,78,85,168,187,188,225,329,330,331,375,376,481,482,522,523,524,605,633,634,696
false 1,4,7,19,22,28,58,65,71,138,146,155,261,269,277,404,413,421,539,545,552,637,643,646,697,700,722
false 1,4,7,19,22,28,65,71,145,155,253,268,276,397,405,412,420,425,532,540,546,551,556,638,644,649,698
false 1,7,16,21,28,59,70,128,138,147,153,162,254,269,284,397,406,412,421,431,540,551,637,644,649,697,722
false 1,7,21,28,58,70,134,146,153,162,247,262,268,277,284,398,404,414,420,431,532,541,545,556,638,646,698
false 1,7,21,28,54,70,139,145,153,162,253,261,270,276,284,391,405,413,425,431,533,539,546,552,639,643,700
false 1,7,16,28,59,64,69,128,147,154,161,254,261,268,285,291,406,413,420,532,539,552,556,638,643,698,700
false 1,7,28,54,58,64,69,139,146,154,161,270,277,285,291,391,397,404,412,533,540,545,551,639,644,646,649
false 1,7,28,64,69,134,138,145,154,161,247,253,262,269,276,285,291,398,405,414,421,425,541,546,637,697,722
false 1,4,7,19,22,28,65,71,143,155,255,266,274,399,407,410,418,424,534,542,547,549,555,640,645,648,699
false 1,4,7,19,22,28,65,71,129,155,248,256,273,392,400,408,417,423,535,543,548,554,557,641,647,650,701
false 1,7,21,28,50,57,70,130,144,153,162,248,257,266,275,284,400,418,431,534,543,548,555,640,647,699,701
false 1,7,21,28,70,125,143,153,162,249,255,260,274,284,392,401,407,411,417,424,431,535,547,550,554,641,650
false 1,7,21,28,70,129,137,153,162,244,256,267,273,284,393,399,408,410,419,423,431,536,542,549,557,645,648
false 1,7,28,50,57,64,69,130,144,154,161,257,275,285,291,392,399,410,417,535,542,549,554,641,645,648,650
false 1,7,28,64,69,137,143,154,161,244,248,255,267,274,285,291,393,400,407,419,424,536,543,547,548,647,701
false 1,7,28,64,69,125,129,154,161,249,256,260,266,273,285,291,401,408,411,418,423,534,550,555,557,640,699
false 1,7,17,20,28,61,68,131,138,149,150,160,258,269,280,399,409,410,421,428,542,549,637,645,648,697,722
false 1,7,20,28,51,60,68,132,148,150,160,248,259,268,278,280,400,420,428,532,543,548,556,638,647,698,701
false 1,3,7,14,18,28,52,62,67,133,138,159,248,269,290,400,421,426,543,548,558,637,647,651,697,701,722
false 1,7,17,28,61,67,125,131,149,159,249,258,260,268,290,401,409,411,420,426,532,550,556,558,638,651,698
false 1,7,28,51,54,60,67,132,139,148,159,259,270,278,290,391,399,410,426,533,542,549,558,639,645,648,651
false 1,3,7,14,18,28,52,62,133,158,268,279,289,399,410,420,427,434,532,542,549,556,559,638,645,648,698
false 1,7,17,28,54,61,131,139,149,158,248,258,270,279,289,391,400,409,427,434,533,543,548,559,639,647,701
false 1,7,28,51,60,125,132,138,148,158,249,259,260,269,278,279,289,401,411,421,427,434,550,559,637,697,722
false 1,7,20,28,58,68,135,146,150,160,250,264,266,277,280,402,404,416,418,428,534,544,545,555,640,646,699
false 1,7,20,28,68,126,145,150,160,251,253,263,276,280,392,403,405,415,417,425,428,535,546,553,554,641,650
false 1,7,16,28,59,67,126,128,147,159,251,254,263,266,290,403,406,415,418,426,534,553,555,558,640,651,699
false 1,7,28,49,53,58,67,127,136,146,159,252,265,277,290,392,404,417,426,535,545,554,558,641,646,650,651
false 1,7,28,67,135,137,145,159,244,250,253,264,267,276,290,393,402,405,416,419,425,426,536,544,546,558,651
false 1,7,16,28,59,128,135,147,158,250,254,264,279,289,392,402,406,416,417,427,434,535,544,554,559,641,650
false 1,7,28,58,126,137,146,158,244,251,263,267,277,279,289,393,403,404,415,419,427,434,536,545,553,559,646
false 1,7,28,49,53,127,136,145,158,252,253,265,266,276,279,289,405,418,425,427,434,534,546,555,559,640,699
false 1,7,20,28,55,68,141,143,150,160,255,261,272,274,280,394,407,413,424,428,537,539,547,552,642,643,700
false 1,7,20,28,68,129,140,150,160,245,256,271,273,280,395,397,408,412,422,423,428,538,540,551,557,644,649
false 1,7,28,50,55,57,67,130,141,144,159,257,272,275,290,394,397,412,426,537,540,551,558,642,644,649,651
false 1,7,28,67,134,140,143,159,245,247,255,262,271,274,290,395,398,407,414,422,424,426,538,541,547,558,651
false 1,7,15,28,56,67,124,129,142,159,246,256,261,273,290,396,408,413,423,426,539,552,557,558,643,651,700
false 1,7,28,50,57,130,140,144,158,245,257,261,271,275,279,289,395,413,422,427,434,538,539,552,559,643,700
false 1,7,15,28,56,124,142,143,158,246,255,274,279,289,396,397,407,412,424,427,434,540,547,551,559,644,649
false 1,7,28,55,129,134,141,158,247,256,262,272,273,279,289,394,398,408,414,423,427,434,537,541,557,559,642
false 1,7,17,28,61,63,66,131,149,152,157,258,261,266,283,288,409,413,418,534,539,552,555,640,643,699,700
false 1,7,28,51,60,63,66,132,148,152,157,259,278,283,288,392,397,412,417,535,540,551,554,641,644,649,650
false 1,3,7,14,18,28,52,62,133,156,266,281,287,397,412,418,429,433,534,540,551,555,560,640,644,649,699
false 1,7,17,28,61,131,134,149,156,247,258,262,281,287,392,398,409,414,417,429,433,535,541,554,560,641,650
false 1,7,28,51,60,132,137,148,156,244,259,261,267,278,281,287,393,413,419,429,433,536,539,552,560,643,700
false 1,3,7,14,18,28,52,62,133,151,261,282,286,392,413,417,430,432,535,539,552,554,561,641,643,650,700
false 1,7,17,28,61,131,137,149,151,244,258,267,282,286,393,397,409,412,419,430,432,536,540,551,561,644,649
false 1,7,28,51,60,132,134,148,151,247,259,262,266,278,282,286,398,414,418,430,432,534,541,555,561,640,699
false 1,7,28,55,58,63,66,141,146,152,157,272,277,283,288,394,399,404,410,537,542,545,549,642,645,646,648
false 1,7,28,63,66,140,145,152,157,245,248,253,271,276,283,288,395,400,405,422,425,538,543,546,548,647,701
false 1,7,16,28,55,59,128,141,147,156,248,254,272,281,287,394,400,406,429,433,537,543,548,560,642,647,701
false 1,7,28,58,125,140,146,156,245,249,260,271,277,281,287,395,401,404,411,422,429,433,538,545,550,560,646
false 1,7,15,28,56,124,142,145,156,246,253,276,281,287,396,399,405,410,425,429,433,542,546,549,560,645,648
false 1,7,16,28,59,128,140,147,151,245,254,271,282,286,395,399,406,410,422,430,432,538,542,549,561,645,648
false 1,7,15,28,56,58,124,142,146,151,246,248,277,282,286,396,400,404,430,432,543,545,548,561,646,647,701
false 1,7,28,55,125,141,145,151,249,253,260,272,276,282,286,394,401,405,411,425,430,432,537,546,550,561,642
false 1,7,28,63,66,135,138,143,152,157,250,255,264,269,274,283,288,402,407,416,421,424,544,547,637,697,722
false 1,7,28,63,66,126,129,152,157,251,256,263,268,273,283,288,403,408,415,420,423,532,553,556,557,638,698
false 1,7,28,50,57,126,130,138,144,156,251,257,263,269,275,281,287,403,415,421,429,433,553,560,637,697,722
false 1,7,28,49,53,127,136,143,156,252,255,265,268,274,281,287,407,420,424,429,433,532,547,556,560,638,698
false 1,7,28,54,129,135,139,156,250,256,264,270,273,281,287,391,402,408,416,423,429,433,533,544,557,560,639
false 1,7,28,50,57,130,135,144,151,250,257,264,268,275,282,286,402,416,420,430,432,532,544,556,561,638,698
false 1,7,28,54,126,139,143,151,251,255,263,270,274,282,286,391,403,407,415,424,430,432,533,547,553,561,639
false 1,7,28,49,53,127,129,136,138,151,252,256,265,269,273,282,286,408,421,423,430,432,557,561,637,697,722
true 1,7,16,17,28,59,61,72,74,128,129,131,147,149,164,166,254,256,258,273,293,294,406,408,409,423,557
true 1,5,7,23,25,28,55,73,76,138,141,165,266,269,272,394,418,421,534,537,555,637,640,642,697,699,722
true 1,3,7,14,18,28,52,62,72,74,133,143,145,164,166,253,255,274,276,293,294,405,407,424,425,546,547
true 1,5,7,23,25,28,73,76,140,165,245,268,271,392,395,417,420,422,532,535,538,554,556,638,641,650,698
true 1,7,16,24,28,51,59,60,75,128,132,143,147,148,163,167,254,255,259,274,278,292,406,407,424,435,547
true 1,7,15,24,28,56,75,124,138,142,163,167,246,269,292,392,396,417,421,435,535,554,637,641,650,697,722
true 1,7,17,24,28,50,57,61,75,130,131,144,145,149,163,167,253,257,258,275,276,292,405,409,425,435,546
true 1,7,24,28,55,75,137,141,163,167,244,267,268,272,292,393,394,419,420,435,532,536,537,556,638,642,698
true 1,3,7,14,18,24,28,52,58,62,75,129,133,146,163,167,256,273,277,292,404,408,423,435,545,557,646
true 1,7,24,28,54,75,139,140,163,167,245,266,270,271,292,391,395,418,422,435,533,534,538,555,639,640,699
true 1,5,7,23,25,28,51,60,73,76,129,132,145,148,165,253,256,259,273,276,278,405,408,423,425,546,557
true 1,7,15,28,56,72,74,124,142,164,166,246,266,268,293,294,396,418,420,532,534,555,556,638,640,698,699
true 1,5,7,17,23,25,28,58,61,73,76,131,143,146,149,165,255,258,274,277,404,407,409,424,545,547,646
true 1,7,28,54,55,72,74,139,141,164,166,270,272,293,294,391,392,394,417,533,535,537,554,639,641,642,650
true 1,6,7,26,27,28,31,43,77,78,89,90,117,118,168,194,195,196,238,239,240,337,338,388,389,486,531
true 1,7,28,72,74,137,138,140,164,166,244,245,267,269,271,293,294,393,395,419,421,422,536,538,637,697,722
true 1,6,7,11,26,27,28,44,45,77,78,88,119,120,121,168,192,193,241,242,334,335,336,390,484,485,606
false 1,7,28,31,32,43,44,46,72,74,90,92,118,120,122,164,166,196,198,240,242,243,293,294,334,484,606
false 1,7,11,12,28,45,47,72,74,88,89,91,121,123,164,166,193,195,197,238,293,294,336,338,339,388,531
true 1,6,7,26,27,28,54,77,78,138,139,168,268,269,270,391,420,421,532,533,556,637,638,639,697,698,722
false 1,2,7,8,13,28,33,48,72,74,93,117,119,164,166,192,194,239,241,293,294,335,337,389,390,485,486
false 1,7,11,24,28,32,45,46,75,88,92,117,121,122,163,167,193,194,198,239,243,292,336,337,389,435,486
false 1,7,12,24,28,31,43,47,75,90,91,118,119,123,163,167,192,196,197,240,241,292,335,339,390,435,485
true 1,6,7,26,27,28,77,78,137,168,244,266,267,392,393,417,418,419,534,535,536,554,555,640,641,650,699
false 1,2,7,8,13,24,28,33,44,48,75,89,93,120,163,167,195,238,242,292,334,338,388,435,484,531,606
true 1,5,7,23,25,28,73,76,135,165,250,261,264,399,402,410,413,416,539,542,544,549,552,643,645,648,700
false 1,5,7,23,25,28,32,46,73,76,89,92,119,122,165,192,195,198,238,241,243,335,338,388,390,485,531
true 1,5,7,23,25,28,73,76,126,165,248,251,263,397,400,403,412,415,540,543,548,551,553,644,647,649,701
false 1,5,7,12,23,25,28,44,47,73,76,91,117,120,123,165,194,197,239,242,334,337,339,389,484,486,606
true 1,7,24,28,49,53,75,127,136,163,167,248,252,261,265,292,400,413,435,539,543,548,552,643,647,700,701
true 1,5,6,7,23,24,25,26,27,28,72,73,74,75,76,77,78,163,164,165,166,167,168,292,293,294,435
true 1,7,24,28,75,125,135,163,167,249,250,260,264,292,397,401,402,411,412,416,435,540,544,550,551,644,649
false 1,7,28,64,69,80,82,154,161,176,181,199,201,206,285,291,313,320,342,347,354,455,492,499,505,586,673
true 1,7,24,28,75,126,134,163,167,247,251,262,263,292,398,399,403,410,414,415,435,541,542,549,553,645,648
false 1,7,28,64,69,94,96,154,161,173,175,180,202,207,285,291,307,312,319,348,355,457,464,470,490,612,687
true 1,7,28,49,53,72,74,127,136,164,166,252,265,293,294,397,399,410,412,540,542,549,551,644,645,648,649
false 1,7,28,29,34,64,69,83,97,154,161,182,208,285,291,306,311,341,346,456,463,491,498,587,593,613,619
true 1,7,28,72,74,134,135,164,166,247,248,250,262,264,293,294,398,400,402,414,416,541,543,544,548,647,701
false 1,7,21,28,70,82,94,153,162,173,181,202,206,284,307,311,320,341,348,354,431,457,463,491,505,593,613
true 1,7,28,72,74,125,126,164,166,249,251,260,261,263,293,294,401,403,411,413,415,539,550,552,553,643,700
false 1,7,21,28,70,80,96,153,162,176,180,199,207,284,306,313,319,342,346,355,431,456,470,492,498,587,619
false 1,7,21,28,29,34,70,83,97,153,162,175,182,201,208,284,312,347,431,455,464,490,499,586,612,673,687
false 1,4,7,19,22,28,65,71,82,155,175,181,206,306,312,320,346,354,456,464,490,498,505,587,612,619,687
true 1,6,7,26,27,28,77,78,134,168,247,261,262,397,398,412,413,414,539,540,541,551,552,643,644,649,700
false 1,4,7,19,22,28,65,71,96,155,180,201,207,311,319,341,347,355,455,463,470,491,499,586,593,613,673
true 1,6,7,26,27,28,77,78,98,168,169,210,211,297,298,359,360,361,442,443,444,511,512,573,574,628,664
true 1,6,7,26,27,28,35,77,78,100,101,168,215,216,217,295,367,368,437,438,518,565,566,567,657,658,707
true 1,6,7,26,27,28,77,78,125,168,248,249,260,399,400,401,410,411,542,543,548,549,550,645,647,648,701
false 1,7,28,64,69,98,100,105,154,161,169,171,211,216,223,285,291,298,303,361,368,374,444,451,565,657,707
true 1,3,7,14,18,28,52,62,112,133,213,234,344,365,386,496,517,597,618,668,678,702,712,716,723,727,729
false 1,7,28,35,37,64,69,101,106,154,161,217,224,285,291,295,297,302,359,438,443,450,511,567,574,580,628
true 1,3,7,14,18,28,52,62,133,233,364,385,471,495,516,530,581,598,617,631,652,669,679,690,703,713,724
false 1,7,9,28,38,64,69,79,107,154,161,172,210,215,285,291,304,360,367,437,442,512,518,566,573,658,664
true 1,7,17,28,40,61,113,131,149,213,235,258,321,365,409,472,495,517,581,599,617,669,690,702,713,723,729
false 1,7,21,28,35,70,101,105,153,162,171,210,217,223,284,295,303,360,374,431,438,442,451,512,567,573,664
true 1,7,17,28,61,112,131,149,200,234,258,345,364,386,409,452,497,516,582,597,631,652,670,678,703,716,724
false 1,7,21,28,37,70,98,106,153,162,169,211,215,224,284,298,302,361,367,431,437,444,450,518,566,580,658
true 1,7,17,28,61,99,131,149,214,233,258,344,366,385,409,471,496,530,562,598,618,653,668,679,704,712,727
false 1,7,9,21,28,38,70,79,100,107,153,162,172,216,284,297,304,359,368,431,443,511,565,574,628,657,707
true 1,7,28,40,51,60,113,132,148,235,259,278,321,344,364,472,496,516,599,618,631,652,668,703,712,724,727
false 1,4,7,19,22,28,65,71,105,155,171,215,223,297,303,359,367,374,437,443,451,511,518,566,574,628,658
true 1,7,28,51,60,99,112,132,148,214,234,259,278,366,386,495,562,581,597,617,653,669,678,690,704,713,716
false 1,4,7,19,22,28,37,65,71,100,106,155,210,216,224,302,360,368,442,450,512,565,573,580,657,664,707
true 1,7,28,51,60,132,148,200,213,233,259,278,345,365,385,452,471,497,517,530,582,598,670,679,702,723,729
false 1,7,28,29,34,83,86,97,100,126,182,190,208,216,228,251,263,333,368,380,403,415,527,553,565,657,707
true 1,3,7,14,18,28,52,62,133,231,362,383,473,493,514,529,583,600,615,630,654,671,680,689,705,714,725
false 1,7,28,35,82,101,109,126,181,189,206,217,229,251,263,295,320,332,354,381,403,415,438,483,505,553,567
true 1,3,7,14,18,28,52,62,133,322,382,453,474,513,528,563,584,601,614,629,636,655,672,688,695,706,720
false 1,7,28,30,39,87,96,110,126,180,191,207,215,230,251,263,319,355,367,403,415,437,470,518,553,566,658
true 1,7,17,28,61,111,131,149,183,232,258,323,362,384,409,453,475,514,584,614,630,654,672,688,705,720,725
false 1,7,28,35,86,96,101,135,180,190,207,217,228,250,264,295,319,333,355,380,402,416,438,470,527,544,567
true 1,7,17,28,61,131,149,231,258,305,343,383,409,454,473,494,513,529,563,585,600,616,629,655,680,695,706
false 1,7,28,29,34,83,97,109,135,182,189,208,215,229,250,264,332,367,381,402,416,437,483,518,544,566,658
true 1,7,17,28,61,131,149,212,258,322,363,382,409,436,474,493,515,528,564,583,601,615,636,656,671,689,714
false 1,7,28,30,39,82,87,100,110,135,181,191,206,216,230,250,264,320,354,368,402,416,505,544,565,657,707
true 1,7,28,51,60,111,132,148,183,232,259,278,323,384,475,493,513,563,583,615,629,655,671,689,695,706,714
false 1,7,28,49,53,82,86,127,136,181,190,206,215,228,252,265,320,333,354,367,380,437,505,518,527,566,658
true 1,7,28,51,60,132,148,212,231,259,278,363,383,436,453,473,515,529,564,584,600,614,656,672,680,688,720
false 1,7,28,49,53,96,100,109,127,136,180,189,207,216,229,252,265,319,332,355,368,381,470,483,565,657,707
true 1,7,28,51,60,132,148,259,278,305,322,343,362,382,454,474,494,514,528,585,601,616,630,636,654,705,725
false 1,7,16,28,41,59,115,128,147,213,237,254,324,365,406,476,493,517,583,602,615,671,689,702,714,723,729
false 1,7,16,28,59,114,128,147,184,236,254,325,364,387,406,453,477,516,584,614,631,652,672,688,703,720,724
false 1,7,10,28,42,58,84,116,146,185,213,277,326,365,404,453,517,545,584,614,646,672,688,702,720,723,729
false 1,7,28,41,58,115,146,237,277,305,324,343,364,404,454,476,494,516,545,585,602,616,631,646,652,703,724
false 1,7,28,58,99,114,146,184,214,236,277,325,366,387,404,477,493,545,562,583,615,646,653,671,689,704,714
false 1,7,10,28,42,84,116,145,185,253,276,326,364,405,425,493,516,546,583,615,631,652,671,689,703,714,724
false 1,7,28,41,99,115,145,214,237,253,276,324,366,405,425,453,476,546,562,584,602,614,653,672,688,704,720
false 1,7,28,114,145,184,213,236,253,276,305,325,343,365,387,405,425,454,477,494,517,546,585,616,702,723,729
false 1,7,16,28,59,112,128,147,201,234,254,347,362,386,406,455,499,514,586,597,630,654,673,678,705,716,725
false 1,7,16,28,59,128,147,233,254,306,346,385,406,456,471,498,513,530,563,587,598,619,629,655,679,695,706
false 1,7,28,40,58,113,146,235,277,306,321,346,362,404,456,472,498,514,545,587,599,619,630,646,654,705,725
false 1,7,28,58,94,112,146,173,202,234,277,307,348,386,404,457,513,545,563,597,629,646,655,678,695,706,716
false 1,7,28,58,146,201,212,233,277,347,363,385,404,436,455,471,499,515,530,545,564,586,598,646,656,673,679
false 1,7,28,112,145,212,234,253,276,306,346,363,386,405,425,436,456,498,515,546,564,587,597,619,656,678,716
false 1,7,28,94,145,173,202,233,253,276,307,348,362,385,405,425,457,471,514,530,546,598,630,654,679,705,725
false 1,7,16,28,59,100,128,147,216,231,254,344,368,383,406,473,496,529,565,600,618,657,668,680,707,712,727
false 1,7,16,28,59,128,147,215,254,322,367,382,406,437,474,495,518,528,566,581,601,617,636,658,669,690,713
false 1,7,28,58,100,111,146,183,216,232,277,323,368,384,404,475,495,545,565,581,617,646,657,669,690,707,713
false 1,7,28,58,146,200,215,231,277,345,367,383,404,437,452,473,497,518,529,545,566,582,600,646,658,670,680
false 1,7,28,35,58,101,146,217,277,295,322,344,382,404,438,474,496,528,545,567,601,618,636,646,668,712,727
false 1,7,28,111,145,183,215,232,253,276,323,344,367,384,405,425,437,475,496,518,546,566,618,658,668,712,727
false 1,7,28,35,101,145,217,231,253,276,295,383,405,425,438,473,495,529,546,567,581,600,617,669,680,690,713
false 1,7,28,100,145,200,216,253,276,322,345,368,382,405,425,452,474,497,528,546,565,582,601,636,657,670,707
false 1,7,28,41,50,57,115,130,144,237,257,275,324,344,362,476,496,514,602,618,630,654,668,705,712,725,727
false 1,7,28,50,57,114,130,144,184,236,257,275,325,387,477,495,513,563,581,617,629,655,669,690,695,706,713
false 1,7,10,28,42,84,116,143,185,255,274,326,362,407,424,495,514,547,581,617,630,654,669,690,705,713,725
false 1,7,28,41,115,143,200,237,255,274,324,345,407,424,452,476,497,513,547,563,582,602,629,655,670,695,706
false 1,7,28,114,143,184,212,236,255,274,325,344,363,387,407,424,436,477,496,515,547,564,618,656,668,712,727
true 1,7,28,37,80,106,114,126,176,184,199,224,236,251,263,302,313,325,342,387,403,415,450,477,492,553,580
false 1,7,28,41,115,129,212,237,256,273,324,363,408,423,436,476,495,515,557,564,581,602,617,656,669,690,713
false 1,7,28,114,129,184,200,236,256,273,325,345,362,387,408,423,452,477,497,514,557,582,630,654,670,705,725
false 1,7,28,50,57,100,112,130,144,216,234,257,275,368,386,493,565,583,597,615,657,671,678,689,707,714,716
false 1,7,28,50,57,130,144,215,233,257,275,367,385,437,453,471,518,530,566,584,598,614,658,672,679,688,720
false 1,7,28,40,100,113,143,216,235,255,274,321,368,407,424,453,472,547,565,584,599,614,657,672,688,707,720
false 1,7,28,112,143,215,234,255,274,305,343,367,386,407,424,437,454,494,518,547,566,585,597,616,658,678,716
false 1,7,28,35,101,143,217,233,255,274,295,385,407,424,438,471,493,530,547,567,583,598,615,671,679,689,714
false 1,7,28,40,113,129,215,235,256,273,321,367,408,423,437,472,493,518,557,566,583,599,615,658,671,689,714
false 1,7,28,35,101,112,129,217,234,256,273,295,386,408,423,438,453,557,567,584,597,614,672,678,688,716,720
false 1,7,28,100,129,216,233,256,273,305,343,368,385,408,423,454,471,494,530,557,565,585,598,616,657,679,707
false 1,7,28,50,57,130,144,201,213,231,257,275,347,365,383,455,473,499,517,529,586,600,673,680,702,723,729
false 1,7,28,50,57,130,144,257,275,306,322,346,364,382,456,474,498,516,528,587,601,619,631,636,652,703,724
false 1,7,28,111,143,183,213,232,255,274,306,323,346,365,384,407,424,456,475,498,517,547,587,619,702,723,729
false 1,7,28,94,143,173,202,231,255,274,307,348,364,383,407,424,457,473,516,529,547,600,631,652,680,703,724
false 1,7,28,99,143,201,214,255,274,322,347,366,382,407,424,455,474,499,528,547,562,586,601,636,653,673,704
false 1,7,28,111,129,183,201,232,256,273,323,347,364,384,408,423,455,475,499,516,557,586,631,652,673,703,724
false 1,7,28,99,129,214,231,256,273,306,346,366,383,408,423,456,473,498,529,557,562,587,600,619,653,680,704
false 1,7,28,94,129,173,202,213,256,273,307,322,348,365,382,408,423,457,474,517,528,557,601,636,702,723,729
false 1,3,7,14,18,28,52,62,133,226,357,378,478,488,509,526,588,603,610,627,659,674,681,686,708,715,726
false 1,3,7,14,18,28,52,62,133,327,377,458,479,508,525,568,589,604,609,626,635,660,675,685,694,709,719
false 1,7,17,28,61,108,131,149,186,227,258,328,357,379,409,458,480,509,589,609,627,659,675,685,708,719,726
false 1,7,17,28,61,131,149,226,258,308,340,378,409,459,478,489,508,526,568,590,603,611,626,660,681,694,709
false 1,7,17,28,61,131,149,209,258,327,358,377,409,439,479,488,510,525,569,588,604,610,635,661,674,686,715
false 1,7,28,51,60,108,132,148,186,227,259,278,328,379,480,488,508,568,588,610,626,660,674,686,694,709,715
false 1,7,28,51,60,132,148,209,226,259,278,358,378,439,458,478,510,526,569,589,603,609,661,675,681,685,719
false 1,7,28,51,60,132,148,259,278,308,327,340,357,377,459,479,489,509,525,590,604,611,627,635,659,708,726
false 1,3,7,14,18,28,52,62,133,329,375,460,481,506,523,570,591,605,607,624,634,662,676,683,693,710,718
false 1,3,7,14,18,28,52,62,133,187,309,330,440,461,482,522,571,592,623,633,663,682,692,696,717,721,728
false 1,7,17,28,61,85,131,149,188,225,258,309,331,376,409,461,506,524,570,592,624,662,682,693,710,717,728
false 1,7,17,28,61,131,149,174,258,310,329,375,409,440,462,481,487,523,571,605,608,623,634,663,684,692,721
false 1,7,17,28,61,131,149,187,258,296,330,356,409,441,460,482,507,522,572,591,607,625,633,676,683,696,718
false 1,7,28,51,60,85,132,148,188,225,259,278,331,376,440,460,524,571,591,607,623,663,676,683,692,718,721
false 1,7,28,51,60,132,148,259,278,296,309,329,356,375,441,461,481,507,523,572,592,605,625,634,682,717,728
false 1,7,28,51,60,132,148,174,187,259,278,310,330,462,482,487,506,522,570,608,624,633,662,684,693,696,710
true 1,7,9,28,38,41,79,107,115,126,172,175,237,251,263,304,312,324,403,415,464,476,490,553,602,612,687
true 1,7,16,28,59,109,128,147,189,229,254,332,357,381,406,460,483,509,591,607,627,659,676,683,708,718,726
true 1,7,10,28,42,84,105,116,126,171,185,223,251,263,303,311,326,341,374,403,415,451,463,491,553,593,613
true 1,7,16,28,59,86,128,147,190,228,254,309,333,380,406,461,508,527,568,592,626,660,682,694,709,717,728
true 1,7,9,28,38,79,107,114,135,172,184,236,250,264,304,311,325,341,387,402,416,463,477,491,544,593,613
true 1,7,28,30,39,58,87,110,146,191,230,277,309,357,404,461,509,545,592,627,646,659,682,708,717,726,728
true 1,7,28,41,80,105,115,135,171,176,199,223,237,250,264,303,313,324,342,374,402,416,451,476,492,544,602
true 1,7,28,58,109,146,174,189,229,277,310,332,381,404,462,483,487,508,545,568,608,626,646,660,684,694,709
true 1,7,10,28,37,42,84,106,116,135,175,185,224,250,264,302,312,326,402,416,450,464,490,544,580,612,687
true 1,7,28,58,86,146,190,209,228,277,333,358,380,404,439,460,510,527,545,569,591,607,646,661,676,683,718
true 1,7,28,49,53,105,114,127,136,171,175,184,223,236,252,265,303,312,325,374,387,451,464,477,490,612,687
true 1,7,28,30,39,87,110,145,191,230,253,276,405,425,460,508,546,568,591,607,626,660,676,683,694,709,718
true 1,7,28,37,41,49,53,106,115,127,136,224,237,252,265,302,311,324,341,450,463,476,491,580,593,602,613
true 1,7,28,109,145,189,209,229,253,276,309,332,358,381,405,425,439,461,483,510,546,569,592,661,682,717,728
false 1,7,28,32,46,92,94,122,126,173,198,202,210,243,251,263,307,348,360,403,415,442,457,512,553,573,664
true 1,7,28,86,145,174,190,228,253,276,310,333,357,380,405,425,462,487,509,527,546,608,627,659,684,708,726
false 1,7,12,28,47,91,98,123,126,169,197,211,251,263,298,306,339,346,361,403,415,444,456,498,553,587,619
true 1,7,16,28,59,128,147,226,254,311,341,378,406,463,478,491,506,526,570,593,603,613,624,662,681,693,710
false 1,2,7,8,13,28,33,48,93,126,201,251,263,297,347,359,403,415,443,455,499,511,553,574,586,628,673
true 1,7,16,28,59,128,147,175,254,312,327,377,406,440,464,479,490,525,571,604,612,623,635,663,687,692,721
false 1,7,28,32,46,92,98,122,135,169,198,201,211,243,250,264,298,347,361,402,416,444,455,499,544,586,673
true 1,7,28,58,108,146,175,186,227,277,312,328,379,404,464,480,490,506,545,570,612,624,646,662,687,693,710
false 1,7,12,28,47,91,94,123,135,173,197,202,250,264,297,307,339,348,359,402,416,443,457,511,544,574,628
true 1,7,28,58,80,146,176,199,226,277,313,342,378,404,440,478,492,526,545,571,603,623,646,663,681,692,721
false 1,2,7,8,13,28,33,48,93,135,210,250,264,306,346,360,402,416,442,456,498,512,544,573,587,619,664
true 1,7,28,58,146,277,296,311,327,341,356,377,404,441,463,479,491,507,525,545,572,593,604,613,625,635,646
false 1,7,28,32,46,49,53,92,122,127,136,198,243,252,265,297,306,346,359,443,456,498,511,574,587,619,628
true 1,7,28,108,145,186,227,253,276,311,328,341,379,405,425,440,463,480,491,546,571,593,613,623,663,692,721
false 1,7,12,28,47,49,53,91,123,127,136,197,201,210,252,265,339,347,360,442,455,499,512,573,586,664,673
true 1,7,28,145,175,226,253,276,296,312,356,378,405,425,441,464,478,490,507,526,546,572,603,612,625,681,687
false 1,7,28,37,86,94,106,140,173,190,202,224,228,245,271,302,307,333,348,380,395,422,450,457,527,538,580
true 1,7,28,80,145,176,199,253,276,313,327,342,377,405,425,479,492,506,525,546,570,604,624,635,662,693,710
false 1,7,9,28,38,79,107,109,140,172,189,229,245,271,304,306,332,346,381,395,422,456,483,498,538,587,619
true 1,7,16,28,59,128,147,210,254,329,360,375,406,442,481,488,512,523,573,588,605,610,634,664,674,686,715
false 1,7,28,30,39,87,105,110,140,171,191,201,223,230,245,271,303,347,374,395,422,451,455,499,538,586,673
true 1,7,16,28,59,128,147,187,254,297,330,359,406,443,458,482,511,522,574,589,609,628,633,675,685,696,719
true 1,6,9,10,26,37,41,49,84,105,114,126,172,176,184,250,265,303,312,324,416,450,463,492,553,613,687
true 1,6,10,26,41,80,84,107,114,127,136,175,184,199,224,251,264,304,311,324,341,374,402,415,451,490,580
true 1,6,26,49,107,116,126,185,224,237,250,265,304,313,325,342,374,387,416,451,464,476,491,553,580,593,612
true 1,6,10,26,38,41,53,79,84,106,114,135,171,184,223,252,263,302,313,324,342,403,464,491,544,593,612
true 1,6,26,38,79,106,116,127,136,171,176,185,223,237,251,264,302,312,325,387,402,415,463,476,492,613,687
true 1,6,26,38,42,49,79,80,106,115,126,171,175,199,223,236,250,265,302,311,326,341,416,477,490,553,602
true 1,6,9,26,37,53,80,105,116,135,172,175,185,199,237,252,263,303,311,325,341,387,403,450,476,490,544
true 1,6,9,26,37,42,105,115,127,136,172,236,251,264,303,313,326,342,402,415,450,464,477,491,593,602,612
true 1,6,26,42,53,107,115,135,176,224,236,252,263,304,312,326,374,403,451,463,477,492,544,580,602,613,687
true 1,9,10,27,49,84,106,115,135,168,172,176,251,265,302,311,325,341,374,387,415,451,464,492,544,602,612
true 1,10,27,37,80,84,107,115,127,136,168,171,199,223,250,263,304,312,325,387,403,416,450,491,593,602,687
true 1,27,37,41,49,107,116,135,168,171,175,185,223,236,251,265,304,313,324,342,415,450,463,477,490,544,613
true 1,10,27,38,53,79,84,105,115,126,168,175,224,252,264,303,313,325,342,387,402,463,490,553,580,602,613
true 1,27,38,41,79,105,116,127,136,168,176,185,224,236,250,263,303,311,324,341,403,416,464,477,492,580,612
true 1,27,38,42,49,79,80,105,114,135,168,184,199,224,237,251,265,303,312,326,415,476,491,544,580,593,687
true 1,9,27,41,53,80,106,116,126,168,172,185,199,236,252,264,302,312,324,374,402,451,477,491,553,593,687
true 1,9,27,42,106,114,127,136,168,172,175,184,237,250,263,302,313,326,342,374,403,416,451,463,476,490,613
true 1,27,37,42,53,107,114,126,168,171,176,184,223,237,252,264,304,311,326,341,402,450,464,476,492,553,612
true 1,9,10,49,77,78,84,171,172,175,176,223,224,236,237,263,264,265,402,403,476,477,490,491,492,580,593
true 1,10,77,78,80,84,105,106,107,126,127,135,136,199,236,237,302,303,304,463,464,476,477,544,553,612,613
true 1,49,77,78,105,106,107,114,115,116,184,185,263,264,265,302,303,304,311,312,313,341,342,402,403,602,687
true 1,10,37,38,53,77,78,79,84,236,237,250,251,252,311,312,313,341,342,374,415,416,450,451,476,477,687
true 1,37,38,77,78,79,114,115,116,126,127,135,136,175,176,184,185,374,450,451,490,491,492,544,553,593,602
true 1,37,38,41,42,49,77,78,79,80,199,263,264,265,324,325,326,374,387,402,403,450,451,463,464,612,613
true 1,9,53,77,78,80,114,115,116,171,172,184,185,199,223,224,250,251,252,415,416,463,464,580,602,612,613
true 1,9,41,42,77,78,126,127,135,136,171,172,223,224,311,312,313,324,325,326,341,342,387,544,553,580,687
true 1,41,42,53,77,78,105,106,107,175,176,250,251,252,302,303,304,324,325,326,387,415,416,490,491,492,593
false 1,7,9,28,38,55,79,86,107,141,172,190,201,228,272,304,333,347,380,394,455,499,527,537,586,642,673
true 1,7,28,58,85,146,188,210,225,277,331,360,376,404,442,458,512,524,545,573,589,609,646,664,675,685,719
false 1,7,28,55,94,105,109,141,171,173,189,202,223,229,272,303,307,332,348,374,381,394,451,457,483,537,642
true 1,7,28,58,146,277,297,308,329,340,359,375,404,443,459,481,489,511,523,545,574,590,605,611,628,634,646
false 1,7,28,30,37,39,55,87,106,110,141,191,224,230,272,302,306,346,394,450,456,498,537,580,587,619,642
true 1,6,9,26,37,85,105,172,187,270,303,329,421,450,452,497,524,556,581,618,634,639,668,690,696,698,722
true 1,6,26,85,107,139,187,200,224,269,304,329,344,374,391,420,451,495,524,532,580,634,637,670,696,713,727
true 1,6,26,107,188,224,270,304,330,345,374,376,421,451,481,496,523,556,580,582,617,633,639,669,698,712,722
true 1,6,26,38,54,79,85,106,138,171,187,223,268,302,329,345,496,524,533,582,617,634,638,669,696,697,712
true 1,6,26,38,79,106,139,171,188,223,269,302,330,376,391,420,452,481,497,523,532,581,618,633,637,668,690
true 1,6,26,38,79,106,171,200,223,225,270,302,331,344,375,421,482,495,522,556,605,639,670,698,713,722,727
true 1,6,9,26,37,54,105,138,172,188,200,268,303,330,344,376,450,481,495,523,533,633,638,670,697,713,727
true 1,6,9,26,37,105,139,172,225,269,303,331,345,375,391,420,450,482,496,522,532,582,605,617,637,669,712
true 1,6,26,54,107,138,224,225,268,304,331,374,375,451,452,482,497,522,533,580,581,605,618,638,668,690,697
true 1,9,27,85,106,138,168,172,270,302,330,344,374,375,420,451,452,497,524,532,605,617,633,639,669,697,727
true 1,27,37,85,107,139,168,171,200,223,268,304,330,375,391,421,450,496,524,581,605,633,638,670,690,712,722
true 1,27,37,107,138,168,171,188,223,270,304,329,345,376,420,450,482,495,522,532,582,618,634,639,668,697,713
true 1,27,38,54,79,85,105,168,224,269,303,330,345,375,495,524,533,556,580,582,605,618,633,637,668,698,713
true 1,27,38,79,105,139,168,188,224,268,303,329,344,376,391,421,452,482,497,522,580,617,634,638,669,722,727
true 1,27,38,79,105,138,168,187,200,224,225,270,303,331,420,481,496,523,532,580,581,639,670,690,696,697,712
true 1,9,27,54,106,168,172,188,200,269,302,329,374,376,451,482,496,522,533,556,581,634,637,670,690,698,712
true 1,9,27,106,139,168,172,187,225,268,302,331,345,374,391,421,451,481,495,523,582,618,638,668,696,713,722
true 1,27,37,54,107,168,171,187,223,225,269,304,331,344,450,452,481,497,523,533,556,617,637,669,696,698,727
true 1,9,77,78,85,171,172,223,224,268,269,270,452,481,482,495,496,497,522,523,524,580,637,638,639,712,713
true 1,77,78,85,105,106,107,138,139,200,302,303,304,391,481,482,522,523,524,556,617,618,668,669,670,697,698
true 1,77,78,105,106,107,187,188,268,269,270,302,303,304,344,345,375,376,581,582,605,637,638,639,690,696,727
true 1,37,38,54,77,78,79,85,344,345,374,420,421,450,451,481,482,522,523,524,532,533,581,582,690,722,727
true 1,37,38,77,78,79,138,139,187,188,374,375,376,391,450,451,452,495,496,497,556,605,696,697,698,712,713
true 1,37,38,77,78,79,200,225,268,269,270,329,330,331,374,450,451,617,618,633,634,637,638,639,668,669,670
true 1,9,54,77,78,171,172,187,188,200,223,224,375,376,420,421,532,533,580,605,617,618,668,669,670,696,722
true 1,9,77,78,138,139,171,172,223,224,225,329,330,331,344,345,391,556,580,581,582,633,634,690,697,698,727
true 1,54,77,78,105,106,107,225,302,303,304,329,330,331,420,421,452,495,496,497,532,533,633,634,712,713,722
true 1,7,28,58,98,146,169,187,211,277,298,330,361,404,444,482,488,522,545,588,610,633,646,674,686,696,715
false 1,7,15,28,56,86,105,124,142,171,190,223,228,246,303,306,333,346,374,380,396,451,456,498,527,587,619
true 1,7,28,85,145,188,225,253,276,297,331,359,376,405,425,443,488,511,524,546,574,588,610,628,674,686,715
false 1,7,15,28,37,56,106,109,124,142,189,201,224,229,246,302,332,347,381,396,450,455,483,499,580,586,673
true 1,6,9,26,37,63,66,105,151,156,172,209,212,281,286,303,357,362,450,508,513,564,569,655,660,705,708
true 1,6,26,107,157,212,224,283,287,304,358,362,374,430,432,439,451,509,513,560,564,568,580,626,655,659,705
true 1,6,26,63,66,107,151,156,224,281,286,304,374,451,510,515,580,627,630,656,661,694,695,706,709,725,726
true 1,6,26,38,79,106,152,171,212,223,282,288,302,362,429,433,510,513,561,564,627,655,661,694,705,709,726
true 1,6,26,38,79,106,157,171,209,223,283,287,302,357,430,432,508,515,560,569,630,656,660,695,706,708,725
true 1,6,26,38,63,66,79,106,151,156,171,223,281,286,302,358,363,436,439,509,514,563,568,626,629,654,659
true 1,6,9,26,37,105,152,172,282,288,303,358,429,433,439,450,509,515,561,568,626,630,656,659,695,706,725
true 1,6,9,26,37,105,157,172,283,287,303,363,430,432,436,450,510,514,560,563,627,629,654,661,694,709,726
true 1,6,26,107,152,209,224,282,288,304,357,363,374,429,433,436,451,508,514,561,563,569,580,629,654,660,708
true 1,9,27,63,66,106,168,172,209,212,282,287,302,374,451,509,514,560,561,564,569,654,659,694,695,706,709
true 1,27,37,107,151,157,168,171,212,223,283,286,304,358,429,433,439,450,508,514,564,627,654,660,695,706,726
true 1,27,37,63,66,107,168,171,223,282,287,304,357,362,450,510,515,560,561,563,568,626,629,656,661,705,708
true 1,27,38,79,105,152,156,168,212,224,281,288,303,357,430,432,510,514,564,568,580,626,654,661,695,706,708
true 1,27,38,79,105,151,157,168,209,224,283,286,303,362,429,433,509,515,563,569,580,629,656,659,694,705,709
true 1,27,38,63,66,79,105,168,224,282,287,303,358,363,436,439,508,513,560,561,580,627,630,655,660,725,726
true 1,9,27,106,152,156,168,172,281,288,302,358,362,374,430,432,439,451,508,515,563,627,629,656,660,705,726
true 1,9,27,106,151,157,168,172,283,286,302,357,363,374,429,433,436,451,510,513,568,626,630,655,661,708,725
true 1,27,37,107,152,156,168,171,209,223,281,288,304,363,430,432,436,450,509,513,569,630,655,659,694,709,725
true 1,9,63,66,77,78,171,172,209,212,223,224,429,430,432,433,563,564,568,569,580,626,627,629,630,725,726
true 1,77,78,105,106,107,156,157,212,281,282,283,302,303,304,357,358,439,561,563,564,629,630,694,708,709,725
true 1,63,66,77,78,105,106,107,302,303,304,429,430,432,433,508,509,510,513,514,515,654,655,656,659,660,661
true 1,37,38,77,78,79,151,152,212,286,287,288,374,450,451,508,509,510,560,563,564,629,630,659,660,661,725
true 1,37,38,77,78,79,156,157,209,281,282,283,374,450,451,513,514,515,561,568,569,626,627,654,655,656,726
true 1,37,38,63,66,77,78,79,357,358,362,363,374,429,430,432,433,436,439,450,451,694,695,705,706,708,709
true 1,9,77,78,151,152,171,172,223,224,286,287,288,357,358,439,513,514,515,560,580,654,655,656,694,708,709
true 1,9,77,78,156,157,171,172,223,224,281,282,283,362,363,436,508,509,510,561,580,659,660,661,695,705,706
true 1,77,78,105,106,107,151,152,209,286,287,288,302,303,304,362,363,436,560,568,569,626,627,695,705,706,726
true 1,7,28,98,145,169,211,253,276,298,329,361,375,405,425,444,458,481,523,546,589,605,609,634,675,685,719
true 1,6,9,11,26,37,44,50,57,105,119,129,143,172,179,193,203,255,273,303,317,335,349,450,468,484,500
true 1,6,11,26,44,81,107,119,130,178,193,224,256,275,304,316,335,350,374,407,424,451,484,501,557,580,620
true 1,6,26,50,57,107,121,129,143,224,242,255,273,304,318,336,374,390,451,469,485,502,580,596,606,621,691
true 1,6,11,26,38,44,79,106,119,144,171,193,223,257,274,302,318,335,408,423,469,484,502,547,596,621,691
true 1,6,26,38,79,106,121,130,171,179,203,223,242,256,275,302,317,336,349,390,407,424,468,485,500,557,606
true 1,6,26,38,45,50,57,79,81,88,106,120,129,143,171,178,192,223,241,255,273,302,316,334,350,501,620
true 1,6,9,26,37,81,105,121,144,172,178,242,257,274,303,316,336,350,390,408,423,450,485,501,547,606,620
true 1,6,9,26,37,45,88,105,120,130,172,192,241,256,275,303,318,334,407,424,450,469,502,557,596,621,691
true 1,6,26,45,88,107,120,144,179,192,203,224,241,257,274,304,317,334,349,374,408,423,451,468,500,547,580
true 1,9,11,27,50,57,106,120,168,172,179,193,203,256,274,302,316,334,374,390,451,469,485,501,547,557,691
true 1,11,27,37,81,107,120,130,143,168,171,193,223,255,275,304,317,334,350,390,408,423,450,485,500,596,621
true 1,27,37,44,50,57,107,121,168,171,178,192,223,241,256,274,304,318,336,349,450,468,484,502,547,557,620
true 1,11,27,38,79,105,120,129,144,168,178,193,224,257,273,303,318,334,349,390,407,424,468,485,502,580,620
true 1,27,38,44,79,105,121,130,143,168,179,192,203,224,241,255,275,303,316,336,408,423,469,484,501,580,691
true 1,27,38,45,50,57,79,81,88,105,119,168,224,242,256,274,303,317,335,350,500,547,557,580,596,606,621
true 1,9,27,44,81,106,121,129,144,168,172,192,241,257,273,302,317,336,350,374,407,424,451,484,500,596,621
true 1,9,27,45,88,106,119,130,143,168,172,178,242,255,275,302,318,335,349,374,408,423,451,468,502,606,620
true 1,27,37,45,88,107,119,129,144,168,171,179,203,223,242,257,273,304,316,335,407,424,450,469,501,606,691
true 1,9,11,50,57,77,78,171,172,178,179,192,193,203,223,224,241,242,407,408,423,424,580,596,606,620,621
true 1,11,77,78,81,105,106,107,129,130,192,193,241,242,273,274,275,302,303,304,349,350,468,469,547,606,691
true 1,50,57,77,78,105,106,107,119,120,121,302,303,304,316,317,318,334,335,336,407,408,423,424,500,501,502
true 1,11,37,38,77,78,79,143,144,192,193,241,242,255,256,257,316,317,318,374,450,451,500,501,502,557,606
true 1,37,38,77,78,79,119,120,121,129,130,178,179,203,273,274,275,334,335,336,374,450,451,547,596,620,621
true 1,37,38,44,45,50,57,77,78,79,81,88,349,350,374,390,407,408,423,424,450,451,468,469,484,485,691
true 1,9,77,78,81,119,120,121,143,144,171,172,223,224,255,256,257,334,335,336,349,350,468,469,557,580,691
true 1,9,44,45,77,78,88,129,130,171,172,223,224,273,274,275,316,317,318,390,484,485,500,501,502,547,580
true 1,44,45,77,78,88,105,106,107,143,144,178,179,203,255,256,257,302,303,304,390,484,485,557,596,620,621
true 1,7,28,29,34,83,97,114,140,182,184,208,210,236,245,271,325,360,387,395,422,442,477,512,538,573,664
true 1,7,28,145,187,210,253,276,308,330,340,360,405,425,442,459,482,489,512,522,546,573,590,611,633,664,696
false 1,7,28,50,57,109,130,144,189,229,257,275,332,381,483,488,506,570,588,610,624,662,674,686,693,710,715
false 1,7,28,50,57,86,130,144,190,228,257,275,333,380,440,458,527,571,589,609,623,663,675,685,692,719,721
true 1,6,10,26,29,41,56,82,84,114,124,141,180,184,208,245,271,298,324,355,361,394,443,505,512,573,628
true 1,6,10,15,26,34,41,55,84,96,114,140,182,184,206,211,246,320,324,360,395,444,470,511,537,574,664
true 1,6,26,56,83,97,116,124,141,181,185,207,211,237,245,271,319,325,354,360,387,394,444,476,511,574,664
true 1,6,10,26,41,83,84,97,98,114,142,169,181,184,207,210,272,297,319,324,354,359,396,422,442,538,642
true 1,6,15,26,29,55,82,98,116,140,169,180,185,208,210,237,246,297,325,355,359,387,395,442,476,505,537
true 1,6,26,34,42,56,96,98,115,124,141,169,182,206,210,236,245,271,297,320,326,359,394,442,470,477,602
true 1,6,26,34,96,116,142,182,185,206,237,272,298,320,325,361,387,396,422,443,470,476,512,538,573,628,642
true 1,6,15,26,42,55,83,97,115,140,181,207,236,246,298,319,326,354,361,395,443,477,512,537,573,602,628
true 1,6,26,29,42,82,115,142,180,208,211,236,272,326,355,360,396,422,444,477,505,511,538,574,602,642,664
true 1,10,27,29,56,84,96,115,124,140,168,181,208,210,272,298,325,354,361,387,395,442,470,511,574,602,642
true 1,10,15,27,34,82,84,115,141,168,182,207,211,246,297,319,325,359,387,394,422,444,505,512,538,573,602
true 1,27,41,56,83,97,116,124,140,168,180,185,206,211,236,272,297,320,324,355,359,395,444,477,512,573,642
true 1,10,27,55,83,84,97,98,115,142,168,169,180,206,245,271,320,325,355,360,387,396,443,537,602,628,664
true 1,15,27,29,41,96,98,116,141,168,169,181,185,208,236,246,324,354,360,394,422,443,470,477,538,628,664
true 1,27,34,42,56,82,98,114,124,140,168,169,182,184,207,237,272,319,326,360,395,443,476,505,628,642,664
true 1,27,34,41,55,82,116,142,168,182,185,207,210,236,245,271,298,319,324,361,396,442,477,505,511,537,574
true 1,15,27,42,83,97,114,141,168,180,184,206,210,237,246,298,320,326,355,361,394,422,442,476,511,538,574
true 1,27,29,42,55,96,114,142,168,181,184,208,211,237,245,271,297,326,354,359,396,444,470,476,512,537,573
true 1,10,29,55,56,77,78,84,124,206,207,208,236,237,297,298,319,320,359,360,361,422,476,477,537,538,664
true 1,10,15,34,77,78,84,180,181,182,210,211,236,237,245,246,271,272,354,355,442,443,444,476,477,628,642
true 1,55,56,77,78,82,83,96,97,114,115,116,124,184,185,210,211,422,442,443,444,470,505,537,538,602,628
true 1,10,77,78,82,83,84,96,97,98,140,141,142,169,236,237,394,395,396,470,476,477,505,511,512,573,574
true 1,15,29,77,78,98,114,115,116,169,184,185,206,207,208,245,246,271,272,319,320,511,512,573,574,602,642
true 1,34,41,42,55,56,77,78,98,124,169,180,181,182,324,325,326,354,355,387,422,511,512,537,538,573,574
true 1,34,77,78,114,115,116,140,141,142,180,181,182,184,185,297,298,354,355,359,360,361,394,395,396,602,664
true 1,15,41,42,77,78,82,83,96,97,245,246,271,272,297,298,324,325,326,359,360,361,387,470,505,642,664
true 1,29,41,42,77,78,140,141,142,206,207,208,210,211,319,320,324,325,326,387,394,395,396,442,443,444,628
false 1,7,28,30,39,87,110,143,191,230,255,274,407,424,458,506,547,570,589,609,624,662,675,685,693,710,719
false 1,7,28,109,143,189,229,255,274,308,332,340,381,407,424,440,459,483,489,547,571,590,611,623,663,692,721
false 1,7,28,86,143,190,228,255,274,296,333,356,380,407,424,441,488,507,527,547,572,588,610,625,674,686,715
false 1,7,28,30,39,87,110,129,191,230,256,273,408,423,440,488,557,571,588,610,623,663,674,686,692,715,721
false 1,7,28,109,129,189,229,256,273,296,332,356,381,408,423,441,458,483,507,557,572,589,609,625,675,685,719
false 1,7,28,86,129,190,228,256,273,308,333,340,380,408,423,459,489,506,527,557,570,590,611,624,662,693,710
true 1,6,20,26,29,67,82,150,158,174,180,208,279,309,355,426,452,460,497,505,581,618,668,684,690,718,728
true 1,6,26,68,83,97,159,181,207,289,319,354,428,452,462,487,497,559,581,592,607,618,651,668,676,682,690
true 1,6,20,26,67,83,97,150,158,181,207,279,310,319,345,354,426,461,496,582,591,608,617,669,683,712,717
true 1,6,26,34,96,160,182,206,280,290,310,320,427,434,452,461,470,497,558,581,591,608,618,668,683,690,717
true 1,6,26,34,68,96,159,174,182,206,289,309,320,345,428,460,470,496,559,582,617,651,669,684,712,718,728
true 1,6,20,26,34,67,96,150,158,182,200,206,279,320,344,426,462,470,487,495,592,607,670,676,682,713,727
true 1,6,26,29,82,160,180,208,280,290,345,355,427,434,462,487,496,505,558,582,592,607,617,669,676,682,712
true 1,6,26,29,68,82,159,180,200,208,289,310,344,355,428,461,495,505,559,591,608,651,670,683,713,717,727
true 1,6,26,83,97,160,174,181,200,207,280,290,309,319,344,354,427,434,460,495,558,670,684,713,718,727,728
true 1,20,27,29,96,150,159,168,174,181,208,344,354,427,434,452,461,470,497,607,617,651,669,676,684,717,727
true 1,27,68,83,97,158,168,180,206,279,290,309,320,344,355,428,452,462,487,497,558,591,617,669,683,727,728
true 1,20,27,83,97,150,159,168,180,206,310,320,345,355,427,434,460,495,582,592,608,618,651,668,682,713,718
true 1,27,34,67,82,160,168,182,207,280,289,310,319,344,426,452,460,497,505,559,592,608,617,669,682,718,727
true 1,27,34,68,82,158,168,174,182,207,279,290,319,345,428,461,495,505,558,582,607,618,668,676,684,713,717
true 1,20,27,34,82,150,159,168,182,200,207,309,319,427,434,462,487,496,505,581,591,651,670,683,690,712,728
true 1,27,29,67,96,160,168,181,208,280,289,309,345,354,426,462,470,487,495,559,582,591,618,668,683,713,728
true 1,27,29,68,96,158,168,181,200,208,279,290,310,354,428,460,470,496,558,581,592,608,670,682,690,712,718
true 1,27,67,83,97,160,168,174,180,200,206,280,289,320,355,426,461,496,559,581,607,670,676,684,690,712,717
true 1,20,29,77,78,150,174,206,207,208,289,290,319,320,452,495,496,497,558,559,591,592,682,683,684,712,713
true 1,67,68,77,78,82,83,96,97,426,427,428,434,452,460,461,462,470,487,495,496,497,505,712,713,717,718
true 1,20,77,78,82,83,96,97,150,289,290,309,310,344,345,470,505,558,559,581,582,607,608,676,690,727,728
true 1,34,77,78,158,159,160,180,181,182,279,280,309,310,354,355,452,495,496,497,607,608,651,676,712,713,728
true 1,34,67,68,77,78,174,180,181,182,344,345,354,355,426,427,428,434,581,582,591,592,682,683,684,690,727
true 1,20,34,77,78,150,180,181,182,200,289,290,354,355,460,461,462,487,558,559,617,618,668,669,670,717,718
true 1,29,77,78,158,159,160,206,207,208,279,280,319,320,344,345,460,461,462,487,581,582,651,690,717,718,727
true 1,29,67,68,77,78,200,206,207,208,309,310,319,320,426,427,428,434,607,608,617,618,668,669,670,676,728
true 1,77,78,82,83,96,97,158,159,160,174,200,279,280,470,505,591,592,617,618,651,668,669,670,682,683,684
false 1,7,28,50,57,130,144,210,226,257,275,360,378,442,460,478,512,526,573,591,603,607,664,676,681,683,718
true 1,6,26,29,82,108,180,208,212,226,262,328,355,362,377,398,413,479,505,513,540,551,564,603,643,655,705
true 1,6,26,34,96,108,134,182,206,226,261,320,328,377,412,470,479,515,541,603,630,644,656,695,700,706,725
true 1,6,26,83,97,181,207,262,319,354,379,398,413,480,515,526,540,551,604,630,635,643,656,681,695,706,725
true 1,6,26,83,97,108,181,207,226,247,319,328,354,363,377,397,414,436,479,514,539,552,563,603,629,649,654
true 1,6,26,29,82,134,180,208,261,355,363,379,412,436,480,505,514,526,541,563,604,629,635,644,654,681,700
true 1,6,26,34,96,182,186,206,227,262,320,327,363,378,398,413,436,470,478,514,525,540,551,563,629,643,654
true 1,6,26,34,96,182,206,212,247,320,362,379,397,414,470,480,513,526,539,552,564,604,635,649,655,681,705
true 1,6,26,83,97,134,181,186,207,212,227,261,319,327,354,362,378,412,478,513,525,541,564,644,655,700,705
true 1,6,26,29,82,180,186,208,227,247,327,355,378,397,414,478,505,515,525,539,552,630,649,656,695,706,725
true 1,27,29,96,108,168,181,208,212,262,328,354,378,398,412,470,478,514,539,552,564,604,635,644,654,695,706
true 1,27,34,82,108,134,168,182,207,319,328,362,378,397,413,478,505,515,541,563,604,629,635,643,649,656,705
true 1,27,83,97,168,180,206,226,262,320,327,355,362,379,398,412,480,515,525,539,552,563,603,629,644,656,705
true 1,27,83,97,108,168,180,206,247,261,320,328,355,363,378,414,436,478,513,540,551,604,630,635,655,700,725
true 1,27,29,96,134,168,181,208,226,327,354,363,379,397,413,436,470,480,513,525,541,603,630,643,649,655,725
true 1,27,34,82,168,182,186,207,227,262,319,363,377,398,412,436,479,505,513,526,539,552,630,644,655,681,725
true 1,27,34,82,168,182,207,212,226,247,261,319,327,379,414,480,505,514,525,540,551,564,603,654,695,700,706
true 1,27,83,97,134,168,180,186,206,212,227,320,355,377,397,413,479,514,526,541,564,643,649,654,681,695,706
true 1,27,29,96,168,181,186,208,227,247,261,354,362,377,414,470,479,515,526,540,551,563,629,656,681,700,705
true 1,29,77,78,108,206,207,208,212,261,262,319,320,327,328,397,398,525,526,563,564,629,630,649,681,700,725
true 1,34,77,78,108,134,180,181,182,327,328,354,355,513,514,515,525,526,539,540,541,551,552,654,655,656,681
true 1,77,78,82,83,96,97,261,262,377,378,379,397,398,470,478,479,480,505,513,514,515,649,654,655,656,700
true 1,77,78,82,83,96,97,108,247,327,328,362,363,412,413,414,436,470,505,525,526,643,644,681,695,705,706
true 1,29,77,78,134,206,207,208,319,320,362,363,377,378,379,436,478,479,480,539,540,541,551,552,695,705,706
true 1,34,77,78,180,181,182,186,226,227,261,262,354,355,362,363,397,398,436,603,604,635,649,695,700,705,706
true 1,34,77,78,180,181,182,212,247,354,355,377,378,379,412,413,414,478,479,480,563,564,629,630,643,644,725
true 1,77,78,82,83,96,97,134,186,212,226,227,470,505,539,540,541,551,552,563,564,603,604,629,630,635,725
true 1,29,77,78,186,206,207,208,226,227,247,319,320,412,413,414,513,514,515,603,604,635,643,644,654,655,656
false 1,7,28,50,57,130,144,257,275,297,309,327,359,377,443,461,479,511,525,574,592,604,628,635,682,717,728
false 1,7,28,108,143,186,210,227,255,274,309,328,360,379,407,424,442,461,480,512,547,573,592,664,682,717,728
false 1,7,28,143,174,226,255,274,297,310,359,378,407,424,443,462,478,487,511,526,547,574,603,608,628,681,684
false 1,7,28,98,143,169,211,255,274,298,327,361,377,407,424,444,460,479,525,547,591,604,607,635,676,683,718
true 1,6,26,29,31,50,57,82,89,129,143,180,194,208,222,240,255,273,299,355,373,389,445,505,521,531,575
true 1,6,26,31,34,89,96,104,130,182,194,206,221,240,256,275,320,372,389,407,424,446,470,531,557,576,665
true 1,6,26,50,57,83,90,97,104,118,129,143,181,195,207,221,239,255,273,319,337,354,372,388,446,576,665
true 1,6,26,31,36,83,89,97,103,144,181,194,207,220,240,257,274,319,354,389,408,423,531,547,577,666,711
true 1,6,26,29,36,82,90,103,118,130,180,195,208,220,239,256,275,337,355,388,407,424,505,557,577,666,711
true 1,6,26,34,36,43,50,57,96,103,117,129,143,182,196,206,220,238,255,273,320,338,470,486,577,666,711
true 1,6,26,34,90,96,118,144,182,195,206,222,239,257,274,299,320,337,373,388,408,423,445,470,521,547,575
true 1,6,26,43,83,97,117,130,181,196,207,222,238,256,275,299,319,338,354,373,407,424,445,486,521,557,575
true 1,6,26,29,43,82,104,117,144,180,196,208,221,238,257,274,338,355,372,408,423,446,486,505,547,576,665
true 1,27,29,31,50,57,96,103,117,168,181,195,208,222,240,256,274,299,354,372,388,470,486,547,557,576,711
true 1,27,31,34,82,104,117,130,143,168,182,195,207,220,240,255,275,319,373,388,408,423,446,486,505,575,666
true 1,27,50,57,83,90,97,104,118,168,180,194,206,220,238,256,274,320,338,355,373,389,446,547,557,575,666
true 1,27,31,36,83,97,117,129,144,168,180,195,206,221,240,257,273,320,355,388,407,424,445,486,521,577,665
true 1,27,29,36,90,96,118,130,143,168,181,194,208,221,238,255,275,338,354,389,408,423,445,470,521,577,665
true 1,27,34,36,43,50,57,82,89,168,182,196,207,221,239,256,274,319,337,445,505,521,531,547,557,577,665
true 1,27,34,82,90,103,118,129,144,168,182,194,207,222,238,257,273,299,319,338,372,389,407,424,505,576,711
true 1,27,43,83,89,97,103,130,143,168,180,196,206,222,239,255,275,299,320,337,355,372,408,423,531,576,711
true 1,27,29,43,89,96,104,129,144,168,181,196,208,220,239,257,273,337,354,373,407,424,446,470,531,575,666
true 1,29,31,50,57,77,78,206,207,208,220,221,222,238,239,240,299,319,320,337,338,407,408,423,424,665,666
true 1,31,34,77,78,103,104,129,130,180,181,182,238,239,240,273,274,275,337,338,354,355,445,446,521,547,711
true 1,50,57,77,78,82,83,89,90,96,97,103,104,117,118,407,408,423,424,445,446,470,486,505,521,531,711
true 1,31,36,77,78,82,83,96,97,143,144,238,239,240,255,256,257,337,338,372,373,470,505,557,575,576,577
true 1,29,36,77,78,89,90,117,118,129,130,206,207,208,273,274,275,319,320,372,373,486,531,547,575,576,577
true 1,34,36,43,50,57,77,78,180,181,182,194,195,196,354,355,372,373,388,389,407,408,423,424,575,576,577
true 1,34,77,78,89,90,117,118,143,144,180,181,182,220,221,222,255,256,257,299,354,355,486,531,557,665,666
true 1,43,77,78,82,83,96,97,129,130,194,195,196,220,221,222,273,274,275,299,388,389,470,505,547,665,666
true 1,29,43,77,78,103,104,143,144,194,195,196,206,207,208,255,256,257,319,320,388,389,445,446,521,557,711
false 1,7,28,108,129,186,227,256,273,297,328,359,379,408,423,443,460,480,511,557,574,591,607,628,676,683,718
true 1,6,26,35,36,63,66,100,103,151,156,215,220,281,286,356,506,567,572,577,623,658,663,666,707,710,711
true 1,6,26,35,100,157,215,222,283,287,299,373,430,432,441,445,507,521,560,567,571,575,624,658,662,692,707
true 1,6,26,63,66,151,156,217,222,281,286,295,296,299,368,373,437,440,445,518,521,565,570,575,625,693,721
true 1,6,26,35,100,104,152,215,221,282,288,296,372,429,433,440,446,561,567,570,576,625,658,665,693,707,721
true 1,6,26,104,157,217,221,283,287,295,356,368,372,430,432,437,446,506,518,560,565,572,576,623,663,665,710
true 1,6,26,63,66,101,104,151,156,216,221,281,286,367,372,438,441,446,507,566,571,576,624,657,662,665,692
true 1,6,26,36,103,152,217,220,282,288,295,368,429,433,437,441,507,518,561,565,571,577,624,662,666,692,711
true 1,6,26,36,101,103,157,216,220,283,287,296,367,430,432,438,440,560,566,570,577,625,657,666,693,711,721
true 1,6,26,101,152,216,222,282,288,299,356,367,373,429,433,438,445,506,521,561,566,572,575,623,657,663,710
true 1,27,35,36,63,66,168,216,221,282,287,356,437,440,445,518,521,560,561,567,572,577,624,657,662,665,721
true 1,27,35,103,151,157,168,216,222,283,286,299,372,429,433,437,441,507,518,567,570,576,623,657,663,693,711
true 1,27,63,66,100,103,168,217,222,282,287,295,296,299,367,372,506,560,561,566,571,576,625,692,707,710,711
true 1,27,35,104,152,156,168,216,220,281,288,296,373,430,432,437,446,506,518,567,571,575,625,657,666,692,710
true 1,27,100,104,151,157,168,217,220,283,286,295,356,367,373,429,433,440,446,566,572,575,624,662,666,707,721
true 1,27,63,66,101,104,168,215,220,282,287,368,373,438,441,446,507,560,561,565,570,575,623,658,663,666,693
true 1,27,36,100,152,156,168,217,221,281,288,295,367,430,432,441,445,507,521,566,570,577,623,663,665,693,707
true 1,27,36,101,151,157,168,215,221,283,286,296,368,429,433,438,445,506,521,565,571,577,625,658,665,692,710
true 1,27,101,103,152,156,168,215,222,281,288,299,356,368,372,430,432,438,440,565,572,576,624,658,662,711,721
true 1,35,36,63,66,77,78,356,367,368,372,373,429,430,432,433,565,566,567,570,571,572,575,576,577,692,693
true 1,35,77,78,156,157,220,221,222,281,282,283,299,367,368,440,441,506,507,561,565,566,567,665,666,710,721
true 1,63,66,77,78,215,216,217,220,221,222,295,296,299,429,430,432,433,623,624,625,657,658,662,663,665,666
true 1,35,77,78,103,104,151,152,286,287,288,296,367,368,445,446,521,560,565,566,567,623,624,625,662,663,711
true 1,77,78,103,104,156,157,215,216,217,281,282,283,295,356,445,446,521,561,570,571,572,657,658,692,693,711
true 1,63,66,77,78,100,101,103,104,429,430,432,433,437,438,440,441,445,446,506,507,518,521,707,710,711,721
true 1,36,77,78,151,152,215,216,217,286,287,288,295,372,373,440,441,506,507,560,575,576,577,657,658,710,721
true 1,36,77,78,100,101,156,157,281,282,283,296,372,373,437,438,518,561,575,576,577,623,624,625,662,663,707
true 1,77,78,100,101,151,152,220,221,222,286,287,288,299,356,437,438,518,560,570,571,572,665,666,692,693,707
false 1,7,28,98,129,169,211,226,256,273,298,309,361,378,408,423,444,461,478,526,557,592,603,681,682,717,728
false 1,7,28,129,174,210,256,273,310,327,360,377,408,423,442,462,479,487,512,525,557,573,604,608,635,664,684
false 1,7,28,50,57,130,144,257,275,311,329,341,357,375,463,481,491,509,523,593,605,613,627,634,659,708,726
true 1,6,26,35,85,95,100,177,187,204,215,247,314,329,351,397,414,465,524,539,552,567,634,649,658,696,707
true 1,6,26,85,187,205,217,262,295,329,352,368,398,413,437,467,503,518,524,540,551,565,595,634,643,677,696
true 1,6,26,188,217,247,295,315,330,353,368,376,397,414,437,466,481,504,518,523,539,552,565,594,622,633,649
true 1,6,26,85,101,134,187,216,261,315,329,353,367,412,438,466,504,524,541,566,594,622,634,644,657,696,700
true 1,6,26,95,101,177,188,204,216,262,314,330,351,367,376,398,413,438,465,481,523,540,551,566,633,643,657
true 1,6,26,101,205,216,225,247,331,352,367,375,397,414,438,467,482,503,522,539,552,566,595,605,649,657,677
true 1,6,26,35,100,134,188,205,215,261,330,352,376,412,467,481,503,523,541,567,595,633,644,658,677,700,707
true 1,6,26,35,100,215,225,262,315,331,353,375,398,413,466,482,504,522,540,551,567,594,605,622,643,658,707
true 1,6,26,95,134,177,204,217,225,261,295,314,331,351,368,375,412,437,465,482,518,522,541,565,605,644,700
true 1,27,35,85,95,168,177,216,247,261,330,352,375,414,437,466,518,524,540,551,567,605,622,633,657,677,700
true 1,27,85,100,168,205,217,262,295,314,330,351,367,375,398,412,467,504,524,539,552,566,594,605,633,644,707
true 1,27,100,168,188,204,217,247,261,295,315,329,353,367,376,414,465,482,503,522,540,551,566,595,634,700,707
true 1,27,85,101,134,168,204,215,315,330,353,368,375,397,413,438,465,503,524,541,565,595,605,633,643,649,658
true 1,27,95,101,168,177,188,215,262,329,352,368,376,398,412,438,466,482,522,539,552,565,622,634,644,658,677
true 1,27,101,168,187,205,215,225,247,261,314,331,351,368,414,438,467,481,504,523,540,551,565,594,658,696,700
true 1,27,35,134,168,188,205,216,314,329,351,376,397,413,437,467,482,504,518,522,541,567,594,634,643,649,657
true 1,27,35,168,187,204,216,225,262,315,331,353,398,412,437,465,481,503,518,523,539,552,567,595,644,657,696
true 1,27,95,100,134,168,177,187,217,225,295,331,352,367,397,413,466,481,523,541,566,622,643,649,677,696,707
true 1,35,77,78,85,95,177,247,367,368,412,413,414,481,482,503,504,522,523,524,565,566,567,594,595,643,644
true 1,77,78,85,204,205,215,216,217,261,262,295,397,398,465,466,467,481,482,522,523,524,622,649,657,658,700
true 1,77,78,187,188,215,216,217,247,295,314,315,351,352,353,375,376,412,413,414,605,643,644,657,658,677,696
true 1,77,78,85,100,101,134,314,315,351,352,353,437,438,481,482,518,522,523,524,539,540,541,551,552,677,707
true 1,77,78,95,100,101,177,187,188,261,262,375,376,397,398,437,438,503,504,518,594,595,605,649,696,700,707
true 1,77,78,100,101,204,205,225,247,329,330,331,412,413,414,437,438,465,466,467,518,622,633,634,643,644,707
true 1,35,77,78,134,187,188,204,205,367,368,375,376,465,466,467,539,540,541,551,552,565,566,567,605,622,696
true 1,35,77,78,225,261,262,314,315,329,330,331,351,352,353,367,368,397,398,565,566,567,633,634,649,677,700
true 1,77,78,95,134,177,215,216,217,225,295,329,330,331,503,504,539,540,541,551,552,594,595,633,634,657,658
false 1,7,28,50,57,130,144,175,187,257,275,312,330,464,482,490,508,522,568,612,626,633,660,687,694,696,709
false 1,7,28,85,143,175,188,225,255,274,312,331,357,376,407,424,464,490,509,524,547,612,627,659,687,708,726
false 1,7,28,80,143,176,199,255,274,313,329,342,375,407,424,481,492,508,523,547,568,605,626,634,660,694,709
true 1,6,11,26,35,44,100,119,137,193,215,266,310,335,393,417,461,484,535,567,591,608,640,658,683,707,717
true 1,6,11,26,44,119,174,193,217,295,309,335,368,419,437,460,484,518,536,555,565,641,650,684,699,718,728
true 1,6,26,121,137,217,242,266,295,336,368,390,393,417,437,462,485,487,518,535,565,592,606,607,640,676,682
true 1,6,11,26,44,101,119,193,216,244,267,335,367,392,418,438,462,484,487,534,554,566,592,607,657,676,682
true 1,6,26,101,121,216,242,310,336,367,390,419,438,461,485,536,555,566,591,606,608,641,650,657,683,699,717
true 1,6,26,45,88,101,120,137,174,192,216,241,266,309,334,367,393,417,438,460,535,566,640,657,684,718,728
true 1,6,26,35,100,121,174,215,242,244,267,309,336,390,392,418,460,485,534,554,567,606,658,684,707,718,728
true 1,6,26,35,45,88,100,120,192,215,241,334,419,462,487,536,555,567,592,607,641,650,658,676,682,699,707
true 1,6,26,45,88,120,192,217,241,244,267,295,310,334,368,392,418,437,461,518,534,554,565,591,608,683,717
true 1,11,27,35,120,137,168,193,216,310,334,390,393,418,437,460,485,518,534,567,592,608,641,650,657,682,718
true 1,11,27,100,120,168,174,193,217,266,295,334,367,390,392,419,461,485,536,554,566,607,640,676,684,707,717
true 1,27,44,100,121,137,168,192,217,241,295,309,336,367,393,418,462,484,487,534,566,591,641,650,683,707,728
true 1,11,27,101,120,168,193,215,244,267,309,334,368,390,417,438,462,485,487,535,555,565,591,658,683,699,728
true 1,27,44,101,121,168,192,215,241,266,310,336,368,392,419,438,460,484,536,554,565,592,608,640,658,682,718
true 1,27,45,88,101,119,137,168,174,215,242,335,368,393,418,438,461,534,565,606,607,641,650,658,676,684,717
true 1,27,35,44,121,168,174,192,216,241,244,267,336,417,437,461,484,518,535,555,567,607,657,676,684,699,717
true 1,27,35,45,88,119,168,216,242,266,309,335,392,419,437,462,487,518,536,554,567,591,606,640,657,683,728
true 1,27,45,88,100,119,168,217,242,244,267,295,310,335,367,417,460,535,555,566,592,606,608,682,699,707,718
true 1,11,35,77,78,137,192,193,241,242,309,310,367,368,392,393,554,555,565,566,567,606,607,608,676,699,728
true 1,11,77,78,174,192,193,215,216,217,241,242,295,417,418,419,534,535,536,591,592,606,657,658,682,683,684
true 1,77,78,119,120,121,137,215,216,217,295,334,335,336,392,393,460,461,462,487,554,555,657,658,699,717,718
true 1,11,77,78,100,101,192,193,241,242,244,266,267,437,438,460,461,462,487,518,606,640,641,650,707,717,718
true 1,77,78,100,101,119,120,121,309,310,334,335,336,417,418,419,437,438,518,534,535,536,607,608,676,707,728
true 1,44,45,77,78,88,100,101,137,174,390,392,393,437,438,484,485,518,554,555,591,592,682,683,684,699,707
true 1,35,77,78,119,120,121,174,244,266,267,334,335,336,367,368,565,566,567,591,592,640,641,650,682,683,684
true 1,35,44,45,77,78,88,367,368,390,417,418,419,460,461,462,484,485,487,534,535,536,565,566,567,717,718
true 1,44,45,77,78,88,215,216,217,244,266,267,295,309,310,390,484,485,607,608,640,641,650,657,658,676,728
false 1,7,28,143,187,209,255,274,311,330,341,358,407,424,439,463,482,491,510,522,547,569,593,613,633,661,696
false 1,7,28,85,129,188,225,256,273,311,331,341,376,408,423,463,491,508,524,557,568,593,613,626,660,694,709
false 1,7,28,129,175,209,256,273,312,329,358,375,408,423,439,464,481,490,510,523,557,569,605,612,634,661,687
false 1,7,28,80,129,176,187,199,256,273,313,330,342,357,408,423,482,492,509,522,557,627,633,659,696,708,726
true 1,6,16,26,58,80,128,145,175,199,253,311,341,379,404,441,480,490,507,526,571,604,624,635,662,681,692
true 1,6,26,147,254,277,313,342,356,379,405,425,464,480,491,506,526,545,572,593,604,612,623,635,663,681,710
true 1,6,16,26,58,128,145,176,186,227,253,312,327,356,378,404,463,478,492,506,525,572,613,623,663,687,710
true 1,6,26,59,146,176,276,296,312,379,406,440,463,480,492,526,546,570,604,613,625,635,646,681,687,693,721
true 1,6,26,80,147,175,186,199,227,254,277,296,311,327,341,378,405,425,440,478,490,525,545,570,625,693,721
true 1,6,16,26,58,108,128,145,226,253,296,313,328,342,377,404,440,464,479,491,570,593,603,612,625,693,721
true 1,6,26,59,146,186,227,276,313,327,342,378,406,441,464,478,491,507,525,546,571,593,612,624,646,662,692
true 1,6,26,108,147,176,226,254,277,312,328,377,405,425,441,463,479,492,507,545,571,603,613,624,662,687,692
true 1,6,26,59,80,108,146,175,199,226,276,311,328,341,356,377,406,479,490,506,546,572,603,623,646,663,710
true 1,16,27,80,128,146,168,199,226,312,327,379,405,425,441,480,491,507,525,570,593,603,623,646,663,687,693
true 1,27,58,147,168,175,226,254,276,313,327,342,356,379,404,440,463,480,490,525,546,572,603,613,624,662,721
true 1,16,27,128,146,168,176,186,227,311,341,356,377,405,425,440,464,479,492,526,572,612,624,646,662,681,721
true 1,27,59,145,168,176,226,253,277,296,311,327,341,379,406,464,480,492,506,525,545,571,603,612,625,692,710
true 1,27,58,80,147,168,186,199,227,254,276,296,312,377,404,479,491,506,526,546,571,593,625,681,687,692,710
true 1,16,27,108,128,146,168,175,296,313,328,342,378,405,425,463,478,490,506,571,604,613,625,635,646,692,710
true 1,27,59,145,168,175,186,227,253,277,313,342,377,406,441,463,479,490,507,526,545,570,613,623,663,681,693
true 1,27,58,108,147,168,176,254,276,311,328,341,378,404,441,464,478,492,507,546,570,604,612,623,635,663,693
true 1,27,59,80,108,145,168,199,253,277,312,328,356,378,406,440,478,491,545,572,593,604,624,635,662,687,721
true 1,16,77,78,80,128,199,276,277,377,378,379,440,441,463,464,478,479,480,506,507,545,546,612,613,710,721
true 1,77,78,145,146,147,253,254,311,312,313,341,342,356,377,378,379,478,479,480,570,571,572,646,687,692,693
true 1,16,77,78,128,175,176,186,226,227,276,277,356,490,491,492,545,546,570,571,572,593,603,604,635,692,693
true 1,58,59,77,78,175,176,296,377,378,379,404,405,406,425,478,479,480,490,491,492,593,623,624,625,662,663
true 1,77,78,80,145,146,147,186,199,226,227,253,254,296,463,464,603,604,612,613,623,624,625,635,646,662,663
true 1,16,77,78,108,128,276,277,296,311,312,313,327,328,341,342,525,526,545,546,623,624,625,662,663,681,687
true 1,58,59,77,78,186,226,227,311,312,313,341,342,404,405,406,425,440,441,506,507,603,604,635,687,710,721
true 1,77,78,108,145,146,147,175,176,253,254,327,328,440,441,490,491,492,506,507,525,526,593,646,681,710,721
true 1,58,59,77,78,80,108,199,327,328,356,404,405,406,425,463,464,525,526,570,571,572,612,613,681,692,693
false 1,7,15,28,44,56,120,124,142,213,242,246,334,365,396,484,488,517,588,606,610,674,686,702,715,723,729
true 1,6,20,26,67,80,95,150,158,175,177,199,204,279,305,311,314,341,343,351,426,453,465,490,493,583,614
true 1,6,26,68,159,289,305,313,315,342,343,353,428,453,464,466,491,493,504,559,583,593,594,612,614,622,651
true 1,6,20,26,67,150,158,176,279,312,315,353,426,454,463,466,492,504,584,594,613,616,622,671,687,689,720
true 1,6,26,160,176,205,280,290,305,312,343,352,427,434,453,463,467,492,493,503,558,583,595,613,614,677,687
true 1,6,26,68,80,159,175,199,205,289,311,341,352,428,454,467,490,503,559,584,595,616,651,671,677,689,720
true 1,6,20,26,67,150,158,205,279,313,342,352,426,464,467,491,494,503,585,593,595,612,615,672,677,688,714
true 1,6,26,95,160,177,204,280,290,313,314,342,351,427,434,454,464,465,491,558,584,593,612,616,671,689,720
true 1,6,26,68,95,159,176,177,204,289,312,314,351,428,463,465,492,494,559,585,613,615,651,672,687,688,714
true 1,6,26,80,160,175,199,280,290,311,315,341,353,427,434,466,490,494,504,558,585,594,615,622,672,688,714
true 1,20,27,80,95,150,159,168,177,199,305,312,343,352,427,434,466,491,584,593,615,622,651,677,687,714,720
true 1,27,68,158,168,175,204,279,290,305,313,315,342,343,353,428,463,465,490,503,558,584,595,613,615,714,720
true 1,20,27,150,159,168,176,204,311,315,341,353,427,434,454,464,465,492,493,503,583,595,612,616,651,672,688
true 1,27,67,160,168,176,205,280,289,305,311,314,341,343,351,426,464,467,492,504,559,584,594,612,615,714,720
true 1,27,68,80,158,168,199,205,279,290,312,314,351,428,454,467,491,493,504,558,583,593,594,616,672,687,688
true 1,20,27,150,159,168,175,205,313,314,342,351,427,434,453,463,467,490,494,504,585,594,613,614,651,671,689
true 1,27,67,95,160,168,175,177,280,289,313,342,352,426,454,463,466,490,493,559,583,613,616,622,672,677,688
true 1,27,68,95,158,168,176,177,279,290,311,341,352,428,453,464,466,492,494,558,585,612,614,622,671,677,689
true 1,27,67,80,160,168,199,204,280,289,312,315,353,426,453,465,491,494,503,559,585,593,595,614,671,687,689
true 1,20,77,78,80,95,150,177,199,289,290,305,343,463,464,503,504,558,559,594,595,612,613,671,672,688,689
true 1,67,68,77,78,305,311,312,313,314,315,341,342,343,351,352,353,426,427,428,434,671,672,677,687,688,689
true 1,20,77,78,150,175,176,289,290,314,315,351,352,353,453,454,490,491,492,558,559,593,614,615,616,677,714
true 1,77,78,158,159,160,175,176,204,205,279,280,305,343,465,466,467,490,491,492,593,622,651,671,672,688,689
true 1,67,68,77,78,80,199,204,205,426,427,428,434,453,454,463,464,465,466,467,612,613,614,615,616,622,714
true 1,20,77,78,150,204,205,289,290,311,312,313,341,342,465,466,467,493,494,558,559,583,584,585,622,687,720
true 1,77,78,95,158,159,160,177,279,280,311,312,313,341,342,453,454,503,504,594,595,614,615,616,651,687,714
true 1,67,68,77,78,95,175,176,177,426,427,428,434,490,491,492,493,494,503,504,583,584,585,593,594,595,720
true 1,77,78,80,158,159,160,199,279,280,314,315,351,352,353,463,464,493,494,583,584,585,612,613,651,677,720
false 1,7,15,28,56,119,124,142,192,241,246,335,364,390,396,458,485,516,589,609,631,652,675,685,703,719,724
false 1,7,11,28,45,55,88,121,141,193,213,272,336,365,394,458,517,537,589,609,642,675,685,702,719,723,729
false 1,7,28,44,55,120,141,242,272,308,334,340,364,394,459,484,489,516,537,590,606,611,631,642,652,703,724
false 1,7,28,55,99,119,141,192,214,241,272,335,366,390,394,485,488,537,562,588,610,642,653,674,686,704,715
true 1,6,26,31,80,89,137,175,194,199,240,266,311,341,366,389,393,417,490,517,531,535,631,640,653,703,723
true 1,6,26,31,89,194,214,240,313,342,365,389,419,464,491,516,531,536,555,593,612,641,650,699,704,724,729
true 1,6,26,90,118,137,176,195,214,239,266,312,337,365,388,393,417,463,492,516,535,613,640,687,704,724,729
true 1,6,26,31,89,99,176,194,213,240,244,267,312,364,389,392,418,463,492,531,534,554,562,613,652,687,702
true 1,6,26,80,90,99,118,175,195,199,213,239,311,337,341,364,388,419,490,536,555,562,641,650,652,699,702
true 1,6,26,43,99,117,137,196,213,238,266,313,338,342,364,393,417,464,486,491,535,562,593,612,640,652,702
true 1,6,26,90,118,195,239,244,267,313,337,342,366,388,392,418,464,491,517,534,554,593,612,631,653,703,723
true 1,6,26,43,117,176,196,238,312,338,366,419,463,486,492,517,536,555,613,631,641,650,653,687,699,703,723
true 1,6,26,43,80,117,175,196,199,214,238,244,267,311,338,341,365,392,418,486,490,516,534,554,704,724,729
true 1,27,31,80,117,137,168,195,199,213,240,312,366,388,393,418,486,491,516,534,593,641,650,653,687,702,724
true 1,27,31,117,168,175,195,214,240,266,313,342,364,388,392,419,463,486,490,517,536,554,613,640,652,704,723
true 1,27,90,118,137,168,176,194,214,238,311,338,341,364,389,393,418,464,492,517,534,612,641,650,652,704,723
true 1,27,31,99,117,168,176,195,240,244,267,311,341,365,388,417,464,486,492,535,555,562,612,631,699,703,729
true 1,27,80,90,99,118,168,194,199,238,266,312,338,365,389,392,419,491,536,554,562,593,631,640,687,703,729
true 1,27,43,89,99,137,168,175,196,239,313,337,342,365,393,418,463,490,531,534,562,613,631,641,650,703,729
true 1,27,90,118,168,175,194,213,238,244,267,313,338,342,366,389,417,463,490,516,535,555,613,653,699,702,724
true 1,27,43,89,168,176,196,213,239,266,311,337,341,366,392,419,464,492,516,531,536,554,612,640,653,702,724
true 1,27,43,80,89,168,196,199,214,239,244,267,312,337,364,417,491,517,531,535,555,593,652,687,699,704,723
true 1,31,77,78,80,137,199,238,239,240,337,338,364,365,366,392,393,463,464,554,555,612,613,652,653,699,729
true 1,31,77,78,213,214,238,239,240,311,312,313,337,338,341,342,417,418,419,534,535,536,631,687,702,703,704
true 1,77,78,89,90,117,118,137,175,176,213,214,392,393,486,490,491,492,531,554,555,593,631,699,702,703,704
true 1,31,77,78,99,175,176,238,239,240,244,266,267,337,338,490,491,492,516,517,562,593,640,641,650,723,724
true 1,77,78,80,89,90,99,117,118,199,417,418,419,463,464,486,516,517,531,534,535,536,562,612,613,723,724
true 1,43,77,78,99,137,194,195,196,311,312,313,341,342,388,389,392,393,516,517,554,555,562,687,699,723,724
true 1,77,78,89,90,117,118,244,266,267,311,312,313,341,342,364,365,366,486,531,640,641,650,652,653,687,729
true 1,43,77,78,175,176,194,195,196,364,365,366,388,389,417,418,419,490,491,492,534,535,536,593,652,653,729
true 1,43,77,78,80,194,195,196,199,213,214,244,266,267,388,389,463,464,612,613,631,640,641,650,702,703,704
false 1,7,11,28,45,88,121,140,193,245,271,336,364,395,422,488,516,538,588,610,631,652,674,686,703,715,724
false 1,7,28,44,99,120,140,214,242,245,271,334,366,395,422,458,484,538,562,589,606,609,653,675,685,704,719
true 1,6,15,26,55,81,140,178,232,246,296,316,323,350,383,395,440,474,501,528,537,570,600,620,625,693,721
true 1,6,26,142,232,272,318,323,383,396,422,441,469,474,502,507,528,538,571,596,600,621,624,642,662,691,692
true 1,6,15,26,55,111,140,179,203,231,246,317,349,382,395,441,468,475,500,507,537,571,601,624,662,680,692
true 1,6,26,56,124,141,179,203,232,245,271,317,323,349,356,383,394,468,474,500,506,528,572,600,623,663,710
true 1,6,26,81,111,142,178,231,272,316,350,356,382,396,422,475,501,506,538,572,601,620,623,642,663,680,710
true 1,6,15,26,55,140,183,246,318,322,356,384,395,469,473,502,506,529,537,572,596,621,623,636,663,691,710
true 1,6,26,56,111,124,141,231,245,271,296,318,382,394,440,469,475,502,570,596,601,621,625,680,691,693,721
true 1,6,26,142,179,183,203,272,296,317,322,349,384,396,422,440,468,473,500,529,538,570,625,636,642,693,721
true 1,6,26,56,81,124,141,178,183,245,271,316,322,350,384,394,441,473,501,507,529,571,620,624,636,662,692
true 1,15,27,81,141,168,232,246,296,317,323,350,382,394,422,473,500,506,529,538,571,596,601,621,625,692,710
true 1,27,55,142,168,178,232,245,271,318,323,349,382,396,441,468,473,502,507,529,537,570,601,620,623,663,693
true 1,15,27,111,141,168,179,203,246,316,322,383,394,422,441,469,475,501,507,538,570,600,623,636,663,691,693
true 1,27,56,124,140,168,179,203,232,272,316,323,356,382,395,440,469,473,501,529,572,601,624,642,662,691,721
true 1,27,55,81,111,142,168,245,271,317,322,350,356,383,396,440,475,500,537,572,596,600,621,624,636,662,721
true 1,15,27,141,168,178,183,231,246,318,349,356,384,394,422,440,468,474,502,528,538,572,620,624,662,680,721
true 1,27,56,111,124,140,168,178,272,296,318,322,349,383,395,468,475,502,506,571,600,620,625,636,642,692,710
true 1,27,55,142,168,179,183,203,231,245,271,296,316,384,396,469,474,501,506,528,537,571,625,680,691,692,710
true 1,27,56,81,124,140,168,183,231,272,317,350,384,395,441,474,500,507,528,570,596,621,623,642,663,680,693
true 1,15,77,78,81,231,232,245,246,271,272,296,322,323,349,350,468,469,623,624,625,636,642,662,663,680,691
true 1,77,78,140,141,142,231,232,316,317,318,322,323,394,395,396,440,441,500,501,502,506,507,636,680,710,721
true 1,15,77,78,111,178,179,203,245,246,271,272,440,441,473,474,475,506,507,528,529,596,620,621,642,710,721
true 1,55,56,77,78,124,178,179,203,231,232,322,323,356,422,537,538,570,571,572,596,620,621,636,680,692,693
true 1,77,78,81,111,140,141,142,349,350,356,394,395,396,468,469,473,474,475,528,529,570,571,572,691,692,693
true 1,15,77,78,183,245,246,271,272,316,317,318,356,382,383,384,500,501,502,570,571,572,600,601,642,692,693
true 1,55,56,77,78,111,124,296,316,317,318,422,473,474,475,500,501,502,528,529,537,538,623,624,625,662,663
true 1,77,78,140,141,142,178,179,183,203,296,382,383,384,394,395,396,596,600,601,620,621,623,624,625,662,663
true 1,55,56,77,78,81,124,183,349,350,382,383,384,422,440,441,468,469,506,507,537,538,600,601,691,710,721
false 1,7,28,119,140,192,213,241,245,271,308,335,340,365,390,395,422,459,485,489,517,538,590,611,702,723,729
false 1,7,15,28,56,117,124,142,194,239,246,337,362,389,396,460,486,514,591,607,630,654,676,683,705,718,725
true 1,6,15,26,40,55,95,112,140,177,204,233,246,314,351,358,395,439,465,472,509,537,568,598,626,659,678
true 1,6,26,40,112,142,205,209,233,272,352,357,396,422,467,472,503,508,538,569,595,598,642,660,677,678,708
true 1,6,15,26,55,140,209,235,246,315,353,357,386,395,466,504,508,530,537,569,594,599,622,660,679,708,716
true 1,6,26,40,56,112,124,141,233,245,271,315,353,394,466,472,504,510,594,598,622,627,661,678,694,709,726
true 1,6,26,95,142,177,204,235,272,314,351,386,396,422,465,510,530,538,599,627,642,661,679,694,709,716,726
true 1,6,15,26,55,113,140,205,234,246,321,352,385,395,467,471,503,510,537,595,597,627,661,677,694,709,726
true 1,6,26,56,124,141,205,235,245,271,352,358,386,394,439,467,503,509,530,568,595,599,626,659,677,679,716
true 1,6,26,113,142,234,272,315,321,353,358,385,396,422,439,466,471,504,509,538,568,594,597,622,626,642,659
true 1,6,26,56,95,113,124,141,177,204,209,234,245,271,314,321,351,357,385,394,465,471,508,569,597,660,708
true 1,15,27,40,95,141,168,177,234,246,352,358,394,422,439,466,472,508,530,538,597,622,627,660,677,679,726
true 1,27,40,55,142,168,205,209,234,245,271,314,351,396,467,472,504,509,530,537,569,594,597,659,679,694,709
true 1,15,27,112,141,168,204,209,235,246,315,353,385,394,422,465,471,503,509,538,569,595,599,659,678,694,709
true 1,27,40,56,124,140,168,204,234,272,315,353,357,395,465,472,503,510,530,568,595,597,626,642,661,679,708
true 1,27,55,95,112,142,168,177,235,245,271,352,357,385,396,466,471,510,537,568,599,622,626,661,677,678,708
true 1,15,27,113,141,168,205,233,246,314,321,351,357,386,394,422,467,504,510,538,568,594,598,626,661,708,716
true 1,27,56,112,124,140,168,205,235,272,314,351,358,385,395,439,467,471,504,508,594,599,627,642,660,678,726
true 1,27,55,113,142,168,204,233,245,271,315,321,353,358,386,396,439,465,503,508,537,595,598,627,660,716,726
true 1,27,56,95,113,124,140,168,177,209,233,272,321,352,386,395,466,509,569,598,622,642,659,677,694,709,716
true 1,15,40,77,78,95,177,245,246,271,272,357,358,385,386,439,471,472,503,504,594,595,642,694,708,709,716
true 1,40,77,78,140,141,142,204,205,209,385,386,394,395,396,465,466,467,471,472,568,569,622,626,627,716,726
true 1,15,77,78,209,233,234,235,245,246,271,272,314,315,351,352,353,568,569,597,598,599,626,627,642,677,726
true 1,40,55,56,77,78,124,314,315,351,352,353,385,386,422,471,472,508,509,510,537,538,659,660,661,677,716
true 1,77,78,95,140,141,142,177,233,234,235,394,395,396,503,504,508,509,510,594,595,597,598,599,659,660,661
true 1,15,77,78,112,113,204,205,245,246,271,272,321,465,466,467,508,509,510,530,622,642,659,660,661,678,679
true 1,55,56,77,78,124,204,205,233,234,235,357,358,422,439,465,466,467,537,538,597,598,599,622,694,708,709
true 1,77,78,112,113,140,141,142,314,315,321,351,352,353,357,358,394,395,396,439,530,677,678,679,694,708,709
true 1,55,56,77,78,95,112,113,124,177,209,321,422,503,504,530,537,538,568,569,594,595,626,627,678,679,726
false 1,7,15,28,56,89,124,142,195,238,246,309,338,388,396,461,513,531,563,592,629,655,682,695,706,717,728
false 1,7,28,31,43,55,90,118,141,196,240,272,309,362,394,461,514,537,592,630,642,654,682,705,717,725,728
false 1,7,28,55,117,141,174,194,239,272,310,337,389,394,462,486,487,513,537,563,608,629,642,655,684,695,706
false 1,7,28,55,89,141,195,212,238,272,338,363,388,394,436,460,515,531,537,564,591,607,642,656,676,683,718
false 1,7,28,31,43,90,118,140,196,240,245,271,395,422,460,513,538,563,591,607,629,655,676,683,695,706,718
false 1,7,28,117,140,194,212,239,245,271,309,337,363,389,395,422,436,461,486,515,538,564,592,656,682,717,728
true 1,6,26,81,94,160,178,201,280,290,307,316,346,350,427,434,456,501,558,586,590,611,620,675,686,715,719
true 1,6,20,26,67,94,150,158,179,201,203,279,307,317,340,346,349,426,456,459,468,488,500,586,589,609,674
true 1,6,26,160,179,203,280,290,308,317,348,349,427,434,457,458,468,489,499,500,558,587,588,610,619,673,685
true 1,6,26,68,94,159,201,289,307,308,318,346,428,456,458,469,489,502,559,586,588,596,610,621,651,685,691
true 1,6,20,26,67,150,158,279,318,348,426,457,469,499,502,587,590,596,611,619,621,673,675,686,691,715,719
true 1,6,26,160,173,202,280,290,306,318,340,347,427,434,455,459,469,488,498,502,558,589,596,609,621,674,691
true 1,6,26,68,81,159,178,289,316,340,348,350,428,457,459,488,499,501,559,587,589,609,619,620,651,673,674
true 1,6,20,26,67,81,150,158,173,178,202,279,306,308,316,347,350,426,455,458,489,498,501,588,610,620,685
true 1,6,26,68,159,173,179,202,203,289,306,317,347,349,428,455,468,498,500,559,590,611,651,675,686,715,719
true 1,27,67,81,94,160,168,280,289,307,317,347,350,426,455,458,488,500,559,587,590,596,611,619,621,674,685
true 1,20,27,94,150,159,168,179,203,307,316,340,347,427,434,455,459,469,501,587,588,610,619,651,675,691,719
true 1,27,67,160,168,179,201,203,280,289,306,308,316,348,426,457,469,489,498,501,559,586,589,609,686,691,715
true 1,27,68,94,158,168,178,279,290,307,308,318,347,349,428,455,468,489,502,558,587,589,609,619,620,686,715
true 1,20,27,150,159,168,178,201,306,318,348,349,427,434,457,458,468,488,498,502,586,590,611,620,651,674,685
true 1,27,67,160,168,173,178,202,280,289,318,340,346,349,426,456,459,468,499,502,559,588,610,620,673,675,719
true 1,27,68,81,158,168,201,279,290,306,317,340,348,350,428,457,459,498,500,558,586,588,596,610,621,675,719
true 1,20,27,81,150,159,168,173,202,308,317,346,350,427,434,456,489,499,500,589,596,609,621,651,673,686,715
true 1,27,68,158,168,173,179,202,203,279,290,316,346,428,456,458,469,488,499,501,558,590,611,673,674,685,691
true 1,77,78,81,94,158,159,160,279,280,306,307,349,350,468,469,498,499,588,589,590,609,610,611,651,673,691
true 1,20,77,78,94,150,178,179,203,289,290,306,307,340,458,459,498,499,558,559,596,620,621,673,685,686,715
true 1,77,78,158,159,160,178,179,203,279,280,308,346,347,348,455,456,457,488,489,596,620,621,651,674,675,719
true 1,67,68,77,78,94,306,307,308,316,317,318,426,427,428,434,488,489,498,499,500,501,502,673,674,675,719
true 1,20,77,78,150,289,290,316,317,318,346,347,348,455,456,457,500,501,502,558,559,588,589,590,609,610,611
true 1,77,78,158,159,160,173,201,202,279,280,316,317,318,340,458,459,500,501,502,586,587,619,651,685,686,715
true 1,67,68,77,78,81,340,346,347,348,349,350,426,427,428,434,455,456,457,458,459,468,469,685,686,691,715
true 1,20,77,78,81,150,173,201,202,289,290,308,349,350,468,469,488,489,558,559,586,587,619,674,675,691,719
true 1,67,68,77,78,173,178,179,201,202,203,426,427,428,434,586,587,588,589,590,596,609,610,611,619,620,621
false 1,7,28,89,140,174,195,238,245,271,310,338,362,388,395,422,462,487,514,531,538,608,630,654,684,705,725
false 1,7,12,28,47,54,91,123,139,197,213,270,339,365,391,460,517,533,591,607,639,676,683,702,718,723,729
false 1,7,28,32,46,54,92,122,139,198,243,270,309,364,391,461,516,533,592,631,639,652,682,703,717,724,728
true 1,6,26,54,94,102,138,170,186,201,218,227,268,300,307,327,346,369,378,447,456,478,525,533,586,638,697
true 1,6,26,173,186,202,227,270,301,306,327,347,371,378,421,448,455,478,498,520,525,556,578,632,639,698,722
true 1,6,26,54,108,138,226,268,301,328,348,371,377,448,457,479,499,520,533,578,587,603,619,632,638,673,697
true 1,6,26,139,186,219,227,269,327,348,370,378,391,420,449,457,478,499,519,525,532,579,587,619,637,667,673
true 1,6,26,94,108,201,219,226,270,307,328,346,370,377,421,449,456,479,519,556,579,586,603,639,667,698,722
true 1,6,26,54,138,173,202,219,268,306,347,370,379,449,455,480,498,519,526,533,579,604,635,638,667,681,697
true 1,6,26,102,108,139,170,173,202,218,226,269,300,306,328,347,369,377,391,420,447,455,479,498,532,603,637
true 1,6,26,102,170,218,270,300,348,369,379,421,447,457,480,499,526,556,587,604,619,635,639,673,681,698,722
true 1,6,26,94,139,201,269,301,307,346,371,379,391,420,448,456,480,520,526,532,578,586,604,632,635,637,681
true 1,27,54,94,102,168,170,186,227,269,307,347,370,377,448,455,479,526,533,556,587,619,632,637,667,681,698
true 1,27,138,168,173,186,202,218,227,270,301,346,371,377,420,447,456,479,499,519,526,532,579,639,673,681,697
true 1,27,54,108,168,201,218,269,301,306,328,348,371,378,447,457,478,498,519,533,556,579,586,604,635,637,698
true 1,27,139,168,186,201,219,227,268,300,306,348,369,377,391,421,449,457,479,498,520,526,578,586,638,681,722
true 1,27,94,108,138,168,219,270,300,307,328,347,369,378,420,449,455,478,520,532,578,587,604,619,635,639,697
true 1,27,54,168,173,202,219,226,269,300,327,346,369,379,449,456,480,499,520,525,533,556,578,603,637,673,698
true 1,27,102,108,139,168,170,173,202,268,328,346,370,378,391,421,448,456,478,499,604,632,635,638,667,673,722
true 1,27,102,138,168,170,201,226,270,306,327,348,370,379,420,448,457,480,498,525,532,586,603,632,639,667,697
true 1,27,94,139,168,218,226,268,301,307,327,347,371,379,391,421,447,455,480,519,525,579,587,603,619,638,722
true 1,54,77,78,94,102,170,186,226,227,306,307,420,421,498,499,519,520,532,533,578,579,603,604,635,673,722
true 1,77,78,173,186,201,202,226,227,268,269,270,300,301,369,370,371,586,587,603,604,619,635,637,638,639,667
true 1,54,77,78,108,300,301,327,328,346,347,348,369,370,371,420,421,455,456,457,525,526,532,533,667,681,722
true 1,77,78,138,139,186,218,219,226,227,346,347,348,391,447,448,449,455,456,457,556,603,604,632,635,697,698
true 1,77,78,94,108,218,219,268,269,270,306,307,327,328,447,448,449,498,499,525,526,632,637,638,639,673,681
true 1,54,77,78,173,201,202,218,219,377,378,379,420,421,447,448,449,478,479,480,532,533,586,587,619,632,722
true 1,77,78,102,108,138,139,170,173,201,202,327,328,391,519,520,525,526,556,578,579,586,587,619,681,697,698
true 1,77,78,102,170,268,269,270,346,347,348,377,378,379,455,456,457,478,479,480,519,520,578,579,637,638,639
true 1,77,78,94,138,139,300,301,306,307,369,370,371,377,378,379,391,478,479,480,498,499,556,667,673,697,698
false 1,2,7,8,13,28,33,48,93,138,213,269,309,365,421,461,517,592,637,682,697,702,717,722,723,728,729
false 1,7,12,28,47,91,123,138,174,197,269,310,339,364,421,462,487,516,608,631,637,652,684,697,703,722,724
false 1,7,28,32,46,92,99,122,138,198,214,243,269,366,421,460,562,591,607,637,653,676,683,697,704,718,722
true 1,6,26,31,89,94,194,201,209,240,249,307,346,357,389,400,411,456,508,531,542,549,569,586,647,660,708
true 1,6,26,31,89,173,194,202,240,260,306,347,389,401,410,455,498,510,531,543,548,627,645,661,694,709,726
true 1,6,26,90,118,195,239,249,337,348,388,400,411,457,499,510,542,549,587,619,627,647,661,673,694,709,726
true 1,6,26,31,89,125,194,240,248,348,358,389,399,439,457,499,509,531,550,568,587,619,626,648,659,673,701
true 1,6,26,90,94,118,195,201,239,260,307,337,346,358,388,401,410,439,456,509,543,548,568,586,626,645,659
true 1,6,26,43,117,173,196,202,238,249,306,338,347,358,400,411,439,455,486,498,509,542,549,568,626,647,659
true 1,6,26,90,118,125,173,195,202,209,239,248,306,337,347,357,388,399,455,498,508,550,569,648,660,701,708
true 1,6,26,43,117,196,209,238,260,338,348,357,401,410,457,486,499,508,543,548,569,587,619,645,660,673,708
true 1,6,26,43,94,117,125,196,201,238,248,307,338,346,399,456,486,510,550,586,627,648,661,694,701,709,726
true 1,27,31,94,117,168,195,209,240,249,307,347,388,399,411,455,486,509,543,548,569,587,619,648,659,694,709
true 1,27,31,117,168,173,195,202,240,248,260,346,357,388,401,456,486,499,510,542,549,568,626,661,673,701,708
true 1,27,90,118,168,194,201,238,249,306,338,348,357,389,399,411,457,498,510,543,548,568,586,626,648,661,708
true 1,27,31,117,125,168,195,201,240,306,348,358,388,400,410,439,457,486,498,508,550,586,627,645,647,660,726
true 1,27,90,94,118,168,194,238,248,260,307,338,347,358,389,401,439,455,508,542,549,587,619,627,660,701,726
true 1,27,43,89,168,173,196,202,239,249,337,346,358,399,411,439,456,499,508,531,543,548,627,648,660,673,726
true 1,27,90,118,125,168,173,194,202,209,238,338,346,389,400,410,456,499,509,550,569,645,647,659,673,694,709
true 1,27,43,89,168,196,201,209,239,248,260,306,337,348,401,457,498,509,531,542,549,569,586,659,694,701,709
true 1,27,43,89,94,125,168,196,239,307,337,347,357,400,410,455,510,531,550,568,587,619,626,645,647,661,708
true 1,31,77,78,94,209,238,239,240,248,249,306,307,337,338,410,411,498,499,568,569,626,627,645,673,701,726
true 1,31,77,78,173,201,202,238,239,240,260,337,338,399,400,401,508,509,510,586,587,619,647,648,659,660,661
true 1,77,78,89,90,117,118,248,249,346,347,348,410,411,455,456,457,486,508,509,510,531,645,659,660,661,701
true 1,31,77,78,125,238,239,240,337,338,346,347,348,357,358,439,455,456,457,542,543,548,549,550,694,708,709
true 1,77,78,89,90,94,117,118,260,306,307,357,358,399,400,401,439,486,498,499,531,647,648,673,694,708,709
true 1,43,77,78,173,194,195,196,201,202,248,249,357,358,388,389,410,411,439,586,587,619,645,694,701,708,709
true 1,77,78,89,90,117,118,125,173,201,202,209,486,531,542,543,548,549,550,568,569,586,587,619,626,627,726
true 1,43,77,78,194,195,196,209,260,346,347,348,388,389,399,400,401,455,456,457,568,569,626,627,647,648,726
true 1,43,77,78,94,125,194,195,196,306,307,388,389,498,499,508,509,510,542,543,548,549,550,659,660,661,673
false 1,2,7,8,13,28,33,48,93,268,364,420,460,516,532,556,591,607,631,638,652,676,683,698,703,718,724
false 1,7,12,28,47,91,99,123,197,214,268,309,339,366,420,461,532,556,562,592,638,653,682,698,704,717,728
false 1,7,28,32,46,92,122,174,198,213,243,268,310,365,420,462,487,517,532,556,608,638,684,698,702,723,729
true 1,6,16,26,58,98,128,145,169,188,210,253,297,330,359,376,404,442,481,523,590,611,633,675,686,715,719
true 1,6,26,147,188,254,277,298,330,340,361,376,405,425,443,459,481,488,512,523,545,573,589,609,628,633,674
true 1,6,16,26,58,128,145,225,253,298,308,331,361,375,404,443,458,482,489,512,522,573,588,605,610,628,685
true 1,6,26,59,146,188,211,276,308,330,360,376,406,444,458,481,489,511,523,546,574,588,610,633,646,664,685
true 1,6,26,147,211,225,254,277,331,360,375,405,425,444,482,511,522,545,574,590,605,611,664,675,686,715,719
true 1,6,16,26,58,85,128,145,187,211,253,329,340,360,404,444,459,488,511,524,574,589,609,634,664,674,696
true 1,6,26,59,98,146,169,210,225,276,297,331,340,359,375,406,442,459,482,488,522,546,589,605,609,646,674
true 1,6,26,85,98,147,169,187,210,254,277,297,308,329,359,405,425,442,458,489,524,545,588,610,634,685,696
true 1,6,26,59,85,146,187,276,298,329,361,406,443,512,524,546,573,590,611,628,634,646,675,686,696,715,719
true 1,16,27,98,128,146,168,169,188,329,360,376,405,425,443,458,482,488,522,590,611,628,634,646,664,674,685
true 1,27,58,147,168,188,210,254,276,298,329,340,361,376,404,442,459,482,511,522,546,574,588,610,634,675,719
true 1,16,27,128,146,168,187,210,225,298,308,331,361,405,425,442,481,489,511,523,574,589,609,646,686,696,715
true 1,27,59,145,168,188,211,253,277,297,308,329,359,376,406,444,482,489,512,522,545,573,589,609,634,686,715
true 1,27,58,147,168,187,211,225,254,276,297,331,359,404,444,458,481,488,512,523,546,573,590,611,674,685,696
true 1,16,27,85,128,146,168,211,297,330,340,359,375,405,425,444,459,512,524,573,588,605,610,633,646,675,719
true 1,27,59,98,145,168,169,187,225,253,277,331,340,360,406,443,459,481,523,545,588,610,628,664,675,696,719
true 1,27,58,85,98,147,168,169,254,276,308,330,360,375,404,443,489,524,546,589,605,609,628,633,664,686,715
true 1,27,59,85,145,168,210,253,277,298,330,361,375,406,442,458,488,511,524,545,574,590,605,611,633,674,685
true 1,16,77,78,98,128,169,187,188,276,277,375,376,511,512,545,546,573,574,588,589,590,605,609,610,611,696
true 1,77,78,145,146,147,187,188,253,254,297,298,340,359,360,361,375,376,458,459,605,646,664,685,686,696,715
true 1,16,77,78,128,225,276,277,297,298,308,329,330,331,359,360,361,488,489,545,546,633,634,664,674,675,719
true 1,58,59,77,78,187,188,210,211,308,375,376,404,405,406,425,442,443,444,488,489,605,628,674,675,696,719
true 1,77,78,145,146,147,210,211,225,253,254,329,330,331,442,443,444,588,589,590,609,610,611,628,633,634,646
true 1,16,77,78,85,128,210,211,276,277,340,442,443,444,458,459,481,482,522,523,524,545,546,628,685,686,715
true 1,58,59,77,78,98,169,225,329,330,331,340,404,405,406,425,458,459,511,512,573,574,633,634,685,686,715
true 1,77,78,85,98,145,146,147,169,253,254,308,481,482,488,489,511,512,522,523,524,573,574,646,674,675,719
true 1,58,59,77,78,85,297,298,359,360,361,404,405,406,425,481,482,522,523,524,588,589,590,609,610,611,664
false 1,7,28,44,54,120,139,242,270,311,334,341,362,391,463,484,491,514,533,593,606,613,630,639,654,705,725
false 1,7,28,54,119,139,175,192,241,270,312,335,390,391,464,485,490,513,533,563,612,629,639,655,687,695,706
true 1,6,26,63,66,98,99,102,151,156,169,170,210,213,218,281,286,297,300,359,364,369,442,447,562,652,702
true 1,6,26,99,157,211,213,283,287,301,360,364,371,430,432,444,448,511,520,560,562,574,578,632,652,664,702
true 1,6,26,63,66,151,156,281,286,298,301,361,366,371,443,448,512,517,520,573,578,628,631,632,653,703,723
true 1,6,26,99,152,213,219,282,288,298,361,364,370,429,433,443,449,512,519,561,562,573,579,628,652,667,702
true 1,6,26,98,157,169,210,219,283,287,297,359,366,370,430,432,442,449,517,519,560,579,631,653,667,703,723
true 1,6,26,63,66,151,156,211,214,219,281,286,360,365,370,444,449,511,516,519,574,579,664,667,704,724,729
true 1,6,26,102,152,170,211,218,282,288,300,360,366,369,429,433,444,447,511,517,561,574,631,653,664,703,723
true 1,6,26,102,157,170,214,218,283,287,298,300,361,365,369,430,432,443,447,512,516,560,573,628,704,724,729
true 1,6,26,98,152,169,210,214,282,288,297,301,359,365,371,429,433,442,448,516,520,561,578,632,704,724,729
true 1,27,63,66,98,99,102,168,169,170,282,287,360,365,370,443,448,560,561,562,628,631,632,664,667,703,729
true 1,27,99,151,157,168,211,218,283,286,297,301,359,365,371,429,433,444,447,512,519,562,573,579,631,703,729
true 1,27,63,66,168,210,213,218,282,287,298,301,361,366,371,442,447,511,516,519,560,561,574,579,653,702,724
true 1,27,99,152,156,168,210,219,281,288,298,300,361,365,369,430,432,442,449,511,520,562,574,578,631,703,729
true 1,27,98,151,157,168,169,213,219,283,286,300,360,366,369,429,433,443,449,516,520,578,628,653,664,702,724
true 1,27,63,66,168,211,214,219,282,287,297,300,359,364,369,444,449,512,517,520,560,561,573,578,652,704,723
true 1,27,102,152,156,168,170,211,213,281,288,297,359,366,370,430,432,444,448,512,516,573,632,653,667,702,724
true 1,27,102,151,157,168,170,210,214,283,286,298,361,364,370,429,433,442,448,511,517,574,632,652,667,704,723
true 1,27,98,152,156,168,169,214,218,281,288,301,360,364,371,430,432,443,447,517,519,579,628,652,664,704,723
true 1,63,66,77,78,98,99,102,169,170,429,430,432,433,511,512,516,517,519,520,562,573,574,578,579,723,724
true 1,77,78,99,156,157,210,211,281,282,283,300,301,369,370,371,442,443,444,516,517,561,562,628,667,723,724
true 1,63,66,77,78,297,298,300,301,359,360,361,364,365,366,369,370,371,429,430,432,433,652,653,664,667,729
true 1,77,78,99,151,152,218,219,286,287,288,297,298,359,360,361,447,448,449,516,517,560,562,632,664,723,724
true 1,77,78,98,156,157,169,218,219,281,282,283,364,365,366,447,448,449,511,512,561,573,574,632,652,653,729
true 1,63,66,77,78,210,211,213,214,218,219,429,430,432,433,442,443,444,447,448,449,628,631,632,702,703,704
true 1,77,78,102,151,152,170,210,211,286,287,288,364,365,366,442,443,444,519,520,560,578,579,628,652,653,729
true 1,77,78,102,156,157,170,213,214,281,282,283,297,298,359,360,361,519,520,561,578,579,631,664,702,703,704
true 1,77,78,98,151,152,169,213,214,286,287,288,300,301,369,370,371,511,512,560,573,574,631,667,702,703,704
false 1,7,11,28,45,88,121,138,175,193,269,312,336,362,421,464,490,514,612,630,637,654,687,697,705,722,725
false 1,7,28,44,80,120,138,176,199,242,269,313,334,342,421,484,492,513,563,606,629,637,655,695,697,706,722
true 1,6,11,26,44,98,119,169,193,210,260,297,335,359,401,410,442,454,484,543,548,584,616,645,671,689,720
true 1,6,11,26,44,119,125,193,248,298,305,335,343,361,399,443,453,484,493,512,550,573,583,614,628,648,701
true 1,6,26,121,242,260,298,336,361,390,401,410,443,485,494,512,543,548,573,585,606,615,628,645,672,688,714
true 1,6,11,26,44,119,193,211,249,335,360,400,411,444,484,494,511,542,549,574,585,615,647,664,672,688,714
true 1,6,26,121,125,211,242,248,336,360,390,399,444,454,485,511,550,574,584,606,616,648,664,671,689,701,720
true 1,6,26,45,88,120,192,211,241,260,305,334,343,360,401,410,444,453,493,511,543,548,574,583,614,645,664
true 1,6,26,98,121,169,210,242,249,297,305,336,343,359,390,400,411,442,453,485,493,542,549,583,606,614,647
true 1,6,26,45,88,98,120,125,169,192,210,241,248,297,334,359,399,442,494,550,585,615,648,672,688,701,714
true 1,6,26,45,88,120,192,241,249,298,334,361,400,411,443,454,512,542,549,573,584,616,628,647,671,689,720
true 1,11,27,98,120,168,169,193,248,260,334,360,390,401,443,454,485,493,542,549,583,616,628,664,672,688,701
true 1,11,27,120,125,168,193,210,298,305,334,343,361,390,400,410,442,485,511,550,574,584,615,645,647,714,720
true 1,27,44,121,168,192,210,241,248,260,298,336,361,401,442,453,484,494,511,542,549,574,585,614,671,689,701
true 1,11,27,120,168,193,211,249,297,334,359,390,399,411,444,453,485,494,512,543,548,573,585,614,648,671,689
true 1,27,44,121,125,168,192,211,241,297,336,359,400,410,444,454,484,493,512,550,573,583,616,645,647,672,688
true 1,27,45,88,119,168,211,242,248,260,297,305,335,343,359,401,444,512,542,549,573,584,606,615,701,714,720
true 1,27,44,98,121,168,169,192,241,249,305,336,343,360,399,411,443,484,543,548,584,615,628,648,664,714,720
true 1,27,45,88,98,119,125,168,169,242,335,360,400,410,443,453,494,550,585,606,614,628,645,647,664,671,689
true 1,27,45,88,119,168,210,242,249,298,335,361,399,411,442,454,493,511,543,548,574,583,606,616,648,672,688
true 1,11,77,78,98,169,192,193,241,242,260,399,400,401,453,454,511,512,573,574,606,614,615,616,647,648,714
true 1,11,77,78,125,192,193,241,242,297,298,305,343,359,360,361,542,543,548,549,550,606,664,671,672,688,689
true 1,77,78,119,120,121,260,297,298,334,335,336,359,360,361,399,400,401,493,494,583,584,585,647,648,664,720
true 1,11,77,78,192,193,210,211,241,242,248,249,410,411,442,443,444,493,494,583,584,585,606,628,645,701,720
true 1,77,78,119,120,121,125,210,211,334,335,336,442,443,444,453,454,542,543,548,549,550,614,615,616,628,714
true 1,44,45,77,78,88,210,211,260,305,343,390,399,400,401,442,443,444,484,485,628,647,648,671,672,688,689
true 1,77,78,98,119,120,121,169,248,249,305,334,335,336,343,410,411,511,512,573,574,645,671,672,688,689,701
true 1,44,45,77,78,88,98,125,169,390,484,485,493,494,511,512,542,543,548,549,550,573,574,583,584,585,720
true 1,44,45,77,78,88,248,249,297,298,359,360,361,390,410,411,453,454,484,485,614,615,616,645,664,701,714
false 1,7,28,119,138,192,212,241,269,311,335,341,363,390,421,436,463,485,491,515,564,593,613,637,656,697,722
false 1,7,11,28,45,88,121,193,268,311,336,341,420,463,491,513,532,556,563,593,613,629,638,655,695,698,706
true 1,6,26,36,40,49,103,112,126,220,233,250,265,416,472,553,577,590,598,611,666,675,678,686,711,715,719
true 1,6,26,40,112,127,136,222,233,251,264,299,340,373,402,415,445,459,472,488,521,575,589,598,609,674,678
true 1,6,26,49,126,222,235,250,265,299,308,373,386,416,445,458,489,521,530,553,575,588,599,610,679,685,716
true 1,6,26,40,53,104,112,135,221,233,252,263,308,372,403,446,458,472,489,544,576,588,598,610,665,678,685
true 1,6,26,104,127,136,221,235,251,264,372,386,402,415,446,530,576,590,599,611,665,675,679,686,715,716,719
true 1,6,26,49,104,113,126,221,234,250,265,321,340,372,385,416,446,459,471,488,553,576,589,597,609,665,674
true 1,6,26,36,53,103,135,220,235,252,263,340,386,403,459,488,530,544,577,589,599,609,666,674,679,711,716
true 1,6,26,36,103,113,127,136,220,234,251,264,308,321,385,402,415,458,471,489,577,588,597,610,666,685,711
true 1,6,26,53,113,135,222,234,252,263,299,321,373,385,403,445,471,521,544,575,590,597,611,675,686,715,719
true 1,27,36,40,49,135,168,221,234,251,265,415,445,458,472,488,521,530,544,577,590,597,611,665,674,679,685
true 1,27,40,103,127,136,168,222,234,250,263,299,340,372,403,416,459,472,530,576,588,597,610,675,679,711,719
true 1,27,49,103,112,135,168,222,235,251,265,299,308,372,385,415,471,489,544,576,589,599,609,678,686,711,715
true 1,27,40,53,104,126,168,220,234,252,264,308,373,402,446,472,489,530,553,575,589,597,609,666,679,686,715
true 1,27,104,112,127,136,168,220,235,250,263,373,385,403,416,446,458,471,488,575,590,599,611,666,674,678,685
true 1,27,49,104,113,135,168,220,233,251,265,321,340,373,386,415,446,459,544,575,588,598,610,666,675,716,719
true 1,27,36,53,112,126,168,221,235,252,264,340,385,402,445,459,471,521,553,577,588,599,610,665,675,678,719
true 1,27,36,113,127,136,168,221,233,250,263,308,321,386,403,416,445,489,521,577,589,598,609,665,686,715,716
true 1,27,53,103,113,126,168,222,233,252,264,299,321,372,386,402,458,488,553,576,590,598,611,674,685,711,716
true 1,36,40,49,77,78,263,264,265,372,373,385,386,402,403,471,472,575,576,577,588,589,590,609,610,611,716
true 1,40,77,78,126,127,135,136,220,221,222,299,340,385,386,458,459,471,472,544,553,665,666,685,686,715,716
true 1,49,77,78,220,221,222,233,234,235,263,264,265,299,308,402,403,488,489,597,598,599,665,666,674,675,719
true 1,40,53,77,78,103,104,250,251,252,308,385,386,415,416,445,446,471,472,488,489,521,674,675,711,716,719
true 1,77,78,103,104,126,127,135,136,233,234,235,445,446,521,544,553,588,589,590,597,598,599,609,610,611,711
true 1,49,77,78,103,104,112,113,263,264,265,321,340,402,403,445,446,458,459,521,530,678,679,685,686,711,715
true 1,36,53,77,78,233,234,235,250,251,252,340,372,373,415,416,458,459,575,576,577,597,598,599,685,686,715
true 1,36,77,78,112,113,126,127,135,136,308,321,372,373,488,489,530,544,553,575,576,577,674,675,678,679,719
true 1,53,77,78,112,113,220,221,222,250,251,252,299,321,415,416,530,588,589,590,609,610,611,665,666,678,679
false 1,7,28,44,120,175,212,242,268,312,334,363,420,436,464,484,490,515,532,556,564,606,612,638,656,687,698
false 1,7,28,80,119,176,192,199,241,268,313,335,342,362,390,420,485,492,514,532,556,630,638,654,698,705,725
false 1,7,28,54,100,117,139,194,216,239,270,337,368,389,391,486,488,533,565,588,610,639,657,674,686,707,715
false 1,7,28,54,89,139,195,215,238,270,338,367,388,391,437,458,518,531,533,566,589,609,639,658,675,685,719
true 1,6,26,49,102,111,126,170,174,218,231,250,265,300,309,369,382,416,447,460,475,553,601,680,684,718,728
true 1,6,26,111,127,136,231,251,264,301,371,382,402,415,448,462,475,487,520,578,592,601,607,632,676,680,682
true 1,6,26,49,126,183,250,265,301,310,322,371,384,416,448,461,473,520,529,553,578,591,608,632,636,683,717
true 1,6,26,53,111,135,219,231,252,263,310,370,382,403,449,461,475,519,544,579,591,601,608,667,680,683,717
true 1,6,26,127,136,174,183,219,251,264,309,322,370,384,402,415,449,460,473,519,529,579,636,667,684,718,728
true 1,6,26,49,126,219,232,250,265,323,370,383,416,449,462,474,487,519,528,553,579,592,600,607,667,676,682
true 1,6,26,53,102,135,170,183,218,252,263,300,322,369,384,403,447,462,473,487,529,544,592,607,636,676,682
true 1,6,26,102,127,136,170,218,232,251,264,300,310,323,369,383,402,415,447,461,474,528,591,600,608,683,717
true 1,6,26,53,135,174,232,252,263,301,309,323,371,383,403,448,460,474,520,528,544,578,600,632,684,718,728
true 1,27,49,102,111,135,168,170,174,251,265,322,370,383,415,448,461,475,544,600,607,632,636,667,676,684,717
true 1,27,111,127,136,168,218,250,263,301,309,322,371,383,403,416,447,462,475,487,519,579,591,600,636,683,728
true 1,27,49,135,168,183,218,231,251,265,301,310,371,384,415,447,460,474,519,528,544,579,592,608,680,682,718
true 1,27,53,111,126,168,219,252,264,300,310,322,369,383,402,449,460,475,520,553,578,592,600,608,636,682,718
true 1,27,127,136,168,174,183,219,231,250,263,300,369,384,403,416,449,461,474,520,528,578,607,676,680,684,717
true 1,27,49,135,168,219,232,251,265,300,309,323,369,382,415,449,462,473,487,520,529,544,578,591,601,683,728
true 1,27,53,102,126,168,170,183,231,252,264,309,370,384,402,448,462,474,487,528,553,591,632,667,680,683,728
true 1,27,102,127,136,168,170,232,250,263,310,323,370,382,403,416,448,460,473,529,592,601,608,632,667,682,718
true 1,27,53,126,168,174,218,232,252,264,301,323,371,382,402,447,461,473,519,529,553,579,601,607,676,684,717
true 1,49,77,78,102,111,170,174,263,264,265,402,403,473,474,475,519,520,528,529,578,579,591,592,682,683,684
true 1,77,78,111,126,127,135,136,300,301,369,370,371,460,461,462,473,474,475,487,528,529,544,553,667,717,718
true 1,49,77,78,183,263,264,265,300,301,309,310,369,370,371,382,383,384,402,403,600,601,607,608,667,676,728
true 1,53,77,78,111,218,219,250,251,252,309,310,415,416,447,448,449,473,474,475,528,529,607,608,632,676,728
true 1,77,78,126,127,135,136,174,183,218,219,382,383,384,447,448,449,544,553,591,592,600,601,632,682,683,684
true 1,49,77,78,218,219,231,232,263,264,265,322,323,402,403,447,448,449,460,461,462,487,632,636,680,717,718
true 1,53,77,78,102,170,183,250,251,252,382,383,384,415,416,460,461,462,487,519,520,578,579,600,601,717,718
true 1,77,78,102,126,127,135,136,170,231,232,309,310,322,323,519,520,544,553,578,579,607,608,636,676,680,728
true 1,53,77,78,174,231,232,250,251,252,300,301,322,323,369,370,371,415,416,591,592,636,667,680,682,683,684
false 1,7,28,31,43,90,100,118,138,196,216,240,269,368,421,458,565,589,609,637,657,675,685,697,707,719,722
false 1,7,28,117,138,194,215,239,269,308,337,340,367,389,421,437,459,486,489,518,566,590,611,637,658,697,722
false 1,7,28,35,89,101,138,195,217,238,269,295,338,388,421,438,488,531,567,588,610,637,674,686,697,715,722
false 1,7,28,31,43,90,118,196,215,240,268,367,420,437,488,518,532,556,566,588,610,638,658,674,686,698,715
false 1,7,28,35,101,117,194,217,239,268,295,337,389,420,438,458,486,532,556,567,589,609,638,675,685,698,719
false 1,7,28,89,100,195,216,238,268,308,338,340,368,388,420,459,489,531,532,556,565,590,611,638,657,698,707
true 1,7,28,41,82,98,115,140,169,181,206,211,237,245,271,298,320,324,354,361,395,422,444,476,505,538,602
true 1,7,12,28,47,91,123,137,197,244,267,339,362,393,419,488,514,536,588,610,630,654,674,686,705,715,725
true 1,7,10,28,42,84,96,116,140,180,185,207,245,271,297,319,326,355,359,395,422,443,470,511,538,574,628
true 1,7,28,32,46,92,122,137,198,243,244,267,393,419,458,513,536,563,589,609,629,655,675,685,695,706,719
true 1,7,28,55,96,98,114,141,169,180,184,207,211,236,272,298,319,325,355,361,387,394,444,470,477,537,642
true 1,2,7,8,13,28,33,48,93,266,362,418,458,514,534,555,589,609,630,640,654,675,685,699,705,719,725
true 1,7,28,29,34,41,55,83,97,115,141,182,208,237,272,297,324,359,394,443,476,511,537,574,602,628,642
true 1,7,12,28,47,91,123,197,266,308,339,340,418,459,489,513,534,555,563,590,611,629,640,655,695,699,706
true 1,7,10,28,42,55,82,84,116,141,181,185,206,210,272,320,326,354,360,394,442,505,512,537,573,642,664
true 1,7,28,32,46,92,122,198,212,243,266,363,418,436,488,515,534,555,564,588,610,640,656,674,686,699,715
true 1,6,26,30,36,39,86,103,109,139,189,220,228,269,391,420,494,532,577,585,615,637,666,672,688,711,714
true 1,6,26,30,39,54,86,109,138,189,222,228,268,299,373,445,454,521,533,575,584,616,638,671,689,697,720
true 1,6,26,87,139,190,222,230,269,299,305,332,343,373,381,391,420,445,453,493,521,527,532,575,583,614,637
true 1,6,26,30,39,86,104,109,189,221,228,270,305,343,372,421,446,453,493,556,576,583,614,639,665,698,722
true 1,6,26,54,87,104,138,190,221,230,268,332,372,381,446,494,527,533,576,585,615,638,665,672,688,697,714
true 1,6,26,104,110,139,191,221,229,269,333,372,380,391,420,446,454,483,532,576,584,616,637,665,671,689,720
true 1,6,26,36,87,103,190,220,230,270,332,381,421,454,527,556,577,584,616,639,666,671,689,698,711,720,722
true 1,6,26,36,54,103,110,138,191,220,229,268,305,333,343,380,453,483,493,533,577,583,614,638,666,697,711
true 1,6,26,110,191,222,229,270,299,333,373,380,421,445,483,494,521,556,575,585,615,639,672,688,698,714,722
true 1,27,30,36,39,139,168,190,221,229,268,391,421,445,453,483,494,521,527,577,585,614,638,665,671,689,722
true 1,27,30,39,54,103,168,190,222,229,269,299,372,454,483,493,527,533,556,576,583,616,637,672,688,698,711
true 1,27,87,103,109,139,168,189,222,230,268,299,305,333,343,372,380,391,421,576,584,615,638,711,714,720,722
true 1,27,30,39,104,138,168,190,220,229,270,305,343,373,420,446,483,527,532,575,584,615,639,666,697,714,720
true 1,27,54,87,104,109,168,189,220,230,269,333,373,380,446,453,494,533,556,575,585,614,637,666,671,689,698
true 1,27,86,104,110,139,168,191,220,228,268,332,373,381,391,421,446,454,493,575,583,616,638,666,672,688,722
true 1,27,36,87,109,138,168,189,221,230,270,333,380,420,445,454,493,521,532,577,583,616,639,665,672,688,697
true 1,27,36,54,86,110,168,191,221,228,269,305,332,343,381,445,521,533,556,577,584,615,637,665,698,714,720
true 1,27,86,103,110,138,168,191,222,228,270,299,332,372,381,420,453,494,532,576,585,614,639,671,689,697,711
true 1,30,36,39,77,78,138,139,332,333,372,373,380,381,391,493,494,556,575,576,577,583,584,585,697,698,720
true 1,30,39,54,77,78,220,221,222,299,332,333,380,381,420,421,453,454,532,533,614,615,616,665,666,714,722
true 1,77,78,86,87,138,139,220,221,222,228,229,230,299,305,343,391,483,556,665,666,671,672,688,689,697,698
true 1,30,39,77,78,103,104,268,269,270,305,332,333,343,380,381,445,446,521,637,638,639,671,672,688,689,711
true 1,54,77,78,86,87,103,104,228,229,230,420,421,445,446,483,493,494,521,532,533,583,584,585,711,720,722
true 1,77,78,103,104,109,110,138,139,189,190,191,391,445,446,453,454,521,527,556,614,615,616,697,698,711,714
true 1,36,77,78,86,87,228,229,230,268,269,270,372,373,453,454,483,575,576,577,614,615,616,637,638,639,714
true 1,36,54,77,78,109,110,189,190,191,305,343,372,373,420,421,527,532,533,575,576,577,671,672,688,689,722
true 1,77,78,109,110,189,190,191,220,221,222,268,269,270,299,493,494,527,583,584,585,637,638,639,665,666,720
true 1,7,15,28,56,82,114,124,142,181,184,206,236,246,297,320,325,354,359,387,396,443,477,505,511,574,628
true 1,6,26,30,39,81,86,109,178,189,214,228,247,316,350,365,397,414,501,516,539,552,620,649,704,724,729
true 1,6,26,30,39,86,99,109,189,213,228,262,318,364,398,413,469,502,540,551,562,596,621,643,652,691,702
true 1,6,26,87,99,179,190,203,213,230,247,317,332,349,364,381,397,414,468,500,527,539,552,562,649,652,702
true 1,6,26,30,39,86,109,134,179,189,203,228,261,317,349,366,412,468,500,517,541,631,644,653,700,703,723
true 1,6,26,81,87,178,190,230,262,316,332,350,366,381,398,413,501,517,527,540,551,620,631,643,653,703,723
true 1,6,26,110,191,229,247,318,333,366,380,397,414,469,483,502,517,539,552,596,621,631,649,653,691,703,723
true 1,6,26,87,134,190,214,230,261,318,332,365,381,412,469,502,516,527,541,596,621,644,691,700,704,724,729
true 1,6,26,110,179,191,203,214,229,262,317,333,349,365,380,398,413,468,483,500,516,540,551,643,704,724,729
true 1,6,26,81,99,110,134,178,191,213,229,261,316,333,350,364,380,412,483,501,541,562,620,644,652,700,702
true 1,27,30,39,81,168,190,214,229,247,261,317,350,364,414,483,500,517,527,540,551,596,621,652,700,704,723
true 1,27,30,39,99,168,178,190,229,262,318,349,365,398,412,468,483,502,527,539,552,562,620,631,644,703,729
true 1,27,87,99,109,168,179,189,203,230,247,261,316,333,365,380,414,469,501,540,551,562,631,691,700,703,729
true 1,27,30,39,134,168,179,190,203,213,229,316,366,397,413,469,483,501,516,527,541,643,649,653,691,702,724
true 1,27,81,87,109,168,189,213,230,262,317,333,350,366,380,398,412,500,516,539,552,596,621,644,653,702,724
true 1,27,86,110,168,178,191,213,228,247,261,318,332,349,366,381,414,468,502,516,540,551,620,653,700,702,724
true 1,27,87,109,134,168,178,189,214,230,318,333,349,364,380,397,413,468,502,517,541,620,643,649,652,704,723
true 1,27,86,110,168,179,191,203,214,228,262,316,332,364,381,398,412,469,501,517,539,552,644,652,691,704,723
true 1,27,81,86,99,110,134,168,191,228,317,332,350,365,381,397,413,500,541,562,596,621,631,643,649,703,729
true 1,30,39,77,78,81,213,214,247,332,333,349,350,380,381,412,413,414,468,469,631,643,644,691,702,703,704
true 1,30,39,77,78,99,261,262,316,317,318,332,333,380,381,397,398,500,501,502,516,517,562,649,700,723,724
true 1,77,78,86,87,99,178,179,203,228,229,230,247,412,413,414,483,516,517,562,596,620,621,643,644,723,724
true 1,30,39,77,78,134,178,179,203,332,333,364,365,366,380,381,539,540,541,551,552,596,620,621,652,653,729
true 1,77,78,81,86,87,228,229,230,261,262,349,350,364,365,366,397,398,468,469,483,649,652,653,691,700,729
true 1,77,78,109,110,189,190,191,247,316,317,318,364,365,366,412,413,414,500,501,502,527,643,644,652,653,729
true 1,77,78,86,87,134,213,214,228,229,230,316,317,318,483,500,501,502,539,540,541,551,552,631,702,703,704
true 1,77,78,109,110,178,179,189,190,191,203,213,214,261,262,397,398,527,596,620,621,631,649,700,702,703,704
true 1,77,78,81,99,109,110,134,189,190,191,349,350,468,469,516,517,527,539,540,541,551,552,562,691,723,724
true 1,2,7,8,13,28,33,48,93,392,417,488,513,535,554,563,588,610,629,641,650,655,674,686,695,706,715
true 1,7,15,28,41,56,96,115,124,142,180,207,210,237,246,319,324,355,360,396,442,470,476,512,573,602,664
true 1,7,12,28,47,91,123,197,212,339,363,392,417,436,458,515,535,554,564,589,609,641,650,656,675,685,719
true 1,6,16,26,30,39,58,86,109,128,145,189,228,253,310,404,461,510,591,608,627,661,683,694,709,717,726
true 1,6,26,30,39,86,109,147,174,189,228,254,277,309,358,405,425,439,460,509,545,568,626,659,684,718,728
true 1,6,16,26,58,87,128,145,190,230,253,332,358,381,404,439,462,487,509,527,568,592,607,626,659,676,682
true 1,6,26,30,39,59,86,109,146,189,209,228,276,357,406,462,487,508,546,569,592,607,646,660,676,682,708
true 1,6,26,87,147,190,209,230,254,277,310,332,357,381,405,425,461,508,527,545,569,591,608,660,683,708,717
true 1,6,16,26,58,110,128,145,174,191,209,229,253,309,333,357,380,404,460,483,508,569,660,684,708,718,728
true 1,6,26,59,87,146,174,190,230,276,309,332,381,406,460,510,527,546,627,646,661,684,694,709,718,726,728
true 1,6,26,110,147,191,229,254,277,333,380,405,425,462,483,487,510,545,592,607,627,661,676,682,694,709,726
true 1,6,26,59,110,146,191,229,276,310,333,358,380,406,439,461,483,509,546,568,591,608,626,646,659,683,717
true 1,16,27,30,39,128,146,168,190,229,310,357,405,425,460,483,510,527,568,592,608,626,646,661,682,708,718
true 1,27,30,39,58,147,168,174,190,229,254,276,358,404,439,461,483,508,527,546,607,627,660,676,684,717,726
true 1,16,27,87,109,128,146,168,189,230,309,333,358,380,405,425,439,462,487,508,591,627,646,660,683,726,728
true 1,27,30,39,59,145,168,190,209,229,253,277,309,406,462,483,487,509,527,545,569,591,659,683,694,709,728
true 1,27,58,87,109,147,168,189,209,230,254,276,310,333,380,404,460,509,546,569,592,608,659,682,694,709,718
true 1,16,27,86,110,128,146,168,174,191,209,228,332,381,405,425,461,509,569,607,646,659,676,684,694,709,717
true 1,27,59,87,109,145,168,174,189,230,253,277,333,357,380,406,461,510,545,568,607,626,661,676,684,708,717
true 1,27,58,86,110,147,168,191,228,254,276,309,332,357,381,404,462,487,510,546,568,591,626,661,683,708,728
true 1,27,59,86,110,145,168,191,228,253,277,310,332,358,381,406,439,460,508,545,592,608,627,660,682,718,726
true 1,16,30,39,77,78,128,276,277,309,310,332,333,380,381,508,509,510,545,546,607,608,659,660,661,676,728
true 1,30,39,77,78,145,146,147,174,253,254,332,333,357,358,380,381,439,591,592,646,682,683,684,694,708,709
true 1,16,77,78,86,87,128,228,229,230,276,277,357,358,439,460,461,462,483,487,545,546,694,708,709,717,718
true 1,30,39,58,59,77,78,209,332,333,380,381,404,405,406,425,460,461,462,487,568,569,626,627,717,718,726
true 1,77,78,86,87,145,146,147,209,228,229,230,253,254,309,310,483,568,569,607,608,626,627,646,676,726,728
true 1,16,77,78,109,110,128,174,189,190,191,209,276,277,527,545,546,568,569,591,592,626,627,682,683,684,726
true 1,58,59,77,78,86,87,174,228,229,230,404,405,406,425,483,508,509,510,591,592,659,660,661,682,683,684
true 1,77,78,109,110,145,146,147,189,190,191,253,254,460,461,462,487,508,509,510,527,646,659,660,661,717,718
true 1,58,59,77,78,109,110,189,190,191,309,310,357,358,404,405,406,425,439,527,607,608,676,694,708,709,728
false 1,7,28,32,46,80,92,100,122,140,176,198,199,216,243,245,271,313,342,368,395,422,492,538,565,657,707
true 1,7,28,32,46,92,122,198,243,308,340,362,392,417,459,489,514,535,554,590,611,630,641,650,654,705,725
false 1,7,12,28,35,47,91,101,123,140,175,197,217,245,271,295,312,339,395,422,438,464,490,538,567,612,687
true 1,7,28,44,100,120,137,216,242,244,267,334,368,393,419,460,484,536,565,591,606,607,657,676,683,707,718
false 1,2,7,8,13,28,33,48,93,140,215,245,271,311,341,367,395,422,437,463,491,518,538,566,593,613,658
true 1,7,28,119,137,192,215,241,244,267,309,335,367,390,393,419,437,461,485,518,536,566,592,658,682,717,728
false 1,7,28,32,35,46,55,92,101,122,141,198,217,243,272,295,311,341,394,438,463,491,537,567,593,613,642
true 1,7,11,28,45,88,100,121,193,216,266,309,336,368,418,461,534,555,565,592,640,657,682,699,707,717,728
false 1,7,12,28,47,55,80,91,123,141,176,197,199,215,272,313,339,342,367,394,437,492,518,537,566,642,658
true 1,7,28,44,120,174,215,242,266,310,334,367,418,437,462,484,487,518,534,555,566,606,608,640,658,684,699
false 1,2,7,8,13,28,33,48,55,93,100,141,175,216,272,312,368,394,464,490,537,565,612,642,657,687,707
true 1,7,28,35,101,119,192,217,241,266,295,335,390,418,438,460,485,534,555,567,591,607,640,676,683,699,718
false 1,7,15,28,32,46,56,92,122,124,142,175,198,215,243,246,312,367,396,437,464,490,518,566,612,658,687
true 1,7,11,28,45,88,121,193,215,336,367,392,417,437,460,518,535,554,566,591,607,641,650,658,676,683,718
false 1,7,12,15,28,47,56,91,100,123,124,142,197,216,246,311,339,341,368,396,463,491,565,593,613,657,707
true 1,2,6,8,12,26,32,46,91,125,200,248,296,344,399,440,495,550,570,625,648,670,693,701,713,721,727
true 1,2,6,8,12,26,32,46,91,249,345,400,411,441,496,507,542,549,571,582,617,624,647,662,669,692,712
true 1,6,26,33,48,92,123,125,197,243,248,399,441,452,497,507,550,571,581,618,624,648,662,668,690,692,701
true 1,2,6,8,12,26,32,46,91,260,356,401,410,452,497,506,543,548,572,581,618,623,645,663,668,690,710
true 1,6,26,33,48,92,123,197,200,243,249,344,356,400,411,495,506,542,549,572,623,647,663,670,710,713,727
true 1,6,13,26,47,93,122,125,198,248,339,345,356,399,496,506,550,572,582,617,623,648,663,669,701,710,712
true 1,6,26,33,48,92,123,197,243,260,296,345,401,410,440,496,543,548,570,582,617,625,645,669,693,712,721
true 1,6,13,26,47,93,122,198,249,296,339,400,411,440,452,497,542,549,570,581,618,625,647,668,690,693,721
true 1,6,13,26,47,93,122,198,200,260,339,344,401,410,441,495,507,543,548,571,624,645,662,670,692,713,727
true 1,2,8,27,47,92,125,168,200,243,296,339,400,410,496,506,550,571,581,625,645,647,670,690,692,710,712
true 1,2,8,27,47,92,168,243,249,339,345,399,411,441,495,507,543,548,570,582,618,623,648,663,668,693,713
true 1,12,27,33,48,91,122,125,168,198,344,400,410,441,452,497,507,550,570,617,623,645,647,663,669,693,727
true 1,2,8,27,47,92,168,243,248,260,339,344,356,401,440,452,497,542,549,572,617,624,662,669,701,721,727
true 1,12,27,33,48,91,122,168,198,200,249,356,399,411,440,496,543,548,572,581,624,648,662,670,690,712,721
true 1,13,27,32,46,93,123,125,168,197,345,356,400,410,440,495,550,572,582,618,624,645,647,662,668,713,721
true 1,12,27,33,48,91,122,168,198,248,260,296,345,401,495,506,542,549,571,582,618,625,668,692,701,710,713
true 1,13,27,32,46,93,123,168,197,249,296,344,399,411,452,497,506,543,548,571,617,625,648,669,692,710,727
true 1,13,27,32,46,93,123,168,197,200,248,260,401,441,496,507,542,549,570,581,623,663,670,690,693,701,712
true 1,2,8,77,78,122,123,125,197,198,200,296,542,543,548,549,550,617,618,623,624,625,662,663,668,669,670
true 1,2,8,77,78,122,123,197,198,248,249,344,345,410,411,440,441,506,507,581,582,645,690,701,710,721,727
true 1,32,33,46,47,48,77,78,125,339,440,441,452,495,496,497,506,507,542,543,548,549,550,710,712,713,721
true 1,2,8,77,78,122,123,197,198,260,356,399,400,401,452,495,496,497,570,571,572,647,648,692,693,712,713
true 1,32,33,46,47,48,77,78,200,248,249,339,356,410,411,570,571,572,617,618,645,668,669,670,692,693,701
true 1,12,13,77,78,91,92,93,125,243,344,345,356,542,543,548,549,550,570,571,572,581,582,690,692,693,727
true 1,32,33,46,47,48,77,78,260,296,339,344,345,399,400,401,581,582,623,624,625,647,648,662,663,690,727
true 1,12,13,77,78,91,92,93,243,248,249,296,410,411,452,495,496,497,623,624,625,645,662,663,701,712,713
true 1,12,13,77,78,91,92,93,200,243,260,399,400,401,440,441,506,507,617,618,647,648,668,669,670,710,721
true 1,7,28,35,44,101,120,217,242,295,309,334,392,417,438,461,484,535,554,567,592,606,641,650,682,717,728
false 1,7,28,51,60,80,86,132,148,176,190,199,210,228,259,278,313,333,342,360,380,442,492,512,527,573,664
true 1,7,28,100,119,174,192,216,241,310,335,368,390,392,417,462,485,487,535,554,565,608,641,650,657,684,707
true 1,2,6,8,12,26,32,46,91,244,267,340,363,392,418,436,459,488,514,534,554,563,589,609,629,654,674
true 1,2,6,8,12,26,32,46,91,137,212,266,308,362,393,417,458,489,513,535,564,588,610,640,655,685,705
true 1,6,26,33,48,92,123,197,212,243,244,267,362,392,418,513,534,554,564,590,611,655,675,686,705,715,719
true 1,2,6,8,12,26,32,46,91,419,515,536,555,590,611,630,641,650,656,675,686,695,699,706,715,719,725
true 1,6,26,33,48,92,123,137,197,243,266,340,393,417,459,488,515,535,589,609,630,640,656,674,695,706,725
true 1,6,13,26,47,93,122,198,244,267,308,339,392,418,458,489,515,534,554,588,610,630,656,685,695,706,725
true 1,6,26,33,48,92,123,197,243,308,363,419,436,458,489,514,536,555,563,588,610,629,641,650,654,685,699
true 1,6,13,26,47,93,122,137,198,266,339,363,393,417,436,514,535,563,590,611,629,640,654,675,686,715,719
true 1,6,13,26,47,93,122,198,212,339,340,362,419,459,488,513,536,555,564,589,609,641,650,655,674,699,705
true 1,2,8,27,47,92,168,243,244,267,339,340,363,417,436,459,513,535,555,588,610,630,655,675,699,719,725
true 1,2,8,27,47,92,137,168,212,243,308,339,393,418,489,514,534,564,589,609,641,650,654,686,695,706,715
true 1,12,27,33,48,91,122,168,198,212,244,267,417,458,488,514,535,555,564,590,611,654,674,685,695,699,706
true 1,2,8,27,47,92,168,243,266,339,362,392,419,458,488,515,536,554,563,590,611,629,640,656,674,685,705
true 1,12,27,33,48,91,122,137,168,198,340,362,393,418,459,515,534,563,588,610,629,641,650,656,675,705,719
true 1,13,27,32,46,93,123,168,197,244,267,308,362,417,489,515,535,555,563,589,609,629,656,686,699,705,715
true 1,12,27,33,48,91,122,168,198,266,308,363,392,419,436,489,513,536,554,589,609,630,640,655,686,715,725
true 1,13,27,32,46,93,123,137,168,197,363,393,418,436,458,488,513,534,590,611,630,641,650,655,674,685,725
true 1,13,27,32,46,93,123,168,197,212,266,340,392,419,459,514,536,554,564,588,610,640,654,675,695,706,719
true 1,2,8,77,78,122,123,197,198,244,266,267,340,362,363,436,458,459,640,641,650,685,686,695,705,706,715
true 1,2,8,77,78,122,123,137,197,198,212,308,392,393,488,489,554,555,563,564,629,630,674,675,699,719,725
true 1,32,33,46,47,48,77,78,212,244,266,267,339,563,564,588,589,590,609,610,611,629,630,640,641,650,725
true 1,2,8,77,78,122,123,197,198,417,418,419,513,514,515,534,535,536,588,589,590,609,610,611,654,655,656
true 1,32,33,46,47,48,77,78,137,339,340,392,393,458,459,513,514,515,554,555,654,655,656,685,686,699,715
true 1,12,13,77,78,91,92,93,243,244,266,267,308,488,489,513,514,515,640,641,650,654,655,656,674,675,719
true 1,32,33,46,47,48,77,78,308,339,362,363,417,418,419,436,488,489,534,535,536,674,675,695,705,706,719
true 1,12,13,77,78,91,92,93,137,243,362,363,392,393,436,554,555,588,589,590,609,610,611,695,699,705,706
true 1,12,13,77,78,91,92,93,212,243,340,417,418,419,458,459,534,535,536,563,564,629,630,685,686,715,725
false 1,7,28,51,60,98,109,132,148,169,175,189,211,229,259,278,298,312,332,361,381,444,464,483,490,612,687
true 1,7,28,117,137,194,213,239,244,267,311,337,341,365,389,393,419,463,486,491,517,536,593,613,702,723,729
false 1,7,28,30,39,51,60,87,110,132,148,191,230,259,278,297,311,341,359,443,463,491,511,574,593,613,628
true 1,2,6,8,12,26,32,46,50,57,91,95,102,129,143,170,177,204,218,255,273,300,314,351,369,447,465
true 1,2,6,8,12,26,32,46,91,130,205,256,275,301,352,371,407,424,448,467,503,520,557,578,595,632,677
true 1,6,26,33,48,50,57,92,123,129,143,197,243,255,273,301,315,353,371,448,466,504,520,578,594,622,632
true 1,2,6,8,12,26,32,46,91,144,219,257,274,315,353,370,408,423,449,466,504,519,547,579,594,622,667
true 1,6,26,33,48,92,95,123,130,177,197,204,219,243,256,275,314,351,370,407,424,449,465,519,557,579,667
true 1,6,13,26,47,50,57,93,122,129,143,198,205,219,255,273,339,352,370,449,467,503,519,579,595,667,677
true 1,6,26,33,48,92,102,123,144,170,197,205,218,243,257,274,300,352,369,408,423,447,467,503,547,595,677
true 1,6,13,26,47,93,102,122,130,170,198,218,256,275,300,315,339,353,369,407,424,447,466,504,557,594,622
true 1,6,13,26,47,93,95,122,144,177,198,204,257,274,301,314,339,351,371,408,423,448,465,520,547,578,632
true 1,2,8,27,47,50,57,92,95,102,168,170,177,243,256,274,339,352,370,448,466,547,557,622,632,667,677
true 1,2,8,27,47,92,130,143,168,205,218,243,255,275,301,314,339,351,371,408,423,447,467,504,519,579,594
true 1,12,27,33,48,50,57,91,122,168,198,204,218,256,274,301,315,353,371,447,465,503,519,547,557,579,595
true 1,2,8,27,47,92,129,144,168,204,219,243,257,273,300,315,339,353,369,407,424,449,465,503,520,578,595
true 1,12,27,33,48,91,95,122,130,143,168,177,198,219,255,275,300,352,369,408,423,449,466,520,578,622,677
true 1,13,27,32,46,50,57,93,123,168,197,205,219,256,274,300,314,351,369,449,467,504,520,547,557,578,594
true 1,12,27,33,48,91,102,122,129,144,168,170,198,205,257,273,314,351,370,407,424,448,467,504,594,632,667
true 1,13,27,32,46,93,102,123,130,143,168,170,197,204,255,275,315,353,370,408,423,448,465,503,595,632,667
true 1,13,27,32,46,93,95,123,129,144,168,177,197,218,257,273,301,352,371,407,424,447,466,519,579,622,677
true 1,2,8,50,57,77,78,95,102,122,123,170,177,197,198,407,408,423,424,503,504,519,520,578,579,594,595
true 1,2,8,77,78,122,123,129,130,197,198,204,205,273,274,275,300,301,369,370,371,465,466,467,547,622,667
true 1,32,33,46,47,48,50,57,77,78,300,301,314,315,339,351,352,353,369,370,371,407,408,423,424,667,677
true 1,2,8,77,78,122,123,143,144,197,198,218,219,255,256,257,314,315,351,352,353,447,448,449,557,632,677
true 1,32,33,46,47,48,77,78,95,129,130,177,218,219,273,274,275,339,447,448,449,503,504,547,594,595,632
true 1,12,13,50,57,77,78,91,92,93,204,205,218,219,243,407,408,423,424,447,448,449,465,466,467,622,632
true 1,32,33,46,47,48,77,78,102,143,144,170,204,205,255,256,257,339,465,466,467,519,520,557,578,579,622
true 1,12,13,77,78,91,92,93,102,129,130,170,243,273,274,275,314,315,351,352,353,519,520,547,578,579,677
true 1,12,13,77,78,91,92,93,95,143,144,177,243,255,256,257,300,301,369,370,371,503,504,557,594,595,667
true 1,7,28,89,137,175,195,238,244,267,312,338,364,388,393,419,464,490,516,531,536,612,631,652,687,703,724
false 1,7,17,28,61,86,98,131,149,169,190,211,228,258,298,311,333,341,361,380,409,444,463,491,527,593,613
true 1,7,28,31,43,90,118,175,196,213,240,266,312,365,418,464,490,517,534,555,612,640,687,699,702,723,729
true 1,3,6,10,14,17,26,41,51,60,84,101,114,131,184,216,324,348,367,438,457,499,566,587,619,657,673
true 1,6,10,26,35,41,52,62,84,94,100,114,132,149,184,201,215,258,278,307,324,346,456,567,586,658,707
true 1,3,6,14,17,26,35,51,60,100,116,131,173,185,202,215,237,306,325,347,387,455,476,498,567,658,707
true 1,6,10,18,26,41,61,84,114,133,148,173,184,202,217,259,295,306,324,347,368,409,437,455,498,518,565
true 1,6,26,52,62,116,132,149,185,217,237,258,278,295,325,348,368,387,437,457,476,499,518,565,587,619,673
true 1,3,6,14,17,26,42,51,60,94,115,131,201,217,236,295,307,326,346,368,437,456,477,518,565,586,602
true 1,6,18,26,61,94,101,116,133,148,185,201,216,237,259,307,325,346,367,387,409,438,456,476,566,586,657
true 1,6,26,42,52,62,101,115,132,149,173,202,216,236,258,278,306,326,347,367,438,455,477,498,566,602,657
true 1,6,18,26,35,42,61,100,115,133,148,215,236,259,326,348,409,457,477,499,567,587,602,619,658,673,707
true 1,3,10,14,27,61,84,101,115,132,168,201,215,278,306,325,348,368,387,409,438,457,498,565,586,602,658
true 1,10,17,27,35,52,62,84,94,115,131,148,168,216,259,307,325,347,387,437,455,518,567,587,602,619,657
true 1,3,14,27,35,41,61,116,132,168,173,185,202,216,236,278,324,346,409,437,456,477,499,518,567,657,673
true 1,10,18,27,51,60,84,100,115,133,149,168,173,202,217,258,295,325,346,367,387,456,499,566,602,673,707
true 1,17,27,41,52,62,100,116,131,148,168,185,201,217,236,259,295,306,324,348,367,457,477,498,566,586,707
true 1,3,14,27,42,61,94,100,114,132,168,184,217,237,278,295,307,326,347,367,409,455,476,566,587,619,707
true 1,18,27,41,51,60,94,101,116,133,149,168,185,215,236,258,307,324,347,368,438,455,477,565,587,619,658
true 1,17,27,42,52,62,101,114,131,148,168,173,184,202,215,237,259,326,346,368,438,456,476,499,565,658,673
true 1,18,27,35,42,51,60,114,133,149,168,184,201,216,237,258,306,326,348,437,457,476,498,518,567,586,657
true 1,3,10,14,77,78,84,100,101,148,149,236,237,258,259,346,347,348,437,438,455,456,457,476,477,518,707
true 1,10,35,51,52,60,61,62,77,78,84,94,236,237,306,307,367,368,409,476,477,498,499,565,566,567,673
true 1,3,14,35,77,78,114,115,116,148,149,173,184,185,201,202,258,259,367,368,565,566,567,586,587,602,619
true 1,10,17,18,77,78,84,131,132,133,173,201,202,215,216,217,236,237,278,295,476,477,586,587,619,657,658
true 1,51,52,60,61,62,77,78,114,115,116,184,185,215,216,217,295,346,347,348,409,455,456,457,602,657,658
true 1,3,14,41,42,77,78,94,148,149,215,216,217,258,259,295,306,307,324,325,326,387,498,499,657,658,673
true 1,17,18,77,78,94,100,101,114,115,116,131,132,133,184,185,278,306,307,437,438,498,499,518,602,673,707
true 1,41,42,51,52,60,61,62,77,78,100,101,173,201,202,324,325,326,387,409,437,438,518,586,587,619,707
true 1,17,18,35,41,42,77,78,131,132,133,278,324,325,326,346,347,348,367,368,387,455,456,457,565,566,567
false 1,7,17,28,61,80,109,131,149,176,189,199,229,258,297,313,332,342,359,381,409,443,483,492,511,574,628
true 1,7,28,80,117,176,194,199,239,266,313,337,342,364,389,418,486,492,516,534,555,631,640,652,699,703,724
false 1,7,17,28,30,39,61,87,110,131,149,175,191,210,230,258,312,360,409,442,464,490,512,573,612,664,687
true 1,7,28,89,99,195,214,238,266,311,338,341,366,388,418,463,491,531,534,555,562,593,613,640,653,699,704
true 1,3,6,14,17,26,40,51,60,112,131,214,233,365,452,472,497,516,581,598,618,668,678,690,704,724,729
true 1,6,26,40,52,62,99,112,132,149,200,213,233,258,278,344,364,472,495,562,598,652,670,678,702,713,727
true 1,3,6,14,17,26,51,60,99,131,213,235,345,364,386,496,530,562,582,599,617,652,669,679,702,712,716
true 1,6,18,26,40,61,112,133,148,233,259,345,366,409,472,496,517,582,598,617,631,653,669,678,703,712,723
true 1,6,26,52,62,132,149,235,258,278,366,386,452,497,517,530,581,599,618,631,653,668,679,690,703,716,723
true 1,3,6,14,17,26,51,60,113,131,200,234,321,344,366,385,471,495,517,597,631,653,670,703,713,723,727
true 1,6,18,26,61,133,148,200,214,235,259,344,365,386,409,495,516,530,599,670,679,704,713,716,724,727,729
true 1,6,26,52,62,113,132,149,214,234,258,278,321,345,365,385,471,496,516,582,597,617,669,704,712,724,729
true 1,6,18,26,61,99,113,133,148,213,234,259,321,364,385,409,452,471,497,562,581,597,618,652,668,690,702
true 1,3,14,27,40,61,132,168,214,234,278,344,364,409,452,472,497,517,530,597,617,652,669,679,704,723,727
true 1,17,27,40,52,62,99,131,148,168,200,234,259,365,472,496,530,562,581,597,631,670,679,690,703,712,729
true 1,3,14,27,61,99,112,132,168,235,278,345,365,385,409,471,495,562,582,599,618,631,668,678,703,713,729
true 1,18,27,40,51,60,133,149,168,213,234,258,345,366,472,495,516,530,582,597,618,653,668,679,702,713,724
true 1,17,27,52,62,112,131,148,168,213,235,259,344,366,385,452,471,497,516,599,617,653,669,678,702,724,727
true 1,3,14,27,61,113,132,168,200,213,233,278,321,366,386,409,496,516,581,598,653,670,690,702,712,716,724
true 1,18,27,51,60,112,133,149,168,200,214,235,258,364,385,471,496,517,581,599,652,670,678,690,704,712,723
true 1,17,27,52,62,113,131,148,168,214,233,259,321,345,364,386,495,517,582,598,618,652,668,704,713,716,723
true 1,18,27,51,60,99,113,133,149,168,233,258,321,344,365,386,452,497,562,598,617,631,669,703,716,727,729
true 1,3,14,40,77,78,148,149,213,214,258,259,385,386,452,471,472,495,496,497,631,702,703,704,712,713,716
true 1,40,51,52,60,61,62,77,78,99,200,385,386,409,471,472,516,517,562,617,618,668,669,670,716,723,724
true 1,3,14,77,78,99,148,149,233,234,235,258,259,344,345,516,517,562,581,582,597,598,599,690,723,724,727
true 1,17,18,40,77,78,131,132,133,278,344,345,364,365,366,385,386,471,472,581,582,652,653,690,716,727,729
true 1,51,52,60,61,62,77,78,233,234,235,364,365,366,409,452,495,496,497,597,598,599,652,653,712,713,729
true 1,3,14,77,78,112,113,148,149,200,258,259,321,364,365,366,530,617,618,652,653,668,669,670,678,679,729
true 1,17,18,77,78,131,132,133,200,213,214,233,234,235,278,597,598,599,617,618,631,668,669,670,702,703,704
true 1,51,52,60,61,62,77,78,112,113,213,214,321,344,345,409,530,581,582,631,678,679,690,702,703,704,727
true 1,17,18,77,78,99,112,113,131,132,133,278,321,452,495,496,497,516,517,530,562,678,679,712,713,723,724
false 1,3,7,14,18,28,52,62,86,133,175,190,228,297,312,333,359,380,443,464,490,511,527,574,612,628,687
true 1,7,28,31,43,90,118,196,240,311,341,364,392,417,463,491,516,535,554,593,613,631,641,650,652,703,724
false 1,3,7,14,18,28,52,62,109,133,189,210,229,311,332,341,360,381,442,463,483,491,512,573,593,613,664
true 1,7,28,99,117,175,194,214,239,312,337,366,389,392,417,464,486,490,535,554,562,612,641,650,653,687,704
true 1,3,6,14,17,26,51,60,131,183,212,322,362,384,473,494,513,529,564,585,615,636,655,672,688,705,714
true 1,6,26,52,62,132,149,183,258,278,322,384,454,473,515,529,584,616,630,636,656,671,689,695,706,720,725
true 1,3,6,14,17,26,51,60,131,232,305,323,343,383,453,474,493,515,528,583,600,614,630,656,695,706,725
true 1,6,18,26,61,133,148,183,259,305,322,343,363,384,409,436,453,473,493,514,529,563,583,614,629,636,654
true 1,6,26,52,62,132,149,232,258,278,323,363,383,436,474,494,514,528,563,585,600,615,629,654,672,688,714
true 1,3,6,14,17,26,51,60,111,131,231,363,382,436,454,475,514,563,584,601,616,629,654,671,680,689,720
true 1,6,18,26,61,133,148,212,232,259,323,362,383,409,454,474,513,528,564,584,600,616,655,671,689,705,720
true 1,6,26,52,62,111,132,149,212,231,258,278,305,343,362,382,453,475,493,513,564,583,601,614,655,680,705
true 1,6,18,26,61,111,133,148,231,259,382,409,475,494,515,585,601,615,630,656,672,680,688,695,706,714,725
true 1,3,14,27,61,132,168,183,212,231,278,384,409,453,474,494,514,528,564,585,614,654,671,680,689,695,706
true 1,17,27,52,62,131,148,168,183,231,259,362,384,454,474,493,515,528,563,583,616,629,656,672,680,688,705
true 1,3,14,27,61,132,168,232,278,305,323,343,362,382,409,473,515,529,563,584,601,615,629,656,705,714,720
true 1,18,27,51,60,133,149,168,183,231,258,305,343,363,384,436,474,513,528,584,615,630,655,680,714,720,725
true 1,17,27,52,62,131,148,168,232,259,323,363,382,436,453,473,494,513,529,585,601,614,630,655,671,689,725
true 1,3,14,27,61,111,132,168,278,322,363,383,409,436,454,475,493,513,583,600,616,630,636,655,672,688,725
true 1,18,27,51,60,133,149,168,212,232,258,323,382,454,473,493,514,529,564,583,601,616,654,672,688,695,706
true 1,17,27,52,62,111,131,148,168,212,259,305,322,343,383,475,514,564,584,600,615,636,654,695,706,714,720
true 1,18,27,51,60,111,133,149,168,258,322,362,383,453,475,494,515,563,585,600,614,629,636,656,671,689,705
true 1,3,14,77,78,148,149,183,212,258,259,382,383,384,493,494,563,564,583,584,585,600,601,629,630,720,725
true 1,51,52,60,61,62,77,78,183,382,383,384,409,453,454,513,514,515,600,601,614,615,616,654,655,656,714
true 1,3,14,77,78,148,149,231,232,258,259,305,322,323,343,513,514,515,636,654,655,656,671,672,680,688,689
true 1,17,18,77,78,131,132,133,183,278,305,343,362,363,382,383,384,436,600,601,671,672,688,689,695,705,706
true 1,51,52,60,61,62,77,78,231,232,322,323,362,363,409,436,493,494,583,584,585,636,680,695,705,706,720
true 1,3,14,77,78,111,148,149,258,259,362,363,436,453,454,473,474,475,528,529,614,615,616,695,705,706,714
true 1,17,18,77,78,131,132,133,212,231,232,278,322,323,453,454,563,564,614,615,616,629,630,636,680,714,725
true 1,51,52,60,61,62,77,78,111,212,305,343,409,473,474,475,528,529,563,564,629,630,671,672,688,689,725
true 1,17,18,77,78,111,131,132,133,278,473,474,475,493,494,513,514,515,528,529,583,584,585,654,655,656,720
true 1,7,28,51,60,94,100,114,132,148,173,184,202,216,236,259,278,307,325,348,368,387,457,477,565,657,707
true 1,7,28,80,89,176,195,199,213,238,313,338,342,365,388,392,417,492,517,531,535,554,641,650,702,723,729
true 1,7,28,35,41,51,60,101,115,132,148,217,237,259,278,295,306,324,346,438,456,476,498,567,587,602,619
true 1,7,15,28,56,112,124,142,204,234,246,352,357,386,396,465,504,509,594,597,627,659,677,678,708,716,726
true 1,7,10,28,42,51,60,84,116,132,148,185,201,215,259,278,326,347,367,437,455,499,518,566,586,658,673
true 1,7,15,28,56,124,142,233,246,314,351,385,396,466,471,503,508,530,568,595,598,622,626,660,679,694,709
true 1,7,17,28,35,61,101,114,131,149,184,201,217,236,258,295,325,347,387,409,438,455,477,499,567,586,673
true 1,7,28,40,55,113,141,235,272,314,321,351,357,394,466,472,503,509,537,595,599,622,627,642,659,708,726
true 1,7,17,28,41,61,94,115,131,149,173,202,215,237,258,307,324,348,367,409,437,457,476,518,566,602,658
true 1,7,28,55,95,112,141,177,205,234,272,315,353,386,394,467,508,537,568,597,626,642,660,678,694,709,716
true 1,7,10,17,28,42,61,84,100,116,131,149,185,216,258,306,326,346,368,409,456,498,565,587,619,657,707
true 1,7,28,55,141,204,209,233,272,352,358,385,394,439,465,471,504,510,530,537,569,594,598,642,661,677,679
true 1,3,7,14,18,28,52,62,114,133,184,215,236,306,325,346,367,387,437,456,477,498,518,566,587,619,658
true 1,7,28,40,113,140,204,235,245,271,321,352,395,422,465,472,504,508,538,568,594,599,626,660,677,694,709
true 1,3,7,14,18,28,41,52,62,100,115,133,201,216,237,324,347,368,455,476,499,565,586,602,657,673,707
true 1,7,28,112,140,209,234,245,271,314,351,358,386,395,422,439,466,503,510,538,569,595,597,622,661,678,716
true 1,6,7,26,27,28,49,53,77,78,126,127,135,136,168,250,251,252,263,264,265,402,403,415,416,544,553
true 1,7,28,95,140,177,205,233,245,271,315,353,357,385,395,422,467,471,509,530,538,598,627,659,679,708,726
true 1,6,7,15,26,27,28,55,56,77,78,124,140,141,142,168,245,246,271,272,394,395,396,422,537,538,642
true 1,7,15,28,56,124,142,231,246,316,349,383,396,468,473,501,506,529,570,596,600,621,624,662,680,693,710
true 1,4,6,11,19,21,26,40,44,64,69,108,112,119,153,193,226,233,328,335,377,472,479,484,598,603,678
true 1,6,22,26,40,70,112,121,155,161,186,227,233,242,285,327,336,378,390,431,472,478,485,525,598,606,678
true 1,4,6,19,21,26,64,69,121,153,235,242,336,379,386,390,480,485,526,530,599,604,606,635,679,681,716
true 1,6,26,40,45,65,71,88,112,120,154,162,192,233,241,284,291,334,379,472,480,526,598,604,635,678,681
true 1,6,22,26,45,70,88,108,120,155,161,192,226,235,241,285,328,334,377,386,431,479,530,599,603,679,716
true 1,4,6,19,21,26,45,64,69,88,113,120,153,186,192,227,234,241,321,327,334,378,385,471,478,525,597
true 1,6,11,26,44,65,71,119,154,162,186,193,227,235,284,291,327,335,378,386,478,484,525,530,599,679,716
true 1,6,11,22,26,44,70,113,119,155,161,193,234,285,321,335,379,385,431,471,480,484,526,597,604,635,681
true 1,6,26,65,71,108,113,121,154,162,226,234,242,284,291,321,328,336,377,385,390,471,479,485,597,603,606
true 1,4,11,19,27,40,70,108,120,154,168,193,234,291,328,334,378,390,431,472,478,485,530,597,604,635,679
true 1,22,27,40,44,64,69,121,155,162,168,186,192,227,234,241,284,336,377,472,479,484,526,530,597,679,681
true 1,4,19,27,44,70,112,121,154,168,192,226,235,241,291,327,336,379,385,431,471,480,484,525,599,603,678
true 1,21,27,40,45,65,71,88,119,153,161,168,226,234,242,285,327,335,379,472,480,525,530,597,603,606,679
true 1,22,27,45,64,69,88,108,112,119,155,162,168,235,242,284,328,335,378,385,471,478,599,604,606,635,678
true 1,4,19,27,45,70,88,113,119,154,168,186,227,233,242,291,321,335,377,386,431,479,526,598,606,681,716
true 1,11,21,27,65,71,112,120,153,161,168,186,193,227,235,285,334,377,385,390,471,479,485,526,599,678,681
true 1,11,22,27,64,69,113,120,155,162,168,193,226,233,284,321,327,334,379,386,390,480,485,525,598,603,716
true 1,21,27,44,65,71,108,113,121,153,161,168,192,233,241,285,321,328,336,378,386,478,484,598,604,635,716
true 1,4,11,19,40,77,78,108,161,162,192,193,241,242,284,285,327,328,385,386,471,472,525,526,606,681,716
true 1,21,22,40,77,78,119,120,121,153,154,155,186,226,227,291,334,335,336,385,386,471,472,603,604,635,716
true 1,4,19,77,78,119,120,121,161,162,233,234,235,284,285,334,335,336,377,378,379,478,479,480,597,598,599
true 1,40,44,45,64,65,69,70,71,77,78,88,377,378,379,385,386,390,431,471,472,478,479,480,484,485,716
true 1,21,22,44,45,77,78,88,108,153,154,155,233,234,235,291,327,328,390,484,485,525,526,597,598,599,681
true 1,4,19,44,45,77,78,88,112,113,161,162,186,226,227,284,285,321,390,484,485,530,603,604,635,678,679
true 1,11,64,65,69,70,71,77,78,186,192,193,226,227,233,234,235,241,242,431,597,598,599,603,604,606,635
true 1,11,21,22,77,78,112,113,153,154,155,192,193,241,242,291,321,377,378,379,478,479,480,530,606,678,679
true 1,64,65,69,70,71,77,78,108,112,113,119,120,121,321,327,328,334,335,336,431,525,526,530,678,679,681
false 1,7,28,49,51,53,55,60,64,69,127,132,136,141,148,154,161,252,259,265,272,278,285,291,394,537,642
true 1,4,6,19,21,26,31,64,69,85,89,153,183,187,194,240,322,329,384,389,473,524,529,531,634,636,696
true 1,6,22,26,70,90,118,155,161,183,195,225,239,285,322,331,337,375,384,388,431,473,482,522,529,605,636
true 1,4,6,19,21,26,64,69,90,118,153,188,195,232,239,323,330,337,376,383,388,474,481,523,528,600,633
true 1,6,26,43,65,71,117,154,162,183,188,196,238,284,291,322,330,338,376,384,473,481,486,523,529,633,636
true 1,6,22,26,43,70,85,117,155,161,187,196,232,238,285,323,329,338,383,431,474,486,524,528,600,634,696
true 1,4,6,19,21,26,43,64,69,111,117,153,196,225,231,238,331,338,375,382,475,482,486,522,601,605,680
true 1,6,26,31,65,71,89,154,162,194,225,232,240,284,291,323,331,375,383,389,474,482,522,528,531,600,605
true 1,6,22,26,31,70,89,111,155,161,188,194,231,240,285,330,376,382,389,431,475,481,523,531,601,633,680
true 1,6,26,65,71,85,90,111,118,154,162,187,195,231,239,284,291,329,337,382,388,475,524,601,634,680,696
true 1,4,19,27,31,70,85,117,154,168,183,195,231,240,291,330,375,384,388,431,474,486,524,528,605,633,680
true 1,22,27,64,69,90,118,155,162,168,183,187,194,225,231,238,284,331,338,384,389,474,481,523,528,680,696
true 1,4,19,27,70,90,118,154,168,188,194,232,238,291,323,329,338,376,382,389,431,473,482,522,529,601,634
true 1,21,27,43,65,71,89,153,161,168,183,188,196,231,239,285,329,337,376,384,474,482,522,528,531,634,680
true 1,22,27,43,64,69,85,89,155,162,168,196,232,239,284,323,330,337,375,382,473,524,529,531,601,605,633
true 1,4,19,27,43,70,89,111,154,168,187,196,225,239,291,322,331,337,383,431,475,481,523,531,600,636,696
true 1,21,27,31,65,71,117,153,161,168,187,195,225,232,240,285,323,331,382,388,473,481,486,523,529,601,696
true 1,22,27,31,64,69,111,117,155,162,168,188,195,240,284,322,329,376,383,388,475,482,486,522,600,634,636
true 1,21,27,65,71,85,90,111,118,153,161,168,194,238,285,322,330,338,375,383,389,475,524,600,605,633,636
true 1,4,19,31,77,78,85,161,162,183,238,239,240,284,285,337,338,382,383,384,481,482,522,523,524,600,601
true 1,21,22,77,78,89,90,117,118,153,154,155,183,225,291,329,330,331,382,383,384,486,531,600,601,633,634
true 1,4,19,77,78,89,90,117,118,161,162,187,188,231,232,284,285,322,323,375,376,486,531,605,636,680,696
true 1,43,64,65,69,70,71,77,78,183,187,188,194,195,196,375,376,382,383,384,388,389,431,600,601,605,696
true 1,21,22,43,77,78,85,153,154,155,194,195,196,231,232,291,322,323,388,389,481,482,522,523,524,636,680
true 1,4,19,43,77,78,111,161,162,194,195,196,225,284,285,329,330,331,388,389,473,474,475,528,529,633,634
true 1,31,64,65,69,70,71,77,78,225,231,232,238,239,240,322,323,329,330,331,337,338,431,633,634,636,680
true 1,21,22,31,77,78,111,153,154,155,187,188,238,239,240,291,337,338,375,376,473,474,475,528,529,605,696
true 1,64,65,69,70,71,77,78,85,89,90,111,117,118,431,473,474,475,481,482,486,522,523,524,528,529,531
true 1,7,15,28,56,124,142,178,246,317,322,382,396,440,469,474,500,528,571,601,620,623,636,663,691,692,721
false 1,7,15,17,28,56,61,64,69,124,126,131,142,149,154,161,246,251,258,263,285,291,396,403,409,415,553
true 1,7,28,55,111,141,178,183,232,272,317,323,384,394,469,475,500,506,537,570,620,624,642,662,691,693,710
true 1,2,4,6,8,10,12,19,21,26,30,32,39,41,46,64,69,84,86,91,109,114,153,184,189,228,324
true 1,6,10,22,26,33,41,48,70,84,92,110,114,123,155,161,184,191,197,229,243,285,324,333,380,431,483
true 1,4,6,19,21,26,33,48,64,69,87,92,116,123,153,185,190,197,230,237,243,325,332,381,387,476,527
true 1,6,10,13,26,41,47,65,71,84,87,93,114,122,154,162,184,190,198,230,284,291,324,332,339,381,527
true 1,6,13,22,26,30,39,47,70,86,93,109,116,122,155,161,185,189,198,228,237,285,325,339,387,431,476
true 1,4,6,13,19,21,26,42,47,64,69,93,110,115,122,153,191,198,229,236,326,333,339,380,477,483,602
true 1,2,6,8,12,26,32,46,65,71,91,110,116,154,162,185,191,229,237,284,291,325,333,380,387,476,483
true 1,2,6,8,12,22,26,32,42,46,70,87,91,115,155,161,190,230,236,285,326,332,381,431,477,527,602
true 1,6,26,30,33,39,42,48,65,71,86,92,109,115,123,154,162,189,197,228,236,243,284,291,326,477,602
true 1,2,4,8,10,19,27,30,39,47,70,84,92,115,154,168,190,229,243,291,325,339,387,431,483,527,602
true 1,10,12,22,27,33,48,64,69,84,86,91,110,115,122,155,162,168,191,198,228,284,325,332,381,387,602
true 1,4,12,19,27,33,41,48,70,87,91,109,116,122,154,168,185,189,198,230,236,291,324,333,380,431,477
true 1,10,13,21,27,32,46,65,71,84,87,93,109,115,123,153,161,168,189,197,230,285,325,333,380,387,602
true 1,13,22,27,30,32,39,41,46,64,69,93,116,123,155,162,168,185,190,197,229,236,284,324,477,483,527
true 1,4,13,19,27,32,42,46,70,86,93,110,114,123,154,168,184,191,197,228,237,291,326,332,381,431,476
true 1,2,8,21,27,41,47,65,71,86,92,110,116,153,161,168,185,191,228,236,243,285,324,332,339,381,477
true 1,2,8,22,27,42,47,64,69,87,92,109,114,155,162,168,184,189,230,237,243,284,326,333,339,380,476
true 1,12,21,27,30,33,39,42,48,65,71,91,114,122,153,161,168,184,190,198,229,237,285,326,476,483,527
true 1,2,4,8,10,19,30,39,77,78,84,122,123,161,162,197,198,236,237,284,285,332,333,380,381,476,477
true 1,10,21,22,32,33,46,47,48,77,78,84,109,110,153,154,155,189,190,191,236,237,291,339,476,477,527
true 1,4,19,32,33,46,47,48,77,78,86,87,114,115,116,161,162,184,185,228,229,230,284,285,339,483,602
true 1,10,12,13,64,65,69,70,71,77,78,84,86,87,91,92,93,228,229,230,236,237,243,431,476,477,483
true 1,12,13,21,22,30,39,77,78,91,92,93,114,115,116,153,154,155,184,185,243,291,332,333,380,381,602
true 1,4,12,13,19,41,42,77,78,91,92,93,109,110,161,162,189,190,191,243,284,285,324,325,326,387,527
true 1,2,8,64,65,69,70,71,77,78,109,110,114,115,116,122,123,184,185,189,190,191,197,198,431,527,602
true 1,2,8,21,22,41,42,77,78,86,87,122,123,153,154,155,197,198,228,229,230,291,324,325,326,387,483
true 1,30,32,33,39,41,42,46,47,48,64,65,69,70,71,77,78,324,325,326,332,333,339,380,381,387,431
false 1,3,7,14,18,28,52,62,64,69,133,135,140,154,161,245,250,264,271,285,291,395,402,416,422,538,544
true 1,7,28,55,81,141,179,203,231,272,318,350,383,394,440,473,502,529,537,571,600,623,642,663,680,692,721
false 1,7,15,21,28,51,56,60,70,124,132,135,142,148,153,162,246,250,259,264,278,284,396,402,416,431,544
true 1,7,28,55,141,272,296,316,322,349,356,382,394,441,468,474,501,507,528,537,572,596,601,621,625,636,642
false 1,7,17,21,28,49,53,61,70,127,131,136,140,149,153,162,245,252,258,265,271,284,395,409,422,431,538
true 1,7,28,111,140,183,232,245,271,316,323,349,384,395,422,440,468,475,501,538,571,596,621,623,663,692,721
false 1,3,7,14,18,21,28,52,55,62,70,126,133,141,153,162,251,263,272,284,394,403,415,431,537,553,642
true 1,7,28,140,178,231,245,271,296,317,356,383,395,422,441,469,473,500,507,529,538,572,600,620,625,680,691
false 1,4,7,19,22,28,51,60,65,71,126,132,140,148,155,245,251,259,263,271,278,395,403,415,422,538,553
true 1,7,28,81,140,179,203,245,271,318,322,350,382,395,422,474,502,506,528,538,570,601,624,636,662,693,710
false 1,7,28,41,54,115,139,237,270,316,324,349,357,391,468,476,501,509,533,596,602,621,627,639,659,708,726
false 1,7,28,54,114,139,178,184,236,270,317,325,387,391,469,477,500,508,533,568,620,626,639,660,691,694,709
false 1,7,10,28,42,84,116,138,178,185,269,317,326,357,421,469,500,509,620,627,637,659,691,697,708,722,726
true 1,5,6,15,23,24,26,54,55,72,74,137,138,140,163,246,266,268,393,395,417,533,535,537,638,640,697
true 1,6,25,26,56,75,124,137,141,165,166,245,266,270,271,293,393,394,417,421,435,535,556,639,640,698,722
true 1,5,6,23,24,26,72,74,142,163,270,272,396,419,421,422,536,538,555,556,639,641,642,650,698,699,722
true 1,6,26,73,76,137,139,142,164,167,266,269,272,292,294,391,393,396,417,420,422,532,535,538,637,640,642
true 1,6,15,25,26,55,75,139,140,165,166,246,269,293,391,395,419,420,435,532,536,537,555,637,641,650,699
true 1,5,6,23,24,26,56,72,74,124,139,141,163,244,245,267,269,271,391,392,394,418,420,532,534,554,637
true 1,6,26,54,56,73,76,124,138,141,164,167,245,268,271,292,294,394,419,533,536,555,638,641,650,697,699
true 1,6,25,26,54,75,138,142,165,166,244,267,268,272,293,392,396,418,422,435,533,534,538,554,638,642,697
true 1,6,15,26,55,73,76,140,164,167,244,246,267,270,292,294,392,395,418,421,534,537,554,556,639,698,722
true 1,5,15,23,27,54,75,137,141,164,168,246,269,294,393,394,418,422,435,533,534,538,556,637,641,650,698
true 1,25,27,56,72,74,124,137,138,140,165,167,168,270,272,292,393,395,418,420,532,534,639,641,642,650,697
true 1,5,23,27,55,75,138,142,164,168,245,266,270,271,294,392,396,419,420,435,532,536,537,554,639,640,697
true 1,24,27,55,73,76,137,139,142,163,166,168,245,268,271,293,391,393,396,418,421,534,537,638,641,650,722
true 1,15,25,27,72,74,139,141,165,167,168,246,266,268,292,391,392,394,419,421,422,536,538,554,638,640,722
true 1,5,23,27,56,75,124,139,140,164,168,244,267,268,272,294,391,395,417,421,435,535,555,638,642,699,722
true 1,24,27,54,56,73,76,124,140,163,166,168,266,269,272,293,392,395,419,533,536,554,556,637,640,642,698
true 1,25,27,54,55,72,74,142,165,167,168,244,245,267,269,271,292,396,417,533,535,537,555,556,637,698,699
true 1,15,24,27,73,76,138,141,163,166,168,244,246,267,270,293,394,417,420,422,532,535,538,555,639,697,699
true 1,5,15,23,54,77,78,137,166,167,245,246,271,272,292,293,392,393,420,421,532,533,554,555,642,699,722
true 1,24,25,55,56,77,78,124,137,163,164,165,268,269,270,294,392,393,422,537,538,554,555,637,638,639,699
true 1,5,23,77,78,140,141,142,166,167,268,269,270,292,293,394,395,396,417,418,419,534,535,536,637,638,639
true 1,72,73,74,75,76,77,78,137,138,139,140,141,142,391,392,393,394,395,396,435,554,555,556,697,698,699
true 1,15,24,25,77,78,138,139,163,164,165,245,246,271,272,294,391,417,418,419,534,535,536,556,642,697,698
true 1,5,23,55,56,77,78,124,138,139,166,167,244,266,267,292,293,391,422,537,538,556,640,641,650,697,698
true 1,54,55,56,72,73,74,75,76,77,78,124,417,418,419,420,421,422,435,532,533,534,535,536,537,538,722
true 1,24,25,54,77,78,140,141,142,163,164,165,244,266,267,294,394,395,396,420,421,532,533,640,641,650,722
true 1,15,72,73,74,75,76,77,78,244,245,246,266,267,268,269,270,271,272,435,637,638,639,640,641,642,650
false 1,7,28,41,81,115,138,179,203,237,269,318,324,350,421,476,502,508,568,602,626,637,660,694,697,709,722
false 1,7,28,114,138,184,209,236,269,316,325,349,358,387,421,439,468,477,501,510,569,596,621,637,661,697,722
false 1,7,10,28,42,84,116,185,268,316,326,349,420,468,501,508,532,556,568,596,621,626,638,660,694,698,709
true 1,5,6,23,24,26,49,72,74,125,126,163,247,248,250,265,397,399,414,416,539,550,552,553,648,649,701
true 1,6,25,26,53,75,125,135,165,166,248,252,262,263,293,398,399,403,413,435,540,544,550,551,643,648,701
true 1,5,6,23,24,26,72,74,127,136,163,249,251,262,264,398,400,402,411,413,415,540,542,549,551,643,647
true 1,6,26,73,76,125,127,134,136,164,167,248,251,261,264,292,294,399,402,412,415,541,550,644,648,700,701
true 1,6,25,26,49,75,126,134,165,166,249,250,261,265,293,400,411,412,416,435,541,542,549,553,644,647,700
true 1,5,6,23,24,26,53,72,74,134,135,163,252,260,261,263,401,403,410,412,541,543,544,548,644,645,700
true 1,6,26,53,73,76,135,164,167,247,249,252,263,292,294,397,400,403,411,414,539,542,544,549,552,647,649
true 1,6,25,26,75,127,136,165,166,247,251,260,264,293,397,401,402,410,414,415,435,539,543,548,552,645,649
true 1,6,26,49,73,76,126,164,167,250,260,262,265,292,294,398,401,410,413,416,540,543,548,551,553,643,645
true 1,5,23,27,49,75,125,135,164,168,247,251,261,265,294,400,410,414,415,435,540,544,550,551,645,647,700
true 1,25,27,53,72,74,125,126,165,167,168,252,262,264,292,398,400,402,410,412,539,550,552,553,644,645,647
true 1,5,23,27,75,127,136,164,168,249,250,262,263,294,398,399,403,411,412,416,435,539,543,548,552,644,648
true 1,24,27,73,76,125,127,134,136,163,166,168,250,263,293,397,400,403,410,413,416,541,550,643,645,647,649
true 1,25,27,49,72,74,134,135,165,167,168,249,251,265,292,397,399,411,413,415,541,543,544,548,643,648,649
true 1,5,23,27,53,75,126,134,164,168,248,252,260,264,294,397,401,402,413,435,541,542,549,553,643,649,701
true 1,24,27,53,73,76,126,163,166,168,247,249,252,261,264,293,399,402,411,414,540,543,548,551,553,648,700
true 1,25,27,72,74,127,136,165,167,168,247,248,250,260,261,263,292,401,403,414,416,540,542,549,551,700,701
true 1,24,27,49,73,76,135,163,166,168,248,251,260,262,265,293,398,401,412,415,539,542,544,549,552,644,701
true 1,5,23,49,77,78,125,166,167,247,263,264,265,292,293,402,403,412,413,414,542,543,548,549,550,643,644
true 1,24,25,53,77,78,125,163,164,165,250,251,252,261,262,294,397,398,415,416,542,543,548,549,550,649,700
true 1,5,23,77,78,126,127,135,136,166,167,248,249,261,262,292,293,397,398,410,411,544,553,645,649,700,701
true 1,72,73,74,75,76,77,78,125,126,127,134,135,136,435,539,540,541,542,543,544,548,549,550,551,552,553
true 1,24,25,49,77,78,134,163,164,165,248,249,263,264,265,294,402,403,410,411,539,540,541,551,552,645,701
true 1,5,23,53,77,78,134,166,167,250,251,252,260,292,293,399,400,401,415,416,539,540,541,551,552,647,648
true 1,53,72,73,74,75,76,77,78,247,248,249,250,251,252,410,411,412,413,414,415,416,435,643,644,645,701
true 1,24,25,77,78,126,127,135,136,163,164,165,247,260,294,399,400,401,412,413,414,544,553,643,644,647,648
true 1,49,72,73,74,75,76,77,78,260,261,262,263,264,265,397,398,399,400,401,402,403,435,647,648,649,700
false 1,7,28,41,115,178,209,237,268,317,324,358,420,439,469,476,500,510,532,556,569,602,620,638,661,691,698
false 1,7,28,81,114,179,184,203,236,268,318,325,350,357,387,420,477,502,509,532,556,627,638,659,698,708,726
false 1,7,28,54,96,112,139,180,207,234,270,319,355,386,391,470,506,533,570,597,624,639,662,678,693,710,716
false 1,7,28,54,82,139,181,206,233,270,320,354,385,391,440,471,505,530,533,571,598,623,639,663,679,692,721
false 1,7,28,40,82,113,138,181,206,235,269,320,321,354,421,472,505,506,570,599,624,637,662,693,697,710,722
false 1,7,28,29,34,83,97,112,138,182,208,234,269,386,421,440,571,597,623,637,663,678,692,697,716,721,722
false 1,7,28,96,138,180,207,233,269,296,319,355,356,385,421,441,470,471,507,530,572,598,625,637,679,697,722
false 1,7,28,40,96,113,180,207,235,268,319,321,355,420,440,470,472,532,556,571,599,623,638,663,692,698,721
false 1,7,28,82,112,181,206,234,268,296,320,354,356,386,420,441,505,507,532,556,572,597,625,638,678,698,716
false 1,7,28,29,34,83,97,182,208,233,268,385,420,471,506,530,532,556,570,598,624,638,662,679,693,698,710
false 1,7,28,54,139,204,210,231,270,352,360,383,391,442,465,473,504,512,529,533,573,594,600,639,664,677,680
false 1,7,28,54,139,270,297,314,322,351,359,382,391,443,466,474,503,511,528,533,574,595,601,622,628,636,639
true 1,3,5,6,14,16,17,23,24,26,50,51,57,58,60,72,74,128,129,131,143,145,163,253,255,273,404
true 1,6,18,25,26,50,57,61,75,129,133,143,147,148,165,166,254,255,259,273,277,293,405,409,425,435,545
true 1,5,6,23,24,26,52,62,72,74,130,132,147,149,163,254,256,258,275,277,278,405,407,424,425,545,557
true 1,6,26,50,52,57,59,62,73,76,129,132,143,146,149,164,167,255,258,273,276,278,292,294,406,546,646
true 1,3,6,14,17,25,26,51,59,60,75,130,131,146,165,166,256,275,276,293,406,407,424,435,546,557,646
true 1,5,6,18,23,24,26,59,61,72,74,133,144,146,148,163,257,259,274,276,406,408,409,423,546,547,646
true 1,6,16,18,26,58,61,73,76,128,130,133,145,148,164,167,253,256,259,275,292,294,404,407,409,424,557
true 1,6,16,25,26,52,58,62,75,128,132,144,145,149,165,166,253,257,258,274,278,293,404,408,423,435,547
true 1,3,6,14,17,26,51,60,73,76,131,144,147,164,167,254,257,274,277,292,294,405,408,423,425,545,547
true 1,3,5,14,16,23,27,50,57,61,75,128,132,146,164,168,256,274,278,294,405,409,425,435,547,557,646
true 1,18,25,27,50,51,57,58,60,72,74,133,147,149,165,167,168,254,256,258,274,276,292,404,546,547,557
true 1,5,17,23,27,52,58,62,75,130,131,143,147,148,164,168,254,255,259,275,276,294,404,408,423,435,546
true 1,17,24,27,50,52,57,59,62,73,76,131,145,148,163,166,168,253,256,259,274,277,293,406,545,547,557
true 1,3,14,25,27,59,61,72,74,130,132,143,145,165,167,168,253,255,275,277,278,292,406,408,409,423,545
true 1,5,18,23,27,51,59,60,75,129,133,144,145,149,164,168,253,257,258,273,277,294,406,407,424,435,545
true 1,16,18,24,27,51,60,73,76,128,130,133,143,146,149,163,166,168,255,258,275,293,405,408,423,425,646
true 1,16,17,25,27,52,62,72,74,128,129,131,144,146,148,165,167,168,257,259,273,292,405,407,424,425,646
true 1,3,14,24,27,58,61,73,76,129,132,144,147,163,166,168,254,257,273,276,278,293,404,407,409,424,546
true 1,3,5,14,16,23,50,57,77,78,128,148,149,166,167,258,259,276,277,292,293,407,408,423,424,545,546
true 1,17,18,24,25,50,57,77,78,131,132,133,145,146,147,163,164,165,253,254,278,294,407,408,423,424,646
true 1,5,23,51,52,60,61,62,77,78,129,130,145,146,147,166,167,253,254,273,274,275,292,293,409,547,646
true 1,50,51,52,57,58,59,60,61,62,72,73,74,75,76,77,78,404,405,406,407,408,409,423,424,425,435
true 1,3,14,24,25,58,59,77,78,129,130,148,149,163,164,165,258,259,273,274,275,294,404,405,406,425,547
true 1,5,17,18,23,58,59,77,78,131,132,133,143,144,166,167,255,256,257,278,292,293,404,405,406,425,557
true 1,16,17,18,72,73,74,75,76,77,78,128,129,130,131,132,133,273,274,275,276,277,278,435,545,546,547
true 1,16,24,25,51,52,60,61,62,77,78,128,143,144,163,164,165,255,256,257,276,277,294,409,545,546,557
true 1,3,14,72,73,74,75,76,77,78,143,144,145,146,147,148,149,253,254,255,256,257,258,259,435,557,646
false 1,7,28,111,138,183,210,232,269,314,323,351,360,384,421,442,466,475,503,512,573,595,622,637,664,697,722
false 1,7,28,95,138,177,205,231,269,297,315,353,359,383,421,443,467,473,511,529,574,600,628,637,680,697,722
false 1,7,28,98,138,169,204,211,269,298,322,352,361,382,421,444,465,474,504,528,594,601,636,637,677,697,722
false 1,7,28,111,183,204,232,268,297,323,352,359,384,420,443,465,475,504,511,532,556,574,594,628,638,677,698
true 1,4,5,6,19,20,21,23,24,26,63,64,66,67,69,72,74,150,151,153,156,158,163,279,281,286,426
true 1,4,6,19,21,25,26,64,68,69,75,152,153,159,165,166,282,288,289,293,428,429,433,435,559,561,651
true 1,5,6,22,23,24,26,68,70,72,74,155,157,159,161,163,283,285,287,289,428,430,431,432,559,560,651
true 1,4,6,19,21,26,64,69,73,76,153,157,160,164,167,280,283,287,290,292,294,427,430,432,434,558,560
true 1,5,6,23,24,26,65,71,72,74,152,154,160,162,163,280,282,284,288,290,291,427,429,433,434,558,561
true 1,6,22,25,26,63,66,70,75,151,155,156,160,161,165,166,280,281,285,286,290,293,427,431,434,435,558
true 1,6,26,63,65,66,68,71,73,76,151,154,156,159,162,164,167,281,284,286,289,291,292,294,428,559,651
true 1,6,20,22,26,67,70,73,76,150,152,155,158,161,164,167,279,282,285,288,292,294,426,429,431,433,561
true 1,6,20,25,26,65,67,71,75,150,154,157,158,162,165,166,279,283,284,287,291,293,426,430,432,435,560
true 1,4,5,19,20,23,27,63,66,70,75,150,154,159,164,168,282,287,291,294,427,431,434,435,560,561,651
true 1,4,19,25,27,68,70,72,74,152,154,156,158,165,167,168,279,281,288,290,291,292,428,430,431,432,558
true 1,5,22,23,27,64,68,69,75,151,155,157,158,162,164,168,279,283,284,286,290,294,428,429,433,435,558
true 1,4,19,24,27,67,70,73,76,151,154,157,160,163,166,168,280,283,286,289,291,293,426,429,431,433,559
true 1,5,21,23,27,65,67,71,75,152,153,156,160,161,164,168,280,281,285,288,289,294,426,430,432,435,559
true 1,22,25,27,63,64,66,67,69,72,74,155,160,162,165,167,168,280,282,284,287,289,292,426,559,560,561
true 1,21,24,27,63,65,66,68,71,73,76,153,158,161,163,166,168,279,282,285,287,290,293,428,558,560,561
true 1,20,22,24,27,64,69,73,76,150,152,155,156,159,162,163,166,168,281,284,288,293,427,430,432,434,651
true 1,20,21,25,27,65,71,72,74,150,151,153,157,159,161,165,167,168,283,285,286,292,427,429,433,434,651
true 1,4,5,19,20,23,63,66,77,78,150,161,162,166,167,284,285,289,290,292,293,429,430,432,433,558,559
true 1,4,19,24,25,67,68,77,78,151,152,161,162,163,164,165,284,285,286,287,288,294,426,427,428,434,560
true 1,5,21,22,23,67,68,77,78,153,154,155,156,157,166,167,281,282,283,291,292,293,426,427,428,434,561
true 1,4,19,72,73,74,75,76,77,78,156,157,158,159,160,161,162,279,280,281,282,283,284,285,435,561,651
true 1,5,23,64,65,69,70,71,77,78,151,152,158,159,160,166,167,279,280,286,287,288,292,293,431,560,651
true 1,21,22,24,25,63,66,77,78,153,154,155,158,159,160,163,164,165,279,280,291,294,429,430,432,433,651
true 1,63,64,65,66,67,68,69,70,71,72,73,74,75,76,77,78,426,427,428,429,430,431,432,433,434,435
true 1,20,21,22,72,73,74,75,76,77,78,150,151,152,153,154,155,286,287,288,289,290,291,435,558,559,560
true 1,20,24,25,64,65,69,70,71,77,78,150,156,157,163,164,165,281,282,283,289,290,294,431,558,559,561
false 1,7,28,98,169,211,231,268,298,314,351,361,383,420,444,466,473,503,529,532,556,595,600,622,638,680,698
false 1,7,28,95,177,205,210,268,315,322,353,360,382,420,442,467,474,512,528,532,556,573,601,636,638,664,698
false 1,7,28,41,115,137,204,237,244,267,324,352,393,419,465,476,504,506,536,570,594,602,624,662,677,693,710
false 1,7,28,114,137,184,236,244,267,314,325,351,387,393,419,440,466,477,503,536,571,595,622,623,663,692,721
false 1,7,10,28,42,84,116,185,266,314,326,351,418,466,503,506,534,555,570,595,622,624,640,662,693,699,710
false 1,7,28,41,95,115,177,205,237,266,315,324,353,418,440,467,476,534,555,571,602,623,640,663,692,699,721
true 1,7,28,89,125,195,238,249,260,306,338,346,388,401,411,456,498,508,531,550,568,587,619,626,660,694,709
false 1,4,7,17,19,22,28,55,61,65,71,131,135,141,149,155,250,258,264,272,394,402,409,416,537,544,642
true 1,6,7,26,27,28,77,78,168,174,309,310,460,461,462,487,591,592,607,608,676,682,683,684,717,718,728
true 1,6,7,26,27,28,30,39,77,78,86,87,109,110,168,189,190,191,228,229,230,332,333,380,381,483,527
true 1,6,7,10,26,27,28,41,42,77,78,84,114,115,116,168,184,185,236,237,324,325,326,387,476,477,602
true 1,7,28,30,32,39,41,46,64,69,87,92,110,115,122,154,161,191,198,230,237,243,285,291,324,476,602
true 1,6,7,26,27,28,77,78,168,308,340,458,459,488,489,588,589,590,609,610,611,674,675,685,686,715,719
true 1,7,10,12,28,42,47,64,69,84,86,91,116,123,154,161,185,190,197,228,285,291,326,333,339,380,527
true 1,2,7,8,13,28,33,48,64,69,93,109,114,154,161,184,189,229,236,285,291,325,332,381,387,477,483
true 1,7,10,21,28,32,42,46,70,84,92,109,116,122,153,162,185,189,198,229,243,284,326,332,381,431,483
false 1,7,28,72,74,164,166,174,175,293,294,310,312,462,464,487,488,490,588,608,610,612,674,684,686,687,715
false 1,7,28,72,74,164,166,293,294,308,309,311,340,341,459,461,463,489,491,590,592,593,611,613,682,717,728
false 1,7,28,72,74,80,164,166,176,199,293,294,313,342,458,460,492,589,591,607,609,675,676,683,685,718,719
false 1,7,24,28,75,163,167,175,292,308,312,340,435,459,460,464,489,490,590,591,607,611,612,676,683,687,718
false 1,7,24,28,75,163,167,174,292,310,311,341,435,458,462,463,487,491,589,593,608,609,613,675,684,685,719
false 1,7,24,28,75,80,163,167,176,199,292,309,313,342,435,461,488,492,588,592,610,674,682,686,715,717,728
false 1,5,7,23,25,28,73,76,165,175,309,312,458,461,464,490,589,592,609,612,675,682,685,687,717,719,728
false 1,5,7,23,25,28,73,76,165,311,341,460,463,488,491,588,591,593,607,610,613,674,676,683,686,715,718
true 1,6,7,26,27,28,77,78,168,305,343,453,454,493,494,583,584,585,614,615,616,671,672,688,689,714,720
true 1,7,12,21,28,30,39,47,70,87,91,110,114,123,153,162,184,191,197,230,236,284,325,339,387,431,477
true 1,2,7,8,13,21,28,33,41,48,70,86,93,115,153,162,190,228,237,284,324,333,380,431,476,527,602
true 1,4,7,19,22,28,32,46,65,71,86,92,114,122,155,184,190,198,228,236,243,325,333,380,387,477,527
true 1,6,7,26,27,28,77,78,168,200,344,345,452,495,496,497,581,582,617,618,668,669,670,690,712,713,727
true 1,4,7,12,19,22,28,41,47,65,71,91,109,115,123,155,189,197,229,237,324,332,339,381,476,483,602
true 1,4,6,7,19,21,22,26,27,28,64,65,69,70,71,77,78,153,154,155,161,162,168,284,285,291,431
true 1,6,7,26,27,28,29,34,77,78,82,83,96,97,168,180,181,182,206,207,208,319,320,354,355,470,505
false 1,7,28,72,74,164,166,293,294,305,306,343,344,346,454,456,494,496,498,585,587,616,618,619,668,712,727
false 1,7,28,72,74,164,166,200,201,293,294,345,347,452,453,455,497,499,582,584,586,614,670,672,673,688,720
false 1,7,28,72,74,94,164,166,173,202,293,294,307,348,457,493,495,581,583,615,617,669,671,689,690,713,714
false 1,7,24,28,75,163,167,200,292,306,345,346,435,452,456,493,497,498,582,583,587,615,619,670,671,689,714
false 1,7,24,28,75,163,167,201,292,305,343,347,435,454,455,494,495,499,581,585,586,616,617,669,673,690,713
false 1,7,24,28,75,94,163,167,173,202,292,307,344,348,435,453,457,496,584,614,618,668,672,688,712,720,727
false 1,5,7,23,25,28,73,76,165,306,346,453,456,495,498,581,584,587,614,617,619,669,672,688,690,713,720
false 1,5,7,23,25,28,73,76,165,201,344,347,455,493,496,499,583,586,615,618,668,671,673,689,712,714,727
false 1,7,28,80,151,176,178,199,282,286,313,317,342,344,430,432,469,492,496,500,561,618,620,668,691,712,727
false 1,7,28,151,175,200,282,286,312,316,345,349,430,432,452,464,468,490,497,501,561,582,596,612,621,670,687
false 1,7,28,81,151,179,203,282,286,311,318,341,350,430,432,463,491,495,502,561,581,593,613,617,669,690,713
false 1,7,28,156,178,200,281,287,311,317,341,345,429,433,452,463,469,491,497,500,560,582,593,613,620,670,691
false 1,7,28,80,156,176,199,281,287,313,316,342,349,429,433,468,492,495,501,560,581,596,617,621,669,690,713
false 1,7,28,81,156,175,179,203,281,287,312,318,344,350,429,433,464,490,496,502,560,612,618,668,687,712,727
false 1,7,28,63,66,152,157,175,178,283,288,312,317,464,469,490,495,500,581,612,617,620,669,687,690,691,713
false 1,7,28,63,66,152,157,283,288,311,316,341,344,349,463,468,491,496,501,593,596,613,618,621,668,712,727
false 1,7,28,151,174,201,282,286,310,314,347,351,430,432,455,462,466,487,499,503,561,586,595,608,622,673,684
false 1,7,28,94,151,173,202,204,282,286,307,309,348,352,430,432,457,461,465,504,561,592,594,677,682,717,728
false 1,7,28,95,151,177,205,282,286,306,315,346,353,430,432,456,460,467,498,561,587,591,607,619,676,683,718
false 1,7,28,94,156,173,202,281,287,307,314,348,351,429,433,457,460,466,503,560,591,595,607,622,676,683,718
false 1,7,28,156,174,204,281,287,306,310,346,352,429,433,456,462,465,487,498,504,560,587,594,608,619,677,684
false 1,7,28,95,156,177,201,205,281,287,309,315,347,353,429,433,455,461,467,499,560,586,592,673,682,717,728
false 1,7,28,63,66,152,157,283,288,306,309,314,346,351,456,461,466,498,503,587,592,595,619,622,682,717,728
false 1,7,28,63,66,152,157,201,204,283,288,347,352,455,460,465,499,504,586,591,594,607,673,676,677,683,718
false 1,7,28,82,151,181,206,282,286,308,320,340,354,430,432,459,489,493,505,561,583,590,611,615,671,689,714
false 1,7,28,96,151,180,207,282,286,305,319,343,355,430,432,454,458,470,494,561,585,589,609,616,675,685,719
false 1,7,28,29,34,83,97,151,182,208,282,286,430,432,453,488,561,584,588,610,614,672,674,686,688,715,720
false 1,7,28,82,156,181,206,281,287,305,320,343,354,429,433,454,488,494,505,560,585,588,610,616,674,686,715
false 1,7,28,96,156,180,207,281,287,308,319,340,355,429,433,453,459,470,489,560,584,590,611,614,672,688,720
false 1,7,28,29,34,83,97,156,182,208,281,287,429,433,458,493,560,583,589,609,615,671,675,685,689,714,719
false 1,7,28,63,66,82,152,157,181,206,283,288,320,354,453,458,505,584,589,609,614,672,675,685,688,719,720
false 1,7,28,63,66,96,152,157,180,207,283,288,319,355,470,488,493,583,588,610,615,671,674,686,689,714,715
true 1,7,28,158,178,201,279,289,308,317,340,347,427,434,455,459,469,489,499,500,559,586,590,611,620,673,691
true 1,6,7,9,26,27,28,37,38,77,78,79,105,106,107,168,171,172,223,224,302,303,304,374,450,451,580
true 1,7,28,94,158,173,202,279,289,307,316,348,349,427,434,457,458,468,501,559,589,596,609,621,675,685,719
false 1,7,28,29,32,34,37,46,51,60,83,92,97,106,122,132,148,182,198,208,224,243,259,278,302,450,580
true 1,7,28,81,158,179,203,279,289,306,318,346,350,427,434,456,488,498,502,559,587,588,610,619,674,686,715
false 1,7,9,12,28,38,47,51,60,79,82,91,107,123,132,148,172,181,197,206,259,278,304,320,339,354,505
true 1,7,28,67,94,159,173,178,202,290,307,317,348,426,457,469,488,500,558,588,610,620,651,674,686,691,715
false 1,2,7,8,13,28,33,48,51,60,93,96,105,132,148,171,180,207,223,259,278,303,319,355,374,451,470
true 1,7,28,67,159,290,306,308,316,340,346,349,426,456,459,468,489,498,501,558,587,590,596,611,619,621,651
false 1,7,9,17,28,32,38,46,61,79,92,96,107,122,131,149,172,180,198,207,243,258,304,319,355,409,470
true 1,7,28,67,81,159,179,201,203,290,318,347,350,426,455,458,499,502,558,586,589,609,651,673,675,685,719
false 1,7,12,17,28,29,34,47,61,83,91,97,105,123,131,149,171,182,197,208,223,258,303,339,374,409,451
true 1,7,20,28,68,150,160,178,280,306,317,346,428,456,458,469,498,500,587,589,609,619,620,675,685,691,719
false 1,2,7,8,13,17,28,33,37,48,61,82,93,106,131,149,181,206,224,258,302,320,354,409,450,505,580
true 1,7,20,28,68,150,160,201,280,316,347,349,428,455,468,488,499,501,586,588,596,610,621,673,674,686,715
false 1,3,7,14,18,28,32,46,52,62,82,92,105,122,133,171,181,198,206,223,243,303,320,354,374,451,505
true 1,7,28,80,158,176,199,279,289,313,314,342,351,427,434,466,492,493,503,559,583,595,615,622,671,689,714
false 1,3,7,12,14,18,28,37,47,52,62,91,96,106,123,133,180,197,207,224,302,319,339,355,450,470,580
true 1,7,28,95,158,177,205,279,289,311,315,341,353,427,434,453,463,467,491,559,584,593,613,614,672,688,720
true 1,3,6,7,14,17,18,26,27,28,51,52,60,61,62,77,78,131,132,133,148,149,168,258,259,278,409
true 1,7,28,67,159,290,305,311,314,341,343,351,426,454,463,466,491,494,503,558,585,593,595,613,616,622,651
true 1,2,6,7,8,12,13,26,27,28,32,33,46,47,48,77,78,91,92,93,122,123,168,197,198,243,339
true 1,7,28,67,80,159,176,199,204,290,313,342,352,426,453,465,492,504,558,584,594,614,651,672,677,688,720
false 1,5,7,23,25,28,73,76,80,165,174,176,199,308,310,313,340,342,459,462,487,489,492,590,608,611,684
true 1,7,28,67,95,159,175,177,205,290,312,315,353,426,464,467,490,493,558,583,612,615,651,671,687,689,714
false 1,5,7,23,25,28,73,76,94,165,173,200,202,305,307,343,345,348,452,454,457,494,497,582,585,616,670
true 1,7,20,28,68,150,160,175,280,312,314,351,428,453,464,466,490,503,584,595,612,614,622,672,687,688,720
false 1,7,28,63,66,80,81,152,157,176,179,199,200,203,283,288,313,318,342,345,350,452,492,497,502,582,670
true 1,7,20,28,68,150,160,204,280,311,341,352,428,463,465,491,493,504,583,593,594,613,615,671,677,689,714
false 1,7,28,63,66,94,95,152,157,173,174,177,202,205,283,288,307,310,315,348,353,457,462,467,487,608,684
true 1,7,28,82,158,174,181,206,279,289,310,320,344,354,427,434,462,487,496,505,559,608,618,668,684,712,727
false 1,7,28,29,34,63,66,83,97,152,157,182,208,283,288,305,308,340,343,454,459,489,494,585,590,611,616
true 1,7,28,96,158,180,200,207,279,289,309,319,345,355,427,434,452,461,470,497,559,582,592,670,682,717,728
true 1,7,20,28,68,81,94,150,160,173,179,202,203,280,307,308,318,340,348,350,428,457,459,489,502,590,611
true 1,7,28,29,34,83,97,158,182,208,279,289,427,434,460,495,559,581,591,607,617,669,676,683,690,713,718
true 1,7,20,28,68,80,95,150,160,176,177,199,205,280,305,313,315,342,343,353,428,454,467,492,494,585,616
true 1,7,28,67,82,159,181,200,206,290,320,345,354,426,452,460,497,505,558,582,591,607,651,670,676,683,718
true 1,7,20,28,29,34,68,83,97,150,160,174,182,200,208,280,310,345,428,452,462,487,497,582,608,670,684
true 1,7,28,67,96,159,174,180,207,290,310,319,355,426,462,470,487,495,558,581,608,617,651,669,684,690,713
false 1,4,7,19,22,28,65,71,81,155,174,179,203,305,310,318,343,350,454,462,487,494,502,585,608,616,684
true 1,7,28,29,34,67,83,97,159,182,208,290,309,344,426,461,496,558,592,618,651,668,682,712,717,727,728
false 1,4,7,19,22,28,65,71,95,155,177,200,205,308,315,340,345,353,452,459,467,489,497,582,590,611,670
true 1,7,20,28,68,82,150,160,181,206,280,309,320,354,428,461,495,505,581,592,617,669,682,690,713,717,728
false 1,5,7,23,25,28,73,76,98,165,169,209,211,296,298,356,358,361,439,441,444,507,510,569,572,625,661
true 1,7,20,28,68,96,150,160,180,207,280,319,344,355,428,460,470,496,591,607,618,668,676,683,712,718,727
false 1,7,28,55,103,108,141,186,221,227,272,328,373,379,394,480,495,537,575,581,617,642,665,669,690,711,713
false 1,7,15,28,56,124,142,220,246,327,372,377,396,445,479,495,521,525,576,581,604,617,635,666,669,690,713
false 1,7,28,29,34,83,97,182,208,322,357,382,392,417,474,509,528,535,554,601,627,636,641,650,659,708,726
false 1,7,28,82,181,206,209,231,320,354,358,383,392,417,439,473,505,510,529,535,554,569,600,641,650,661,680
false 1,7,28,96,111,180,183,207,232,319,323,355,384,392,417,470,475,508,535,554,568,626,641,650,660,694,709
false 1,7,28,29,34,83,97,182,208,231,266,383,418,473,508,529,534,555,568,600,626,640,660,680,694,699,709
false 1,7,28,82,111,181,183,206,232,266,320,323,354,357,384,418,475,505,509,534,555,627,640,659,699,708,726
false 1,7,28,82,137,181,206,244,267,320,322,354,382,393,419,474,505,508,528,536,568,601,626,636,660,694,709
false 1,7,28,81,179,203,210,233,318,350,360,385,392,417,442,471,502,512,530,535,554,573,598,641,650,664,679
false 1,7,28,98,112,169,178,211,234,298,317,361,386,392,417,444,469,500,535,554,597,620,641,650,678,691,716
false 1,7,28,40,113,235,297,316,321,349,359,392,417,443,468,472,501,511,535,554,574,596,599,621,628,641,650
false 1,7,28,81,112,179,203,234,266,297,318,350,359,386,418,443,502,511,534,555,574,597,628,640,678,699,716
false 1,7,28,40,113,178,210,235,266,317,321,360,418,442,469,472,500,512,534,555,573,599,620,640,664,691,699
false 1,7,28,137,178,233,244,267,297,317,359,385,393,419,443,469,471,500,511,530,536,574,598,620,628,679,691
false 1,7,28,95,114,177,184,205,236,315,325,353,387,392,417,467,477,506,535,554,570,624,641,650,662,693,710
false 1,7,28,41,115,237,296,314,324,351,356,392,417,441,466,476,503,507,535,554,572,595,602,622,625,641,650
false 1,4,7,19,22,28,65,71,155,204,344,352,465,488,496,504,588,594,610,618,668,674,677,686,712,715,727
true 1,6,7,26,27,28,77,78,168,296,356,440,441,506,507,570,571,572,623,624,625,662,663,692,693,710,721
false 1,5,7,23,25,28,35,73,76,99,101,165,212,214,217,295,363,366,436,438,515,562,564,567,653,656,704
true 1,7,28,63,66,98,99,102,152,157,169,170,211,214,219,283,288,298,301,361,366,371,444,449,562,653,704
true 1,7,28,35,36,63,66,101,104,152,157,217,222,283,288,295,296,299,356,438,441,446,507,567,572,577,625
true 1,6,7,26,27,28,77,78,168,209,357,358,439,508,509,510,568,569,626,627,659,660,661,694,708,709,726
true 1,7,9,28,38,63,66,79,107,152,157,172,209,212,283,288,304,358,363,436,439,510,515,564,569,656,661
false 1,7,20,28,35,68,101,102,150,160,170,209,217,219,280,295,301,358,371,428,438,439,449,510,567,569,661
false 1,7,20,28,36,68,98,104,150,160,169,211,212,222,280,298,299,361,363,428,436,444,446,515,564,577,656
false 1,7,28,72,74,164,166,293,294,296,297,356,357,359,441,443,507,509,511,572,574,625,627,628,659,708,726
false 1,7,28,72,74,164,166,209,210,293,294,358,360,439,440,442,510,512,569,571,573,623,661,663,664,692,721
false 1,7,28,72,74,98,164,166,169,211,293,294,298,361,444,506,508,568,570,624,626,660,662,693,694,709,710
false 1,7,24,28,75,163,167,209,292,297,358,359,435,439,443,506,510,511,569,570,574,624,628,661,662,693,710
false 1,7,24,28,75,163,167,210,292,296,356,360,435,441,442,507,508,512,568,572,573,625,626,660,664,694,709
false 1,7,24,28,75,98,163,167,169,211,292,298,357,361,435,440,444,509,571,623,627,659,663,692,708,721,726
false 1,5,7,23,25,28,73,76,165,297,359,440,443,508,511,568,571,574,623,626,628,660,663,692,694,709,721
false 1,5,7,23,25,28,73,76,165,210,357,360,442,506,509,512,570,573,624,627,659,662,664,693,708,710,726
true 1,6,7,26,27,28,77,78,168,212,362,363,436,513,514,515,563,564,629,630,654,655,656,695,705,706,725
false 1,7,9,20,28,38,68,79,99,107,150,160,172,214,280,296,304,356,366,428,441,507,562,572,625,653,704
false 1,4,7,19,22,28,65,71,102,155,170,212,219,296,301,356,363,371,436,441,449,507,515,564,572,625,656
false 1,4,7,19,22,28,36,65,71,99,104,155,209,214,222,299,358,366,439,446,510,562,569,577,653,661,704
true 1,6,7,26,27,28,77,78,99,168,213,214,364,365,366,516,517,562,631,652,653,702,703,704,723,724,729
false 1,7,28,29,34,83,85,97,99,125,182,188,208,214,225,249,260,331,366,376,401,411,524,550,562,653,704
false 1,7,28,35,81,101,108,125,179,186,203,217,227,249,260,295,318,328,350,379,401,411,438,480,502,550,567
false 1,7,28,30,39,87,95,110,125,177,191,205,212,230,249,260,315,353,363,401,411,436,467,515,550,564,656
false 1,7,28,72,74,164,166,212,213,215,293,294,363,365,367,436,437,515,517,518,564,566,656,658,702,723,729
false 1,7,28,72,74,99,100,164,166,214,216,293,294,366,368,513,562,563,565,629,653,655,657,695,704,706,707
false 1,7,28,35,72,74,101,164,166,217,293,294,295,362,364,438,514,516,567,630,631,652,654,703,705,724,725
false 1,7,24,28,75,99,163,167,214,215,292,362,366,367,435,437,514,518,562,566,630,653,654,658,704,705,725
false 1,7,24,28,75,100,163,167,212,216,292,363,364,368,435,436,515,516,564,565,631,652,656,657,703,707,724
false 1,7,24,28,35,75,101,163,167,213,217,292,295,365,435,438,513,517,563,567,629,655,695,702,706,723,729
false 1,5,7,23,25,28,73,76,165,215,364,367,437,513,516,518,563,566,629,631,652,655,658,695,703,706,724
false 1,5,7,23,25,28,73,76,100,165,213,216,362,365,368,514,517,565,630,654,657,702,705,707,723,725,729
true 1,7,28,98,151,169,211,213,282,286,298,300,361,365,369,430,432,444,448,517,519,561,579,632,702,723,729
true 1,7,28,35,85,95,101,134,177,188,205,217,225,247,262,295,315,331,353,376,398,414,438,467,524,541,567
true 1,7,28,99,151,214,218,282,286,297,359,366,370,430,432,443,447,511,520,561,562,574,578,628,653,667,704
true 1,7,28,29,34,83,97,108,134,182,186,208,212,227,247,262,328,363,379,398,414,436,480,515,541,564,656
true 1,7,28,102,151,170,210,219,282,286,301,360,364,371,430,432,442,449,512,516,561,573,631,652,664,703,724
true 1,7,28,30,39,81,87,99,110,134,179,191,203,214,230,247,262,318,350,366,398,414,502,541,562,653,704
true 1,7,28,99,156,210,214,281,287,300,360,366,369,429,433,442,448,512,519,560,562,573,579,632,653,664,704
false 1,7,28,49,53,81,85,127,136,179,188,203,212,225,252,265,318,331,350,363,376,436,502,515,524,564,656
true 1,7,28,98,156,169,211,218,281,287,298,361,364,370,429,433,444,447,516,520,560,578,631,652,667,703,724
false 1,7,28,49,53,95,99,108,127,136,177,186,205,214,227,252,265,315,328,353,366,379,467,480,562,653,704
true 1,7,28,102,156,170,213,219,281,287,297,301,359,365,371,429,433,443,449,511,517,560,574,628,702,723,729
false 1,7,28,36,80,104,111,125,176,183,199,222,232,249,260,299,313,323,342,384,401,411,446,475,492,550,577
true 1,7,28,63,66,152,157,283,288,297,300,359,364,369,443,448,511,516,519,574,579,628,631,632,652,703,724
false 1,7,9,28,38,40,79,107,113,125,172,174,235,249,260,304,310,321,401,411,462,472,487,550,599,608,684
true 1,7,28,63,66,152,157,210,213,218,283,288,360,365,370,442,447,512,517,520,573,578,664,667,702,723,729
false 1,7,10,28,42,84,102,116,125,170,185,219,249,260,301,308,326,340,371,401,411,449,459,489,550,590,611
true 1,7,28,100,151,216,220,282,286,296,356,368,372,430,432,441,445,507,521,561,565,572,576,625,657,666,707
false 1,7,9,28,38,79,107,111,134,172,183,232,247,262,304,308,323,340,384,398,414,459,475,489,541,590,611
true 1,7,28,35,101,103,151,217,221,282,286,295,373,430,432,438,440,561,567,571,575,623,663,665,692,711,721
false 1,7,28,40,80,102,113,134,170,176,199,219,235,247,262,301,313,321,342,371,398,414,449,472,492,541,599
true 1,7,28,36,104,151,215,222,282,286,299,367,430,432,437,446,506,518,561,566,570,577,624,658,662,693,710
false 1,7,10,28,36,42,84,104,116,134,174,185,222,247,262,299,310,326,398,414,446,462,487,541,577,608,684
true 1,7,28,35,101,156,217,220,281,287,295,372,429,433,438,445,506,521,560,567,570,576,624,662,666,693,710
true 1,7,28,49,53,102,111,127,136,170,174,183,219,232,252,265,301,310,323,371,384,449,462,475,487,608,684
true 1,7,28,103,156,215,221,281,287,296,356,367,373,429,433,437,441,507,518,560,566,572,575,625,658,665,711
true 1,7,28,36,40,49,53,104,113,127,136,222,235,252,265,299,308,321,340,446,459,472,489,577,590,599,611
true 1,7,28,36,100,104,156,216,222,281,287,299,368,429,433,440,446,560,565,571,577,623,657,663,692,707,721
true 1,7,28,31,43,90,94,118,125,173,196,202,209,240,249,260,307,348,358,401,411,439,457,510,550,569,661
true 1,7,28,63,66,152,157,215,220,283,288,367,372,437,440,445,518,521,566,571,576,623,658,663,666,692,721
true 1,7,11,28,45,88,98,121,125,169,193,211,249,260,298,305,336,343,361,401,411,444,454,494,550,585,616
true 1,7,28,63,66,100,103,152,157,216,221,283,288,368,373,506,565,570,575,624,657,662,665,693,707,710,711
true 1,2,7,8,13,28,33,48,93,125,200,249,260,296,345,356,401,411,441,452,497,507,550,572,582,625,670
true 1,7,28,105,151,171,209,223,282,286,303,358,362,374,430,432,439,451,510,514,561,569,630,654,661,705,725
false 1,7,28,31,43,90,98,118,134,169,196,200,211,240,247,262,298,345,361,398,414,444,452,497,541,582,670
true 1,7,28,37,106,151,212,224,282,286,302,363,430,432,436,450,508,515,561,564,568,580,626,656,660,694,709
false 1,7,11,28,45,88,94,121,134,173,193,202,247,262,296,307,336,348,356,398,414,441,457,507,541,572,625
true 1,7,9,28,38,79,107,151,172,282,286,304,357,430,432,509,513,561,563,627,629,655,659,695,706,708,726
false 1,2,7,8,13,28,33,48,93,134,209,247,262,305,343,358,398,414,439,454,494,510,541,569,585,616,661
true 1,7,28,105,156,171,212,223,281,287,303,357,363,374,429,433,436,451,509,515,560,564,627,656,659,708,726
false 1,7,28,31,43,49,53,90,118,127,136,196,240,252,265,296,305,343,356,441,454,494,507,572,585,616,625
true 1,7,28,37,106,156,209,224,281,287,302,358,429,433,439,450,510,513,560,563,569,580,629,655,661,695,706
false 1,7,11,28,45,49,53,88,121,127,136,193,200,209,252,265,336,345,358,439,452,497,510,569,582,661,670
true 1,7,9,28,38,79,107,156,172,281,287,304,362,429,433,508,514,560,568,626,630,654,660,694,705,709,725
false 1,7,28,36,85,94,104,137,173,188,202,222,225,244,267,299,307,331,348,376,393,419,446,457,524,536,577
true 1,7,28,63,66,105,152,157,171,223,283,288,303,374,451,508,513,563,568,626,629,655,660,694,695,706,709
false 1,7,9,28,38,79,107,108,137,172,186,227,244,267,304,305,328,343,379,393,419,454,480,494,536,585,616
true 1,7,28,37,63,66,106,152,157,224,283,288,302,357,362,450,509,514,580,627,630,654,659,705,708,725,726
false 1,7,28,30,39,87,102,110,137,170,191,200,219,230,244,267,301,345,371,393,419,449,452,497,536,582,670
false 1,7,28,100,158,209,216,279,289,300,358,368,369,427,434,439,448,510,519,559,565,569,579,632,657,661,707
false 1,7,28,35,101,158,217,218,279,289,295,370,427,434,438,447,508,520,559,567,568,578,626,660,667,694,709
false 1,7,28,102,158,170,215,219,279,289,301,357,367,371,427,434,437,449,509,518,559,566,627,658,659,708,726
false 1,7,28,35,67,101,159,217,290,295,300,357,369,426,438,448,509,519,558,567,579,627,632,651,659,708,726
false 1,7,28,67,159,209,215,218,290,358,367,370,426,437,439,447,510,518,520,558,566,569,578,651,658,661,667
false 1,7,28,67,100,102,159,170,216,219,290,301,368,371,426,449,508,558,565,568,626,651,657,660,694,707,709
false 1,7,20,28,68,150,160,215,280,300,367,369,428,437,448,508,518,519,566,568,579,626,632,658,660,694,709
false 1,7,20,28,68,100,150,160,216,218,280,357,368,370,428,447,509,520,565,578,627,657,659,667,707,708,726
false 1,7,28,98,158,169,211,220,279,289,298,361,362,372,427,434,444,445,514,521,559,576,630,654,666,705,725
false 1,7,28,103,158,212,221,279,289,297,359,363,373,427,434,436,443,511,515,559,564,574,575,628,656,665,711
false 1,7,28,36,104,158,210,222,279,289,299,360,427,434,442,446,512,513,559,563,573,577,629,655,664,695,706
false 1,7,28,67,159,210,212,220,290,360,363,372,426,436,442,445,512,515,521,558,564,573,576,651,656,664,666
false 1,7,28,67,98,103,159,169,211,221,290,298,361,373,426,444,513,558,563,575,629,651,655,665,695,706,711
false 1,7,28,36,67,104,159,222,290,297,299,359,362,426,443,446,511,514,558,574,577,628,630,651,654,705,725
false 1,7,20,28,68,150,160,220,280,297,359,372,428,443,445,511,513,521,563,574,576,628,629,655,666,695,706
false 1,7,20,28,68,103,150,160,210,221,280,360,362,373,428,442,512,514,573,575,630,654,664,665,705,711,725
false 1,7,28,105,158,171,213,223,279,289,296,303,356,365,374,427,434,441,451,507,517,559,572,625,702,723,729
false 1,7,28,37,99,106,158,214,224,279,289,302,366,427,434,440,450,559,562,571,580,623,653,663,692,704,721
false 1,7,9,28,38,79,107,158,172,279,289,304,364,427,434,506,516,559,570,624,631,652,662,693,703,710,724
false 1,7,28,67,99,105,159,171,214,223,290,303,366,374,426,451,506,558,562,570,624,651,653,662,693,704,710
false 1,7,28,37,67,106,159,224,290,296,302,356,364,426,441,450,507,516,558,572,580,625,631,651,652,703,724
false 1,7,9,28,38,67,79,107,159,172,213,290,304,365,426,440,517,558,571,623,651,663,692,702,721,723,729
false 1,7,20,28,68,105,150,160,171,223,280,303,364,374,428,440,451,516,571,623,631,652,663,692,703,721,724
false 1,7,20,28,37,68,106,150,160,213,224,280,302,365,428,450,506,517,570,580,624,662,693,702,710,723,729
false 1,7,28,64,69,154,161,285,291,296,300,356,362,369,441,448,507,514,519,572,579,625,630,632,654,705,725
false 1,7,28,64,69,154,161,212,218,285,291,363,370,436,440,447,515,520,564,571,578,623,656,663,667,692,721
false 1,7,28,64,69,102,154,161,170,219,285,291,301,371,449,506,513,563,570,624,629,655,662,693,695,706,710
false 1,7,21,28,70,153,162,212,284,300,363,369,431,436,448,506,515,519,564,570,579,624,632,656,662,693,710
false 1,7,21,28,70,153,162,218,284,296,356,370,431,441,447,507,513,520,563,572,578,625,629,655,667,695,706
false 1,7,21,28,70,102,153,162,170,219,284,301,362,371,431,440,449,514,571,623,630,654,663,692,705,721,725
false 1,4,7,19,22,28,65,71,155,300,369,440,448,513,519,563,571,579,623,629,632,655,663,692,695,706,721
false 1,4,7,19,22,28,65,71,155,218,362,370,447,506,514,520,570,578,624,630,654,662,667,693,705,710,725
false 1,7,28,64,69,154,161,209,213,220,285,291,358,365,372,439,445,510,517,521,569,576,661,666,702,723,729
false 1,7,28,64,69,99,103,154,161,214,221,285,291,366,373,508,562,568,575,626,653,660,665,694,704,709,711
false 1,7,28,36,64,69,104,154,161,222,285,291,299,357,364,446,509,516,577,627,631,652,659,703,708,724,726
false 1,7,21,28,70,99,153,162,214,220,284,357,366,372,431,445,509,521,562,576,627,653,659,666,704,708,726
false 1,7,21,28,70,103,153,162,209,221,284,358,364,373,431,439,510,516,569,575,631,652,661,665,703,711,724
false 1,7,21,28,36,70,104,153,162,213,222,284,299,365,431,446,508,517,568,577,626,660,694,702,709,723,729
false 1,4,7,19,22,28,65,71,155,220,364,372,445,508,516,521,568,576,626,631,652,660,666,694,703,709,724
false 1,7,28,114,184,204,236,266,296,325,352,356,387,418,441,465,477,504,507,534,555,572,594,625,640,677,699
false 1,7,28,29,34,83,97,182,187,208,213,248,330,365,400,482,517,522,543,548,633,647,696,701,702,723,729
false 1,7,28,82,99,181,206,214,248,320,329,354,366,375,400,481,505,523,543,548,562,605,634,647,653,701,704
false 1,7,28,85,96,180,188,207,225,248,319,331,355,364,376,400,470,516,524,543,548,631,647,652,701,703,724
false 1,7,28,96,99,180,187,207,214,319,330,355,366,399,410,470,482,522,542,549,562,633,645,648,653,696,704
false 1,7,28,29,34,83,97,182,208,329,364,375,399,410,481,516,523,542,549,605,631,634,645,648,652,703,724
false 1,7,28,82,85,181,188,206,213,225,320,331,354,365,376,399,410,505,517,524,542,549,645,648,702,723,729
false 1,7,28,82,125,181,187,206,249,260,320,330,354,364,401,411,482,505,516,522,550,631,633,652,696,703,724
false 1,7,28,96,125,180,207,213,249,260,319,329,355,365,375,401,411,470,481,517,523,550,605,634,702,723,729
false 1,7,28,81,100,179,203,216,248,318,327,350,368,377,400,479,502,525,543,548,565,604,635,647,657,701,707
false 1,7,28,35,101,178,217,226,248,295,317,378,400,438,469,478,500,526,543,548,567,603,620,647,681,691,701
false 1,7,28,108,186,215,227,248,316,328,349,367,379,400,437,468,480,501,518,543,548,566,596,621,647,658,701
false 1,7,28,35,101,217,295,316,327,349,377,399,410,438,468,479,501,525,542,549,567,596,604,621,635,645,648
false 1,7,28,81,179,203,215,226,318,350,367,378,399,410,437,478,502,518,526,542,549,566,603,645,648,658,681
false 1,7,28,100,108,178,186,216,227,317,328,368,379,399,410,469,480,500,542,549,565,620,645,648,657,691,707
false 1,7,28,125,178,215,249,260,317,327,367,377,401,411,437,469,479,500,518,525,550,566,604,620,635,658,691
false 1,7,28,100,125,216,226,249,260,316,349,368,378,401,411,468,478,501,526,550,565,596,603,621,657,681,707
false 1,7,28,86,95,177,190,205,228,248,315,333,353,362,380,400,467,514,527,543,548,630,647,654,701,705,725
false 1,7,28,109,189,212,229,248,314,332,351,363,381,400,436,466,483,503,515,543,548,564,595,622,647,656,701
false 1,7,28,30,39,87,110,191,204,230,248,352,400,465,504,513,543,548,563,594,629,647,655,677,695,701,706
false 1,7,28,86,190,204,212,228,333,352,363,380,399,410,436,465,504,515,527,542,549,564,594,645,648,656,677
false 1,7,28,95,109,177,189,205,229,315,332,353,381,399,410,467,483,513,542,549,563,629,645,648,655,695,706
false 1,7,28,30,39,87,110,191,230,314,351,362,399,410,466,503,514,542,549,595,622,630,645,648,654,705,725
false 1,7,28,86,125,190,228,249,260,314,333,351,380,401,411,466,503,513,527,550,563,595,622,629,655,695,706
false 1,7,28,109,125,189,204,229,249,260,332,352,362,381,401,411,465,483,504,514,550,594,630,654,677,705,725
true 1,7,28,95,100,177,187,205,216,315,330,353,368,397,412,467,482,522,540,551,565,633,644,649,657,696,707
true 1,7,9,28,38,54,79,85,107,139,172,188,200,225,270,304,331,345,376,391,452,497,524,533,582,639,670
true 1,7,28,35,101,217,295,314,329,351,375,397,412,438,466,481,503,523,540,551,567,595,605,622,634,644,649
true 1,7,28,54,94,102,108,139,170,173,186,202,219,227,270,301,307,328,348,371,379,391,449,457,480,533,639
true 1,7,28,85,188,204,215,225,331,352,367,376,397,412,437,465,504,518,524,540,551,566,594,644,649,658,677
true 1,7,28,30,36,39,54,87,104,110,139,191,222,230,270,299,305,343,391,446,454,494,533,577,585,616,639
true 1,7,28,35,101,187,204,217,261,295,330,352,413,438,465,482,504,522,539,552,567,594,633,643,677,696,700
false 1,7,15,28,56,85,102,124,142,170,188,219,225,246,301,305,331,343,371,376,396,449,454,494,524,585,616
true 1,7,28,95,177,205,215,261,315,329,353,367,375,413,437,467,481,518,523,539,552,566,605,634,643,658,700
false 1,7,15,28,36,56,104,108,124,142,186,200,222,227,246,299,328,345,379,396,446,452,480,497,577,582,670
true 1,7,28,85,100,188,216,225,261,314,331,351,368,376,413,466,503,524,539,552,565,595,622,643,657,700,707
false 1,7,28,29,34,83,97,111,137,182,183,208,209,232,244,267,323,358,384,393,419,439,475,510,536,569,661
true 1,7,28,134,187,215,247,262,314,330,351,367,398,414,437,466,482,503,518,522,541,566,595,622,633,658,696
false 1,7,28,40,81,98,113,137,169,179,203,211,235,244,267,298,318,321,350,361,393,419,444,472,502,536,599
true 1,7,28,100,134,204,216,247,262,329,352,368,375,398,414,465,481,504,523,541,565,594,605,634,657,677,707
false 1,7,10,28,42,84,95,116,137,177,185,205,244,267,296,315,326,353,356,393,419,441,467,507,536,572,625
true 1,7,28,29,34,83,97,182,208,327,362,377,397,412,479,514,525,540,551,604,630,635,644,649,654,705,725
false 1,7,28,54,95,98,111,139,169,177,183,205,211,232,270,298,315,323,353,361,384,391,444,467,475,533,639
true 1,7,28,82,181,206,212,226,320,354,363,378,397,412,436,478,505,515,526,540,551,564,603,644,649,656,681
false 1,7,28,29,34,40,54,83,97,113,139,182,208,235,270,296,321,356,391,441,472,507,533,572,599,625,639
true 1,7,28,96,108,180,186,207,227,319,328,355,379,397,412,470,480,513,540,551,563,629,644,649,655,695,706
false 1,7,10,28,42,54,81,84,116,139,179,185,203,209,270,318,326,350,358,391,439,502,510,533,569,639,661
true 1,7,28,96,180,207,212,261,319,327,355,363,377,413,436,470,479,515,525,539,552,564,604,635,643,656,700
true 1,7,15,28,56,81,111,124,142,179,183,203,232,246,296,318,323,350,356,384,396,441,475,502,507,572,625
true 1,7,28,29,34,83,97,182,208,226,261,378,413,478,513,526,539,552,563,603,629,643,655,681,695,700,706
true 1,7,15,28,40,56,95,113,124,142,177,205,209,235,246,315,321,353,358,396,439,467,472,510,569,599,661
true 1,7,28,82,108,181,186,206,227,261,320,328,354,362,379,413,480,505,514,539,552,630,643,654,700,705,725
true 1,7,28,31,43,80,90,99,118,137,176,196,199,214,240,244,267,313,342,366,393,419,492,536,562,653,704
true 1,7,28,82,134,181,206,247,262,320,327,354,377,398,414,479,505,513,525,541,563,604,629,635,655,695,706
true 1,7,11,28,35,45,88,101,121,137,174,193,217,244,267,295,310,336,393,419,438,462,487,536,567,608,684
true 1,7,28,96,134,180,207,226,247,262,319,355,362,378,398,414,470,478,514,526,541,603,630,654,681,705,725
true 1,2,7,8,13,28,33,48,93,137,212,244,267,308,340,363,393,419,436,459,489,515,536,564,590,611,656
true 1,7,28,81,86,179,190,203,213,228,318,333,350,365,380,397,412,502,517,527,540,551,644,649,702,723,729
false 1,7,28,31,35,43,54,90,101,118,139,196,217,240,270,295,308,340,391,438,459,489,533,567,590,611,639
true 1,7,28,99,109,178,189,214,229,317,332,366,381,397,412,469,483,500,540,551,562,620,644,649,653,691,704
false 1,7,11,28,45,54,80,88,121,139,176,193,199,212,270,313,336,342,363,391,436,492,515,533,564,639,656
true 1,7,28,30,39,87,110,191,230,316,349,364,397,412,468,501,516,540,551,596,621,631,644,649,652,703,724
false 1,2,7,8,13,28,33,48,54,93,99,139,174,214,270,310,366,391,462,487,533,562,608,639,653,684,704
false 1,7,10,28,42,84,116,117,158,185,194,239,279,289,326,327,337,377,389,427,434,479,486,525,559,604,635
false 1,7,15,28,31,43,56,90,118,124,142,174,196,212,240,246,310,363,396,436,462,487,515,564,608,656,684
true 1,7,28,81,109,179,189,203,229,261,318,332,350,364,381,413,483,502,516,539,552,631,643,652,700,703,724
false 1,7,11,15,28,45,56,88,99,121,124,142,193,214,246,308,336,340,366,396,459,489,562,590,611,653,704
true 1,7,28,30,39,87,110,178,191,213,230,261,317,365,413,469,500,517,539,552,620,643,691,700,702,723,729
false 1,7,28,50,57,80,85,130,144,176,188,199,209,225,257,275,313,331,342,358,376,439,492,510,524,569,661
true 1,7,28,86,134,178,190,228,247,262,317,333,364,380,398,414,469,500,516,527,541,620,631,652,691,703,724
false 1,7,28,50,57,98,108,130,144,169,174,186,211,227,257,275,298,310,328,361,379,444,462,480,487,608,684
true 1,7,28,109,134,189,213,229,247,262,316,332,349,365,381,398,414,468,483,501,517,541,596,621,702,723,729
false 1,7,28,30,39,50,57,87,110,130,144,191,230,257,275,296,308,340,356,441,459,489,507,572,590,611,625
false 1,7,28,81,126,179,187,203,251,263,318,330,350,362,403,415,482,502,514,522,553,630,633,654,696,705,725
false 1,7,28,126,178,212,251,263,317,329,363,375,403,415,436,469,481,500,515,523,553,564,605,620,634,656,691
false 1,7,28,85,126,188,225,251,263,316,331,349,376,403,415,468,501,513,524,553,563,596,621,629,655,695,706
false 1,7,28,135,187,212,250,264,316,330,349,363,402,416,436,468,482,501,515,522,544,564,596,621,633,656,696
false 1,7,28,81,135,179,203,250,264,318,329,350,375,402,416,481,502,513,523,544,563,605,629,634,655,695,706
false 1,7,28,85,135,178,188,225,250,264,317,331,362,376,402,416,469,500,514,524,544,620,630,654,691,705,725
false 1,7,28,49,53,127,136,178,187,252,265,317,330,469,482,500,513,522,563,620,629,633,655,691,695,696,706
false 1,7,28,49,53,127,136,252,265,316,329,349,362,375,468,481,501,514,523,596,605,621,630,634,654,705,725
false 1,7,28,95,126,177,205,213,251,263,315,327,353,365,377,403,415,467,479,517,525,553,604,635,702,723,729
false 1,7,28,99,126,214,226,251,263,314,351,366,378,403,415,466,478,503,526,553,562,595,603,622,653,681,704
false 1,7,28,108,126,186,204,227,251,263,328,352,364,379,403,415,465,480,504,516,553,594,631,652,677,703,724
false 1,7,28,99,135,204,214,250,264,327,352,366,377,402,416,465,479,504,525,544,562,594,604,635,653,677,704
false 1,7,28,95,135,177,205,226,250,264,315,353,364,378,402,416,467,478,516,526,544,603,631,652,681,703,724
false 1,7,28,108,135,186,213,227,250,264,314,328,351,365,379,402,416,466,480,503,517,544,595,622,702,723,729
false 1,7,28,49,53,127,136,252,265,314,327,351,364,377,466,479,503,516,525,595,604,622,631,635,652,703,724
false 1,7,28,49,53,127,136,204,213,226,252,265,352,365,378,465,478,504,517,526,594,603,677,681,702,723,729
false 1,7,28,80,103,176,199,221,248,313,322,342,373,382,400,474,492,528,543,548,575,601,636,647,665,701,711
false 1,7,28,36,104,175,222,231,248,299,312,383,400,446,464,473,490,529,543,548,577,600,612,647,680,687,701
false 1,7,28,111,183,220,232,248,311,323,341,372,384,400,445,463,475,491,521,543,548,576,593,613,647,666,701
false 1,7,28,36,104,222,299,311,322,341,382,399,410,446,463,474,491,528,542,549,577,593,601,613,636,645,648
false 1,7,28,80,176,199,220,231,313,342,372,383,399,410,445,473,492,521,529,542,549,576,600,645,648,666,680
false 1,7,28,103,111,175,183,221,232,312,323,373,384,399,410,464,475,490,542,549,575,612,645,648,665,687,711
false 1,7,28,125,175,220,249,260,312,322,372,382,401,411,445,464,474,490,521,528,550,576,601,612,636,666,687
false 1,7,28,103,125,221,231,249,260,311,341,373,383,401,411,463,473,491,529,550,575,593,600,613,665,680,711
false 1,7,28,37,106,174,224,233,248,302,310,385,400,450,462,471,487,530,543,548,580,598,608,647,679,684,701
false 1,7,9,28,38,79,107,112,172,234,248,304,309,386,400,461,543,548,592,597,647,678,682,701,716,717,728
false 1,7,28,40,105,113,171,223,235,248,303,321,374,400,451,460,472,543,548,591,599,607,647,676,683,701,718
false 1,7,9,28,38,79,107,172,233,304,385,399,410,460,471,530,542,549,591,598,607,645,648,676,679,683,718
false 1,7,28,105,112,171,174,223,234,303,310,374,386,399,410,451,462,487,542,549,597,608,645,648,678,684,716
false 1,7,28,37,40,106,113,224,235,302,309,321,399,410,450,461,472,542,549,580,592,599,645,648,682,717,728
false 1,7,28,105,125,171,223,233,249,260,303,309,374,385,401,411,451,461,471,530,550,592,598,679,682,717,728
false 1,7,28,37,106,112,125,224,234,249,260,302,386,401,411,450,460,550,580,591,597,607,676,678,683,716,718
false 1,7,28,114,184,218,236,248,308,325,340,370,387,400,447,459,477,489,520,543,548,578,590,611,647,667,701
false 1,7,28,41,102,115,170,219,237,248,301,324,371,400,449,458,476,543,548,589,602,609,647,675,685,701,719
false 1,7,10,28,42,84,116,185,248,300,326,369,400,448,488,519,543,548,579,588,610,632,647,674,686,701,715
false 1,7,28,102,114,170,184,219,236,301,325,371,387,399,410,449,477,488,542,549,588,610,645,648,674,686,715
false 1,7,28,41,115,237,300,308,324,340,369,399,410,448,459,476,489,519,542,549,579,590,602,611,632,645,648
false 1,7,10,28,42,84,116,185,218,326,370,399,410,447,458,520,542,549,578,589,609,645,648,667,675,685,719
false 1,7,28,114,125,184,236,249,260,300,325,369,387,401,411,448,458,477,519,550,579,589,609,632,675,685,719
false 1,7,28,41,115,125,218,237,249,260,324,370,401,411,447,476,488,520,550,578,588,602,610,667,674,686,715
false 1,7,28,37,106,224,302,308,322,340,382,397,412,450,459,474,489,528,540,551,580,590,601,611,636,644,649
false 1,7,9,28,38,79,107,172,231,304,383,397,412,458,473,529,540,551,589,600,609,644,649,675,680,685,719
false 1,7,28,105,111,171,183,223,232,303,323,374,384,397,412,451,475,488,540,551,588,610,644,649,674,686,715
false 1,7,9,28,38,79,107,172,261,304,322,382,413,474,488,528,539,552,588,601,610,636,643,674,686,700,715
false 1,7,28,105,171,223,231,261,303,308,340,374,383,413,451,459,473,489,529,539,552,590,600,611,643,680,700
false 1,7,28,37,106,111,183,224,232,261,302,323,384,413,450,458,475,539,552,580,589,609,643,675,685,700,719
false 1,7,28,105,134,171,223,247,262,303,322,374,382,398,414,451,458,474,528,541,589,601,609,636,675,685,719
false 1,7,28,37,106,134,224,231,247,262,302,383,398,414,450,473,488,529,541,580,588,600,610,674,680,686,715
false 1,7,28,80,176,199,218,233,313,342,370,385,397,412,447,471,492,520,530,540,551,578,598,644,649,667,679
false 1,7,28,102,112,170,175,219,234,301,312,371,386,397,412,449,464,490,540,551,597,612,644,649,678,687,716
false 1,7,28,40,113,235,300,311,321,341,369,397,412,448,463,472,491,519,540,551,579,593,599,613,632,644,649
false 1,7,28,102,170,219,233,261,301,311,341,371,385,413,449,463,471,491,530,539,552,593,598,613,643,679,700
false 1,7,28,80,112,176,199,234,261,300,313,342,369,386,413,448,492,519,539,552,579,597,632,643,678,700,716
false 1,7,28,40,113,175,218,235,261,312,321,370,413,447,464,472,490,520,539,552,578,599,612,643,667,687,700
false 1,7,28,134,175,233,247,262,300,312,369,385,398,414,448,464,471,490,519,530,541,579,598,612,632,679,687
false 1,7,28,112,134,218,234,247,262,311,341,370,386,398,414,447,463,491,520,541,578,593,597,613,667,678,716
false 1,7,28,103,114,174,184,221,236,310,325,373,387,397,412,462,477,487,540,551,575,608,644,649,665,684,711
false 1,7,28,36,41,104,115,222,237,299,309,324,397,412,446,461,476,540,551,577,592,602,644,649,682,717,728
false 1,7,10,28,42,84,116,185,220,326,372,397,412,445,460,521,540,551,576,591,607,644,649,666,676,683,718
false 1,7,28,36,104,114,184,222,236,261,299,325,387,413,446,460,477,539,552,577,591,607,643,676,683,700,718
false 1,7,28,41,115,174,220,237,261,310,324,372,413,445,462,476,487,521,539,552,576,602,608,643,666,684,700
false 1,7,10,28,42,84,103,116,185,221,261,309,326,373,413,461,539,552,575,592,643,665,682,700,711,717,728
false 1,7,28,114,134,184,220,236,247,262,309,325,372,387,398,414,445,461,477,521,541,576,592,666,682,717,728
false 1,7,28,41,103,115,134,221,237,247,262,324,373,398,414,460,476,541,575,591,602,607,665,676,683,711,718
true 1,7,28,126,174,218,251,263,310,322,370,382,403,415,447,462,474,487,520,528,553,578,601,608,636,667,684
true 1,7,16,28,59,85,98,128,147,169,188,211,225,254,298,308,331,340,361,376,406,444,459,489,524,590,611
true 1,7,28,102,126,170,219,231,251,263,301,309,371,383,403,415,449,461,473,529,553,592,600,680,682,717,728
true 1,7,16,28,59,80,108,128,147,176,186,199,227,254,296,313,328,342,356,379,406,441,480,492,507,572,625
true 1,7,28,111,126,183,232,251,263,300,323,369,384,403,415,448,460,475,519,553,579,591,607,632,676,683,718
true 1,7,16,28,30,39,59,87,110,128,147,174,191,209,230,254,310,358,406,439,462,487,510,569,608,661,684
true 1,7,28,102,135,170,219,250,264,301,322,371,382,402,416,449,460,474,528,544,591,601,607,636,676,683,718
false 1,3,7,14,18,28,52,62,85,133,174,188,225,296,310,331,356,376,441,462,487,507,524,572,608,625,684
true 1,7,28,135,174,231,250,264,300,310,369,383,402,416,448,462,473,487,519,529,544,579,600,608,632,680,684
false 1,3,7,14,18,28,52,62,108,133,186,209,227,308,328,340,358,379,439,459,480,489,510,569,590,611,661
true 1,7,28,111,135,183,218,232,250,264,309,323,370,384,402,416,447,461,475,520,544,578,592,667,682,717,728
false 1,7,28,50,57,94,99,111,130,144,173,183,202,214,232,257,275,307,323,348,366,384,457,475,562,653,704
true 1,7,28,49,53,127,136,252,265,300,309,322,369,382,448,461,474,519,528,579,592,601,632,636,682,717,728
false 1,7,28,35,40,50,57,101,113,130,144,217,235,257,275,295,305,321,343,438,454,472,494,567,585,599,616
true 1,7,28,49,53,127,136,218,231,252,265,370,383,447,460,473,520,529,578,591,600,607,667,676,680,683,718
false 1,7,10,28,42,50,57,84,116,130,144,185,200,212,257,275,326,345,363,436,452,497,515,564,582,656,670
true 1,7,28,103,126,221,233,251,263,308,340,373,385,403,415,459,471,489,530,553,575,590,598,611,665,679,711
false 1,7,16,28,35,59,101,111,128,147,183,200,217,232,254,295,323,345,384,406,438,452,475,497,567,582,670
true 1,7,28,36,104,112,126,222,234,251,263,299,386,403,415,446,458,553,577,589,597,609,675,678,685,716,719
false 1,7,16,28,40,59,94,113,128,147,173,202,212,235,254,307,321,348,363,406,436,457,472,515,564,599,656
true 1,7,28,40,113,126,220,235,251,263,321,372,403,415,445,472,488,521,553,576,588,599,610,666,674,686,715
false 1,7,10,16,28,42,59,84,99,116,128,147,185,214,254,305,326,343,366,406,454,494,562,585,616,653,704
true 1,7,28,36,104,135,222,233,250,264,299,385,402,416,446,471,488,530,544,577,588,598,610,674,679,686,715
true 1,3,7,14,18,28,52,62,111,133,183,212,232,305,323,343,363,384,436,454,475,494,515,564,585,616,656
true 1,7,28,112,135,220,234,250,264,308,340,372,386,402,416,445,459,489,521,544,576,590,597,611,666,678,716
true 1,3,7,14,18,28,40,52,62,99,113,133,200,214,235,321,345,366,452,472,497,562,582,599,653,670,704
true 1,7,28,40,103,113,135,221,235,250,264,321,373,402,416,458,472,544,575,589,599,609,665,675,685,711,719
true 1,5,7,23,25,28,49,53,73,76,125,127,134,136,165,247,249,252,260,262,265,398,401,411,414,541,550
true 1,7,28,49,53,127,136,220,233,252,265,372,385,445,458,471,521,530,576,589,598,609,666,675,679,685,719
true 1,5,7,15,23,25,28,54,56,73,76,124,137,139,142,165,244,246,267,270,391,393,396,419,533,536,639
true 1,7,28,49,53,103,112,127,136,221,234,252,265,373,386,488,575,588,597,610,665,674,678,686,711,715,716
false 1,7,28,49,50,53,54,57,63,66,127,130,136,139,144,152,157,252,257,265,270,275,283,288,391,533,639
true 1,7,28,89,94,173,195,202,238,248,307,338,348,357,388,400,457,509,531,543,548,627,647,659,701,708,726
false 1,7,15,16,28,56,59,63,66,124,125,128,142,147,152,157,246,249,254,260,283,288,396,401,406,411,550
true 1,7,28,117,194,209,239,248,306,337,346,358,389,400,439,456,486,498,510,543,548,569,587,619,647,661,701
false 1,3,7,14,18,28,52,62,63,66,133,134,137,152,157,244,247,262,267,283,288,393,398,414,419,536,541
true 1,7,28,31,43,90,118,196,201,240,248,347,400,455,499,508,543,548,568,586,626,647,660,673,694,701,709
false 1,7,15,20,28,50,56,57,68,124,130,134,142,144,150,160,246,247,257,262,275,280,396,398,414,428,541
true 1,7,28,89,195,201,209,238,338,347,358,388,399,410,439,455,499,510,531,542,549,569,586,645,648,661,673
false 1,7,16,20,28,49,53,59,68,127,128,136,137,147,150,160,244,252,254,265,267,280,393,406,419,428,536
true 1,7,28,94,117,173,194,202,239,307,337,348,389,399,410,457,486,508,542,549,568,626,645,648,660,694,709
false 1,3,7,14,18,20,28,52,54,62,68,125,133,139,150,160,249,260,270,280,391,401,411,428,533,550,639
true 1,7,28,31,43,90,118,196,240,306,346,357,399,410,456,498,509,542,549,587,619,627,645,648,659,708,726
false 1,4,7,19,22,28,50,57,65,71,125,130,137,144,155,244,249,257,260,267,275,393,401,411,419,536,550
false 1,7,28,40,113,145,201,235,253,276,321,347,405,425,455,472,499,513,546,563,586,599,629,655,673,695,706
true 1,7,28,117,125,194,201,239,249,260,337,347,357,389,401,411,455,486,499,509,550,586,627,659,673,708,726
false 1,4,7,16,19,22,28,54,59,65,71,128,134,139,147,155,247,254,262,270,391,398,406,414,533,541,639
true 1,7,28,119,192,210,241,248,305,335,343,360,390,400,442,454,485,494,512,543,548,573,585,616,647,664,701
false 1,5,7,23,25,28,30,39,73,76,85,87,108,110,165,186,188,191,225,227,230,328,331,376,379,480,524
true 1,7,28,44,98,120,169,211,242,248,298,334,361,400,444,453,484,543,548,584,606,614,647,672,688,701,720
false 1,5,7,10,23,25,28,40,42,73,76,84,111,113,116,165,183,185,232,235,321,323,326,384,472,475,599
true 1,7,11,28,45,88,121,193,248,297,336,359,400,443,493,511,543,548,574,583,615,628,647,671,689,701,714
false 1,7,28,30,31,39,40,43,63,66,87,90,110,113,118,152,157,191,196,230,235,240,283,288,321,472,599
true 1,7,28,98,119,169,192,211,241,298,335,361,390,399,410,444,485,493,542,549,583,615,645,648,671,689,714
false 1,7,10,11,28,42,45,63,66,84,85,88,116,121,152,157,185,188,193,225,283,288,326,331,336,376,524
true 1,7,28,44,120,242,297,305,334,343,359,399,410,443,454,484,494,511,542,549,574,585,606,616,628,645,648
false 1,2,7,8,13,28,33,48,63,66,93,108,111,152,157,183,186,227,232,283,288,323,328,379,384,475,480
true 1,7,11,28,45,88,121,193,210,336,360,399,410,442,453,512,542,549,573,584,614,645,648,664,672,688,720
false 1,7,10,20,28,31,42,43,68,84,90,108,116,118,150,160,185,186,196,227,240,280,326,328,379,428,480
true 1,7,28,119,125,192,241,249,260,297,335,359,390,401,411,443,453,485,511,550,574,584,614,628,672,688,720
false 1,7,11,20,28,30,39,45,68,87,88,110,111,121,150,160,183,191,193,230,232,280,323,336,384,428,475
true 1,7,28,44,120,125,210,242,249,260,334,360,401,411,442,484,493,512,550,573,583,606,615,664,671,689,714
false 1,2,7,8,13,20,28,33,40,48,68,85,93,113,150,160,188,225,235,280,321,331,376,428,472,524,599
true 1,7,28,32,46,92,122,198,200,243,248,345,400,452,497,506,543,548,570,582,624,647,662,670,693,701,710
true 1,4,7,19,22,28,31,43,65,71,85,90,111,118,155,183,188,196,225,232,240,323,331,376,384,475,524
true 1,7,12,28,47,91,123,197,248,296,339,356,400,441,495,507,543,548,572,581,617,625,647,669,690,701,713
true 1,4,7,11,19,22,28,40,45,65,71,88,108,113,121,155,186,193,227,235,321,328,336,379,472,480,599
true 1,2,7,8,13,28,33,48,93,248,344,400,440,496,543,548,571,618,623,647,663,668,692,701,712,721,727
true 1,4,5,7,19,20,22,23,25,28,63,65,66,68,71,73,76,150,152,155,157,160,165,280,283,288,428
true 1,7,28,32,46,92,122,198,243,296,344,356,399,410,441,496,507,542,549,572,618,625,645,648,668,712,727
false 1,5,7,23,25,28,29,34,73,76,81,83,95,97,165,177,179,182,203,205,208,315,318,350,353,467,502
true 1,7,12,28,47,91,123,197,200,339,345,399,410,440,452,497,542,549,571,582,623,645,648,663,670,692,721
false 1,5,7,9,23,25,28,36,38,73,76,79,102,104,107,165,170,172,219,222,299,301,304,371,446,449,577
true 1,2,7,8,13,28,33,48,93,399,410,495,506,542,549,570,581,617,624,645,648,662,669,690,693,710,713
true 1,7,28,29,31,34,36,43,50,57,83,90,97,104,118,130,144,182,196,208,222,240,257,275,299,446,577
true 1,7,28,32,46,92,122,125,198,243,249,260,401,411,440,495,550,571,581,617,623,663,669,690,692,713,721
true 1,7,9,11,28,38,45,50,57,79,81,88,107,121,130,144,172,179,193,203,257,275,304,318,336,350,502
true 1,7,12,28,47,91,123,125,197,249,260,339,344,401,411,496,506,550,570,618,624,662,668,693,710,712,727
true 1,2,7,8,13,28,33,48,50,57,93,95,102,130,144,170,177,205,219,257,275,301,315,353,371,449,467
false 1,7,28,89,195,200,210,238,338,345,360,388,397,412,442,452,497,512,531,540,551,573,582,644,649,664,670
false 1,7,28,98,117,169,194,211,239,298,337,361,389,397,412,444,486,495,540,551,581,617,644,649,669,690,713
false 1,7,28,31,43,90,118,196,240,297,344,359,397,412,443,496,511,540,551,574,618,628,644,649,668,712,727
false 1,7,28,89,98,169,195,211,238,261,298,338,344,361,388,413,444,496,531,539,552,618,643,668,700,712,727
false 1,7,28,117,194,200,239,261,297,337,345,359,389,413,443,452,486,497,511,539,552,574,582,628,643,670,700
false 1,7,28,31,43,90,118,196,210,240,261,360,413,442,495,512,539,552,573,581,617,643,664,669,690,700,713
false 1,7,28,89,134,195,238,247,262,297,338,359,388,398,414,443,495,511,531,541,574,581,617,628,669,690,713
false 1,7,28,117,134,194,210,239,247,262,337,344,360,389,398,414,442,486,496,512,541,573,618,664,668,712,727
false 1,7,28,94,119,173,192,202,241,307,335,348,390,397,412,457,485,506,540,551,570,624,644,649,662,693,710
false 1,7,28,44,120,242,296,306,334,346,356,397,412,441,456,484,498,507,540,551,572,587,606,619,625,644,649
false 1,7,11,28,45,88,121,193,201,336,347,397,412,440,455,499,540,551,571,586,623,644,649,663,673,692,721
false 1,7,28,119,192,201,241,261,296,335,347,356,390,413,441,455,485,499,507,539,552,572,586,625,643,673,700
false 1,7,28,44,94,120,173,202,242,261,307,334,348,413,440,457,484,539,552,571,606,623,643,663,692,700,721
false 1,7,11,28,45,88,121,193,261,306,336,346,413,456,498,506,539,552,570,587,619,624,643,662,693,700,710
false 1,7,28,119,134,192,241,247,262,306,335,346,390,398,414,440,456,485,498,541,571,587,619,623,663,692,721
false 1,7,28,44,120,134,201,242,247,262,334,347,398,414,455,484,499,506,541,570,586,606,624,662,673,693,710
false 1,7,28,32,46,92,122,198,243,305,343,357,397,412,454,494,509,540,551,585,616,627,644,649,659,708,726
false 1,7,12,28,47,91,123,197,209,339,358,397,412,439,453,510,540,551,569,584,614,644,649,661,672,688,720
false 1,2,7,8,13,28,33,48,93,397,412,493,508,540,551,568,583,615,626,644,649,660,671,689,694,709,714
false 1,7,28,32,46,92,122,198,209,243,261,358,413,439,493,510,539,552,569,583,615,643,661,671,689,700,714
false 1,7,12,28,47,91,123,197,261,305,339,343,413,454,494,508,539,552,568,585,616,626,643,660,694,700,709
false 1,2,7,8,13,28,33,48,93,261,357,413,453,509,539,552,584,614,627,643,659,672,688,700,708,720,726
false 1,7,28,32,46,92,122,134,198,243,247,262,398,414,453,508,541,568,584,614,626,660,672,688,694,709,720
false 1,7,12,28,47,91,123,134,197,247,262,339,357,398,414,493,509,541,583,615,627,659,671,689,708,714,726
false 1,7,28,89,126,195,238,251,263,305,338,343,388,403,415,454,494,506,531,553,570,585,616,624,662,693,710
false 1,7,28,117,126,194,239,251,263,296,337,356,389,403,415,441,453,486,507,553,572,584,614,625,672,688,720
false 1,7,28,31,43,90,118,126,196,240,251,263,403,415,440,493,553,571,583,615,623,663,671,689,692,714,721
false 1,7,28,89,135,195,238,250,264,296,338,356,388,402,416,441,493,507,531,544,572,583,615,625,671,689,714
false 1,7,28,117,135,194,239,250,264,305,337,343,389,402,416,440,454,486,494,544,571,585,616,623,663,692,721
false 1,7,28,31,43,90,118,135,196,240,250,264,402,416,453,506,544,570,584,614,624,662,672,688,693,710,720
false 1,7,28,49,53,89,127,136,195,238,252,265,338,388,440,453,531,571,584,614,623,663,672,688,692,720,721
false 1,7,28,49,53,117,127,136,194,239,252,265,337,389,486,493,506,570,583,615,624,662,671,689,693,710,714
false 1,7,28,119,126,192,200,241,251,263,335,345,357,390,403,415,452,485,497,509,553,582,627,659,670,708,726
false 1,7,28,44,120,126,209,242,251,263,334,358,403,415,439,484,495,510,553,569,581,606,617,661,669,690,713
false 1,7,11,28,45,88,121,126,193,251,263,336,344,403,415,496,508,553,568,618,626,660,668,694,709,712,727
false 1,7,28,119,135,192,209,241,250,264,335,344,358,390,402,416,439,485,496,510,544,569,618,661,668,712,727
false 1,7,28,44,120,135,200,242,250,264,334,345,402,416,452,484,497,508,544,568,582,606,626,660,670,694,709
false 1,7,11,28,45,88,121,135,193,250,264,336,357,402,416,495,509,544,581,617,627,659,669,690,708,713,726
false 1,7,28,49,53,119,127,136,192,241,252,265,335,390,485,495,508,568,581,617,626,660,669,690,694,709,713
false 1,7,28,44,49,53,120,127,136,242,252,265,334,344,357,484,496,509,606,618,627,659,668,708,712,726,727
false 1,7,28,94,103,173,187,202,221,307,330,348,373,392,417,457,482,522,535,554,575,633,641,650,665,696,711
false 1,7,28,36,104,222,299,306,329,346,375,392,417,446,456,481,498,523,535,554,577,587,605,619,634,641,650
false 1,7,28,85,188,201,220,225,331,347,372,376,392,417,445,455,499,521,524,535,554,576,586,641,650,666,673
false 1,7,28,36,104,187,201,222,266,299,330,347,418,446,455,482,499,522,534,555,577,586,633,640,673,696,699
false 1,7,28,94,173,202,220,266,307,329,348,372,375,418,445,457,481,521,523,534,555,576,605,634,640,666,699
false 1,7,28,85,103,188,221,225,266,306,331,346,373,376,418,456,498,524,534,555,575,587,619,640,665,699,711
false 1,7,28,137,187,220,244,267,306,330,346,372,393,419,445,456,482,498,521,522,536,576,587,619,633,666,696
false 1,7,28,103,137,201,221,244,267,329,347,373,375,393,419,455,481,499,523,536,575,586,605,634,665,673,711
false 1,7,28,37,106,224,302,305,327,343,377,392,417,450,454,479,494,525,535,554,580,585,604,616,635,641,650
false 1,7,9,28,38,79,107,172,226,304,378,392,417,453,478,526,535,554,584,603,614,641,650,672,681,688,720
false 1,7,28,105,108,171,186,223,227,303,328,374,379,392,417,451,480,493,535,554,583,615,641,650,671,689,714
false 1,7,9,28,38,79,107,172,266,304,327,377,418,479,493,525,534,555,583,604,615,635,640,671,689,699,714
false 1,7,28,105,171,223,226,266,303,305,343,374,378,418,451,454,478,494,526,534,555,585,603,616,640,681,699
false 1,7,28,37,106,108,186,224,227,266,302,328,379,418,450,453,480,534,555,580,584,614,640,672,688,699,720
false 1,7,28,105,137,171,223,244,267,303,327,374,377,393,419,451,453,479,525,536,584,604,614,635,672,688,720
false 1,7,28,37,106,137,224,226,244,267,302,378,393,419,450,478,493,526,536,580,583,603,615,671,681,689,714
false 1,7,28,86,190,200,218,228,333,345,370,380,392,417,447,452,497,520,527,535,554,578,582,641,650,667,670
false 1,7,28,102,109,170,189,219,229,301,332,371,381,392,417,449,483,495,535,554,581,617,641,650,669,690,713
false 1,7,28,30,39,87,110,191,230,300,344,369,392,417,448,496,519,535,554,579,618,632,641,650,668,712,727
false 1,7,28,86,102,170,190,219,228,266,301,333,344,371,380,418,449,496,527,534,555,618,640,668,699,712,727
false 1,7,28,109,189,200,229,266,300,332,345,369,381,418,448,452,483,497,519,534,555,579,582,632,640,670,699
false 1,7,28,30,39,87,110,191,218,230,266,370,418,447,495,520,534,555,578,581,617,640,667,669,690,699,713
false 1,7,28,86,137,190,228,244,267,300,333,369,380,393,419,448,495,519,527,536,579,581,617,632,669,690,713
false 1,7,28,109,137,189,218,229,244,267,332,344,370,381,393,419,447,483,496,520,536,578,618,667,668,712,727
true 1,7,28,37,106,187,200,224,268,302,330,345,420,450,452,482,497,522,532,556,580,582,633,638,670,696,698
false 1,7,9,16,28,31,38,43,59,79,90,95,107,118,128,147,172,177,196,205,240,254,304,315,353,406,467
true 1,7,9,28,38,79,107,172,268,304,329,375,420,481,495,523,532,556,581,605,617,634,638,669,690,698,713
false 1,7,11,16,28,29,34,45,59,83,88,97,102,121,128,147,170,182,193,208,219,254,301,336,371,406,449
true 1,7,28,85,105,171,188,223,225,268,303,331,344,374,376,420,451,496,524,532,556,618,638,668,698,712,727
false 1,2,7,8,13,16,28,33,36,48,59,81,93,104,128,147,179,203,222,254,299,318,350,406,446,502,577
true 1,7,9,28,38,79,107,138,172,187,269,304,330,344,421,482,496,522,618,633,637,668,696,697,712,722,727
false 1,3,7,14,18,28,31,43,52,62,81,90,102,118,133,170,179,196,203,219,240,301,318,350,371,449,502
true 1,7,28,105,138,171,200,223,269,303,329,345,374,375,421,451,452,481,497,523,582,605,634,637,670,697,722
false 1,3,7,11,14,18,28,36,45,52,62,88,95,104,121,133,177,193,205,222,299,315,336,353,446,467,577
true 1,7,28,37,85,106,138,188,224,225,269,302,331,376,421,450,495,524,580,581,617,637,669,690,697,713,722
true 1,3,5,7,14,16,18,23,25,28,50,52,57,59,62,73,76,128,130,133,144,147,165,254,257,275,406
true 1,7,28,54,105,139,171,187,223,270,303,330,374,391,451,482,495,522,533,581,617,633,639,669,690,696,713
false 1,2,5,7,8,11,13,23,25,28,31,33,43,45,48,73,76,88,90,93,118,121,165,193,196,240,336
true 1,7,28,37,54,106,139,224,270,302,329,344,375,391,450,481,496,523,533,580,605,618,634,639,668,712,727
false 1,4,7,19,22,28,29,34,65,71,80,83,94,97,155,173,176,182,199,202,208,307,313,342,348,457,492
true 1,7,28,94,173,202,218,268,307,327,348,370,377,420,447,457,479,520,525,532,556,578,604,635,638,667,698
false 1,4,7,9,19,22,28,35,38,65,71,79,98,101,107,155,169,172,211,217,295,298,304,361,438,444,567
true 1,7,28,102,170,219,226,268,301,306,346,371,378,420,449,456,478,498,526,532,556,587,603,619,638,681,698
false 1,7,28,29,30,34,35,39,49,53,83,87,97,101,110,127,136,182,191,208,217,230,252,265,295,438,567
true 1,7,28,108,186,201,227,268,300,328,347,369,379,420,448,455,480,499,519,532,556,579,586,632,638,673,698
true 1,7,9,10,28,38,42,49,53,79,80,84,107,116,127,136,172,176,185,199,252,265,304,313,326,342,492
true 1,7,28,102,138,170,201,219,269,301,327,347,371,377,421,449,455,479,499,525,586,604,635,637,673,697,722
false 1,2,7,8,13,28,33,48,49,53,93,94,98,127,136,169,173,202,211,252,265,298,307,348,361,444,457
true 1,7,28,94,138,173,202,226,269,300,307,348,369,378,421,448,457,478,519,526,579,603,632,637,681,697,722
false 1,7,9,15,28,30,38,39,56,79,87,94,107,110,124,142,172,173,191,202,230,246,304,307,348,396,457
true 1,7,28,108,138,186,218,227,269,306,328,346,370,379,421,447,456,480,498,520,578,587,619,637,667,697,722
true 1,7,10,15,28,29,34,42,56,83,84,97,98,116,124,142,169,182,185,208,211,246,298,326,361,396,444
true 1,7,28,54,139,270,300,306,327,346,369,377,391,448,456,479,498,519,525,533,579,587,604,619,632,635,639
false 1,2,7,8,13,15,28,33,35,48,56,80,93,101,124,142,176,199,217,246,295,313,342,396,438,492,567
true 1,7,28,54,139,201,218,226,270,347,370,378,391,447,455,478,499,520,526,533,578,586,603,639,667,673,681
false 1,3,7,14,18,28,30,39,52,62,80,87,98,110,133,169,176,191,199,211,230,298,313,342,361,444,492
true 1,7,28,86,103,190,221,228,268,305,333,343,373,380,420,454,494,527,532,556,575,585,616,638,665,698,711
true 1,3,7,10,14,18,28,35,42,52,62,84,94,101,116,133,173,185,202,217,295,307,326,348,438,457,567
true 1,7,28,36,104,109,189,222,229,268,299,332,381,420,446,453,483,532,556,577,584,614,638,672,688,698,720
false 1,3,4,7,14,15,18,19,22,28,49,52,53,56,62,65,71,124,127,133,136,142,155,246,252,265,396
true 1,7,28,30,39,87,110,191,220,230,268,372,420,445,493,521,532,556,576,583,615,638,666,671,689,698,714
true 1,2,4,7,8,10,13,19,22,28,30,33,39,42,48,65,71,84,87,93,110,116,155,185,191,230,326
true 1,7,28,36,86,104,138,190,222,228,269,299,333,380,421,446,493,527,577,583,615,637,671,689,697,714,722
false 1,7,28,31,37,43,58,90,106,118,146,196,224,240,277,302,314,351,404,450,466,503,545,580,595,622,646
true 1,7,28,109,138,189,220,229,269,305,332,343,372,381,421,445,454,483,494,521,576,585,616,637,666,697,722
true 1,7,28,158,175,204,279,289,305,312,343,352,427,434,454,464,465,490,494,504,559,585,594,612,616,677,687
true 1,7,28,30,39,87,103,110,138,191,221,230,269,373,421,453,575,584,614,637,665,672,688,697,711,720,722
true 1,7,28,86,99,190,214,228,261,316,333,349,366,380,413,468,501,527,539,552,562,596,621,643,653,700,704
true 1,7,28,54,86,139,190,220,228,270,333,372,380,391,445,453,521,527,533,576,584,614,639,666,672,688,720
true 1,6,7,26,27,28,77,78,80,168,175,176,199,311,312,313,341,342,463,464,490,491,492,593,612,613,687
true 1,7,28,54,103,109,139,189,221,229,270,332,373,381,391,483,493,533,575,583,615,639,665,671,689,711,714
true 1,6,7,26,27,28,77,78,94,168,173,201,202,306,307,346,347,348,455,456,457,498,499,586,587,619,673
false 1,7,28,140,187,218,245,271,305,330,343,370,395,422,447,454,482,494,520,522,538,578,585,616,633,667,696
false 1,7,28,102,140,170,219,245,271,301,329,371,375,395,422,449,453,481,523,538,584,605,614,634,672,688,720
false 1,7,28,85,140,188,225,245,271,300,331,369,376,395,422,448,493,519,524,538,579,583,615,632,671,689,714
false 1,7,28,55,102,141,170,187,219,272,301,330,371,394,449,482,493,522,537,583,615,633,642,671,689,696,714
false 1,7,28,55,141,272,300,305,329,343,369,375,394,448,454,481,494,519,523,537,579,585,605,616,632,634,642
false 1,7,28,55,85,141,188,218,225,272,331,370,376,394,447,453,520,524,537,578,584,614,642,667,672,688,720
false 1,7,15,28,56,124,142,187,246,300,330,369,396,448,453,482,519,522,579,584,614,632,633,672,688,696,720
false 1,7,15,28,56,124,142,218,246,329,370,375,396,447,481,493,520,523,578,583,605,615,634,667,671,689,714
false 1,7,28,103,140,200,221,245,271,327,345,373,377,395,422,452,479,497,525,538,575,582,604,635,665,670,711
false 1,7,28,36,104,140,222,226,245,271,299,378,395,422,446,478,495,526,538,577,581,603,617,669,681,690,713
false 1,7,28,108,140,186,220,227,245,271,328,344,372,379,395,422,445,480,496,521,538,576,618,666,668,712,727
false 1,7,28,36,55,104,141,222,272,299,327,344,377,394,446,479,496,525,537,577,604,618,635,642,668,712,727
false 1,7,28,55,141,200,220,226,272,345,372,378,394,445,452,478,497,521,526,537,576,582,603,642,666,670,681
false 1,7,10,28,42,84,116,129,185,256,273,326,344,408,423,496,513,557,563,618,629,655,668,695,706,712,727
false 1,7,15,28,56,103,124,142,221,226,246,344,373,378,396,478,496,526,575,603,618,665,668,681,711,712,727
false 1,7,28,64,69,154,161,174,178,285,291,310,317,462,469,487,493,500,583,608,615,620,671,684,689,691,714
false 1,7,28,64,69,154,161,285,291,305,309,316,343,349,454,461,468,494,501,585,592,596,616,621,682,717,728
false 1,7,28,64,69,81,154,161,179,203,285,291,318,350,453,460,502,584,591,607,614,672,676,683,688,718,720
false 1,7,28,96,180,207,209,266,319,322,355,358,382,418,439,470,474,510,528,534,555,569,601,636,640,661,699
false 1,7,21,28,70,153,162,178,284,305,317,343,431,454,460,469,494,500,585,591,607,616,620,676,683,691,718
false 1,7,21,28,70,153,162,174,284,310,316,349,431,453,462,468,487,501,584,596,608,614,621,672,684,688,720
false 1,7,21,28,70,81,153,162,179,203,284,309,318,350,431,461,493,502,583,592,615,671,682,689,714,717,728
false 1,7,28,96,137,180,207,231,244,267,319,355,357,383,393,419,470,473,509,529,536,600,627,659,680,708,726
false 1,4,7,19,22,28,65,71,155,178,309,317,453,461,469,500,584,592,614,620,672,682,688,691,717,720,728
false 1,4,7,19,22,28,65,71,155,316,349,460,468,493,501,583,591,596,607,615,621,671,676,683,689,714,718
false 1,7,28,64,69,154,161,285,291,308,314,340,344,351,459,466,489,496,503,590,595,611,618,622,668,712,727
false 1,7,28,98,169,211,233,266,298,316,349,361,385,418,444,468,471,501,530,534,555,596,598,621,640,679,699
false 1,7,28,64,69,154,161,200,204,285,291,345,352,452,458,465,497,504,582,589,594,609,670,675,677,685,719
false 1,7,28,64,69,95,154,161,177,205,285,291,315,353,467,488,495,581,588,610,617,669,674,686,690,713,715
false 1,7,21,28,70,153,162,200,284,314,345,351,431,452,466,488,497,503,582,588,595,610,622,670,674,686,715
false 1,7,28,112,137,210,234,244,267,316,349,360,386,393,419,442,468,501,512,536,573,596,597,621,664,678,716
false 1,7,21,28,70,153,162,204,284,308,340,352,431,459,465,489,495,504,581,590,594,611,617,669,677,690,713
false 1,7,21,28,70,95,153,162,177,205,284,315,344,353,431,458,467,496,589,609,618,668,675,685,712,719,727
false 1,4,7,19,22,28,65,71,155,314,351,458,466,495,503,581,589,595,609,617,622,669,675,685,690,713,719
false 1,7,10,28,42,84,116,185,204,326,352,392,417,440,465,504,535,554,571,594,623,641,650,663,677,692,721
