true 1,3,6,14,17,26,51,60,108,131,209,226,340,357,377,480,488,508,590,604,609,661,675,681,709,715,726
true 1,3,6,14,17,26,51,60,131,186,308,327,379,439,458,478,510,526,568,588,611,627,635,659,686,694,719
true 1,3,6,14,17,26,51,60,131,227,328,358,378,459,479,489,509,525,569,589,603,610,626,660,674,685,708
false 1,6,26,63,66,136,139,144,151,156,252,257,264,269,274,281,286,403,408,415,420,423,544,547,639,698,722
false 1,6,26,49,53,126,135,144,157,250,257,263,270,274,283,287,408,421,423,430,432,533,547,556,560,638,697
false 1,6,26,54,127,138,144,152,251,257,265,268,274,282,288,391,402,408,416,423,429,433,532,547,553,561,637
false 1,6,26,63,66,127,130,151,156,251,256,265,270,275,281,286,402,407,416,421,424,533,553,556,557,638,697
false 1,6,26,54,130,136,138,157,252,256,264,268,275,283,287,391,403,407,415,424,430,432,532,544,557,560,637
false 1,6,26,49,53,126,130,135,139,152,250,256,263,269,275,282,288,407,420,424,429,433,557,561,639,698,722
true 1,6,7,26,27,28,77,78,98,168,169,210,211,297,298,359,360,361,442,443,444,511,512,573,574,628,664
false 1,6,26,29,31,34,36,43,50,57,82,89,96,103,117,129,143,180,194,206,220,238,255,273,299,445,575
false 1,6,26,50,57,83,90,129,143,181,195,208,222,240,255,273,319,337,355,373,389,446,505,521,531,576,665
false 1,6,26,50,57,97,104,118,129,143,182,196,207,221,239,255,273,320,338,354,372,388,470,486,577,666,711
false 1,6,26,31,43,83,89,104,117,144,181,194,208,221,238,257,274,319,355,372,408,423,505,547,577,666,711
false 1,6,26,36,90,97,103,144,182,195,207,220,240,257,274,299,320,337,354,389,408,423,445,470,531,547,575
false 1,6,26,29,34,82,96,118,144,180,196,206,222,239,257,274,338,373,388,408,423,446,486,521,547,576,665
false 1,6,26,31,43,89,97,117,130,182,194,207,222,238,256,275,320,354,373,407,424,446,470,521,557,576,665
false 1,6,26,29,34,82,90,96,104,130,180,195,206,221,240,256,275,337,372,389,407,424,531,557,577,666,711
false 1,6,26,36,83,103,118,130,181,196,208,220,239,256,275,299,319,338,355,388,407,424,445,486,505,557,575
true 1,3,6,7,14,17,18,26,27,28,51,52,60,61,62,77,78,131,132,133,148,149,168,258,259,278,409
false 1,4,7,9,19,22,28,35,38,65,71,98,101,107,155,171,211,217,297,303,361,437,443,451,566,574,658
false 1,4,7,19,22,28,65,71,105,155,215,223,302,359,367,374,442,450,511,518,565,573,580,628,657,664,707
false 1,4,7,19,22,28,37,65,71,79,100,106,155,169,172,210,216,224,295,298,304,360,368,438,444,512,567
false 1,7,9,21,28,38,70,100,107,153,162,171,216,284,295,303,359,368,431,438,442,451,511,567,573,628,664
false 1,7,21,28,35,70,101,105,153,162,169,210,217,223,284,298,302,360,374,431,437,444,450,512,566,580,658
false 1,7,21,28,37,70,79,98,106,153,162,172,211,215,224,284,297,304,361,367,431,443,518,565,574,657,707
false 1,7,9,28,38,64,69,107,154,161,169,171,210,215,285,291,298,303,360,367,444,451,512,518,565,657,707
false 1,7,28,64,69,98,100,105,154,161,211,216,223,285,291,295,297,302,361,368,374,438,443,450,567,574,580
false 1,7,28,35,37,64,69,79,101,106,154,161,172,217,224,285,291,304,359,437,442,511,566,573,628,658,664
true 1,6,7,9,26,27,28,37,38,77,78,79,105,106,107,168,171,172,223,224,302,303,304,374,450,451,580
false 1,34,35,39,49,53,77,78,180,181,182,189,190,191,354,355,367,368,380,381,402,403,415,416,565,566,567
false 1,29,30,49,53,77,78,206,207,208,215,216,217,228,229,230,295,319,320,332,333,402,403,415,416,657,658
false 1,39,77,78,82,83,96,97,126,127,189,190,191,215,216,217,263,264,265,295,380,381,470,505,544,657,658
false 1,49,53,77,78,82,83,86,87,96,97,100,101,109,110,402,403,415,416,437,438,470,483,505,518,527,707
false 1,30,34,77,78,100,101,126,127,180,181,182,228,229,230,263,264,265,332,333,354,355,437,438,518,544,707
false 1,29,39,77,78,100,101,135,136,189,190,191,206,207,208,250,251,252,319,320,380,381,437,438,518,553,707
false 1,29,35,77,78,86,87,109,110,126,127,206,207,208,263,264,265,319,320,367,368,483,527,544,565,566,567
false 1,30,35,77,78,82,83,96,97,135,136,228,229,230,250,251,252,332,333,367,368,470,505,553,565,566,567
false 1,34,77,78,86,87,109,110,135,136,180,181,182,215,216,217,250,251,252,295,354,355,483,527,553,657,658
true 1,6,7,26,27,28,29,34,77,78,82,83,96,97,168,180,181,182,206,207,208,319,320,354,355,470,505
false 1,5,6,23,24,26,49,53,72,74,125,126,134,135,163,247,248,250,260,261,263,397,399,410,412,539,548
false 1,5,6,23,24,26,72,74,127,163,249,251,265,398,400,402,414,416,540,542,550,552,553,643,648,649,701
false 1,5,6,23,24,26,72,74,136,163,252,262,264,401,403,411,413,415,541,543,544,549,551,644,645,647,700
false 1,6,25,26,49,53,75,126,135,165,166,249,250,262,263,293,400,413,435,541,542,550,551,644,648,700,701
false 1,6,25,26,75,127,134,165,166,247,251,261,265,293,397,401,402,411,412,416,435,539,543,549,553,645,647
false 1,6,25,26,75,125,136,165,166,248,252,260,264,293,398,399,403,410,414,415,435,540,544,548,552,643,649
false 1,6,26,49,53,73,76,126,135,164,167,250,263,292,294,398,401,411,414,540,543,549,552,643,645,647,649
false 1,6,26,73,76,125,127,164,167,248,251,260,262,265,292,294,399,402,410,413,416,541,548,551,553,644,700
false 1,6,26,73,76,134,136,164,167,247,249,252,261,264,292,294,397,400,403,412,415,539,542,544,550,648,701
true 1,4,6,7,19,21,22,26,27,28,64,65,69,70,71,77,78,153,154,155,161,162,168,284,285,291,431
false 1,9,10,49,53,77,78,171,172,175,176,184,185,199,223,224,236,237,402,403,415,416,580,593,602,612,613
false 1,49,53,77,78,105,106,107,114,115,116,302,303,304,311,312,313,324,325,326,402,403,415,416,490,491,492
false 1,10,77,78,80,105,106,107,126,127,184,185,236,237,263,264,265,302,303,304,341,342,463,464,544,602,687
false 1,37,38,41,42,49,53,77,78,79,80,84,341,342,374,387,402,403,415,416,450,451,463,464,476,477,687
false 1,37,38,77,78,79,114,115,116,126,127,175,176,199,263,264,265,324,325,326,374,450,451,544,593,612,613
false 1,10,37,38,77,78,79,135,136,184,185,236,237,250,251,252,311,312,313,374,450,451,490,491,492,553,602
false 1,9,41,42,77,78,84,126,127,171,172,223,224,263,264,265,311,312,313,387,476,477,490,491,492,544,580
false 1,9,77,78,80,114,115,116,135,136,171,172,223,224,250,251,252,324,325,326,341,342,463,464,553,580,687
false 1,41,42,77,78,84,105,106,107,135,136,175,176,199,250,251,252,302,303,304,387,476,477,553,593,612,613
true 1,6,7,10,26,27,28,41,42,77,78,84,114,115,116,168,184,185,236,237,324,325,326,387,476,477,602
false 1,2,8,49,53,77,78,94,98,122,123,169,173,197,198,402,403,415,416,498,499,511,512,573,574,586,587
false 1,32,33,46,47,48,49,53,77,78,297,298,306,307,339,346,347,348,359,360,361,402,403,415,416,664,673
false 1,2,8,77,78,122,123,126,127,197,198,201,202,263,264,265,297,298,359,360,361,455,456,457,544,619,664
false 1,12,13,49,53,77,78,91,92,93,201,202,210,211,243,402,403,415,416,442,443,444,455,456,457,619,628
false 1,32,33,46,47,48,77,78,94,126,127,173,210,211,263,264,265,339,442,443,444,498,499,544,586,587,628
false 1,2,8,77,78,122,123,135,136,197,198,210,211,250,251,252,306,307,346,347,348,442,443,444,553,628,673
false 1,12,13,77,78,91,92,93,98,126,127,169,243,263,264,265,306,307,346,347,348,511,512,544,573,574,673
false 1,32,33,46,47,48,77,78,98,135,136,169,201,202,250,251,252,339,455,456,457,511,512,553,573,574,619
false 1,12,13,77,78,91,92,93,94,135,136,173,243,250,251,252,297,298,359,360,361,498,499,553,586,587,664
true 1,6,7,26,27,28,30,39,77,78,86,87,109,110,168,189,190,191,228,229,230,332,333,380,381,483,527
true 1,6,7,15,26,27,28,55,56,77,78,124,140,141,142,168,245,246,271,272,394,395,396,422,537,538,642
false 1,6,26,63,66,142,147,151,156,246,249,254,272,277,281,286,395,400,405,422,425,537,542,545,550,648,701
false 1,6,15,26,55,124,140,147,157,245,254,277,283,287,394,401,405,411,425,430,432,543,545,549,560,645,647
false 1,6,26,56,125,141,147,152,248,254,260,271,277,282,288,396,399,405,410,425,429,433,538,545,548,561,642
false 1,6,26,56,59,63,66,141,146,151,156,271,276,281,286,396,401,406,411,538,543,546,549,642,645,646,647
false 1,6,26,59,125,142,146,157,246,248,260,272,276,283,287,395,399,406,410,422,430,432,537,546,548,560,646
false 1,6,15,26,55,59,124,140,146,152,245,249,276,282,288,394,400,406,429,433,542,546,550,561,646,648,701
false 1,6,15,16,26,55,58,63,66,124,125,128,140,145,151,156,245,248,253,260,281,286,394,399,404,410,548
false 1,6,16,26,56,58,128,141,145,157,249,253,271,283,287,396,400,404,430,432,538,542,550,560,642,648,701
false 1,6,16,26,58,128,142,145,152,246,253,272,282,288,395,401,404,411,422,429,433,537,543,549,561,645,647
true 1,6,7,26,27,28,49,53,77,78,126,127,135,136,168,250,251,252,263,264,265,402,403,415,416,544,553
false 1,6,26,52,62,63,66,132,149,151,156,258,278,281,286,393,398,414,419,535,540,552,555,640,643,649,650
false 1,6,26,52,62,132,137,149,157,244,258,262,266,278,283,287,392,413,417,430,432,534,541,551,560,644,700
false 1,6,26,52,62,132,134,149,152,247,258,261,267,278,282,288,397,412,418,429,433,536,539,554,561,641,699
false 1,6,18,26,61,63,66,133,148,151,156,259,262,267,281,286,409,413,418,536,541,551,554,641,644,699,700
false 1,6,18,26,61,133,134,148,157,247,259,261,283,287,393,397,409,412,419,430,432,535,539,555,560,640,650
false 1,6,18,26,61,133,137,148,152,244,259,266,282,288,392,398,409,414,417,429,433,534,540,552,561,643,649
false 1,3,6,14,17,26,51,60,63,66,131,134,137,151,156,244,247,261,266,281,286,392,397,412,417,534,539
false 1,3,6,14,17,26,51,60,131,157,267,283,287,398,414,418,430,432,536,540,552,554,560,641,643,649,699
false 1,3,6,14,17,26,51,60,131,152,262,282,288,393,413,419,429,433,535,541,551,555,561,640,644,650,700
true 1,6,7,26,27,28,35,77,78,100,101,168,215,216,217,295,367,368,437,438,518,565,566,567,657,658,707
true 1,3,7,14,18,28,40,52,62,113,133,213,235,321,365,472,495,517,599,617,652,668,690,703,712,724,727
true 1,7,28,40,51,60,99,113,132,148,200,214,235,259,278,321,345,366,472,497,581,599,669,702,713,723,729
true 1,7,17,28,40,61,113,131,149,235,258,321,344,364,409,452,472,496,516,562,582,599,618,631,653,670,704
true 1,3,7,14,18,28,52,62,112,133,200,234,345,364,386,497,516,562,581,597,631,653,669,678,704,713,716
true 1,7,28,51,60,112,132,148,213,234,259,278,344,365,386,452,496,517,582,597,618,652,670,678,703,716,724
true 1,7,17,28,61,99,112,131,149,214,234,258,366,386,409,495,597,617,668,678,690,702,712,716,723,727,729
true 1,3,7,14,18,28,52,62,99,133,214,233,344,366,385,452,471,496,530,582,598,618,670,679,702,723,729
true 1,7,28,51,60,132,148,233,259,278,364,385,471,495,516,530,562,598,617,631,653,668,679,690,704,712,727
true 1,7,17,28,61,131,149,200,213,233,258,345,365,385,409,471,497,517,530,581,598,652,669,679,703,713,724
true 1,3,6,14,17,26,40,51,60,99,112,131,200,213,233,344,364,472,495,582,598,653,669,678,703,712,723
true 1,3,6,14,17,26,51,60,131,235,366,386,497,517,530,599,618,631,670,679,690,704,713,716,724,727,729
true 1,3,6,14,17,26,51,60,113,131,214,234,321,345,365,385,452,471,496,516,562,581,597,617,652,668,702
true 1,6,18,26,40,61,112,133,148,214,233,259,365,409,472,497,516,562,598,618,652,670,678,690,702,713,727
true 1,6,18,26,61,99,133,148,213,235,259,345,364,386,409,452,496,530,581,599,617,653,668,679,703,716,723
true 1,6,18,26,61,113,133,148,200,234,259,321,344,366,385,409,471,495,517,582,597,631,669,704,712,724,729
true 1,6,26,40,52,62,112,132,149,233,258,278,345,366,452,472,496,517,581,598,617,631,668,678,704,724,729
true 1,6,26,52,62,132,149,200,214,235,258,278,344,365,386,495,516,530,562,582,599,652,669,679,702,712,716
true 1,6,26,52,62,99,113,132,149,213,234,258,278,321,364,385,471,497,597,618,653,670,690,703,713,723,727
true 1,3,14,27,40,61,132,168,213,234,278,345,366,409,472,495,516,530,562,581,597,618,670,679,703,712,729
true 1,3,14,27,61,112,132,168,200,214,235,278,364,385,409,452,471,496,517,599,653,669,678,690,702,724,727
true 1,18,27,40,51,60,99,133,149,168,200,234,258,365,452,472,496,530,597,631,652,669,679,690,704,723,727
true 1,3,14,27,61,99,113,132,168,233,278,321,344,365,386,409,497,582,598,617,631,652,668,704,713,716,723
true 1,18,27,51,60,112,133,149,168,213,235,258,344,366,385,471,497,516,562,582,599,617,668,678,703,713,729
true 1,17,27,40,52,62,131,148,168,214,234,259,344,364,472,497,517,530,582,597,617,653,668,679,702,713,724
true 1,18,27,51,60,113,133,149,168,214,233,258,321,345,364,386,495,517,581,598,618,653,670,702,712,716,724
true 1,17,27,52,62,99,112,131,148,168,235,259,345,365,385,471,495,581,599,618,631,652,670,678,704,712,723
true 1,17,27,52,62,113,131,148,168,200,213,233,259,321,366,386,452,496,516,562,598,669,690,703,716,727,729
true 1,3,14,40,77,78,148,149,213,214,258,259,385,386,452,471,472,495,496,497,631,702,703,704,712,713,716
true 1,3,14,77,78,99,148,149,233,234,235,258,259,344,345,516,517,562,581,582,597,598,599,690,723,724,727
true 1,40,51,52,60,61,62,77,78,99,200,385,386,409,471,472,516,517,562,617,618,668,669,670,716,723,724
true 1,3,14,77,78,112,113,148,149,200,258,259,321,364,365,366,530,617,618,652,653,668,669,670,678,679,729
true 1,51,52,60,61,62,77,78,233,234,235,364,365,366,409,452,495,496,497,597,598,599,652,653,712,713,729
true 1,17,18,40,77,78,131,132,133,278,344,345,364,365,366,385,386,471,472,581,582,652,653,690,716,727,729
true 1,51,52,60,61,62,77,78,112,113,213,214,321,344,345,409,530,581,582,631,678,679,690,702,703,704,727
true 1,17,18,77,78,131,132,133,200,213,214,233,234,235,278,597,598,599,617,618,631,668,669,670,702,703,704
true 1,17,18,77,78,99,112,113,131,132,133,278,321,452,495,496,497,516,517,530,562,678,679,712,713,723,724
true 1,2,6,7,8,12,13,26,27,28,32,33,46,47,48,77,78,91,92,93,122,123,168,197,198,243,339
false 1,3,6,14,17,26,51,60,111,131,212,231,323,343,362,382,454,474,493,513,564,584,600,614,655,671,705
false 1,3,6,14,17,26,51,60,131,384,475,515,529,585,601,616,630,636,656,672,680,689,695,706,714,720,725
false 1,3,6,14,17,26,51,60,131,183,232,305,322,363,383,436,453,473,494,514,528,563,583,615,629,654,688
false 1,6,18,26,61,111,133,148,231,259,323,363,382,409,436,474,514,563,585,600,616,629,654,672,689,714,720
false 1,6,18,26,61,133,148,212,259,305,362,384,409,453,475,494,513,529,564,583,601,615,636,655,680,688,705
false 1,6,18,26,61,133,148,183,232,259,322,343,383,409,454,473,493,515,528,584,614,630,656,671,695,706,725
false 1,6,26,52,62,111,132,149,231,258,278,305,323,382,453,474,494,515,583,600,615,630,656,688,695,706,725
false 1,6,26,52,62,132,149,258,278,343,363,384,436,454,475,493,514,529,563,584,601,614,629,636,654,671,680
false 1,6,26,52,62,132,149,183,212,232,258,278,322,362,383,473,513,528,564,585,616,655,672,689,705,714,720
true 1,6,7,26,27,28,77,78,94,168,173,201,202,306,307,346,347,348,455,456,457,498,499,586,587,619,673
false 1,6,10,16,26,41,58,99,114,128,145,185,213,253,325,343,364,404,454,476,493,584,614,653,671,703,723
false 1,6,16,26,58,116,128,145,237,253,326,366,387,404,477,517,585,602,616,631,672,689,704,714,720,724,729
false 1,6,16,26,42,58,84,115,128,145,184,214,236,253,305,324,365,404,453,494,516,562,583,615,652,688,702
false 1,6,10,26,41,59,114,146,185,214,276,325,365,406,476,516,546,562,585,616,646,652,672,689,702,714,720
false 1,6,26,59,99,116,146,213,237,276,305,326,364,387,406,453,477,494,546,583,602,615,646,653,688,703,723
false 1,6,26,42,59,84,115,146,184,236,276,324,343,366,406,454,493,517,546,584,614,631,646,671,704,724,729
false 1,6,10,26,41,114,147,185,254,277,305,325,366,405,425,453,476,494,517,545,583,615,631,688,704,724,729
false 1,6,26,116,147,214,237,254,277,326,343,365,387,405,425,454,477,493,516,545,562,584,602,614,652,671,702
false 1,6,26,42,84,99,115,147,184,213,236,254,277,324,364,405,425,545,585,616,653,672,689,703,714,720,723
true 1,6,7,26,27,28,77,78,80,168,175,176,199,311,312,313,341,342,463,464,490,491,492,593,612,613,687
false 1,6,20,26,67,130,142,150,158,246,256,272,275,279,395,398,407,414,422,424,426,537,540,552,557,643,649
false 1,6,15,26,55,68,124,130,140,159,245,256,262,275,289,394,407,413,424,428,541,551,557,559,644,651,700
false 1,6,26,56,130,134,141,160,247,256,261,271,275,280,290,396,397,407,412,424,427,434,538,539,557,558,642
false 1,6,20,26,56,67,141,144,150,158,257,262,271,274,279,396,408,413,423,426,538,541,547,551,642,644,700
false 1,6,26,68,134,142,144,159,246,247,257,261,272,274,289,395,397,408,412,422,423,428,537,539,547,559,651
false 1,6,15,26,55,124,140,144,160,245,257,274,280,290,394,398,408,414,423,427,434,540,547,552,558,643,649
false 1,6,15,20,26,50,55,57,67,124,129,134,140,143,150,158,245,247,255,261,273,279,394,397,412,426,539
false 1,6,26,50,56,57,68,129,141,143,159,255,271,273,289,396,398,414,428,538,540,552,559,642,643,649,651
false 1,6,26,50,57,129,142,143,160,246,255,262,272,273,280,290,395,413,422,427,434,537,541,551,558,644,700
true 1,5,6,7,23,24,25,26,27,28,72,73,74,75,76,77,78,163,164,165,166,167,168,292,293,294,435
false 1,6,20,26,67,127,147,150,158,251,254,265,277,279,393,402,405,416,419,425,426,535,545,553,555,640,650
false 1,6,26,68,136,137,147,159,244,252,254,264,266,277,289,392,403,405,415,417,425,428,534,544,545,559,651
false 1,6,26,49,53,126,135,147,160,250,254,263,267,277,280,290,405,418,425,427,434,536,545,554,558,641,699
false 1,6,20,26,59,67,136,146,150,158,252,264,267,276,279,403,406,415,418,426,536,544,546,554,641,646,699
false 1,6,26,49,53,59,68,126,135,146,159,250,263,276,289,393,406,419,428,535,546,555,559,640,646,650,651
false 1,6,26,59,127,137,146,160,244,251,265,266,276,280,290,392,402,406,416,417,427,434,534,546,553,558,646
false 1,6,16,20,26,49,53,58,67,126,128,135,137,145,150,158,244,250,253,263,266,279,392,404,417,426,534
false 1,6,16,26,58,68,127,128,145,159,251,253,265,267,289,402,404,416,418,428,536,553,554,559,641,651,699
false 1,6,16,26,58,128,136,145,160,252,253,264,280,290,393,403,404,415,419,427,434,535,544,555,558,640,650
true 1,6,7,11,26,27,28,44,45,77,78,88,119,120,121,168,192,193,241,242,334,335,336,390,484,485,606
false 1,6,20,26,52,62,67,132,149,150,158,249,258,270,278,279,400,421,426,533,542,550,556,638,648,697,701
false 1,6,26,52,54,62,68,132,138,149,159,258,268,278,289,391,401,411,428,532,543,549,559,637,645,647,651
false 1,6,26,52,62,125,132,139,149,160,248,258,260,269,278,280,290,399,410,420,427,434,548,558,639,698,722
true 1,7,16,28,40,59,94,113,147,202,235,253,321,348,362,405,455,472,514,546,586,599,630,654,673,705,725
true 1,7,28,40,113,145,201,212,235,276,306,321,347,363,404,425,436,456,472,499,515,545,564,587,599,646,656
true 1,7,28,40,58,113,128,146,173,235,254,277,307,321,346,406,457,472,498,513,563,599,619,629,655,695,706
true 1,7,16,28,59,112,147,201,234,253,306,347,386,405,456,499,513,546,563,587,597,629,655,678,695,706,716
true 1,7,28,112,145,173,234,276,307,346,362,386,404,425,457,498,514,545,597,619,630,646,654,678,705,716,725
true 1,7,28,58,94,112,128,146,202,212,234,254,277,348,363,386,406,436,455,515,564,586,597,656,673,678,716
true 1,7,16,28,59,147,173,212,233,253,307,346,363,385,405,436,457,471,498,515,530,546,564,598,619,656,679
true 1,7,28,94,145,202,233,276,348,385,404,425,455,471,513,530,545,563,586,598,629,646,655,673,679,695,706
true 1,7,28,58,128,146,201,233,254,277,306,347,362,385,406,456,471,499,514,530,587,598,630,654,679,705,725
true 1,6,16,26,40,58,94,112,128,145,201,212,233,253,307,346,362,404,456,472,513,564,586,598,655,678,705
true 1,6,16,26,58,128,145,235,253,348,386,404,457,499,515,530,587,599,619,630,656,673,679,695,706,716,725
true 1,6,16,26,58,113,128,145,173,202,234,253,306,321,347,363,385,404,436,455,471,498,514,563,597,629,654
true 1,6,26,40,59,112,146,233,276,348,363,406,436,457,472,499,514,546,563,587,598,619,629,646,654,673,678
true 1,6,26,59,146,173,202,212,235,276,306,347,362,386,406,455,498,513,530,546,564,599,646,655,679,705,716
true 1,6,26,59,94,113,146,201,234,276,307,321,346,385,406,456,471,515,546,586,597,630,646,656,695,706,725
true 1,6,26,40,112,147,173,202,233,254,277,306,347,405,425,455,472,498,515,545,598,630,656,678,695,706,725
true 1,6,26,94,147,201,235,254,277,307,346,363,386,405,425,436,456,514,530,545,563,586,599,629,654,679,716
true 1,6,26,113,147,212,234,254,277,321,348,362,385,405,425,457,471,499,513,545,564,587,597,619,655,673,705
true 1,16,27,40,94,146,168,234,253,306,347,362,406,425,457,472,515,530,545,563,586,597,619,629,656,679,705
true 1,16,27,112,146,168,173,201,235,253,348,363,385,406,425,436,456,471,498,513,545,599,630,655,673,678,725
true 1,27,40,59,145,168,173,201,212,234,254,277,348,404,456,472,498,514,530,546,564,597,654,673,679,695,706
true 1,16,27,113,146,168,202,212,233,253,307,321,346,386,406,425,455,499,514,545,564,587,598,654,695,706,716
true 1,27,59,112,145,168,202,235,254,277,307,346,362,385,404,455,471,499,515,546,563,587,599,629,656,678,705
true 1,27,40,58,128,147,168,202,234,276,307,346,363,405,436,455,472,499,513,530,587,597,630,646,655,679,725
true 1,27,59,94,113,145,168,233,254,277,306,321,347,363,386,404,436,457,513,546,586,598,619,630,655,716,725
true 1,27,58,94,112,128,147,168,212,235,276,306,347,385,405,457,471,514,564,586,599,619,646,654,678,695,706
true 1,27,58,113,128,147,168,173,201,233,276,321,348,362,386,405,456,498,515,563,598,629,646,656,673,705,716
true 1,16,40,77,78,94,173,253,254,276,277,362,363,385,386,436,471,472,498,499,586,587,646,695,705,706,716
true 1,16,77,78,212,233,234,235,253,254,276,277,306,307,346,347,348,563,564,597,598,599,629,630,646,673,725
true 1,40,77,78,145,146,147,201,202,212,385,386,404,405,406,455,456,457,471,472,563,564,619,629,630,716,725
true 1,16,77,78,112,113,201,202,253,254,276,277,321,455,456,457,513,514,515,530,619,646,654,655,656,678,679
true 1,77,78,94,145,146,147,173,233,234,235,404,405,406,498,499,513,514,515,586,587,597,598,599,654,655,656
true 1,40,58,59,77,78,128,306,307,346,347,348,385,386,425,471,472,513,514,515,545,546,654,655,656,673,716
true 1,77,78,112,113,145,146,147,306,307,321,346,347,348,362,363,404,405,406,436,530,673,678,679,695,705,706
true 1,58,59,77,78,128,201,202,233,234,235,362,363,425,436,455,456,457,545,546,597,598,599,619,695,705,706
true 1,58,59,77,78,94,112,113,128,173,212,321,425,498,499,530,545,546,563,564,586,587,629,630,678,679,725
true 1,6,7,26,27,28,31,43,77,78,89,90,117,118,168,194,195,196,238,239,240,337,338,388,389,486,531
false 1,6,16,26,35,58,100,111,128,145,200,215,231,253,323,344,382,404,438,474,495,566,582,600,657,669,712
false 1,6,16,26,58,128,145,217,253,368,384,404,475,497,518,529,567,601,618,636,658,670,680,690,707,713,727
false 1,6,16,26,58,101,128,145,183,216,232,253,295,322,345,367,383,404,437,452,473,496,528,565,581,617,668
false 1,6,26,59,101,111,146,216,231,276,295,323,367,382,406,437,474,497,546,565,600,618,646,670,690,713,727
false 1,6,26,35,59,100,146,215,276,345,384,406,438,452,475,496,529,546,566,581,601,617,636,646,657,668,680
false 1,6,26,59,146,183,200,217,232,276,322,344,368,383,406,473,495,518,528,546,567,582,646,658,669,707,712
false 1,6,26,111,147,217,231,254,277,323,345,368,382,405,425,452,474,496,518,545,567,581,600,617,658,668,707
false 1,6,26,101,147,200,216,254,277,295,344,367,384,405,425,437,475,495,529,545,565,582,601,636,669,680,712
false 1,6,26,35,100,147,183,215,232,254,277,322,383,405,425,438,473,497,528,545,566,618,657,670,690,713,727
true 1,6,7,16,26,27,28,58,59,77,78,128,145,146,147,168,253,254,276,277,404,405,406,425,545,546,646
false 1,9,15,27,39,86,94,106,124,141,168,171,191,229,304,306,332,347,374,395,422,450,457,527,586,619,642
false 1,15,27,30,37,79,107,109,124,141,168,173,190,201,223,230,303,348,380,395,422,456,483,498,580,642,673
false 1,27,38,39,56,86,105,140,168,172,173,191,201,224,229,245,272,302,332,348,396,451,456,498,527,537,673
false 1,15,27,38,87,105,110,124,141,168,172,189,202,224,228,302,307,333,346,381,395,422,451,455,499,587,642
false 1,9,27,30,56,106,109,140,168,171,190,202,230,245,272,304,307,346,374,380,396,450,455,483,499,537,587
false 1,27,37,39,55,79,86,107,142,168,191,202,223,229,246,271,303,307,332,346,394,455,499,527,538,580,587
false 1,27,37,56,79,87,94,107,110,140,168,189,223,228,245,272,303,306,333,347,381,396,457,537,580,586,619
false 1,27,30,38,55,94,105,109,142,168,172,190,224,230,246,271,302,306,347,380,394,451,457,483,538,586,619
false 1,9,27,55,87,106,110,142,168,171,173,189,201,228,246,271,304,333,348,374,381,394,450,456,498,538,673
true 1,6,7,26,27,28,50,57,77,78,129,130,143,144,168,255,256,257,273,274,275,407,408,423,424,547,557
false 1,6,18,20,26,61,67,133,139,148,150,158,259,269,279,401,409,411,420,426,543,549,639,645,647,698,722
false 1,6,18,26,61,68,125,133,148,159,248,259,260,270,289,399,409,410,421,428,533,548,556,559,638,651,697
false 1,6,18,26,54,61,133,138,148,160,249,259,268,280,290,391,400,409,427,434,532,542,550,558,637,648,701
false 1,3,6,14,17,20,26,51,54,60,67,125,131,138,150,158,248,260,268,279,391,399,410,426,532,548,637
false 1,3,6,14,17,26,51,60,68,131,139,159,249,269,289,400,420,428,542,550,559,639,648,651,698,701,722
false 1,3,6,14,17,26,51,60,131,160,270,280,290,401,411,421,427,434,533,543,549,556,558,638,645,647,697
false 1,5,6,15,23,24,26,54,55,72,74,124,137,138,140,163,244,245,266,268,391,392,394,417,532,534,637
false 1,5,6,23,24,26,56,72,74,139,141,163,267,269,271,396,418,420,536,538,554,639,641,642,698,699,722
false 1,5,6,23,24,26,72,74,142,163,246,270,272,393,395,419,421,422,533,535,537,555,556,638,640,650,697
true 1,4,19,57,77,78,137,161,162,255,256,257,260,284,285,399,400,401,423,424,534,535,536,554,555,647,648
true 1,21,22,77,78,129,130,143,144,153,154,155,244,260,291,399,400,401,417,418,419,547,557,640,641,647,648
true 1,4,19,50,77,78,125,161,162,244,273,274,275,284,285,407,408,417,418,419,542,543,548,549,550,640,641
true 1,50,64,65,69,70,71,77,78,260,266,267,273,274,275,392,393,399,400,401,407,408,431,647,648,650,699
true 1,21,22,57,77,78,125,153,154,155,255,256,257,266,267,291,392,393,423,424,542,543,548,549,550,650,699
true 1,4,19,77,78,129,130,143,144,161,162,248,249,266,267,284,285,392,393,410,411,547,557,645,650,699,701
true 1,64,65,69,70,71,77,78,125,129,130,137,143,144,431,534,535,536,542,543,547,548,549,550,554,555,557
true 1,21,22,50,77,78,137,153,154,155,248,249,273,274,275,291,407,408,410,411,534,535,536,554,555,645,701
true 1,57,64,65,69,70,71,77,78,244,248,249,255,256,257,410,411,417,418,419,423,424,431,640,641,645,701
true 1,4,19,27,57,70,130,137,154,168,249,255,260,274,291,393,399,408,418,431,534,543,549,557,641,650,701
true 1,22,27,64,69,125,129,137,143,155,162,168,257,275,284,393,400,407,411,418,423,534,548,641,645,648,650
true 1,4,19,27,50,70,125,144,154,168,244,256,267,273,291,400,411,417,424,431,535,547,548,555,645,648,699
true 1,21,27,50,65,71,137,144,153,161,168,248,256,273,285,393,401,410,418,424,534,542,547,550,641,647,650
true 1,22,27,57,64,69,130,155,162,168,244,248,255,267,274,284,401,408,410,417,535,542,550,555,557,647,699
true 1,4,19,27,70,129,143,154,168,248,257,266,275,291,392,401,407,410,419,423,431,536,542,550,554,640,647
true 1,21,27,65,71,129,143,153,161,168,244,249,257,260,267,275,285,399,407,417,423,535,543,549,555,699,701
true 1,22,27,50,64,69,144,155,162,168,249,256,260,266,273,284,392,399,419,424,536,543,547,549,554,640,701
true 1,21,27,57,65,71,125,130,153,161,168,255,266,274,285,392,400,408,411,419,536,548,554,557,640,645,648
true 1,4,6,19,21,26,64,69,130,153,249,256,275,393,400,407,419,424,535,542,550,555,557,640,648,650,701
true 1,6,22,26,70,130,137,155,161,244,256,266,275,285,392,401,407,411,417,424,431,534,543,549,557,645,647
true 1,6,26,65,71,125,130,154,162,248,256,260,267,275,284,291,399,407,410,418,424,536,548,554,557,641,699
true 1,4,6,19,21,26,64,69,144,153,257,267,274,401,408,411,418,423,536,543,547,549,554,641,645,647,699
true 1,6,22,26,70,125,144,155,161,248,257,260,274,285,393,399,408,410,419,423,431,535,547,548,555,640,650
true 1,6,26,65,71,137,144,154,162,244,249,257,266,274,284,291,392,400,408,417,423,534,542,547,550,648,701
true 1,4,6,19,21,26,50,57,64,69,125,129,137,143,153,244,248,255,260,266,273,392,399,410,417,534,548
true 1,6,22,26,50,57,70,129,143,155,161,249,255,267,273,285,400,418,431,536,542,550,554,641,648,699,701
true 1,6,26,50,57,65,71,129,143,154,162,255,273,284,291,393,401,411,419,535,543,549,555,640,645,647,650
true 1,7,28,57,64,69,144,154,161,244,248,255,275,285,291,393,400,407,410,417,536,543,547,549,554,648,650
true 1,7,28,50,64,69,130,154,161,257,260,266,273,285,291,392,399,411,418,423,535,542,550,555,557,641,645
true 1,7,28,64,69,125,129,137,143,154,161,249,256,267,274,285,291,401,408,419,424,534,548,640,647,699,701
true 1,7,28,40,57,100,113,144,216,235,255,275,295,321,368,407,438,472,493,547,567,583,599,615,671,689,714
true 1,7,28,35,40,50,101,113,130,217,235,257,273,321,423,437,453,472,557,566,584,599,614,658,672,688,720
true 1,7,28,40,113,129,143,215,235,256,274,305,321,343,367,408,424,454,472,494,518,565,585,599,616,657,707
true 1,7,28,57,112,144,215,234,255,275,367,386,407,453,518,547,565,584,597,614,657,672,678,688,707,716,720
true 1,7,28,50,100,112,130,216,234,257,273,295,305,343,368,386,423,438,454,494,557,567,585,597,616,678,716
true 1,7,28,35,101,112,129,143,217,234,256,274,386,408,424,437,493,566,583,597,615,658,671,678,689,714,716
true 1,7,28,35,57,101,144,217,233,255,275,305,343,385,407,437,454,471,494,530,547,566,585,598,616,658,679
true 1,7,28,50,130,215,233,257,273,367,385,423,471,493,518,530,557,565,583,598,615,657,671,679,689,707,714
true 1,7,28,100,129,143,216,233,256,274,295,368,385,408,424,438,453,471,530,567,584,598,614,672,679,688,720
true 1,6,26,35,40,50,57,100,112,129,143,215,233,255,273,343,438,454,472,493,566,584,598,614,657,671,678
true 1,6,26,50,57,129,143,217,235,255,273,368,386,518,530,567,585,599,616,658,672,679,689,707,714,716,720
true 1,6,26,50,57,101,113,129,143,216,234,255,273,295,305,321,367,385,437,453,471,494,565,583,597,615,688
true 1,6,26,40,101,112,144,216,233,257,274,295,367,408,423,437,472,547,565,585,598,616,672,678,689,714,720
true 1,6,26,35,100,144,215,235,257,274,305,386,408,423,438,453,494,530,547,566,583,599,615,657,679,688,716
true 1,6,26,113,144,217,234,257,274,321,343,368,385,408,423,454,471,493,518,547,567,584,597,614,658,671,707
true 1,6,26,40,112,130,217,233,256,275,305,368,407,424,453,472,494,518,557,567,583,598,615,658,678,688,707
true 1,6,26,101,130,216,235,256,275,295,343,367,386,407,424,437,454,493,530,557,565,584,599,614,671,679,716
true 1,6,26,35,100,113,130,215,234,256,275,321,385,407,424,438,471,557,566,585,597,616,657,672,689,714,720
true 1,27,40,57,100,130,168,217,234,255,274,367,408,438,453,472,493,530,557,565,585,597,616,658,671,679,688
true 1,27,57,101,112,130,168,215,235,255,274,305,368,385,408,437,471,494,557,567,584,599,614,657,678,689,714
true 1,27,35,40,50,144,168,216,234,256,273,295,305,424,472,494,518,530,547,566,584,597,614,679,689,707,714
true 1,27,35,57,113,130,168,216,233,255,274,295,321,343,386,408,454,518,557,566,583,598,615,672,707,716,720
true 1,27,50,100,112,144,168,217,235,256,273,343,367,385,424,438,454,471,547,565,583,599,615,658,672,678,720
true 1,27,40,101,129,143,168,215,234,257,275,343,368,407,423,437,454,472,530,567,583,597,615,657,672,679,720
true 1,27,50,101,113,144,168,215,233,256,273,321,368,386,424,437,453,493,547,567,585,598,616,657,671,688,716
true 1,27,35,112,129,143,168,216,235,257,275,295,385,407,423,453,471,493,518,566,585,599,616,671,678,688,707
true 1,27,100,113,129,143,168,217,233,257,275,305,321,367,386,407,423,438,494,565,584,598,614,658,689,714,716
true 1,40,57,77,78,100,101,255,256,257,305,385,386,423,424,437,438,471,472,493,494,518,671,672,707,716,720
true 1,35,57,77,78,233,234,235,255,256,257,343,367,368,423,424,453,454,565,566,567,597,598,599,688,689,714
true 1,35,40,50,77,78,273,274,275,367,368,385,386,407,408,471,472,565,566,567,583,584,585,614,615,616,716
true 1,57,77,78,112,113,215,216,217,255,256,257,295,321,423,424,530,583,584,585,614,615,616,657,658,678,679
true 1,50,77,78,215,216,217,233,234,235,273,274,275,295,305,407,408,493,494,597,598,599,657,658,671,672,720
true 1,40,77,78,129,130,143,144,215,216,217,295,343,385,386,453,454,471,472,547,557,657,658,688,689,714,716
true 1,50,77,78,100,101,112,113,273,274,275,321,343,407,408,437,438,453,454,518,530,678,679,688,689,707,714
true 1,77,78,100,101,129,130,143,144,233,234,235,437,438,518,547,557,583,584,585,597,598,599,614,615,616,707
true 1,35,77,78,112,113,129,130,143,144,305,321,367,368,493,494,530,547,557,565,566,567,671,672,678,679,720
false 1,6,15,25,26,55,75,124,139,140,165,166,245,269,293,393,394,419,420,435,535,555,639,640,650,698,722
false 1,6,25,26,56,75,137,141,165,166,244,266,270,271,293,392,396,417,421,435,533,534,538,556,638,642,697
false 1,6,25,26,54,75,138,142,165,166,246,267,268,272,293,391,395,418,422,435,532,536,537,554,637,641,699
false 1,6,26,50,57,94,99,111,129,143,201,213,231,255,273,307,323,346,364,382,456,474,586,600,653,703,723
false 1,6,26,50,57,129,143,255,273,348,366,384,457,475,499,517,529,587,601,619,631,636,673,680,704,724,729
false 1,6,26,50,57,129,143,173,183,202,214,232,255,273,306,322,347,365,383,455,473,498,516,528,562,652,702
false 1,6,26,111,144,214,231,257,274,323,348,365,382,408,423,457,474,499,516,547,562,587,600,619,652,673,702
false 1,6,26,99,144,173,202,213,257,274,306,347,364,384,408,423,455,475,498,529,547,601,636,653,680,703,723
false 1,6,26,94,144,183,201,232,257,274,307,322,346,366,383,408,423,456,473,517,528,547,586,631,704,724,729
false 1,6,26,111,130,173,202,231,256,275,306,323,347,366,382,407,424,455,474,498,517,557,600,631,704,724,729
false 1,6,26,94,130,201,214,256,275,307,346,365,384,407,424,456,475,516,529,557,562,586,601,636,652,680,702
false 1,6,26,99,130,183,213,232,256,275,322,348,364,383,407,424,457,473,499,528,557,587,619,653,673,703,723
false 1,6,15,26,55,73,76,124,140,164,167,245,267,270,292,294,394,418,421,533,536,554,556,638,641,697,699
false 1,6,26,54,56,73,76,138,141,164,167,268,271,292,294,391,393,396,419,532,535,538,555,637,640,642,650
false 1,6,26,73,76,137,139,142,164,167,244,246,266,269,272,292,294,392,395,417,420,422,534,537,639,698,722
true 1,7,21,28,57,70,125,144,153,162,249,255,266,275,284,392,401,407,418,431,535,547,548,555,641,647,701
true 1,7,21,28,50,70,130,137,153,162,248,257,267,273,284,400,410,419,423,431,534,543,549,557,640,648,699
true 1,7,21,28,70,129,143,153,162,244,256,260,274,284,393,399,408,411,417,424,431,536,542,550,554,645,650
true 1,4,7,19,22,28,57,65,71,137,144,155,255,260,267,275,399,407,411,419,534,542,547,550,640,645,699
true 1,4,7,19,22,28,50,65,71,125,130,155,244,249,257,273,393,401,417,423,536,548,554,557,647,650,701
true 1,4,7,19,22,28,65,71,129,143,155,248,256,266,274,392,400,408,410,418,424,535,543,549,555,641,648
true 1,6,7,26,27,28,36,77,78,103,104,168,220,221,222,299,372,373,445,446,521,575,576,577,665,666,711
true 1,4,16,19,54,77,78,134,161,162,253,254,276,277,284,285,397,398,420,421,532,533,551,552,646,700,722
true 1,21,22,58,59,77,78,128,134,153,154,155,268,269,270,291,397,398,425,545,546,551,552,637,638,639,700
true 1,4,19,77,78,145,146,147,161,162,268,269,270,284,285,404,405,406,412,413,414,539,540,541,637,638,639
true 1,64,65,69,70,71,77,78,134,138,139,145,146,147,391,397,398,404,405,406,431,551,552,556,697,698,700
true 1,16,21,22,77,78,138,139,153,154,155,253,254,276,277,291,391,412,413,414,539,540,541,556,646,697,698
true 1,4,19,58,59,77,78,128,138,139,161,162,247,261,262,284,285,391,425,545,546,556,643,644,649,697,698
true 1,54,58,59,64,65,69,70,71,77,78,128,412,413,414,420,421,425,431,532,533,539,540,541,545,546,722
true 1,21,22,54,77,78,145,146,147,153,154,155,247,261,262,291,404,405,406,420,421,532,533,643,644,649,722
true 1,16,64,65,69,70,71,77,78,247,253,254,261,262,268,269,270,276,277,431,637,638,639,643,644,646,649
true 1,4,16,19,27,54,70,134,146,154,168,253,269,291,397,406,413,425,431,532,541,545,556,639,643,649,697
true 1,22,27,54,58,64,69,128,147,155,162,168,262,269,276,284,398,405,412,532,539,552,556,639,644,646,697
true 1,4,19,27,59,70,139,145,154,168,254,262,268,277,291,398,404,412,421,431,533,539,546,552,637,644,698
true 1,21,27,54,59,65,71,145,153,161,168,247,254,261,269,277,285,404,414,532,540,546,551,556,639,697,700
true 1,16,22,27,64,69,139,146,155,162,168,247,253,261,268,284,406,414,421,425,533,540,545,551,637,698,700
true 1,4,19,27,58,70,128,138,147,154,168,247,261,270,276,291,391,405,414,420,431,540,551,638,646,700,722
true 1,21,27,58,65,71,128,134,139,147,153,161,168,268,276,285,397,405,413,421,533,541,637,643,646,649,698
true 1,22,27,59,64,69,134,138,145,155,162,168,254,270,277,284,391,397,404,413,420,541,546,638,643,649,722
true 1,16,21,27,65,71,138,146,153,161,168,253,262,270,285,391,398,406,412,420,425,539,545,552,638,644,722
true 1,4,6,19,21,26,64,69,147,153,254,270,277,398,405,414,421,425,533,540,545,552,556,638,643,649,697
true 1,6,22,26,54,70,138,147,155,161,254,262,268,277,285,391,405,413,425,431,532,541,545,551,637,644,700
true 1,6,26,65,71,134,139,147,154,162,247,254,261,269,277,284,291,397,405,412,420,425,539,545,639,698,722
true 1,4,6,19,21,26,59,64,69,139,146,153,262,269,276,406,413,420,541,546,551,639,644,646,698,700,722
true 1,6,22,26,59,70,134,146,155,161,247,261,270,276,285,397,406,412,421,431,533,539,546,556,638,646,697
true 1,6,26,54,59,65,71,138,146,154,162,268,276,284,291,391,398,406,414,532,540,546,552,637,643,646,649
true 1,4,6,16,19,21,26,54,58,64,69,128,134,138,145,153,247,253,261,268,391,397,404,412,532,539,637
true 1,6,16,22,26,58,70,128,139,145,155,161,253,269,285,398,404,414,420,431,540,552,639,643,649,698,722
true 1,6,16,26,58,65,71,128,145,154,162,253,262,270,284,291,404,413,421,533,541,551,556,638,644,697,700
true 1,7,16,28,59,64,69,147,154,161,247,253,261,268,285,291,398,405,413,420,541,546,552,556,637,697,722
true 1,7,28,64,69,134,138,145,154,161,262,269,276,285,291,391,397,404,414,421,425,533,540,545,639,644,646
true 1,7,28,54,58,64,69,128,139,146,154,161,254,270,277,285,291,406,412,532,539,551,638,643,649,698,700
true 1,3,7,14,18,28,52,62,108,133,186,227,328,357,379,480,509,568,588,609,627,660,674,685,709,715,719
true 1,7,28,51,60,108,132,148,186,209,227,259,278,328,340,358,379,458,480,489,510,589,611,659,675,708,726
true 1,7,17,28,61,108,131,149,186,227,258,308,328,379,409,439,459,480,488,508,569,590,610,626,661,686,694
true 1,3,7,14,18,28,52,62,133,226,340,378,439,458,478,489,508,526,569,589,603,611,626,661,675,681,694
true 1,7,28,51,60,132,148,226,259,278,308,357,378,459,478,488,509,526,568,590,603,610,627,660,681,686,709
true 1,7,17,28,61,131,149,209,226,258,358,378,409,478,510,526,588,603,609,659,674,681,685,708,715,719,726
true 1,3,7,14,18,28,52,62,133,209,308,327,358,377,459,479,488,510,525,590,604,610,635,659,686,708,726
true 1,7,28,51,60,132,148,259,278,327,377,439,479,508,525,569,588,604,609,626,635,661,674,685,694,715,719
true 1,7,17,28,61,131,149,258,327,340,357,377,409,458,479,489,509,525,568,589,604,611,627,635,660,675,709
false 1,6,26,49,50,53,54,57,63,66,126,129,135,138,143,151,156,250,255,263,268,273,281,286,391,532,637
false 1,6,26,50,57,127,129,139,143,157,251,255,265,269,273,283,287,402,416,420,430,432,553,560,639,698,722
false 1,6,26,50,57,129,136,143,152,252,255,264,270,273,282,288,403,415,421,429,433,533,544,556,561,638,697
true 1,6,18,26,61,108,133,148,226,259,308,358,377,409,458,480,509,569,588,604,611,626,660,681,686,708,719
true 1,6,18,26,61,133,148,186,209,259,327,357,379,409,459,478,489,508,526,589,610,635,661,674,685,709,726
true 1,6,18,26,61,133,148,227,259,328,340,378,409,439,479,488,510,525,568,590,603,609,627,659,675,694,715
true 1,6,26,52,62,108,132,149,226,258,278,377,439,459,480,489,510,568,589,604,610,627,659,674,681,685,694
true 1,6,26,52,62,132,149,186,258,278,327,340,358,379,478,488,509,526,569,590,609,626,635,660,675,708,715
true 1,6,26,52,62,132,149,209,227,258,278,308,328,357,378,458,479,508,525,588,603,611,661,686,709,719,726
true 1,3,14,27,61,108,132,168,278,308,327,357,378,409,480,489,510,569,589,603,609,626,635,659,686,709,715
true 1,3,14,27,61,132,168,186,226,278,340,358,379,409,459,479,508,525,568,588,610,627,661,675,681,708,719
true 1,18,27,51,60,108,133,149,168,209,258,327,340,378,439,459,480,509,588,603,610,635,660,675,694,719,726
true 1,3,14,27,61,132,168,209,227,278,328,377,409,439,458,478,488,509,526,590,604,611,660,674,685,694,726
true 1,18,27,51,60,133,149,168,186,226,258,357,379,458,479,488,510,525,569,590,611,626,659,674,681,685,709
true 1,17,27,52,62,108,131,148,168,259,327,358,378,458,480,488,508,568,590,603,611,627,635,661,674,685,708
true 1,18,27,51,60,133,149,168,227,258,308,328,358,377,478,489,508,526,568,589,604,609,627,661,686,708,715
true 1,17,27,52,62,131,148,168,186,209,226,259,308,379,439,479,489,509,525,589,609,660,681,686,694,715,726
true 1,17,27,52,62,131,148,168,227,259,328,340,357,377,459,478,510,526,569,588,604,610,626,659,675,709,719
true 1,3,14,77,78,108,148,149,258,259,357,358,439,458,459,478,479,480,525,526,609,610,611,694,708,709,715
true 1,3,14,77,78,148,149,186,209,258,259,377,378,379,488,489,568,569,588,589,590,603,604,626,627,719,726
true 1,51,52,60,61,62,77,78,108,209,308,340,409,478,479,480,525,526,568,569,626,627,674,675,685,686,726
true 1,3,14,77,78,148,149,226,227,258,259,308,327,328,340,508,509,510,635,659,660,661,674,675,681,685,686
true 1,51,52,60,61,62,77,78,186,377,378,379,409,458,459,508,509,510,603,604,609,610,611,659,660,661,715
true 1,17,18,77,78,108,131,132,133,278,478,479,480,488,489,508,509,510,525,526,588,589,590,659,660,661,719
true 1,51,52,60,61,62,77,78,226,227,327,328,357,358,409,439,488,489,588,589,590,635,681,694,708,709,719
true 1,17,18,77,78,131,132,133,186,278,308,340,357,358,377,378,379,439,603,604,674,675,685,686,694,708,709
true 1,17,18,77,78,131,132,133,209,226,227,278,327,328,458,459,568,569,609,610,611,626,627,635,681,715,726
false 1,5,6,9,23,24,26,36,37,72,74,79,102,103,105,163,170,171,218,220,299,300,302,369,445,447,575
false 1,5,6,23,24,26,72,74,107,163,172,222,224,301,303,371,373,374,446,448,450,520,521,576,578,632,665
false 1,5,6,23,24,26,38,72,74,104,106,163,219,221,223,304,370,372,449,451,519,577,579,580,666,667,711
false 1,3,6,14,17,26,51,60,131,225,331,356,375,462,482,487,506,522,572,592,605,607,623,663,676,682,710
false 1,3,6,14,17,26,51,60,85,131,174,187,296,309,329,440,460,524,570,625,634,684,693,696,718,721,728
false 1,3,6,14,17,26,51,60,131,188,310,330,376,441,461,481,507,523,571,591,608,624,633,662,683,692,717
false 1,6,18,26,61,133,148,174,225,259,309,331,375,409,441,460,482,507,522,571,605,624,662,684,692,718,728
false 1,6,18,26,61,85,133,148,187,259,310,329,356,409,461,506,524,572,591,608,623,634,663,683,696,710,717
false 1,6,18,26,61,133,148,188,259,296,330,376,409,440,462,481,487,523,570,592,607,625,633,676,682,693,721
false 1,6,26,52,62,132,149,225,258,278,296,310,331,375,440,461,482,522,570,591,605,608,625,683,693,717,721
false 1,6,26,52,62,85,132,149,187,258,278,329,441,462,487,507,524,571,592,607,624,634,662,676,682,692,696
false 1,6,26,52,62,132,149,174,188,258,278,309,330,356,376,460,481,506,523,572,623,633,663,684,710,718,728
false 1,6,9,25,26,37,75,79,104,105,165,166,171,221,293,301,302,371,372,435,448,520,577,578,632,666,711
false 1,6,25,26,36,75,103,107,165,166,172,219,220,224,293,299,303,370,374,435,445,449,450,519,575,579,667
false 1,6,25,26,38,75,102,106,165,166,170,218,222,223,293,300,304,369,373,435,446,447,451,521,576,580,665
false 1,6,16,26,39,58,109,128,145,191,209,228,253,333,357,404,462,483,487,508,592,607,661,676,682,709,726
false 1,6,16,26,30,58,86,128,145,174,189,230,253,309,381,404,439,460,510,527,568,627,659,684,694,718,728
false 1,6,16,26,58,87,110,128,145,190,229,253,310,332,358,380,404,461,509,569,591,608,626,660,683,708,717
false 1,6,26,39,59,109,146,174,191,228,276,309,333,358,406,460,483,509,546,569,626,646,660,684,708,718,728
false 1,6,26,30,59,86,146,189,209,230,276,310,357,381,406,461,508,527,546,591,608,646,661,683,709,717,726
false 1,6,26,59,87,110,146,190,229,276,332,380,406,439,462,487,510,546,568,592,607,627,646,659,676,682,694
false 1,6,26,39,109,147,191,228,254,277,310,333,405,425,439,461,483,510,545,568,591,608,627,659,683,694,717
false 1,6,26,30,86,147,189,230,254,277,358,381,405,425,462,487,509,527,545,569,592,607,626,660,676,682,708
false 1,6,26,87,110,147,174,190,209,229,254,277,309,332,357,380,405,425,460,508,545,661,684,709,718,726,728
false 1,6,9,26,37,73,76,79,105,164,167,171,219,222,292,294,302,370,373,446,449,519,521,576,579,665,667
false 1,6,26,73,76,102,104,107,164,167,170,172,218,221,224,292,294,300,303,369,372,374,447,450,577,666,711
false 1,6,26,36,38,73,76,103,106,164,167,220,223,292,294,299,301,304,371,445,448,451,520,575,578,580,632
true 1,7,16,21,28,59,70,138,147,153,162,253,269,284,391,405,412,421,431,533,539,546,551,639,643,649,700
true 1,7,21,28,54,70,139,145,153,162,247,261,270,276,284,398,404,413,425,431,532,541,545,552,638,646,698
true 1,7,21,28,58,70,128,134,146,153,162,254,262,268,277,284,397,406,414,420,431,540,556,637,644,697,722
true 1,4,7,16,19,22,28,54,59,65,71,134,139,147,155,253,262,270,397,405,414,532,540,546,638,644,698
true 1,4,7,19,22,28,65,71,145,155,268,276,404,412,420,425,539,545,551,556,637,643,646,649,697,700,722
true 1,4,7,19,22,28,58,65,71,128,138,146,155,247,254,261,269,277,391,398,406,413,421,533,541,552,639
true 1,7,11,28,37,45,57,79,88,106,121,144,172,193,224,255,275,304,316,336,349,407,468,501,547,596,621
true 1,7,9,11,28,38,45,50,88,107,121,130,171,178,193,257,273,303,317,336,423,451,469,500,557,620,691
true 1,7,11,28,45,81,88,105,121,129,143,179,193,203,223,256,274,302,318,336,350,374,408,424,450,502,580
false 1,7,28,34,64,69,97,154,161,173,175,180,208,285,291,307,312,319,341,346,457,464,470,491,498,613,619
false 1,7,28,64,69,80,82,94,96,154,161,176,181,202,207,285,291,313,320,348,355,455,490,586,612,673,687
false 1,7,28,29,64,69,83,154,161,182,199,201,206,285,291,306,311,342,347,354,456,463,492,499,505,587,593
false 1,7,21,28,34,70,80,97,153,162,176,180,201,208,284,306,313,319,347,431,456,470,490,499,587,612,687
false 1,7,21,28,70,82,96,153,162,173,181,199,207,284,307,311,320,342,346,355,431,457,463,492,498,593,619
false 1,7,21,28,29,70,83,94,153,162,175,182,202,206,284,312,341,348,354,431,455,464,491,505,586,613,673
false 1,4,7,19,22,28,34,65,71,94,97,155,180,199,202,208,311,319,342,348,455,463,470,492,586,593,673
false 1,4,7,19,22,28,65,71,82,96,155,175,181,201,207,306,312,320,341,347,355,456,464,491,499,587,613
false 1,4,7,19,22,28,29,65,71,80,83,155,173,176,182,206,307,313,346,354,457,490,498,505,612,619,687
true 1,6,7,26,27,28,77,78,102,168,170,218,219,300,301,369,370,371,447,448,449,519,520,578,579,632,667
true 1,2,5,8,11,23,31,43,77,78,88,122,123,166,167,197,198,241,242,292,293,337,338,388,389,484,485
true 1,11,24,25,32,33,46,47,48,77,78,88,117,118,163,164,165,194,195,196,241,242,294,339,484,485,531
true 1,5,23,32,33,46,47,48,77,78,89,90,119,120,121,166,167,192,193,238,239,240,292,293,339,486,606
true 1,11,12,13,72,73,74,75,76,77,78,88,89,90,91,92,93,238,239,240,241,242,243,435,484,485,486
true 1,12,13,24,25,31,43,77,78,91,92,93,119,120,121,163,164,165,192,193,243,294,337,338,388,389,606
true 1,5,12,13,23,44,45,77,78,91,92,93,117,118,166,167,194,195,196,243,292,293,334,335,336,390,531
true 1,2,8,72,73,74,75,76,77,78,117,118,119,120,121,122,123,192,193,194,195,196,197,198,435,531,606
true 1,2,8,24,25,44,45,77,78,89,90,122,123,163,164,165,197,198,238,239,240,294,334,335,336,390,486
true 1,31,32,33,43,44,45,46,47,48,72,73,74,75,76,77,78,334,335,336,337,338,339,388,389,390,435
true 1,2,5,8,11,23,27,31,43,47,75,88,92,120,164,168,195,239,243,294,335,339,390,435,486,531,606
true 1,11,13,24,27,32,46,73,76,88,90,93,117,120,123,163,166,168,194,197,240,293,335,338,388,390,606
true 1,5,12,23,27,33,44,48,75,90,91,117,121,122,164,168,193,194,198,240,241,294,334,338,388,435,485
true 1,11,12,25,27,33,48,72,74,88,89,91,118,120,122,165,167,168,196,198,238,292,335,337,389,390,606
true 1,2,8,24,27,44,47,73,76,89,92,118,121,163,166,168,193,196,238,241,243,293,334,337,339,389,485
true 1,5,13,23,27,32,45,46,75,89,93,118,119,123,164,168,192,196,197,238,242,294,336,337,389,435,484
true 1,13,25,27,31,32,43,44,46,72,74,93,121,123,165,167,168,193,195,197,239,241,292,334,485,486,531
true 1,12,24,27,31,33,43,45,48,73,76,91,119,122,163,166,168,192,195,198,239,242,293,336,484,486,531
true 1,2,8,25,27,45,47,72,74,90,92,117,119,165,167,168,192,194,240,242,243,292,336,338,339,388,484
true 1,7,16,28,59,108,147,186,199,227,253,311,328,342,379,405,463,480,492,506,546,570,593,624,662,693,710
true 1,7,28,108,145,175,186,227,276,296,312,328,341,356,379,404,425,441,464,480,491,507,545,572,613,625,646
true 1,7,28,58,80,108,128,146,176,186,227,254,277,313,328,379,406,440,480,490,571,612,623,663,687,692,721
true 1,7,16,28,59,147,175,226,253,312,341,378,405,440,464,478,491,526,546,571,603,613,623,663,681,692,721
true 1,7,28,80,145,176,226,276,313,378,404,425,478,490,506,526,545,570,603,612,624,646,662,681,687,693,710
true 1,7,28,58,128,146,199,226,254,277,296,311,342,356,378,406,441,463,478,492,507,526,572,593,603,625,681
true 1,7,16,28,59,80,147,176,253,296,313,327,356,377,405,441,479,490,507,525,546,572,604,612,625,635,687
true 1,7,28,145,199,276,311,327,342,377,404,425,440,463,479,492,525,545,571,593,604,623,635,646,663,692,721
true 1,7,28,58,128,146,175,254,277,312,327,341,377,406,464,479,491,506,525,570,604,613,624,635,662,693,710
true 1,6,16,26,58,108,128,145,199,226,253,313,341,356,377,404,464,480,490,506,572,593,604,623,663,681,710
true 1,6,16,26,58,80,128,145,175,186,253,296,311,327,379,404,440,478,492,526,570,613,625,635,687,693,721
true 1,6,16,26,58,128,145,176,227,253,312,328,342,378,404,441,463,479,491,507,525,571,603,612,624,662,692
true 1,6,26,59,80,108,146,175,226,276,311,377,406,441,480,492,507,546,571,604,613,624,646,662,681,687,692
true 1,6,26,59,146,176,186,276,312,327,342,356,379,406,463,478,491,506,526,546,572,612,623,635,646,663,710
true 1,6,26,59,146,199,227,276,296,313,328,341,378,406,440,464,479,490,525,546,570,593,603,625,646,693,721
true 1,6,26,108,147,176,226,254,277,296,312,342,377,405,425,440,463,480,491,545,570,604,612,625,681,693,721
true 1,6,26,147,186,199,254,277,313,327,341,379,405,425,441,464,478,490,507,526,545,571,593,624,635,662,692
true 1,6,26,80,147,175,227,254,277,311,328,356,378,405,425,479,492,506,525,545,572,603,613,623,663,687,710
true 1,16,27,80,108,146,168,199,253,296,312,327,378,406,425,480,491,506,545,571,593,603,625,635,687,692,710
true 1,16,27,146,168,176,186,226,253,311,341,379,406,425,441,464,479,492,507,525,545,570,612,623,663,681,693
true 1,27,59,108,145,168,176,254,277,311,327,341,356,378,404,440,464,480,492,546,572,603,612,624,635,662,721
true 1,16,27,146,168,175,227,253,313,328,342,356,377,406,425,440,463,478,490,526,545,572,604,613,624,662,721
true 1,27,59,145,168,175,186,226,254,277,296,313,342,379,404,463,479,490,506,525,546,571,613,625,681,692,710
true 1,27,58,108,128,147,168,175,276,313,327,342,378,405,441,463,480,490,507,570,603,613,623,635,646,663,693
true 1,27,59,80,145,168,199,227,254,277,312,328,377,404,441,478,491,507,526,546,570,593,604,623,663,687,693
true 1,27,58,80,128,147,168,186,199,226,276,312,356,379,405,440,479,491,525,572,593,624,646,662,681,687,721
true 1,27,58,128,147,168,176,227,276,296,311,328,341,377,405,464,478,492,506,526,571,604,612,625,646,692,710
true 1,16,77,78,108,175,176,199,253,254,276,277,440,441,478,479,480,506,507,525,526,593,612,613,646,710,721
true 1,16,77,78,186,253,254,276,277,311,312,313,356,377,378,379,490,491,492,570,571,572,603,604,646,692,693
true 1,77,78,80,108,145,146,147,341,342,356,404,405,406,463,464,478,479,480,525,526,570,571,572,687,692,693
true 1,16,77,78,80,226,227,253,254,276,277,296,327,328,341,342,463,464,623,624,625,635,646,662,663,681,687
true 1,77,78,145,146,147,175,176,186,199,296,377,378,379,404,405,406,593,603,604,612,613,623,624,625,662,663
true 1,58,59,77,78,108,128,296,311,312,313,425,478,479,480,490,491,492,525,526,545,546,623,624,625,662,663
true 1,77,78,145,146,147,226,227,311,312,313,327,328,404,405,406,440,441,490,491,492,506,507,635,681,710,721
true 1,58,59,77,78,80,128,186,341,342,377,378,379,425,440,441,463,464,506,507,545,546,603,604,687,710,721
true 1,58,59,77,78,128,175,176,199,226,227,327,328,356,425,545,546,570,571,572,593,612,613,635,681,692,693
true 1,7,28,44,57,105,120,144,178,223,242,255,275,302,317,334,374,407,450,469,484,500,547,580,606,620,691
true 1,7,28,37,44,50,79,81,106,120,130,172,179,203,224,242,257,273,304,318,334,350,423,484,502,557,606
true 1,7,9,28,38,44,107,120,129,143,171,242,256,274,303,316,334,349,408,424,451,468,484,501,596,606,621
false 1,6,16,26,58,98,128,145,210,225,253,331,340,359,375,404,444,482,488,522,574,590,605,609,664,675,715
false 1,6,16,26,58,85,128,145,169,187,253,297,308,329,361,404,442,458,512,524,588,611,628,634,686,696,719
false 1,6,16,26,58,128,145,188,211,253,298,330,360,376,404,443,459,481,489,511,523,573,589,610,633,674,685
false 1,6,26,59,146,211,225,276,298,308,331,360,375,406,443,458,482,511,522,546,573,588,605,611,646,686,719
false 1,6,26,59,85,98,146,187,210,276,329,359,406,444,459,489,524,546,574,589,610,634,646,664,674,685,696
false 1,6,26,59,146,169,188,276,297,330,340,361,376,406,442,481,488,512,523,546,590,609,628,633,646,675,715
false 1,6,26,147,169,225,254,277,297,331,361,375,405,425,442,459,482,489,512,522,545,589,605,610,628,674,685
false 1,6,26,85,147,187,211,254,277,298,329,340,360,405,425,443,488,511,524,545,573,590,609,634,675,696,715
false 1,6,26,98,147,188,210,254,277,308,330,359,376,405,425,444,458,481,523,545,574,588,611,633,664,686,719
true 1,7,9,28,38,57,81,107,119,144,171,179,192,203,241,255,275,303,318,335,350,390,407,451,485,502,547
true 1,7,28,50,105,119,130,192,223,241,257,273,302,316,335,349,374,390,423,450,468,485,501,557,580,596,621
true 1,7,28,37,79,106,119,129,143,172,178,192,224,241,256,274,304,317,335,390,408,424,469,485,500,620,691
true 1,2,6,8,12,26,32,46,73,76,91,118,121,164,167,193,196,239,242,292,294,335,338,388,390,484,486
true 1,6,26,31,33,43,45,48,73,76,89,92,117,120,123,164,167,194,197,238,241,243,292,294,336,485,606
true 1,6,11,13,26,44,47,73,76,88,90,93,119,122,164,167,192,195,198,240,292,294,334,337,339,389,531
false 1,6,26,39,109,144,191,228,257,274,308,333,408,423,441,458,483,507,547,571,588,611,624,662,686,692,719
false 1,6,26,30,86,144,189,230,257,274,356,381,408,423,459,489,506,527,547,572,589,610,623,663,674,685,710
false 1,6,26,87,110,144,190,229,257,274,296,332,340,380,408,423,440,488,547,570,590,609,625,675,693,715,721
false 1,6,26,39,109,130,191,228,256,275,296,333,407,424,440,459,483,489,557,570,589,610,625,674,685,693,721
false 1,6,26,30,86,130,189,230,256,275,340,381,407,424,441,488,507,527,557,571,590,609,624,662,675,692,715
false 1,6,26,87,110,130,190,229,256,275,308,332,356,380,407,424,458,506,557,572,588,611,623,663,686,710,719
true 1,6,9,11,26,37,44,50,57,79,81,88,105,119,129,143,171,178,192,203,255,273,302,316,334,349,500
true 1,6,26,50,57,107,121,129,143,172,179,193,224,242,255,273,303,317,335,374,390,450,468,484,502,621,691
true 1,6,26,38,45,50,57,106,120,129,143,223,241,255,273,304,318,336,350,451,469,485,501,580,596,606,620
true 1,2,6,8,12,25,26,32,45,46,75,90,91,120,165,166,195,240,241,293,336,337,389,435,485,531,606
true 1,6,11,25,26,33,44,48,75,88,92,118,119,123,165,166,192,196,197,239,243,293,334,338,388,435,486
true 1,6,13,25,26,31,43,47,75,89,93,117,121,122,165,166,193,194,198,238,242,293,335,339,390,435,484
true 1,2,5,6,8,11,12,23,24,26,31,32,43,44,46,72,74,88,89,91,117,119,163,192,194,238,334
true 1,5,6,23,24,26,33,48,72,74,90,92,121,123,163,193,195,197,240,242,243,335,337,389,390,484,531
true 1,5,6,13,23,24,26,45,47,72,74,93,118,120,122,163,196,198,239,241,336,338,339,388,485,486,606
true 1,2,7,8,13,28,33,48,72,74,93,117,119,164,166,192,194,239,241,293,294,335,337,389,390,485,486
true 1,5,7,23,25,28,32,46,73,76,89,92,119,122,165,192,195,198,238,241,243,335,338,388,390,485,531
true 1,7,12,24,28,31,43,47,75,90,91,118,119,123,163,167,192,196,197,240,241,292,335,339,390,435,485
true 1,2,7,8,13,24,28,33,44,48,75,89,93,120,163,167,195,238,242,292,334,338,388,435,484,531,606
true 1,7,28,31,32,43,44,46,72,74,90,92,118,120,122,164,166,196,198,240,242,243,293,294,334,484,606
true 1,5,7,12,23,25,28,44,47,73,76,91,117,120,123,165,194,197,239,242,334,337,339,389,484,486,606
true 1,2,5,7,8,11,13,23,25,28,31,33,43,45,48,73,76,88,90,93,118,121,165,193,196,240,336
true 1,7,11,24,28,32,45,46,75,88,92,117,121,122,163,167,193,194,198,239,243,292,336,337,389,435,486
true 1,7,11,12,28,45,47,72,74,88,89,91,121,123,164,166,193,195,197,238,293,294,336,338,339,388,531
true 1,6,11,26,38,44,88,106,119,144,179,192,223,257,274,304,317,334,408,423,451,468,502,547,580,621,691
true 1,6,9,26,37,79,105,121,144,171,193,242,257,274,302,318,335,350,390,408,423,469,484,501,547,596,620
true 1,6,26,45,81,107,120,144,172,178,203,224,241,257,274,303,316,336,349,374,408,423,450,485,500,547,606
true 1,5,23,39,77,78,108,166,167,189,190,191,225,292,293,329,330,331,380,381,478,479,480,525,526,633,634
true 1,24,25,30,77,78,108,163,164,165,187,188,228,229,230,294,332,333,375,376,478,479,480,525,526,605,696
true 1,5,23,30,77,78,85,166,167,186,228,229,230,292,293,332,333,377,378,379,481,482,522,523,524,603,604
true 1,72,73,74,75,76,77,78,85,86,87,108,109,110,435,478,479,480,481,482,483,522,523,524,525,526,527
true 1,24,25,77,78,86,87,109,110,163,164,165,186,225,294,329,330,331,377,378,379,483,527,603,604,633,634
true 1,5,23,77,78,86,87,109,110,166,167,187,188,226,227,292,293,327,328,375,376,483,527,605,635,681,696
true 1,39,72,73,74,75,76,77,78,186,187,188,189,190,191,375,376,377,378,379,380,381,435,603,604,605,696
true 1,24,25,39,77,78,85,163,164,165,189,190,191,226,227,294,327,328,380,381,481,482,522,523,524,635,681
true 1,30,72,73,74,75,76,77,78,225,226,227,228,229,230,327,328,329,330,331,332,333,435,633,634,635,681
true 1,5,23,27,39,75,86,108,164,168,187,191,225,229,294,327,331,332,378,435,480,481,523,527,603,635,696
true 1,24,27,73,76,85,87,108,110,163,166,168,189,228,293,327,330,333,375,378,381,480,524,603,605,633,635
true 1,5,23,27,30,75,85,109,164,168,186,190,226,230,294,330,375,379,380,435,479,483,524,525,605,633,681
true 1,25,27,30,72,74,108,109,165,167,168,188,190,230,292,327,329,376,378,380,480,482,483,522,603,634,635
true 1,24,27,39,73,76,86,163,166,168,186,188,191,226,229,293,329,332,376,379,479,482,522,525,527,634,681
true 1,5,23,27,75,87,110,164,168,188,189,227,228,294,328,329,333,376,377,381,435,478,482,522,526,604,634
true 1,25,27,72,74,87,110,165,167,168,186,187,189,225,226,228,292,331,333,379,381,479,481,523,525,681,696
true 1,24,27,30,73,76,109,163,166,168,187,190,225,227,230,293,328,331,377,380,478,481,483,523,526,604,696
true 1,25,27,39,72,74,85,86,165,167,168,191,227,229,292,328,330,332,375,377,478,524,526,527,604,605,633
true 1,6,26,39,73,76,109,164,167,186,188,191,228,292,294,327,330,333,376,379,478,481,483,523,526,633,635
true 1,6,26,30,73,76,86,164,167,189,225,227,230,292,294,328,331,375,378,381,479,482,522,525,527,603,605
true 1,6,26,73,76,85,87,108,110,164,167,187,190,226,229,292,294,329,332,377,380,480,524,604,634,681,696
true 1,7,28,57,108,144,169,186,210,227,255,275,298,328,360,379,407,444,460,480,512,547,591,607,676,683,718
true 1,7,28,50,98,108,130,186,211,227,257,273,297,309,328,361,379,423,443,461,480,557,574,592,682,717,728
true 1,7,28,108,129,143,174,186,227,256,274,310,328,359,379,408,424,442,462,480,487,511,573,608,628,664,684
true 1,7,28,57,144,226,255,275,309,359,378,407,442,461,478,511,526,547,573,592,603,628,664,681,682,717,728
true 1,7,28,50,130,169,174,210,226,257,273,298,310,360,378,423,444,462,478,487,512,526,557,603,608,681,684
true 1,7,28,98,129,143,211,226,256,274,297,361,378,408,424,443,460,478,526,574,591,603,607,676,681,683,718
true 1,7,28,57,98,144,174,211,255,275,297,310,327,361,377,407,443,462,479,487,525,547,574,604,608,635,684
true 1,7,28,50,130,257,273,327,359,377,423,442,460,479,511,525,557,573,591,604,607,628,635,664,676,683,718
true 1,7,28,129,143,169,210,256,274,298,309,327,360,377,408,424,444,461,479,512,525,592,604,635,682,717,728
true 1,6,26,50,57,98,108,129,143,210,226,255,273,359,377,444,462,480,487,574,592,604,607,664,676,681,682
true 1,6,26,50,57,129,143,169,174,186,255,273,297,309,327,361,379,442,460,478,512,526,628,635,684,718,728
true 1,6,26,50,57,129,143,211,227,255,273,298,310,328,360,378,443,461,479,511,525,573,591,603,608,683,717
true 1,6,26,108,144,174,211,226,257,274,298,309,360,377,408,423,443,460,480,511,547,573,604,681,684,718,728
true 1,6,26,98,144,186,210,257,274,310,327,359,379,408,423,444,461,478,526,547,574,591,608,635,664,683,717
true 1,6,26,144,169,227,257,274,297,328,361,378,408,423,442,462,479,487,512,525,547,592,603,607,628,676,682
true 1,6,26,108,130,169,226,256,275,297,310,361,377,407,424,442,461,480,512,557,591,604,608,628,681,683,717
true 1,6,26,130,186,211,256,275,298,327,360,379,407,424,443,462,478,487,511,526,557,573,592,607,635,676,682
true 1,6,26,98,130,174,210,227,256,275,309,328,359,378,407,424,444,460,479,525,557,574,603,664,684,718,728
true 1,27,57,108,130,168,174,210,255,274,297,327,361,378,408,444,461,480,511,557,573,603,607,635,676,684,717
true 1,27,57,130,168,169,186,211,226,255,274,310,359,379,408,443,460,479,512,525,557,592,608,664,681,682,718
true 1,27,50,98,108,144,168,256,273,298,310,327,360,378,424,442,460,480,547,574,592,603,608,628,635,682,718
true 1,27,57,98,130,168,227,255,274,298,309,328,360,377,408,442,462,478,487,526,557,574,591,604,628,683,728
true 1,27,50,144,168,186,210,226,256,273,297,309,361,379,424,444,462,479,487,511,525,547,573,591,681,683,728
true 1,27,108,129,143,168,169,211,257,275,309,327,359,378,407,423,443,462,480,487,512,591,603,635,664,683,728
true 1,27,50,144,168,169,174,211,227,256,273,328,359,377,424,443,461,478,512,526,547,604,607,664,676,684,717
true 1,27,98,129,143,168,174,186,226,257,275,298,360,379,407,423,442,461,479,525,574,607,628,676,681,684,717
true 1,27,129,143,168,210,227,257,275,297,310,328,361,377,407,423,444,460,478,511,526,573,592,604,608,682,718
true 1,57,77,78,108,210,211,255,256,257,309,310,423,424,442,443,444,478,479,480,525,526,607,608,628,676,728
true 1,57,77,78,98,169,186,255,256,257,377,378,379,423,424,460,461,462,487,511,512,573,574,603,604,717,718
true 1,50,77,78,98,108,169,174,273,274,275,407,408,478,479,480,511,512,525,526,573,574,591,592,682,683,684
true 1,57,77,78,174,226,227,255,256,257,297,298,327,328,359,360,361,423,424,591,592,635,664,681,682,683,684
true 1,50,77,78,186,273,274,275,297,298,309,310,359,360,361,377,378,379,407,408,603,604,607,608,664,676,728
true 1,77,78,108,129,130,143,144,297,298,359,360,361,460,461,462,478,479,480,487,525,526,547,557,664,717,718
true 1,50,77,78,210,211,226,227,273,274,275,327,328,407,408,442,443,444,460,461,462,487,628,635,681,717,718
true 1,77,78,129,130,143,144,174,186,210,211,377,378,379,442,443,444,547,557,591,592,603,604,628,682,683,684
true 1,77,78,98,129,130,143,144,169,226,227,309,310,327,328,511,512,547,557,573,574,607,608,635,676,681,728
true 1,6,11,26,44,88,107,119,130,172,192,224,256,275,303,318,334,350,374,407,424,450,469,501,557,596,620
true 1,6,26,38,81,106,121,130,178,193,203,223,242,256,275,304,316,335,349,390,407,424,451,484,500,557,580
true 1,6,9,26,37,45,79,105,120,130,171,179,241,256,275,302,317,336,407,424,468,485,502,557,606,621,691
false 1,6,26,50,57,129,143,199,209,225,255,273,313,331,341,357,375,464,482,490,508,522,593,605,661,709,726
false 1,6,26,50,57,80,85,129,143,175,187,255,273,311,329,439,492,510,524,568,613,627,634,659,687,694,696
false 1,6,26,50,57,129,143,176,188,255,273,312,330,342,358,376,463,481,491,509,523,569,612,626,633,660,708
false 1,6,26,80,144,175,225,257,274,311,331,358,375,408,423,482,492,509,522,547,569,605,613,626,660,687,708
false 1,6,26,85,144,176,187,209,257,274,312,329,342,357,408,423,463,491,508,524,547,612,634,661,696,709,726
false 1,6,26,144,188,199,257,274,313,330,341,376,408,423,439,464,481,490,510,523,547,568,593,627,633,659,694
false 1,6,26,130,176,225,256,275,312,331,342,375,407,424,439,463,482,491,510,522,557,568,605,612,627,659,694
false 1,6,26,85,130,187,199,256,275,313,329,341,358,407,424,464,490,509,524,557,569,593,626,634,660,696,708
false 1,6,26,80,130,175,188,209,256,275,311,330,357,376,407,424,481,492,508,523,557,613,633,661,687,709,726
true 1,6,7,26,27,28,77,78,95,168,177,204,205,314,315,351,352,353,465,466,467,503,504,594,595,622,677
false 1,7,11,15,28,45,56,88,121,124,142,193,213,246,336,365,396,517,588,609,652,674,685,703,715,719,724
false 1,7,11,28,45,88,99,121,140,193,214,245,271,336,340,366,395,422,458,489,538,589,611,675,702,723,729
false 1,7,11,28,45,55,88,121,141,193,272,308,336,364,394,459,488,516,537,562,590,610,631,642,653,686,704
false 1,7,15,28,44,56,120,124,142,242,246,334,340,364,396,458,484,489,516,562,589,606,611,631,653,675,704
false 1,7,28,44,120,140,213,242,245,271,308,334,365,395,422,459,484,488,517,538,590,606,610,652,686,703,724
false 1,7,28,44,55,99,120,141,214,242,272,334,366,394,484,537,588,606,609,642,674,685,702,715,719,723,729
false 1,7,15,28,56,99,119,124,142,192,214,241,246,308,335,366,390,396,459,485,488,590,610,686,702,723,729
false 1,7,28,119,140,192,241,245,271,335,364,390,395,422,485,516,538,562,588,609,631,653,674,685,704,715,719
false 1,7,28,55,119,141,192,213,241,272,335,340,365,390,394,458,485,489,517,537,589,611,642,652,675,703,724
true 1,11,27,37,57,79,88,107,120,130,168,179,223,255,274,303,316,335,349,390,408,469,502,557,580,606,620
true 1,27,38,44,57,105,121,130,168,172,178,193,224,241,255,274,302,318,334,350,408,451,468,485,500,557,621
true 1,9,11,27,50,88,106,120,144,168,171,178,256,273,304,318,335,350,374,390,424,450,468,500,547,606,621
true 1,9,27,45,57,81,106,119,130,168,171,192,203,242,255,274,304,317,336,374,408,450,484,501,557,596,691
true 1,27,37,44,50,79,81,107,121,144,168,193,203,223,241,256,273,303,317,334,424,485,501,547,580,596,691
true 1,11,27,38,81,88,105,120,129,143,168,172,203,224,257,275,302,317,335,390,407,423,451,501,596,606,691
true 1,27,38,45,50,105,119,144,168,172,179,192,224,242,256,273,302,316,336,349,424,451,469,484,502,547,620
true 1,9,27,44,106,121,129,143,168,171,179,193,241,257,275,304,316,334,349,374,407,423,450,469,485,502,620
true 1,27,37,45,79,107,119,129,143,168,178,192,223,242,257,275,303,318,336,350,407,423,468,484,500,580,621
false 1,15,31,43,77,78,124,271,272,309,310,337,338,388,389,513,514,515,537,538,607,608,654,655,656,676,728
false 1,15,77,78,89,90,124,238,239,240,271,272,362,363,436,460,461,462,486,487,537,538,695,705,706,717,718
false 1,31,43,77,78,140,141,142,174,245,246,337,338,362,363,388,389,436,591,592,642,682,683,684,695,705,706
false 1,15,77,78,117,118,124,174,194,195,196,212,271,272,531,537,538,563,564,591,592,629,630,682,683,684,725
false 1,77,78,89,90,140,141,142,212,238,239,240,245,246,309,310,486,563,564,607,608,629,630,642,676,725,728
false 1,31,43,55,56,77,78,212,337,338,388,389,394,395,396,422,460,461,462,487,563,564,629,630,717,718,725
false 1,77,78,117,118,140,141,142,194,195,196,245,246,460,461,462,487,513,514,515,531,642,654,655,656,717,718
false 1,55,56,77,78,89,90,174,238,239,240,394,395,396,422,486,513,514,515,591,592,654,655,656,682,683,684
false 1,55,56,77,78,117,118,194,195,196,309,310,362,363,394,395,396,422,436,531,607,608,676,695,705,706,728
true 1,11,37,38,57,77,78,79,88,241,242,255,256,257,316,317,318,349,350,374,423,424,450,451,484,485,691
true 1,9,57,77,78,81,119,120,121,171,172,192,193,203,223,224,255,256,257,423,424,468,469,580,606,620,621
true 1,9,11,50,77,78,88,171,172,178,179,223,224,241,242,273,274,275,407,408,484,485,500,501,502,580,596
true 1,44,45,57,77,78,105,106,107,178,179,255,256,257,302,303,304,334,335,336,390,423,424,500,501,502,596
true 1,50,77,78,105,106,107,119,120,121,192,193,273,274,275,302,303,304,316,317,318,349,350,407,408,606,691
true 1,11,77,78,81,88,105,106,107,129,130,143,144,203,241,242,302,303,304,468,469,484,485,547,557,620,621
true 1,37,38,44,45,50,77,78,79,81,203,273,274,275,334,335,336,374,390,407,408,450,451,468,469,620,621
true 1,37,38,77,78,79,119,120,121,129,130,143,144,178,179,192,193,374,450,451,500,501,502,547,557,596,606
true 1,9,44,45,77,78,129,130,143,144,171,172,223,224,316,317,318,334,335,336,349,350,390,547,557,580,691
false 1,2,8,27,47,54,92,99,168,174,243,269,339,365,461,532,556,607,631,639,652,676,684,697,704,717,723
false 1,12,27,33,48,54,91,122,168,198,213,269,310,366,460,516,532,556,562,592,608,639,682,697,703,718,729
false 1,2,8,27,47,92,139,168,214,243,268,310,339,364,421,460,517,533,592,608,637,653,682,698,702,718,724
false 1,13,27,32,46,54,93,123,168,197,214,269,309,364,462,487,517,532,556,591,639,653,683,697,702,724,728
false 1,12,27,33,48,91,99,122,139,168,198,268,309,365,421,462,487,533,591,631,637,652,683,698,704,723,728
false 1,2,8,27,47,92,138,168,213,243,270,309,339,366,391,420,462,487,516,562,591,638,683,703,722,728,729
false 1,13,27,32,46,93,123,139,168,174,197,213,268,366,421,461,516,533,562,607,637,676,684,698,703,717,729
false 1,12,27,33,48,91,122,138,168,174,198,214,270,364,391,420,461,517,607,638,653,676,684,702,717,722,724
false 1,13,27,32,46,93,99,123,138,168,197,270,310,365,391,420,460,592,608,631,638,652,682,704,718,722,723
false 1,2,6,8,12,26,32,46,50,57,91,95,102,129,143,170,177,204,218,255,273,300,314,351,369,447,465
false 1,6,26,33,48,50,57,92,123,129,143,197,243,255,273,301,315,353,371,448,466,504,520,578,594,622,632
false 1,6,13,26,47,50,57,93,122,129,143,198,205,219,255,273,339,352,370,449,467,503,519,579,595,667,677
false 1,7,11,28,45,54,88,121,139,193,199,270,311,336,342,362,463,492,514,532,593,630,638,654,698,705,725
false 1,7,11,28,45,88,121,175,193,212,268,312,336,341,363,420,436,464,491,515,556,564,613,637,656,697,722
false 1,7,11,28,45,80,88,121,138,176,193,269,313,336,391,421,490,513,533,563,612,629,639,655,687,695,706
false 1,7,28,44,54,120,139,175,242,270,312,334,341,464,484,491,513,532,563,606,613,629,638,655,695,698,706
false 1,7,28,44,80,120,176,242,268,313,334,362,420,484,490,514,556,606,612,630,637,654,687,697,705,722,725
false 1,7,28,44,120,138,199,212,242,269,311,334,342,363,391,421,436,463,484,492,515,533,564,593,606,639,656
false 1,7,28,54,80,119,139,176,192,212,241,270,313,335,363,390,436,485,490,515,532,564,612,638,656,687,698
false 1,7,28,119,192,199,241,268,311,335,342,390,420,463,485,492,513,556,563,593,629,637,655,695,697,706,722
false 1,7,28,119,138,175,192,241,269,312,335,341,362,390,391,421,464,485,491,514,533,613,630,639,654,705,725
false 1,2,6,8,12,26,32,46,91,144,219,257,274,315,353,370,408,423,449,466,504,519,547,579,594,622,667
false 1,6,26,33,48,92,102,123,144,170,197,205,218,243,257,274,300,352,369,408,423,447,467,503,547,595,677
false 1,6,13,26,47,93,95,122,144,177,198,204,257,274,301,314,339,351,371,408,423,448,465,520,547,578,632
false 1,31,43,54,77,78,215,216,217,295,337,338,388,389,420,421,458,459,532,533,609,610,611,657,658,715,722
false 1,54,77,78,89,90,100,101,238,239,240,420,421,437,438,486,488,489,518,532,533,588,589,590,707,719,722
false 1,31,43,77,78,100,101,268,269,270,308,337,338,340,388,389,437,438,518,637,638,639,674,675,685,686,707
false 1,35,54,77,78,117,118,194,195,196,308,340,367,368,420,421,531,532,533,565,566,567,674,675,685,686,722
false 1,35,77,78,89,90,238,239,240,268,269,270,367,368,458,459,486,565,566,567,609,610,611,637,638,639,715
false 1,31,35,43,77,78,138,139,337,338,367,368,388,389,391,488,489,556,565,566,567,588,589,590,697,698,719
false 1,77,78,117,118,194,195,196,215,216,217,268,269,270,295,488,489,531,588,589,590,637,638,639,657,658,719
false 1,77,78,89,90,138,139,215,216,217,238,239,240,295,308,340,391,486,556,657,658,674,675,685,686,697,698
false 1,77,78,100,101,117,118,138,139,194,195,196,391,437,438,458,459,518,531,556,609,610,611,697,698,707,715
true 1,6,7,26,27,28,77,78,81,168,178,179,203,316,317,318,349,350,468,469,500,501,502,596,620,621,691
false 1,2,8,27,47,92,137,168,212,243,308,339,393,418,489,514,534,564,589,609,641,650,654,686,695,706,715
false 1,12,27,33,48,91,122,137,168,198,340,362,393,418,459,515,534,563,588,610,629,641,650,656,675,705,719
false 1,2,8,27,47,92,168,243,244,267,339,340,363,417,436,459,513,535,555,588,610,630,655,675,699,719,725
false 1,13,27,32,46,93,123,137,168,197,363,393,418,436,458,488,513,534,590,611,630,641,650,655,674,685,725
false 1,12,27,33,48,91,122,168,198,212,244,267,417,458,488,514,535,555,564,590,611,654,674,685,695,699,706
false 1,2,8,27,47,92,168,243,266,339,362,392,419,458,488,515,536,554,563,590,611,629,640,656,674,685,705
false 1,13,27,32,46,93,123,168,197,244,267,308,362,417,489,515,535,555,563,589,609,629,656,686,699,705,715
false 1,12,27,33,48,91,122,168,198,266,308,363,392,419,436,489,513,536,554,589,609,630,640,655,686,715,725
false 1,13,27,32,46,93,123,168,197,212,266,340,392,419,459,514,536,554,564,588,610,640,654,675,695,706,719
false 1,2,6,8,12,26,32,46,91,130,205,256,275,301,352,371,407,424,448,467,503,520,557,578,595,632,677
false 1,6,26,33,48,92,95,123,130,177,197,204,219,243,256,275,314,351,370,407,424,449,465,519,557,579,667
false 1,6,13,26,47,93,102,122,130,170,198,218,256,275,300,315,339,353,369,407,424,447,466,504,557,594,622
false 1,7,11,28,45,88,100,121,137,193,216,267,295,336,368,419,438,460,534,567,591,607,640,676,683,699,718
false 1,7,11,28,35,45,88,101,121,193,217,244,309,336,393,417,437,461,536,554,566,592,650,658,682,717,728
false 1,7,11,28,45,88,121,174,193,215,266,310,336,367,392,418,462,487,518,535,555,565,608,641,657,684,707
false 1,7,28,44,120,137,215,242,267,309,334,367,419,461,484,518,534,565,592,606,640,657,682,699,707,717,728
false 1,7,28,44,100,120,174,216,242,244,295,310,334,368,393,417,438,462,484,487,536,554,567,606,608,650,684
false 1,7,28,35,44,101,120,217,242,266,334,392,418,437,460,484,535,555,566,591,606,607,641,658,676,683,718
false 1,7,28,35,101,119,137,174,192,217,241,267,310,335,390,419,437,462,485,487,534,566,608,640,658,684,699
false 1,7,28,119,192,215,241,244,335,367,390,393,417,460,485,518,536,554,565,591,607,650,657,676,683,707,718
false 1,7,28,100,119,192,216,241,266,295,309,335,368,390,392,418,438,461,485,535,555,567,592,641,682,717,728
false 1,5,6,23,24,26,29,34,72,74,81,82,95,96,163,177,178,180,203,204,206,314,316,349,351,465,500
false 1,5,6,23,24,26,72,74,83,163,179,181,208,315,317,319,353,355,466,468,502,504,505,594,621,622,691
false 1,5,6,23,24,26,72,74,97,163,182,205,207,318,320,350,352,354,467,469,470,501,503,595,596,620,677
false 1,31,43,77,78,137,175,176,199,337,338,364,365,366,388,389,534,535,536,554,555,593,612,613,652,653,729
false 1,77,78,89,90,137,213,214,238,239,240,311,312,313,486,490,491,492,534,535,536,554,555,631,702,703,704
false 1,31,43,77,78,80,213,214,244,337,338,341,342,388,389,417,418,419,463,464,631,640,641,687,702,703,704
false 1,77,78,80,99,117,118,137,194,195,196,341,342,463,464,516,517,531,534,535,536,554,555,562,687,723,724
false 1,77,78,89,90,99,175,176,199,238,239,240,244,417,418,419,486,516,517,562,593,612,613,640,641,723,724
false 1,31,43,77,78,99,266,267,311,312,313,337,338,388,389,392,393,490,491,492,516,517,562,650,699,723,724
false 1,77,78,117,118,194,195,196,244,311,312,313,364,365,366,417,418,419,490,491,492,531,640,641,652,653,729
false 1,77,78,80,89,90,238,239,240,266,267,341,342,364,365,366,392,393,463,464,486,650,652,653,687,699,729
false 1,77,78,117,118,175,176,194,195,196,199,213,214,266,267,392,393,531,593,612,613,631,650,699,702,703,704
false 1,6,25,26,29,34,75,82,96,165,166,179,180,205,206,293,317,352,435,467,468,502,503,595,621,677,691
false 1,6,25,26,75,83,95,165,166,177,181,204,208,293,314,318,319,350,351,355,435,465,469,501,505,596,620
false 1,6,25,26,75,81,97,165,166,178,182,203,207,293,315,316,320,349,353,354,435,466,470,500,504,594,622
false 1,7,15,28,40,56,113,124,142,235,246,321,351,357,396,465,472,503,509,568,594,599,622,627,660,677,709
false 1,7,28,40,95,113,140,205,209,235,245,271,314,321,353,358,395,422,466,472,510,538,595,599,659,708,726
false 1,7,28,40,55,113,141,177,204,235,272,315,321,352,394,439,467,472,504,508,537,569,599,626,642,661,694
false 1,7,15,28,56,95,112,124,142,205,234,246,314,353,386,396,439,466,508,569,595,597,626,661,678,694,716
false 1,7,28,112,140,177,204,234,245,271,315,352,357,386,395,422,467,504,509,538,568,597,627,660,678,709,716
false 1,7,28,55,112,141,209,234,272,351,358,386,394,465,503,510,537,594,597,622,642,659,677,678,708,716,726
false 1,7,15,28,56,124,142,177,204,209,233,246,315,352,358,385,396,467,471,504,510,530,598,659,679,708,726
false 1,7,28,140,233,245,271,351,385,395,422,439,465,471,503,508,530,538,569,594,598,622,626,661,677,679,694
false 1,7,28,55,95,141,205,233,272,314,353,357,385,394,466,471,509,530,537,568,595,598,627,642,660,679,709
false 1,6,26,29,34,73,76,82,96,164,167,180,206,292,294,315,318,350,353,466,469,501,504,594,596,620,622
false 1,6,26,73,76,81,83,164,167,178,181,203,205,208,292,294,316,319,349,352,355,467,500,503,505,595,677
false 1,6,26,73,76,95,97,164,167,177,179,182,204,207,292,294,314,317,320,351,354,465,468,470,502,621,691
false 1,15,77,78,111,124,271,272,296,316,317,318,322,323,349,350,528,529,537,538,623,624,625,662,663,680,691
false 1,15,77,78,81,124,203,271,272,382,383,384,440,441,468,469,473,474,475,506,507,537,538,620,621,710,721
false 1,77,78,111,140,141,142,178,179,245,246,322,323,440,441,500,501,502,506,507,528,529,596,642,680,710,721
false 1,15,77,78,124,178,179,183,231,232,271,272,356,500,501,502,537,538,570,571,572,596,600,601,636,692,693
false 1,77,78,140,141,142,245,246,316,317,318,349,350,356,382,383,384,473,474,475,570,571,572,642,691,692,693
false 1,55,56,77,78,81,111,203,322,323,356,394,395,396,422,468,469,528,529,570,571,572,620,621,680,692,693
false 1,77,78,81,140,141,142,183,203,231,232,245,246,296,468,469,600,601,620,621,623,624,625,636,642,662,663
false 1,55,56,77,78,178,179,296,382,383,384,394,395,396,422,473,474,475,500,501,502,596,623,624,625,662,663
false 1,55,56,77,78,183,231,232,316,317,318,349,350,394,395,396,422,440,441,506,507,600,601,636,691,710,721
true 1,6,7,20,26,27,28,67,68,77,78,150,158,159,160,168,279,280,289,290,426,427,428,434,558,559,651
false 1,10,27,54,115,168,179,185,209,269,316,324,349,387,439,469,477,502,509,532,556,620,639,660,694,697,726
false 1,27,41,54,116,168,178,184,236,269,318,326,350,357,468,476,500,510,532,556,569,621,626,639,659,697,709
false 1,10,27,115,139,168,178,185,268,318,324,350,358,387,421,468,477,500,508,533,568,621,627,637,661,698,708
false 1,27,42,54,81,84,114,168,203,237,269,317,325,358,501,508,532,556,568,596,602,627,639,661,691,697,708
false 1,27,41,81,116,139,168,184,203,209,236,268,317,326,421,439,476,501,509,533,596,637,660,691,694,698,726
false 1,10,27,81,115,138,168,185,203,270,317,324,357,387,391,420,477,501,510,569,596,626,638,659,691,709,722
false 1,27,42,84,114,139,168,179,237,268,316,325,349,357,421,469,502,510,533,569,602,620,626,637,659,698,709
false 1,27,41,116,138,168,179,184,236,270,316,326,349,358,391,420,469,476,502,508,568,620,627,638,661,708,722
false 1,27,42,84,114,138,168,178,209,237,270,318,325,350,391,420,439,468,500,509,602,621,638,660,694,722,726
false 1,6,9,16,26,31,37,43,58,79,89,95,105,117,128,145,171,177,194,204,238,253,302,314,351,404,465
false 1,6,16,26,58,90,107,128,145,172,195,224,240,253,303,315,337,353,374,389,404,450,466,504,531,594,622
false 1,6,16,26,38,58,106,118,128,145,196,205,223,239,253,304,338,352,388,404,451,467,486,503,580,595,677
false 1,7,28,34,40,54,97,113,139,180,208,235,270,319,321,470,472,506,532,570,599,624,638,662,693,698,710
false 1,7,28,40,82,96,113,181,207,235,268,296,320,321,355,356,420,441,472,507,556,572,599,625,637,697,722
false 1,7,28,29,40,83,113,138,182,206,235,269,321,354,391,421,440,472,505,533,571,599,623,639,663,692,721
false 1,7,28,54,82,96,112,139,181,207,234,270,320,355,386,440,532,571,597,623,638,663,678,692,698,716,721
false 1,7,28,29,83,112,182,206,234,268,354,386,420,505,506,556,570,597,624,637,662,678,693,697,710,716,722
false 1,7,28,34,97,112,138,180,208,234,269,296,319,356,386,391,421,441,470,507,533,572,597,625,639,678,716
false 1,7,28,29,54,83,139,182,206,233,270,296,354,356,385,441,471,505,507,530,532,572,598,625,638,679,698
false 1,7,28,34,97,180,208,233,268,319,385,420,440,470,471,530,556,571,598,623,637,663,679,692,697,721,722
false 1,7,28,82,96,138,181,207,233,269,320,355,385,391,421,471,506,530,533,570,598,624,639,662,679,693,710
false 1,6,26,31,38,43,59,89,106,117,146,194,223,238,276,304,315,353,406,451,466,504,546,580,594,622,646
false 1,6,9,26,37,59,79,90,105,146,171,195,205,240,276,302,337,352,389,406,467,503,531,546,595,646,677
false 1,6,26,59,95,107,118,146,172,177,196,204,224,239,276,303,314,338,351,374,388,406,450,465,486,546,646
false 1,54,77,78,111,297,298,322,323,351,352,353,359,360,361,420,421,465,466,467,528,529,532,533,664,680,722
false 1,54,77,78,177,204,205,210,211,382,383,384,420,421,442,443,444,473,474,475,532,533,594,595,622,628,722
false 1,77,78,95,111,210,211,268,269,270,314,315,322,323,442,443,444,503,504,528,529,628,637,638,639,677,680
false 1,54,77,78,95,98,169,183,231,232,314,315,420,421,503,504,511,512,532,533,573,574,600,601,636,677,722
false 1,77,78,98,169,268,269,270,351,352,353,382,383,384,465,466,467,473,474,475,511,512,573,574,637,638,639
false 1,77,78,98,111,138,139,169,177,204,205,322,323,391,511,512,528,529,556,573,574,594,595,622,680,697,698
false 1,77,78,177,183,204,205,231,232,268,269,270,297,298,359,360,361,594,595,600,601,622,636,637,638,639,664
false 1,77,78,95,138,139,297,298,314,315,359,360,361,382,383,384,391,473,474,475,503,504,556,664,677,697,698
false 1,77,78,138,139,183,210,211,231,232,351,352,353,391,442,443,444,465,466,467,556,600,601,628,636,697,698
false 1,6,26,31,43,89,107,117,147,172,194,205,224,238,254,277,303,352,374,405,425,450,467,503,545,595,677
false 1,6,26,38,90,95,106,147,177,195,204,223,240,254,277,304,314,337,351,389,405,425,451,465,531,545,580
false 1,6,9,26,37,79,105,118,147,171,196,239,254,277,302,315,338,353,388,405,425,466,486,504,545,594,622
false 1,10,27,115,137,168,185,205,315,324,351,356,387,393,418,440,465,477,504,534,572,595,624,641,650,662,721
false 1,27,41,95,116,137,168,184,236,296,314,326,352,393,418,467,476,506,534,571,594,622,625,641,650,692,710
false 1,10,27,95,115,168,185,244,267,314,324,352,387,417,441,467,477,507,535,555,570,594,622,623,663,693,699
false 1,27,42,84,114,137,168,177,204,237,325,353,393,418,441,466,503,507,534,570,602,623,641,650,663,677,693
false 1,27,41,116,168,177,184,204,236,244,267,326,353,356,417,440,466,476,503,535,555,572,624,662,677,699,721
false 1,10,27,115,168,177,185,204,266,296,324,353,387,392,419,466,477,503,506,536,554,571,625,640,677,692,710
false 1,27,42,84,114,168,205,237,244,267,296,315,325,351,417,465,504,506,535,555,571,595,602,625,692,699,710
false 1,27,41,116,168,184,205,236,266,315,326,351,392,419,441,465,476,504,507,536,554,570,595,623,640,663,693
false 1,27,42,84,95,114,168,237,266,314,325,352,356,392,419,440,467,536,554,572,594,602,622,624,640,662,721
true 1,6,7,26,27,28,63,66,77,78,151,152,156,157,168,281,282,283,286,287,288,429,430,432,433,560,561
false 1,7,28,40,113,137,169,210,235,267,298,316,321,349,360,419,444,468,472,501,512,534,596,599,621,640,699
false 1,7,28,40,98,113,178,211,235,244,297,317,321,361,393,417,443,469,472,500,536,554,574,599,620,650,691
false 1,7,28,40,81,113,179,203,235,266,318,321,350,359,392,418,442,472,502,511,535,555,573,599,628,641,664
false 1,7,28,112,137,178,234,267,317,359,386,419,442,469,500,511,534,573,597,620,628,640,664,678,691,699,716
false 1,7,28,81,112,169,179,203,210,234,244,298,318,350,360,386,393,417,444,502,512,536,554,597,650,678,716
false 1,7,28,98,112,211,234,266,297,316,349,361,386,392,418,443,468,501,535,555,574,596,597,621,641,678,716
false 1,7,28,81,98,137,179,203,211,233,267,297,318,350,361,385,419,443,471,502,530,534,574,598,640,679,699
false 1,7,28,233,244,316,349,359,385,393,417,442,468,471,501,511,530,536,554,573,596,598,621,628,650,664,679
false 1,7,28,169,178,210,233,266,298,317,360,385,392,418,444,469,471,500,512,530,535,555,598,620,641,679,691
true 1,7,11,16,28,34,45,59,88,97,121,147,180,193,208,218,253,319,336,370,405,447,470,520,546,578,667
true 1,7,11,28,45,82,88,96,102,121,145,170,181,193,207,219,276,301,320,336,355,371,404,425,449,545,646
true 1,7,11,28,29,45,58,83,88,121,128,146,182,193,206,254,277,300,336,354,369,406,448,505,519,579,632
false 1,34,77,78,111,137,180,181,182,322,323,354,355,508,509,510,528,529,534,535,536,554,555,659,660,661,680
false 1,29,77,78,137,206,207,208,319,320,357,358,382,383,384,439,473,474,475,534,535,536,554,555,694,708,709
false 1,77,78,82,83,96,97,111,244,322,323,357,358,417,418,419,439,470,505,528,529,640,641,680,694,708,709
false 1,77,78,82,83,96,97,137,183,209,231,232,470,505,534,535,536,554,555,568,569,600,601,626,627,636,726
false 1,34,77,78,180,181,182,209,244,354,355,382,383,384,417,418,419,473,474,475,568,569,626,627,640,641,726
false 1,29,77,78,111,206,207,208,209,266,267,319,320,322,323,392,393,528,529,568,569,626,627,650,680,699,726
false 1,29,77,78,183,206,207,208,231,232,244,319,320,417,418,419,508,509,510,600,601,636,640,641,659,660,661
false 1,77,78,82,83,96,97,266,267,382,383,384,392,393,470,473,474,475,505,508,509,510,650,659,660,661,699
false 1,34,77,78,180,181,182,183,231,232,266,267,354,355,357,358,392,393,439,600,601,636,650,694,699,708,709
true 1,7,16,28,44,59,82,96,120,147,181,207,242,253,300,320,334,355,369,405,448,484,519,546,579,606,632
true 1,7,28,29,44,83,120,145,182,206,218,242,276,334,354,370,404,425,447,484,505,520,545,578,606,646,667
true 1,7,28,34,44,58,97,102,120,128,146,170,180,208,219,242,254,277,301,319,334,371,406,449,470,484,606
false 1,7,15,28,56,103,108,124,142,186,221,227,246,328,373,379,396,445,480,495,576,617,666,668,690,712,727
false 1,7,28,36,104,108,140,186,200,222,227,245,271,328,345,379,395,422,480,497,538,575,581,665,669,711,713
false 1,7,28,55,108,141,186,220,227,272,299,328,344,372,379,394,446,452,480,496,521,537,577,582,618,642,670
false 1,7,15,28,56,124,142,200,220,226,246,299,345,372,378,396,446,478,497,521,526,577,581,603,669,681,713
false 1,7,28,103,140,221,226,245,271,344,373,378,395,422,445,452,478,496,526,538,576,582,603,618,666,670,681
false 1,7,28,36,55,104,141,222,226,272,378,394,478,495,526,537,575,603,617,642,665,668,681,690,711,712,727
false 1,7,15,28,36,56,104,124,142,222,246,327,344,377,396,452,479,496,525,575,582,604,618,635,665,670,711
false 1,7,28,140,220,245,271,299,327,372,377,395,422,446,479,495,521,525,538,577,604,617,635,668,690,712,727
false 1,7,28,55,103,141,200,221,272,327,345,373,377,394,445,479,497,525,537,576,581,604,635,642,666,669,713
true 1,7,16,28,29,59,83,102,119,147,170,182,192,206,219,241,253,301,335,354,371,390,405,449,485,505,546
true 1,7,28,34,97,119,145,180,192,208,241,276,300,319,335,369,390,404,425,448,470,485,519,545,579,632,646
true 1,7,28,58,82,96,119,128,146,181,192,207,218,241,254,277,320,335,355,370,390,406,447,485,520,578,667
false 1,15,77,78,124,225,271,272,300,301,305,329,330,331,369,370,371,493,494,537,538,633,634,667,671,672,720
false 1,15,77,78,85,124,218,219,271,272,343,447,448,449,453,454,481,482,522,523,524,537,538,632,688,689,714
false 1,77,78,140,141,142,218,219,225,245,246,329,330,331,447,448,449,583,584,585,614,615,616,632,633,634,642
false 1,15,77,78,102,124,170,187,188,271,272,375,376,519,520,537,538,578,579,583,584,585,605,614,615,616,696
false 1,77,78,85,102,140,141,142,170,245,246,305,481,482,493,494,519,520,522,523,524,578,579,642,671,672,720
false 1,55,56,77,78,102,170,225,329,330,331,343,394,395,396,422,453,454,519,520,578,579,633,634,688,689,714
false 1,77,78,140,141,142,187,188,245,246,300,301,343,369,370,371,375,376,453,454,605,642,667,688,689,696,714
false 1,55,56,77,78,85,300,301,369,370,371,394,395,396,422,481,482,522,523,524,583,584,585,614,615,616,667
false 1,55,56,77,78,187,188,218,219,305,375,376,394,395,396,422,447,448,449,493,494,605,632,671,672,696,720
true 1,6,11,16,26,29,34,44,58,82,88,96,102,119,128,145,170,180,192,206,218,253,300,334,369,404,447
true 1,6,16,26,58,83,121,128,145,181,193,208,242,253,301,319,335,355,371,390,404,448,484,505,520,578,632
true 1,6,16,26,45,58,97,120,128,145,182,207,219,241,253,320,336,354,370,404,449,470,485,519,579,606,667
false 1,27,36,39,54,86,168,191,221,229,269,332,446,453,493,521,527,532,556,575,585,616,639,666,671,688,697
false 1,27,30,54,103,109,168,190,222,230,269,305,372,380,445,483,494,532,556,577,584,614,639,665,689,697,714
false 1,27,39,86,104,139,168,191,220,229,268,299,305,332,373,421,494,527,533,576,584,614,637,689,698,711,714
false 1,27,54,87,104,110,168,189,220,228,269,299,333,343,373,381,454,532,556,576,583,615,639,672,697,711,720
false 1,27,30,36,109,139,168,190,221,230,268,343,380,421,446,454,483,521,533,575,583,615,637,666,672,698,720
false 1,27,39,86,103,138,168,191,222,229,270,332,343,372,391,420,445,454,527,577,583,615,638,665,672,720,722
false 1,27,87,103,110,139,168,189,222,228,268,333,372,381,421,445,453,493,533,577,585,616,637,665,671,688,698
false 1,27,30,104,109,138,168,190,220,230,270,299,373,380,391,420,453,483,493,576,585,616,638,671,688,711,722
false 1,27,36,87,110,138,168,189,221,228,270,305,333,381,391,420,446,494,521,575,584,614,638,666,689,714,722
true 1,6,11,26,44,59,83,88,119,146,181,192,208,219,276,319,334,355,370,406,449,505,519,546,579,646,667
true 1,6,26,59,97,102,121,146,170,182,193,207,218,242,276,300,320,335,354,369,390,406,447,470,484,546,646
true 1,6,26,29,34,45,59,82,96,120,146,180,206,241,276,301,336,371,406,448,485,520,546,578,606,632,646
false 1,7,28,54,94,108,139,186,202,218,227,270,328,348,370,379,447,455,480,520,532,578,586,638,667,673,698
false 1,7,28,102,108,170,186,201,219,227,268,301,306,328,347,371,379,420,449,456,480,499,556,587,637,697,722
false 1,7,28,108,138,173,186,227,269,300,307,328,346,369,379,391,421,448,457,480,498,519,533,579,619,632,639
false 1,7,28,54,139,201,226,270,300,306,347,369,378,448,456,478,499,519,526,532,579,587,603,632,638,681,698
false 1,7,28,173,218,226,268,307,346,370,378,420,447,457,478,498,520,526,556,578,603,619,637,667,681,697,722
false 1,7,28,94,102,138,170,202,219,226,269,301,348,371,378,391,421,449,455,478,526,533,586,603,639,673,681
false 1,7,28,54,102,139,170,173,219,270,301,307,327,346,371,377,449,457,479,498,525,532,604,619,635,638,698
false 1,7,28,94,202,268,300,327,348,369,377,420,448,455,479,519,525,556,579,586,604,632,635,637,673,697,722
false 1,7,28,138,201,218,269,306,327,347,370,377,391,421,447,456,479,499,520,525,533,578,587,604,635,639,667
true 1,6,11,26,44,88,97,119,147,182,192,207,254,277,301,320,334,354,371,405,425,448,470,520,545,578,632
true 1,6,26,29,34,82,96,121,147,180,193,206,219,242,254,277,335,370,390,405,425,449,484,519,545,579,667
true 1,6,26,45,83,102,120,147,170,181,208,218,241,254,277,300,319,336,355,369,405,425,447,485,505,545,606
false 1,54,77,78,105,106,107,225,302,303,304,329,330,331,420,421,452,495,496,497,532,533,633,634,712,713,722
false 1,37,38,54,77,78,79,85,344,345,374,420,421,450,451,481,482,522,523,524,532,533,581,582,690,722,727
false 1,37,38,77,78,79,200,225,268,269,270,329,330,331,374,450,451,617,618,633,634,637,638,639,668,669,670
false 1,9,54,77,78,171,172,187,188,200,223,224,375,376,420,421,532,533,580,605,617,618,668,669,670,696,722
false 1,9,77,78,85,171,172,223,224,268,269,270,452,481,482,495,496,497,522,523,524,580,637,638,639,712,713
false 1,9,77,78,138,139,171,172,223,224,225,329,330,331,344,345,391,556,580,581,582,633,634,690,697,698,727
false 1,77,78,105,106,107,187,188,268,269,270,302,303,304,344,345,375,376,581,582,605,637,638,639,690,696,727
false 1,77,78,85,105,106,107,138,139,200,302,303,304,391,481,482,522,523,524,556,617,618,668,669,670,697,698
false 1,37,38,77,78,79,138,139,187,188,374,375,376,391,450,451,452,495,496,497,556,605,696,697,698,712,713
true 1,11,16,27,34,83,88,120,146,168,180,207,218,253,301,320,335,371,390,406,425,447,505,519,545,579,606
true 1,16,27,44,82,96,121,146,168,182,193,208,219,241,253,300,319,334,354,369,406,425,449,485,520,545,578
true 1,11,27,59,82,88,96,102,120,145,168,170,182,208,254,277,319,335,354,370,390,404,448,546,606,632,667
true 1,16,27,29,45,97,102,119,146,168,170,181,192,206,242,253,336,355,370,406,425,448,470,484,545,632,667
true 1,27,29,44,59,97,121,145,168,181,193,206,218,241,254,277,301,334,355,371,404,447,470,485,519,546,579
true 1,11,27,29,58,88,97,120,128,147,168,181,206,219,276,300,335,355,369,390,405,449,470,520,578,606,646
true 1,27,34,45,59,83,119,145,168,180,192,207,219,242,254,277,300,320,336,369,404,449,484,505,520,546,578
true 1,27,34,44,58,83,102,121,128,147,168,170,180,193,207,241,276,320,334,370,405,448,485,505,632,646,667
true 1,27,45,58,82,96,119,128,147,168,182,192,208,218,242,276,301,319,336,354,371,405,447,484,519,579,646
false 1,27,39,86,102,137,168,170,191,229,332,345,370,393,418,448,495,527,534,581,618,632,641,650,667,670,712
false 1,27,30,109,137,168,190,200,218,230,301,371,380,393,418,447,452,483,496,519,534,579,641,650,669,690,727
false 1,27,39,86,168,191,200,219,229,244,267,300,332,369,417,449,452,496,520,527,535,555,578,669,690,699,727
false 1,27,87,110,137,168,189,219,228,300,333,344,369,381,393,418,449,497,520,534,578,582,617,641,650,668,713
false 1,27,30,102,109,168,170,190,230,244,267,344,370,380,417,448,483,497,535,555,582,617,632,667,668,699,713
false 1,27,39,86,168,191,218,229,266,301,332,344,371,392,419,447,497,519,527,536,554,579,582,617,640,668,713
false 1,27,87,110,168,189,218,228,244,267,301,333,345,371,381,417,447,495,519,535,555,579,581,618,670,699,712
false 1,27,30,109,168,190,219,230,266,300,345,369,380,392,419,449,483,495,520,536,554,578,581,618,640,670,712
false 1,27,87,102,110,168,170,189,200,228,266,333,370,381,392,419,448,452,496,536,554,632,640,667,669,690,727
true 1,11,16,34,77,78,88,180,181,182,218,219,241,242,253,254,276,277,354,355,447,448,449,484,485,632,646
true 1,16,29,77,78,102,119,120,121,170,192,193,206,207,208,253,254,276,277,319,320,519,520,578,579,606,646
true 1,11,77,78,82,83,88,96,97,102,145,146,147,170,241,242,404,405,406,470,484,485,505,519,520,578,579
true 1,16,44,45,77,78,82,83,96,97,253,254,276,277,300,301,334,335,336,369,370,371,390,470,505,646,667
true 1,34,77,78,119,120,121,145,146,147,180,181,182,192,193,300,301,354,355,369,370,371,404,405,406,606,667
true 1,11,29,58,59,77,78,88,128,206,207,208,241,242,300,301,319,320,369,370,371,425,484,485,545,546,667
true 1,29,44,45,77,78,145,146,147,206,207,208,218,219,319,320,334,335,336,390,404,405,406,447,448,449,632
true 1,58,59,77,78,82,83,96,97,119,120,121,128,192,193,218,219,425,447,448,449,470,505,545,546,606,632
true 1,34,44,45,58,59,77,78,102,128,170,180,181,182,334,335,336,354,355,390,425,519,520,545,546,578,579
false 1,7,28,37,79,106,108,137,172,186,224,227,267,304,328,379,419,480,493,534,583,615,640,671,689,699,714
false 1,7,9,28,38,107,108,171,186,227,244,303,328,379,393,417,451,453,480,536,554,584,614,650,672,688,720
false 1,7,28,105,108,186,223,227,266,302,305,328,343,374,379,392,418,450,454,480,494,535,555,580,585,616,641
false 1,7,28,105,137,223,226,267,302,374,378,419,450,453,478,526,534,580,584,603,614,640,672,681,688,699,720
false 1,7,28,37,79,106,172,224,226,244,304,305,343,378,393,417,454,478,494,526,536,554,585,603,616,650,681
false 1,7,9,28,38,107,171,226,266,303,378,392,418,451,478,493,526,535,555,583,603,615,641,671,681,689,714
false 1,7,9,28,38,107,137,171,267,303,305,327,343,377,419,451,454,479,494,525,534,585,604,616,635,640,699
false 1,7,28,105,223,244,302,327,374,377,393,417,450,479,493,525,536,554,580,583,604,615,635,650,671,689,714
false 1,7,28,37,79,106,172,224,266,304,327,377,392,418,453,479,525,535,555,584,604,614,635,641,672,688,720
true 1,6,7,26,27,28,40,77,78,112,113,168,233,234,235,321,385,386,471,472,530,597,598,599,678,679,716
false 1,77,78,94,137,173,220,221,222,225,299,329,330,331,498,499,534,535,536,554,555,586,587,633,634,665,666
false 1,77,78,85,103,104,137,306,307,346,347,348,445,446,481,482,521,522,523,524,534,535,536,554,555,673,711
false 1,77,78,103,104,201,202,225,244,329,330,331,417,418,419,445,446,455,456,457,521,619,633,634,640,641,711
false 1,36,77,78,137,187,188,201,202,372,373,375,376,455,456,457,534,535,536,554,555,575,576,577,605,619,696
false 1,36,77,78,85,94,173,244,372,373,417,418,419,481,482,498,499,522,523,524,575,576,577,586,587,640,641
false 1,36,77,78,225,266,267,306,307,329,330,331,346,347,348,372,373,392,393,575,576,577,633,634,650,673,699
false 1,77,78,187,188,220,221,222,244,299,306,307,346,347,348,375,376,417,418,419,605,640,641,665,666,673,696
false 1,77,78,85,201,202,220,221,222,266,267,299,392,393,455,456,457,481,482,522,523,524,619,650,665,666,699
false 1,77,78,94,103,104,173,187,188,266,267,375,376,392,393,445,446,498,499,521,586,587,605,650,696,699,711
true 1,4,5,7,19,20,22,23,25,28,63,65,66,68,71,73,76,150,152,155,157,160,165,280,283,288,428
true 1,4,7,19,22,24,28,65,67,71,75,151,155,159,163,167,282,286,290,292,426,430,432,435,558,561,651
true 1,4,7,19,22,28,65,71,72,74,155,156,158,164,166,279,281,287,289,293,294,427,429,433,434,559,560
false 1,7,11,28,45,49,53,88,121,127,136,193,252,265,336,357,495,509,568,617,627,660,668,690,709,712,727
false 1,7,11,28,45,88,121,126,193,200,209,251,263,336,345,358,403,415,497,510,553,581,659,669,708,713,726
false 1,7,11,28,45,88,121,135,193,250,264,336,344,402,416,439,452,496,508,544,569,582,618,626,661,670,694
false 1,7,28,44,49,53,120,127,136,200,242,252,265,334,345,439,484,497,508,569,581,606,626,661,669,694,713
false 1,7,28,44,120,126,242,251,263,334,344,357,403,415,452,484,496,509,553,568,582,606,618,627,660,670,709
false 1,7,28,44,120,135,209,242,250,264,334,358,402,416,484,495,510,544,606,617,659,668,690,708,712,726,727
false 1,7,28,49,53,119,127,136,192,209,241,252,265,335,344,358,390,452,485,496,510,582,618,659,670,708,726
false 1,7,28,119,126,192,241,251,263,335,390,403,415,439,485,495,508,553,569,617,626,661,668,690,694,712,727
false 1,7,28,119,135,192,200,241,250,264,335,345,357,390,402,416,485,497,509,544,568,581,627,660,669,709,713
true 1,5,7,21,23,25,28,67,70,73,76,153,156,159,162,165,281,284,287,290,426,429,431,433,558,560,651
true 1,7,21,24,28,63,66,70,75,152,153,157,158,162,163,167,279,283,284,288,289,292,427,431,434,435,559
true 1,7,20,21,28,68,70,72,74,150,151,153,160,162,164,166,280,282,284,286,293,294,428,430,431,432,561
false 1,27,31,43,49,53,168,195,239,251,264,441,453,486,493,507,531,544,553,570,585,616,623,663,671,688,693
false 1,27,49,53,90,117,168,194,240,251,264,305,338,356,388,440,494,544,553,572,584,614,624,662,689,714,721
false 1,27,31,43,126,136,168,195,239,252,263,296,305,402,416,486,494,506,531,571,584,614,625,689,692,710,714
false 1,27,49,53,89,118,168,196,238,251,264,296,337,343,389,454,506,544,553,571,583,615,625,672,692,710,720
false 1,27,90,117,126,136,168,194,240,252,263,338,343,388,402,416,441,454,507,570,583,615,623,663,672,693,720
false 1,27,31,43,127,135,168,195,239,250,265,343,356,403,415,440,454,486,531,572,583,615,624,662,672,720,721
false 1,27,89,118,126,136,168,196,238,252,263,337,356,389,402,416,440,453,493,572,585,616,624,662,671,688,721
false 1,27,90,117,127,135,168,194,240,250,265,296,338,388,403,415,453,493,506,571,585,616,625,671,688,692,710
false 1,27,89,118,127,135,168,196,238,250,265,305,337,389,403,415,441,494,507,570,584,614,623,663,689,693,714
true 1,5,7,23,25,28,64,69,73,76,151,154,158,161,165,279,282,285,286,289,291,427,430,432,434,559,561
true 1,7,20,24,28,64,68,69,75,150,154,156,160,161,163,167,280,281,285,287,291,292,428,429,433,435,560
true 1,7,28,63,64,66,67,69,72,74,152,154,157,159,161,164,166,283,285,288,290,291,293,294,426,558,651
false 1,2,8,77,78,122,123,134,197,198,209,305,397,398,493,494,551,552,568,569,626,627,671,672,700,720,726
false 1,32,33,46,47,48,77,78,134,339,343,397,398,453,454,508,509,510,551,552,659,660,661,688,689,700,714
false 1,2,8,77,78,122,123,197,198,412,413,414,508,509,510,539,540,541,583,584,585,614,615,616,659,660,661
false 1,12,13,77,78,91,92,93,134,243,357,358,397,398,439,551,552,583,584,585,614,615,616,694,700,708,709
false 1,32,33,46,47,48,77,78,305,339,357,358,412,413,414,439,493,494,539,540,541,671,672,694,708,709,720
false 1,2,8,77,78,122,123,197,198,247,261,262,343,357,358,439,453,454,643,644,649,688,689,694,708,709,714
false 1,12,13,77,78,91,92,93,209,243,343,412,413,414,453,454,539,540,541,568,569,626,627,688,689,714,726
false 1,32,33,46,47,48,77,78,209,247,261,262,339,568,569,583,584,585,614,615,616,626,627,643,644,649,726
false 1,12,13,77,78,91,92,93,243,247,261,262,305,493,494,508,509,510,643,644,649,659,660,661,671,672,720
true 1,4,5,6,19,20,21,23,24,26,63,64,66,67,69,72,74,150,151,153,156,158,163,279,281,286,426
true 1,5,6,22,23,24,26,68,70,72,74,155,157,159,161,163,283,285,287,289,428,430,431,432,559,560,651
true 1,5,6,23,24,26,65,71,72,74,152,154,160,162,163,280,282,284,288,290,291,427,429,433,434,558,561
false 1,7,11,28,45,88,94,121,134,193,202,262,336,348,397,414,455,506,540,570,586,624,644,662,673,693,710
false 1,7,11,28,45,88,121,193,201,296,306,336,347,356,412,441,456,499,507,539,551,572,587,625,643,649,700
false 1,7,11,28,45,88,121,173,193,247,261,307,336,346,398,413,440,457,498,541,552,571,619,623,663,692,721
false 1,7,28,44,120,134,201,242,262,306,334,347,397,414,440,456,484,499,540,571,587,606,623,644,663,692,721
false 1,7,28,44,120,173,242,307,334,346,412,457,484,498,506,539,551,570,606,619,624,643,649,662,693,700,710
false 1,7,28,44,94,120,202,242,247,261,296,334,348,356,398,413,441,455,484,507,541,552,572,586,606,625,673
false 1,7,28,119,134,173,192,241,262,296,307,335,346,356,390,397,414,441,457,485,498,507,540,572,619,625,644
false 1,7,28,94,119,192,202,241,335,348,390,412,440,455,485,539,551,571,586,623,643,649,663,673,692,700,721
false 1,7,28,119,192,201,241,247,261,306,335,347,390,398,413,456,485,499,506,541,552,570,587,624,662,693,710
true 1,4,6,19,21,25,26,64,68,69,75,152,153,159,165,166,282,288,289,293,428,429,433,435,559,561,651
true 1,6,22,25,26,63,66,70,75,151,155,156,160,161,165,166,280,281,285,286,290,293,427,431,434,435,558
true 1,6,20,25,26,65,67,71,75,150,154,157,158,162,165,166,279,283,284,287,291,293,426,430,432,435,560
false 1,27,31,43,134,168,169,195,211,239,345,359,397,413,443,486,495,512,531,541,581,618,643,649,664,670,712
false 1,27,90,98,117,134,168,194,200,240,298,338,360,388,397,413,442,452,496,541,574,628,643,649,669,690,727
false 1,27,31,43,168,195,200,210,239,262,297,361,398,412,444,452,486,496,511,531,539,552,573,644,669,690,727
false 1,27,89,118,134,168,196,210,238,297,337,344,361,389,397,413,444,497,511,541,573,582,617,643,649,668,713
false 1,27,90,117,168,169,194,211,240,262,338,344,359,388,398,412,443,497,512,539,552,582,617,644,664,668,713
false 1,27,31,43,98,168,195,239,247,261,298,344,360,414,442,486,497,531,540,551,574,582,617,628,668,700,713
false 1,27,89,98,118,168,196,238,262,298,337,345,360,389,398,412,442,495,539,552,574,581,618,628,644,670,712
false 1,27,90,117,168,194,210,240,247,261,297,338,345,361,388,414,444,495,511,540,551,573,581,618,670,700,712
false 1,27,89,118,168,169,196,200,211,238,247,261,337,359,389,414,443,452,496,512,540,551,664,669,690,700,727
true 1,6,7,26,27,28,77,78,111,168,183,231,232,322,323,382,383,384,473,474,475,528,529,600,601,636,680
false 1,2,8,77,78,122,123,197,198,260,356,399,400,401,452,495,496,497,570,571,572,647,648,692,693,712,713
false 1,32,33,46,47,48,77,78,260,296,339,344,345,399,400,401,581,582,623,624,625,647,648,662,663,690,727
false 1,2,8,77,78,122,123,125,197,198,200,296,542,543,548,549,550,617,618,623,624,625,662,663,668,669,670
false 1,12,13,77,78,91,92,93,200,243,260,399,400,401,440,441,506,507,617,618,647,648,668,669,670,710,721
false 1,32,33,46,47,48,77,78,125,339,440,441,452,495,496,497,506,507,542,543,548,549,550,710,712,713,721
false 1,2,8,77,78,122,123,197,198,248,249,344,345,410,411,440,441,506,507,581,582,645,690,701,710,721,727
false 1,12,13,77,78,91,92,93,125,243,344,345,356,542,543,548,549,550,570,571,572,581,582,690,692,693,727
false 1,32,33,46,47,48,77,78,200,248,249,339,356,410,411,570,571,572,617,618,645,668,669,670,692,693,701
false 1,12,13,77,78,91,92,93,243,248,249,296,410,411,452,495,496,497,623,624,625,645,662,663,701,712,713
true 1,4,6,19,21,26,64,69,73,76,153,157,160,164,167,280,283,287,290,292,294,427,430,432,434,558,560
true 1,6,20,22,26,67,70,73,76,150,152,155,158,161,164,167,279,282,285,288,292,294,426,429,431,433,561
true 1,6,26,63,65,66,68,71,73,76,151,154,156,159,162,164,167,281,284,286,289,291,292,294,428,559,651
false 1,7,11,28,45,88,121,169,193,210,260,298,336,360,399,411,444,493,512,542,550,583,615,645,671,689,714
false 1,7,11,28,45,88,98,121,125,193,211,249,297,336,361,401,443,453,548,574,584,614,647,672,688,701,720
false 1,7,11,28,45,88,121,193,248,305,336,343,359,400,410,442,454,494,511,543,549,573,585,616,628,648,664
false 1,7,28,44,120,242,260,334,359,399,411,442,453,484,511,542,550,573,584,606,614,628,645,664,672,688,720
false 1,7,28,44,120,125,169,210,242,249,298,305,334,343,360,401,444,454,484,494,512,548,585,606,616,647,701
false 1,7,28,44,98,120,211,242,248,297,334,361,400,410,443,484,493,543,549,574,583,606,615,648,671,689,714
false 1,7,28,98,119,192,211,241,260,297,305,335,343,361,390,399,411,443,454,485,494,542,550,574,585,616,645
false 1,7,28,119,125,192,241,249,335,359,390,401,442,485,493,511,548,573,583,615,628,647,664,671,689,701,714
false 1,7,28,119,169,192,210,241,248,298,335,360,390,400,410,444,453,485,512,543,549,584,614,648,672,688,720
true 1,4,5,19,20,23,27,63,66,70,75,150,154,159,164,168,282,287,291,294,427,431,434,435,560,561,651
true 1,5,22,23,27,64,68,69,75,151,155,157,158,162,164,168,279,283,284,286,290,294,428,429,433,435,558
true 1,4,19,24,27,67,70,73,76,151,154,157,160,163,166,168,280,283,286,289,291,293,426,429,431,433,559
true 1,5,21,23,27,65,67,71,75,152,153,156,160,161,164,168,280,281,285,288,289,294,426,430,432,435,559
true 1,4,19,25,27,68,70,72,74,152,154,156,158,165,167,168,279,281,288,290,291,292,428,430,431,432,558
true 1,20,22,24,27,64,69,73,76,150,152,155,156,159,162,163,166,168,281,284,288,293,427,430,432,434,651
true 1,20,21,25,27,65,71,72,74,150,151,153,157,159,161,165,167,168,283,285,286,292,427,429,433,434,651
true 1,21,24,27,63,65,66,68,71,73,76,153,158,161,163,166,168,279,282,285,287,290,293,428,558,560,561
true 1,22,25,27,63,64,66,67,69,72,74,155,160,162,165,167,168,280,282,284,287,289,292,426,559,560,561
false 1,27,31,43,94,168,195,239,249,260,306,347,358,399,457,486,508,531,543,549,568,586,619,627,661,701,708
false 1,27,90,117,168,173,194,201,209,240,249,260,338,348,388,399,439,456,498,509,543,549,660,673,694,701,726
false 1,27,31,43,125,168,173,195,201,239,348,357,400,411,456,486,498,510,531,548,569,626,645,648,659,673,709
false 1,27,89,118,168,196,202,238,249,260,307,337,346,357,389,399,455,499,510,543,549,569,587,626,659,701,709
false 1,27,90,117,125,168,194,202,240,307,338,346,358,388,400,411,455,499,508,548,568,587,627,645,648,661,708
false 1,27,31,43,168,195,202,209,239,248,307,346,401,410,439,455,486,499,509,531,542,550,587,647,660,694,726
false 1,27,89,94,118,125,168,196,209,238,306,337,347,389,400,411,439,457,509,548,586,619,645,648,660,694,726
false 1,27,90,94,117,168,194,240,248,306,338,347,357,388,401,410,457,510,542,550,569,586,619,626,647,659,709
false 1,27,89,118,168,173,196,201,238,248,337,348,358,389,401,410,456,498,508,542,550,568,627,647,661,673,708
true 1,4,5,19,20,23,63,66,77,78,150,161,162,166,167,284,285,289,290,292,293,429,430,432,433,558,559
true 1,5,21,22,23,67,68,77,78,153,154,155,156,157,166,167,281,282,283,291,292,293,426,427,428,434,561
true 1,4,19,24,25,67,68,77,78,151,152,161,162,163,164,165,284,285,286,287,288,294,426,427,428,434,560
true 1,5,23,64,65,69,70,71,77,78,151,152,158,159,160,166,167,279,280,286,287,288,292,293,431,560,651
true 1,4,19,72,73,74,75,76,77,78,156,157,158,159,160,161,162,279,280,281,282,283,284,285,435,561,651
true 1,21,22,24,25,63,66,77,78,153,154,155,158,159,160,163,164,165,279,280,291,294,429,430,432,433,651
true 1,63,64,65,66,67,68,69,70,71,72,73,74,75,76,77,78,426,427,428,429,430,431,432,433,434,435
true 1,20,24,25,64,65,69,70,71,77,78,150,156,157,163,164,165,281,282,283,289,290,294,431,558,559,561
true 1,20,21,22,72,73,74,75,76,77,78,150,151,152,153,154,155,286,287,288,289,290,291,435,558,559,560
false 1,7,28,40,49,53,103,113,127,136,221,235,252,265,321,373,445,472,576,588,599,609,666,674,685,715,719
false 1,7,28,36,40,104,113,126,222,235,251,263,321,340,403,415,458,472,489,553,575,589,599,611,665,675,711
false 1,7,28,40,113,135,220,235,250,264,299,308,321,372,402,416,446,459,472,488,521,544,577,590,599,610,686
false 1,7,28,49,53,112,127,136,220,234,252,265,299,340,372,386,446,458,489,521,577,589,597,611,675,678,716
false 1,7,28,103,112,126,221,234,251,263,308,373,386,403,415,445,459,488,553,576,590,597,610,666,678,686,716
false 1,7,28,36,104,112,135,222,234,250,264,386,402,416,544,575,588,597,609,665,674,678,685,711,715,716,719
false 1,7,28,36,49,53,104,127,136,222,233,252,265,308,385,459,471,488,530,575,590,598,610,665,679,686,711
false 1,7,28,126,220,233,251,263,299,372,385,403,415,446,471,521,530,553,577,588,598,609,674,679,685,715,719
false 1,7,28,103,135,221,233,250,264,340,373,385,402,416,445,458,471,489,530,544,576,589,598,611,666,675,679
false 1,2,6,8,12,16,26,32,36,46,58,81,91,103,128,145,178,203,220,253,299,316,349,404,445,500,575
false 1,6,16,26,33,48,58,92,123,128,145,179,197,222,243,253,317,373,404,446,468,502,521,576,621,665,691
false 1,6,13,16,26,47,58,93,104,122,128,145,198,221,253,318,339,350,372,404,469,501,577,596,620,666,711
false 1,27,49,53,111,168,174,219,251,264,300,323,369,383,449,461,473,520,544,553,578,601,607,636,676,684,717
false 1,27,49,53,102,168,170,231,251,264,310,322,370,384,448,460,475,528,544,553,592,600,608,632,667,682,718
false 1,27,111,126,136,168,218,252,263,301,310,323,371,383,402,416,447,460,473,519,579,592,601,608,636,682,718
false 1,27,49,53,168,183,218,232,251,264,301,309,371,382,447,462,474,487,519,529,544,553,579,591,680,683,728
false 1,27,126,136,168,219,231,252,263,300,309,322,369,384,402,416,449,462,475,487,520,528,578,591,600,683,728
false 1,27,102,111,127,135,168,170,250,265,309,323,370,383,403,415,448,462,473,487,591,601,632,636,667,683,728
false 1,27,102,126,136,168,170,174,183,232,252,263,370,382,402,416,448,461,474,529,607,632,667,676,680,684,717
false 1,27,127,135,168,174,218,231,250,265,301,322,371,384,403,415,447,461,475,519,528,579,600,607,676,684,717
false 1,27,127,135,168,183,219,232,250,265,300,310,369,382,403,415,449,460,474,520,529,578,592,608,680,682,718
false 1,2,6,8,12,26,32,46,59,91,104,146,179,221,276,317,372,406,468,502,546,577,621,646,666,691,711
false 1,6,26,33,36,48,59,92,103,123,146,197,220,243,276,299,318,350,406,445,469,501,546,575,596,620,646
false 1,6,13,26,47,59,81,93,122,146,178,198,203,222,276,316,339,349,373,406,446,500,521,546,576,646,665
false 1,10,36,77,78,134,184,185,236,237,309,310,372,373,397,398,551,552,575,576,577,602,607,608,676,700,728
false 1,77,78,114,115,116,134,220,221,222,299,324,325,326,397,398,460,461,462,487,551,552,665,666,700,717,718
false 1,10,77,78,174,184,185,220,221,222,236,237,299,412,413,414,539,540,541,591,592,602,665,666,682,683,684
false 1,41,42,77,78,84,103,104,134,174,387,397,398,445,446,476,477,521,551,552,591,592,682,683,684,700,711
false 1,77,78,103,104,114,115,116,309,310,324,325,326,412,413,414,445,446,521,539,540,541,607,608,676,711,728
false 1,10,77,78,103,104,184,185,236,237,247,261,262,445,446,460,461,462,487,521,602,643,644,649,711,717,718
false 1,36,41,42,77,78,84,372,373,387,412,413,414,460,461,462,476,477,487,539,540,541,575,576,577,717,718
false 1,36,77,78,114,115,116,174,247,261,262,324,325,326,372,373,575,576,577,591,592,643,644,649,682,683,684
false 1,41,42,77,78,84,220,221,222,247,261,262,299,309,310,387,476,477,607,608,643,644,649,665,666,676,728
false 1,2,6,8,12,26,32,46,91,147,222,254,277,318,350,373,405,425,446,469,501,521,545,576,596,620,665
false 1,6,26,33,48,81,92,104,123,147,178,197,203,221,243,254,277,316,349,372,405,425,500,545,577,666,711
false 1,6,13,26,36,47,93,103,122,147,179,198,220,254,277,299,317,339,405,425,445,468,502,545,575,621,691
false 1,7,28,40,113,134,199,218,235,262,311,321,342,370,397,414,447,463,472,492,520,540,578,593,599,644,667
false 1,7,28,40,102,113,170,175,219,235,301,312,321,341,371,412,449,464,472,491,539,551,599,613,643,649,700
false 1,7,28,40,80,113,176,235,247,261,300,313,321,369,398,413,448,472,490,519,541,552,579,599,612,632,687
false 1,7,28,112,134,175,234,262,300,312,341,369,386,397,414,448,464,491,519,540,579,597,613,632,644,678,716
false 1,7,28,80,112,176,218,234,313,370,386,412,447,490,520,539,551,578,597,612,643,649,667,678,687,700,716
false 1,7,28,102,112,170,199,219,234,247,261,301,311,342,371,386,398,413,449,463,492,541,552,593,597,678,716
false 1,7,28,80,102,134,170,176,219,233,262,301,313,371,385,397,414,449,471,490,530,540,598,612,644,679,687
false 1,7,28,199,233,300,311,342,369,385,412,448,463,471,492,519,530,539,551,579,593,598,632,643,649,679,700
false 1,7,28,175,218,233,247,261,312,341,370,385,398,413,447,464,471,491,520,530,541,552,578,598,613,667,679
false 1,3,6,14,17,26,31,43,51,60,81,89,102,117,131,170,178,194,203,218,238,300,316,349,369,447,500
false 1,3,6,14,17,26,51,60,90,131,179,195,240,301,317,337,371,389,448,468,502,520,531,578,621,632,691
false 1,3,6,14,17,26,51,60,118,131,196,219,239,318,338,350,370,388,449,469,486,501,519,579,596,620,667
false 1,27,38,105,111,134,168,172,224,302,308,323,383,397,413,451,473,489,541,589,601,609,636,643,649,686,715
false 1,9,27,106,134,168,171,231,304,322,340,374,384,397,413,450,459,475,528,541,588,600,610,643,649,675,719
false 1,27,37,79,107,111,168,223,262,303,323,340,383,398,412,459,473,539,552,580,588,601,610,636,644,675,719
false 1,27,37,79,107,134,168,183,223,232,303,382,397,413,458,474,488,529,541,580,590,611,643,649,674,680,685
false 1,27,38,105,168,172,224,231,262,302,322,384,398,412,451,458,475,488,528,539,552,590,600,611,644,674,685
false 1,9,27,106,111,168,171,247,261,304,323,374,383,414,450,458,473,488,540,551,590,601,611,636,674,685,700
false 1,9,27,106,168,171,183,232,262,304,308,374,382,398,412,450,474,489,529,539,552,589,609,644,680,686,715
false 1,27,37,79,107,168,223,231,247,261,303,308,322,384,414,475,489,528,540,551,580,589,600,609,686,700,715
false 1,27,38,105,168,172,183,224,232,247,261,302,340,382,414,451,459,474,529,540,551,588,610,675,680,700,719
true 1,6,7,26,27,28,77,78,108,168,186,226,227,327,328,377,378,379,478,479,480,525,526,603,604,635,681
false 1,10,77,78,102,170,184,185,236,237,260,399,400,401,458,459,519,520,578,579,602,609,610,611,647,648,715
false 1,77,78,114,115,116,260,300,301,324,325,326,369,370,371,399,400,401,488,489,588,589,590,647,648,667,719
false 1,10,77,78,125,184,185,236,237,300,301,308,340,369,370,371,542,543,548,549,550,602,667,674,675,685,686
false 1,41,42,77,78,84,218,219,260,308,340,387,399,400,401,447,448,449,476,477,632,647,648,674,675,685,686
false 1,77,78,114,115,116,125,218,219,324,325,326,447,448,449,458,459,542,543,548,549,550,609,610,611,632,715
false 1,10,77,78,184,185,218,219,236,237,248,249,410,411,447,448,449,488,489,588,589,590,602,632,645,701,719
false 1,41,42,77,78,84,102,125,170,387,476,477,488,489,519,520,542,543,548,549,550,578,579,588,589,590,719
false 1,77,78,102,114,115,116,170,248,249,308,324,325,326,340,410,411,519,520,578,579,645,674,675,685,686,701
false 1,41,42,77,78,84,248,249,300,301,369,370,371,387,410,411,458,459,476,477,609,610,611,645,667,701,715
false 1,6,18,26,31,43,61,89,117,133,148,179,194,219,238,259,317,370,409,449,468,502,519,579,621,667,691
false 1,6,18,26,61,90,102,133,148,170,195,218,240,259,300,318,337,350,369,389,409,447,469,501,531,596,620
false 1,6,18,26,61,81,118,133,148,178,196,203,239,259,301,316,338,349,371,388,409,448,486,500,520,578,632
false 1,7,28,37,40,79,106,113,172,224,235,260,304,321,399,411,460,472,542,550,591,599,607,645,676,683,718
false 1,7,9,28,38,40,107,113,125,171,235,249,303,309,321,401,451,461,472,548,592,599,647,682,701,717,728
false 1,7,28,40,105,113,174,223,235,248,302,310,321,374,400,410,450,462,472,487,543,549,580,599,608,648,684
false 1,7,28,105,112,223,234,260,302,309,374,386,399,411,450,461,542,550,580,592,597,645,678,682,716,717,728
false 1,7,28,37,79,106,112,125,172,174,224,234,249,304,310,386,401,462,487,548,597,608,647,678,684,701,716
false 1,7,9,28,38,107,112,171,234,248,303,386,400,410,451,460,543,549,591,597,607,648,676,678,683,716,718
false 1,7,9,28,38,107,171,174,233,260,303,310,385,399,411,451,462,471,487,530,542,550,598,608,645,679,684
false 1,7,28,105,125,223,233,249,302,374,385,401,450,460,471,530,548,580,591,598,607,647,676,679,683,701,718
false 1,7,28,37,79,106,172,224,233,248,304,309,385,400,410,461,471,530,543,549,592,598,648,679,682,717,728
false 1,6,26,31,43,52,62,89,117,132,149,194,238,258,278,301,318,350,371,448,469,501,520,578,596,620,632
false 1,6,26,52,62,81,90,132,149,178,195,203,219,240,258,278,316,337,349,370,389,449,500,519,531,579,667
false 1,6,26,52,62,102,118,132,149,170,179,196,218,239,258,278,300,317,338,369,388,447,468,486,502,621,691
false 1,27,80,104,111,168,199,220,249,260,299,312,323,373,383,399,473,491,543,549,576,593,601,636,687,701,711
false 1,27,36,168,176,221,231,249,260,311,322,341,384,399,446,464,475,492,521,528,543,549,575,600,612,666,701
false 1,27,103,111,125,168,176,222,311,323,341,372,383,400,411,445,464,473,492,548,577,601,612,636,645,648,665
false 1,27,103,168,175,183,222,232,249,260,313,342,372,382,399,445,463,474,490,529,543,549,577,613,665,680,701
false 1,27,104,125,168,175,220,231,299,313,322,342,373,384,400,411,463,475,490,528,548,576,600,613,645,648,711
false 1,27,36,111,168,175,221,248,313,323,342,383,401,410,446,463,473,490,521,542,550,575,601,613,636,647,666
false 1,27,36,80,125,168,183,199,221,232,312,382,400,411,446,474,491,521,529,548,575,593,645,648,666,680,687
false 1,27,80,103,168,199,222,231,248,312,322,372,384,401,410,445,475,491,528,542,550,577,593,600,647,665,687
false 1,27,104,168,176,183,220,232,248,299,311,341,373,382,401,410,464,474,492,529,542,550,576,612,647,680,711
false 1,4,7,11,19,22,28,40,45,65,71,88,108,113,121,155,186,193,227,235,321,328,336,379,472,480,599
false 1,7,28,49,53,108,127,136,186,213,227,252,265,328,351,365,379,465,480,503,517,594,622,652,677,703,724
false 1,7,28,95,99,108,126,186,205,214,227,251,263,314,328,353,366,379,403,415,466,480,553,595,702,723,729
false 1,7,28,108,135,177,186,204,227,250,264,315,328,352,364,379,402,416,467,480,504,516,544,562,631,653,704
false 1,7,28,49,53,95,127,136,205,226,252,265,314,353,364,378,466,478,516,526,562,595,603,631,653,681,704
false 1,7,28,126,177,204,213,226,251,263,315,352,365,378,403,415,467,478,504,517,526,553,603,652,681,703,724
false 1,7,28,99,135,214,226,250,264,351,366,378,402,416,465,478,503,526,544,594,603,622,677,681,702,723,729
false 1,7,28,49,53,99,127,136,177,204,214,252,265,315,327,352,366,377,467,479,504,525,604,635,702,723,729
false 1,7,28,126,251,263,327,351,364,377,403,415,465,479,503,516,525,553,562,594,604,622,631,635,653,677,704
false 1,7,28,95,135,205,213,250,264,314,327,353,365,377,402,416,466,479,517,525,544,595,604,635,652,703,724
false 1,7,11,21,28,45,70,88,112,121,153,162,193,234,284,327,336,377,386,431,479,525,597,604,635,678,716
false 1,27,49,53,168,179,187,225,251,264,316,331,349,363,436,469,481,502,513,523,544,553,620,630,655,696,725
false 1,27,49,53,85,168,178,212,251,264,318,330,350,375,468,500,514,524,544,553,564,605,621,633,654,695,706
false 1,27,126,136,168,178,187,225,252,263,318,331,350,362,402,416,468,481,500,515,523,563,621,629,656,696,705
false 1,27,49,53,81,168,188,203,251,264,317,329,362,376,482,501,515,522,544,553,563,596,629,634,656,691,705
false 1,27,81,85,126,136,168,203,252,263,317,330,363,375,402,416,436,501,513,524,596,605,630,633,655,691,725
false 1,27,81,127,135,168,187,203,212,225,250,265,317,331,403,415,481,501,514,523,564,596,654,691,695,696,706
false 1,27,126,136,168,179,188,212,252,263,316,329,349,376,402,416,469,482,502,514,522,564,620,634,654,695,706
false 1,27,85,127,135,168,179,250,265,316,330,349,362,375,403,415,469,502,515,524,563,605,620,629,633,656,705
false 1,27,127,135,168,178,188,250,265,318,329,350,363,376,403,415,436,468,482,500,513,522,621,630,634,655,725
true 1,6,7,26,27,28,77,78,85,168,187,188,225,329,330,331,375,376,481,482,522,523,524,605,633,634,696
false 1,2,3,6,8,9,12,14,17,26,29,32,34,37,46,51,60,79,82,91,96,105,131,171,180,206,302
false 1,3,6,14,17,26,33,48,51,60,83,92,107,123,131,172,181,197,208,224,243,303,319,355,374,450,505
false 1,3,6,13,14,17,26,38,47,51,60,93,97,106,122,131,182,198,207,223,304,320,339,354,451,470,580
false 1,2,6,8,12,18,26,32,38,46,61,83,91,106,133,148,181,208,223,259,304,319,355,409,451,505,580
false 1,6,9,18,26,33,37,48,61,79,92,97,105,123,133,148,171,182,197,207,243,259,302,320,354,409,470
false 1,6,13,18,26,29,34,47,61,82,93,96,107,122,133,148,172,180,198,206,224,259,303,339,374,409,450
false 1,2,6,8,12,26,32,46,52,62,91,97,107,132,149,172,182,207,224,258,278,303,320,354,374,450,470
false 1,6,26,29,33,34,38,48,52,62,82,92,96,106,123,132,149,180,197,206,223,243,258,278,304,451,580
false 1,6,9,13,26,37,47,52,62,79,83,93,105,122,132,149,171,181,198,208,258,278,302,319,339,355,505
false 1,7,11,28,45,64,69,88,121,154,161,193,226,233,285,291,336,378,385,471,478,526,530,598,603,679,681
false 1,7,28,34,97,108,134,180,186,208,227,262,319,328,362,379,397,414,470,480,514,540,630,644,654,705,725
false 1,7,28,82,96,108,181,186,207,212,227,320,328,355,363,379,412,436,480,515,539,551,564,643,649,656,700
false 1,7,28,29,83,108,182,186,206,227,247,261,328,354,379,398,413,480,505,513,541,552,563,629,655,695,706
false 1,7,28,82,96,134,181,207,226,262,320,355,378,397,414,478,513,526,540,563,603,629,644,655,681,695,706
false 1,7,28,29,83,182,206,226,354,362,378,412,478,505,514,526,539,551,603,630,643,649,654,681,700,705,725
false 1,7,28,34,97,180,208,212,226,247,261,319,363,378,398,413,436,470,478,515,526,541,552,564,603,656,681
false 1,7,28,29,83,134,182,206,212,262,327,354,363,377,397,414,436,479,505,515,525,540,564,604,635,644,656
false 1,7,28,34,97,180,208,319,327,377,412,470,479,513,525,539,551,563,604,629,635,643,649,655,695,700,706
false 1,7,28,82,96,181,207,247,261,320,327,355,362,377,398,413,479,514,525,541,552,604,630,635,654,705,725
false 1,4,7,19,22,28,44,65,71,112,120,155,226,234,242,334,378,386,478,484,526,597,603,606,678,681,716
false 1,27,101,134,168,187,205,215,225,315,331,351,368,397,413,437,465,481,504,523,541,567,595,643,649,657,696
false 1,27,35,85,95,134,168,216,295,314,330,352,375,397,413,467,518,524,541,566,594,605,622,633,643,649,707
false 1,27,95,100,168,187,217,225,262,314,331,352,367,398,412,438,467,481,523,539,552,565,594,622,644,658,696
false 1,27,100,134,168,177,188,204,217,329,353,367,376,397,413,438,466,482,503,522,541,565,634,643,649,658,677
false 1,27,85,101,168,177,204,215,262,330,353,368,375,398,412,437,466,503,524,539,552,567,605,633,644,657,677
false 1,27,35,168,177,187,204,216,225,247,261,295,331,353,414,466,481,503,518,523,540,551,566,677,696,700,707
false 1,27,35,168,188,205,216,262,295,315,329,351,376,398,412,465,482,504,518,522,539,552,566,595,634,644,707
false 1,27,85,100,168,205,217,247,261,315,330,351,367,375,414,438,465,504,524,540,551,565,595,605,633,658,700
false 1,27,95,101,168,188,215,247,261,314,329,352,368,376,414,437,467,482,522,540,551,567,594,622,634,657,700
false 1,7,21,28,44,70,108,120,153,162,186,227,233,242,284,328,334,379,385,431,471,480,484,530,598,606,679
false 1,39,77,78,189,190,191,212,260,351,352,353,380,381,399,400,401,465,466,467,563,564,629,630,647,648,725
false 1,30,77,78,177,204,205,228,229,230,260,332,333,399,400,401,513,514,515,594,595,622,647,648,654,655,656
false 1,39,77,78,95,125,189,190,191,314,315,380,381,503,504,513,514,515,542,543,548,549,550,654,655,656,677
false 1,77,78,86,87,95,109,110,260,314,315,362,363,399,400,401,436,483,503,504,527,647,648,677,695,705,706
false 1,30,77,78,125,228,229,230,332,333,351,352,353,362,363,436,465,466,467,542,543,548,549,550,695,705,706
false 1,39,77,78,177,189,190,191,204,205,248,249,362,363,380,381,410,411,436,594,595,622,645,695,701,705,706
false 1,77,78,86,87,109,110,125,177,204,205,212,483,527,542,543,548,549,550,563,564,594,595,622,629,630,725
false 1,30,77,78,95,212,228,229,230,248,249,314,315,332,333,410,411,503,504,563,564,629,630,645,677,701,725
false 1,77,78,86,87,109,110,248,249,351,352,353,410,411,465,466,467,483,513,514,515,527,645,654,655,656,701
false 1,7,28,40,44,64,69,113,120,154,161,235,242,285,291,321,327,334,377,472,479,484,525,599,604,606,635
false 1,7,28,100,108,186,216,227,260,295,316,328,349,368,379,399,411,438,468,480,501,542,550,567,596,621,645
false 1,7,28,35,101,108,125,178,186,217,227,249,317,328,379,401,437,469,480,500,548,566,620,647,658,691,701
false 1,7,28,81,108,179,186,203,215,227,248,318,328,350,367,379,400,410,480,502,518,543,549,565,648,657,707
false 1,7,28,178,215,226,260,317,367,378,399,411,469,478,500,518,526,542,550,565,603,620,645,657,681,691,707
false 1,7,28,81,100,125,179,203,216,226,249,295,318,350,368,378,401,438,478,502,526,548,567,603,647,681,701
false 1,7,28,35,101,217,226,248,316,349,378,400,410,437,468,478,501,526,543,549,566,596,603,621,648,658,681
false 1,7,28,35,81,101,179,203,217,260,318,327,350,377,399,411,437,479,502,525,542,550,566,604,635,645,658
false 1,7,28,125,215,249,316,327,349,367,377,401,468,479,501,518,525,548,565,596,604,621,635,647,657,701,707
false 1,7,28,100,178,216,248,295,317,327,368,377,400,410,438,469,479,500,525,543,549,567,604,620,635,648,691
false 1,4,7,19,22,28,65,71,119,155,192,233,241,327,335,377,385,390,471,479,485,525,530,598,604,635,679
false 1,27,34,83,168,180,187,207,214,225,249,260,320,331,364,399,481,505,517,523,543,549,653,696,701,702,724
false 1,27,82,85,96,99,168,182,208,249,260,319,330,354,365,375,399,524,543,549,605,631,633,652,701,704,723
false 1,27,82,96,125,168,182,187,208,213,225,319,331,354,366,400,411,481,516,523,548,562,645,648,696,703,729
false 1,27,29,97,168,181,188,206,213,249,260,329,355,366,376,399,470,482,516,522,543,549,562,634,701,703,729
false 1,27,29,85,97,125,168,181,206,214,330,355,364,375,400,411,470,517,524,548,605,633,645,648,653,702,724
false 1,27,29,97,99,168,181,187,206,225,248,331,355,365,401,410,470,481,523,542,550,631,647,652,696,704,723
false 1,27,34,83,99,125,168,180,188,207,320,329,365,376,400,411,482,505,522,548,631,634,645,648,652,704,723
false 1,27,34,83,85,168,180,207,213,248,320,330,366,375,401,410,505,516,524,542,550,562,605,633,647,703,729
false 1,27,82,96,168,182,188,208,214,248,319,329,354,364,376,401,410,482,517,522,542,550,634,647,653,702,724
true 1,6,7,26,27,28,54,77,78,138,139,168,268,269,270,391,420,421,532,533,556,637,638,639,697,698,722
false 1,4,7,19,22,28,36,65,71,99,104,155,209,214,222,358,366,510,575,659,665,702,708,711,723,726,729
false 1,4,7,19,22,28,65,71,155,220,299,364,372,439,446,508,516,521,562,569,577,626,631,653,661,694,704
false 1,4,7,19,22,28,65,71,103,155,213,221,357,365,373,445,509,517,568,576,627,652,660,666,703,709,724
false 1,7,21,28,36,70,104,153,162,213,222,284,365,431,439,508,517,569,575,626,652,661,665,694,703,711,724
false 1,7,21,28,70,99,153,162,214,220,284,299,357,366,372,431,446,509,521,568,577,627,660,702,709,723,729
false 1,7,21,28,70,103,153,162,209,221,284,358,364,373,431,445,510,516,562,576,631,653,659,666,704,708,726
false 1,7,28,36,64,69,104,154,161,222,285,291,357,364,509,516,562,568,575,627,631,653,660,665,704,709,711
false 1,7,28,64,69,154,161,209,213,220,285,291,299,358,365,372,446,510,517,521,577,652,659,703,708,724,726
false 1,7,28,64,69,99,103,154,161,214,221,285,291,366,373,439,445,508,569,576,626,661,666,694,702,723,729
false 1,7,21,28,40,70,113,119,153,162,192,226,235,241,284,321,335,378,390,431,472,478,485,526,599,603,681
false 1,4,7,19,22,28,65,71,102,155,170,212,219,296,301,356,363,371,436,441,449,507,515,564,572,625,656
false 1,4,7,19,22,28,65,71,155,300,369,440,448,513,519,563,571,579,623,629,632,655,663,692,695,706,721
false 1,4,7,19,22,28,65,71,155,218,362,370,447,506,514,520,570,578,624,630,654,662,667,693,705,710,725
false 1,7,21,28,70,102,153,162,170,219,284,301,362,371,431,440,449,514,571,623,630,654,663,692,705,721,725
false 1,7,21,28,70,153,162,212,284,300,363,369,431,436,448,506,515,519,564,570,579,624,632,656,662,693,710
false 1,7,21,28,70,153,162,218,284,296,356,370,431,441,447,507,513,520,563,572,578,625,629,655,667,695,706
false 1,7,28,64,69,102,154,161,170,219,285,291,301,371,449,506,513,563,570,624,629,655,662,693,695,706,710
false 1,7,28,64,69,154,161,285,291,296,300,356,362,369,441,448,507,514,519,572,579,625,630,632,654,705,725
false 1,7,28,64,69,154,161,212,218,285,291,363,370,436,440,447,515,520,564,571,578,623,656,663,667,692,721
false 1,7,28,64,69,108,112,119,154,161,186,192,227,234,241,285,291,328,335,379,386,390,480,485,597,678,716
false 1,9,20,27,99,106,150,159,168,171,304,356,365,374,427,434,440,450,572,624,631,651,652,662,704,721,723
false 1,27,38,67,99,105,160,168,172,224,280,289,296,302,365,426,451,506,559,571,625,631,652,692,704,710,723
false 1,20,27,38,105,150,159,168,172,214,224,302,364,427,434,441,451,507,517,570,623,651,653,663,693,702,724
false 1,27,37,68,79,99,107,158,168,223,279,290,303,365,428,441,507,558,570,580,623,631,652,663,693,704,723
false 1,20,27,37,79,107,150,159,168,213,223,296,303,366,427,434,506,516,562,571,580,625,651,692,703,710,729
false 1,27,37,67,79,107,160,168,214,223,280,289,303,356,364,426,440,517,559,572,580,624,653,662,702,721,724
false 1,27,38,68,105,158,168,172,213,224,279,290,302,356,366,428,440,451,516,558,562,572,624,662,703,721,729
false 1,9,27,68,106,158,168,171,214,279,290,296,304,364,374,428,450,506,517,558,571,625,653,692,702,710,724
false 1,9,27,67,106,160,168,171,213,280,289,304,366,374,426,441,450,507,516,559,562,570,623,663,693,703,729
false 1,4,7,19,22,28,31,43,65,71,85,90,111,118,155,183,188,196,225,232,240,323,331,376,384,475,524
false 1,4,7,19,22,28,65,71,117,155,194,231,239,329,337,375,383,389,473,481,486,523,529,600,605,634,680
false 1,4,7,19,22,28,65,71,89,155,187,195,238,322,330,338,382,388,474,482,522,528,531,601,633,636,696
false 1,20,27,36,98,150,159,168,212,221,298,360,427,434,442,446,514,521,564,574,575,628,651,654,666,695,706
false 1,27,36,67,160,168,169,211,221,280,289,359,362,426,443,446,512,515,521,559,563,575,629,656,664,666,705
false 1,20,27,104,150,159,168,169,211,220,299,359,363,373,427,434,436,443,512,513,576,630,651,655,664,711,725
false 1,27,36,68,158,168,210,221,279,290,297,361,363,428,436,444,446,511,513,521,558,573,575,630,655,666,725
false 1,20,27,103,150,159,168,210,222,297,361,362,372,427,434,444,445,511,515,563,573,577,629,651,656,665,705
false 1,27,67,104,160,168,210,212,220,280,289,297,299,361,373,426,444,511,514,559,564,573,576,654,695,706,711
false 1,27,68,103,158,168,169,211,212,222,279,290,359,372,428,443,445,512,514,558,564,577,654,664,665,695,706
false 1,27,68,98,104,158,168,220,279,290,298,299,360,362,373,428,442,515,558,563,574,576,628,629,656,705,711
false 1,27,67,98,103,160,168,222,280,289,298,360,363,372,426,436,442,445,513,559,574,577,628,630,655,665,725
false 1,7,21,28,31,43,70,90,118,153,162,187,196,231,240,284,330,383,431,473,482,522,529,600,633,680,696
false 1,7,21,28,70,85,117,153,162,188,194,225,239,284,322,331,337,376,382,389,431,474,486,524,528,601,636
false 1,7,21,28,70,89,111,153,162,183,195,232,238,284,323,329,338,375,384,388,431,475,481,523,531,605,634
false 1,20,27,35,102,150,159,168,170,209,216,295,370,427,434,439,448,509,518,566,632,651,660,667,694,707,726
false 1,27,67,101,160,168,209,215,218,280,289,301,368,371,426,437,439,447,509,519,559,567,579,657,660,694,726
false 1,20,27,101,150,159,168,215,219,300,358,368,369,427,434,437,449,508,520,567,568,578,627,651,657,661,708
false 1,27,68,100,158,168,209,217,219,279,290,300,367,369,428,438,439,449,509,520,558,565,578,658,660,694,726
false 1,20,27,100,150,159,168,217,218,301,357,367,371,427,434,438,447,510,519,565,569,579,626,651,658,659,709
false 1,27,67,100,102,160,168,170,217,280,289,358,367,370,426,438,448,508,559,565,568,627,632,658,661,667,708
false 1,27,68,101,102,158,168,170,215,279,290,357,368,370,428,437,448,510,558,567,569,626,632,657,659,667,709
false 1,27,35,68,158,168,216,218,279,290,295,301,358,371,428,447,508,518,519,558,566,568,579,627,661,707,708
false 1,27,35,67,160,168,216,219,280,289,295,300,357,369,426,449,510,518,520,559,566,569,578,626,659,707,709
true 1,6,7,26,27,28,77,78,168,174,309,310,460,461,462,487,591,592,607,608,676,682,683,684,717,718,728
false 1,9,63,66,77,78,171,172,209,212,223,224,429,430,432,433,563,564,568,569,580,626,627,629,630,725,726
false 1,77,78,105,106,107,151,152,209,286,287,288,302,303,304,362,363,436,560,568,569,626,627,695,705,706,726
false 1,63,66,77,78,105,106,107,302,303,304,429,430,432,433,508,509,510,513,514,515,654,655,656,659,660,661
false 1,37,38,77,78,79,156,157,209,281,282,283,374,450,451,513,514,515,561,568,569,626,627,654,655,656,726
false 1,37,38,63,66,77,78,79,357,358,362,363,374,429,430,432,433,436,439,450,451,694,695,705,706,708,709
false 1,37,38,77,78,79,151,152,212,286,287,288,374,450,451,508,509,510,560,563,564,629,630,659,660,661,725
false 1,77,78,105,106,107,156,157,212,281,282,283,302,303,304,357,358,439,561,563,564,629,630,694,708,709,725
false 1,9,77,78,156,157,171,172,223,224,281,282,283,362,363,436,508,509,510,561,580,659,660,661,695,705,706
false 1,9,77,78,151,152,171,172,223,224,286,287,288,357,358,439,513,514,515,560,580,654,655,656,694,708,709
false 1,7,28,31,43,64,69,90,118,154,161,196,240,285,291,322,329,375,382,474,481,523,528,601,605,634,636
false 1,7,28,64,69,111,117,154,161,183,187,194,232,239,285,291,323,330,337,384,389,475,482,486,522,633,696
false 1,7,28,64,69,85,89,154,161,188,195,225,231,238,285,291,331,338,376,383,388,473,524,529,531,600,680
true 1,7,10,24,28,42,75,84,112,116,163,167,185,234,292,322,326,382,386,435,474,528,597,601,636,678,716
true 1,7,28,72,74,111,112,114,164,166,183,184,232,234,236,293,294,323,325,384,386,387,475,477,597,678,716
true 1,5,7,23,25,28,41,73,76,112,115,165,231,234,237,324,383,386,473,476,529,597,600,602,678,680,716
false 1,2,7,8,13,20,28,33,40,48,68,85,93,113,150,160,188,225,235,280,321,331,376,428,472,524,599
false 1,7,28,32,40,46,67,92,113,122,159,198,235,243,290,321,329,375,426,472,481,523,558,599,605,634,651
false 1,7,12,28,40,47,91,113,123,158,187,197,235,279,289,321,330,339,427,434,472,482,522,559,599,633,696
false 1,63,66,77,78,98,99,102,169,170,429,430,432,433,511,512,516,517,519,520,562,573,574,578,579,723,724
false 1,77,78,99,151,152,218,219,286,287,288,297,298,359,360,361,447,448,449,516,517,560,562,632,664,723,724
false 1,63,66,77,78,297,298,300,301,359,360,361,364,365,366,369,370,371,429,430,432,433,652,653,664,667,729
false 1,77,78,99,156,157,210,211,281,282,283,300,301,369,370,371,442,443,444,516,517,561,562,628,667,723,724
false 1,63,66,77,78,210,211,213,214,218,219,429,430,432,433,442,443,444,447,448,449,628,631,632,702,703,704
false 1,77,78,102,151,152,170,210,211,286,287,288,364,365,366,442,443,444,519,520,560,578,579,628,652,653,729
false 1,77,78,102,156,157,170,213,214,281,282,283,297,298,359,360,361,519,520,561,578,579,631,664,702,703,704
false 1,77,78,98,156,157,169,218,219,281,282,283,364,365,366,447,448,449,511,512,561,573,574,632,652,653,729
false 1,77,78,98,151,152,169,213,214,286,287,288,300,301,369,370,371,511,512,560,573,574,631,667,702,703,704
false 1,2,7,8,13,28,33,48,67,93,112,159,187,234,290,330,386,426,482,522,558,597,633,651,678,696,716
false 1,7,28,32,46,85,92,112,122,158,188,198,225,234,243,279,289,331,376,386,427,434,524,559,597,678,716
false 1,7,12,20,28,47,68,91,112,123,150,160,197,234,280,329,339,375,386,428,481,523,597,605,634,678,716
false 1,5,6,23,24,26,35,72,74,99,100,163,212,213,215,362,364,438,513,564,566,653,655,657,703,705,723
false 1,5,6,23,24,26,72,74,163,217,366,368,515,517,518,567,630,631,656,658,695,704,706,707,724,725,729
false 1,5,6,23,24,26,72,74,101,163,214,216,295,363,365,367,436,437,514,516,562,563,565,629,652,654,702
false 1,6,25,26,35,75,100,165,166,214,215,293,365,435,438,515,516,562,566,630,652,656,657,695,702,706,725
false 1,6,25,26,75,99,165,166,213,217,293,363,364,368,435,436,514,518,563,567,629,653,654,658,703,707,723
false 1,6,25,26,75,101,165,166,212,216,293,295,362,366,367,435,437,513,517,564,565,631,655,704,705,724,729
false 1,6,26,35,73,76,100,164,167,215,292,294,363,366,436,438,514,517,563,566,629,631,654,657,704,724,729
false 1,6,26,73,76,164,167,212,214,217,292,294,362,365,368,513,516,518,562,564,567,652,655,658,702,705,707
false 1,6,26,73,76,99,101,164,167,213,216,292,294,295,364,367,437,515,565,630,653,656,695,703,706,723,725
false 1,2,7,8,13,28,33,48,93,158,233,279,289,329,375,385,427,434,471,481,523,530,559,598,605,634,679
false 1,7,20,28,32,46,68,92,122,150,160,187,198,233,243,280,330,385,428,471,482,522,530,598,633,679,696
false 1,7,12,28,47,67,85,91,123,159,188,197,225,233,290,331,339,376,385,426,471,524,530,558,598,651,679
false 1,10,15,27,34,83,98,115,124,141,168,180,185,207,298,320,324,360,387,395,422,442,477,505,574,628,642
false 1,15,27,41,82,96,116,124,141,168,182,184,208,210,236,297,319,326,354,361,395,422,444,476,511,573,642
false 1,10,27,56,82,96,115,140,168,169,182,185,208,211,245,272,319,324,354,359,387,396,443,477,512,537,664
false 1,15,27,29,42,84,97,114,124,141,168,169,181,206,211,237,325,355,359,395,422,443,470,512,602,642,664
false 1,27,29,41,56,97,98,116,140,168,181,184,206,236,245,272,298,326,355,360,396,442,470,476,537,574,628
false 1,10,27,29,55,97,115,142,168,181,185,206,210,246,271,297,324,355,361,387,394,444,470,477,511,538,573
false 1,27,34,42,56,83,84,114,140,168,180,207,210,237,245,272,297,320,325,361,396,444,505,511,537,573,602
false 1,27,34,41,55,83,116,142,168,169,180,184,207,211,236,246,271,320,326,359,394,443,476,505,512,538,664
false 1,27,42,55,82,84,96,98,114,142,168,182,208,237,246,271,298,319,325,354,360,394,442,538,574,602,628
true 1,6,7,26,27,28,77,78,134,168,247,261,262,397,398,412,413,414,539,540,541,551,552,643,644,649,700
false 1,2,8,15,27,35,47,80,92,124,141,168,199,216,243,295,312,339,395,422,491,518,566,593,642,687,707
false 1,12,15,27,33,48,91,100,122,124,141,168,176,198,217,311,341,367,395,422,438,464,492,565,612,642,658
false 1,2,8,27,47,56,92,101,140,168,176,215,243,245,272,311,339,341,368,396,437,464,492,537,567,612,657
false 1,13,15,27,32,46,93,101,123,124,141,168,175,197,215,313,342,368,395,422,437,463,490,567,613,642,657
false 1,12,27,33,35,48,56,91,122,140,168,175,198,216,245,272,295,313,342,396,463,490,518,537,566,613,707
false 1,2,8,27,47,55,92,100,142,168,175,217,243,246,271,313,339,342,367,394,438,463,490,538,565,613,658
false 1,13,27,32,46,56,80,93,100,123,140,168,197,199,217,245,272,312,367,396,438,491,537,565,593,658,687
false 1,12,27,33,48,55,80,91,101,122,142,168,198,199,215,246,271,312,368,394,437,491,538,567,593,657,687
false 1,13,27,32,35,46,55,93,123,142,168,176,197,216,246,271,295,311,341,394,464,492,518,538,566,612,707
false 1,7,11,20,28,30,39,45,68,87,88,110,111,121,150,160,183,191,193,230,232,280,323,336,384,428,475
false 1,7,11,28,45,67,86,88,121,159,190,193,228,231,290,333,336,380,383,426,473,527,529,558,600,651,680
false 1,7,11,28,45,88,109,121,158,189,193,229,279,289,322,332,336,381,382,427,434,474,483,528,559,601,636
false 1,5,6,23,24,26,72,74,98,163,209,210,356,357,359,444,506,508,572,574,623,661,663,664,709,710,726
false 1,5,6,23,24,26,72,74,163,169,296,297,361,439,440,442,510,512,568,570,625,627,628,659,693,694,721
false 1,5,6,23,24,26,72,74,163,211,298,358,360,441,443,507,509,511,569,571,573,624,626,660,662,692,708
false 1,6,25,26,75,98,165,166,210,293,296,358,359,435,440,444,509,569,570,574,625,626,660,664,693,708,721
false 1,6,25,26,75,165,166,169,209,293,297,357,361,435,441,442,507,508,512,571,624,628,661,662,692,709,726
false 1,6,25,26,75,165,166,211,293,298,356,360,435,439,443,506,510,511,568,572,573,623,627,659,663,694,710
false 1,6,26,73,76,98,164,167,210,292,294,359,439,441,444,507,510,568,571,574,624,627,659,662,664,692,694
false 1,6,26,73,76,164,167,169,292,294,297,356,358,361,442,506,509,512,569,572,623,626,628,660,663,708,710
false 1,6,26,73,76,164,167,209,211,292,294,296,298,357,360,440,443,508,511,570,573,625,661,693,709,721,726
false 1,6,26,39,50,57,109,129,143,191,228,255,273,333,340,356,483,488,506,572,590,609,623,663,675,710,715
false 1,6,26,30,50,57,86,129,143,189,230,255,273,296,308,381,440,458,527,570,588,611,625,686,693,719,721
false 1,6,26,50,57,87,110,129,143,190,229,255,273,332,380,441,459,489,507,571,589,610,624,662,674,685,692
false 1,3,6,14,17,26,39,51,60,98,109,131,191,199,210,228,313,333,341,359,444,464,483,490,574,593,664
false 1,3,6,14,17,26,30,51,60,80,86,131,169,175,189,230,297,311,361,381,442,492,512,527,613,628,687
false 1,3,6,14,17,26,51,60,87,110,131,176,190,211,229,298,312,332,342,360,380,443,463,491,511,573,612
false 1,6,18,26,39,61,80,109,133,148,175,191,211,228,259,298,311,333,360,409,443,483,492,511,573,613,687
false 1,6,18,26,30,61,86,98,133,148,176,189,210,230,259,312,342,359,381,409,444,463,491,527,574,612,664
false 1,6,18,26,61,87,110,133,148,169,190,199,229,259,297,313,332,341,361,380,409,442,464,490,512,593,628
false 1,6,26,39,52,62,109,132,149,169,176,191,228,258,278,297,312,333,342,361,442,463,483,491,512,612,628
false 1,6,26,30,52,62,86,132,149,189,199,211,230,258,278,298,313,341,360,381,443,464,490,511,527,573,593
false 1,6,26,52,62,80,87,98,110,132,149,175,190,210,229,258,278,311,332,359,380,444,492,574,613,664,687
false 1,7,20,28,44,68,109,120,150,160,189,229,231,242,280,332,334,381,383,428,473,483,484,529,600,606,680
false 1,7,28,30,39,44,67,87,110,120,159,191,230,242,290,322,334,382,426,474,484,528,558,601,606,636,651
false 1,7,28,44,86,111,120,158,183,190,228,232,242,279,289,323,333,334,380,384,427,434,475,484,527,559,606
false 1,3,6,10,14,17,26,35,41,51,60,94,100,114,131,185,201,215,307,325,346,438,456,476,566,586,657
false 1,3,6,14,17,26,51,60,116,131,217,237,326,348,368,387,457,477,499,518,567,587,602,619,658,673,707
false 1,3,6,14,17,26,42,51,60,84,101,115,131,173,184,202,216,236,295,306,324,347,367,437,455,498,565
false 1,6,10,18,26,41,61,101,114,133,148,185,216,259,295,325,348,367,409,437,457,476,499,565,587,619,673
false 1,6,18,26,35,61,100,116,133,148,173,202,215,237,259,306,326,347,387,409,438,455,477,498,566,602,657
false 1,6,18,26,42,61,84,94,115,133,148,184,201,217,236,259,307,324,346,368,409,456,518,567,586,658,707
false 1,6,10,26,41,52,62,114,132,149,173,185,202,217,258,278,306,325,347,368,455,476,498,518,567,658,707
false 1,6,26,52,62,94,101,116,132,149,201,216,237,258,278,295,307,326,346,367,387,437,456,477,565,586,602
false 1,6,26,35,42,52,62,84,100,115,132,149,184,215,236,258,278,324,348,438,457,499,566,587,619,657,673
false 1,7,20,28,68,86,119,150,160,190,192,228,241,280,322,333,335,380,382,390,428,474,485,527,528,601,636
false 1,7,28,67,109,111,119,159,183,189,192,229,232,241,290,323,332,335,381,384,390,426,475,483,485,558,651
false 1,7,28,30,39,87,110,119,158,191,192,230,231,241,279,289,335,383,390,427,434,473,485,529,559,600,680
false 1,4,7,19,22,28,65,71,95,155,200,205,314,340,345,353,458,466,489,497,581,589,595,611,669,675,713
false 1,4,7,19,22,28,65,71,155,177,204,308,315,344,352,452,459,467,488,496,504,582,590,610,618,670,686
false 1,4,7,19,22,28,65,71,155,351,465,495,503,588,594,609,617,622,668,674,677,685,690,712,715,719,727
false 1,7,21,28,70,95,153,162,205,284,314,344,353,431,452,466,496,582,588,595,609,618,670,674,685,715,719
false 1,7,21,28,70,153,162,177,204,284,315,340,352,431,458,467,489,495,504,589,611,617,668,675,690,712,727
false 1,7,21,28,70,153,162,200,284,308,345,351,431,459,465,488,497,503,581,590,594,610,622,669,677,686,713
false 1,7,28,64,69,95,154,161,205,285,291,308,314,353,459,466,488,495,590,595,610,617,668,686,690,712,727
false 1,7,28,64,69,154,161,177,200,204,285,291,315,345,352,467,497,504,581,588,609,669,674,685,713,715,719
false 1,7,28,64,69,154,161,285,291,340,344,351,452,458,465,489,496,503,582,589,594,611,618,622,670,675,677
true 1,6,7,26,27,28,77,78,125,168,248,249,260,399,400,401,410,411,542,543,548,549,550,645,647,648,701
false 1,4,7,19,22,28,65,71,81,155,174,179,203,305,310,318,343,350,454,462,487,494,502,585,608,616,684
false 1,4,7,19,22,28,65,71,155,316,349,460,468,493,501,583,591,596,607,615,621,671,676,683,689,714,718
false 1,4,7,19,22,28,65,71,155,178,309,317,453,461,469,500,584,592,614,620,672,682,688,691,717,720,728
false 1,7,21,28,70,81,153,162,179,203,284,309,318,350,431,461,493,502,583,592,615,671,682,689,714,717,728
false 1,7,21,28,70,153,162,174,284,310,316,349,431,453,462,468,487,501,584,596,608,614,621,672,684,688,720
false 1,7,21,28,70,153,162,178,284,305,317,343,431,454,460,469,494,500,585,591,607,616,620,676,683,691,718
false 1,7,28,64,69,81,154,161,179,203,285,291,318,350,453,460,502,584,591,607,614,672,676,683,688,718,720
false 1,7,28,64,69,154,161,285,291,305,309,316,343,349,454,461,468,494,501,585,592,596,616,621,682,717,728
false 1,7,28,64,69,154,161,174,178,285,291,310,317,462,469,487,493,500,583,608,615,620,671,684,689,691,714
false 1,7,10,20,28,31,42,43,68,84,90,108,116,118,150,160,185,186,196,227,240,280,326,328,379,428,480
false 1,7,28,67,108,114,117,159,184,186,194,227,236,239,290,325,328,337,379,387,389,426,477,480,486,558,651
false 1,7,28,41,89,108,115,158,186,195,227,237,238,279,289,324,328,338,379,388,427,434,476,480,531,559,602
false 1,20,34,77,78,150,180,181,182,200,289,290,354,355,460,461,462,487,558,559,617,618,668,669,670,717,718
false 1,29,67,68,77,78,200,206,207,208,309,310,319,320,426,427,428,434,607,608,617,618,668,669,670,676,728
false 1,20,77,78,82,83,96,97,150,289,290,309,310,344,345,470,505,558,559,581,582,607,608,676,690,727,728
false 1,77,78,82,83,96,97,158,159,160,174,200,279,280,470,505,591,592,617,618,651,668,669,670,682,683,684
false 1,20,29,77,78,150,174,206,207,208,289,290,319,320,452,495,496,497,558,559,591,592,682,683,684,712,713
false 1,34,67,68,77,78,174,180,181,182,344,345,354,355,426,427,428,434,581,582,591,592,682,683,684,690,727
false 1,34,77,78,158,159,160,180,181,182,279,280,309,310,354,355,452,495,496,497,607,608,651,676,712,713,728
false 1,29,77,78,158,159,160,206,207,208,279,280,319,320,344,345,460,461,462,487,581,582,651,690,717,718,727
false 1,67,68,77,78,82,83,96,97,426,427,428,434,452,460,461,462,470,487,495,496,497,505,712,713,717,718
false 1,7,28,31,41,43,67,90,115,118,159,196,237,240,290,324,327,377,426,476,479,525,558,602,604,635,651
false 1,7,10,28,42,84,116,117,158,185,194,239,279,289,326,327,337,377,389,427,434,479,486,525,559,604,635
false 1,7,20,28,68,89,114,150,160,184,195,236,238,280,325,327,338,377,387,388,428,477,479,525,531,604,635
false 1,20,77,78,95,150,175,176,199,289,290,314,315,343,453,454,503,504,558,559,593,612,613,677,688,689,714
false 1,67,68,77,78,95,305,311,312,313,314,315,426,427,428,434,490,491,492,493,494,503,504,671,672,677,720
false 1,20,77,78,80,150,177,204,205,289,290,305,341,342,463,464,493,494,558,559,594,595,622,671,672,687,720
false 1,77,78,80,95,158,159,160,279,280,314,315,341,342,463,464,503,504,583,584,585,614,615,616,651,677,687
false 1,20,77,78,150,289,290,311,312,313,351,352,353,465,466,467,490,491,492,558,559,583,584,585,614,615,616
false 1,67,68,77,78,175,176,177,199,204,205,426,427,428,434,583,584,585,593,594,595,612,613,614,615,616,622
false 1,77,78,158,159,160,175,176,199,279,280,305,351,352,353,465,466,467,493,494,593,612,613,651,671,672,720
false 1,77,78,158,159,160,177,204,205,279,280,311,312,313,343,453,454,490,491,492,594,595,622,651,688,689,714
false 1,67,68,77,78,80,341,342,343,351,352,353,426,427,428,434,453,454,463,464,465,466,467,687,688,689,714
false 1,7,28,31,43,90,114,118,158,184,196,226,236,240,279,289,325,378,387,427,434,477,478,526,559,603,681
false 1,7,20,28,41,68,115,117,150,160,194,226,237,239,280,324,337,378,389,428,476,478,486,526,602,603,681
false 1,7,10,28,42,67,84,89,116,159,185,195,226,238,290,326,338,378,388,426,478,526,531,558,603,651,681
false 1,20,77,78,81,94,150,173,203,289,290,308,340,468,469,498,499,558,559,586,587,620,621,674,675,685,686
false 1,67,68,77,78,306,307,308,316,317,318,340,346,347,348,349,350,426,427,428,434,673,674,675,685,686,691
false 1,20,77,78,150,201,202,289,290,316,317,318,349,350,455,456,457,488,489,558,559,588,589,590,619,691,719
false 1,77,78,158,159,160,178,179,201,202,279,280,308,340,455,456,457,500,501,502,596,619,651,674,675,685,686
false 1,20,77,78,150,178,179,289,290,306,307,346,347,348,458,459,500,501,502,558,559,596,609,610,611,673,715
false 1,67,68,77,78,94,173,178,179,426,427,428,434,488,489,498,499,500,501,502,586,587,588,589,590,596,719
false 1,77,78,94,158,159,160,173,279,280,316,317,318,349,350,458,459,498,499,586,587,609,610,611,651,691,715
false 1,77,78,81,158,159,160,203,279,280,306,307,346,347,348,468,469,488,489,588,589,590,620,621,651,673,719
false 1,67,68,77,78,81,201,202,203,426,427,428,434,455,456,457,458,459,468,469,609,610,611,619,620,621,715
false 1,2,7,8,13,28,33,48,63,66,93,108,111,152,157,183,186,227,232,283,288,323,328,379,384,475,480
false 1,7,28,32,46,92,108,122,151,186,198,227,231,243,282,286,328,379,383,430,432,473,480,529,561,600,680
false 1,7,12,28,47,91,108,123,156,186,197,227,281,287,322,328,339,379,382,429,433,474,480,528,560,601,636
false 1,27,34,63,66,83,168,180,207,282,287,320,340,343,454,459,505,560,561,583,588,610,615,672,675,719,720
false 1,27,29,97,151,157,168,181,206,283,286,340,355,429,433,453,459,470,493,585,588,610,616,671,675,688,719
false 1,27,63,66,82,96,168,182,208,282,287,319,354,453,458,488,493,560,561,585,590,611,616,671,674,685,688
false 1,27,82,96,152,156,168,182,208,281,288,305,319,340,354,430,432,459,494,584,588,610,614,675,689,714,719
false 1,27,29,63,66,97,168,181,206,282,287,305,308,355,470,489,494,560,561,584,589,609,614,686,689,714,715
false 1,27,34,83,151,157,168,180,207,283,286,305,320,429,433,458,488,494,505,584,590,611,614,674,685,689,714
false 1,27,34,83,152,156,168,180,207,281,288,308,320,430,432,453,489,493,505,585,589,609,616,671,686,688,715
false 1,27,29,97,152,156,168,181,206,281,288,343,355,430,432,454,458,470,488,583,590,611,615,672,674,685,720
false 1,27,82,96,151,157,168,182,208,283,286,308,319,343,354,429,433,454,489,583,589,609,615,672,686,715,720
true 1,6,7,26,27,28,77,78,99,168,213,214,364,365,366,516,517,562,631,652,653,702,703,704,723,724,729
false 1,27,63,66,94,95,168,282,287,306,309,314,347,352,457,462,467,487,560,561,586,591,594,619,622,683,728
false 1,27,95,151,157,168,174,202,283,286,307,314,346,352,429,433,455,461,467,499,587,594,607,622,676,684,717
false 1,27,63,66,168,173,174,177,201,204,282,287,348,353,456,461,466,498,503,560,561,607,673,676,677,684,717
false 1,27,95,152,156,168,173,201,281,288,310,314,348,352,430,432,456,460,467,498,592,594,608,622,673,682,718
false 1,27,63,66,168,202,205,282,287,307,310,315,346,351,455,460,465,499,504,560,561,587,592,595,608,682,718
false 1,27,94,151,157,168,177,204,283,286,306,310,347,353,429,433,457,460,466,503,586,592,608,619,677,682,718
false 1,27,94,152,156,168,174,205,281,288,306,315,347,351,430,432,457,461,465,504,586,595,607,619,676,684,717
false 1,27,152,156,168,177,202,204,281,288,307,309,346,353,430,432,455,462,466,487,499,503,587,591,677,683,728
false 1,27,151,157,168,173,201,205,283,286,309,315,348,351,429,433,456,462,465,487,498,504,591,595,673,683,728
false 1,2,7,8,13,28,33,48,93,156,231,281,287,327,377,383,429,433,473,479,525,529,560,600,604,635,680
false 1,7,28,32,46,63,66,92,122,152,157,198,243,283,288,322,327,377,382,474,479,525,528,601,604,635,636
false 1,7,12,28,47,91,111,123,151,183,197,232,282,286,323,327,339,377,384,430,432,475,479,525,561,604,635
false 1,27,63,66,80,81,168,199,200,203,282,287,312,317,452,491,496,501,560,561,593,596,669,687,690,691,727
false 1,27,151,157,168,175,179,200,283,286,313,316,342,349,429,433,452,463,469,490,496,502,613,620,669,690,727
false 1,27,63,66,168,176,179,282,287,311,316,341,344,349,464,469,492,497,502,560,561,582,612,617,620,668,713
false 1,27,152,156,168,176,178,200,281,288,311,318,341,350,430,432,452,464,468,492,496,500,612,621,669,690,727
false 1,27,63,66,168,175,178,282,287,313,318,342,345,350,463,468,490,495,500,560,561,581,613,618,621,670,712
false 1,27,80,151,157,168,178,199,283,286,312,318,344,350,429,433,468,491,497,500,582,593,617,621,668,687,713
false 1,27,80,152,156,168,179,199,281,288,312,316,345,349,430,432,469,491,495,502,581,593,618,620,670,687,712
false 1,27,81,152,156,168,175,203,281,288,313,317,342,344,430,432,463,490,497,501,582,596,613,617,668,691,713
false 1,27,81,151,157,168,176,203,283,286,311,317,341,345,429,433,464,492,495,501,581,596,612,618,670,691,712
false 1,2,7,8,13,28,33,48,93,151,226,282,286,322,378,382,430,432,474,478,526,528,561,601,603,636,681
false 1,7,28,32,46,92,111,122,156,183,198,226,232,243,281,287,323,378,384,429,433,475,478,526,560,603,681
false 1,7,12,28,47,63,66,91,123,152,157,197,226,231,283,288,339,378,383,473,478,526,529,600,603,680,681
false 1,5,6,23,24,26,72,74,94,163,200,201,307,343,344,346,454,456,493,495,582,584,586,614,669,671,712
false 1,5,6,23,24,26,72,74,163,348,457,497,499,585,587,616,618,619,670,672,673,689,690,713,714,720,727
false 1,5,6,23,24,26,72,74,163,173,202,305,306,345,347,452,453,455,494,496,498,581,583,615,617,668,688
false 1,6,25,26,75,94,165,166,201,293,307,345,346,435,452,456,496,581,585,586,616,617,668,672,689,714,720
false 1,6,25,26,75,165,166,200,293,305,344,348,435,453,457,494,495,499,582,583,587,615,619,669,673,688,712
false 1,6,25,26,75,165,166,173,202,293,306,343,347,435,454,455,493,497,498,584,614,618,670,671,690,713,727
false 1,6,26,73,76,94,164,167,201,292,294,305,307,346,453,456,494,497,583,586,615,618,670,688,690,713,727
false 1,6,26,73,76,164,167,292,294,343,345,348,452,454,457,493,496,499,581,584,587,614,617,619,668,671,673
false 1,6,26,73,76,164,167,173,200,202,292,294,306,344,347,455,495,498,582,585,616,669,672,689,712,714,720
false 1,7,10,11,28,42,45,63,66,84,85,88,116,121,152,157,185,188,193,225,283,288,326,331,336,376,524
false 1,7,11,28,45,88,114,121,151,184,193,236,282,286,325,329,336,375,387,430,432,477,481,523,561,605,634
false 1,7,11,28,41,45,88,115,121,156,187,193,237,281,287,324,330,336,429,433,476,482,522,560,602,633,696
true 1,6,25,26,39,75,85,109,165,166,187,191,227,228,293,328,329,333,378,435,479,483,524,525,603,634,696
true 1,6,25,26,30,75,86,108,165,166,188,189,226,230,293,330,376,377,381,435,480,481,523,527,604,633,681
true 1,6,25,26,75,87,110,165,166,186,190,225,229,293,327,331,332,375,379,380,435,478,482,522,526,605,635
true 1,5,6,23,24,26,39,72,74,108,109,163,191,225,226,228,331,333,375,377,480,482,483,522,604,605,681
true 1,5,6,23,24,26,30,72,74,85,86,163,186,187,189,230,327,329,379,381,478,524,526,527,634,635,696
true 1,5,6,23,24,26,72,74,87,110,163,188,190,227,229,328,330,332,376,378,380,479,481,523,525,603,633
true 1,7,28,30,39,72,74,87,110,164,166,191,230,293,294,327,329,375,377,479,481,523,525,604,605,634,635
true 1,5,7,23,25,28,73,76,86,165,187,190,228,327,330,333,377,380,479,482,522,525,527,604,633,635,696
true 1,7,24,28,75,85,109,163,167,188,189,225,229,292,327,331,332,376,377,381,435,479,483,524,525,604,635
true 1,7,24,28,30,39,75,87,110,163,167,187,191,226,230,292,330,378,435,478,482,522,526,603,633,681,696
true 1,7,28,72,74,85,86,164,166,188,190,225,226,228,293,294,331,333,376,378,380,478,524,526,527,603,681
true 1,5,7,23,25,28,73,76,109,165,189,226,229,329,332,375,378,381,478,481,483,523,526,603,605,634,681
true 1,5,7,23,25,28,30,39,73,76,85,87,108,110,165,186,188,191,225,227,230,328,331,376,379,480,524
true 1,7,24,28,75,86,108,163,167,186,190,227,228,292,328,329,333,375,379,380,435,480,481,523,527,605,634
true 1,7,28,72,74,108,109,164,166,186,187,189,227,229,293,294,328,330,332,379,381,480,482,483,522,633,696
false 1,7,28,41,44,63,66,115,120,152,157,237,242,283,288,324,329,334,375,476,481,484,523,602,605,606,634
false 1,7,10,28,42,44,84,116,120,151,185,187,242,282,286,326,330,334,430,432,482,484,522,561,606,633,696
false 1,7,28,44,85,114,120,156,184,188,225,236,242,281,287,325,331,334,376,387,429,433,477,484,524,560,606
false 1,6,26,50,52,57,59,62,73,76,129,132,143,146,149,164,167,255,258,273,276,278,292,294,406,546,646
false 1,6,16,25,26,52,58,62,75,128,132,144,145,149,165,166,253,257,258,274,278,293,404,408,423,435,547
false 1,5,6,23,24,26,52,62,72,74,130,132,147,149,163,254,256,258,275,277,278,405,407,424,425,545,557
true 1,3,4,7,14,15,18,19,22,28,49,52,53,56,62,65,71,124,127,133,136,142,155,246,252,265,396
true 1,4,7,19,22,28,51,60,65,71,126,132,140,148,155,245,251,259,263,271,278,395,403,415,422,538,553
true 1,4,7,17,19,22,28,55,61,65,71,131,135,141,149,155,250,258,264,272,394,402,409,416,537,544,642
true 1,3,7,14,18,21,28,52,55,62,70,126,133,141,153,162,251,263,272,284,394,403,415,431,537,553,642
true 1,7,15,21,28,51,56,60,70,124,132,135,142,148,153,162,246,250,259,264,278,284,396,402,416,431,544
true 1,7,17,21,28,49,53,61,70,127,131,136,140,149,153,162,245,252,258,265,271,284,395,409,422,431,538
true 1,3,7,14,18,28,52,62,64,69,133,135,140,154,161,245,250,264,271,285,291,395,402,416,422,538,544
true 1,7,28,49,51,53,55,60,64,69,127,132,136,141,148,154,161,252,259,265,272,278,285,291,394,537,642
true 1,7,15,17,28,56,61,64,69,124,126,131,142,149,154,161,246,251,258,263,285,291,396,403,409,415,553
true 1,3,4,6,14,15,17,19,21,26,49,51,53,55,60,64,69,124,126,131,135,140,153,245,250,263,394
true 1,3,6,14,17,22,26,51,56,60,70,127,131,141,155,161,251,265,271,285,396,402,416,431,538,553,642
true 1,3,6,14,17,26,51,60,65,71,131,136,142,154,162,246,252,264,272,284,291,395,403,415,422,537,544
true 1,4,6,18,19,21,26,56,61,64,69,133,136,141,148,153,252,259,264,271,396,403,409,415,538,544,642
true 1,6,18,22,26,49,53,61,70,126,133,135,142,148,155,161,246,250,259,263,272,285,395,409,422,431,537
true 1,6,15,18,26,55,61,65,71,124,127,133,140,148,154,162,245,251,259,265,284,291,394,402,409,416,553
true 1,4,6,19,21,26,52,62,64,69,127,132,142,149,153,246,251,258,265,272,278,395,402,416,422,537,553
true 1,6,15,22,26,52,55,62,70,124,132,136,140,149,155,161,245,252,258,264,278,285,394,403,415,431,544
true 1,6,26,49,52,53,56,62,65,71,126,132,135,141,149,154,162,250,258,263,271,278,284,291,396,538,642
true 1,3,4,14,15,19,27,49,53,61,70,124,132,141,154,168,251,264,278,291,395,409,422,431,544,553,642
true 1,15,17,22,27,52,62,64,69,124,126,131,136,141,148,155,162,168,252,259,263,284,395,402,416,422,642
true 1,4,18,19,27,51,56,60,70,126,133,136,140,149,154,168,245,252,258,263,272,291,396,402,416,431,537
true 1,15,18,21,27,51,60,65,71,124,127,133,135,141,149,153,161,168,250,258,265,285,395,403,415,422,642
true 1,3,14,22,27,56,61,64,69,127,132,135,140,155,162,168,245,250,265,272,278,284,396,403,409,415,537
true 1,4,17,19,27,52,55,62,70,127,131,135,142,148,154,168,246,250,259,265,271,291,394,403,415,431,538
true 1,17,21,27,49,52,53,56,62,65,71,131,140,148,153,161,168,245,251,259,264,272,285,396,537,544,553
true 1,18,22,27,49,51,53,55,60,64,69,133,142,149,155,162,168,246,251,258,264,271,284,394,538,544,553
true 1,3,14,21,27,55,61,65,71,126,132,136,142,153,161,168,246,252,263,271,278,285,394,402,409,416,538
true 1,3,4,14,15,19,49,53,77,78,124,148,149,161,162,258,259,271,272,284,285,402,403,415,416,537,538
true 1,17,18,21,22,49,53,77,78,131,132,133,140,141,142,153,154,155,245,246,278,291,402,403,415,416,642
true 1,4,19,51,52,60,61,62,77,78,126,127,140,141,142,161,162,245,246,263,264,265,284,285,409,544,642
true 1,49,51,52,53,55,56,60,61,62,64,65,69,70,71,77,78,394,395,396,402,403,409,415,416,422,431
true 1,3,14,21,22,55,56,77,78,126,127,148,149,153,154,155,258,259,263,264,265,291,394,395,396,422,544
true 1,4,17,18,19,55,56,77,78,131,132,133,135,136,161,162,250,251,252,278,284,285,394,395,396,422,553
true 1,15,17,18,64,65,69,70,71,77,78,124,126,127,131,132,133,263,264,265,271,272,278,431,537,538,544
true 1,15,21,22,51,52,60,61,62,77,78,124,135,136,153,154,155,250,251,252,271,272,291,409,537,538,553
true 1,3,14,64,65,69,70,71,77,78,135,136,140,141,142,148,149,245,246,250,251,252,258,259,431,553,642
true 1,6,7,26,27,28,77,78,168,212,362,363,436,513,514,515,563,564,629,630,654,655,656,695,705,706,725
false 1,2,4,7,8,10,13,19,22,28,30,33,39,42,48,65,71,84,87,93,110,116,155,185,191,230,326
false 1,4,7,19,22,28,32,46,65,71,86,92,114,122,155,184,190,198,228,236,243,325,333,380,387,477,527
false 1,4,7,12,19,22,28,41,47,65,71,91,109,115,123,155,189,197,229,237,324,332,339,381,476,483,602
false 1,2,7,8,13,21,28,33,41,48,70,86,93,115,153,162,190,228,237,284,324,333,380,431,476,527,602
false 1,7,10,21,28,32,42,46,70,84,92,109,116,122,153,162,185,189,198,229,243,284,326,332,381,431,483
false 1,7,12,21,28,30,39,47,70,87,91,110,114,123,153,162,184,191,197,230,236,284,325,339,387,431,477
false 1,2,7,8,13,28,33,48,64,69,93,109,114,154,161,184,189,229,236,285,291,325,332,381,387,477,483
false 1,7,28,30,32,39,41,46,64,69,87,92,110,115,122,154,161,191,198,230,237,243,285,291,324,476,602
false 1,7,10,12,28,42,47,64,69,84,86,91,116,123,154,161,185,190,197,228,285,291,326,333,339,380,527
false 1,7,28,63,66,114,119,152,157,184,187,192,236,241,283,288,325,330,335,387,390,477,482,485,522,633,696
false 1,7,28,41,85,115,119,151,188,192,225,237,241,282,286,324,331,335,376,390,430,432,476,485,524,561,602
false 1,7,10,28,42,84,116,119,156,185,192,241,281,287,326,329,335,375,390,429,433,481,485,523,560,605,634
false 1,5,6,23,24,26,72,74,163,199,313,340,341,462,464,487,488,490,590,592,593,607,609,675,676,682,715
false 1,5,6,23,24,26,72,74,80,163,174,175,308,309,311,458,460,492,588,611,613,684,686,687,718,719,728
false 1,5,6,23,24,26,72,74,163,176,310,312,342,459,461,463,489,491,589,591,608,610,612,674,683,685,717
false 1,6,25,26,75,165,166,174,199,293,309,313,341,435,459,460,464,489,490,589,593,610,674,684,685,718,728
false 1,6,25,26,75,80,165,166,175,293,310,311,340,435,461,488,492,590,591,608,609,613,675,683,687,715,717
false 1,6,25,26,75,165,166,176,293,308,312,342,435,458,462,463,487,491,588,592,607,611,612,676,682,686,719
false 1,6,26,73,76,164,167,199,292,294,308,310,313,341,458,461,464,490,588,591,593,608,611,683,686,717,719
false 1,6,26,73,76,80,164,167,175,292,294,311,459,462,487,489,492,589,592,607,610,613,674,676,682,685,687
false 1,6,26,73,76,164,167,174,176,292,294,309,312,340,342,460,463,488,491,590,609,612,675,684,715,718,728
false 1,7,28,30,31,39,40,43,63,66,87,90,110,113,118,152,157,191,196,230,235,240,283,288,321,472,599
false 1,7,28,40,86,113,117,151,190,194,228,235,239,282,286,321,333,337,380,389,430,432,472,486,527,561,599
false 1,7,28,40,89,109,113,156,189,195,229,235,238,281,287,321,332,338,381,388,429,433,472,483,531,560,599
false 1,39,77,78,99,134,189,190,191,316,317,318,349,350,380,381,397,398,516,517,551,552,562,691,700,723,724
false 1,30,77,78,81,134,203,228,229,230,332,333,364,365,366,397,398,468,469,551,552,620,621,652,653,700,729
false 1,39,77,78,178,179,189,190,191,364,365,366,380,381,412,413,414,500,501,502,539,540,541,596,652,653,729
false 1,77,78,86,87,109,110,134,178,179,213,214,397,398,483,500,501,502,527,551,552,596,631,700,702,703,704
false 1,30,77,78,213,214,228,229,230,316,317,318,332,333,349,350,412,413,414,539,540,541,631,691,702,703,704
false 1,39,77,78,81,189,190,191,203,213,214,247,261,262,380,381,468,469,620,621,631,643,644,649,702,703,704
false 1,77,78,81,86,87,99,109,110,203,412,413,414,468,469,483,516,517,527,539,540,541,562,620,621,723,724
false 1,30,77,78,99,178,179,228,229,230,247,261,262,332,333,500,501,502,516,517,562,596,643,644,649,723,724
false 1,77,78,86,87,109,110,247,261,262,316,317,318,349,350,364,365,366,483,527,643,644,649,652,653,691,729
false 1,7,28,31,43,86,90,112,118,156,190,196,228,234,240,281,287,333,380,386,429,433,527,560,597,678,716
false 1,7,28,63,66,109,112,117,152,157,189,194,229,234,239,283,288,332,337,381,386,389,483,486,597,678,716
false 1,7,28,30,39,87,89,110,112,151,191,195,230,234,238,282,286,338,386,388,430,432,531,561,597,678,716
false 1,6,10,26,41,50,57,114,129,143,185,200,212,255,273,325,344,362,476,495,513,564,582,655,669,705,712
false 1,6,26,50,57,116,129,143,237,255,273,326,387,477,497,515,602,618,630,656,670,690,695,706,713,725,727
false 1,6,26,42,50,57,84,115,129,143,184,236,255,273,324,345,363,436,452,496,514,563,581,617,629,654,668
false 1,6,10,26,41,114,144,185,257,274,325,363,408,423,436,476,497,514,547,563,618,629,654,670,690,713,727
false 1,6,26,116,144,212,237,257,274,326,345,362,387,408,423,452,477,496,513,547,564,581,602,617,655,668,705
false 1,6,26,42,84,115,144,184,200,236,257,274,324,344,408,423,495,515,547,582,630,656,669,695,706,712,725
false 1,6,10,26,41,114,130,185,256,275,325,345,407,424,452,476,496,515,557,581,617,630,656,668,695,706,725
false 1,6,26,116,130,200,237,256,275,326,344,363,387,407,424,436,477,495,514,557,563,582,602,629,654,669,712
false 1,6,26,42,84,115,130,184,212,236,256,275,324,362,407,424,497,513,557,564,618,655,670,690,705,713,727
true 1,6,7,26,27,28,77,78,137,168,244,266,267,392,393,417,418,419,534,535,536,554,555,640,641,650,699
false 1,6,16,18,26,58,61,73,76,128,130,133,145,148,164,167,253,256,259,275,292,294,404,407,409,424,557
false 1,6,18,25,26,50,57,61,75,129,133,143,147,148,165,166,254,255,259,273,277,293,405,409,425,435,545
false 1,5,6,18,23,24,26,59,61,72,74,133,144,146,148,163,257,259,274,276,406,408,409,423,546,547,646
false 1,3,6,14,17,26,51,60,73,76,131,144,147,164,167,254,257,274,277,292,294,405,408,423,425,545,547
false 1,3,6,14,17,25,26,51,59,60,75,130,131,146,165,166,256,275,276,293,406,407,424,435,546,557,646
true 1,6,7,26,27,28,77,78,168,308,340,458,459,488,489,588,589,590,609,610,611,674,675,685,686,715,719
false 1,3,5,6,14,16,17,23,24,26,50,51,57,58,60,72,74,128,129,131,143,145,163,253,255,273,404
false 1,7,28,31,43,90,109,118,151,189,196,229,233,240,282,286,332,381,385,430,432,471,483,530,561,598,679
false 1,7,28,30,39,87,110,117,156,191,194,230,233,239,281,287,337,385,389,429,433,471,486,530,560,598,679
false 1,7,28,63,66,86,89,152,157,190,195,228,233,238,283,288,333,338,380,385,388,471,527,530,531,598,679
true 1,3,11,14,77,78,88,103,104,148,149,241,242,258,259,351,352,353,445,446,465,466,467,484,485,521,711
true 1,3,14,36,77,78,119,120,121,148,149,177,192,193,204,205,258,259,372,373,575,576,577,594,595,606,622
true 1,11,36,51,52,60,61,62,77,78,88,95,241,242,314,315,372,373,409,484,485,503,504,575,576,577,677
true 1,3,14,44,45,77,78,95,148,149,220,221,222,258,259,299,314,315,334,335,336,390,503,504,665,666,677
true 1,51,52,60,61,62,77,78,119,120,121,192,193,220,221,222,299,351,352,353,409,465,466,467,606,665,666
true 1,11,17,18,77,78,88,131,132,133,177,204,205,220,221,222,241,242,278,299,484,485,594,595,622,665,666
true 1,44,45,51,52,60,61,62,77,78,103,104,177,204,205,334,335,336,390,409,445,446,521,594,595,622,711
true 1,17,18,77,78,95,103,104,119,120,121,131,132,133,192,193,278,314,315,445,446,503,504,521,606,677,711
true 1,17,18,36,44,45,77,78,131,132,133,278,334,335,336,351,352,353,372,373,390,465,466,467,575,576,577
true 1,3,11,14,27,61,88,103,120,132,168,205,222,278,315,335,351,372,390,409,445,465,504,577,595,606,665
true 1,3,14,27,44,61,95,104,121,132,168,193,220,241,278,299,314,334,352,373,409,467,485,576,594,622,711
true 1,11,18,27,36,51,60,88,95,120,133,149,168,221,258,314,335,352,390,446,467,521,575,594,606,622,666
true 1,3,14,27,36,45,61,119,132,168,177,192,204,221,242,278,336,353,409,446,466,484,503,521,575,666,677
true 1,18,27,44,51,60,103,121,133,149,168,177,193,204,222,241,258,334,353,372,445,466,485,503,577,665,677
true 1,11,17,27,52,62,88,104,120,131,148,168,177,204,220,259,299,335,353,373,390,466,503,576,606,677,711
true 1,18,27,45,51,60,104,119,133,149,168,192,205,220,242,258,299,315,336,351,373,465,484,504,576,595,711
true 1,17,27,36,44,52,62,121,131,148,168,193,205,221,241,259,315,334,351,446,465,485,504,521,575,595,666
true 1,17,27,45,52,62,95,103,119,131,148,168,192,222,242,259,314,336,352,372,445,467,484,577,594,622,665
true 1,6,11,26,44,52,62,88,119,132,149,192,205,222,258,278,334,352,373,446,467,503,521,576,595,665,677
true 1,6,26,52,62,95,104,121,132,149,177,193,204,221,242,258,278,314,335,351,372,390,465,484,577,666,711
true 1,6,26,36,45,52,62,103,120,132,149,220,241,258,278,299,315,336,353,445,466,485,504,575,594,606,622
true 1,6,7,26,27,28,77,78,168,305,343,453,454,493,494,583,584,585,614,615,616,671,672,688,689,714,720
true 1,6,11,18,26,44,61,88,104,119,133,148,192,221,259,315,334,353,372,409,466,504,577,594,622,666,711
true 1,6,18,26,36,61,103,121,133,148,193,205,220,242,259,299,335,352,390,409,445,467,484,503,575,595,677
true 1,6,18,26,45,61,95,120,133,148,177,204,222,241,259,314,336,351,373,409,446,465,485,521,576,606,665
true 1,3,6,11,14,17,26,36,44,51,60,88,95,103,119,131,177,192,204,220,299,314,334,351,445,465,575
true 1,3,6,14,17,26,51,60,121,131,193,222,242,315,335,353,373,390,446,466,484,504,521,576,594,622,665
true 1,3,6,14,17,26,45,51,60,104,120,131,205,221,241,336,352,372,467,485,503,577,595,606,666,677,711
true 1,3,7,14,18,28,36,52,62,104,119,133,177,192,204,222,241,315,335,352,390,467,485,504,575,665,711
true 1,7,28,51,60,119,132,148,192,220,241,259,278,299,335,351,372,390,446,465,485,503,521,577,594,622,677
true 1,7,17,28,61,95,103,119,131,149,192,205,221,241,258,314,335,353,373,390,409,445,466,485,576,595,666
true 1,3,7,14,18,28,44,52,62,95,120,133,205,220,242,299,314,334,353,372,446,466,484,521,577,595,606
true 1,7,28,44,51,60,103,120,132,148,177,204,221,242,259,278,315,334,352,373,445,467,484,504,576,606,666
true 1,7,17,28,36,44,61,104,120,131,149,222,242,258,334,351,409,465,484,503,575,594,606,622,665,677,711
true 1,3,7,11,14,18,28,45,52,62,88,103,121,133,193,221,336,351,373,445,465,503,576,594,622,666,677
true 1,7,11,28,36,45,51,60,88,95,104,121,132,148,193,205,222,259,278,314,336,353,466,575,595,665,711
true 1,7,11,17,28,45,61,88,121,131,149,177,193,204,220,258,299,315,336,352,372,409,446,467,504,521,577
true 1,6,7,26,27,28,77,78,168,200,344,345,452,495,496,497,581,582,617,618,668,669,670,690,712,713,727
true 1,6,7,26,27,28,77,78,168,209,357,358,439,508,509,510,568,569,626,627,659,660,661,694,708,709,726
true 1,5,10,23,40,77,78,111,166,167,184,185,236,237,292,293,322,323,385,386,471,472,528,529,602,680,716
true 1,24,25,40,77,78,114,115,116,163,164,165,183,231,232,294,324,325,326,385,386,471,472,600,601,636,716
true 1,5,23,77,78,114,115,116,166,167,233,234,235,292,293,324,325,326,382,383,384,473,474,475,597,598,599
true 1,40,41,42,72,73,74,75,76,77,78,84,382,383,384,385,386,387,435,471,472,473,474,475,476,477,716
true 1,24,25,41,42,77,78,84,111,163,164,165,233,234,235,294,322,323,387,476,477,528,529,597,598,599,680
true 1,5,23,41,42,77,78,84,112,113,166,167,183,231,232,292,293,321,387,476,477,530,600,601,636,678,679
true 1,10,72,73,74,75,76,77,78,183,184,185,231,232,233,234,235,236,237,435,597,598,599,600,601,602,636
true 1,10,24,25,77,78,112,113,163,164,165,184,185,236,237,294,321,382,383,384,473,474,475,530,602,678,679
true 1,72,73,74,75,76,77,78,111,112,113,114,115,116,321,322,323,324,325,326,435,528,529,530,678,679,680
true 1,5,10,23,27,40,75,111,115,164,168,185,234,294,323,324,383,387,435,472,473,477,530,597,601,636,679
true 1,24,27,40,42,73,76,84,114,163,166,168,231,234,237,293,322,325,384,472,475,528,530,597,600,602,679
true 1,5,23,27,41,75,112,116,164,168,184,231,235,236,294,322,326,384,385,435,471,475,476,528,599,600,678
true 1,25,27,40,41,72,74,116,165,167,168,183,184,232,234,236,292,326,382,472,474,476,529,530,597,679,680
true 1,10,24,27,73,76,112,115,163,166,168,183,185,232,235,293,324,382,385,387,471,474,477,529,599,678,680
true 1,5,23,27,42,75,84,113,114,164,168,183,232,233,237,294,321,325,382,386,435,474,529,598,602,680,716
true 1,25,27,42,72,74,84,111,112,114,165,167,168,235,237,292,323,325,383,385,471,473,599,601,602,636,678
true 1,24,27,41,73,76,111,113,116,163,166,168,184,233,236,293,321,323,326,383,386,473,476,598,601,636,716
true 1,10,25,27,72,74,113,115,165,167,168,185,231,233,292,321,322,324,384,386,387,475,477,528,598,600,716
true 1,6,10,26,41,73,76,114,164,167,183,185,232,235,292,294,322,325,383,386,473,476,528,530,599,679,716
true 1,6,26,73,76,111,113,116,164,167,231,234,237,292,294,321,323,326,382,385,387,471,474,477,597,600,602
true 1,6,26,40,42,73,76,84,112,115,164,167,184,233,236,292,294,324,384,472,475,529,598,601,636,678,680
true 1,6,10,25,26,41,75,113,114,165,166,185,234,293,321,325,384,385,435,471,475,476,529,597,601,636,680
true 1,6,25,26,40,75,112,116,165,166,183,232,233,237,293,322,326,383,387,435,472,473,477,528,598,602,678
true 1,6,25,26,42,75,84,111,115,165,166,184,231,235,236,293,323,324,382,386,435,474,530,599,600,679,716
true 1,6,7,26,27,28,77,78,168,296,356,440,441,506,507,570,571,572,623,624,625,662,663,692,693,710,721
true 1,5,6,10,23,24,26,40,41,72,74,111,112,114,163,185,231,233,323,325,382,472,474,476,598,600,678
true 1,5,6,23,24,26,72,74,116,163,235,237,326,384,386,387,475,477,529,530,599,601,602,636,679,680,716
true 1,5,6,23,24,26,42,72,74,84,113,115,163,183,184,232,234,236,321,322,324,383,385,471,473,528,597
true 1,7,10,28,42,72,74,84,116,164,166,185,231,233,293,294,326,383,385,471,473,529,530,598,600,679,680
true 1,5,7,23,25,28,73,76,114,165,184,233,236,322,325,382,385,387,471,474,477,528,530,598,601,636,679
true 1,7,24,28,41,75,111,115,163,167,183,232,233,237,292,323,324,384,385,435,471,475,476,530,598,602,679
false 1,35,36,63,66,77,78,356,367,368,372,373,429,430,432,433,565,566,567,570,571,572,575,576,577,692,693
false 1,36,77,78,151,152,215,216,217,286,287,288,295,372,373,440,441,506,507,560,575,576,577,657,658,710,721
false 1,63,66,77,78,215,216,217,220,221,222,295,296,299,429,430,432,433,623,624,625,657,658,662,663,665,666
false 1,36,77,78,100,101,156,157,281,282,283,296,372,373,437,438,518,561,575,576,577,623,624,625,662,663,707
false 1,63,66,77,78,100,101,103,104,429,430,432,433,437,438,440,441,445,446,506,507,518,521,707,710,711,721
false 1,77,78,100,101,151,152,220,221,222,286,287,288,299,356,437,438,518,560,570,571,572,665,666,692,693,707
false 1,77,78,103,104,156,157,215,216,217,281,282,283,295,356,445,446,521,561,570,571,572,657,658,692,693,711
false 1,35,77,78,156,157,220,221,222,281,282,283,299,367,368,440,441,506,507,561,565,566,567,665,666,710,721
false 1,35,77,78,103,104,151,152,286,287,288,296,367,368,445,446,521,560,565,566,567,623,624,625,662,663,711
true 1,5,7,10,23,25,28,40,42,73,76,84,111,113,116,165,183,185,232,235,321,323,326,384,472,475,599
true 1,7,24,28,40,75,113,114,163,167,184,231,235,236,292,321,325,383,387,435,472,473,477,529,599,600,680
true 1,7,28,40,41,72,74,113,115,164,166,235,237,293,294,321,322,324,382,472,474,476,528,599,601,602,636
