979200 85
153 306 612
2
0 1 2 3 4 5 7 8 6 13 15 16 14 17 19 20 18 9 11 12 10 21 23 24 22 29 31 32 30 33 35 36 34 25 27 28 26 37 39 40 38 45 47 48 46 49 51 52 50 41 43 44 42 53 55 56 54 61 63 64 62 65 67 68 66 57 59 60 58 69 71 72 70 77 79 80 78 81 83 84 82 73 75 76 74
5 6 0 7 8 21 37 53 69 38 22 70 54 55 71 23 39 72 56 40 24 41 25 73 57 26 42 58 74 75 59 43 27 60 76 28 44 9 1 13 17 2 10 20 15 16 18 11 3 19 14 4 12 61 29 45 77 31 63 79 47 48 80 64 32 78 46 30 62 81 33 65 49 36 84 52 68 66 50 82 34 51 67 35 83
325
2 1
6 25 42 59 76 8 0 7 5 44 27 74 57 75 26 60 41 58 28 43 73 33 50 67 84 1 14 10 18 29 63 80 46 21 72 38 55 52 35 82 65 16 2 19 9 62 32 47 77 71 22 56 37 66 81 36 51 12 17 3 15 79 45 30 64 40 53 23 70 83 68 49 34 20 11 13 4 48 78 61 31 54 39 69 24
2 1
0 14 16 15 13 5 6 7 8 19 18 20 17 4 1 3 2 12 10 9 11 72 71 70 69 25 26 27 28 63 64 61 62 50 49 52 51 56 55 54 53 41 42 43 44 79 80 77 78 34 33 36 35 40 39 38 37 57 58 59 60 31 32 29 30 82 81 84 83 24 23 22 21 73 74 75 76 47 48 45 46 66 65 68 67
2 1
63 37 36 20 74 23 83 9 43 7 30 77 48 72 14 25 50 54 60 65 3 31 79 5 47 15 26 69 52 84 10 21 42 58 68 53 2 1 59 55 67 45 32 8 78 41 82 24 12 49 16 70 28 35 17 39 75 76 33 38 18 62 61 0 64 19 73 40 34 27 51 71 13 66 4 56 57 11 44 22 81 80 46 6 29
3 1
2 1 4 3 0 50 45 44 39 38 41 48 51 46 49 40 43 42 37 52 47 32 22 25 35 36 26 21 31 24 30 33 27 28 34 29 23 75 78 72 81 83 70 80 73 79 74 84 69 71 82 76 77 53 58 63 68 65 62 59 56 57 54 67 64 61 66 55 60 11 17 14 8 7 13 18 12 19 9 6 16 15 5 10 20
3 1
27 78 40 65 10 57 6 74 44 23 31 1 35 18 48 82 53 52 61 70 14 47 55 83 17 7 41 76 58 29 36 4 22 64 16 69 50 72 62 15 49 75 5 43 59 81 46 56 20 2 30 33 24 34 3 32 21 42 73 8 60 13 71 63 51 54 84 45 19 12 68 38 77 28 25 26 0 37 11 66 80 67 39 9 79
4 2
74 81 80 71 4 57 6 44 27 29 51 11 56 13 66 22 46 37 36 63 20 21 15 68 47 41 59 8 28 9 30 50 54 61 40 35 18 17 38 62 34 25 60 43 7 45 16 24 67 53 31 10 52 49 32 55 12 5 58 26 42 33 39 19 64 65 14 48 23 77 83 3 72 73 0 76 75 69 84 79 2 1 82 70 78
75 77 70 84 4 41 6 26 60 53 32 11 50 13 47 67 23 33 62 40 20 21 48 16 66 57 7 42 28 49 30 56 10 17 63 35 39 61 38 36 19 5 27 43 59 45 68 14 22 29 12 54 52 9 51 55 31 25 58 44 8 37 18 34 64 65 24 15 46 81 2 78 72 73 76 0 74 1 71 79 83 69 82 80 3
4 2
2 3 0 1 4 40 43 46 49 42 37 52 47 45 50 39 44 51 48 41 38 65 62 59 56 63 68 53 58 60 55 66 61 54 57 64 67 10 20 15 5 19 9 6 16 13 7 12 18 8 14 17 11 27 33 30 24 34 28 23 29 32 22 25 35 21 31 36 26 78 75 81 72 73 80 70 83 84 69 79 74 71 82 76 77
3 2 1 0 4 56 58 61 67 62 68 55 57 65 63 60 54 59 53 66 64 45 42 51 40 50 37 48 43 39 52 41 46 44 47 38 49 26 35 29 24 31 22 28 33 21 32 34 27 36 25 23 30 18 16 11 5 12 6 17 15 7 9 14 20 13 19 8 10 83 77 74 72 73 71 84 78 70 76 79 81 80 82 69 75
4 2
72 50 25 63 14 12 47 57 34 56 40 24 5 73 4 79 82 31 41 19 66 45 35 58 11 2 81 78 75 44 68 17 32 39 8 22 53 59 46 33 10 18 42 67 29 21 38 6 55 80 1 84 76 36 60 48 9 7 23 37 54 83 77 3 74 65 20 43 30 70 69 71 0 13 64 28 52 62 27 15 49 26 16 61 51
44 79 16 54 33 64 9 24 84 6 27 57 74 45 39 50 2 30 67 19 69 73 59 26 7 82 23 10 61 72 17 68 32 4 51 37 46 35 53 14 78 43 42 41 0 13 36 56 80 55 15 34 77 38 3 49 47 11 81 22 63 28 76 60 5 65 70 18 31 20 66 71 29 21 12 83 62 52 40 1 48 58 25 75 8
4 2
15 37 31 84 58 32 83 38 57 59 30 40 81 16 14 0 13 82 60 39 29 36 79 42 53 63 26 52 69 20 10 2 5 74 68 47 21 1 7 19 11 45 23 76 66 41 54 35 80 49 72 62 27 24 46 65 75 8 4 9 18 70 51 25 64 55 44 77 34 28 61 71 50 78 33 56 43 67 73 22 48 12 17 6 3
13 45 21 73 65 48 68 24 76 47 75 67 23 0 14 16 15 46 22 74 66 2 18 12 7 50 26 70 62 44 56 36 80 39 83 59 31 41 53 33 77 37 81 57 29 1 17 9 5 49 25 69 61 38 82 58 30 43 55 35 79 52 28 72 64 4 20 11 6 51 27 71 63 3 19 10 8 40 84 60 32 42 54 34 78
4 2
21 9 61 41 81 5 53 37 69 1 29 25 33 17 49 77 57 13 73 65 45 0 24 23 22 11 64 43 82 10 84 63 42 12 44 83 62 7 56 39 70 3 32 27 34 20 52 79 58 14 76 67 46 6 72 55 38 16 48 75 66 2 36 31 26 19 60 51 78 8 40 71 54 18 80 59 50 15 68 47 74 4 28 35 30
51 56 11 29 74 23 79 59 17 38 41 2 48 69 14 62 28 8 34 65 84 67 83 5 35 61 26 72 16 3 45 40 42 58 18 24 77 75 9 55 31 10 32 54 73 30 76 53 12 49 52 0 50 47 43 39 1 82 33 7 68 25 15 70 64 19 78 21 60 13 63 71 27 44 4 37 46 36 66 6 81 80 57 22 20
4 2
63 37 36 20 74 23 83 9 43 7 30 77 48 72 14 25 50 54 60 65 3 31 79 5 47 15 26 69 52 84 10 21 42 58 68 53 2 1 59 55 67 45 32 8 78 41 82 24 12 49 16 70 28 35 17 39 75 76 33 38 18 62 61 0 64 19 73 40 34 27 51 71 13 66 4 56 57 11 44 22 81 80 46 6 29
13 45 21 73 65 48 68 24 76 47 75 67 23 0 14 16 15 46 22 74 66 2 18 12 7 50 26 70 62 44 56 36 80 39 83 59 31 41 53 33 77 37 81 57 29 1 17 9 5 49 25 69 61 38 82 58 30 43 55 35 79 52 28 72 64 4 20 11 6 51 27 71 63 3 19 10 8 40 84 60 32 42 54 34 78
4 2
21 13 45 73 65 5 53 37 69 17 77 57 49 1 33 29 25 9 41 81 61 0 24 23 22 16 48 75 66 15 68 47 74 14 76 67 46 7 56 39 70 18 80 59 50 2 36 31 26 12 44 83 62 6 72 55 38 11 64 43 82 20 52 79 58 4 28 35 30 8 40 71 54 3 32 27 34 10 84 63 42 19 60 51 78
56 83 45 18 26 5 72 40 24 35 77 16 42 51 74 29 11 67 3 58 61 38 69 23 8 57 4 63 66 15 78 43 33 32 76 9 52 70 21 39 7 73 12 31 50 2 62 59 65 80 44 13 36 54 53 55 0 25 19 47 82 20 46 27 81 48 28 17 84 22 37 71 6 41 14 79 34 10 30 75 49 64 60 1 68
4 2
76 78 69 83 4 49 11 31 54 59 25 6 42 20 39 61 34 24 68 48 13 40 36 64 17 10 55 29 50 27 41 7 58 65 16 47 22 46 67 14 21 30 12 53 51 62 37 35 19 5 28 44 60 43 8 26 57 56 32 9 52 15 45 66 23 33 63 38 18 2 82 71 77 75 74 73 0 72 1 84 80 81 70 3 79
69 83 76 78 4 14 51 62 28 30 67 44 19 37 5 21 53 60 35 12 46 15 63 26 52 38 23 56 8 57 9 45 33 32 43 18 66 13 25 49 61 59 48 34 11 31 20 68 42 39 54 6 24 16 50 64 27 29 65 41 17 40 7 22 55 58 36 10 47 0 72 71 70 84 74 79 2 82 3 75 80 81 77 1 73
4 2
20 33 40 62 75 38 73 64 35 63 37 74 36 76 61 39 34 18 17 19 0 25 54 83 48 21 79 52 58 29 44 66 71 1 16 8 12 10 5 15 2 72 65 43 30 59 49 78 24 46 81 56 27 80 22 57 51 55 28 45 82 14 3 9 7 42 31 69 68 67 70 32 41 6 11 4 13 84 47 26 53 50 60 23 77
41 51 2 48 38 75 6 60 26 9 81 21 61 55 36 78 16 31 66 19 72 11 84 23 62 74 8 59 28 29 65 17 69 56 34 79 14 50 4 47 40 0 44 43 42 52 46 39 3 49 37 1 45 53 77 13 33 76 58 27 7 12 24 63 82 30 18 71 68 32 70 67 20 73 25 5 57 54 15 35 80 10 64 83 22
4 2
63 37 36 20 74 23 83 9 43 7 30 77 48 72 14 25 50 54 60 65 3 31 79 5 47 15 26 69 52 84 10 21 42 58 68 53 2 1 59 55 67 45 32 8 78 41 82 24 12 49 16 70 28 35 17 39 75 76 33 38 18 62 61 0 64 19 73 40 34 27 51 71 13 66 4 56 57 11 44 22 81 80 46 6 29
31 7 62 45 80 23 35 1 27 37 84 15 58 54 49 11 76 72 66 19 41 63 47 5 79 77 64 8 46 30 29 0 32 48 78 6 61 9 75 55 51 20 42 69 68 3 28 22 33 14 57 40 82 83 13 39 59 50 12 56 73 36 2 21 26 65 18 70 44 43 67 71 17 60 81 38 16 25 34 24 4 74 52 53 10
4 2
60 24 80 17 52 26 6 41 75 29 39 82 15 35 69 12 46 3 54 63 65 64 56 68 1 44 5 76 28 9 72 48 36 84 40 13 32 71 45 10 34 7 74 43 25 38 16 81 31 53 67 62 4 49 18 79 22 59 58 57 0 78 51 19 21 20 77 50 23 14 83 37 30 73 42 8 27 66 61 55 2 47 11 70 33
23 1 27 35 31 9 43 83 63 5 39 71 55 17 51 79 59 13 47 75 67 22 21 0 24 34 29 2 28 26 33 4 32 30 25 3 36 82 61 10 44 70 53 6 40 78 57 18 52 74 65 14 48 42 81 12 64 46 73 16 68 38 69 8 56 50 77 20 60 62 41 11 84 58 49 19 80 66 45 15 76 54 37 7 72
4 2
15 37 31 84 58 32 83 38 57 59 30 40 81 16 14 0 13 82 60 39 29 36 79 42 53 63 26 52 69 20 10 2 5 74 68 47 21 1 7 19 11 45 23 76 66 41 54 35 80 49 72 62 27 24 46 65 75 8 4 9 18 70 51 25 64 55 44 77 34 28 61 71 50 78 33 56 43 67 73 22 48 12 17 6 3
61 34 76 20 39 81 41 9 21 7 79 46 32 52 14 70 27 67 56 58 3 8 30 80 47 51 26 16 72 84 22 43 12 65 1 53 57 68 59 4 54 6 48 31 78 83 11 24 42 49 69 25 13 35 40 74 18 36 19 38 75 0 63 62 64 33 73 17 37 50 15 71 28 66 55 60 2 82 44 10 23 5 77 45 29
4 2
13 45 21 73 65 48 68 24 76 47 75 67 23 0 14 16 15 46 22 74 66 2 18 12 7 50 26 70 62 44 56 36 80 39 83 59 31 41 53 33 77 37 81 57 29 1 17 9 5 49 25 69 61 38 82 58 30 43 55 35 79 52 28 72 64 4 20 11 6 51 27 71 63 3 19 10 8 40 84 60 32 42 54 34 78
51 56 11 29 74 23 79 59 17 38 41 2 48 69 14 62 28 8 34 65 84 67 83 5 35 61 26 72 16 3 45 40 42 58 18 24 77 75 9 55 31 10 32 54 73 30 76 53 12 49 52 0 50 47 43 39 1 82 33 7 68 25 15 70 64 19 78 21 60 13 63 71 27 44 4 37 46 36 66 6 81 80 57 22 20
4 2
0 17 18 19 20 9 11 12 10 5 8 6 7 13 14 15 16 1 2 3 4 21 22 23 24 49 50 51 52 57 58 59 60 77 78 79 80 81 82 83 84 53 54 55 56 45 46 47 48 25 26 27 28 41 42 43 44 29 30 31 32 69 70 71 72 65 66 67 68 61 62 63 64 73 74 75 76 33 34 35 36 37 38 39 40
65 60 63 3 54 84 34 51 8 40 10 78 27 13 45 21 73 32 71 19 42 15 75 46 24 39 26 12 80 29 41 69 17 82 6 35 52 37 77 25 9 30 20 43 72 14 23 74 48 83 50 7 36 58 4 55 64 57 53 61 1 59 62 2 56 0 67 66 68 31 70 18 44 16 47 22 76 38 11 79 28 81 33 49 5
4 2
19 29 43 68 70 69 44 30 67 41 66 31 72 65 71 32 42 17 20 0 18 21 78 51 60 33 64 74 39 1 7 11 15 25 47 56 82 53 83 28 46 9 16 2 6 73 40 34 63 49 58 23 80 37 76 62 35 57 50 79 24 81 55 48 26 13 10 8 3 5 4 14 12 45 27 84 54 77 22 59 52 61 36 38 75
15 29 39 60 82 37 58 31 84 81 40 30 59 13 16 0 14 57 83 32 38 21 74 47 68 33 56 78 43 1 11 7 19 25 51 64 70 5 20 2 10 61 71 28 50 45 66 23 76 77 44 34 55 69 63 52 26 17 6 12 3 41 80 54 35 65 46 75 24 53 36 42 79 73 22 67 48 49 27 72 62 9 4 18 8
4 1
43 29 70 68 19 58 73 6 28 83 9 63 23 40 49 46 2 16 53 80 34 15 78 33 56 82 64 21 11 60 7 25 74 39 47 1 51 84 22 12 61 38 4 52 45 59 27 75 5 14 36 54 77 37 50 48 3 13 55 79 35 57 76 8 26 81 10 62 24 31 17 71 67 30 65 20 72 0 41 44 42 32 69 66 18
4 1
83 66 8 52 33 63 43 23 9 57 32 15 38 56 18 45 26 4 69 76 78 3 72 74 77 53 19 46 28 59 31 13 39 64 41 22 10 65 50 36 7 68 34 6 49 67 5 51 35 0 82 81 84 60 14 37 30 2 73 80 70 55 47 27 17 61 24 11 42 54 25 20 48 58 40 29 16 1 79 71 75 62 12 44 21
4 2
84 77 75 70 4 55 46 25 18 15 31 37 58 44 64 9 24 34 8 65 51 30 57 39 16 7 49 66 35 63 21 10 42 48 17 28 56 11 62 23 41 40 32 60 13 67 6 50 33 26 47 20 53 52 68 5 36 22 12 61 43 59 38 29 14 19 27 45 54 73 3 71 78 69 74 2 79 1 72 76 80 81 83 82 0
31 7 62 45 80 23 35 1 27 37 84 15 58 54 49 11 76 72 66 19 41 63 47 5 79 77 64 8 46 30 29 0 32 48 78 6 61 9 75 55 51 20 42 69 68 3 28 22 33 14 57 40 82 83 13 39 59 50 12 56 73 36 2 21 26 65 18 70 44 43 67 71 17 60 81 38 16 25 34 24 4 74 52 53 10
4 2
63 37 36 20 74 23 83 9 43 7 30 77 48 72 14 25 50 54 60 65 3 31 79 5 47 15 26 69 52 84 10 21 42 58 68 53 2 1 59 55 67 45 32 8 78 41 82 24 12 49 16 70 28 35 17 39 75 76 33 38 18 62 61 0 64 19 73 40 34 27 51 71 13 66 4 56 57 11 44 22 81 80 46 6 29
61 34 76 20 39 81 41 9 21 7 79 46 32 52 14 70 27 67 56 58 3 8 30 80 47 51 26 16 72 84 22 43 12 65 1 53 57 68 59 4 54 6 48 31 78 83 11 24 42 49 69 25 13 35 40 74 18 36 19 38 75 0 63 62 64 33 73 17 37 50 15 71 28 66 55 60 2 82 44 10 23 5 77 45 29
5 1
42 56 16 35 77 37 2 52 47 6 59 76 25 71 65 32 19 22 62 9 82 5 58 74 26 40 3 51 45 24 61 11 83 72 67 29 18 53 15 36 79 0 43 44 41 55 33 80 14 54 78 13 34 69 31 20 68 38 50 46 1 8 73 27 60 23 12 81 64 21 84 63 10 39 48 4 49 70 17 66 30 7 28 57 75
5 1
28 1 36 24 32 77 39 66 10 73 43 58 6 81 47 54 18 69 51 62 14 4 21 30 35 2 29 34 23 3 33 22 31 0 25 26 27 70 49 63 16 82 45 55 20 74 41 59 8 78 37 67 12 84 17 48 56 76 5 44 60 72 13 52 64 80 9 40 68 75 57 7 42 71 61 15 50 83 53 19 46 79 65 11 38
5 1
36 37 63 74 20 78 41 55 16 12 45 70 59 67 49 8 82 28 1 24 32 10 69 58 47 26 21 31 2 68 5 84 52 79 53 15 42 65 83 50 7 9 60 48 72 25 30 3 23 77 14 43 54 27 4 22 29 66 51 6 81 11 46 71 57 80 44 56 13 40 76 17 64 38 19 61 75 39 62 73 18 0 35 33 34
6 2
19 29 43 68 70 69 44 30 67 41 66 31 72 65 71 32 42 17 20 0 18 21 78 51 60 33 64 74 39 1 7 11 15 25 47 56 82 53 83 28 46 9 16 2 6 73 40 34 63 49 58 23 80 37 76 62 35 57 50 79 24 81 55 48 26 13 10 8 3 5 4 14 12 45 27 84 54 77 22 59 52 61 36 38 75
0 3 4 1 2 8 7 6 5 10 9 12 11 13 14 15 16 19 20 17 18 65 66 67 68 63 64 61 62 60 59 58 57 54 53 56 55 84 83 82 81 78 77 80 79 73 74 75 76 71 72 69 70 34 33 36 35 32 31 30 29 27 28 25 26 21 22 23 24 51 52 49 50 45 46 47 48 42 41 44 43 40 39 38 37
6 2
75 70 84 77 4 26 6 60 41 50 53 11 32 13 23 47 67 62 40 33 20 68 22 14 45 43 5 27 59 29 54 52 12 19 38 61 36 37 34 64 18 8 58 25 44 24 46 15 65 55 9 51 31 10 30 49 56 57 42 28 7 35 17 63 39 48 66 16 21 79 1 71 83 76 74 0 73 3 82 69 80 81 78 72 2
60 54 63 3 65 26 6 41 75 46 69 35 12 82 39 15 29 17 24 80 52 79 22 49 18 44 5 76 28 16 38 31 81 33 70 11 47 37 30 14 83 7 74 43 25 72 9 36 48 23 50 77 20 68 1 64 56 59 58 57 0 61 66 2 55 4 62 67 53 10 34 71 45 73 42 8 27 51 78 21 19 32 13 40
6 1
45 26 83 56 18 65 73 13 21 80 7 62 31 39 44 50 2 12 59 70 36 10 71 34 60 79 64 30 6 68 14 22 75 37 49 1 41 78 32 8 63 38 4 43 52 66 23 76 15 9 33 57 69 40 42 51 3 11 58 72 35 67 74 16 24 77 5 61 29 27 19 84 54 28 55 20 82 0 48 47 46 25 81 53 17
6 1
45 21 13 73 65 39 2 44 50 7 31 62 80 56 26 83 18 70 36 12 59 61 77 5 29 41 49 37 1 9 57 69 33 81 17 53 25 76 66 23 15 46 48 0 47 67 16 24 74 14 75 22 68 20 28 55 82 52 4 38 43 79 30 6 64 58 35 72 11 34 10 71 60 3 42 40 51 27 84 54 19 32 63 8 78
6 2
69 83 76 78 4 14 51 62 28 30 67 44 19 37 5 21 53 60 35 12 46 15 63 26 52 38 23 56 8 57 9 45 33 32 43 18 66 13 25 49 61 59 48 34 11 31 20 68 42 39 54 6 24 16 50 64 27 29 65 41 17 40 7 22 55 58 36 10 47 0 72 71 70 84 74 79 2 82 3 75 80 81 77 1 73
60 54 63 3 65 39 82 29 15 24 17 52 80 6 26 75 41 69 46 12 35 28 76 5 44 18 49 22 79 47 11 70 33 81 31 38 16 77 20 23 50 36 48 72 9 43 25 7 74 14 83 37 30 66 61 55 2 62 4 53 67 1 68 56 64 58 59 0 57 10 34 71 45 73 42 8 27 51 78 21 19 32 13 40
6 2
84 77 75 70 4 55 46 25 18 15 31 37 58 44 64 9 24 34 8 65 51 30 57 39 16 7 49 66 35 63 21 10 42 48 17 28 56 11 62 23 41 40 32 60 13 67 6 50 33 26 47 20 53 52 68 5 36 22 12 61 43 59 38 29 14 19 27 45 54 73 3 71 78 69 74 2 79 1 72 76 80 81 83 82 0
9 41 21 81 61 63 83 23 43 12 10 11 0 24 64 84 44 82 22 62 42 36 60 72 48 78 26 66 38 55 75 31 51 16 6 19 2 37 65 25 77 45 69 57 33 1 17 5 13 49 29 73 53 74 54 50 30 8 15 4 18 59 35 47 71 28 80 40 68 20 3 14 7 32 52 56 76 67 39 79 27 70 46 34 58
8 3
41 51 2 48 38 75 6 60 26 9 81 21 61 55 36 78 16 31 66 19 72 11 84 23 62 74 8 59 28 29 65 17 69 56 34 79 14 50 4 47 40 0 44 43 42 52 46 39 3 49 37 1 45 53 77 13 33 76 58 27 7 12 24 63 82 30 18 71 68 32 70 67 20 73 25 5 57 54 15 35 80 10 64 83 22
0 14 16 15 13 5 6 7 8 19 18 20 17 4 1 3 2 12 10 9 11 72 71 70 69 25 26 27 28 63 64 61 62 50 49 52 51 56 55 54 53 41 42 43 44 79 80 77 78 34 33 36 35 40 39 38 37 57 58 59 60 31 32 29 30 82 81 84 83 24 23 22 21 73 74 75 76 47 48 45 46 66 65 68 67
57 62 68 3 55 74 6 27 44 34 47 72 12 38 32 15 83 17 77 49 21 20 22 80 51 75 42 7 28 40 82 31 14 33 9 45 69 37 13 81 29 76 26 43 8 35 70 10 48 19 50 24 79 63 66 4 56 0 58 60 59 61 1 53 65 64 54 67 2 36 46 71 11 73 5 25 41 18 78 52 23 39 30 16
8 3
18 25 46 55 84 54 28 47 81 83 26 56 45 48 27 82 53 20 0 19 17 33 38 63 76 1 10 14 6 29 67 72 42 21 80 50 59 79 22 60 49 66 32 43 69 12 2 7 13 40 35 74 61 16 5 3 11 62 73 36 39 52 57 23 78 71 41 30 68 44 70 65 31 58 51 77 24 75 64 37 34 8 15 9 4
20 33 40 62 75 38 73 64 35 63 37 74 36 76 61 39 34 18 17 19 0 25 54 83 48 21 79 52 58 29 44 66 71 1 16 8 12 10 5 15 2 72 65 43 30 59 49 78 24 46 81 56 27 80 22 57 51 55 28 45 82 14 3 9 7 42 31 69 68 67 70 32 41 6 11 4 13 84 47 26 53 50 60 23 77
41 51 2 48 38 75 6 60 26 9 81 21 61 55 36 78 16 31 66 19 72 11 84 23 62 74 8 59 28 29 65 17 69 56 34 79 14 50 4 47 40 0 44 43 42 52 46 39 3 49 37 1 45 53 77 13 33 76 58 27 7 12 24 63 82 30 18 71 68 32 70 67 20 73 25 5 57 54 15 35 80 10 64 83 22
8 3
2 3 0 1 4 39 44 45 50 41 38 51 48 46 49 40 43 52 47 42 37 61 66 55 60 67 64 57 54 56 59 62 65 58 53 68 63 20 10 5 15 9 19 16 6 7 13 18 12 14 8 11 17 34 28 23 29 27 33 30 24 21 31 36 26 32 22 25 35 76 77 71 82 79 74 84 69 70 83 73 80 81 72 78 75
2 3 0 1 4 40 43 46 49 42 37 52 47 45 50 39 44 51 48 41 38 65 62 59 56 63 68 53 58 60 55 66 61 54 57 64 67 10 20 15 5 19 9 6 16 13 7 12 18 8 14 17 11 27 33 30 24 34 28 23 29 32 22 25 35 21 31 36 26 78 75 81 72 73 80 70 83 84 69 79 74 71 82 76 77
0 1 2 3 4 20 19 18 17 16 15 14 13 12 11 10 9 8 7 6 5 34 33 36 35 30 29 32 31 26 25 28 27 22 21 24 23 39 40 37 38 43 44 41 42 47 48 45 46 51 52 49 50 61 62 63 64 65 66 67 68 53 54 55 56 57 58 59 60 76 75 74 73 72 71 70 69 84 83 82 81 80 79 78 77
8 3
27 1 23 31 35 44 6 57 74 40 10 65 78 52 14 61 70 48 18 53 82 30 33 2 24 26 25 0 28 34 21 3 32 22 29 4 36 67 79 39 9 59 75 43 5 55 83 47 17 63 71 51 13 19 54 45 84 7 58 41 76 15 62 49 72 11 66 37 80 69 16 50 64 73 8 42 60 77 12 38 68 81 20 46 56
60 24 80 17 52 26 6 41 75 29 39 82 15 35 69 12 46 3 54 63 65 64 56 68 1 44 5 76 28 9 72 48 36 84 40 13 32 71 45 10 34 7 74 43 25 38 16 81 31 53 67 62 4 49 18 79 22 59 58 57 0 78 51 19 21 20 77 50 23 14 83 37 30 73 42 8 27 66 61 55 2 47 11 70 33
44 24 9 84 64 27 6 74 57 2 39 45 50 30 69 67 19 33 54 16 79 52 48 40 1 60 76 5 28 80 13 56 36 17 68 72 32 61 82 10 23 42 41 43 0 11 63 81 22 83 12 62 21 70 18 65 31 8 58 75 25 37 51 46 4 55 77 15 34 14 53 78 35 73 7 59 26 66 71 20 29 47 38 49 3
8 3
24 13 76 68 48 5 40 72 56 17 60 52 80 1 32 28 36 9 84 64 44 22 21 23 0 46 65 75 15 66 73 47 14 74 45 67 16 54 69 39 6 78 49 59 20 34 25 31 4 42 61 83 11 70 37 55 8 62 81 43 10 50 57 79 19 26 29 35 3 38 53 71 7 30 33 27 2 82 41 63 12 58 77 51 18
21 9 61 41 81 5 53 37 69 1 29 25 33 17 49 77 57 13 73 65 45 0 24 23 22 11 64 43 82 10 84 63 42 12 44 83 62 7 56 39 70 3 32 27 34 20 52 79 58 14 76 67 46 6 72 55 38 16 48 75 66 2 36 31 26 19 60 51 78 8 40 71 54 18 80 59 50 15 68 47 74 4 28 35 30
56 67 61 3 58 5 72 40 24 51 29 11 74 35 42 77 16 83 18 26 45 38 69 23 8 25 19 47 82 10 30 75 49 80 44 13 36 70 21 39 7 41 14 79 34 20 46 27 81 32 76 9 52 54 53 55 0 57 4 63 66 2 62 59 65 64 60 1 68 22 37 71 6 73 12 31 50 15 78 43 33 48 28 17
8 3
24 13 76 68 48 5 40 72 56 17 60 52 80 1 32 28 36 9 84 64 44 22 21 23 0 46 65 75 15 66 73 47 14 74 45 67 16 54 69 39 6 78 49 59 20 34 25 31 4 42 61 83 11 70 37 55 8 62 81 43 10 50 57 79 19 26 29 35 3 38 53 71 7 30 33 27 2 82 41 63 12 58 77 51 18
7 79 61 46 32 5 8 0 6 47 29 78 64 63 48 77 30 31 62 80 45 37 54 23 72 68 33 51 82 10 16 17 4 26 44 59 73 21 70 39 56 52 81 67 34 20 3 9 14 58 76 27 41 69 22 55 40 84 49 35 66 2 18 13 12 74 60 43 25 53 38 71 24 36 65 83 50 15 11 1 19 42 28 75 57
56 83 45 18 26 5 72 40 24 35 77 16 42 51 74 29 11 67 3 58 61 38 69 23 8 57 4 63 66 15 78 43 33 32 76 9 52 70 21 39 7 73 12 31 50 2 62 59 65 80 44 13 36 54 53 55 0 25 19 47 82 20 46 27 81 48 28 17 84 22 37 71 6 41 14 79 34 10 30 75 49 64 60 1 68
8 3
84 77 75 70 4 55 46 25 18 15 31 37 58 44 64 9 24 34 8 65 51 30 57 39 16 7 49 66 35 63 21 10 42 48 17 28 56 11 62 23 41 40 32 60 13 67 6 50 33 26 47 20 53 52 68 5 36 22 12 61 43 59 38 29 14 19 27 45 54 73 3 71 78 69 74 2 79 1 72 76 80 81 83 82 0
3 2 1 0 4 58 56 67 61 68 62 57 55 63 65 54 60 53 59 64 66 50 37 48 43 45 42 51 40 44 47 38 49 39 52 41 46 22 31 33 28 35 26 24 29 25 36 30 23 32 21 27 34 17 15 12 6 11 5 18 16 8 10 13 19 14 20 7 9 78 84 71 73 72 74 77 83 75 69 82 80 81 79 76 70
2 3 0 1 4 48 51 38 41 50 45 44 39 37 42 47 52 43 40 49 46 68 63 58 53 62 65 56 59 57 54 67 64 55 60 61 66 13 7 12 18 8 14 17 11 10 20 15 5 19 9 6 16 24 30 33 27 29 23 28 34 35 25 22 32 26 36 31 21 76 77 71 82 79 74 84 69 70 83 73 80 81 72 78 75
8 3
20 33 40 62 75 38 73 64 35 63 37 74 36 76 61 39 34 18 17 19 0 25 54 83 48 21 79 52 58 29 44 66 71 1 16 8 12 10 5 15 2 72 65 43 30 59 49 78 24 46 81 56 27 80 22 57 51 55 28 45 82 14 3 9 7 42 31 69 68 67 70 32 41 6 11 4 13 84 47 26 53 50 60 23 77
12 35 46 60 69 71 58 48 33 9 11 10 0 47 72 57 34 59 45 70 36 81 42 23 64 50 56 31 73 68 77 27 38 8 16 1 20 74 32 55 49 61 22 43 84 18 2 13 7 40 25 79 66 80 65 39 26 15 6 17 3 41 82 63 24 54 52 75 29 4 19 5 14 28 37 67 78 30 76 51 53 21 62 83 44
41 51 2 48 38 75 6 60 26 9 81 21 61 55 36 78 16 31 66 19 72 11 84 23 62 74 8 59 28 29 65 17 69 56 34 79 14 50 4 47 40 0 44 43 42 52 46 39 3 49 37 1 45 53 77 13 33 76 58 27 7 12 24 63 82 30 18 71 68 32 70 67 20 73 25 5 57 54 15 35 80 10 64 83 22
8 3
63 37 36 20 74 23 83 9 43 7 30 77 48 72 14 25 50 54 60 65 3 31 79 5 47 15 26 69 52 84 10 21 42 58 68 53 2 1 59 55 67 45 32 8 78 41 82 24 12 49 16 70 28 35 17 39 75 76 33 38 18 62 61 0 64 19 73 40 34 27 51 71 13 66 4 56 57 11 44 22 81 80 46 6 29
31 7 62 45 80 23 35 1 27 37 84 15 58 54 49 11 76 72 66 19 41 63 47 5 79 77 64 8 46 30 29 0 32 48 78 6 61 9 75 55 51 20 42 69 68 3 28 22 33 14 57 40 82 83 13 39 59 50 12 56 73 36 2 21 26 65 18 70 44 43 67 71 17 60 81 38 16 25 34 24 4 74 52 53 10
51 56 11 29 74 23 79 59 17 38 41 2 48 69 14 62 28 8 34 65 84 67 83 5 35 61 26 72 16 3 45 40 42 58 18 24 77 75 9 55 31 10 32 54 73 30 76 53 12 49 52 0 50 47 43 39 1 82 33 7 68 25 15 70 64 19 78 21 60 13 63 71 27 44 4 37 46 36 66 6 81 80 57 22 20
8 3
27 1 23 31 35 44 6 57 74 40 10 65 78 52 14 61 70 48 18 53 82 30 33 2 24 26 25 0 28 34 21 3 32 22 29 4 36 67 79 39 9 59 75 43 5 55 83 47 17 63 71 51 13 19 54 45 84 7 58 41 76 15 62 49 72 11 66 37 80 69 16 50 64 73 8 42 60 77 12 38 68 81 20 46 56
84 24 64 44 9 31 58 37 15 4 77 70 75 34 51 8 65 25 18 55 46 80 76 72 1 17 48 56 28 52 68 5 36 60 13 40 32 7 49 66 35 71 78 73 3 53 20 47 26 38 59 14 29 45 54 19 27 67 6 50 33 74 69 79 2 16 39 57 30 62 11 41 23 43 61 12 22 10 42 63 21 81 83 82 0
60 24 80 17 52 26 6 41 75 29 39 82 15 35 69 12 46 3 54 63 65 64 56 68 1 44 5 76 28 9 72 48 36 84 40 13 32 71 45 10 34 7 74 43 25 38 16 81 31 53 67 62 4 49 18 79 22 59 58 57 0 78 51 19 21 20 77 50 23 14 83 37 30 73 42 8 27 66 61 55 2 47 11 70 33
8 3
21 9 61 41 81 5 53 37 69 1 29 25 33 17 49 77 57 13 73 65 45 0 24 23 22 11 64 43 82 10 84 63 42 12 44 83 62 7 56 39 70 3 32 27 34 20 52 79 58 14 76 67 46 6 72 55 38 16 48 75 66 2 36 31 26 19 60 51 78 8 40 71 54 18 80 59 50 15 68 47 74 4 28 35 30
38 67 10 25 80 5 54 70 22 51 2 41 48 35 64 20 73 83 57 32 15 56 8 23 69 3 49 47 44 61 36 75 19 58 82 13 30 40 0 39 37 11 65 79 28 77 68 27 12 26 66 9 78 72 6 55 21 18 33 63 76 29 84 59 14 42 50 1 46 24 7 71 53 16 81 31 60 45 52 43 4 74 34 17 62
6 27 44 57 74 5 0 8 7 43 28 73 58 75 26 60 41 59 25 42 76 53 70 23 40 18 14 1 10 82 52 35 65 48 61 31 78 69 54 39 24 16 19 9 2 50 84 67 33 64 45 79 30 21 38 55 72 3 12 17 15 34 68 83 49 32 77 47 62 37 22 71 56 11 4 13 20 66 36 51 81 80 29 63 46
8 3
24 13 76 68 48 5 40 72 56 17 60 52 80 1 32 28 36 9 84 64 44 22 21 23 0 46 65 75 15 66 73 47 14 74 45 67 16 54 69 39 6 78 49 59 20 34 25 31 4 42 61 83 11 70 37 55 8 62 81 43 10 50 57 79 19 26 29 35 3 38 53 71 7 30 33 27 2 82 41 63 12 58 77 51 18
21 9 61 41 81 5 53 37 69 1 29 25 33 17 49 77 57 13 73 65 45 0 24 23 22 11 64 43 82 10 84 63 42 12 44 83 62 7 56 39 70 3 32 27 34 20 52 79 58 14 76 67 46 6 72 55 38 16 48 75 66 2 36 31 26 19 60 51 78 8 40 71 54 18 80 59 50 15 68 47 74 4 28 35 30
8 83 66 52 33 5 7 6 0 35 50 68 81 51 65 34 84 67 36 49 82 69 38 23 56 78 32 63 45 76 57 43 26 4 15 9 18 53 22 39 72 46 64 31 77 28 41 59 74 19 10 13 3 37 70 55 24 30 80 47 61 60 73 27 42 14 2 17 11 21 54 71 40 62 48 79 29 44 25 75 58 12 20 1 16
8 3
31 7 62 45 80 23 35 1 27 37 84 15 58 54 49 11 76 72 66 19 41 63 47 5 79 77 64 8 46 30 29 0 32 48 78 6 61 9 75 55 51 20 42 69 68 3 28 22 33 14 57 40 82 83 13 39 59 50 12 56 73 36 2 21 26 65 18 70 44 43 67 71 17 60 81 38 16 25 34 24 4 74 52 53 10
51 56 11 29 74 23 79 59 17 38 41 2 48 69 14 62 28 8 34 65 84 67 83 5 35 61 26 72 16 3 45 40 42 58 18 24 77 75 9 55 31 10 32 54 73 30 76 53 12 49 52 0 50 47 43 39 1 82 33 7 68 25 15 70 64 19 78 21 60 13 63 71 27 44 4 37 46 36 66 6 81 80 57 22 20
57 44 27 6 74 55 3 68 62 34 47 72 12 77 49 17 21 15 38 32 83 16 84 39 30 54 64 2 67 79 24 50 19 33 9 45 69 78 18 23 52 53 65 61 1 35 70 10 48 14 31 82 40 41 25 5 73 0 58 60 59 43 8 76 26 42 75 28 7 36 46 71 11 56 4 66 63 13 37 29 81 80 51 20 22
8 3
2 3 0 1 4 40 43 46 49 42 37 52 47 45 50 39 44 51 48 41 38 65 62 59 56 63 68 53 58 60 55 66 61 54 57 64 67 10 20 15 5 19 9 6 16 13 7 12 18 8 14 17 11 27 33 30 24 34 28 23 29 32 22 25 35 21 31 36 26 78 75 81 72 73 80 70 83 84 69 79 74 71 82 76 77
26 10 68 37 79 60 6 75 41 34 1 30 22 45 18 56 83 71 14 49 64 65 12 80 39 27 0 25 28 40 11 67 77 78 9 38 66 3 35 24 29 8 57 43 76 13 70 62 50 19 48 81 55 63 69 52 15 42 58 74 5 84 47 53 20 21 36 31 2 54 46 17 82 73 59 7 44 32 33 4 23 51 72 16 61
25 14 63 50 72 76 6 42 59 46 18 55 84 21 1 33 29 67 10 80 38 13 61 49 69 0 27 26 28 16 52 71 62 15 70 64 51 48 20 54 83 74 7 43 60 65 9 77 37 23 3 36 30 68 39 11 78 75 58 8 44 22 32 2 35 45 81 17 53 24 34 31 4 73 41 57 5 47 56 82 19 66 79 40 12
8 3
17 23 51 59 79 22 58 78 50 24 80 52 60 21 49 57 77 0 19 18 20 13 5 1 9 67 71 31 43 47 55 27 83 75 39 35 63 74 38 34 62 48 56 28 84 65 69 29 41 14 8 2 11 66 70 30 42 15 6 3 12 76 40 36 64 45 53 25 81 46 54 26 82 73 37 33 61 16 7 4 10 68 72 32 44
2 3 0 1 4 40 43 46 49 42 37 52 47 45 50 39 44 51 48 41 38 65 62 59 56 63 68 53 58 60 55 66 61 54 57 64 67 10 20 15 5 19 9 6 16 13 7 12 18 8 14 17 11 27 33 30 24 34 28 23 29 32 22 25 35 21 31 36 26 78 75 81 72 73 80 70 83 84 69 79 74 71 82 76 77
3 2 1 0 4 56 58 61 67 62 68 55 57 65 63 60 54 59 53 66 64 45 42 51 40 50 37 48 43 39 52 41 46 44 47 38 49 26 35 29 24 31 22 28 33 21 32 34 27 36 25 23 30 18 16 11 5 12 6 17 15 7 9 14 20 13 19 8 10 83 77 74 72 73 71 84 78 70 76 79 81 80 82 69 75
8 3
31 7 62 45 80 23 35 1 27 37 84 15 58 54 49 11 76 72 66 19 41 63 47 5 79 77 64 8 46 30 29 0 32 48 78 6 61 9 75 55 51 20 42 69 68 3 28 22 33 14 57 40 82 83 13 39 59 50 12 56 73 36 2 21 26 65 18 70 44 43 67 71 17 60 81 38 16 25 34 24 4 74 52 53 10
29 7 47 78 64 33 25 1 21 82 60 15 39 51 74 11 56 68 43 19 70 8 62 48 79 6 80 63 46 0 31 30 32 5 45 77 61 52 75 12 54 67 42 18 72 34 28 2 23 81 57 13 37 83 40 58 16 50 55 76 10 36 22 27 4 65 69 41 17 66 20 71 44 84 14 38 59 35 3 24 26 49 9 53 73
72 50 25 63 14 12 47 57 34 56 40 24 5 73 4 79 82 31 41 19 66 45 35 58 11 2 81 78 75 44 68 17 32 39 8 22 53 59 46 33 10 18 42 67 29 21 38 6 55 80 1 84 76 36 60 48 9 7 23 37 54 83 77 3 74 65 20 43 30 70 69 71 0 13 64 28 52 62 27 15 49 26 16 61 51
8 3
84 77 75 70 4 55 46 25 18 15 31 37 58 44 64 9 24 34 8 65 51 30 57 39 16 7 49 66 35 63 21 10 42 48 17 28 56 11 62 23 41 40 32 60 13 67 6 50 33 26 47 20 53 52 68 5 36 22 12 61 43 59 38 29 14 19 27 45 54 73 3 71 78 69 74 2 79 1 72 76 80 81 83 82 0
51 56 11 29 74 23 79 59 17 38 41 2 48 69 14 62 28 8 34 65 84 67 83 5 35 61 26 72 16 3 45 40 42 58 18 24 77 75 9 55 31 10 32 54 73 30 76 53 12 49 52 0 50 47 43 39 1 82 33 7 68 25 15 70 64 19 78 21 60 13 63 71 27 44 4 37 46 36 66 6 81 80 57 22 20
57 44 27 6 74 55 3 68 62 34 47 72 12 77 49 17 21 15 38 32 83 16 84 39 30 54 64 2 67 79 24 50 19 33 9 45 69 78 18 23 52 53 65 61 1 35 70 10 48 14 31 82 40 41 25 5 73 0 58 60 59 43 8 76 26 42 75 28 7 36 46 71 11 56 4 66 63 13 37 29 81 80 51 20 22
8 3
15 37 31 84 58 32 83 38 57 59 30 40 81 16 14 0 13 82 60 39 29 36 79 42 53 63 26 52 69 20 10 2 5 74 68 47 21 1 7 19 11 45 23 76 66 41 54 35 80 49 72 62 27 24 46 65 75 8 4 9 18 70 51 25 64 55 44 77 34 28 61 71 50 78 33 56 43 67 73 22 48 12 17 6 3
61 34 76 20 39 81 41 9 21 7 79 46 32 52 14 70 27 67 56 58 3 8 30 80 47 51 26 16 72 84 22 43 12 65 1 53 57 68 59 4 54 6 48 31 78 83 11 24 42 49 69 25 13 35 40 74 18 36 19 38 75 0 63 62 64 33 73 17 37 50 15 71 28 66 55 60 2 82 44 10 23 5 77 45 29
51 56 11 29 74 23 79 59 17 38 41 2 48 69 14 62 28 8 34 65 84 67 83 5 35 61 26 72 16 3 45 40 42 58 18 24 77 75 9 55 31 10 32 54 73 30 76 53 12 49 52 0 50 47 43 39 1 82 33 7 68 25 15 70 64 19 78 21 60 13 63 71 27 44 4 37 46 36 66 6 81 80 57 22 20
8 3
21 9 61 41 81 5 53 37 69 1 29 25 33 17 49 77 57 13 73 65 45 0 24 23 22 11 64 43 82 10 84 63 42 12 44 83 62 7 56 39 70 3 32 27 34 20 52 79 58 14 76 67 46 6 72 55 38 16 48 75 66 2 36 31 26 19 60 51 78 8 40 71 54 18 80 59 50 15 68 47 74 4 28 35 30
7 79 61 46 32 5 8 0 6 47 29 78 64 63 48 77 30 31 62 80 45 37 54 23 72 68 33 51 82 10 16 17 4 26 44 59 73 21 70 39 56 52 81 67 34 20 3 9 14 58 76 27 41 69 22 55 40 84 49 35 66 2 18 13 12 74 60 43 25 53 38 71 24 36 65 83 50 15 11 1 19 42 28 75 57
70 27 61 52 14 5 22 38 54 43 29 68 19 75 4 77 84 59 36 12 45 40 6 23 53 78 74 1 82 10 57 35 48 65 44 31 18 56 7 39 21 46 58 9 34 20 41 67 32 81 76 79 3 24 8 55 37 30 42 17 66 2 73 83 80 33 60 47 11 72 0 71 69 62 26 13 50 15 25 51 64 49 28 63 16
8 3
24 13 76 68 48 5 40 72 56 17 60 52 80 1 32 28 36 9 84 64 44 22 21 23 0 46 65 75 15 66 73 47 14 74 45 67 16 54 69 39 6 78 49 59 20 34 25 31 4 42 61 83 11 70 37 55 8 62 81 43 10 50 57 79 19 26 29 35 3 38 53 71 7 30 33 27 2 82 41 63 12 58 77 51 18
21 13 45 73 65 5 53 37 69 17 77 57 49 1 33 29 25 9 41 81 61 0 24 23 22 16 48 75 66 15 68 47 74 14 76 67 46 7 56 39 70 18 80 59 50 2 36 31 26 12 44 83 62 6 72 55 38 11 64 43 82 20 52 79 58 4 28 35 30 8 40 71 54 3 32 27 34 10 84 63 42 19 60 51 78
56 83 45 18 26 5 72 40 24 35 77 16 42 51 74 29 11 67 3 58 61 38 69 23 8 57 4 63 66 15 78 43 33 32 76 9 52 70 21 39 7 73 12 31 50 2 62 59 65 80 44 13 36 54 53 55 0 25 19 47 82 20 46 27 81 48 28 17 84 22 37 71 6 41 14 79 34 10 30 75 49 64 60 1 68
8 3
21 13 45 73 65 5 53 37 69 17 77 57 49 1 33 29 25 9 41 81 61 0 24 23 22 16 48 75 66 15 68 47 74 14 76 67 46 7 56 39 70 18 80 59 50 2 36 31 26 12 44 83 62 6 72 55 38 11 64 43 82 20 52 79 58 4 28 35 30 8 40 71 54 3 32 27 34 10 84 63 42 19 60 51 78
6 75 60 41 26 5 0 8 7 59 76 25 42 27 74 44 57 43 73 58 28 53 70 23 40 11 4 13 20 50 84 67 33 32 77 47 62 69 54 39 24 3 12 17 15 82 52 35 65 80 29 63 46 21 38 55 72 16 19 9 2 66 36 51 81 48 61 31 78 37 22 71 56 18 14 1 10 34 68 83 49 64 45 79 30
56 83 45 18 26 5 72 40 24 35 77 16 42 51 74 29 11 67 3 58 61 38 69 23 8 57 4 63 66 15 78 43 33 32 76 9 52 70 21 39 7 73 12 31 50 2 62 59 65 80 44 13 36 54 53 55 0 25 19 47 82 20 46 27 81 48 28 17 84 22 37 71 6 41 14 79 34 10 30 75 49 64 60 1 68
8 3
63 37 36 20 74 23 83 9 43 7 30 77 48 72 14 25 50 54 60 65 3 31 79 5 47 15 26 69 52 84 10 21 42 58 68 53 2 1 59 55 67 45 32 8 78 41 82 24 12 49 16 70 28 35 17 39 75 76 33 38 18 62 61 0 64 19 73 40 34 27 51 71 13 66 4 56 57 11 44 22 81 80 46 6 29
13 45 21 73 65 48 68 24 76 47 75 67 23 0 14 16 15 46 22 74 66 2 18 12 7 50 26 70 62 44 56 36 80 39 83 59 31 41 53 33 77 37 81 57 29 1 17 9 5 49 25 69 61 38 82 58 30 43 55 35 79 52 28 72 64 4 20 11 6 51 27 71 63 3 19 10 8 40 84 60 32 42 54 34 78
51 56 11 29 74 23 79 59 17 38 41 2 48 69 14 62 28 8 34 65 84 67 83 5 35 61 26 72 16 3 45 40 42 58 18 24 77 75 9 55 31 10 32 54 73 30 76 53 12 49 52 0 50 47 43 39 1 82 33 7 68 25 15 70 64 19 78 21 60 13 63 71 27 44 4 37 46 36 66 6 81 80 57 22 20
8 3
63 37 36 20 74 23 83 9 43 7 30 77 48 72 14 25 50 54 60 65 3 31 79 5 47 15 26 69 52 84 10 21 42 58 68 53 2 1 59 55 67 45 32 8 78 41 82 24 12 49 16 70 28 35 17 39 75 76 33 38 18 62 61 0 64 19 73 40 34 27 51 71 13 66 4 56 57 11 44 22 81 80 46 6 29
61 34 76 20 39 81 41 9 21 7 79 46 32 52 14 70 27 67 56 58 3 8 30 80 47 51 26 16 72 84 22 43 12 65 1 53 57 68 59 4 54 6 48 31 78 83 11 24 42 49 69 25 13 35 40 74 18 36 19 38 75 0 63 62 64 33 73 17 37 50 15 71 28 66 55 60 2 82 44 10 23 5 77 45 29
13 45 21 73 65 48 68 24 76 47 75 67 23 0 14 16 15 46 22 74 66 2 18 12 7 50 26 70 62 44 56 36 80 39 83 59 31 41 53 33 77 37 81 57 29 1 17 9 5 49 25 69 61 38 82 58 30 43 55 35 79 52 28 72 64 4 20 11 6 51 27 71 63 3 19 10 8 40 84 60 32 42 54 34 78
8 3
17 23 51 59 79 22 58 78 50 24 80 52 60 21 49 57 77 0 19 18 20 13 5 1 9 67 71 31 43 47 55 27 83 75 39 35 63 74 38 34 62 48 56 28 84 65 69 29 41 14 8 2 11 66 70 30 42 15 6 3 12 76 40 36 64 45 53 25 81 46 54 26 82 73 37 33 61 16 7 4 10 68 72 32 44
74 81 80 71 4 57 6 44 27 29 51 11 56 13 66 22 46 37 36 63 20 21 15 68 47 41 59 8 28 9 30 50 54 61 40 35 18 17 38 62 34 25 60 43 7 45 16 24 67 53 31 10 52 49 32 55 12 5 58 26 42 33 39 19 64 65 14 48 23 77 83 3 72 73 0 76 75 69 84 79 2 1 82 70 78
48 53 18 27 82 33 58 12 71 77 63 30 7 13 68 76 24 41 2 51 38 21 75 66 16 37 50 3 43 69 11 59 34 5 32 64 80 25 20 83 54 17 84 28 56 45 47 46 0 81 26 19 55 1 40 52 44 61 6 31 78 57 70 10 35 65 23 74 14 29 62 8 79 73 67 22 15 9 60 72 36 49 4 39 42
8 3
63 37 36 20 74 23 83 9 43 7 30 77 48 72 14 25 50 54 60 65 3 31 79 5 47 15 26 69 52 84 10 21 42 58 68 53 2 1 59 55 67 45 32 8 78 41 82 24 12 49 16 70 28 35 17 39 75 76 33 38 18 62 61 0 64 19 73 40 34 27 51 71 13 66 4 56 57 11 44 22 81 80 46 6 29
84 77 75 70 4 55 46 25 18 15 31 37 58 44 64 9 24 34 8 65 51 30 57 39 16 7 49 66 35 63 21 10 42 48 17 28 56 11 62 23 41 40 32 60 13 67 6 50 33 26 47 20 53 52 68 5 36 22 12 61 43 59 38 29 14 19 27 45 54 73 3 71 78 69 74 2 79 1 72 76 80 81 83 82 0
57 44 27 6 74 55 3 68 62 34 47 72 12 77 49 17 21 15 38 32 83 16 84 39 30 54 64 2 67 79 24 50 19 33 9 45 69 78 18 23 52 53 65 61 1 35 70 10 48 14 31 82 40 41 25 5 73 0 58 60 59 43 8 76 26 42 75 28 7 36 46 71 11 56 4 66 63 13 37 29 81 80 51 20 22
8 3
84 77 75 70 4 55 46 25 18 15 31 37 58 44 64 9 24 34 8 65 51 30 57 39 16 7 49 66 35 63 21 10 42 48 17 28 56 11 62 23 41 40 32 60 13 67 6 50 33 26 47 20 53 52 68 5 36 22 12 61 43 59 38 29 14 19 27 45 54 73 3 71 78 69 74 2 79 1 72 76 80 81 83 82 0
31 7 62 45 80 23 35 1 27 37 84 15 58 54 49 11 76 72 66 19 41 63 47 5 79 77 64 8 46 30 29 0 32 48 78 6 61 9 75 55 51 20 42 69 68 3 28 22 33 14 57 40 82 83 13 39 59 50 12 56 73 36 2 21 26 65 18 70 44 43 67 71 17 60 81 38 16 25 34 24 4 74 52 53 10
57 44 27 6 74 55 3 68 62 34 47 72 12 77 49 17 21 15 38 32 83 16 84 39 30 54 64 2 67 79 24 50 19 33 9 45 69 78 18 23 52 53 65 61 1 35 70 10 48 14 31 82 40 41 25 5 73 0 58 60 59 43 8 76 26 42 75 28 7 36 46 71 11 56 4 66 63 13 37 29 81 80 51 20 22
8 3
20 33 40 62 75 38 73 64 35 63 37 74 36 76 61 39 34 18 17 19 0 25 54 83 48 21 79 52 58 29 44 66 71 1 16 8 12 10 5 15 2 72 65 43 30 59 49 78 24 46 81 56 27 80 22 57 51 55 28 45 82 14 3 9 7 42 31 69 68 67 70 32 41 6 11 4 13 84 47 26 53 50 60 23 77
12 35 46 60 69 71 58 48 33 9 11 10 0 47 72 57 34 59 45 70 36 81 42 23 64 50 56 31 73 68 77 27 38 8 16 1 20 74 32 55 49 61 22 43 84 18 2 13 7 40 25 79 66 80 65 39 26 15 6 17 3 41 82 63 24 54 52 75 29 4 19 5 14 28 37 67 78 30 76 51 53 21 62 83 44
3 4 2 0 1 56 58 61 67 63 65 54 60 66 64 59 53 57 55 68 62 77 74 83 72 84 71 78 73 70 81 76 79 75 80 69 82 42 51 45 40 48 37 43 50 39 46 52 41 49 44 38 47 16 11 18 5 17 6 15 12 7 20 9 14 10 13 8 19 35 29 26 24 28 22 33 31 21 27 32 34 30 36 23 25
8 3
18 25 46 55 84 54 28 47 81 83 26 56 45 48 27 82 53 20 0 19 17 33 38 63 76 1 10 14 6 29 67 72 42 21 80 50 59 79 22 60 49 66 32 43 69 12 2 7 13 40 35 74 61 16 5 3 11 62 73 36 39 52 57 23 78 71 41 30 68 44 70 65 31 58 51 77 24 75 64 37 34 8 15 9 4
12 35 46 60 69 71 58 48 33 9 11 10 0 47 72 57 34 59 45 70 36 81 42 23 64 50 56 31 73 68 77 27 38 8 16 1 20 74 32 55 49 61 22 43 84 18 2 13 7 40 25 79 66 80 65 39 26 15 6 17 3 41 82 63 24 54 52 75 29 4 19 5 14 28 37 67 78 30 76 51 53 21 62 83 44
3 4 2 0 1 56 58 61 67 63 65 54 60 66 64 59 53 57 55 68 62 77 74 83 72 84 71 78 73 70 81 76 79 75 80 69 82 42 51 45 40 48 37 43 50 39 46 52 41 49 44 38 47 16 11 18 5 17 6 15 12 7 20 9 14 10 13 8 19 35 29 26 24 28 22 33 31 21 27 32 34 30 36 23 25
8 3
63 37 36 20 74 23 83 9 43 7 30 77 48 72 14 25 50 54 60 65 3 31 79 5 47 15 26 69 52 84 10 21 42 58 68 53 2 1 59 55 67 45 32 8 78 41 82 24 12 49 16 70 28 35 17 39 75 76 33 38 18 62 61 0 64 19 73 40 34 27 51 71 13 66 4 56 57 11 44 22 81 80 46 6 29
31 7 62 45 80 23 35 1 27 37 84 15 58 54 49 11 76 72 66 19 41 63 47 5 79 77 64 8 46 30 29 0 32 48 78 6 61 9 75 55 51 20 42 69 68 3 28 22 33 14 57 40 82 83 13 39 59 50 12 56 73 36 2 21 26 65 18 70 44 43 67 71 17 60 81 38 16 25 34 24 4 74 52 53 10
57 44 27 6 74 55 3 68 62 34 47 72 12 77 49 17 21 15 38 32 83 16 84 39 30 54 64 2 67 79 24 50 19 33 9 45 69 78 18 23 52 53 65 61 1 35 70 10 48 14 31 82 40 41 25 5 73 0 58 60 59 43 8 76 26 42 75 28 7 36 46 71 11 56 4 66 63 13 37 29 81 80 51 20 22
8 2
37 74 36 20 63 42 47 52 2 58 15 31 84 5 21 53 69 26 68 10 79 71 6 56 22 81 57 29 13 80 27 11 66 4 44 51 46 32 59 16 82 12 28 67 78 55 8 24 70 49 41 45 1 19 76 35 62 64 75 18 34 33 73 61 17 39 0 40 38 65 25 77 9 23 7 72 54 14 60 83 30 48 43 3 50
30 15 40 81 59 44 69 19 67 55 52 11 73 34 26 1 22 77 63 7 48 57 16 84 39 83 14 37 60 32 0 31 29 38 13 58 82 27 33 24 2 62 78 46 5 72 43 65 20 49 56 75 10 74 54 9 50 21 35 4 28 68 41 18 71 47 80 8 61 6 79 64 45 12 53 51 76 17 42 70 66 3 36 25 23
8 3
15 37 31 84 58 32 83 38 57 59 30 40 81 16 14 0 13 82 60 39 29 36 79 42 53 63 26 52 69 20 10 2 5 74 68 47 21 1 7 19 11 45 23 76 66 41 54 35 80 49 72 62 27 24 46 65 75 8 4 9 18 70 51 25 64 55 44 77 34 28 61 71 50 78 33 56 43 67 73 22 48 12 17 6 3
61 34 76 20 39 81 41 9 21 7 79 46 32 52 14 70 27 67 56 58 3 8 30 80 47 51 26 16 72 84 22 43 12 65 1 53 57 68 59 4 54 6 48 31 78 83 11 24 42 49 69 25 13 35 40 74 18 36 19 38 75 0 63 62 64 33 73 17 37 50 15 71 28 66 55 60 2 82 44 10 23 5 77 45 29
13 45 21 73 65 48 68 24 76 47 75 67 23 0 14 16 15 46 22 74 66 2 18 12 7 50 26 70 62 44 56 36 80 39 83 59 31 41 53 33 77 37 81 57 29 1 17 9 5 49 25 69 61 38 82 58 30 43 55 35 79 52 28 72 64 4 20 11 6 51 27 71 63 3 19 10 8 40 84 60 32 42 54 34 78
8 3
83 69 78 76 4 32 57 38 15 18 45 56 26 66 33 8 52 43 9 23 63 28 46 19 53 62 12 44 21 51 35 67 5 14 60 30 37 36 7 65 50 47 55 17 27 10 22 41 64 58 40 29 16 24 61 42 11 6 49 68 34 54 25 20 48 39 13 31 59 1 79 71 75 77 74 72 3 73 2 70 80 81 84 0 82
76 78 69 83 4 49 11 31 54 59 25 6 42 20 39 61 34 24 68 48 13 40 36 64 17 10 55 29 50 27 41 7 58 65 16 47 22 46 67 14 21 30 12 53 51 62 37 35 19 5 28 44 60 43 8 26 57 56 32 9 52 15 45 66 23 33 63 38 18 2 82 71 77 75 74 73 0 72 1 84 80 81 70 3 79
2 3 0 1 4 48 51 38 41 50 45 44 39 37 42 47 52 43 40 49 46 68 63 58 53 62 65 56 59 57 54 67 64 55 60 61 66 13 7 12 18 8 14 17 11 10 20 15 5 19 9 6 16 24 30 33 27 29 23 28 34 35 25 22 32 26 36 31 21 76 77 71 82 79 74 84 69 70 83 73 80 81 72 78 75
8 3
21 9 61 41 81 5 53 37 69 1 29 25 33 17 49 77 57 13 73 65 45 0 24 23 22 11 64 43 82 10 84 63 42 12 44 83 62 7 56 39 70 3 32 27 34 20 52 79 58 14 76 67 46 6 72 55 38 16 48 75 66 2 36 31 26 19 60 51 78 8 40 71 54 18 80 59 50 15 68 47 74 4 28 35 30
21 13 45 73 65 5 53 37 69 17 77 57 49 1 33 29 25 9 41 81 61 0 24 23 22 16 48 75 66 15 68 47 74 14 76 67 46 7 56 39 70 18 80 59 50 2 36 31 26 12 44 83 62 6 72 55 38 11 64 43 82 20 52 79 58 4 28 35 30 8 40 71 54 3 32 27 34 10 84 63 42 19 60 51 78
7 79 61 46 32 5 8 0 6 47 29 78 64 63 48 77 30 31 62 80 45 37 54 23 72 68 33 51 82 10 16 17 4 26 44 59 73 21 70 39 56 52 81 67 34 20 3 9 14 58 76 27 41 69 22 55 40 84 49 35 66 2 18 13 12 74 60 43 25 53 38 71 24 36 65 83 50 15 11 1 19 42 28 75 57
8 3
76 78 69 83 4 49 11 31 54 59 25 6 42 20 39 61 34 24 68 48 13 40 36 64 17 10 55 29 50 27 41 7 58 65 16 47 22 46 67 14 21 30 12 53 51 62 37 35 19 5 28 44 60 43 8 26 57 56 32 9 52 15 45 66 23 33 63 38 18 2 82 71 77 75 74 73 0 72 1 84 80 81 70 3 79
69 83 76 78 4 14 51 62 28 30 67 44 19 37 5 21 53 60 35 12 46 15 63 26 52 38 23 56 8 57 9 45 33 32 43 18 66 13 25 49 61 59 48 34 11 31 20 68 42 39 54 6 24 16 50 64 27 29 65 41 17 40 7 22 55 58 36 10 47 0 72 71 70 84 74 79 2 82 3 75 80 81 77 1 73
2 3 0 1 4 48 51 38 41 50 45 44 39 37 42 47 52 43 40 49 46 68 63 58 53 62 65 56 59 57 54 67 64 55 60 61 66 13 7 12 18 8 14 17 11 10 20 15 5 19 9 6 16 24 30 33 27 29 23 28 34 35 25 22 32 26 36 31 21 76 77 71 82 79 74 84 69 70 83 73 80 81 72 78 75
8 3
63 37 36 20 74 23 83 9 43 7 30 77 48 72 14 25 50 54 60 65 3 31 79 5 47 15 26 69 52 84 10 21 42 58 68 53 2 1 59 55 67 45 32 8 78 41 82 24 12 49 16 70 28 35 17 39 75 76 33 38 18 62 61 0 64 19 73 40 34 27 51 71 13 66 4 56 57 11 44 22 81 80 46 6 29
15 37 31 84 58 32 83 38 57 59 30 40 81 16 14 0 13 82 60 39 29 36 79 42 53 63 26 52 69 20 10 2 5 74 68 47 21 1 7 19 11 45 23 76 66 41 54 35 80 49 72 62 27 24 46 65 75 8 4 9 18 70 51 25 64 55 44 77 34 28 61 71 50 78 33 56 43 67 73 22 48 12 17 6 3
13 45 21 73 65 48 68 24 76 47 75 67 23 0 14 16 15 46 22 74 66 2 18 12 7 50 26 70 62 44 56 36 80 39 83 59 31 41 53 33 77 37 81 57 29 1 17 9 5 49 25 69 61 38 82 58 30 43 55 35 79 52 28 72 64 4 20 11 6 51 27 71 63 3 19 10 8 40 84 60 32 42 54 34 78
8 3
18 25 46 55 84 54 28 47 81 83 26 56 45 48 27 82 53 20 0 19 17 33 38 63 76 1 10 14 6 29 67 72 42 21 80 50 59 79 22 60 49 66 32 43 69 12 2 7 13 40 35 74 61 16 5 3 11 62 73 36 39 52 57 23 78 71 41 30 68 44 70 65 31 58 51 77 24 75 64 37 34 8 15 9 4
12 35 46 60 69 71 58 48 33 9 11 10 0 47 72 57 34 59 45 70 36 81 42 23 64 50 56 31 73 68 77 27 38 8 16 1 20 74 32 55 49 61 22 43 84 18 2 13 7 40 25 79 66 80 65 39 26 15 6 17 3 41 82 63 24 54 52 75 29 4 19 5 14 28 37 67 78 30 76 51 53 21 62 83 44
41 51 2 48 38 75 6 60 26 9 81 21 61 55 36 78 16 31 66 19 72 11 84 23 62 74 8 59 28 29 65 17 69 56 34 79 14 50 4 47 40 0 44 43 42 52 46 39 3 49 37 1 45 53 77 13 33 76 58 27 7 12 24 63 82 30 18 71 68 32 70 67 20 73 25 5 57 54 15 35 80 10 64 83 22
8 3
20 33 40 62 75 38 73 64 35 63 37 74 36 76 61 39 34 18 17 19 0 25 54 83 48 21 79 52 58 29 44 66 71 1 16 8 12 10 5 15 2 72 65 43 30 59 49 78 24 46 81 56 27 80 22 57 51 55 28 45 82 14 3 9 7 42 31 69 68 67 70 32 41 6 11 4 13 84 47 26 53 50 60 23 77
3 4 2 0 1 56 58 61 67 63 65 54 60 66 64 59 53 57 55 68 62 77 74 83 72 84 71 78 73 70 81 76 79 75 80 69 82 42 51 45 40 48 37 43 50 39 46 52 41 49 44 38 47 16 11 18 5 17 6 15 12 7 20 9 14 10 13 8 19 35 29 26 24 28 22 33 31 21 27 32 34 30 36 23 25
41 51 2 48 38 75 6 60 26 9 81 21 61 55 36 78 16 31 66 19 72 11 84 23 62 74 8 59 28 29 65 17 69 56 34 79 14 50 4 47 40 0 44 43 42 52 46 39 3 49 37 1 45 53 77 13 33 76 58 27 7 12 24 63 82 30 18 71 68 32 70 67 20 73 25 5 57 54 15 35 80 10 64 83 22
8 3
17 23 51 59 79 22 58 78 50 24 80 52 60 21 49 57 77 0 19 18 20 13 5 1 9 67 71 31 43 47 55 27 83 75 39 35 63 74 38 34 62 48 56 28 84 65 69 29 41 14 8 2 11 66 70 30 42 15 6 3 12 76 40 36 64 45 53 25 81 46 54 26 82 73 37 33 61 16 7 4 10 68 72 32 44
3 2 1 0 4 56 58 61 67 62 68 55 57 65 63 60 54 59 53 66 64 45 42 51 40 50 37 48 43 39 52 41 46 44 47 38 49 26 35 29 24 31 22 28 33 21 32 34 27 36 25 23 30 18 16 11 5 12 6 17 15 7 9 14 20 13 19 8 10 83 77 74 72 73 71 84 78 70 76 79 81 80 82 69 75
48 53 18 27 82 33 58 12 71 77 63 30 7 13 68 76 24 41 2 51 38 21 75 66 16 37 50 3 43 69 11 59 34 5 32 64 80 25 20 83 54 17 84 28 56 45 47 46 0 81 26 19 55 1 40 52 44 61 6 31 78 57 70 10 35 65 23 74 14 29 62 8 79 73 67 22 15 9 60 72 36 49 4 39 42
8 2
2 48 41 51 38 40 43 46 49 44 50 45 39 52 37 47 42 1 3 0 4 30 24 27 33 63 68 53 58 7 13 18 12 77 76 82 71 81 72 78 75 19 9 6 16 55 60 61 66 26 36 31 21 59 56 65 62 34 28 23 29 69 84 74 79 11 17 14 8 15 5 10 20 73 80 70 83 22 32 35 25 67 64 57 54
16 56 42 77 35 53 43 80 34 0 15 13 14 55 78 36 41 54 33 44 79 11 18 5 3 29 83 40 58 74 45 24 67 51 26 72 61 32 82 37 59 9 19 6 2 52 25 71 62 76 47 22 65 75 48 21 66 49 28 70 63 10 17 7 4 30 84 39 57 50 27 69 64 73 46 23 68 31 81 38 60 12 20 8 1
8 2
44 33 79 54 16 27 6 74 57 30 67 19 69 2 50 39 45 24 84 64 9 40 1 52 48 75 25 8 58 20 29 66 71 62 21 83 12 10 23 61 82 59 26 73 7 46 4 37 51 72 32 17 68 65 31 70 18 5 28 60 76 81 22 11 63 49 3 47 38 78 35 14 53 43 0 42 41 56 36 80 13 15 34 55 77
0 14 16 15 13 5 6 7 8 19 18 20 17 4 1 3 2 12 10 9 11 72 71 70 69 25 26 27 28 63 64 61 62 50 49 52 51 56 55 54 53 41 42 43 44 79 80 77 78 34 33 36 35 40 39 38 37 57 58 59 60 31 32 29 30 82 81 84 83 24 23 22 21 73 74 75 76 47 48 45 46 66 65 68 67
8 2
83 66 8 52 33 63 43 23 9 57 32 15 38 56 18 45 26 4 69 76 78 3 72 74 77 53 19 46 28 59 31 13 39 64 41 22 10 65 50 36 7 68 34 6 49 67 5 51 35 0 82 81 84 60 14 37 30 2 73 80 70 55 47 27 17 61 24 11 42 54 25 20 48 58 40 29 16 1 79 71 75 62 12 44 21
27 1 23 31 35 44 6 57 74 40 10 65 78 52 14 61 70 48 18 53 82 30 33 2 24 26 25 0 28 34 21 3 32 22 29 4 36 67 79 39 9 59 75 43 5 55 83 47 17 63 71 51 13 19 54 45 84 7 58 41 76 15 62 49 72 11 66 37 80 69 16 50 64 73 8 42 60 77 12 38 68 81 20 46 56
8 2
68 70 29 43 19 48 13 76 24 57 62 3 55 10 26 79 37 35 50 81 8 38 27 12 77 22 14 45 75 54 61 59 4 5 52 36 84 51 82 33 7 15 74 47 21 25 78 11 39 64 1 60 56 2 53 58 63 73 23 46 16 83 6 34 49 80 40 9 28 41 18 71 30 67 65 0 66 20 31 69 42 32 44 72 17
63 37 36 20 74 23 83 9 43 7 30 77 48 72 14 25 50 54 60 65 3 31 79 5 47 15 26 69 52 84 10 21 42 58 68 53 2 1 59 55 67 45 32 8 78 41 82 24 12 49 16 70 28 35 17 39 75 76 33 38 18 62 61 0 64 19 73 40 34 27 51 71 13 66 4 56 57 11 44 22 81 80 46 6 29
8 2
72 34 47 12 57 4 73 82 79 24 40 5 56 25 63 50 14 31 19 66 41 76 84 1 80 20 65 30 43 39 8 22 53 61 51 26 16 78 75 2 81 13 64 28 52 42 18 29 67 54 37 23 7 69 70 0 71 11 58 35 45 48 9 36 60 59 46 33 10 83 77 3 74 6 55 21 38 49 15 27 62 68 44 32 17
20 40 62 33 75 38 73 64 35 39 34 76 61 0 19 17 18 37 63 36 74 5 15 10 2 72 30 65 43 24 59 78 49 56 81 27 46 22 57 80 51 55 82 28 45 7 14 9 3 69 31 68 42 54 83 25 48 21 58 79 52 71 29 66 44 8 16 12 1 70 32 67 41 6 13 11 4 53 84 26 47 23 60 77 50
8 2
79 17 23 51 59 82 73 4 72 46 61 7 32 26 37 10 68 54 33 16 44 60 18 49 22 52 20 21 58 80 0 77 78 24 19 57 50 39 27 67 9 35 55 43 13 75 83 71 1 63 47 31 5 29 48 8 62 65 28 11 38 69 84 2 74 41 56 14 34 15 53 36 42 6 45 64 30 3 81 76 70 12 25 40 66
82 22 9 62 42 79 73 72 4 49 67 8 36 60 15 39 29 18 48 53 27 26 54 46 17 30 38 13 58 34 5 66 50 1 70 74 78 10 44 61 23 64 11 43 21 41 63 12 24 83 81 84 0 68 33 7 51 45 28 55 20 14 31 40 57 75 3 69 80 37 16 32 59 6 65 35 52 56 47 25 19 71 76 2 77
8 2
76 13 68 24 48 49 31 54 11 69 83 78 4 61 39 34 20 25 59 42 6 46 67 14 21 66 23 15 45 22 47 16 65 74 75 0 73 43 8 26 57 35 19 62 37 79 3 70 81 55 10 50 29 40 36 64 17 84 80 72 1 60 44 28 5 32 56 52 9 2 82 71 77 7 58 27 41 18 38 63 33 12 30 51 53
31 7 62 45 80 23 35 1 27 37 84 15 58 54 49 11 76 72 66 19 41 63 47 5 79 77 64 8 46 30 29 0 32 48 78 6 61 9 75 55 51 20 42 69 68 3 28 22 33 14 57 40 82 83 13 39 59 50 12 56 73 36 2 21 26 65 18 70 44 43 67 71 17 60 81 38 16 25 34 24 4 74 52 53 10
8 3
84 77 75 70 4 55 46 25 18 15 31 37 58 44 64 9 24 34 8 65 51 30 57 39 16 7 49 66 35 63 21 10 42 48 17 28 56 11 62 23 41 40 32 60 13 67 6 50 33 26 47 20 53 52 68 5 36 22 12 61 43 59 38 29 14 19 27 45 54 73 3 71 78 69 74 2 79 1 72 76 80 81 83 82 0
31 7 62 45 80 23 35 1 27 37 84 15 58 54 49 11 76 72 66 19 41 63 47 5 79 77 64 8 46 30 29 0 32 48 78 6 61 9 75 55 51 20 42 69 68 3 28 22 33 14 57 40 82 83 13 39 59 50 12 56 73 36 2 21 26 65 18 70 44 43 67 71 17 60 81 38 16 25 34 24 4 74 52 53 10
51 56 11 29 74 23 79 59 17 38 41 2 48 69 14 62 28 8 34 65 84 67 83 5 35 61 26 72 16 3 45 40 42 58 18 24 77 75 9 55 31 10 32 54 73 30 76 53 12 49 52 0 50 47 43 39 1 82 33 7 68 25 15 70 64 19 78 21 60 13 63 71 27 44 4 37 46 36 66 6 81 80 57 22 20
8 3
63 37 36 20 74 23 83 9 43 7 30 77 48 72 14 25 50 54 60 65 3 31 79 5 47 15 26 69 52 84 10 21 42 58 68 53 2 1 59 55 67 45 32 8 78 41 82 24 12 49 16 70 28 35 17 39 75 76 33 38 18 62 61 0 64 19 73 40 34 27 51 71 13 66 4 56 57 11 44 22 81 80 46 6 29
15 37 31 84 58 32 83 38 57 59 30 40 81 16 14 0 13 82 60 39 29 36 79 42 53 63 26 52 69 20 10 2 5 74 68 47 21 1 7 19 11 45 23 76 66 41 54 35 80 49 72 62 27 24 46 65 75 8 4 9 18 70 51 25 64 55 44 77 34 28 61 71 50 78 33 56 43 67 73 22 48 12 17 6 3
61 34 76 20 39 81 41 9 21 7 79 46 32 52 14 70 27 67 56 58 3 8 30 80 47 51 26 16 72 84 22 43 12 65 1 53 57 68 59 4 54 6 48 31 78 83 11 24 42 49 69 25 13 35 40 74 18 36 19 38 75 0 63 62 64 33 73 17 37 50 15 71 28 66 55 60 2 82 44 10 23 5 77 45 29
8 2
63 37 36 20 74 23 83 9 43 7 30 77 48 72 14 25 50 54 60 65 3 31 79 5 47 15 26 69 52 84 10 21 42 58 68 53 2 1 59 55 67 45 32 8 78 41 82 24 12 49 16 70 28 35 17 39 75 76 33 38 18 62 61 0 64 19 73 40 34 27 51 71 13 66 4 56 57 11 44 22 81 80 46 6 29
37 69 53 21 5 74 63 36 20 2 52 47 42 79 26 10 68 84 15 58 31 44 51 4 46 30 14 83 60 67 28 78 12 19 62 76 35 27 11 80 66 50 48 3 43 16 59 82 32 64 34 75 18 57 29 81 13 9 65 77 25 45 41 1 49 33 17 73 61 6 56 71 22 54 23 72 7 24 8 70 55 39 38 0 40
8 2
37 79 68 26 10 15 58 84 31 53 21 69 5 36 20 74 63 42 52 2 47 32 59 16 82 61 17 33 73 46 51 44 4 7 23 54 72 57 81 13 29 50 3 43 48 24 70 55 8 19 76 35 62 83 30 14 60 71 6 56 22 75 64 34 18 1 45 41 49 38 40 0 39 28 12 78 67 65 25 77 9 11 66 80 27
41 51 2 48 38 75 6 60 26 9 81 21 61 55 36 78 16 31 66 19 72 11 84 23 62 74 8 59 28 29 65 17 69 56 34 79 14 50 4 47 40 0 44 43 42 52 46 39 3 49 37 1 45 53 77 13 33 76 58 27 7 12 24 63 82 30 18 71 68 32 70 67 20 73 25 5 57 54 15 35 80 10 64 83 22
8 2
17 24 52 60 80 21 57 77 49 23 79 51 59 22 50 58 78 0 19 18 20 5 13 9 1 72 68 44 32 56 48 84 28 40 76 64 36 37 73 61 33 55 47 83 27 70 66 42 30 8 14 11 2 69 65 41 29 6 15 12 3 39 75 63 35 54 46 82 26 53 45 81 25 38 74 62 34 7 16 10 4 71 67 43 31
65 60 63 3 54 84 34 51 8 40 10 78 27 13 45 21 73 32 71 19 42 15 75 46 24 39 26 12 80 29 41 69 17 82 6 35 52 37 77 25 9 30 20 43 72 14 23 74 48 83 50 7 36 58 4 55 64 57 53 61 1 59 62 2 56 0 67 66 68 31 70 18 44 16 47 22 76 38 11 79 28 81 33 49 5
8 2
2 3 0 1 4 39 44 45 50 41 38 51 48 46 49 40 43 52 47 42 37 61 66 55 60 67 64 57 54 56 59 62 65 58 53 68 63 20 10 5 15 9 19 16 6 7 13 18 12 14 8 11 17 34 28 23 29 27 33 30 24 21 31 36 26 32 22 25 35 76 77 71 82 79 74 84 69 70 83 73 80 81 72 78 75
43 29 70 68 19 58 73 6 28 83 9 63 23 40 49 46 2 16 53 80 34 15 78 33 56 82 64 21 11 60 7 25 74 39 47 1 51 84 22 12 61 38 4 52 45 59 27 75 5 14 36 54 77 37 50 48 3 13 55 79 35 57 76 8 26 81 10 62 24 31 17 71 67 30 65 20 72 0 41 44 42 32 69 66 18
8 2
37 74 36 20 63 42 47 52 2 58 15 31 84 5 21 53 69 26 68 10 79 71 6 56 22 81 57 29 13 80 27 11 66 4 44 51 46 32 59 16 82 12 28 67 78 55 8 24 70 49 41 45 1 19 76 35 62 64 75 18 34 33 73 61 17 39 0 40 38 65 25 77 9 23 7 72 54 14 60 83 30 48 43 3 50
53 27 82 18 48 16 34 80 43 50 32 11 75 69 21 37 5 64 3 66 59 14 44 35 78 61 57 1 65 52 74 31 10 70 6 23 40 15 79 42 36 72 39 8 22 62 67 60 4 49 9 73 29 0 54 56 55 26 84 20 47 25 45 81 17 28 19 46 83 13 33 77 41 51 30 12 76 71 24 38 7 63 2 68 58
8 2
12 36 45 59 70 72 57 47 34 9 11 10 0 48 71 58 33 60 46 69 35 41 82 63 24 55 49 74 32 78 67 37 28 16 8 20 1 31 73 50 56 21 62 83 44 2 18 7 13 26 39 65 80 66 79 25 40 6 15 3 17 81 42 23 64 51 53 30 76 19 4 14 5 38 27 77 68 75 29 54 52 61 22 43
36 12 70 59 45 74 63 20 37 49 82 8 67 32 24 1 28 55 41 16 78 46 11 57 71 60 9 72 48 35 0 34 33 69 10 47 58 22 29 27 4 43 54 77 14 61 75 38 19 84 52 68 5 66 51 6 81 25 30 3 23 40 76 17 64 79 53 15 42 13 56 44 80 7 50 83 65 18 73 62 39 2 31 21 26
8 2
84 77 75 70 4 55 46 25 18 15 31 37 58 44 64 9 24 34 8 65 51 30 57 39 16 7 49 66 35 63 21 10 42 48 17 28 56 11 62 23 41 40 32 60 13 67 6 50 33 26 47 20 53 52 68 5 36 22 12 61 43 59 38 29 14 19 27 45 54 73 3 71 78 69 74 2 79 1 72 76 80 81 83 82 0
66 77 10 28 39 74 46 13 22 72 31 41 19 3 64 53 59 83 8 33 52 56 57 4 63 35 49 84 7 16 21 75 48 42 17 70 30 11 27 80 37 40 12 79 25 67 68 0 65 26 38 78 9 51 6 81 36 18 32 69 43 24 47 73 14 58 62 1 54 29 44 71 20 61 55 2 60 45 15 76 23 5 34 82 50
8 2
31 7 62 45 80 23 35 1 27 37 84 15 58 54 49 11 76 72 66 19 41 63 47 5 79 77 64 8 46 30 29 0 32 48 78 6 61 9 75 55 51 20 42 69 68 3 28 22 33 14 57 40 82 83 13 39 59 50 12 56 73 36 2 21 26 65 18 70 44 43 67 71 17 60 81 38 16 25 34 24 4 74 52 53 10
77 7 63 30 48 42 35 56 16 75 84 70 4 57 49 21 17 28 66 39 10 62 47 32 6 31 64 46 8 45 29 61 5 80 78 79 0 9 37 65 25 20 23 50 60 3 72 83 74 14 54 36 43 22 52 19 59 69 81 1 73 40 67 11 26 55 34 15 44 82 2 71 76 68 12 38 27 51 18 24 58 33 13 53 41
8 2
67 19 69 44 30 61 58 56 3 36 49 82 8 38 80 25 10 75 23 47 13 20 41 32 70 17 31 71 43 18 72 42 29 0 66 65 68 76 21 46 14 37 78 28 12 35 51 83 5 62 60 53 4 39 9 79 27 33 6 50 84 74 16 24 45 64 2 57 54 34 81 7 52 73 48 15 22 40 26 11 77 63 55 1 59
48 53 18 27 82 33 58 12 71 77 63 30 7 13 68 76 24 41 2 51 38 21 75 66 16 37 50 3 43 69 11 59 34 5 32 64 80 25 20 83 54 17 84 28 56 45 47 46 0 81 26 19 55 1 40 52 44 61 6 31 78 57 70 10 35 65 23 74 14 29 62 8 79 73 67 22 15 9 60 72 36 49 4 39 42
8 2
15 37 31 84 58 32 83 38 57 59 30 40 81 16 14 0 13 82 60 39 29 36 79 42 53 63 26 52 69 20 10 2 5 74 68 47 21 1 7 19 11 45 23 76 66 41 54 35 80 49 72 62 27 24 46 65 75 8 4 9 18 70 51 25 64 55 44 77 34 28 61 71 50 78 33 56 43 67 73 22 48 12 17 6 3
78 17 22 50 58 65 40 27 10 69 76 83 4 29 64 47 7 41 36 55 16 60 21 19 51 24 49 20 59 52 57 18 23 80 77 0 79 54 13 42 34 46 5 30 62 82 1 70 74 26 9 66 38 63 45 32 8 75 81 72 2 35 53 44 14 39 25 68 11 3 73 71 84 15 33 43 56 6 61 31 48 12 37 67 28
8 2
51 8 34 65 84 62 28 69 14 29 74 56 11 48 41 38 2 79 59 23 17 33 82 68 7 66 36 81 6 83 67 35 5 52 49 50 0 20 22 57 80 1 39 43 47 12 53 76 30 16 72 26 61 40 42 3 45 54 73 10 32 21 60 19 78 71 27 13 63 75 9 55 31 58 18 24 77 44 4 37 46 25 15 70 64
0 14 16 15 13 5 6 7 8 19 18 20 17 4 1 3 2 12 10 9 11 72 71 70 69 25 26 27 28 63 64 61 62 50 49 52 51 56 55 54 53 41 42 43 44 79 80 77 78 34 33 36 35 40 39 38 37 57 58 59 60 31 32 29 30 82 81 84 83 24 23 22 21 73 74 75 76 47 48 45 46 66 65 68 67
8 2
61 34 76 20 39 81 41 9 21 7 79 46 32 52 14 70 27 67 56 58 3 8 30 80 47 51 26 16 72 84 22 43 12 65 1 53 57 68 59 4 54 6 48 31 78 83 11 24 42 49 69 25 13 35 40 74 18 36 19 38 75 0 63 62 64 33 73 17 37 50 15 71 28 66 55 60 2 82 44 10 23 5 77 45 29
37 69 53 21 5 74 63 36 20 2 52 47 42 79 26 10 68 84 15 58 31 44 51 4 46 30 14 83 60 67 28 78 12 19 62 76 35 27 11 80 66 50 48 3 43 16 59 82 32 64 34 75 18 57 29 81 13 9 65 77 25 45 41 1 49 33 17 73 61 6 56 71 22 54 23 72 7 24 8 70 55 39 38 0 40
8 2
31 7 62 45 80 23 35 1 27 37 84 15 58 54 49 11 76 72 66 19 41 63 47 5 79 77 64 8 46 30 29 0 32 48 78 6 61 9 75 55 51 20 42 69 68 3 28 22 33 14 57 40 82 83 13 39 59 50 12 56 73 36 2 21 26 65 18 70 44 43 67 71 17 60 81 38 16 25 34 24 4 74 52 53 10
61 34 76 20 39 81 41 9 21 7 79 46 32 52 14 70 27 67 56 58 3 8 30 80 47 51 26 16 72 84 22 43 12 65 1 53 57 68 59 4 54 6 48 31 78 83 11 24 42 49 69 25 13 35 40 74 18 36 19 38 75 0 63 62 64 33 73 17 37 50 15 71 28 66 55 60 2 82 44 10 23 5 77 45 29
8 2
12 70 36 59 45 71 58 48 33 69 46 35 60 72 34 57 47 0 9 10 11 4 5 14 19 84 22 61 43 77 38 27 68 75 54 52 29 74 55 49 32 78 37 28 67 82 24 63 41 1 8 16 20 81 23 64 42 3 6 15 17 76 53 51 30 79 40 25 66 80 39 26 65 73 56 50 31 2 7 13 18 83 21 62 44
48 53 18 27 82 33 58 12 71 77 63 30 7 13 68 76 24 41 2 51 38 21 75 66 16 37 50 3 43 69 11 59 34 5 32 64 80 25 20 83 54 17 84 28 56 45 47 46 0 81 26 19 55 1 40 52 44 61 6 31 78 57 70 10 35 65 23 74 14 29 62 8 79 73 67 22 15 9 60 72 36 49 4 39 42
8 2
61 34 76 20 39 81 41 9 21 7 79 46 32 52 14 70 27 67 56 58 3 8 30 80 47 51 26 16 72 84 22 43 12 65 1 53 57 68 59 4 54 6 48 31 78 83 11 24 42 49 69 25 13 35 40 74 18 36 19 38 75 0 63 62 64 33 73 17 37 50 15 71 28 66 55 60 2 82 44 10 23 5 77 45 29
21 9 61 41 81 5 53 37 69 1 29 25 33 17 49 77 57 13 73 65 45 0 24 23 22 11 64 43 82 10 84 63 42 12 44 83 62 7 56 39 70 3 32 27 34 20 52 79 58 14 76 67 46 6 72 55 38 16 48 75 66 2 36 31 26 19 60 51 78 8 40 71 54 18 80 59 50 15 68 47 74 4 28 35 30
8 2
21 9 61 41 81 5 53 37 69 1 29 25 33 17 49 77 57 13 73 65 45 0 24 23 22 11 64 43 82 10 84 63 42 12 44 83 62 7 56 39 70 3 32 27 34 20 52 79 58 14 76 67 46 6 72 55 38 16 48 75 66 2 36 31 26 19 60 51 78 8 40 71 54 18 80 59 50 15 68 47 74 4 28 35 30
13 45 21 73 65 48 68 24 76 47 75 67 23 0 14 16 15 46 22 74 66 2 18 12 7 50 26 70 62 44 56 36 80 39 83 59 31 41 53 33 77 37 81 57 29 1 17 9 5 49 25 69 61 38 82 58 30 43 55 35 79 52 28 72 64 4 20 11 6 51 27 71 63 3 19 10 8 40 84 60 32 42 54 34 78
8 2
69 46 35 60 12 14 62 28 51 76 78 83 4 21 5 53 37 67 30 19 44 13 25 49 61 22 55 40 7 66 18 43 32 74 84 2 79 16 50 64 27 68 42 31 20 73 1 77 81 23 38 8 56 15 63 26 52 75 80 82 3 24 6 54 39 65 29 17 41 0 72 71 70 45 33 57 9 47 10 36 58 48 59 11 34
1 29 21 25 33 26 34 30 22 3 2 0 4 35 23 31 27 24 28 32 36 56 60 64 68 51 39 47 43 11 15 7 19 74 82 78 70 45 41 49 37 61 65 53 57 77 69 73 81 5 17 9 13 18 6 14 10 72 80 84 76 67 63 59 55 42 46 38 50 83 75 71 79 16 12 20 8 40 52 44 48 58 54 66 62
8 2
84 77 75 70 4 55 46 25 18 15 31 37 58 44 64 9 24 34 8 65 51 30 57 39 16 7 49 66 35 63 21 10 42 48 17 28 56 11 62 23 41 40 32 60 13 67 6 50 33 26 47 20 53 52 68 5 36 22 12 61 43 59 38 29 14 19 27 45 54 73 3 71 78 69 74 2 79 1 72 76 80 81 83 82 0
15 37 31 84 58 32 83 38 57 59 30 40 81 16 14 0 13 82 60 39 29 36 79 42 53 63 26 52 69 20 10 2 5 74 68 47 21 1 7 19 11 45 23 76 66 41 54 35 80 49 72 62 27 24 46 65 75 8 4 9 18 70 51 25 64 55 44 77 34 28 61 71 50 78 33 56 43 67 73 22 48 12 17 6 3
9 2
44 50 2 45 39 74 6 57 27 9 84 24 64 54 33 79 16 30 67 19 69 81 11 63 22 8 75 25 58 68 32 72 17 35 53 14 78 4 51 37 46 41 0 43 42 47 49 3 38 40 52 48 1 80 56 36 13 59 73 7 26 21 12 83 62 18 31 65 70 71 29 20 66 28 76 60 5 15 55 77 34 61 10 23 82
42 62 9 22 82 25 6 76 59 16 77 35 56 52 47 37 2 71 32 19 65 55 33 80 14 57 75 7 28 68 20 31 69 3 40 45 51 84 21 10 63 41 44 43 0 11 83 24 61 23 12 81 64 46 1 38 50 5 58 74 26 78 54 34 13 30 66 17 70 18 29 67 72 73 8 60 27 39 48 4 49 36 79 53 15
10 2
9 24 44 64 84 21 41 61 81 0 12 11 10 23 63 83 43 22 82 42 62 5 17 13 1 72 60 48 36 56 52 76 32 40 80 68 28 69 57 45 33 6 19 16 2 39 79 67 27 54 50 74 30 53 49 73 29 38 78 66 26 7 20 14 3 71 59 47 35 37 77 65 25 55 51 75 31 70 58 46 34 8 18 15 4
19 29 43 68 70 69 44 30 67 41 66 31 72 65 71 32 42 17 20 0 18 21 78 51 60 33 64 74 39 1 7 11 15 25 47 56 82 53 83 28 46 9 16 2 6 73 40 34 63 49 58 23 80 37 76 62 35 57 50 79 24 81 55 48 26 13 10 8 3 5 4 14 12 45 27 84 54 77 22 59 52 61 36 38 75
10 2
51 48 2 41 38 84 65 34 8 56 74 11 29 28 14 69 62 17 23 59 79 58 77 18 24 71 63 27 13 12 30 53 76 33 7 82 68 37 4 46 44 3 42 45 40 43 39 47 1 50 49 0 52 31 75 55 9 78 21 19 60 61 16 26 72 6 66 81 36 15 70 25 64 73 10 54 32 22 57 20 80 67 35 83 5
33 48 71 12 58 83 52 66 8 25 1 21 29 20 40 75 62 54 44 16 79 38 76 18 63 2 24 27 30 41 13 53 77 51 68 82 7 32 4 26 23 80 42 55 14 64 39 19 74 5 49 81 65 57 69 45 9 70 11 47 60 10 59 46 72 35 34 0 36 15 78 56 43 73 61 17 37 22 31 28 3 67 6 84 50
10 1
15 31 58 84 37 82 39 29 60 14 13 0 16 40 59 30 81 57 83 32 38 49 27 72 62 76 23 66 45 11 1 19 7 54 35 41 80 67 48 73 22 71 61 50 28 43 78 56 33 17 6 12 3 8 18 4 9 77 44 34 55 64 70 25 51 46 65 24 75 36 53 79 42 2 10 5 20 21 74 47 68 26 52 63 69
10 2
20 64 73 35 38 76 39 34 61 36 74 37 63 40 33 75 62 17 19 18 0 49 78 59 24 71 29 66 44 26 47 53 84 14 7 3 9 11 4 6 13 82 55 45 28 43 65 30 72 21 58 79 52 31 69 42 68 77 50 23 60 8 16 12 1 46 27 81 56 54 83 25 48 2 10 15 5 57 22 51 80 67 41 70 32
84 64 44 24 9 31 58 37 15 8 65 34 51 46 55 18 25 77 4 75 70 49 66 7 35 71 3 78 73 26 53 47 20 14 59 29 38 54 19 45 27 67 33 6 50 2 74 79 69 57 39 30 16 76 72 80 1 17 28 48 56 36 52 5 68 40 13 32 60 11 41 62 23 43 22 61 12 21 10 63 42 82 83 0 81
10 1
17 79 51 23 59 21 49 57 77 52 60 24 80 20 18 19 0 58 22 50 78 61 37 73 33 46 26 82 54 32 68 72 44 7 10 4 16 41 69 65 29 14 2 11 8 34 74 38 62 56 84 28 48 9 5 13 1 67 31 43 71 27 47 55 83 39 63 35 75 81 53 45 25 76 36 64 40 3 15 6 12 70 42 30 66
10 2
69 83 76 78 4 14 51 62 28 30 67 44 19 37 5 21 53 60 35 12 46 15 63 26 52 38 23 56 8 57 9 45 33 32 43 18 66 13 25 49 61 59 48 34 11 31 20 68 42 39 54 6 24 16 50 64 27 29 65 41 17 40 7 22 55 58 36 10 47 0 72 71 70 84 74 79 2 82 3 75 80 81 77 1 73
9 83 63 43 23 81 61 41 21 0 11 10 12 82 42 22 62 84 24 64 44 8 15 4 18 52 32 76 56 66 38 78 26 33 57 69 45 50 30 74 54 7 14 3 20 36 60 72 48 65 37 77 25 68 40 80 28 34 58 70 46 6 16 2 19 49 29 73 53 35 59 71 47 67 39 79 27 51 31 75 55 5 13 1 17
10 2
9 64 84 24 44 61 81 21 41 0 12 11 10 63 23 43 83 62 42 82 22 7 20 14 3 47 35 71 59 29 73 49 53 78 38 26 66 46 34 70 58 8 18 15 4 77 37 25 65 31 75 51 55 32 76 52 56 80 40 28 68 5 17 13 1 48 36 72 60 79 39 27 67 30 74 50 54 45 33 69 57 6 19 16 2
33 1 25 29 21 79 44 54 16 75 40 62 20 83 52 66 8 71 48 58 12 4 32 23 26 2 24 27 30 3 28 31 22 0 36 35 34 72 46 59 10 84 50 67 6 76 38 63 18 80 42 55 14 82 7 51 68 74 19 39 64 70 11 47 60 78 15 43 56 73 61 17 37 69 57 9 45 81 65 5 49 77 53 13 41
12 2
0 4 1 3 2 5 6 7 8 14 13 16 15 19 20 17 18 12 11 10 9 70 71 69 72 75 74 76 73 77 80 78 79 84 81 83 82 22 23 21 24 27 26 28 25 29 32 30 31 36 33 35 34 54 55 53 56 59 58 60 57 61 64 62 63 68 65 67 66 38 39 37 40 43 42 44 41 45 48 46 47 52 49 51 50
2 1 4 3 0 40 43 46 49 52 47 42 37 44 39 50 45 48 51 38 41 27 33 30 24 23 29 34 28 35 25 22 32 31 21 26 36 78 75 81 72 70 83 73 80 74 79 69 84 82 71 77 76 65 62 59 56 53 58 63 68 61 66 55 60 57 54 67 64 10 20 15 5 6 16 19 9 18 12 7 13 14 8 11 17
12 2
27 78 40 65 10 57 6 74 44 23 31 1 35 18 48 82 53 52 61 70 14 47 55 83 17 7 41 76 58 29 36 4 22 64 16 69 50 72 62 15 49 75 5 43 59 81 46 56 20 2 30 33 24 34 3 32 21 42 73 8 60 13 71 63 51 54 84 45 19 12 68 38 77 28 25 26 0 37 11 66 80 67 39 9 79
41 51 2 48 38 75 6 60 26 9 81 21 61 55 36 78 16 31 66 19 72 11 84 23 62 74 8 59 28 29 65 17 69 56 34 79 14 50 4 47 40 0 44 43 42 52 46 39 3 49 37 1 45 53 77 13 33 76 58 27 7 12 24 63 82 30 18 71 68 32 70 67 20 73 25 5 57 54 15 35 80 10 64 83 22
12 2
44 50 2 45 39 74 6 57 27 9 84 24 64 54 33 79 16 30 67 19 69 81 11 63 22 8 75 25 58 68 32 72 17 35 53 14 78 4 51 37 46 41 0 43 42 47 49 3 38 40 52 48 1 80 56 36 13 59 73 7 26 21 12 83 62 18 31 65 70 71 29 20 66 28 76 60 5 15 55 77 34 61 10 23 82
27 78 40 65 10 57 6 74 44 23 31 1 35 18 48 82 53 52 61 70 14 47 55 83 17 7 41 76 58 29 36 4 22 64 16 69 50 72 62 15 49 75 5 43 59 81 46 56 20 2 30 33 24 34 3 32 21 42 73 8 60 13 71 63 51 54 84 45 19 12 68 38 77 28 25 26 0 37 11 66 80 67 39 9 79
12 2
51 56 11 29 74 65 34 84 8 59 79 17 23 62 14 28 69 2 41 48 38 40 45 42 3 72 26 16 61 24 18 77 58 5 83 35 67 10 73 32 54 30 12 76 53 75 31 9 55 49 50 52 0 78 21 19 60 43 39 47 1 15 70 25 64 33 7 82 68 27 13 71 63 20 80 22 57 46 44 37 4 81 36 6 66
72 56 40 24 5 12 34 47 57 73 79 82 4 50 14 25 63 31 41 19 66 11 45 58 35 51 26 61 16 29 18 67 42 74 83 3 77 10 59 33 46 30 65 43 20 75 2 78 81 49 62 15 27 9 36 48 60 76 80 84 1 52 13 28 64 32 44 17 68 0 70 71 69 53 39 22 8 54 7 37 23 55 21 6 38
12 2
2 1 4 3 0 50 45 44 39 38 41 48 51 46 49 40 43 42 37 52 47 32 22 25 35 36 26 21 31 24 30 33 27 28 34 29 23 75 78 72 81 83 70 80 73 79 74 84 69 71 82 76 77 53 58 63 68 65 62 59 56 57 54 67 64 61 66 55 60 11 17 14 8 7 13 18 12 19 9 6 16 15 5 10 20
43 68 19 29 70 28 6 73 58 9 83 23 63 40 49 46 2 80 34 16 53 81 10 62 24 8 26 57 76 35 79 55 13 50 37 3 48 18 66 69 32 41 0 42 44 30 65 20 72 71 67 31 17 47 39 51 1 74 25 7 60 21 11 82 64 15 78 33 56 54 77 14 36 59 27 75 5 4 38 45 52 61 12 22
12 2
22 70 38 54 5 26 1 30 34 50 78 17 58 13 74 66 46 62 82 42 9 45 75 14 68 36 4 27 29 59 77 52 19 12 84 61 43 83 41 64 10 2 32 25 35 73 67 15 48 80 20 51 57 18 60 49 79 31 33 28 3 44 11 63 81 65 47 16 76 56 6 71 37 21 23 0 24 7 40 69 55 39 53 72 8
27 70 52 61 14 74 6 44 57 82 53 18 48 1 23 31 35 78 40 65 10 36 22 4 29 59 5 75 43 45 54 84 19 12 38 77 68 37 66 80 11 8 42 73 60 24 30 2 33 55 17 83 47 20 46 81 56 41 58 76 7 67 9 79 39 32 34 3 21 63 13 71 51 28 26 0 25 16 50 69 64 49 62 72 15
12 2
73 13 21 45 65 55 52 30 11 79 72 82 4 35 64 38 20 43 28 58 6 46 16 23 68 66 14 47 24 22 15 67 48 74 0 75 76 25 41 5 57 61 33 17 37 69 77 1 81 49 53 9 29 18 36 39 62 2 80 83 70 7 44 59 26 12 56 31 50 84 78 71 3 60 42 27 8 40 34 63 19 32 54 51 10
84 51 8 34 65 55 25 18 46 75 70 77 4 9 64 24 44 31 15 58 37 11 62 23 41 29 14 59 38 56 28 17 48 74 69 79 2 52 68 5 36 50 33 67 6 0 82 83 81 49 7 35 66 30 57 39 16 76 80 1 72 53 20 47 26 12 22 43 61 73 3 71 78 10 42 63 21 54 45 27 19 32 40 13 60
12 2
39 20 34 61 76 10 28 66 77 2 45 44 50 5 55 71 23 15 82 29 60 0 37 40 38 18 36 62 73 19 74 33 64 17 63 75 35 12 26 65 80 1 47 43 51 8 53 72 22 16 84 30 57 9 79 27 67 14 58 81 32 3 52 46 41 7 21 56 70 11 68 78 25 6 69 24 54 13 31 59 83 4 42 49 48
45 26 83 56 18 65 73 13 21 80 7 62 31 39 44 50 2 12 59 70 36 10 71 34 60 79 64 30 6 68 14 22 75 37 49 1 41 78 32 8 63 38 4 43 52 66 23 76 15 9 33 57 69 40 42 51 3 11 58 72 35 67 74 16 24 77 5 61 29 27 19 84 54 28 55 20 82 0 48 47 46 25 81 53 17
12 2
34 53 43 16 80 39 20 61 76 72 47 57 12 22 26 1 30 8 84 65 51 82 66 5 50 18 64 37 75 27 3 21 32 48 59 69 11 29 28 23 2 73 19 40 63 9 46 70 58 49 83 6 68 15 77 55 44 36 33 0 35 79 41 56 14 42 13 54 78 60 10 71 45 62 74 38 17 67 52 7 81 4 31 24 25
83 78 76 69 4 23 9 63 43 52 66 8 33 18 26 45 56 57 38 32 15 17 47 55 27 22 64 41 10 50 7 36 65 58 29 16 40 59 13 39 31 24 42 11 61 20 54 25 48 49 34 68 6 51 67 5 35 21 12 62 44 60 37 30 14 19 28 46 53 79 75 71 1 0 81 84 82 77 72 3 74 80 2 73 70
12 2
51 56 11 29 74 65 34 84 8 59 79 17 23 62 14 28 69 2 41 48 38 40 45 42 3 72 26 16 61 24 18 77 58 5 83 35 67 10 73 32 54 30 12 76 53 75 31 9 55 49 50 52 0 78 21 19 60 43 39 47 1 15 70 25 64 33 7 82 68 27 13 71 63 20 80 22 57 46 44 37 4 81 36 6 66
25 6 76 59 42 55 18 84 46 38 10 67 80 72 14 50 63 21 1 33 29 57 41 5 73 27 26 0 28 44 75 8 58 74 60 7 43 68 78 39 11 83 48 54 20 34 31 24 4 49 61 69 13 3 36 23 30 17 81 53 45 15 51 70 64 12 66 40 79 62 16 71 52 47 19 56 82 77 9 37 65 32 2 22 35
12 2
69 83 76 78 4 14 51 62 28 30 67 44 19 37 5 21 53 60 35 12 46 15 63 26 52 38 23 56 8 57 9 45 33 32 43 18 66 13 25 49 61 59 48 34 11 31 20 68 42 39 54 6 24 16 50 64 27 29 65 41 17 40 7 22 55 58 36 10 47 0 72 71 70 84 74 79 2 82 3 75 80 81 77 1 73
45 21 13 73 65 39 2 44 50 7 31 62 80 56 26 83 18 70 36 12 59 61 77 5 29 41 49 37 1 9 57 69 33 81 17 53 25 76 66 23 15 46 48 0 47 67 16 24 74 14 75 22 68 20 28 55 82 52 4 38 43 79 30 6 64 58 35 72 11 34 10 71 60 3 42 40 51 27 84 54 19 32 63 8 78
12 2
42 47 2 37 52 56 35 77 16 25 59 6 76 82 9 62 22 19 71 32 65 67 29 72 18 23 64 12 81 75 7 57 28 13 78 34 54 3 51 40 45 38 1 50 46 49 39 4 48 44 43 41 0 58 74 5 26 69 68 31 20 10 21 63 84 36 15 79 53 61 11 24 83 8 60 73 27 30 70 66 17 80 33 14 55
65 60 63 3 54 84 34 51 8 40 10 78 27 13 45 21 73 32 71 19 42 15 75 46 24 39 26 12 80 29 41 69 17 82 6 35 52 37 77 25 9 30 20 43 72 14 23 74 48 83 50 7 36 58 4 55 64 57 53 61 1 59 62 2 56 0 67 66 68 31 70 18 44 16 47 22 76 38 11 79 28 81 33 49 5
12 2
2 3 0 1 4 40 43 46 49 42 37 52 47 45 50 39 44 51 48 41 38 65 62 59 56 63 68 53 58 60 55 66 61 54 57 64 67 10 20 15 5 19 9 6 16 13 7 12 18 8 14 17 11 27 33 30 24 34 28 23 29 32 22 25 35 21 31 36 26 78 75 81 72 73 80 70 83 84 69 79 74 71 82 76 77
40 24 72 56 5 2 43 49 46 30 81 59 15 27 10 78 65 33 62 20 75 44 48 52 1 9 68 80 28 64 76 17 36 84 13 60 32 50 41 47 4 19 63 73 34 57 82 14 31 79 12 66 25 45 51 42 3 16 58 83 29 67 77 11 26 74 18 61 35 39 38 37 0 6 53 70 23 54 71 8 21 69 7 55 22
12 2
33 54 16 79 44 48 58 71 12 83 66 8 52 25 1 21 29 20 62 40 75 76 38 63 18 31 22 3 28 49 5 65 81 11 70 60 47 13 41 77 53 78 15 43 56 42 80 14 55 34 35 36 0 68 51 7 82 61 73 37 17 4 32 23 26 59 10 72 46 24 2 30 27 6 67 50 84 39 64 74 19 69 57 9 45
48 53 18 27 82 33 58 12 71 77 63 30 7 13 68 76 24 41 2 51 38 21 75 66 16 37 50 3 43 69 11 59 34 5 32 64 80 25 20 83 54 17 84 28 56 45 47 46 0 81 26 19 55 1 40 52 44 61 6 31 78 57 70 10 35 65 23 74 14 29 62 8 79 73 67 22 15 9 60 72 36 49 4 39 42
16 4
7 79 61 46 32 5 8 0 6 47 29 78 64 63 48 77 30 31 62 80 45 37 54 23 72 68 33 51 82 10 16 17 4 26 44 59 73 21 70 39 56 52 81 67 34 20 3 9 14 58 76 27 41 69 22 55 40 84 49 35 66 2 18 13 12 74 60 43 25 53 38 71 24 36 65 83 50 15 11 1 19 42 28 75 57
6 75 60 41 26 5 0 8 7 59 76 25 42 27 74 44 57 43 73 58 28 53 70 23 40 11 4 13 20 50 84 67 33 32 77 47 62 69 54 39 24 3 12 17 15 82 52 35 65 80 29 63 46 21 38 55 72 16 19 9 2 66 36 51 81 48 61 31 78 37 22 71 56 18 14 1 10 34 68 83 49 64 45 79 30
8 51 34 84 65 5 7 6 0 67 82 36 49 83 33 66 52 35 68 81 50 69 38 23 56 62 48 79 29 28 41 59 74 14 2 17 11 53 22 39 72 30 80 47 61 76 57 43 26 12 20 1 16 37 70 55 24 46 64 31 77 44 25 75 58 4 15 9 18 21 54 71 40 78 32 63 45 60 73 27 42 19 10 13 3
0 17 20 18 19 5 6 7 8 13 15 16 14 9 12 10 11 1 3 4 2 21 22 23 24 57 58 59 60 77 78 79 80 49 50 51 52 37 38 39 40 73 74 75 76 61 62 63 64 33 34 35 36 53 54 55 56 25 26 27 28 45 46 47 48 81 82 83 84 69 70 71 72 41 42 43 44 29 30 31 32 65 66 67 68
16 4
31 7 62 45 80 23 35 1 27 37 84 15 58 54 49 11 76 72 66 19 41 63 47 5 79 77 64 8 46 30 29 0 32 48 78 6 61 9 75 55 51 20 42 69 68 3 28 22 33 14 57 40 82 83 13 39 59 50 12 56 73 36 2 21 26 65 18 70 44 43 67 71 17 60 81 38 16 25 34 24 4 74 52 53 10
72 50 25 63 14 12 47 57 34 56 40 24 5 73 4 79 82 31 41 19 66 45 35 58 11 2 81 78 75 44 68 17 32 39 8 22 53 59 46 33 10 18 42 67 29 21 38 6 55 80 1 84 76 36 60 48 9 7 23 37 54 83 77 3 74 65 20 43 30 70 69 71 0 13 64 28 52 62 27 15 49 26 16 61 51
18 53 82 27 48 26 56 83 45 47 54 28 81 84 55 46 25 20 0 19 17 34 37 64 75 16 5 3 11 43 69 66 32 80 21 59 50 22 79 49 60 72 42 29 67 8 15 9 4 39 36 73 62 1 10 14 6 61 74 35 40 57 52 78 23 65 31 44 70 30 68 71 41 51 58 24 77 76 63 38 33 12 2 7 13
69 46 35 60 12 14 62 28 51 76 78 83 4 21 5 53 37 67 30 19 44 13 25 49 61 22 55 40 7 66 18 43 32 74 84 2 79 16 50 64 27 68 42 31 20 73 1 77 81 23 38 8 56 15 63 26 52 75 80 82 3 24 6 54 39 65 29 17 41 0 72 71 70 45 33 57 9 47 10 36 58 48 59 11 34
16 4
84 24 64 44 9 31 58 37 15 4 77 70 75 34 51 8 65 25 18 55 46 80 76 72 1 17 48 56 28 52 68 5 36 60 13 40 32 7 49 66 35 71 78 73 3 53 20 47 26 38 59 14 29 45 54 19 27 67 6 50 33 74 69 79 2 16 39 57 30 62 11 41 23 43 61 12 22 10 42 63 21 81 83 82 0
60 24 80 17 52 26 6 41 75 29 39 82 15 35 69 12 46 3 54 63 65 64 56 68 1 44 5 76 28 9 72 48 36 84 40 13 32 71 45 10 34 7 74 43 25 38 16 81 31 53 67 62 4 49 18 79 22 59 58 57 0 78 51 19 21 20 77 50 23 14 83 37 30 73 42 8 27 66 61 55 2 47 11 70 33
74 36 63 37 20 57 6 44 27 46 66 13 22 11 51 56 29 71 81 80 4 55 12 49 32 41 59 8 28 16 45 67 24 78 70 82 1 3 72 77 83 25 60 43 7 30 9 54 50 23 48 14 65 68 47 21 15 5 58 26 42 84 69 2 79 52 10 31 53 62 34 17 38 73 0 76 75 39 33 64 19 18 35 40 61
23 1 27 35 31 9 43 83 63 5 39 71 55 17 51 79 59 13 47 75 67 22 21 0 24 34 29 2 28 26 33 4 32 30 25 3 36 82 61 10 44 70 53 6 40 78 57 18 52 74 65 14 48 42 81 12 64 46 73 16 68 38 69 8 56 50 77 20 60 62 41 11 84 58 49 19 80 66 45 15 76 54 37 7 72
16 4
21 9 61 41 81 5 53 37 69 1 29 25 33 17 49 77 57 13 73 65 45 0 24 23 22 11 64 43 82 10 84 63 42 12 44 83 62 7 56 39 70 3 32 27 34 20 52 79 58 14 76 67 46 6 72 55 38 16 48 75 66 2 36 31 26 19 60 51 78 8 40 71 54 18 80 59 50 15 68 47 74 4 28 35 30
7 79 61 46 32 5 8 0 6 47 29 78 64 63 48 77 30 31 62 80 45 37 54 23 72 68 33 51 82 10 16 17 4 26 44 59 73 21 70 39 56 52 81 67 34 20 3 9 14 58 76 27 41 69 22 55 40 84 49 35 66 2 18 13 12 74 60 43 25 53 38 71 24 36 65 83 50 15 11 1 19 42 28 75 57
6 75 60 41 26 5 0 8 7 59 76 25 42 27 74 44 57 43 73 58 28 53 70 23 40 11 4 13 20 50 84 67 33 32 77 47 62 69 54 39 24 3 12 17 15 82 52 35 65 80 29 63 46 21 38 55 72 16 19 9 2 66 36 51 81 48 61 31 78 37 22 71 56 18 14 1 10 34 68 83 49 64 45 79 30
70 27 61 52 14 5 22 38 54 43 29 68 19 75 4 77 84 59 36 12 45 40 6 23 53 78 74 1 82 10 57 35 48 65 44 31 18 56 7 39 21 46 58 9 34 20 41 67 32 81 76 79 3 24 8 55 37 30 42 17 66 2 73 83 80 33 60 47 11 72 0 71 69 62 26 13 50 15 25 51 64 49 28 63 16
16 4
18 27 48 53 82 54 28 47 81 84 25 55 46 45 26 83 56 19 0 17 20 65 70 31 44 10 14 1 6 78 52 23 57 40 61 35 74 63 38 76 33 51 77 58 24 13 12 7 2 71 68 41 30 3 5 11 16 32 43 66 69 34 75 37 64 21 59 80 50 60 22 49 79 73 36 62 39 42 29 72 67 8 4 15 9
17 23 51 59 79 22 58 78 50 24 80 52 60 21 49 57 77 0 19 18 20 13 5 1 9 67 71 31 43 47 55 27 83 75 39 35 63 74 38 34 62 48 56 28 84 65 69 29 41 14 8 2 11 66 70 30 42 15 6 3 12 76 40 36 64 45 53 25 81 46 54 26 82 73 37 33 61 16 7 4 10 68 72 32 44
2 3 0 1 4 40 43 46 49 42 37 52 47 45 50 39 44 51 48 41 38 65 62 59 56 63 68 53 58 60 55 66 61 54 57 64 67 10 20 15 5 19 9 6 16 13 7 12 18 8 14 17 11 27 33 30 24 34 28 23 29 32 22 25 35 21 31 36 26 78 75 81 72 73 80 70 83 84 69 79 74 71 82 76 77
3 2 1 0 4 56 58 61 67 62 68 55 57 65 63 60 54 59 53 66 64 45 42 51 40 50 37 48 43 39 52 41 46 44 47 38 49 26 35 29 24 31 22 28 33 21 32 34 27 36 25 23 30 18 16 11 5 12 6 17 15 7 9 14 20 13 19 8 10 83 77 74 72 73 71 84 78 70 76 79 81 80 82 69 75
16 4
27 1 23 31 35 44 6 57 74 40 10 65 78 52 14 61 70 48 18 53 82 30 33 2 24 26 25 0 28 34 21 3 32 22 29 4 36 67 79 39 9 59 75 43 5 55 83 47 17 63 71 51 13 19 54 45 84 7 58 41 76 15 62 49 72 11 66 37 80 69 16 50 64 73 8 42 60 77 12 38 68 81 20 46 56
16 36 41 55 78 53 43 80 34 42 77 56 35 15 14 13 0 79 54 44 33 37 82 59 32 63 49 70 28 74 67 45 24 20 8 12 1 21 48 66 75 2 9 6 19 31 60 81 38 26 72 51 61 5 18 3 11 68 73 23 46 52 62 25 71 84 39 30 57 69 27 64 50 58 29 40 83 10 4 17 7 47 22 76 65
84 24 64 44 9 31 58 37 15 4 77 70 75 34 51 8 65 25 18 55 46 80 76 72 1 17 48 56 28 52 68 5 36 60 13 40 32 7 49 66 35 71 78 73 3 53 20 47 26 38 59 14 29 45 54 19 27 67 6 50 33 74 69 79 2 16 39 57 30 62 11 41 23 43 61 12 22 10 42 63 21 81 83 82 0
63 36 74 20 37 83 43 9 23 7 77 48 30 50 14 72 25 65 54 60 3 78 45 8 32 16 70 49 28 41 12 82 24 55 59 67 1 4 56 66 57 29 80 6 46 22 44 81 11 27 13 51 71 76 18 33 38 40 73 34 19 64 62 0 61 17 39 35 75 69 26 52 15 58 2 68 53 10 21 84 42 47 31 5 79
16 4
84 77 75 70 4 55 46 25 18 15 31 37 58 44 64 9 24 34 8 65 51 30 57 39 16 7 49 66 35 63 21 10 42 48 17 28 56 11 62 23 41 40 32 60 13 67 6 50 33 26 47 20 53 52 68 5 36 22 12 61 43 59 38 29 14 19 27 45 54 73 3 71 78 69 74 2 79 1 72 76 80 81 83 82 0
84 77 75 70 4 58 37 31 15 18 25 46 55 51 65 8 34 24 9 64 44 28 56 48 17 10 42 63 21 66 35 7 49 39 16 30 57 6 67 33 50 47 26 53 20 62 11 41 23 32 40 13 60 43 61 12 22 36 5 68 52 54 45 27 19 14 29 38 59 73 3 71 78 69 74 2 79 1 72 76 80 81 83 82 0
3 2 1 0 4 58 56 67 61 68 62 57 55 63 65 54 60 53 59 64 66 50 37 48 43 45 42 51 40 44 47 38 49 39 52 41 46 22 31 33 28 35 26 24 29 25 36 30 23 32 21 27 34 17 15 12 6 11 5 18 16 8 10 13 19 14 20 7 9 78 84 71 73 72 74 77 83 75 69 82 80 81 79 76 70
2 3 0 1 4 48 51 38 41 50 45 44 39 37 42 47 52 43 40 49 46 68 63 58 53 62 65 56 59 57 54 67 64 55 60 61 66 13 7 12 18 8 14 17 11 10 20 15 5 19 9 6 16 24 30 33 27 29 23 28 34 35 25 22 32 26 36 31 21 76 77 71 82 79 74 84 69 70 83 73 80 81 72 78 75
16 4
83 69 78 76 4 32 57 38 15 18 45 56 26 66 33 8 52 43 9 23 63 28 46 19 53 62 12 44 21 51 35 67 5 14 60 30 37 36 7 65 50 47 55 17 27 10 22 41 64 58 40 29 16 24 61 42 11 6 49 68 34 54 25 20 48 39 13 31 59 1 79 71 75 77 74 72 3 73 2 70 80 81 84 0 82
84 77 75 70 4 55 46 25 18 15 31 37 58 44 64 9 24 34 8 65 51 30 57 39 16 7 49 66 35 63 21 10 42 48 17 28 56 11 62 23 41 40 32 60 13 67 6 50 33 26 47 20 53 52 68 5 36 22 12 61 43 59 38 29 14 19 27 45 54 73 3 71 78 69 74 2 79 1 72 76 80 81 83 82 0
76 78 69 83 4 49 11 31 54 59 25 6 42 20 39 61 34 24 68 48 13 40 36 64 17 10 55 29 50 27 41 7 58 65 16 47 22 46 67 14 21 30 12 53 51 62 37 35 19 5 28 44 60 43 8 26 57 56 32 9 52 15 45 66 23 33 63 38 18 2 82 71 77 75 74 73 0 72 1 84 80 81 70 3 79
2 3 0 1 4 48 51 38 41 50 45 44 39 37 42 47 52 43 40 49 46 68 63 58 53 62 65 56 59 57 54 67 64 55 60 61 66 13 7 12 18 8 14 17 11 10 20 15 5 19 9 6 16 24 30 33 27 29 23 28 34 35 25 22 32 26 36 31 21 76 77 71 82 79 74 84 69 70 83 73 80 81 72 78 75
16 3
44 33 79 54 16 27 6 74 57 30 67 19 69 2 50 39 45 24 84 64 9 40 1 52 48 75 25 8 58 20 29 66 71 62 21 83 12 10 23 61 82 59 26 73 7 46 4 37 51 72 32 17 68 65 31 70 18 5 28 60 76 81 22 11 63 49 3 47 38 78 35 14 53 43 0 42 41 56 36 80 13 15 34 55 77
0 14 16 15 13 5 6 7 8 19 18 20 17 4 1 3 2 12 10 9 11 72 71 70 69 25 26 27 28 63 64 61 62 50 49 52 51 56 55 54 53 41 42 43 44 79 80 77 78 34 33 36 35 40 39 38 37 57 58 59 60 31 32 29 30 82 81 84 83 24 23 22 21 73 74 75 76 47 48 45 46 66 65 68 67
57 3 55 62 68 74 6 27 44 72 12 34 47 83 15 32 38 77 17 21 49 63 66 4 56 60 59 0 58 65 53 1 61 54 64 2 67 36 46 71 11 25 41 73 5 23 52 78 18 30 39 84 16 20 22 80 51 7 28 75 42 14 31 82 40 9 33 69 45 37 13 81 29 43 8 76 26 48 10 70 35 50 19 79 24
16 4
24 13 76 68 48 5 40 72 56 17 60 52 80 1 32 28 36 9 84 64 44 22 21 23 0 46 65 75 15 66 73 47 14 74 45 67 16 54 69 39 6 78 49 59 20 34 25 31 4 42 61 83 11 70 37 55 8 62 81 43 10 50 57 79 19 26 29 35 3 38 53 71 7 30 33 27 2 82 41 63 12 58 77 51 18
21 9 61 41 81 5 53 37 69 1 29 25 33 17 49 77 57 13 73 65 45 0 24 23 22 11 64 43 82 10 84 63 42 12 44 83 62 7 56 39 70 3 32 27 34 20 52 79 58 14 76 67 46 6 72 55 38 16 48 75 66 2 36 31 26 19 60 51 78 8 40 71 54 18 80 59 50 15 68 47 74 4 28 35 30
21 13 45 73 65 5 53 37 69 17 77 57 49 1 33 29 25 9 41 81 61 0 24 23 22 16 48 75 66 15 68 47 74 14 76 67 46 7 56 39 70 18 80 59 50 2 36 31 26 12 44 83 62 6 72 55 38 11 64 43 82 20 52 79 58 4 28 35 30 8 40 71 54 3 32 27 34 10 84 63 42 19 60 51 78
56 83 45 18 26 5 72 40 24 35 77 16 42 51 74 29 11 67 3 58 61 38 69 23 8 57 4 63 66 15 78 43 33 32 76 9 52 70 21 39 7 73 12 31 50 2 62 59 65 80 44 13 36 54 53 55 0 25 19 47 82 20 46 27 81 48 28 17 84 22 37 71 6 41 14 79 34 10 30 75 49 64 60 1 68
16 4
20 33 40 62 75 38 73 64 35 63 37 74 36 76 61 39 34 18 17 19 0 25 54 83 48 21 79 52 58 29 44 66 71 1 16 8 12 10 5 15 2 72 65 43 30 59 49 78 24 46 81 56 27 80 22 57 51 55 28 45 82 14 3 9 7 42 31 69 68 67 70 32 41 6 11 4 13 84 47 26 53 50 60 23 77
12 35 46 60 69 71 58 48 33 9 11 10 0 47 72 57 34 59 45 70 36 81 42 23 64 50 56 31 73 68 77 27 38 8 16 1 20 74 32 55 49 61 22 43 84 18 2 13 7 40 25 79 66 80 65 39 26 15 6 17 3 41 82 63 24 54 52 75 29 4 19 5 14 28 37 67 78 30 76 51 53 21 62 83 44
3 4 2 0 1 56 58 61 67 63 65 54 60 66 64 59 53 57 55 68 62 77 74 83 72 84 71 78 73 70 81 76 79 75 80 69 82 42 51 45 40 48 37 43 50 39 46 52 41 49 44 38 47 16 11 18 5 17 6 15 12 7 20 9 14 10 13 8 19 35 29 26 24 28 22 33 31 21 27 32 34 30 36 23 25
41 51 2 48 38 75 6 60 26 9 81 21 61 55 36 78 16 31 66 19 72 11 84 23 62 74 8 59 28 29 65 17 69 56 34 79 14 50 4 47 40 0 44 43 42 52 46 39 3 49 37 1 45 53 77 13 33 76 58 27 7 12 24 63 82 30 18 71 68 32 70 67 20 73 25 5 57 54 15 35 80 10 64 83 22
16 3
50 72 63 25 14 58 78 17 22 45 2 44 39 35 81 68 8 11 75 32 53 56 73 12 31 40 4 47 41 24 79 57 19 5 82 34 66 3 43 48 37 83 65 36 7 77 20 60 23 74 30 9 54 67 6 33 84 29 55 10 76 18 21 59 80 42 38 46 1 61 28 71 15 16 64 69 27 51 52 0 49 26 13 70 62
31 7 62 45 80 23 35 1 27 37 84 15 58 54 49 11 76 72 66 19 41 63 47 5 79 77 64 8 46 30 29 0 32 48 78 6 61 9 75 55 51 20 42 69 68 3 28 22 33 14 57 40 82 83 13 39 59 50 12 56 73 36 2 21 26 65 18 70 44 43 67 71 17 60 81 38 16 25 34 24 4 74 52 53 10
36 67 8 82 49 12 45 70 59 78 16 41 55 37 74 20 63 28 24 32 1 47 10 58 69 13 80 56 44 75 38 61 19 23 25 3 30 34 0 33 35 7 65 50 83 52 68 84 5 81 66 6 51 72 9 48 60 18 39 73 62 29 27 22 4 42 79 15 53 57 11 71 46 2 26 31 21 54 77 43 14 64 40 17 76
16 4
63 37 36 20 74 23 83 9 43 7 30 77 48 72 14 25 50 54 60 65 3 31 79 5 47 15 26 69 52 84 10 21 42 58 68 53 2 1 59 55 67 45 32 8 78 41 82 24 12 49 16 70 28 35 17 39 75 76 33 38 18 62 61 0 64 19 73 40 34 27 51 71 13 66 4 56 57 11 44 22 81 80 46 6 29
31 7 62 45 80 23 35 1 27 37 84 15 58 54 49 11 76 72 66 19 41 63 47 5 79 77 64 8 46 30 29 0 32 48 78 6 61 9 75 55 51 20 42 69 68 3 28 22 33 14 57 40 82 83 13 39 59 50 12 56 73 36 2 21 26 65 18 70 44 43 67 71 17 60 81 38 16 25 34 24 4 74 52 53 10
51 56 11 29 74 23 79 59 17 38 41 2 48 69 14 62 28 8 34 65 84 67 83 5 35 61 26 72 16 3 45 40 42 58 18 24 77 75 9 55 31 10 32 54 73 30 76 53 12 49 52 0 50 47 43 39 1 82 33 7 68 25 15 70 64 19 78 21 60 13 63 71 27 44 4 37 46 36 66 6 81 80 57 22 20
57 44 27 6 74 55 3 68 62 34 47 72 12 77 49 17 21 15 38 32 83 16 84 39 30 54 64 2 67 79 24 50 19 33 9 45 69 78 18 23 52 53 65 61 1 35 70 10 48 14 31 82 40 41 25 5 73 0 58 60 59 43 8 76 26 42 75 28 7 36 46 71 11 56 4 66 63 13 37 29 81 80 51 20 22
16 4
18 25 46 55 84 54 28 47 81 83 26 56 45 48 27 82 53 20 0 19 17 33 38 63 76 1 10 14 6 29 67 72 42 21 80 50 59 79 22 60 49 66 32 43 69 12 2 7 13 40 35 74 61 16 5 3 11 62 73 36 39 52 57 23 78 71 41 30 68 44 70 65 31 58 51 77 24 75 64 37 34 8 15 9 4
20 33 40 62 75 38 73 64 35 63 37 74 36 76 61 39 34 18 17 19 0 25 54 83 48 21 79 52 58 29 44 66 71 1 16 8 12 10 5 15 2 72 65 43 30 59 49 78 24 46 81 56 27 80 22 57 51 55 28 45 82 14 3 9 7 42 31 69 68 67 70 32 41 6 11 4 13 84 47 26 53 50 60 23 77
12 35 46 60 69 71 58 48 33 9 11 10 0 47 72 57 34 59 45 70 36 81 42 23 64 50 56 31 73 68 77 27 38 8 16 1 20 74 32 55 49 61 22 43 84 18 2 13 7 40 25 79 66 80 65 39 26 15 6 17 3 41 82 63 24 54 52 75 29 4 19 5 14 28 37 67 78 30 76 51 53 21 62 83 44
3 4 2 0 1 56 58 61 67 63 65 54 60 66 64 59 53 57 55 68 62 77 74 83 72 84 71 78 73 70 81 76 79 75 80 69 82 42 51 45 40 48 37 43 50 39 46 52 41 49 44 38 47 16 11 18 5 17 6 15 12 7 20 9 14 10 13 8 19 35 29 26 24 28 22 33 31 21 27 32 34 30 36 23 25
16 4
24 13 76 68 48 5 40 72 56 17 60 52 80 1 32 28 36 9 84 64 44 22 21 23 0 46 65 75 15 66 73 47 14 74 45 67 16 54 69 39 6 78 49 59 20 34 25 31 4 42 61 83 11 70 37 55 8 62 81 43 10 50 57 79 19 26 29 35 3 38 53 71 7 30 33 27 2 82 41 63 12 58 77 51 18
21 13 45 73 65 5 53 37 69 17 77 57 49 1 33 29 25 9 41 81 61 0 24 23 22 16 48 75 66 15 68 47 74 14 76 67 46 7 56 39 70 18 80 59 50 2 36 31 26 12 44 83 62 6 72 55 38 11 64 43 82 20 52 79 58 4 28 35 30 8 40 71 54 3 32 27 34 10 84 63 42 19 60 51 78
6 75 60 41 26 5 0 8 7 59 76 25 42 27 74 44 57 43 73 58 28 53 70 23 40 11 4 13 20 50 84 67 33 32 77 47 62 69 54 39 24 3 12 17 15 82 52 35 65 80 29 63 46 21 38 55 72 16 19 9 2 66 36 51 81 48 61 31 78 37 22 71 56 18 14 1 10 34 68 83 49 64 45 79 30
56 83 45 18 26 5 72 40 24 35 77 16 42 51 74 29 11 67 3 58 61 38 69 23 8 57 4 63 66 15 78 43 33 32 76 9 52 70 21 39 7 73 12 31 50 2 62 59 65 80 44 13 36 54 53 55 0 25 19 47 82 20 46 27 81 48 28 17 84 22 37 71 6 41 14 79 34 10 30 75 49 64 60 1 68
16 4
63 37 36 20 74 23 83 9 43 7 30 77 48 72 14 25 50 54 60 65 3 31 79 5 47 15 26 69 52 84 10 21 42 58 68 53 2 1 59 55 67 45 32 8 78 41 82 24 12 49 16 70 28 35 17 39 75 76 33 38 18 62 61 0 64 19 73 40 34 27 51 71 13 66 4 56 57 11 44 22 81 80 46 6 29
15 37 31 84 58 32 83 38 57 59 30 40 81 16 14 0 13 82 60 39 29 36 79 42 53 63 26 52 69 20 10 2 5 74 68 47 21 1 7 19 11 45 23 76 66 41 54 35 80 49 72 62 27 24 46 65 75 8 4 9 18 70 51 25 64 55 44 77 34 28 61 71 50 78 33 56 43 67 73 22 48 12 17 6 3
61 34 76 20 39 81 41 9 21 7 79 46 32 52 14 70 27 67 56 58 3 8 30 80 47 51 26 16 72 84 22 43 12 65 1 53 57 68 59 4 54 6 48 31 78 83 11 24 42 49 69 25 13 35 40 74 18 36 19 38 75 0 63 62 64 33 73 17 37 50 15 71 28 66 55 60 2 82 44 10 23 5 77 45 29
13 45 21 73 65 48 68 24 76 47 75 67 23 0 14 16 15 46 22 74 66 2 18 12 7 50 26 70 62 44 56 36 80 39 83 59 31 41 53 33 77 37 81 57 29 1 17 9 5 49 25 69 61 38 82 58 30 43 55 35 79 52 28 72 64 4 20 11 6 51 27 71 63 3 19 10 8 40 84 60 32 42 54 34 78
16 4
21 9 61 41 81 5 53 37 69 1 29 25 33 17 49 77 57 13 73 65 45 0 24 23 22 11 64 43 82 10 84 63 42 12 44 83 62 7 56 39 70 3 32 27 34 20 52 79 58 14 76 67 46 6 72 55 38 16 48 75 66 2 36 31 26 19 60 51 78 8 40 71 54 18 80 59 50 15 68 47 74 4 28 35 30
6 75 60 41 26 5 0 8 7 59 76 25 42 27 74 44 57 43 73 58 28 53 70 23 40 11 4 13 20 50 84 67 33 32 77 47 62 69 54 39 24 3 12 17 15 82 52 35 65 80 29 63 46 21 38 55 72 16 19 9 2 66 36 51 81 48 61 31 78 37 22 71 56 18 14 1 10 34 68 83 49 64 45 79 30
56 83 45 18 26 5 72 40 24 35 77 16 42 51 74 29 11 67 3 58 61 38 69 23 8 57 4 63 66 15 78 43 33 32 76 9 52 70 21 39 7 73 12 31 50 2 62 59 65 80 44 13 36 54 53 55 0 25 19 47 82 20 46 27 81 48 28 17 84 22 37 71 6 41 14 79 34 10 30 75 49 64 60 1 68
70 27 61 52 14 5 22 38 54 43 29 68 19 75 4 77 84 59 36 12 45 40 6 23 53 78 74 1 82 10 57 35 48 65 44 31 18 56 7 39 21 46 58 9 34 20 41 67 32 81 76 79 3 24 8 55 37 30 42 17 66 2 73 83 80 33 60 47 11 72 0 71 69 62 26 13 50 15 25 51 64 49 28 63 16
16 4
83 69 78 76 4 32 57 38 15 18 45 56 26 66 33 8 52 43 9 23 63 28 46 19 53 62 12 44 21 51 35 67 5 14 60 30 37 36 7 65 50 47 55 17 27 10 22 41 64 58 40 29 16 24 61 42 11 6 49 68 34 54 25 20 48 39 13 31 59 1 79 71 75 77 74 72 3 73 2 70 80 81 84 0 82
76 78 69 83 4 49 11 31 54 59 25 6 42 20 39 61 34 24 68 48 13 40 36 64 17 10 55 29 50 27 41 7 58 65 16 47 22 46 67 14 21 30 12 53 51 62 37 35 19 5 28 44 60 43 8 26 57 56 32 9 52 15 45 66 23 33 63 38 18 2 82 71 77 75 74 73 0 72 1 84 80 81 70 3 79
73 82 79 72 4 64 20 38 35 21 45 13 65 11 55 30 52 43 28 58 6 9 29 49 53 62 39 36 18 22 15 67 48 42 60 8 27 44 7 26 59 61 33 17 37 10 51 54 32 23 68 46 16 24 47 14 66 63 19 40 34 41 25 57 5 12 56 31 50 84 78 71 3 0 74 76 75 83 70 2 80 81 1 77 69
84 77 75 70 4 58 37 31 15 18 25 46 55 51 65 8 34 24 9 64 44 28 56 48 17 10 42 63 21 66 35 7 49 39 16 30 57 6 67 33 50 47 26 53 20 62 11 41 23 32 40 13 60 43 61 12 22 36 5 68 52 54 45 27 19 14 29 38 59 73 3 71 78 69 74 2 79 1 72 76 80 81 83 82 0
16 4
24 13 76 68 48 5 40 72 56 17 60 52 80 1 32 28 36 9 84 64 44 22 21 23 0 46 65 75 15 66 73 47 14 74 45 67 16 54 69 39 6 78 49 59 20 34 25 31 4 42 61 83 11 70 37 55 8 62 81 43 10 50 57 79 19 26 29 35 3 38 53 71 7 30 33 27 2 82 41 63 12 58 77 51 18
7 79 61 46 32 5 8 0 6 47 29 78 64 63 48 77 30 31 62 80 45 37 54 23 72 68 33 51 82 10 16 17 4 26 44 59 73 21 70 39 56 52 81 67 34 20 3 9 14 58 76 27 41 69 22 55 40 84 49 35 66 2 18 13 12 74 60 43 25 53 38 71 24 36 65 83 50 15 11 1 19 42 28 75 57
6 75 60 41 26 5 0 8 7 59 76 25 42 27 74 44 57 43 73 58 28 53 70 23 40 11 4 13 20 50 84 67 33 32 77 47 62 69 54 39 24 3 12 17 15 82 52 35 65 80 29 63 46 21 38 55 72 16 19 9 2 66 36 51 81 48 61 31 78 37 22 71 56 18 14 1 10 34 68 83 49 64 45 79 30
56 83 45 18 26 5 72 40 24 35 77 16 42 51 74 29 11 67 3 58 61 38 69 23 8 57 4 63 66 15 78 43 33 32 76 9 52 70 21 39 7 73 12 31 50 2 62 59 65 80 44 13 36 54 53 55 0 25 19 47 82 20 46 27 81 48 28 17 84 22 37 71 6 41 14 79 34 10 30 75 49 64 60 1 68
16 4
63 37 36 20 74 23 83 9 43 7 30 77 48 72 14 25 50 54 60 65 3 31 79 5 47 15 26 69 52 84 10 21 42 58 68 53 2 1 59 55 67 45 32 8 78 41 82 24 12 49 16 70 28 35 17 39 75 76 33 38 18 62 61 0 64 19 73 40 34 27 51 71 13 66 4 56 57 11 44 22 81 80 46 6 29
61 34 76 20 39 81 41 9 21 7 79 46 32 52 14 70 27 67 56 58 3 8 30 80 47 51 26 16 72 84 22 43 12 65 1 53 57 68 59 4 54 6 48 31 78 83 11 24 42 49 69 25 13 35 40 74 18 36 19 38 75 0 63 62 64 33 73 17 37 50 15 71 28 66 55 60 2 82 44 10 23 5 77 45 29
13 45 21 73 65 48 68 24 76 47 75 67 23 0 14 16 15 46 22 74 66 2 18 12 7 50 26 70 62 44 56 36 80 39 83 59 31 41 53 33 77 37 81 57 29 1 17 9 5 49 25 69 61 38 82 58 30 43 55 35 79 52 28 72 64 4 20 11 6 51 27 71 63 3 19 10 8 40 84 60 32 42 54 34 78
51 56 11 29 74 23 79 59 17 38 41 2 48 69 14 62 28 8 34 65 84 67 83 5 35 61 26 72 16 3 45 40 42 58 18 24 77 75 9 55 31 10 32 54 73 30 76 53 12 49 52 0 50 47 43 39 1 82 33 7 68 25 15 70 64 19 78 21 60 13 63 71 27 44 4 37 46 36 66 6 81 80 57 22 20
16 4
17 23 51 59 79 22 58 78 50 24 80 52 60 21 49 57 77 0 19 18 20 13 5 1 9 67 71 31 43 47 55 27 83 75 39 35 63 74 38 34 62 48 56 28 84 65 69 29 41 14 8 2 11 66 70 30 42 15 6 3 12 76 40 36 64 45 53 25 81 46 54 26 82 73 37 33 61 16 7 4 10 68 72 32 44
3 2 1 0 4 56 58 61 67 62 68 55 57 65 63 60 54 59 53 66 64 45 42 51 40 50 37 48 43 39 52 41 46 44 47 38 49 26 35 29 24 31 22 28 33 21 32 34 27 36 25 23 30 18 16 11 5 12 6 17 15 7 9 14 20 13 19 8 10 83 77 74 72 73 71 84 78 70 76 79 81 80 82 69 75
48 53 18 27 82 33 58 12 71 77 63 30 7 13 68 76 24 41 2 51 38 21 75 66 16 37 50 3 43 69 11 59 34 5 32 64 80 25 20 83 54 17 84 28 56 45 47 46 0 81 26 19 55 1 40 52 44 61 6 31 78 57 70 10 35 65 23 74 14 29 62 8 79 73 67 22 15 9 60 72 36 49 4 39 42
63 50 25 14 72 83 43 9 23 7 48 30 77 65 3 54 60 36 37 74 20 45 32 8 78 2 53 68 58 44 11 81 22 39 75 35 17 18 38 33 76 80 46 6 29 21 42 84 10 59 1 67 55 26 15 52 69 70 28 49 16 62 61 0 64 13 71 51 27 56 57 66 4 73 19 34 40 12 24 82 41 31 79 5 47
16 4
84 77 75 70 4 55 46 25 18 15 31 37 58 44 64 9 24 34 8 65 51 30 57 39 16 7 49 66 35 63 21 10 42 48 17 28 56 11 62 23 41 40 32 60 13 67 6 50 33 26 47 20 53 52 68 5 36 22 12 61 43 59 38 29 14 19 27 45 54 73 3 71 78 69 74 2 79 1 72 76 80 81 83 82 0
31 7 62 45 80 23 35 1 27 37 84 15 58 54 49 11 76 72 66 19 41 63 47 5 79 77 64 8 46 30 29 0 32 48 78 6 61 9 75 55 51 20 42 69 68 3 28 22 33 14 57 40 82 83 13 39 59 50 12 56 73 36 2 21 26 65 18 70 44 43 67 71 17 60 81 38 16 25 34 24 4 74 52 53 10
51 56 11 29 74 23 79 59 17 38 41 2 48 69 14 62 28 8 34 65 84 67 83 5 35 61 26 72 16 3 45 40 42 58 18 24 77 75 9 55 31 10 32 54 73 30 76 53 12 49 52 0 50 47 43 39 1 82 33 7 68 25 15 70 64 19 78 21 60 13 63 71 27 44 4 37 46 36 66 6 81 80 57 22 20
57 44 27 6 74 55 3 68 62 34 47 72 12 77 49 17 21 15 38 32 83 16 84 39 30 54 64 2 67 79 24 50 19 33 9 45 69 78 18 23 52 53 65 61 1 35 70 10 48 14 31 82 40 41 25 5 73 0 58 60 59 43 8 76 26 42 75 28 7 36 46 71 11 56 4 66 63 13 37 29 81 80 51 20 22
16 4
18 27 48 53 82 54 28 47 81 84 25 55 46 45 26 83 56 19 0 17 20 65 70 31 44 10 14 1 6 78 52 23 57 40 61 35 74 63 38 76 33 51 77 58 24 13 12 7 2 71 68 41 30 3 5 11 16 32 43 66 69 34 75 37 64 21 59 80 50 60 22 49 79 73 36 62 39 42 29 72 67 8 4 15 9
2 3 0 1 4 40 43 46 49 42 37 52 47 45 50 39 44 51 48 41 38 65 62 59 56 63 68 53 58 60 55 66 61 54 57 64 67 10 20 15 5 19 9 6 16 13 7 12 18 8 14 17 11 27 33 30 24 34 28 23 29 32 22 25 35 21 31 36 26 78 75 81 72 73 80 70 83 84 69 79 74 71 82 76 77
3 2 1 0 4 56 58 61 67 62 68 55 57 65 63 60 54 59 53 66 64 45 42 51 40 50 37 48 43 39 52 41 46 44 47 38 49 26 35 29 24 31 22 28 33 21 32 34 27 36 25 23 30 18 16 11 5 12 6 17 15 7 9 14 20 13 19 8 10 83 77 74 72 73 71 84 78 70 76 79 81 80 82 69 75
74 81 80 71 4 57 6 44 27 29 51 11 56 13 66 22 46 37 36 63 20 21 15 68 47 41 59 8 28 9 30 50 54 61 40 35 18 17 38 62 34 25 60 43 7 45 16 24 67 53 31 10 52 49 32 55 12 5 58 26 42 33 39 19 64 65 14 48 23 77 83 3 72 73 0 76 75 69 84 79 2 1 82 70 78
16 4
5 22 38 54 70 0 6 8 7 21 37 53 69 23 71 39 55 24 56 72 40 9 1 13 17 42 26 74 58 82 34 66 50 62 30 46 78 10 2 15 20 41 25 73 57 83 35 67 51 64 32 48 80 11 3 16 18 44 28 76 60 81 33 65 49 63 31 47 79 12 4 14 19 43 27 75 59 84 36 68 52 61 29 45 77
0 14 16 15 13 5 6 7 8 19 18 20 17 4 1 3 2 12 10 9 11 72 71 70 69 25 26 27 28 63 64 61 62 50 49 52 51 56 55 54 53 41 42 43 44 79 80 77 78 34 33 36 35 40 39 38 37 57 58 59 60 31 32 29 30 82 81 84 83 24 23 22 21 73 74 75 76 47 48 45 46 66 65 68 67
5 21 37 53 69 0 6 8 7 22 38 54 70 24 72 40 56 23 55 71 39 1 9 17 13 25 41 57 73 33 81 49 65 29 61 77 45 2 10 20 15 26 42 58 74 36 84 52 68 31 63 79 47 3 11 18 16 27 43 59 75 34 82 50 66 32 64 80 48 4 12 19 14 28 44 60 76 35 83 51 67 30 62 78 46
7 77 63 48 30 8 6 0 5 46 32 79 61 64 47 78 29 31 62 80 45 35 84 49 66 42 75 57 28 16 4 17 10 56 70 21 39 50 65 36 83 60 25 43 74 20 9 14 3 23 37 54 72 68 51 82 33 27 58 76 41 12 18 2 13 38 24 71 53 81 34 67 52 73 44 26 59 1 15 11 19 69 55 40 22
16 4
63 37 36 20 74 23 83 9 43 7 30 77 48 72 14 25 50 54 60 65 3 31 79 5 47 15 26 69 52 84 10 21 42 58 68 53 2 1 59 55 67 45 32 8 78 41 82 24 12 49 16 70 28 35 17 39 75 76 33 38 18 62 61 0 64 19 73 40 34 27 51 71 13 66 4 56 57 11 44 22 81 80 46 6 29
84 77 75 70 4 55 46 25 18 15 31 37 58 44 64 9 24 34 8 65 51 30 57 39 16 7 49 66 35 63 21 10 42 48 17 28 56 11 62 23 41 40 32 60 13 67 6 50 33 26 47 20 53 52 68 5 36 22 12 61 43 59 38 29 14 19 27 45 54 73 3 71 78 69 74 2 79 1 72 76 80 81 83 82 0
31 7 62 45 80 23 35 1 27 37 84 15 58 54 49 11 76 72 66 19 41 63 47 5 79 77 64 8 46 30 29 0 32 48 78 6 61 9 75 55 51 20 42 69 68 3 28 22 33 14 57 40 82 83 13 39 59 50 12 56 73 36 2 21 26 65 18 70 44 43 67 71 17 60 81 38 16 25 34 24 4 74 52 53 10
51 56 11 29 74 23 79 59 17 38 41 2 48 69 14 62 28 8 34 65 84 67 83 5 35 61 26 72 16 3 45 40 42 58 18 24 77 75 9 55 31 10 32 54 73 30 76 53 12 49 52 0 50 47 43 39 1 82 33 7 68 25 15 70 64 19 78 21 60 13 63 71 27 44 4 37 46 36 66 6 81 80 57 22 20
16 3
84 18 55 25 46 31 58 37 15 65 51 34 8 70 77 75 4 44 24 64 9 19 27 45 54 17 48 56 28 20 53 26 47 0 82 83 81 41 23 62 11 71 78 73 3 68 52 36 5 30 57 39 16 72 1 80 76 67 6 50 33 42 10 21 63 29 14 59 38 66 35 7 49 43 61 12 22 69 74 2 79 32 40 13 60
27 1 23 31 35 44 6 57 74 40 10 65 78 52 14 61 70 48 18 53 82 30 33 2 24 26 25 0 28 34 21 3 32 22 29 4 36 67 79 39 9 59 75 43 5 55 83 47 17 63 71 51 13 19 54 45 84 7 58 41 76 15 62 49 72 11 66 37 80 69 16 50 64 73 8 42 60 77 12 38 68 81 20 46 56
71 81 4 74 80 12 58 33 48 64 14 49 26 23 39 5 55 42 32 65 19 9 59 35 47 61 15 50 28 21 40 8 54 41 30 68 18 0 70 69 72 84 3 73 78 83 79 1 75 82 76 77 2 11 36 46 57 22 6 56 37 44 66 20 29 63 51 27 13 10 45 60 34 43 17 31 67 62 25 16 52 24 53 38 7
16 3
66 74 22 46 13 77 28 39 10 3 59 64 53 72 41 19 31 83 8 33 52 4 63 56 57 81 36 51 6 71 20 29 44 80 37 11 27 70 30 42 17 1 54 58 62 82 50 5 34 78 9 26 38 84 7 35 49 69 43 18 32 2 60 61 55 79 25 40 12 75 48 16 21 73 14 24 47 76 23 45 15 0 65 67 68
18 26 56 83 45 54 28 47 81 17 0 20 19 82 27 53 48 46 25 84 55 79 49 22 60 10 14 1 6 37 64 34 75 68 71 30 41 16 11 5 3 51 77 58 24 72 67 42 29 61 40 74 35 33 76 38 63 32 43 66 69 23 57 78 52 4 8 9 15 44 31 70 65 73 36 62 39 7 2 13 12 59 21 50 80
74 81 80 71 4 57 6 44 27 29 51 11 56 13 66 22 46 37 36 63 20 21 15 68 47 41 59 8 28 9 30 50 54 61 40 35 18 17 38 62 34 25 60 43 7 45 16 24 67 53 31 10 52 49 32 55 12 5 58 26 42 33 39 19 64 65 14 48 23 77 83 3 72 73 0 76 75 69 84 79 2 1 82 70 78
16 3
84 18 55 25 46 31 58 37 15 65 51 34 8 70 77 75 4 44 24 64 9 19 27 45 54 17 48 56 28 20 53 26 47 0 82 83 81 41 23 62 11 71 78 73 3 68 52 36 5 30 57 39 16 72 1 80 76 67 6 50 33 42 10 21 63 29 14 59 38 66 35 7 49 43 61 12 22 69 74 2 79 32 40 13 60
27 1 23 31 35 44 6 57 74 40 10 65 78 52 14 61 70 48 18 53 82 30 33 2 24 26 25 0 28 34 21 3 32 22 29 4 36 67 79 39 9 59 75 43 5 55 83 47 17 63 71 51 13 19 54 45 84 7 58 41 76 15 62 49 72 11 66 37 80 69 16 50 64 73 8 42 60 77 12 38 68 81 20 46 56
78 47 64 7 29 50 58 17 22 4 69 83 76 40 10 27 65 41 36 55 16 2 75 72 81 37 67 12 28 52 23 57 18 42 13 34 54 44 53 14 35 3 84 73 71 49 20 24 59 38 26 66 9 45 32 63 8 48 6 31 61 0 77 79 80 46 62 5 30 39 11 25 68 43 33 56 15 51 60 19 21 1 70 82 74
16 3
51 59 23 79 17 62 28 69 14 2 41 48 38 56 74 11 29 65 8 34 84 3 45 40 42 66 36 81 6 53 12 30 76 64 70 15 25 55 31 75 9 1 39 43 47 67 83 5 35 63 13 27 71 68 7 33 82 54 73 10 32 4 44 46 37 61 26 72 16 57 80 20 22 58 18 24 77 60 21 78 19 0 50 49 52
41 51 2 48 38 75 6 60 26 9 81 21 61 55 36 78 16 31 66 19 72 11 84 23 62 74 8 59 28 29 65 17 69 56 34 79 14 50 4 47 40 0 44 43 42 52 46 39 3 49 37 1 45 53 77 13 33 76 58 27 7 12 24 63 82 30 18 71 68 32 70 67 20 73 25 5 57 54 15 35 80 10 64 83 22
77 7 63 30 48 66 28 10 39 49 57 17 21 84 75 4 70 35 42 16 56 31 64 46 8 62 47 32 6 80 78 79 0 45 29 61 5 72 3 74 83 54 14 43 36 37 9 25 65 23 20 60 50 19 59 22 52 1 73 69 81 11 26 40 67 15 44 55 34 41 53 13 33 58 24 18 51 27 38 12 68 76 71 2 82
16 3
27 1 23 31 35 44 6 57 74 40 10 65 78 52 14 61 70 48 18 53 82 30 33 2 24 26 25 0 28 34 21 3 32 22 29 4 36 67 79 39 9 59 75 43 5 55 83 47 17 63 71 51 13 19 54 45 84 7 58 41 76 15 62 49 72 11 66 37 80 69 16 50 64 73 8 42 60 77 12 38 68 81 20 46 56
71 81 4 74 80 12 58 33 48 64 14 49 26 23 39 5 55 42 32 65 19 9 59 35 47 61 15 50 28 21 40 8 54 41 30 68 18 0 70 69 72 84 3 73 78 83 79 1 75 82 76 77 2 11 36 46 57 22 6 56 37 44 66 20 29 63 51 27 13 10 45 60 34 43 17 31 67 62 25 16 52 24 53 38 7
78 47 64 7 29 50 58 17 22 4 69 83 76 40 10 27 65 41 36 55 16 2 75 72 81 37 67 12 28 52 23 57 18 42 13 34 54 44 53 14 35 3 84 73 71 49 20 24 59 38 26 66 9 45 32 63 8 48 6 31 61 0 77 79 80 46 62 5 30 39 11 25 68 43 33 56 15 51 60 19 21 1 70 82 74
16 3
76 13 68 24 48 49 31 54 11 69 83 78 4 61 39 34 20 25 59 42 6 46 67 14 21 66 23 15 45 22 47 16 65 74 75 0 73 43 8 26 57 35 19 62 37 79 3 70 81 55 10 50 29 40 36 64 17 84 80 72 1 60 44 28 5 32 56 52 9 2 82 71 77 7 58 27 41 18 38 63 33 12 30 51 53
31 7 62 45 80 23 35 1 27 37 84 15 58 54 49 11 76 72 66 19 41 63 47 5 79 77 64 8 46 30 29 0 32 48 78 6 61 9 75 55 51 20 42 69 68 3 28 22 33 14 57 40 82 83 13 39 59 50 12 56 73 36 2 21 26 65 18 70 44 43 67 71 17 60 81 38 16 25 34 24 4 74 52 53 10
59 45 70 36 12 64 66 3 53 30 15 40 81 79 23 51 17 6 76 42 25 7 44 26 73 31 39 83 13 62 2 56 65 80 50 18 21 29 84 14 38 77 19 22 52 61 54 68 4 5 27 75 43 78 24 49 20 8 74 41 28 63 67 1 55 32 16 37 82 47 9 71 35 46 33 10 72 0 57 60 58 48 69 34 11
16 2
74 29 51 11 56 57 6 44 27 81 80 71 4 37 63 20 36 13 46 66 22 15 21 47 68 60 25 7 43 39 33 64 19 82 1 78 70 38 17 34 62 59 41 28 8 84 69 2 79 14 65 23 48 32 49 12 55 0 73 75 76 30 9 54 50 31 53 52 10 83 77 72 3 58 5 42 26 16 45 67 24 40 61 18 35
27 78 65 10 40 44 6 57 74 35 31 23 1 53 48 18 82 14 61 52 70 16 69 64 50 41 76 7 58 55 83 47 17 36 4 29 22 54 19 84 45 42 60 73 8 34 21 3 32 13 51 71 63 79 67 9 39 0 28 26 25 77 12 38 68 80 37 66 11 33 30 24 2 43 5 59 75 15 62 49 72 56 46 20 81
16 2
44 16 54 79 33 27 6 74 57 69 19 67 30 50 2 45 39 64 9 24 84 78 35 14 53 41 42 0 43 36 56 13 80 55 77 15 34 65 31 70 18 76 60 28 5 22 81 63 11 47 38 49 3 10 23 61 82 7 73 26 59 4 46 51 37 17 68 72 32 40 1 52 48 58 8 25 75 29 20 71 66 83 12 62 21
44 33 79 54 16 27 6 74 57 30 67 19 69 2 50 39 45 24 84 64 9 40 1 52 48 75 25 8 58 20 29 66 71 62 21 83 12 10 23 61 82 59 26 73 7 46 4 37 51 72 32 17 68 65 31 70 18 5 28 60 76 81 22 11 63 49 3 47 38 78 35 14 53 43 0 42 41 56 36 80 13 15 34 55 77
16 2
2 1 0 4 3 40 43 46 49 44 39 50 45 48 51 38 41 52 47 42 37 33 30 27 24 29 34 23 28 25 22 35 32 21 26 31 36 20 15 10 5 16 19 6 9 12 7 18 13 8 11 14 17 75 81 78 72 83 73 70 80 79 69 74 84 71 77 82 76 62 59 65 56 58 63 53 68 66 55 61 60 54 67 57 64
71 81 4 74 80 12 58 33 48 64 14 49 26 23 39 5 55 42 32 65 19 9 59 35 47 61 15 50 28 21 40 8 54 41 30 68 18 0 70 69 72 84 3 73 78 83 79 1 75 82 76 77 2 11 36 46 57 22 6 56 37 44 66 20 29 63 51 27 13 10 45 60 34 43 17 31 67 62 25 16 52 24 53 38 7
16 2
2 3 0 1 4 40 43 46 49 42 37 52 47 45 50 39 44 51 48 41 38 65 62 59 56 63 68 53 58 60 55 66 61 54 57 64 67 10 20 15 5 19 9 6 16 13 7 12 18 8 14 17 11 27 33 30 24 34 28 23 29 32 22 25 35 21 31 36 26 78 75 81 72 73 80 70 83 84 69 79 74 71 82 76 77
67 19 69 44 30 61 58 56 3 36 49 82 8 38 80 25 10 75 23 47 13 20 41 32 70 17 31 71 43 18 72 42 29 0 66 65 68 76 21 46 14 37 78 28 12 35 51 83 5 62 60 53 4 39 9 79 27 33 6 50 84 74 16 24 45 64 2 57 54 34 81 7 52 73 48 15 22 40 26 11 77 63 55 1 59
16 2
44 67 30 69 19 33 54 16 79 50 2 45 39 84 64 24 9 6 57 74 27 75 8 58 25 47 49 3 38 13 36 56 80 23 82 61 10 40 52 48 1 11 81 22 63 77 34 15 55 26 7 73 59 62 83 12 21 60 5 28 76 53 35 78 14 4 51 37 46 20 66 71 29 70 65 31 18 41 0 43 42 32 68 17 72
57 44 27 6 74 55 3 68 62 34 47 72 12 77 49 17 21 15 38 32 83 16 84 39 30 54 64 2 67 79 24 50 19 33 9 45 69 78 18 23 52 53 65 61 1 35 70 10 48 14 31 82 40 41 25 5 73 0 58 60 59 43 8 76 26 42 75 28 7 36 46 71 11 56 4 66 63 13 37 29 81 80 51 20 22
16 3
63 37 36 20 74 23 83 9 43 7 30 77 48 72 14 25 50 54 60 65 3 31 79 5 47 15 26 69 52 84 10 21 42 58 68 53 2 1 59 55 67 45 32 8 78 41 82 24 12 49 16 70 28 35 17 39 75 76 33 38 18 62 61 0 64 19 73 40 34 27 51 71 13 66 4 56 57 11 44 22 81 80 46 6 29
61 34 76 20 39 81 41 9 21 7 79 46 32 52 14 70 27 67 56 58 3 8 30 80 47 51 26 16 72 84 22 43 12 65 1 53 57 68 59 4 54 6 48 31 78 83 11 24 42 49 69 25 13 35 40 74 18 36 19 38 75 0 63 62 64 33 73 17 37 50 15 71 28 66 55 60 2 82 44 10 23 5 77 45 29
66 77 10 28 39 74 46 13 22 72 31 41 19 3 64 53 59 83 8 33 52 56 57 4 63 35 49 84 7 16 21 75 48 42 17 70 30 11 27 80 37 40 12 79 25 67 68 0 65 26 38 78 9 51 6 81 36 18 32 69 43 24 47 73 14 58 62 1 54 29 44 71 20 61 55 2 60 45 15 76 23 5 34 82 50
16 3
52 80 24 17 60 30 73 55 11 47 2 42 37 8 83 33 66 61 70 14 27 7 67 81 34 45 38 4 43 62 25 71 16 31 10 74 53 48 44 40 1 64 13 28 72 5 36 68 84 32 56 9 76 77 19 59 22 79 58 21 20 78 23 18 57 0 49 50 51 63 69 15 26 6 82 35 65 46 3 41 39 29 75 54 12
20 34 39 61 76 38 73 64 35 62 40 75 33 74 63 37 36 17 19 18 0 57 22 51 80 72 30 65 43 47 26 84 53 12 1 8 16 15 5 2 10 55 82 28 45 44 66 29 71 77 50 23 60 32 70 41 67 21 58 79 52 3 9 14 7 27 46 56 81 83 54 48 25 6 13 11 4 49 78 59 24 68 42 69 31
72 63 14 50 25 4 73 82 79 66 19 41 31 57 34 12 47 56 40 24 5 74 3 77 83 20 65 30 43 36 60 48 9 37 54 7 23 71 0 70 69 13 64 28 52 27 62 49 15 51 61 16 26 81 2 75 78 11 58 35 45 22 53 39 8 44 68 17 32 80 1 84 76 6 55 21 38 29 67 42 18 46 59 10 33
16 3
3 1 4 0 2 56 58 61 67 64 66 53 59 68 62 57 55 60 54 65 63 29 26 35 24 33 22 31 28 21 34 27 32 25 30 23 36 74 83 77 72 78 71 73 84 70 79 81 76 82 75 69 80 11 18 16 5 15 6 12 17 7 14 20 9 19 10 8 13 51 45 42 40 43 37 50 48 39 41 46 52 47 49 38 44
84 18 55 25 46 31 58 37 15 65 51 34 8 70 77 75 4 44 24 64 9 19 27 45 54 17 48 56 28 20 53 26 47 0 82 83 81 41 23 62 11 71 78 73 3 68 52 36 5 30 57 39 16 72 1 80 76 67 6 50 33 42 10 21 63 29 14 59 38 66 35 7 49 43 61 12 22 69 74 2 79 32 40 13 60
78 47 64 7 29 50 58 17 22 4 69 83 76 40 10 27 65 41 36 55 16 2 75 72 81 37 67 12 28 52 23 57 18 42 13 34 54 44 53 14 35 3 84 73 71 49 20 24 59 38 26 66 9 45 32 63 8 48 6 31 61 0 77 79 80 46 62 5 30 39 11 25 68 43 33 56 15 51 60 19 21 1 70 82 74
16 3
12 35 46 60 69 71 58 48 33 9 11 10 0 47 72 57 34 59 45 70 36 81 42 23 64 50 56 31 73 68 77 27 38 8 16 1 20 74 32 55 49 61 22 43 84 18 2 13 7 40 25 79 66 80 65 39 26 15 6 17 3 41 82 63 24 54 52 75 29 4 19 5 14 28 37 67 78 30 76 51 53 21 62 83 44
37 79 68 26 10 15 58 84 31 53 21 69 5 36 20 74 63 42 52 2 47 32 59 16 82 61 17 33 73 46 51 44 4 7 23 54 72 57 81 13 29 50 3 43 48 24 70 55 8 19 76 35 62 83 30 14 60 71 6 56 22 75 64 34 18 1 45 41 49 38 40 0 39 28 12 78 67 65 25 77 9 11 66 80 27
3 4 2 0 1 56 58 61 67 63 65 54 60 66 64 59 53 57 55 68 62 77 74 83 72 84 71 78 73 70 81 76 79 75 80 69 82 42 51 45 40 48 37 43 50 39 46 52 41 49 44 38 47 16 11 18 5 17 6 15 12 7 20 9 14 10 13 8 19 35 29 26 24 28 22 33 31 21 27 32 34 30 36 23 25
16 3
2 3 0 1 4 39 44 45 50 41 38 51 48 46 49 40 43 52 47 42 37 61 66 55 60 67 64 57 54 56 59 62 65 58 53 68 63 20 10 5 15 9 19 16 6 7 13 18 12 14 8 11 17 34 28 23 29 27 33 30 24 21 31 36 26 32 22 25 35 76 77 71 82 79 74 84 69 70 83 73 80 81 72 78 75
2 3 0 1 4 44 39 50 45 38 41 48 51 49 46 43 40 47 52 37 42 57 54 67 64 55 60 61 66 68 63 58 53 62 65 56 59 6 16 19 9 15 5 10 20 17 11 8 14 12 18 13 7 27 33 30 24 34 28 23 29 32 22 25 35 21 31 36 26 74 79 69 84 77 76 82 71 72 81 75 78 83 70 80 73
2 3 0 1 4 40 43 46 49 42 37 52 47 45 50 39 44 51 48 41 38 65 62 59 56 63 68 53 58 60 55 66 61 54 57 64 67 10 20 15 5 19 9 6 16 13 7 12 18 8 14 17 11 27 33 30 24 34 28 23 29 32 22 25 35 21 31 36 26 78 75 81 72 73 80 70 83 84 69 79 74 71 82 76 77
16 3
61 34 76 20 39 81 41 9 21 7 79 46 32 52 14 70 27 67 56 58 3 8 30 80 47 51 26 16 72 84 22 43 12 65 1 53 57 68 59 4 54 6 48 31 78 83 11 24 42 49 69 25 13 35 40 74 18 36 19 38 75 0 63 62 64 33 73 17 37 50 15 71 28 66 55 60 2 82 44 10 23 5 77 45 29
21 9 61 41 81 5 53 37 69 1 29 25 33 17 49 77 57 13 73 65 45 0 24 23 22 11 64 43 82 10 84 63 42 12 44 83 62 7 56 39 70 3 32 27 34 20 52 79 58 14 76 67 46 6 72 55 38 16 48 75 66 2 36 31 26 19 60 51 78 8 40 71 54 18 80 59 50 15 68 47 74 4 28 35 30
51 56 11 29 74 23 79 59 17 38 41 2 48 69 14 62 28 8 34 65 84 67 83 5 35 61 26 72 16 3 45 40 42 58 18 24 77 75 9 55 31 10 32 54 73 30 76 53 12 49 52 0 50 47 43 39 1 82 33 7 68 25 15 70 64 19 78 21 60 13 63 71 27 44 4 37 46 36 66 6 81 80 57 22 20
16 3
19 65 42 71 32 70 43 29 68 44 30 69 67 18 20 17 0 31 72 41 66 54 84 27 45 63 34 40 73 60 51 78 21 3 8 10 13 22 77 52 59 16 9 6 2 47 25 82 56 76 37 35 62 5 4 14 12 49 58 23 80 33 64 74 39 81 55 48 26 38 75 61 36 28 46 53 83 11 15 1 7 79 24 57 50
63 30 7 48 77 83 43 9 23 60 65 54 3 14 72 50 25 37 20 74 36 69 15 26 52 19 40 34 73 44 81 22 11 67 59 1 55 78 32 45 8 46 29 6 80 62 0 64 61 5 31 79 47 76 38 18 33 53 58 68 2 12 82 41 24 51 13 71 27 4 57 56 66 28 16 49 70 21 84 10 42 35 39 75 17
53 64 59 3 66 16 43 34 80 27 82 18 48 69 21 37 5 50 11 75 32 14 78 44 35 49 29 9 73 26 47 84 20 71 7 24 38 15 36 79 42 70 40 6 23 51 76 30 12 25 17 45 81 0 55 54 56 63 58 2 68 61 65 57 1 62 4 67 60 13 41 33 77 28 83 19 46 72 22 39 8 52 10 74 31
16 3
63 37 36 20 74 23 83 9 43 7 30 77 48 72 14 25 50 54 60 65 3 31 79 5 47 15 26 69 52 84 10 21 42 58 68 53 2 1 59 55 67 45 32 8 78 41 82 24 12 49 16 70 28 35 17 39 75 76 33 38 18 62 61 0 64 19 73 40 34 27 51 71 13 66 4 56 57 11 44 22 81 80 46 6 29
31 7 62 45 80 23 35 1 27 37 84 15 58 54 49 11 76 72 66 19 41 63 47 5 79 77 64 8 46 30 29 0 32 48 78 6 61 9 75 55 51 20 42 69 68 3 28 22 33 14 57 40 82 83 13 39 59 50 12 56 73 36 2 21 26 65 18 70 44 43 67 71 17 60 81 38 16 25 34 24 4 74 52 53 10
13 45 21 73 65 48 68 24 76 47 75 67 23 0 14 16 15 46 22 74 66 2 18 12 7 50 26 70 62 44 56 36 80 39 83 59 31 41 53 33 77 37 81 57 29 1 17 9 5 49 25 69 61 38 82 58 30 43 55 35 79 52 28 72 64 4 20 11 6 51 27 71 63 3 19 10 8 40 84 60 32 42 54 34 78
16 3
70 38 5 22 54 19 43 68 29 75 4 77 84 36 45 12 59 61 52 27 14 32 67 41 20 83 80 2 73 57 10 48 35 15 25 51 64 71 69 72 0 53 23 6 40 24 8 55 37 7 56 21 39 42 30 66 17 46 58 9 34 50 13 26 62 1 82 78 74 65 44 31 18 28 49 16 63 79 3 81 76 11 47 60 33
80 52 60 17 24 34 43 16 53 7 45 62 31 81 4 71 74 67 38 25 10 47 61 8 30 2 70 83 73 42 14 33 55 37 27 66 11 12 39 65 26 29 46 6 63 54 41 35 15 75 3 82 69 57 20 51 22 23 58 49 19 78 79 0 77 18 21 50 59 72 76 84 1 28 9 68 40 13 56 36 44 64 32 5 48
53 64 59 3 66 16 43 34 80 27 82 18 48 69 21 37 5 50 11 75 32 14 78 44 35 49 29 9 73 26 47 84 20 71 7 24 38 15 36 79 42 70 40 6 23 51 76 30 12 25 17 45 81 0 55 54 56 63 58 2 68 61 65 57 1 62 4 67 60 13 41 33 77 28 83 19 46 72 22 39 8 52 10 74 31
16 3
63 37 36 20 74 23 83 9 43 7 30 77 48 72 14 25 50 54 60 65 3 31 79 5 47 15 26 69 52 84 10 21 42 58 68 53 2 1 59 55 67 45 32 8 78 41 82 24 12 49 16 70 28 35 17 39 75 76 33 38 18 62 61 0 64 19 73 40 34 27 51 71 13 66 4 56 57 11 44 22 81 80 46 6 29
84 77 75 70 4 55 46 25 18 15 31 37 58 44 64 9 24 34 8 65 51 30 57 39 16 7 49 66 35 63 21 10 42 48 17 28 56 11 62 23 41 40 32 60 13 67 6 50 33 26 47 20 53 52 68 5 36 22 12 61 43 59 38 29 14 19 27 45 54 73 3 71 78 69 74 2 79 1 72 76 80 81 83 82 0
15 37 31 84 58 32 83 38 57 59 30 40 81 16 14 0 13 82 60 39 29 36 79 42 53 63 26 52 69 20 10 2 5 74 68 47 21 1 7 19 11 45 23 76 66 41 54 35 80 49 72 62 27 24 46 65 75 8 4 9 18 70 51 25 64 55 44 77 34 28 61 71 50 78 33 56 43 67 73 22 48 12 17 6 3
16 3
63 37 36 20 74 23 83 9 43 7 30 77 48 72 14 25 50 54 60 65 3 31 79 5 47 15 26 69 52 84 10 21 42 58 68 53 2 1 59 55 67 45 32 8 78 41 82 24 12 49 16 70 28 35 17 39 75 76 33 38 18 62 61 0 64 19 73 40 34 27 51 71 13 66 4 56 57 11 44 22 81 80 46 6 29
84 77 75 70 4 55 46 25 18 15 31 37 58 44 64 9 24 34 8 65 51 30 57 39 16 7 49 66 35 63 21 10 42 48 17 28 56 11 62 23 41 40 32 60 13 67 6 50 33 26 47 20 53 52 68 5 36 22 12 61 43 59 38 29 14 19 27 45 54 73 3 71 78 69 74 2 79 1 72 76 80 81 83 82 0
66 77 10 28 39 74 46 13 22 72 31 41 19 3 64 53 59 83 8 33 52 56 57 4 63 35 49 84 7 16 21 75 48 42 17 70 30 11 27 80 37 40 12 79 25 67 68 0 65 26 38 78 9 51 6 81 36 18 32 69 43 24 47 73 14 58 62 1 54 29 44 71 20 61 55 2 60 45 15 76 23 5 34 82 50
16 2
34 47 57 72 12 80 43 53 16 8 51 84 65 61 39 20 76 30 1 26 22 67 52 7 81 23 2 29 28 75 37 64 18 13 42 78 54 38 17 62 74 49 83 6 68 3 27 32 21 44 55 77 15 25 24 31 4 19 73 63 40 82 66 5 50 56 14 79 41 10 60 45 71 58 70 46 9 69 11 48 59 36 33 0 35
71 81 4 74 80 12 58 33 48 64 14 49 26 23 39 5 55 42 32 65 19 9 59 35 47 61 15 50 28 21 40 8 54 41 30 68 18 0 70 69 72 84 3 73 78 83 79 1 75 82 76 77 2 11 36 46 57 22 6 56 37 44 66 20 29 63 51 27 13 10 45 60 34 43 17 31 67 62 25 16 52 24 53 38 7
16 2
18 26 56 83 45 54 28 47 81 17 0 20 19 82 27 53 48 46 25 84 55 79 49 22 60 10 14 1 6 37 64 34 75 68 71 30 41 16 11 5 3 51 77 58 24 72 67 42 29 61 40 74 35 33 76 38 63 32 43 66 69 23 57 78 52 4 8 9 15 44 31 70 65 73 36 62 39 7 2 13 12 59 21 50 80
48 53 18 27 82 33 58 12 71 77 63 30 7 13 68 76 24 41 2 51 38 21 75 66 16 37 50 3 43 69 11 59 34 5 32 64 80 25 20 83 54 17 84 28 56 45 47 46 0 81 26 19 55 1 40 52 44 61 6 31 78 57 70 10 35 65 23 74 14 29 62 8 79 73 67 22 15 9 60 72 36 49 4 39 42
16 3
19 65 42 71 32 70 43 29 68 44 30 69 67 18 20 17 0 31 72 41 66 54 84 27 45 63 34 40 73 60 51 78 21 3 8 10 13 22 77 52 59 16 9 6 2 47 25 82 56 76 37 35 62 5 4 14 12 49 58 23 80 33 64 74 39 81 55 48 26 38 75 61 36 28 46 53 83 11 15 1 7 79 24 57 50
41 51 2 48 38 75 6 60 26 9 81 21 61 55 36 78 16 31 66 19 72 11 84 23 62 74 8 59 28 29 65 17 69 56 34 79 14 50 4 47 40 0 44 43 42 52 46 39 3 49 37 1 45 53 77 13 33 76 58 27 7 12 24 63 82 30 18 71 68 32 70 67 20 73 25 5 57 54 15 35 80 10 64 83 22
63 30 7 48 77 83 43 9 23 60 65 54 3 14 72 50 25 37 20 74 36 69 15 26 52 19 40 34 73 44 81 22 11 67 59 1 55 78 32 45 8 46 29 6 80 62 0 64 61 5 31 79 47 76 38 18 33 53 58 68 2 12 82 41 24 51 13 71 27 4 57 56 66 28 16 49 70 21 84 10 42 35 39 75 17
16 2
60 69 35 46 12 65 63 54 3 17 52 24 80 41 26 6 75 29 15 39 82 78 51 19 21 83 14 30 37 76 28 44 5 4 62 67 53 27 8 42 73 50 23 20 77 16 38 31 81 64 56 68 1 40 84 32 13 7 74 43 25 22 79 18 49 55 2 66 61 10 34 71 45 36 48 72 9 47 11 70 33 58 59 0 57
31 7 62 45 80 23 35 1 27 37 84 15 58 54 49 11 76 72 66 19 41 63 47 5 79 77 64 8 46 30 29 0 32 48 78 6 61 9 75 55 51 20 42 69 68 3 28 22 33 14 57 40 82 83 13 39 59 50 12 56 73 36 2 21 26 65 18 70 44 43 67 71 17 60 81 38 16 25 34 24 4 74 52 53 10
16 2
48 2 51 41 38 33 58 12 71 24 68 13 76 30 63 7 77 27 53 18 82 52 44 1 40 37 50 3 43 47 45 0 46 42 39 4 49 8 79 29 62 17 84 28 56 11 69 34 59 14 74 23 65 66 16 21 75 61 6 31 78 60 9 36 72 55 19 26 81 83 54 25 20 73 67 22 15 70 57 35 10 80 64 32 5
67 19 69 44 30 61 58 56 3 36 49 82 8 38 80 25 10 75 23 47 13 20 41 32 70 17 31 71 43 18 72 42 29 0 66 65 68 76 21 46 14 37 78 28 12 35 51 83 5 62 60 53 4 39 9 79 27 33 6 50 84 74 16 24 45 64 2 57 54 34 81 7 52 73 48 15 22 40 26 11 77 63 55 1 59
16 2
76 20 61 34 39 25 6 59 42 48 13 24 68 54 11 49 31 83 4 78 69 18 63 33 38 0 74 75 73 17 36 40 64 19 37 62 35 46 14 21 67 27 7 58 41 81 3 79 70 56 9 52 32 84 72 1 80 26 43 8 57 53 30 12 51 47 65 16 22 55 50 29 10 28 60 44 5 45 23 66 15 82 77 71 2
57 21 17 49 77 74 6 27 44 15 38 32 83 47 72 34 12 68 55 3 62 81 29 37 13 41 25 5 73 61 1 53 65 9 33 69 45 80 51 20 22 59 60 58 0 18 78 52 23 50 19 79 24 71 11 36 46 8 43 26 76 40 82 31 14 54 64 2 67 4 56 63 66 28 7 42 75 35 70 10 48 30 39 84 16
16 3
21 9 61 41 81 5 53 37 69 1 29 25 33 17 49 77 57 13 73 65 45 0 24 23 22 11 64 43 82 10 84 63 42 12 44 83 62 7 56 39 70 3 32 27 34 20 52 79 58 14 76 67 46 6 72 55 38 16 48 75 66 2 36 31 26 19 60 51 78 8 40 71 54 18 80 59 50 15 68 47 74 4 28 35 30
13 45 21 73 65 48 68 24 76 47 75 67 23 0 14 16 15 46 22 74 66 2 18 12 7 50 26 70 62 44 56 36 80 39 83 59 31 41 53 33 77 37 81 57 29 1 17 9 5 49 25 69 61 38 82 58 30 43 55 35 79 52 28 72 64 4 20 11 6 51 27 71 63 3 19 10 8 40 84 60 32 42 54 34 78
51 56 11 29 74 23 79 59 17 38 41 2 48 69 14 62 28 8 34 65 84 67 83 5 35 61 26 72 16 3 45 40 42 58 18 24 77 75 9 55 31 10 32 54 73 30 76 53 12 49 52 0 50 47 43 39 1 82 33 7 68 25 15 70 64 19 78 21 60 13 63 71 27 44 4 37 46 36 66 6 81 80 57 22 20
16 2
15 37 31 84 58 32 83 38 57 59 30 40 81 16 14 0 13 82 60 39 29 36 79 42 53 63 26 52 69 20 10 2 5 74 68 47 21 1 7 19 11 45 23 76 66 41 54 35 80 49 72 62 27 24 46 65 75 8 4 9 18 70 51 25 64 55 44 77 34 28 61 71 50 78 33 56 43 67 73 22 48 12 17 6 3
18 25 84 46 55 81 28 54 47 17 0 20 19 45 26 83 56 53 27 48 82 59 50 80 21 6 14 10 1 76 63 38 33 42 72 67 29 15 8 4 9 51 58 24 77 70 44 31 65 64 75 34 37 40 35 74 61 66 32 43 69 79 22 60 49 12 2 7 13 30 68 71 41 36 39 62 73 3 11 16 5 23 78 52 57
16 2
44 67 30 69 19 33 54 16 79 50 2 45 39 84 64 24 9 6 57 74 27 75 8 58 25 47 49 3 38 13 36 56 80 23 82 61 10 40 52 48 1 11 81 22 63 77 34 15 55 26 7 73 59 62 83 12 21 60 5 28 76 53 35 78 14 4 51 37 46 20 66 71 29 70 65 31 18 41 0 43 42 32 68 17 72
47 57 34 72 12 42 2 52 37 28 54 18 81 7 64 78 29 75 67 23 13 6 77 32 62 44 49 38 3 27 17 83 55 74 21 15 68 76 16 65 22 43 39 1 51 8 30 61 80 26 84 53 20 25 56 19 82 41 4 50 40 73 66 24 14 5 63 79 31 59 35 71 9 0 48 46 45 60 70 11 33 58 10 36 69
16 2
70 38 5 22 54 19 43 68 29 75 4 77 84 36 45 12 59 61 52 27 14 32 67 41 20 83 80 2 73 57 10 48 35 15 25 51 64 71 69 72 0 53 23 6 40 24 8 55 37 7 56 21 39 42 30 66 17 46 58 9 34 50 13 26 62 1 82 78 74 65 44 31 18 28 49 16 63 79 3 81 76 11 47 60 33
19 65 42 71 32 70 43 29 68 44 30 69 67 18 20 17 0 31 72 41 66 54 84 27 45 63 34 40 73 60 51 78 21 3 8 10 13 22 77 52 59 16 9 6 2 47 25 82 56 76 37 35 62 5 4 14 12 49 58 23 80 33 64 74 39 81 55 48 26 38 75 61 36 28 46 53 83 11 15 1 7 79 24 57 50
16 3
69 5 53 21 37 14 28 51 62 19 44 67 30 12 60 35 46 4 76 83 78 71 72 70 0 39 24 54 6 23 56 38 8 55 40 22 7 64 50 27 16 32 66 43 18 48 34 59 11 80 82 75 3 49 25 61 13 81 73 77 1 65 41 29 17 33 57 45 9 26 63 52 15 58 47 36 10 74 79 84 2 42 31 68 20
0 14 16 15 13 5 6 7 8 19 18 20 17 4 1 3 2 12 10 9 11 72 71 70 69 25 26 27 28 63 64 61 62 50 49 52 51 56 55 54 53 41 42 43 44 79 80 77 78 34 33 36 35 40 39 38 37 57 58 59 60 31 32 29 30 82 81 84 83 24 23 22 21 73 74 75 76 47 48 45 46 66 65 68 67
74 81 80 71 4 57 6 44 27 29 51 11 56 13 66 22 46 37 36 63 20 21 15 68 47 41 59 8 28 9 30 50 54 61 40 35 18 17 38 62 34 25 60 43 7 45 16 24 67 53 31 10 52 49 32 55 12 5 58 26 42 33 39 19 64 65 14 48 23 77 83 3 72 73 0 76 75 69 84 79 2 1 82 70 78
16 2
44 67 30 69 19 33 54 16 79 50 2 45 39 84 64 24 9 6 57 74 27 75 8 58 25 47 49 3 38 13 36 56 80 23 82 61 10 40 52 48 1 11 81 22 63 77 34 15 55 26 7 73 59 62 83 12 21 60 5 28 76 53 35 78 14 4 51 37 46 20 66 71 29 70 65 31 18 41 0 43 42 32 68 17 72
3 67 56 61 58 65 54 63 60 0 2 1 4 66 64 59 53 68 57 55 62 10 8 19 13 38 49 44 47 25 36 30 23 80 82 69 75 40 51 42 45 11 5 18 16 77 83 72 74 26 35 29 24 27 34 32 21 79 81 70 76 9 7 20 14 39 52 41 46 78 84 71 73 28 33 31 22 37 50 43 48 12 6 17 15
16 2
44 67 30 69 19 33 54 16 79 50 2 45 39 84 64 24 9 6 57 74 27 75 8 58 25 47 49 3 38 13 36 56 80 23 82 61 10 40 52 48 1 11 81 22 63 77 34 15 55 26 7 73 59 62 83 12 21 60 5 28 76 53 35 78 14 4 51 37 46 20 66 71 29 70 65 31 18 41 0 43 42 32 68 17 72
61 34 76 20 39 81 41 9 21 7 79 46 32 52 14 70 27 67 56 58 3 8 30 80 47 51 26 16 72 84 22 43 12 65 1 53 57 68 59 4 54 6 48 31 78 83 11 24 42 49 69 25 13 35 40 74 18 36 19 38 75 0 63 62 64 33 73 17 37 50 15 71 28 66 55 60 2 82 44 10 23 5 77 45 29
16 2
25 29 33 1 21 42 6 59 76 67 80 38 10 72 63 14 50 18 46 84 55 47 82 19 56 7 60 43 74 64 15 70 51 78 39 68 11 52 62 71 16 75 8 44 58 12 79 66 40 54 48 20 83 2 22 32 35 28 27 0 26 23 36 30 3 34 4 31 24 37 9 65 77 57 73 41 5 81 53 17 45 13 49 69 61
44 64 9 24 84 57 6 27 74 2 45 50 39 67 30 69 19 54 79 16 33 38 49 47 3 73 26 7 59 35 14 78 53 20 71 29 66 83 21 12 62 41 43 42 0 10 82 23 61 22 11 81 63 32 17 72 68 5 76 28 60 48 40 52 1 80 36 13 56 15 77 34 55 25 8 75 58 70 31 18 65 51 46 37 4
16 3
72 34 47 12 57 4 73 82 79 24 40 5 56 25 63 50 14 31 19 66 41 76 84 1 80 20 65 30 43 39 8 22 53 61 51 26 16 78 75 2 81 13 64 28 52 42 18 29 67 54 37 23 7 69 70 0 71 11 58 35 45 48 9 36 60 59 46 33 10 83 77 3 74 6 55 21 38 49 15 27 62 68 44 32 17
20 40 62 33 75 38 73 64 35 39 34 76 61 0 19 17 18 37 63 36 74 5 15 10 2 72 30 65 43 24 59 78 49 56 81 27 46 22 57 80 51 55 82 28 45 7 14 9 3 69 31 68 42 54 83 25 48 21 58 79 52 71 29 66 44 8 16 12 1 70 32 67 41 6 13 11 4 53 84 26 47 23 60 77 50
11 29 51 56 74 55 73 30 52 10 9 0 12 76 49 31 54 50 53 32 75 25 78 39 68 21 64 82 43 1 7 15 19 33 47 60 70 84 41 23 62 38 65 28 79 59 69 34 48 14 17 2 8 18 16 5 3 72 58 45 35 67 40 77 26 42 83 61 24 46 36 71 57 6 4 20 13 63 22 44 81 80 27 66 37
16 3
31 7 62 45 80 23 35 1 27 37 84 15 58 54 49 11 76 72 66 19 41 63 47 5 79 77 64 8 46 30 29 0 32 48 78 6 61 9 75 55 51 20 42 69 68 3 28 22 33 14 57 40 82 83 13 39 59 50 12 56 73 36 2 21 26 65 18 70 44 43 67 71 17 60 81 38 16 25 34 24 4 74 52 53 10
61 34 76 20 39 81 41 9 21 7 79 46 32 52 14 70 27 67 56 58 3 8 30 80 47 51 26 16 72 84 22 43 12 65 1 53 57 68 59 4 54 6 48 31 78 83 11 24 42 49 69 25 13 35 40 74 18 36 19 38 75 0 63 62 64 33 73 17 37 50 15 71 28 66 55 60 2 82 44 10 23 5 77 45 29
51 56 11 29 74 23 79 59 17 38 41 2 48 69 14 62 28 8 34 65 84 67 83 5 35 61 26 72 16 3 45 40 42 58 18 24 77 75 9 55 31 10 32 54 73 30 76 53 12 49 52 0 50 47 43 39 1 82 33 7 68 25 15 70 64 19 78 21 60 13 63 71 27 44 4 37 46 36 66 6 81 80 57 22 20
16 3
18 25 46 55 84 54 28 47 81 83 26 56 45 48 27 82 53 20 0 19 17 33 38 63 76 1 10 14 6 29 67 72 42 21 80 50 59 79 22 60 49 66 32 43 69 12 2 7 13 40 35 74 61 16 5 3 11 62 73 36 39 52 57 23 78 71 41 30 68 44 70 65 31 58 51 77 24 75 64 37 34 8 15 9 4
51 59 23 79 17 62 28 69 14 2 41 48 38 56 74 11 29 65 8 34 84 3 45 40 42 66 36 81 6 53 12 30 76 64 70 15 25 55 31 75 9 1 39 43 47 67 83 5 35 63 13 27 71 68 7 33 82 54 73 10 32 4 44 46 37 61 26 72 16 57 80 20 22 58 18 24 77 60 21 78 19 0 50 49 52
41 51 2 48 38 75 6 60 26 9 81 21 61 55 36 78 16 31 66 19 72 11 84 23 62 74 8 59 28 29 65 17 69 56 34 79 14 50 4 47 40 0 44 43 42 52 46 39 3 49 37 1 45 53 77 13 33 76 58 27 7 12 24 63 82 30 18 71 68 32 70 67 20 73 25 5 57 54 15 35 80 10 64 83 22
16 3
44 67 30 69 19 33 54 16 79 50 2 45 39 84 64 24 9 6 57 74 27 75 8 58 25 47 49 3 38 13 36 56 80 23 82 61 10 40 52 48 1 11 81 22 63 77 34 15 55 26 7 73 59 62 83 12 21 60 5 28 76 53 35 78 14 4 51 37 46 20 66 71 29 70 65 31 18 41 0 43 42 32 68 17 72
84 77 75 70 4 55 46 25 18 15 31 37 58 44 64 9 24 34 8 65 51 30 57 39 16 7 49 66 35 63 21 10 42 48 17 28 56 11 62 23 41 40 32 60 13 67 6 50 33 26 47 20 53 52 68 5 36 22 12 61 43 59 38 29 14 19 27 45 54 73 3 71 78 69 74 2 79 1 72 76 80 81 83 82 0
51 56 11 29 74 23 79 59 17 38 41 2 48 69 14 62 28 8 34 65 84 67 83 5 35 61 26 72 16 3 45 40 42 58 18 24 77 75 9 55 31 10 32 54 73 30 76 53 12 49 52 0 50 47 43 39 1 82 33 7 68 25 15 70 64 19 78 21 60 13 63 71 27 44 4 37 46 36 66 6 81 80 57 22 20
16 3
61 34 76 20 39 81 41 9 21 7 79 46 32 52 14 70 27 67 56 58 3 8 30 80 47 51 26 16 72 84 22 43 12 65 1 53 57 68 59 4 54 6 48 31 78 83 11 24 42 49 69 25 13 35 40 74 18 36 19 38 75 0 63 62 64 33 73 17 37 50 15 71 28 66 55 60 2 82 44 10 23 5 77 45 29
37 69 53 21 5 74 63 36 20 2 52 47 42 79 26 10 68 84 15 58 31 44 51 4 46 30 14 83 60 67 28 78 12 19 62 76 35 27 11 80 66 50 48 3 43 16 59 82 32 64 34 75 18 57 29 81 13 9 65 77 25 45 41 1 49 33 17 73 61 6 56 71 22 54 23 72 7 24 8 70 55 39 38 0 40
51 56 11 29 74 23 79 59 17 38 41 2 48 69 14 62 28 8 34 65 84 67 83 5 35 61 26 72 16 3 45 40 42 58 18 24 77 75 9 55 31 10 32 54 73 30 76 53 12 49 52 0 50 47 43 39 1 82 33 7 68 25 15 70 64 19 78 21 60 13 63 71 27 44 4 37 46 36 66 6 81 80 57 22 20
16 3
84 77 75 70 4 55 46 25 18 15 31 37 58 44 64 9 24 34 8 65 51 30 57 39 16 7 49 66 35 63 21 10 42 48 17 28 56 11 62 23 41 40 32 60 13 67 6 50 33 26 47 20 53 52 68 5 36 22 12 61 43 59 38 29 14 19 27 45 54 73 3 71 78 69 74 2 79 1 72 76 80 81 83 82 0
15 37 31 84 58 32 83 38 57 59 30 40 81 16 14 0 13 82 60 39 29 36 79 42 53 63 26 52 69 20 10 2 5 74 68 47 21 1 7 19 11 45 23 76 66 41 54 35 80 49 72 62 27 24 46 65 75 8 4 9 18 70 51 25 64 55 44 77 34 28 61 71 50 78 33 56 43 67 73 22 48 12 17 6 3
78 17 22 50 58 65 40 27 10 69 76 83 4 29 64 47 7 41 36 55 16 60 21 19 51 24 49 20 59 52 57 18 23 80 77 0 79 54 13 42 34 46 5 30 62 82 1 70 74 26 9 66 38 63 45 32 8 75 81 72 2 35 53 44 14 39 25 68 11 3 73 71 84 15 33 43 56 6 61 31 48 12 37 67 28
16 3
84 65 34 8 51 31 58 37 15 70 4 77 75 18 55 25 46 44 64 9 24 54 27 19 45 3 78 71 73 63 10 42 21 60 40 32 13 76 1 72 80 22 61 43 12 47 53 20 26 16 57 30 39 49 35 66 7 33 6 67 50 5 52 68 36 81 82 0 83 11 23 41 62 28 48 17 56 79 74 69 2 38 14 29 59
41 51 2 48 38 75 6 60 26 9 81 21 61 55 36 78 16 31 66 19 72 11 84 23 62 74 8 59 28 29 65 17 69 56 34 79 14 50 4 47 40 0 44 43 42 52 46 39 3 49 37 1 45 53 77 13 33 76 58 27 7 12 24 63 82 30 18 71 68 32 70 67 20 73 25 5 57 54 15 35 80 10 64 83 22
0 14 16 15 13 5 6 7 8 19 18 20 17 4 1 3 2 12 10 9 11 72 71 70 69 25 26 27 28 63 64 61 62 50 49 52 51 56 55 54 53 41 42 43 44 79 80 77 78 34 33 36 35 40 39 38 37 57 58 59 60 31 32 29 30 82 81 84 83 24 23 22 21 73 74 75 76 47 48 45 46 66 65 68 67
16 3
63 37 36 20 74 23 83 9 43 7 30 77 48 72 14 25 50 54 60 65 3 31 79 5 47 15 26 69 52 84 10 21 42 58 68 53 2 1 59 55 67 45 32 8 78 41 82 24 12 49 16 70 28 35 17 39 75 76 33 38 18 62 61 0 64 19 73 40 34 27 51 71 13 66 4 56 57 11 44 22 81 80 46 6 29
31 7 62 45 80 23 35 1 27 37 84 15 58 54 49 11 76 72 66 19 41 63 47 5 79 77 64 8 46 30 29 0 32 48 78 6 61 9 75 55 51 20 42 69 68 3 28 22 33 14 57 40 82 83 13 39 59 50 12 56 73 36 2 21 26 65 18 70 44 43 67 71 17 60 81 38 16 25 34 24 4 74 52 53 10
77 7 63 30 48 42 35 56 16 75 84 70 4 57 49 21 17 28 66 39 10 62 47 32 6 31 64 46 8 45 29 61 5 80 78 79 0 9 37 65 25 20 23 50 60 3 72 83 74 14 54 36 43 22 52 19 59 69 81 1 73 40 67 11 26 55 34 15 44 82 2 71 76 68 12 38 27 51 18 24 58 33 13 53 41
16 3
41 51 2 48 38 75 6 60 26 9 81 21 61 55 36 78 16 31 66 19 72 11 84 23 62 74 8 59 28 29 65 17 69 56 34 79 14 50 4 47 40 0 44 43 42 52 46 39 3 49 37 1 45 53 77 13 33 76 58 27 7 12 24 63 82 30 18 71 68 32 70 67 20 73 25 5 57 54 15 35 80 10 64 83 22
0 14 16 15 13 5 6 7 8 19 18 20 17 4 1 3 2 12 10 9 11 72 71 70 69 25 26 27 28 63 64 61 62 50 49 52 51 56 55 54 53 41 42 43 44 79 80 77 78 34 33 36 35 40 39 38 37 57 58 59 60 31 32 29 30 82 81 84 83 24 23 22 21 73 74 75 76 47 48 45 46 66 65 68 67
75 20 33 40 62 41 6 26 60 67 13 47 23 32 11 53 50 70 4 84 77 36 19 61 38 74 0 76 73 37 18 34 64 63 17 39 35 16 66 21 48 8 44 58 25 1 71 79 83 12 29 52 54 78 72 81 2 59 43 27 5 49 30 56 10 24 65 46 15 55 31 9 51 28 42 7 57 45 68 14 22 82 69 3 80
16 3
20 33 40 62 75 38 73 64 35 63 37 74 36 76 61 39 34 18 17 19 0 25 54 83 48 21 79 52 58 29 44 66 71 1 16 8 12 10 5 15 2 72 65 43 30 59 49 78 24 46 81 56 27 80 22 57 51 55 28 45 82 14 3 9 7 42 31 69 68 67 70 32 41 6 11 4 13 84 47 26 53 50 60 23 77
27 1 23 31 35 44 6 57 74 40 10 65 78 52 14 61 70 48 18 53 82 30 33 2 24 26 25 0 28 34 21 3 32 22 29 4 36 67 79 39 9 59 75 43 5 55 83 47 17 63 71 51 13 19 54 45 84 7 58 41 76 15 62 49 72 11 66 37 80 69 16 50 64 73 8 42 60 77 12 38 68 81 20 46 56
41 51 2 48 38 75 6 60 26 9 81 21 61 55 36 78 16 31 66 19 72 11 84 23 62 74 8 59 28 29 65 17 69 56 34 79 14 50 4 47 40 0 44 43 42 52 46 39 3 49 37 1 45 53 77 13 33 76 58 27 7 12 24 63 82 30 18 71 68 32 70 67 20 73 25 5 57 54 15 35 80 10 64 83 22
16 3
20 33 40 62 75 38 73 64 35 63 37 74 36 76 61 39 34 18 17 19 0 25 54 83 48 21 79 52 58 29 44 66 71 1 16 8 12 10 5 15 2 72 65 43 30 59 49 78 24 46 81 56 27 80 22 57 51 55 28 45 82 14 3 9 7 42 31 69 68 67 70 32 41 6 11 4 13 84 47 26 53 50 60 23 77
79 37 68 10 26 82 73 4 72 16 33 44 54 59 17 51 23 32 61 46 7 42 36 53 15 52 20 21 58 2 74 69 84 47 63 5 31 62 8 48 29 35 55 43 13 76 70 3 81 19 24 50 57 9 67 27 39 65 28 11 38 77 78 80 0 25 12 66 40 22 49 18 60 6 45 64 30 71 1 75 83 56 41 34 14
41 51 2 48 38 75 6 60 26 9 81 21 61 55 36 78 16 31 66 19 72 11 84 23 62 74 8 59 28 29 65 17 69 56 34 79 14 50 4 47 40 0 44 43 42 52 46 39 3 49 37 1 45 53 77 13 33 76 58 27 7 12 24 63 82 30 18 71 68 32 70 67 20 73 25 5 57 54 15 35 80 10 64 83 22
16 3
60 69 35 46 12 65 63 54 3 17 52 24 80 41 26 6 75 29 15 39 82 78 51 19 21 83 14 30 37 76 28 44 5 4 62 67 53 27 8 42 73 50 23 20 77 16 38 31 81 64 56 68 1 40 84 32 13 7 74 43 25 22 79 18 49 55 2 66 61 10 34 71 45 36 48 72 9 47 11 70 33 58 59 0 57
63 37 36 20 74 23 83 9 43 7 30 77 48 72 14 25 50 54 60 65 3 31 79 5 47 15 26 69 52 84 10 21 42 58 68 53 2 1 59 55 67 45 32 8 78 41 82 24 12 49 16 70 28 35 17 39 75 76 33 38 18 62 61 0 64 19 73 40 34 27 51 71 13 66 4 56 57 11 44 22 81 80 46 6 29
15 37 31 84 58 32 83 38 57 59 30 40 81 16 14 0 13 82 60 39 29 36 79 42 53 63 26 52 69 20 10 2 5 74 68 47 21 1 7 19 11 45 23 76 66 41 54 35 80 49 72 62 27 24 46 65 75 8 4 9 18 70 51 25 64 55 44 77 34 28 61 71 50 78 33 56 43 67 73 22 48 12 17 6 3
16 3
2 3 0 1 4 40 43 46 49 42 37 52 47 45 50 39 44 51 48 41 38 65 62 59 56 63 68 53 58 60 55 66 61 54 57 64 67 10 20 15 5 19 9 6 16 13 7 12 18 8 14 17 11 27 33 30 24 34 28 23 29 32 22 25 35 21 31 36 26 78 75 81 72 73 80 70 83 84 69 79 74 71 82 76 77
46 12 60 69 35 49 43 2 40 74 22 13 66 55 84 18 25 32 61 7 79 11 36 57 71 9 70 34 58 0 45 47 48 10 59 72 33 54 82 17 26 29 63 6 80 52 41 3 39 75 24 15 65 76 67 21 14 53 28 83 19 51 37 44 4 30 78 62 5 31 8 77 64 73 16 68 23 50 1 38 42 56 20 27 81
2 48 41 51 38 40 43 46 49 44 50 45 39 52 37 47 42 1 3 0 4 30 24 27 33 63 68 53 58 7 13 18 12 77 76 82 71 81 72 78 75 19 9 6 16 55 60 61 66 26 36 31 21 59 56 65 62 34 28 23 29 69 84 74 79 11 17 14 8 15 5 10 20 73 80 70 83 22 32 35 25 67 64 57 54
16 3
17 23 51 59 79 22 58 78 50 24 80 52 60 21 49 57 77 0 19 18 20 13 5 1 9 67 71 31 43 47 55 27 83 75 39 35 63 74 38 34 62 48 56 28 84 65 69 29 41 14 8 2 11 66 70 30 42 15 6 3 12 76 40 36 64 45 53 25 81 46 54 26 82 73 37 33 61 16 7 4 10 68 72 32 44
71 19 32 42 65 12 58 33 48 14 49 64 26 4 80 74 81 5 23 39 55 72 0 69 70 31 17 67 43 66 20 44 29 41 18 30 68 57 11 46 36 50 15 28 61 79 1 83 75 24 7 53 38 47 9 35 59 56 6 37 22 25 16 62 52 82 2 76 77 34 10 60 45 73 3 78 84 40 8 21 54 63 13 51 27
48 53 18 27 82 33 58 12 71 77 63 30 7 13 68 76 24 41 2 51 38 21 75 66 16 37 50 3 43 69 11 59 34 5 32 64 80 25 20 83 54 17 84 28 56 45 47 46 0 81 26 19 55 1 40 52 44 61 6 31 78 57 70 10 35 65 23 74 14 29 62 8 79 73 67 22 15 9 60 72 36 49 4 39 42
16 3
71 19 32 42 65 12 58 33 48 14 49 64 26 4 80 74 81 5 23 39 55 72 0 69 70 31 17 67 43 66 20 44 29 41 18 30 68 57 11 46 36 50 15 28 61 79 1 83 75 24 7 53 38 47 9 35 59 56 6 37 22 25 16 62 52 82 2 76 77 34 10 60 45 73 3 78 84 40 8 21 54 63 13 51 27
12 70 36 59 45 71 58 48 33 69 46 35 60 72 34 57 47 0 9 10 11 4 5 14 19 84 22 61 43 77 38 27 68 75 54 52 29 74 55 49 32 78 37 28 67 82 24 63 41 1 8 16 20 81 23 64 42 3 6 15 17 76 53 51 30 79 40 25 66 80 39 26 65 73 56 50 31 2 7 13 18 83 21 62 44
3 2 1 0 4 56 58 61 67 62 68 55 57 65 63 60 54 59 53 66 64 45 42 51 40 50 37 48 43 39 52 41 46 44 47 38 49 26 35 29 24 31 22 28 33 21 32 34 27 36 25 23 30 18 16 11 5 12 6 17 15 7 9 14 20 13 19 8 10 83 77 74 72 73 71 84 78 70 76 79 81 80 82 69 75
16 3
20 40 62 33 75 38 73 64 35 39 34 76 61 0 19 17 18 37 63 36 74 5 15 10 2 72 30 65 43 24 59 78 49 56 81 27 46 22 57 80 51 55 82 28 45 7 14 9 3 69 31 68 42 54 83 25 48 21 58 79 52 71 29 66 44 8 16 12 1 70 32 67 41 6 13 11 4 53 84 26 47 23 60 77 50
11 29 51 56 74 55 73 30 52 10 9 0 12 76 49 31 54 50 53 32 75 25 78 39 68 21 64 82 43 1 7 15 19 33 47 60 70 84 41 23 62 38 65 28 79 59 69 34 48 14 17 2 8 18 16 5 3 72 58 45 35 67 40 77 26 42 83 61 24 46 36 71 57 6 4 20 13 63 22 44 81 80 27 66 37
41 51 2 48 38 75 6 60 26 9 81 21 61 55 36 78 16 31 66 19 72 11 84 23 62 74 8 59 28 29 65 17 69 56 34 79 14 50 4 47 40 0 44 43 42 52 46 39 3 49 37 1 45 53 77 13 33 76 58 27 7 12 24 63 82 30 18 71 68 32 70 67 20 73 25 5 57 54 15 35 80 10 64 83 22
16 3
41 38 48 2 51 75 6 60 26 61 21 81 9 36 55 16 78 19 72 31 66 32 70 67 20 57 5 25 73 15 54 80 35 83 22 10 64 53 77 13 33 7 27 58 76 24 12 82 63 71 68 30 18 50 4 47 40 42 43 44 0 46 52 3 39 1 45 49 37 11 84 23 62 28 59 8 74 65 29 69 17 79 14 56 34
75 20 33 40 62 41 6 26 60 67 13 47 23 32 11 53 50 70 4 84 77 36 19 61 38 74 0 76 73 37 18 34 64 63 17 39 35 16 66 21 48 8 44 58 25 1 71 79 83 12 29 52 54 78 72 81 2 59 43 27 5 49 30 56 10 24 65 46 15 55 31 9 51 28 42 7 57 45 68 14 22 82 69 3 80
8 82 67 49 36 7 6 5 0 33 52 66 83 51 65 34 84 68 35 50 81 62 29 48 79 42 60 27 73 22 39 53 72 9 15 18 4 80 47 30 61 75 25 58 44 69 56 38 23 3 19 13 10 31 64 77 46 57 43 76 26 40 21 71 54 14 11 2 17 45 78 63 32 28 74 41 59 55 70 24 37 20 1 12 16
16 3
71 19 32 42 65 12 58 33 48 14 49 64 26 4 80 74 81 5 23 39 55 72 0 69 70 31 17 67 43 66 20 44 29 41 18 30 68 57 11 46 36 50 15 28 61 79 1 83 75 24 7 53 38 47 9 35 59 56 6 37 22 25 16 62 52 82 2 76 77 34 10 60 45 73 3 78 84 40 8 21 54 63 13 51 27
12 70 36 59 45 71 58 48 33 69 46 35 60 72 34 57 47 0 9 10 11 4 5 14 19 84 22 61 43 77 38 27 68 75 54 52 29 74 55 49 32 78 37 28 67 82 24 63 41 1 8 16 20 81 23 64 42 3 6 15 17 76 53 51 30 79 40 25 66 80 39 26 65 73 56 50 31 2 7 13 18 83 21 62 44
48 53 18 27 82 33 58 12 71 77 63 30 7 13 68 76 24 41 2 51 38 21 75 66 16 37 50 3 43 69 11 59 34 5 32 64 80 25 20 83 54 17 84 28 56 45 47 46 0 81 26 19 55 1 40 52 44 61 6 31 78 57 70 10 35 65 23 74 14 29 62 8 79 73 67 22 15 9 60 72 36 49 4 39 42
16 3
69 5 53 21 37 14 28 51 62 19 44 67 30 12 60 35 46 4 76 83 78 71 72 70 0 39 24 54 6 23 56 38 8 55 40 22 7 64 50 27 16 32 66 43 18 48 34 59 11 80 82 75 3 49 25 61 13 81 73 77 1 65 41 29 17 33 57 45 9 26 63 52 15 58 47 36 10 74 79 84 2 42 31 68 20
51 8 34 65 84 62 28 69 14 29 74 56 11 48 41 38 2 79 59 23 17 33 82 68 7 66 36 81 6 83 67 35 5 52 49 50 0 20 22 57 80 1 39 43 47 12 53 76 30 16 72 26 61 40 42 3 45 54 73 10 32 21 60 19 78 71 27 13 63 75 9 55 31 58 18 24 77 44 4 37 46 25 15 70 64
0 14 16 15 13 5 6 7 8 19 18 20 17 4 1 3 2 12 10 9 11 72 71 70 69 25 26 27 28 63 64 61 62 50 49 52 51 56 55 54 53 41 42 43 44 79 80 77 78 34 33 36 35 40 39 38 37 57 58 59 60 31 32 29 30 82 81 84 83 24 23 22 21 73 74 75 76 47 48 45 46 66 65 68 67
16 3
46 12 60 69 35 49 43 2 40 74 22 13 66 55 84 18 25 32 61 7 79 11 36 57 71 9 70 34 58 0 45 47 48 10 59 72 33 54 82 17 26 29 63 6 80 52 41 3 39 75 24 15 65 76 67 21 14 53 28 83 19 51 37 44 4 30 78 62 5 31 8 77 64 73 16 68 23 50 1 38 42 56 20 27 81
2 48 41 51 38 40 43 46 49 44 50 45 39 52 37 47 42 1 3 0 4 30 24 27 33 63 68 53 58 7 13 18 12 77 76 82 71 81 72 78 75 19 9 6 16 55 60 61 66 26 36 31 21 59 56 65 62 34 28 23 29 69 84 74 79 11 17 14 8 15 5 10 20 73 80 70 83 22 32 35 25 67 64 57 54
27 1 23 31 35 44 6 57 74 40 10 65 78 52 14 61 70 48 18 53 82 30 33 2 24 26 25 0 28 34 21 3 32 22 29 4 36 67 79 39 9 59 75 43 5 55 83 47 17 63 71 51 13 19 54 45 84 7 58 41 76 15 62 49 72 11 66 37 80 69 16 50 64 73 8 42 60 77 12 38 68 81 20 46 56
16 3
12 70 36 59 45 71 58 48 33 69 46 35 60 72 34 57 47 0 9 10 11 4 5 14 19 84 22 61 43 77 38 27 68 75 54 52 29 74 55 49 32 78 37 28 67 82 24 63 41 1 8 16 20 81 23 64 42 3 6 15 17 76 53 51 30 79 40 25 66 80 39 26 65 73 56 50 31 2 7 13 18 83 21 62 44
5 69 53 37 21 0 6 8 7 70 54 38 22 72 24 56 40 71 39 23 55 4 12 19 14 76 60 44 28 83 35 67 51 78 46 30 62 3 11 18 16 75 59 43 27 82 34 66 50 80 48 32 64 2 10 20 15 74 58 42 26 84 36 68 52 79 47 31 63 1 9 17 13 73 57 41 25 81 33 65 49 77 45 29 61
48 53 18 27 82 33 58 12 71 77 63 30 7 13 68 76 24 41 2 51 38 21 75 66 16 37 50 3 43 69 11 59 34 5 32 64 80 25 20 83 54 17 84 28 56 45 47 46 0 81 26 19 55 1 40 52 44 61 6 31 78 57 70 10 35 65 23 74 14 29 62 8 79 73 67 22 15 9 60 72 36 49 4 39 42
16 3
71 19 32 42 65 12 58 33 48 14 49 64 26 4 80 74 81 5 23 39 55 72 0 69 70 31 17 67 43 66 20 44 29 41 18 30 68 57 11 46 36 50 15 28 61 79 1 83 75 24 7 53 38 47 9 35 59 56 6 37 22 25 16 62 52 82 2 76 77 34 10 60 45 73 3 78 84 40 8 21 54 63 13 51 27
0 14 16 15 13 5 6 7 8 19 18 20 17 4 1 3 2 12 10 9 11 72 71 70 69 25 26 27 28 63 64 61 62 50 49 52 51 56 55 54 53 41 42 43 44 79 80 77 78 34 33 36 35 40 39 38 37 57 58 59 60 31 32 29 30 82 81 84 83 24 23 22 21 73 74 75 76 47 48 45 46 66 65 68 67
48 53 18 27 82 33 58 12 71 77 63 30 7 13 68 76 24 41 2 51 38 21 75 66 16 37 50 3 43 69 11 59 34 5 32 64 80 25 20 83 54 17 84 28 56 45 47 46 0 81 26 19 55 1 40 52 44 61 6 31 78 57 70 10 35 65 23 74 14 29 62 8 79 73 67 22 15 9 60 72 36 49 4 39 42
17 1
23 43 9 63 83 55 71 39 5 35 31 1 27 79 17 51 59 13 67 47 75 73 46 68 16 58 49 19 80 28 2 29 34 6 40 70 53 11 84 62 41 64 12 81 42 82 61 10 44 21 22 24 0 30 25 3 36 65 74 48 14 20 60 50 77 72 7 37 54 52 18 57 78 4 32 26 33 45 66 76 15 38 69 8 56
18 3
77 56 42 35 16 63 30 7 48 66 10 39 28 57 49 21 17 4 75 70 84 74 83 72 3 11 26 40 67 29 45 5 61 51 18 24 58 37 9 25 65 22 52 19 59 6 32 47 62 71 76 82 2 20 23 50 60 81 69 73 1 46 8 31 64 27 38 12 68 36 43 14 54 44 15 34 55 80 78 79 0 13 33 41 53
23 1 27 35 31 17 51 79 59 13 47 75 67 9 43 83 63 5 39 71 55 22 21 0 24 34 29 2 28 26 33 4 32 30 25 3 36 78 57 18 52 74 65 14 48 82 61 10 44 70 53 6 40 50 77 20 60 38 69 8 56 46 73 16 68 42 81 12 64 58 49 19 80 62 41 11 84 54 37 7 72 66 45 15 76
69 60 46 35 12 5 21 37 53 76 78 83 4 44 19 30 67 28 51 14 62 6 39 54 24 41 29 65 17 26 15 63 52 75 82 3 80 7 55 22 40 25 61 49 13 74 2 79 84 43 66 18 32 8 23 38 56 73 77 81 1 42 20 31 68 27 50 16 64 0 71 70 72 57 45 33 9 58 10 47 36 59 34 11 48
18 2
2 3 0 1 4 39 44 45 50 41 38 51 48 46 49 40 43 52 47 42 37 61 66 55 60 67 64 57 54 56 59 62 65 58 53 68 63 20 10 5 15 9 19 16 6 7 13 18 12 14 8 11 17 34 28 23 29 27 33 30 24 21 31 36 26 32 22 25 35 76 77 71 82 79 74 84 69 70 83 73 80 81 72 78 75
4 1 0 3 2 77 75 84 70 73 79 72 82 81 71 80 74 69 83 76 78 28 30 21 35 32 26 33 23 24 34 25 31 36 22 29 27 10 7 17 16 6 11 13 20 18 15 9 8 14 19 5 12 66 63 57 56 62 67 53 60 58 55 65 64 54 59 61 68 39 48 49 42 47 40 41 50 51 44 37 46 43 52 45 38
18 2
60 54 63 3 65 39 82 29 15 24 17 52 80 6 26 75 41 69 46 12 35 28 76 5 44 18 49 22 79 47 11 70 33 81 31 38 16 77 20 23 50 36 48 72 9 43 25 7 74 14 83 37 30 66 61 55 2 62 4 53 67 1 68 56 64 58 59 0 57 10 34 71 45 73 42 8 27 51 78 21 19 32 13 40
8 51 34 84 65 49 67 36 82 52 83 66 33 0 5 6 7 50 35 81 68 2 17 14 11 38 23 69 56 41 59 28 74 48 79 62 29 43 57 26 76 47 80 61 30 1 20 16 12 39 22 72 53 46 77 64 31 44 58 25 75 37 24 70 55 4 18 15 9 40 21 71 54 3 19 13 10 45 78 63 32 42 60 27 73
20 2
72 5 24 40 56 4 73 82 79 14 25 50 63 12 57 34 47 19 41 66 31 71 70 69 0 55 38 21 6 39 22 53 8 23 54 37 7 80 84 76 1 64 52 28 13 48 36 60 9 32 68 44 17 81 75 78 2 65 43 30 20 49 27 62 15 33 59 46 10 74 77 83 3 58 45 35 11 42 29 67 18 26 61 51 16
67 82 8 36 49 61 58 56 3 44 30 19 69 23 13 47 75 10 38 25 80 9 39 27 79 22 15 48 73 42 29 18 72 62 60 53 4 81 34 52 7 84 50 6 33 83 5 35 51 0 66 65 68 41 20 70 32 12 28 78 37 24 45 74 16 63 55 1 59 21 76 14 46 43 71 31 17 11 77 40 26 64 2 57 54
20 2
68 79 37 10 26 81 8 35 50 70 29 43 19 76 48 13 24 3 62 55 57 61 54 4 59 7 33 82 51 46 16 73 23 32 44 72 17 21 47 74 15 52 5 84 36 20 31 69 42 58 63 2 53 9 28 80 40 67 65 0 66 27 38 77 12 39 11 78 25 41 18 71 30 34 49 83 6 56 60 1 64 14 22 75 45
38 83 15 57 32 48 51 41 2 25 67 10 80 54 5 22 70 20 35 64 73 76 63 33 18 69 23 8 56 78 9 66 26 4 43 52 45 13 30 58 82 59 14 29 84 31 60 16 81 39 37 40 0 68 77 12 27 34 74 62 17 6 72 21 55 49 3 44 47 24 7 71 53 11 65 79 28 61 36 75 19 42 50 1 46
20 2
15 37 31 84 58 32 83 38 57 59 30 40 81 16 14 0 13 82 60 39 29 36 79 42 53 63 26 52 69 20 10 2 5 74 68 47 21 1 7 19 11 45 23 76 66 41 54 35 80 49 72 62 27 24 46 65 75 8 4 9 18 70 51 25 64 55 44 77 34 28 61 71 50 78 33 56 43 67 73 22 48 12 17 6 3
9 83 63 43 23 81 61 41 21 0 11 10 12 82 42 22 62 84 24 64 44 8 15 4 18 52 32 76 56 66 38 78 26 33 57 69 45 50 30 74 54 7 14 3 20 36 60 72 48 65 37 77 25 68 40 80 28 34 58 70 46 6 16 2 19 49 29 73 53 35 59 71 47 67 39 79 27 51 31 75 55 5 13 1 17
20 2
23 1 27 35 31 17 51 79 59 13 47 75 67 9 43 83 63 5 39 71 55 22 21 0 24 34 29 2 28 26 33 4 32 30 25 3 36 78 57 18 52 74 65 14 48 82 61 10 44 70 53 6 40 50 77 20 60 38 69 8 56 46 73 16 68 42 81 12 64 58 49 19 80 62 41 11 84 54 37 7 72 66 45 15 76
38 64 20 35 73 48 51 41 2 80 25 10 67 32 15 83 57 5 70 22 54 71 7 53 24 14 29 59 84 26 78 66 9 49 47 3 44 33 63 18 76 74 62 34 17 19 61 75 36 39 0 37 40 12 77 27 68 23 8 69 56 81 31 16 60 42 46 50 1 58 30 82 13 65 79 11 28 55 6 21 72 4 45 43 52
20 2
18 26 45 56 83 54 28 47 81 82 27 53 48 46 25 84 55 17 0 20 19 49 22 79 60 14 1 10 6 64 34 37 75 71 30 68 41 31 70 44 65 36 62 73 39 2 13 7 12 21 50 59 80 11 5 16 3 77 58 51 24 67 42 72 29 40 74 61 35 76 38 33 63 43 66 32 69 57 78 23 52 8 9 4 15
2 50 45 44 39 40 43 46 49 4 3 1 0 47 37 42 52 41 48 38 51 81 75 72 78 68 53 63 58 35 32 25 22 8 11 14 17 59 62 56 65 80 70 73 83 18 13 12 7 21 26 31 36 30 33 24 27 9 6 19 16 74 84 79 69 54 67 57 64 15 20 5 10 28 23 34 29 61 60 66 55 71 77 82 76
20 2
8 82 67 49 36 7 6 5 0 33 52 66 83 51 65 34 84 68 35 50 81 62 29 48 79 42 60 27 73 22 39 53 72 9 15 18 4 80 47 30 61 75 25 58 44 69 56 38 23 3 19 13 10 31 64 77 46 57 43 76 26 40 21 71 54 14 11 2 17 45 78 63 32 28 74 41 59 55 70 24 37 20 1 12 16
62 33 20 40 75 51 28 14 69 82 22 42 9 7 31 80 45 68 3 55 57 8 29 79 48 66 1 54 58 52 25 16 71 83 21 44 12 34 74 17 38 36 39 73 18 0 64 61 63 35 19 37 76 65 56 59 2 81 43 10 24 49 15 72 27 5 78 46 30 84 11 23 41 6 47 32 77 50 70 26 13 67 60 4 53
20 2
36 37 63 74 20 78 41 55 16 12 45 70 59 67 49 8 82 28 1 24 32 10 69 58 47 26 21 31 2 68 5 84 52 79 53 15 42 65 83 50 7 9 60 48 72 25 30 3 23 77 14 43 54 27 4 22 29 66 51 6 81 11 46 71 57 80 44 56 13 40 76 17 64 38 19 61 75 39 62 73 18 0 35 33 34
80 4 71 81 74 7 45 62 31 10 38 67 25 16 43 53 34 17 52 60 24 79 78 77 0 73 83 70 2 82 69 75 3 72 76 84 1 32 64 48 5 26 65 39 12 33 55 42 14 23 58 49 19 61 47 30 8 59 50 21 18 68 40 28 9 54 41 35 15 46 29 63 6 44 36 56 13 51 22 57 20 37 27 66 11
25 2
20 64 73 35 38 33 62 75 40 39 61 34 76 74 63 37 36 19 0 18 17 71 66 44 29 14 3 9 7 26 53 84 47 49 59 24 78 58 52 79 21 55 28 45 82 4 13 6 11 65 72 30 43 12 8 16 1 42 31 69 68 23 77 50 60 81 46 27 56 48 83 54 25 80 22 57 51 32 41 67 70 5 10 2 15
66 64 53 3 59 28 10 39 77 52 83 33 8 72 41 19 31 13 22 74 46 47 14 73 24 78 26 38 9 29 71 20 44 7 49 35 84 18 69 43 32 37 27 11 80 34 50 82 5 75 16 21 48 54 62 58 1 67 0 65 68 2 61 55 60 57 63 4 56 81 51 6 36 12 25 79 40 23 15 45 76 42 70 30 17
32 5
29 7 47 78 64 33 25 1 21 82 60 15 39 51 74 11 56 68 43 19 70 8 62 48 79 6 80 63 46 0 31 30 32 5 45 77 61 52 75 12 54 67 42 18 72 34 28 2 23 81 57 13 37 83 40 58 16 50 55 76 10 36 22 27 4 65 69 41 17 66 20 71 44 84 14 38 59 35 3 24 26 49 9 53 73
66 28 77 10 39 74 22 46 13 59 3 53 64 8 33 83 52 41 31 19 72 51 6 81 36 62 58 54 1 69 43 18 32 14 73 47 24 56 57 4 63 17 42 30 70 84 7 35 49 48 75 21 16 11 27 80 37 38 26 9 78 79 25 40 12 65 0 68 67 29 44 71 20 34 5 50 82 2 60 61 55 23 76 15 45
72 50 25 63 14 12 47 57 34 56 40 24 5 73 4 79 82 31 41 19 66 45 35 58 11 2 81 78 75 44 68 17 32 39 8 22 53 59 46 33 10 18 42 67 29 21 38 6 55 80 1 84 76 36 60 48 9 7 23 37 54 83 77 3 74 65 20 43 30 70 69 71 0 13 64 28 52 62 27 15 49 26 16 61 51
18 53 82 27 48 26 56 83 45 47 54 28 81 84 55 46 25 20 0 19 17 34 37 64 75 16 5 3 11 43 69 66 32 80 21 59 50 22 79 49 60 72 42 29 67 8 15 9 4 39 36 73 62 1 10 14 6 61 74 35 40 57 52 78 23 65 31 44 70 30 68 71 41 51 58 24 77 76 63 38 33 12 2 7 13
72 24 56 40 5 4 82 79 73 25 63 50 14 34 12 57 47 31 41 19 66 84 76 80 1 9 48 60 36 44 68 17 32 64 13 52 28 77 83 74 3 18 42 67 29 51 61 16 26 58 11 45 35 75 78 81 2 15 49 62 27 46 59 10 33 65 20 43 30 70 69 71 0 8 39 53 22 37 54 7 23 55 6 38 21
32 5
7 30 48 63 77 8 6 0 5 61 79 32 46 47 64 29 78 80 45 31 62 81 34 67 52 59 26 44 73 15 1 19 11 40 22 69 55 68 51 82 33 41 76 58 27 18 12 13 2 71 53 38 24 50 65 36 83 74 43 25 60 9 20 3 14 54 72 23 37 35 84 49 66 28 57 75 42 4 16 10 17 21 39 56 70
0 14 16 15 13 5 6 7 8 19 18 20 17 4 1 3 2 12 10 9 11 72 71 70 69 25 26 27 28 63 64 61 62 50 49 52 51 56 55 54 53 41 42 43 44 79 80 77 78 34 33 36 35 40 39 38 37 57 58 59 60 31 32 29 30 82 81 84 83 24 23 22 21 73 74 75 76 47 48 45 46 66 65 68 67
8 82 67 49 36 7 6 5 0 33 52 66 83 51 65 34 84 68 35 50 81 62 29 48 79 42 60 27 73 22 39 53 72 9 15 18 4 80 47 30 61 75 25 58 44 69 56 38 23 3 19 13 10 31 64 77 46 57 43 76 26 40 21 71 54 14 11 2 17 45 78 63 32 28 74 41 59 55 70 24 37 20 1 12 16
5 69 53 37 21 0 6 8 7 70 54 38 22 72 24 56 40 71 39 23 55 4 12 19 14 76 60 44 28 83 35 67 51 78 46 30 62 3 11 18 16 75 59 43 27 82 34 66 50 80 48 32 64 2 10 20 15 74 58 42 26 84 36 68 52 79 47 31 63 1 9 17 13 73 57 41 25 81 33 65 49 77 45 29 61
5 21 37 53 69 0 6 8 7 22 38 54 70 24 72 40 56 23 55 71 39 1 9 17 13 25 41 57 73 33 81 49 65 29 61 77 45 2 10 20 15 26 42 58 74 36 84 52 68 31 63 79 47 3 11 18 16 27 43 59 75 34 82 50 66 32 64 80 48 4 12 19 14 28 44 60 76 35 83 51 67 30 62 78 46
32 5
63 37 36 20 74 23 83 9 43 7 30 77 48 72 14 25 50 54 60 65 3 31 79 5 47 15 26 69 52 84 10 21 42 58 68 53 2 1 59 55 67 45 32 8 78 41 82 24 12 49 16 70 28 35 17 39 75 76 33 38 18 62 61 0 64 19 73 40 34 27 51 71 13 66 4 56 57 11 44 22 81 80 46 6 29
84 77 75 70 4 55 46 25 18 15 31 37 58 44 64 9 24 34 8 65 51 30 57 39 16 7 49 66 35 63 21 10 42 48 17 28 56 11 62 23 41 40 32 60 13 67 6 50 33 26 47 20 53 52 68 5 36 22 12 61 43 59 38 29 14 19 27 45 54 73 3 71 78 69 74 2 79 1 72 76 80 81 83 82 0
31 7 62 45 80 23 35 1 27 37 84 15 58 54 49 11 76 72 66 19 41 63 47 5 79 77 64 8 46 30 29 0 32 48 78 6 61 9 75 55 51 20 42 69 68 3 28 22 33 14 57 40 82 83 13 39 59 50 12 56 73 36 2 21 26 65 18 70 44 43 67 71 17 60 81 38 16 25 34 24 4 74 52 53 10
51 56 11 29 74 23 79 59 17 38 41 2 48 69 14 62 28 8 34 65 84 67 83 5 35 61 26 72 16 3 45 40 42 58 18 24 77 75 9 55 31 10 32 54 73 30 76 53 12 49 52 0 50 47 43 39 1 82 33 7 68 25 15 70 64 19 78 21 60 13 63 71 27 44 4 37 46 36 66 6 81 80 57 22 20
57 44 27 6 74 55 3 68 62 34 47 72 12 77 49 17 21 15 38 32 83 16 84 39 30 54 64 2 67 79 24 50 19 33 9 45 69 78 18 23 52 53 65 61 1 35 70 10 48 14 31 82 40 41 25 5 73 0 58 60 59 43 8 76 26 42 75 28 7 36 46 71 11 56 4 66 63 13 37 29 81 80 51 20 22
32 5
24 13 76 68 48 5 40 72 56 17 60 52 80 1 32 28 36 9 84 64 44 22 21 23 0 46 65 75 15 66 73 47 14 74 45 67 16 54 69 39 6 78 49 59 20 34 25 31 4 42 61 83 11 70 37 55 8 62 81 43 10 50 57 79 19 26 29 35 3 38 53 71 7 30 33 27 2 82 41 63 12 58 77 51 18
21 9 61 41 81 5 53 37 69 1 29 25 33 17 49 77 57 13 73 65 45 0 24 23 22 11 64 43 82 10 84 63 42 12 44 83 62 7 56 39 70 3 32 27 34 20 52 79 58 14 76 67 46 6 72 55 38 16 48 75 66 2 36 31 26 19 60 51 78 8 40 71 54 18 80 59 50 15 68 47 74 4 28 35 30
21 13 45 73 65 5 53 37 69 17 77 57 49 1 33 29 25 9 41 81 61 0 24 23 22 16 48 75 66 15 68 47 74 14 76 67 46 7 56 39 70 18 80 59 50 2 36 31 26 12 44 83 62 6 72 55 38 11 64 43 82 20 52 79 58 4 28 35 30 8 40 71 54 3 32 27 34 10 84 63 42 19 60 51 78
70 27 61 52 14 5 22 38 54 43 29 68 19 75 4 77 84 59 36 12 45 40 6 23 53 78 74 1 82 10 57 35 48 65 44 31 18 56 7 39 21 46 58 9 34 20 41 67 32 81 76 79 3 24 8 55 37 30 42 17 66 2 73 83 80 33 60 47 11 72 0 71 69 62 26 13 50 15 25 51 64 49 28 63 16
8 83 66 52 33 5 7 6 0 35 50 68 81 51 65 34 84 67 36 49 82 69 38 23 56 78 32 63 45 76 57 43 26 4 15 9 18 53 22 39 72 46 64 31 77 28 41 59 74 19 10 13 3 37 70 55 24 30 80 47 61 60 73 27 42 14 2 17 11 21 54 71 40 62 48 79 29 44 25 75 58 12 20 1 16
32 5
24 13 76 68 48 5 40 72 56 17 60 52 80 1 32 28 36 9 84 64 44 22 21 23 0 46 65 75 15 66 73 47 14 74 45 67 16 54 69 39 6 78 49 59 20 34 25 31 4 42 61 83 11 70 37 55 8 62 81 43 10 50 57 79 19 26 29 35 3 38 53 71 7 30 33 27 2 82 41 63 12 58 77 51 18
21 13 45 73 65 5 53 37 69 17 77 57 49 1 33 29 25 9 41 81 61 0 24 23 22 16 48 75 66 15 68 47 74 14 76 67 46 7 56 39 70 18 80 59 50 2 36 31 26 12 44 83 62 6 72 55 38 11 64 43 82 20 52 79 58 4 28 35 30 8 40 71 54 3 32 27 34 10 84 63 42 19 60 51 78
7 79 61 46 32 5 8 0 6 47 29 78 64 63 48 77 30 31 62 80 45 37 54 23 72 68 33 51 82 10 16 17 4 26 44 59 73 21 70 39 56 52 81 67 34 20 3 9 14 58 76 27 41 69 22 55 40 84 49 35 66 2 18 13 12 74 60 43 25 53 38 71 24 36 65 83 50 15 11 1 19 42 28 75 57
6 75 60 41 26 5 0 8 7 59 76 25 42 27 74 44 57 43 73 58 28 53 70 23 40 11 4 13 20 50 84 67 33 32 77 47 62 69 54 39 24 3 12 17 15 82 52 35 65 80 29 63 46 21 38 55 72 16 19 9 2 66 36 51 81 48 61 31 78 37 22 71 56 18 14 1 10 34 68 83 49 64 45 79 30
56 83 45 18 26 5 72 40 24 35 77 16 42 51 74 29 11 67 3 58 61 38 69 23 8 57 4 63 66 15 78 43 33 32 76 9 52 70 21 39 7 73 12 31 50 2 62 59 65 80 44 13 36 54 53 55 0 25 19 47 82 20 46 27 81 48 28 17 84 22 37 71 6 41 14 79 34 10 30 75 49 64 60 1 68
32 5
18 25 46 55 84 54 28 47 81 83 26 56 45 48 27 82 53 20 0 19 17 33 38 63 76 1 10 14 6 29 67 72 42 21 80 50 59 79 22 60 49 66 32 43 69 12 2 7 13 40 35 74 61 16 5 3 11 62 73 36 39 52 57 23 78 71 41 30 68 44 70 65 31 58 51 77 24 75 64 37 34 8 15 9 4
20 33 40 62 75 38 73 64 35 63 37 74 36 76 61 39 34 18 17 19 0 25 54 83 48 21 79 52 58 29 44 66 71 1 16 8 12 10 5 15 2 72 65 43 30 59 49 78 24 46 81 56 27 80 22 57 51 55 28 45 82 14 3 9 7 42 31 69 68 67 70 32 41 6 11 4 13 84 47 26 53 50 60 23 77
12 35 46 60 69 71 58 48 33 9 11 10 0 47 72 57 34 59 45 70 36 81 42 23 64 50 56 31 73 68 77 27 38 8 16 1 20 74 32 55 49 61 22 43 84 18 2 13 7 40 25 79 66 80 65 39 26 15 6 17 3 41 82 63 24 54 52 75 29 4 19 5 14 28 37 67 78 30 76 51 53 21 62 83 44
3 4 2 0 1 56 58 61 67 63 65 54 60 66 64 59 53 57 55 68 62 77 74 83 72 84 71 78 73 70 81 76 79 75 80 69 82 42 51 45 40 48 37 43 50 39 46 52 41 49 44 38 47 16 11 18 5 17 6 15 12 7 20 9 14 10 13 8 19 35 29 26 24 28 22 33 31 21 27 32 34 30 36 23 25
41 51 2 48 38 75 6 60 26 9 81 21 61 55 36 78 16 31 66 19 72 11 84 23 62 74 8 59 28 29 65 17 69 56 34 79 14 50 4 47 40 0 44 43 42 52 46 39 3 49 37 1 45 53 77 13 33 76 58 27 7 12 24 63 82 30 18 71 68 32 70 67 20 73 25 5 57 54 15 35 80 10 64 83 22
32 3
2 3 0 1 4 40 43 46 49 42 37 52 47 45 50 39 44 51 48 41 38 65 62 59 56 63 68 53 58 60 55 66 61 54 57 64 67 10 20 15 5 19 9 6 16 13 7 12 18 8 14 17 11 27 33 30 24 34 28 23 29 32 22 25 35 21 31 36 26 78 75 81 72 73 80 70 83 84 69 79 74 71 82 76 77
2 48 41 51 38 40 43 46 49 44 50 45 39 52 37 47 42 1 3 0 4 30 24 27 33 63 68 53 58 7 13 18 12 77 76 82 71 81 72 78 75 19 9 6 16 55 60 61 66 26 36 31 21 59 56 65 62 34 28 23 29 69 84 74 79 11 17 14 8 15 5 10 20 73 80 70 83 22 32 35 25 67 64 57 54
0 14 16 15 13 5 6 7 8 19 18 20 17 4 1 3 2 12 10 9 11 72 71 70 69 25 26 27 28 63 64 61 62 50 49 52 51 56 55 54 53 41 42 43 44 79 80 77 78 34 33 36 35 40 39 38 37 57 58 59 60 31 32 29 30 82 81 84 83 24 23 22 21 73 74 75 76 47 48 45 46 66 65 68 67
32 3
50 68 8 35 81 32 53 11 75 72 63 25 14 17 58 78 22 44 2 39 45 79 24 19 57 37 48 43 3 10 76 29 55 26 13 70 62 7 36 65 83 82 5 66 34 51 52 0 49 33 84 67 6 46 1 42 38 16 64 69 27 73 56 31 12 23 60 20 77 61 28 71 15 59 80 18 21 54 9 30 74 4 40 41 47
76 78 69 83 4 48 13 24 68 61 34 20 39 6 42 59 25 31 54 49 11 41 27 58 7 16 65 22 47 36 40 17 64 55 10 50 29 51 53 12 30 21 14 67 46 60 44 28 5 19 35 37 62 38 18 33 63 66 23 15 45 9 52 56 32 26 57 43 8 2 82 71 77 75 74 73 0 72 1 84 80 81 70 3 79
54 47 28 18 81 33 16 44 79 70 22 38 5 60 65 3 63 11 76 49 31 75 52 12 29 13 42 34 78 67 2 57 64 23 37 72 7 62 66 58 1 77 14 36 43 6 24 69 39 32 73 10 51 20 83 48 25 53 55 0 56 84 27 45 19 26 17 46 82 40 8 71 21 41 80 35 15 50 30 9 74 4 61 59 68
32 3
60 69 35 46 12 65 63 54 3 17 52 24 80 41 26 6 75 29 15 39 82 78 51 19 21 83 14 30 37 76 28 44 5 4 62 67 53 27 8 42 73 50 23 20 77 16 38 31 81 64 56 68 1 40 84 32 13 7 74 43 25 22 79 18 49 55 2 66 61 10 34 71 45 36 48 72 9 47 11 70 33 58 59 0 57
31 7 62 45 80 23 35 1 27 37 84 15 58 54 49 11 76 72 66 19 41 63 47 5 79 77 64 8 46 30 29 0 32 48 78 6 61 9 75 55 51 20 42 69 68 3 28 22 33 14 57 40 82 83 13 39 59 50 12 56 73 36 2 21 26 65 18 70 44 43 67 71 17 60 81 38 16 25 34 24 4 74 52 53 10
77 7 63 30 48 42 35 56 16 75 84 70 4 57 49 21 17 28 66 39 10 62 47 32 6 31 64 46 8 45 29 61 5 80 78 79 0 9 37 65 25 20 23 50 60 3 72 83 74 14 54 36 43 22 52 19 59 69 81 1 73 40 67 11 26 55 34 15 44 82 2 71 76 68 12 38 27 51 18 24 58 33 13 53 41
32 3
18 25 46 55 84 54 28 47 81 83 26 56 45 48 27 82 53 20 0 19 17 33 38 63 76 1 10 14 6 29 67 72 42 21 80 50 59 79 22 60 49 66 32 43 69 12 2 7 13 40 35 74 61 16 5 3 11 62 73 36 39 52 57 23 78 71 41 30 68 44 70 65 31 58 51 77 24 75 64 37 34 8 15 9 4
20 33 40 62 75 38 73 64 35 63 37 74 36 76 61 39 34 18 17 19 0 25 54 83 48 21 79 52 58 29 44 66 71 1 16 8 12 10 5 15 2 72 65 43 30 59 49 78 24 46 81 56 27 80 22 57 51 55 28 45 82 14 3 9 7 42 31 69 68 67 70 32 41 6 11 4 13 84 47 26 53 50 60 23 77
27 1 23 31 35 44 6 57 74 40 10 65 78 52 14 61 70 48 18 53 82 30 33 2 24 26 25 0 28 34 21 3 32 22 29 4 36 67 79 39 9 59 75 43 5 55 83 47 17 63 71 51 13 19 54 45 84 7 58 41 76 15 62 49 72 11 66 37 80 69 16 50 64 73 8 42 60 77 12 38 68 81 20 46 56
32 4
50 72 63 25 14 58 78 17 22 45 2 44 39 35 81 68 8 11 75 32 53 56 73 12 31 40 4 47 41 24 79 57 19 5 82 34 66 3 43 48 37 83 65 36 7 77 20 60 23 74 30 9 54 67 6 33 84 29 55 10 76 18 21 59 80 42 38 46 1 61 28 71 15 16 64 69 27 51 52 0 49 26 13 70 62
31 7 62 45 80 23 35 1 27 37 84 15 58 54 49 11 76 72 66 19 41 63 47 5 79 77 64 8 46 30 29 0 32 48 78 6 61 9 75 55 51 20 42 69 68 3 28 22 33 14 57 40 82 83 13 39 59 50 12 56 73 36 2 21 26 65 18 70 44 43 67 71 17 60 81 38 16 25 34 24 4 74 52 53 10
36 67 8 82 49 12 45 70 59 78 16 41 55 37 74 20 63 28 24 32 1 47 10 58 69 13 80 56 44 75 38 61 19 23 25 3 30 34 0 33 35 7 65 50 83 52 68 84 5 81 66 6 51 72 9 48 60 18 39 73 62 29 27 22 4 42 79 15 53 57 11 71 46 2 26 31 21 54 77 43 14 64 40 17 76
1 30 34 22 26 33 21 29 25 27 35 31 23 2 4 0 3 24 28 32 36 52 40 48 44 73 81 77 69 11 15 7 19 55 59 63 67 8 20 12 16 61 65 53 57 47 43 51 39 80 72 76 84 66 62 58 54 17 5 13 9 70 78 82 74 42 46 38 50 83 75 71 79 37 49 41 45 60 56 68 64 14 10 18 6
32 4
63 37 36 20 74 23 83 9 43 7 30 77 48 72 14 25 50 54 60 65 3 31 79 5 47 15 26 69 52 84 10 21 42 58 68 53 2 1 59 55 67 45 32 8 78 41 82 24 12 49 16 70 28 35 17 39 75 76 33 38 18 62 61 0 64 19 73 40 34 27 51 71 13 66 4 56 57 11 44 22 81 80 46 6 29
84 77 75 70 4 55 46 25 18 15 31 37 58 44 64 9 24 34 8 65 51 30 57 39 16 7 49 66 35 63 21 10 42 48 17 28 56 11 62 23 41 40 32 60 13 67 6 50 33 26 47 20 53 52 68 5 36 22 12 61 43 59 38 29 14 19 27 45 54 73 3 71 78 69 74 2 79 1 72 76 80 81 83 82 0
47 57 34 72 12 42 2 52 37 28 54 18 81 7 64 78 29 75 67 23 13 6 77 32 62 44 49 38 3 27 17 83 55 74 21 15 68 76 16 65 22 43 39 1 51 8 30 61 80 26 84 53 20 25 56 19 82 41 4 50 40 73 66 24 14 5 63 79 31 59 35 71 9 0 48 46 45 60 70 11 33 58 10 36 69
78 17 22 50 58 65 40 27 10 69 76 83 4 29 64 47 7 41 36 55 16 60 21 19 51 24 49 20 59 52 57 18 23 80 77 0 79 54 13 42 34 46 5 30 62 82 1 70 74 26 9 66 38 63 45 32 8 75 81 72 2 35 53 44 14 39 25 68 11 3 73 71 84 15 33 43 56 6 61 31 48 12 37 67 28
32 4
63 37 36 20 74 23 83 9 43 7 30 77 48 72 14 25 50 54 60 65 3 31 79 5 47 15 26 69 52 84 10 21 42 58 68 53 2 1 59 55 67 45 32 8 78 41 82 24 12 49 16 70 28 35 17 39 75 76 33 38 18 62 61 0 64 19 73 40 34 27 51 71 13 66 4 56 57 11 44 22 81 80 46 6 29
84 77 75 70 4 55 46 25 18 15 31 37 58 44 64 9 24 34 8 65 51 30 57 39 16 7 49 66 35 63 21 10 42 48 17 28 56 11 62 23 41 40 32 60 13 67 6 50 33 26 47 20 53 52 68 5 36 22 12 61 43 59 38 29 14 19 27 45 54 73 3 71 78 69 74 2 79 1 72 76 80 81 83 82 0
15 37 31 84 58 32 83 38 57 59 30 40 81 16 14 0 13 82 60 39 29 36 79 42 53 63 26 52 69 20 10 2 5 74 68 47 21 1 7 19 11 45 23 76 66 41 54 35 80 49 72 62 27 24 46 65 75 8 4 9 18 70 51 25 64 55 44 77 34 28 61 71 50 78 33 56 43 67 73 22 48 12 17 6 3
51 56 11 29 74 23 79 59 17 38 41 2 48 69 14 62 28 8 34 65 84 67 83 5 35 61 26 72 16 3 45 40 42 58 18 24 77 75 9 55 31 10 32 54 73 30 76 53 12 49 52 0 50 47 43 39 1 82 33 7 68 25 15 70 64 19 78 21 60 13 63 71 27 44 4 37 46 36 66 6 81 80 57 22 20
32 4
79 54 16 44 33 23 51 17 59 72 73 82 4 7 32 46 61 37 10 26 68 47 63 5 31 28 65 38 11 18 60 22 49 81 3 70 76 13 43 55 35 34 14 56 41 78 77 0 80 42 36 53 15 67 9 39 27 2 74 69 84 57 50 24 19 64 30 6 45 75 83 71 1 29 48 8 62 52 20 21 58 12 25 40 66
24 13 76 68 48 5 40 72 56 17 60 52 80 1 32 28 36 9 84 64 44 22 21 23 0 46 65 75 15 66 73 47 14 74 45 67 16 54 69 39 6 78 49 59 20 34 25 31 4 42 61 83 11 70 37 55 8 62 81 43 10 50 57 79 19 26 29 35 3 38 53 71 7 30 33 27 2 82 41 63 12 58 77 51 18
63 7 30 77 48 23 83 9 43 37 36 20 74 54 65 3 60 72 50 14 25 31 79 5 47 45 32 8 78 62 61 0 64 80 46 6 29 1 59 55 67 15 26 69 52 11 44 22 81 19 73 40 34 35 17 39 75 66 4 56 57 84 10 21 42 49 16 70 28 27 51 71 13 76 33 38 18 41 82 24 12 58 68 53 2
8 83 66 52 33 5 7 6 0 35 50 68 81 51 65 34 84 67 36 49 82 69 38 23 56 78 32 63 45 76 57 43 26 4 15 9 18 53 22 39 72 46 64 31 77 28 41 59 74 19 10 13 3 37 70 55 24 30 80 47 61 60 73 27 42 14 2 17 11 21 54 71 40 62 48 79 29 44 25 75 58 12 20 1 16
32 4
63 37 36 20 74 23 83 9 43 7 30 77 48 72 14 25 50 54 60 65 3 31 79 5 47 15 26 69 52 84 10 21 42 58 68 53 2 1 59 55 67 45 32 8 78 41 82 24 12 49 16 70 28 35 17 39 75 76 33 38 18 62 61 0 64 19 73 40 34 27 51 71 13 66 4 56 57 11 44 22 81 80 46 6 29
69 83 76 78 4 14 51 62 28 30 67 44 19 37 5 21 53 60 35 12 46 15 63 26 52 38 23 56 8 57 9 45 33 32 43 18 66 13 25 49 61 59 48 34 11 31 20 68 42 39 54 6 24 16 50 64 27 29 65 41 17 40 7 22 55 58 36 10 47 0 72 71 70 84 74 79 2 82 3 75 80 81 77 1 73
51 56 11 29 74 23 79 59 17 38 41 2 48 69 14 62 28 8 34 65 84 67 83 5 35 61 26 72 16 3 45 40 42 58 18 24 77 75 9 55 31 10 32 54 73 30 76 53 12 49 52 0 50 47 43 39 1 82 33 7 68 25 15 70 64 19 78 21 60 13 63 71 27 44 4 37 46 36 66 6 81 80 57 22 20
57 44 27 6 74 55 3 68 62 34 47 72 12 77 49 17 21 15 38 32 83 16 84 39 30 54 64 2 67 79 24 50 19 33 9 45 69 78 18 23 52 53 65 61 1 35 70 10 48 14 31 82 40 41 25 5 73 0 58 60 59 43 8 76 26 42 75 28 7 36 46 71 11 56 4 66 63 13 37 29 81 80 51 20 22
32 2
46 12 60 69 35 49 43 2 40 74 22 13 66 55 84 18 25 32 61 7 79 11 36 57 71 9 70 34 58 0 45 47 48 10 59 72 33 54 82 17 26 29 63 6 80 52 41 3 39 75 24 15 65 76 67 21 14 53 28 83 19 51 37 44 4 30 78 62 5 31 8 77 64 73 16 68 23 50 1 38 42 56 20 27 81
71 19 32 42 65 12 58 33 48 14 49 64 26 4 80 74 81 5 23 39 55 72 0 69 70 31 17 67 43 66 20 44 29 41 18 30 68 57 11 46 36 50 15 28 61 79 1 83 75 24 7 53 38 47 9 35 59 56 6 37 22 25 16 62 52 82 2 76 77 34 10 60 45 73 3 78 84 40 8 21 54 63 13 51 27
32 2
48 2 51 41 38 33 58 12 71 24 68 13 76 30 63 7 77 27 53 18 82 52 44 1 40 37 50 3 43 47 45 0 46 42 39 4 49 8 79 29 62 17 84 28 56 11 69 34 59 14 74 23 65 66 16 21 75 61 6 31 78 60 9 36 72 55 19 26 81 83 54 25 20 73 67 22 15 70 57 35 10 80 64 32 5
46 22 74 66 13 49 43 2 40 60 12 35 69 79 61 32 7 18 84 25 55 82 54 26 17 9 70 34 58 42 38 1 50 62 5 30 78 36 11 71 57 29 63 6 80 4 44 37 51 27 81 56 20 8 31 64 77 53 28 83 19 39 3 41 52 72 33 10 59 67 76 14 21 73 16 68 23 48 47 45 0 15 65 75 24
32 3
44 67 30 69 19 33 54 16 79 50 2 45 39 84 64 24 9 6 57 74 27 75 8 58 25 47 49 3 38 13 36 56 80 23 82 61 10 40 52 48 1 11 81 22 63 77 34 15 55 26 7 73 59 62 83 12 21 60 5 28 76 53 35 78 14 4 51 37 46 20 66 71 29 70 65 31 18 41 0 43 42 32 68 17 72
15 37 31 84 58 32 83 38 57 59 30 40 81 16 14 0 13 82 60 39 29 36 79 42 53 63 26 52 69 20 10 2 5 74 68 47 21 1 7 19 11 45 23 76 66 41 54 35 80 49 72 62 27 24 46 65 75 8 4 9 18 70 51 25 64 55 44 77 34 28 61 71 50 78 33 56 43 67 73 22 48 12 17 6 3
61 34 76 20 39 81 41 9 21 7 79 46 32 52 14 70 27 67 56 58 3 8 30 80 47 51 26 16 72 84 22 43 12 65 1 53 57 68 59 4 54 6 48 31 78 83 11 24 42 49 69 25 13 35 40 74 18 36 19 38 75 0 63 62 64 33 73 17 37 50 15 71 28 66 55 60 2 82 44 10 23 5 77 45 29
32 3
31 7 62 45 80 23 35 1 27 37 84 15 58 54 49 11 76 72 66 19 41 63 47 5 79 77 64 8 46 30 29 0 32 48 78 6 61 9 75 55 51 20 42 69 68 3 28 22 33 14 57 40 82 83 13 39 59 50 12 56 73 36 2 21 26 65 18 70 44 43 67 71 17 60 81 38 16 25 34 24 4 74 52 53 10
77 7 63 30 48 42 35 56 16 75 84 70 4 57 49 21 17 28 66 39 10 62 47 32 6 31 64 46 8 45 29 61 5 80 78 79 0 9 37 65 25 20 23 50 60 3 72 83 74 14 54 36 43 22 52 19 59 69 81 1 73 40 67 11 26 55 34 15 44 82 2 71 76 68 12 38 27 51 18 24 58 33 13 53 41
78 17 22 50 58 65 40 27 10 69 76 83 4 29 64 47 7 41 36 55 16 60 21 19 51 24 49 20 59 52 57 18 23 80 77 0 79 54 13 42 34 46 5 30 62 82 1 70 74 26 9 66 38 63 45 32 8 75 81 72 2 35 53 44 14 39 25 68 11 3 73 71 84 15 33 43 56 6 61 31 48 12 37 67 28
32 3
84 77 75 70 4 55 46 25 18 15 31 37 58 44 64 9 24 34 8 65 51 30 57 39 16 7 49 66 35 63 21 10 42 48 17 28 56 11 62 23 41 40 32 60 13 67 6 50 33 26 47 20 53 52 68 5 36 22 12 61 43 59 38 29 14 19 27 45 54 73 3 71 78 69 74 2 79 1 72 76 80 81 83 82 0
61 34 76 20 39 81 41 9 21 7 79 46 32 52 14 70 27 67 56 58 3 8 30 80 47 51 26 16 72 84 22 43 12 65 1 53 57 68 59 4 54 6 48 31 78 83 11 24 42 49 69 25 13 35 40 74 18 36 19 38 75 0 63 62 64 33 73 17 37 50 15 71 28 66 55 60 2 82 44 10 23 5 77 45 29
37 69 53 21 5 74 63 36 20 2 52 47 42 79 26 10 68 84 15 58 31 44 51 4 46 30 14 83 60 67 28 78 12 19 62 76 35 27 11 80 66 50 48 3 43 16 59 82 32 64 34 75 18 57 29 81 13 9 65 77 25 45 41 1 49 33 17 73 61 6 56 71 22 54 23 72 7 24 8 70 55 39 38 0 40
32 3
84 77 75 70 4 55 46 25 18 15 31 37 58 44 64 9 24 34 8 65 51 30 57 39 16 7 49 66 35 63 21 10 42 48 17 28 56 11 62 23 41 40 32 60 13 67 6 50 33 26 47 20 53 52 68 5 36 22 12 61 43 59 38 29 14 19 27 45 54 73 3 71 78 69 74 2 79 1 72 76 80 81 83 82 0
66 77 10 28 39 74 46 13 22 72 31 41 19 3 64 53 59 83 8 33 52 56 57 4 63 35 49 84 7 16 21 75 48 42 17 70 30 11 27 80 37 40 12 79 25 67 68 0 65 26 38 78 9 51 6 81 36 18 32 69 43 24 47 73 14 58 62 1 54 29 44 71 20 61 55 2 60 45 15 76 23 5 34 82 50
78 17 22 50 58 65 40 27 10 69 76 83 4 29 64 47 7 41 36 55 16 60 21 19 51 24 49 20 59 52 57 18 23 80 77 0 79 54 13 42 34 46 5 30 62 82 1 70 74 26 9 66 38 63 45 32 8 75 81 72 2 35 53 44 14 39 25 68 11 3 73 71 84 15 33 43 56 6 61 31 48 12 37 67 28
32 3
84 77 75 70 4 55 46 25 18 15 31 37 58 44 64 9 24 34 8 65 51 30 57 39 16 7 49 66 35 63 21 10 42 48 17 28 56 11 62 23 41 40 32 60 13 67 6 50 33 26 47 20 53 52 68 5 36 22 12 61 43 59 38 29 14 19 27 45 54 73 3 71 78 69 74 2 79 1 72 76 80 81 83 82 0
15 37 31 84 58 32 83 38 57 59 30 40 81 16 14 0 13 82 60 39 29 36 79 42 53 63 26 52 69 20 10 2 5 74 68 47 21 1 7 19 11 45 23 76 66 41 54 35 80 49 72 62 27 24 46 65 75 8 4 9 18 70 51 25 64 55 44 77 34 28 61 71 50 78 33 56 43 67 73 22 48 12 17 6 3
61 34 76 20 39 81 41 9 21 7 79 46 32 52 14 70 27 67 56 58 3 8 30 80 47 51 26 16 72 84 22 43 12 65 1 53 57 68 59 4 54 6 48 31 78 83 11 24 42 49 69 25 13 35 40 74 18 36 19 38 75 0 63 62 64 33 73 17 37 50 15 71 28 66 55 60 2 82 44 10 23 5 77 45 29
32 3
70 38 5 22 54 19 43 68 29 75 4 77 84 36 45 12 59 61 52 27 14 32 67 41 20 83 80 2 73 57 10 48 35 15 25 51 64 71 69 72 0 53 23 6 40 24 8 55 37 7 56 21 39 42 30 66 17 46 58 9 34 50 13 26 62 1 82 78 74 65 44 31 18 28 49 16 63 79 3 81 76 11 47 60 33
19 65 42 71 32 70 43 29 68 44 30 69 67 18 20 17 0 31 72 41 66 54 84 27 45 63 34 40 73 60 51 78 21 3 8 10 13 22 77 52 59 16 9 6 2 47 25 82 56 76 37 35 62 5 4 14 12 49 58 23 80 33 64 74 39 81 55 48 26 38 75 61 36 28 46 53 83 11 15 1 7 79 24 57 50
19 72 41 31 66 70 43 29 68 0 20 18 17 69 30 67 44 71 65 42 32 14 12 5 4 63 34 40 73 25 47 56 82 50 57 24 79 61 36 38 75 16 9 6 2 51 60 21 78 26 48 55 81 27 45 54 84 49 58 23 80 15 11 7 1 62 35 37 76 52 59 22 77 28 46 53 83 64 33 39 74 13 10 8 3
32 3
31 7 62 45 80 23 35 1 27 37 84 15 58 54 49 11 76 72 66 19 41 63 47 5 79 77 64 8 46 30 29 0 32 48 78 6 61 9 75 55 51 20 42 69 68 3 28 22 33 14 57 40 82 83 13 39 59 50 12 56 73 36 2 21 26 65 18 70 44 43 67 71 17 60 81 38 16 25 34 24 4 74 52 53 10
61 34 76 20 39 81 41 9 21 7 79 46 32 52 14 70 27 67 56 58 3 8 30 80 47 51 26 16 72 84 22 43 12 65 1 53 57 68 59 4 54 6 48 31 78 83 11 24 42 49 69 25 13 35 40 74 18 36 19 38 75 0 63 62 64 33 73 17 37 50 15 71 28 66 55 60 2 82 44 10 23 5 77 45 29
66 77 10 28 39 74 46 13 22 72 31 41 19 3 64 53 59 83 8 33 52 56 57 4 63 35 49 84 7 16 21 75 48 42 17 70 30 11 27 80 37 40 12 79 25 67 68 0 65 26 38 78 9 51 6 81 36 18 32 69 43 24 47 73 14 58 62 1 54 29 44 71 20 61 55 2 60 45 15 76 23 5 34 82 50
32 3
18 26 56 83 45 54 28 47 81 17 0 20 19 82 27 53 48 46 25 84 55 79 49 22 60 10 14 1 6 37 64 34 75 68 71 30 41 16 11 5 3 51 77 58 24 72 67 42 29 61 40 74 35 33 76 38 63 32 43 66 69 23 57 78 52 4 8 9 15 44 31 70 65 73 36 62 39 7 2 13 12 59 21 50 80
12 70 36 59 45 71 58 48 33 69 46 35 60 72 34 57 47 0 9 10 11 4 5 14 19 84 22 61 43 77 38 27 68 75 54 52 29 74 55 49 32 78 37 28 67 82 24 63 41 1 8 16 20 81 23 64 42 3 6 15 17 76 53 51 30 79 40 25 66 80 39 26 65 73 56 50 31 2 7 13 18 83 21 62 44
48 53 18 27 82 33 58 12 71 77 63 30 7 13 68 76 24 41 2 51 38 21 75 66 16 37 50 3 43 69 11 59 34 5 32 64 80 25 20 83 54 17 84 28 56 45 47 46 0 81 26 19 55 1 40 52 44 61 6 31 78 57 70 10 35 65 23 74 14 29 62 8 79 73 67 22 15 9 60 72 36 49 4 39 42
32 3
68 70 29 43 19 48 13 76 24 57 62 3 55 10 26 79 37 35 50 81 8 38 27 12 77 22 14 45 75 54 61 59 4 5 52 36 84 51 82 33 7 15 74 47 21 25 78 11 39 64 1 60 56 2 53 58 63 73 23 46 16 83 6 34 49 80 40 9 28 41 18 71 30 67 65 0 66 20 31 69 42 32 44 72 17
60 69 35 46 12 65 63 54 3 17 52 24 80 41 26 6 75 29 15 39 82 78 51 19 21 83 14 30 37 76 28 44 5 4 62 67 53 27 8 42 73 50 23 20 77 16 38 31 81 64 56 68 1 40 84 32 13 7 74 43 25 22 79 18 49 55 2 66 61 10 34 71 45 36 48 72 9 47 11 70 33 58 59 0 57
18 25 84 46 55 81 28 54 47 17 0 20 19 45 26 83 56 53 27 48 82 59 50 80 21 6 14 10 1 76 63 38 33 42 72 67 29 15 8 4 9 51 58 24 77 70 44 31 65 64 75 34 37 40 35 74 61 66 32 43 69 79 22 60 49 12 2 7 13 30 68 71 41 36 39 62 73 3 11 16 5 23 78 52 57
32 3
44 67 30 69 19 33 54 16 79 50 2 45 39 84 64 24 9 6 57 74 27 75 8 58 25 47 49 3 38 13 36 56 80 23 82 61 10 40 52 48 1 11 81 22 63 77 34 15 55 26 7 73 59 62 83 12 21 60 5 28 76 53 35 78 14 4 51 37 46 20 66 71 29 70 65 31 18 41 0 43 42 32 68 17 72
84 77 75 70 4 55 46 25 18 15 31 37 58 44 64 9 24 34 8 65 51 30 57 39 16 7 49 66 35 63 21 10 42 48 17 28 56 11 62 23 41 40 32 60 13 67 6 50 33 26 47 20 53 52 68 5 36 22 12 61 43 59 38 29 14 19 27 45 54 73 3 71 78 69 74 2 79 1 72 76 80 81 83 82 0
15 37 31 84 58 32 83 38 57 59 30 40 81 16 14 0 13 82 60 39 29 36 79 42 53 63 26 52 69 20 10 2 5 74 68 47 21 1 7 19 11 45 23 76 66 41 54 35 80 49 72 62 27 24 46 65 75 8 4 9 18 70 51 25 64 55 44 77 34 28 61 71 50 78 33 56 43 67 73 22 48 12 17 6 3
32 3
31 7 62 45 80 23 35 1 27 37 84 15 58 54 49 11 76 72 66 19 41 63 47 5 79 77 64 8 46 30 29 0 32 48 78 6 61 9 75 55 51 20 42 69 68 3 28 22 33 14 57 40 82 83 13 39 59 50 12 56 73 36 2 21 26 65 18 70 44 43 67 71 17 60 81 38 16 25 34 24 4 74 52 53 10
15 37 31 84 58 32 83 38 57 59 30 40 81 16 14 0 13 82 60 39 29 36 79 42 53 63 26 52 69 20 10 2 5 74 68 47 21 1 7 19 11 45 23 76 66 41 54 35 80 49 72 62 27 24 46 65 75 8 4 9 18 70 51 25 64 55 44 77 34 28 61 71 50 78 33 56 43 67 73 22 48 12 17 6 3
13 45 21 73 65 48 68 24 76 47 75 67 23 0 14 16 15 46 22 74 66 2 18 12 7 50 26 70 62 44 56 36 80 39 83 59 31 41 53 33 77 37 81 57 29 1 17 9 5 49 25 69 61 38 82 58 30 43 55 35 79 52 28 72 64 4 20 11 6 51 27 71 63 3 19 10 8 40 84 60 32 42 54 34 78
32 3
5 22 38 54 70 0 6 8 7 21 37 53 69 23 71 39 55 24 56 72 40 9 1 13 17 42 26 74 58 82 34 66 50 62 30 46 78 10 2 15 20 41 25 73 57 83 35 67 51 64 32 48 80 11 3 16 18 44 28 76 60 81 33 65 49 63 31 47 79 12 4 14 19 43 27 75 59 84 36 68 52 61 29 45 77
74 29 51 11 56 57 6 44 27 81 80 71 4 37 63 20 36 13 46 66 22 15 21 47 68 60 25 7 43 39 33 64 19 82 1 78 70 38 17 34 62 59 41 28 8 84 69 2 79 14 65 23 48 32 49 12 55 0 73 75 76 30 9 54 50 31 53 52 10 83 77 72 3 58 5 42 26 16 45 67 24 40 61 18 35
27 78 65 10 40 44 6 57 74 35 31 23 1 53 48 18 82 14 61 52 70 16 69 64 50 41 76 7 58 55 83 47 17 36 4 29 22 54 19 84 45 42 60 73 8 34 21 3 32 13 51 71 63 79 67 9 39 0 28 26 25 77 12 38 68 80 37 66 11 33 30 24 2 43 5 59 75 15 62 49 72 56 46 20 81
32 3
34 47 57 72 12 80 43 53 16 8 51 84 65 61 39 20 76 30 1 26 22 67 52 7 81 23 2 29 28 75 37 64 18 13 42 78 54 38 17 62 74 49 83 6 68 3 27 32 21 44 55 77 15 25 24 31 4 19 73 63 40 82 66 5 50 56 14 79 41 10 60 45 71 58 70 46 9 69 11 48 59 36 33 0 35
2 1 0 4 3 40 43 46 49 44 39 50 45 48 51 38 41 52 47 42 37 33 30 27 24 29 34 23 28 25 22 35 32 21 26 31 36 20 15 10 5 16 19 6 9 12 7 18 13 8 11 14 17 75 81 78 72 83 73 70 80 79 69 74 84 71 77 82 76 62 59 65 56 58 63 53 68 66 55 61 60 54 67 57 64
71 81 4 74 80 12 58 33 48 64 14 49 26 23 39 5 55 42 32 65 19 9 59 35 47 61 15 50 28 21 40 8 54 41 30 68 18 0 70 69 72 84 3 73 78 83 79 1 75 82 76 77 2 11 36 46 57 22 6 56 37 44 66 20 29 63 51 27 13 10 45 60 34 43 17 31 67 62 25 16 52 24 53 38 7
32 3
5 22 38 54 70 0 6 8 7 21 37 53 69 23 71 39 55 24 56 72 40 9 1 13 17 42 26 74 58 82 34 66 50 62 30 46 78 10 2 15 20 41 25 73 57 83 35 67 51 64 32 48 80 11 3 16 18 44 28 76 60 81 33 65 49 63 31 47 79 12 4 14 19 43 27 75 59 84 36 68 52 61 29 45 77
44 16 54 79 33 27 6 74 57 69 19 67 30 50 2 45 39 64 9 24 84 78 35 14 53 41 42 0 43 36 56 13 80 55 77 15 34 65 31 70 18 76 60 28 5 22 81 63 11 47 38 49 3 10 23 61 82 7 73 26 59 4 46 51 37 17 68 72 32 40 1 52 48 58 8 25 75 29 20 71 66 83 12 62 21
27 1 23 31 35 44 6 57 74 40 10 65 78 52 14 61 70 48 18 53 82 30 33 2 24 26 25 0 28 34 21 3 32 22 29 4 36 67 79 39 9 59 75 43 5 55 83 47 17 63 71 51 13 19 54 45 84 7 58 41 76 15 62 49 72 11 66 37 80 69 16 50 64 73 8 42 60 77 12 38 68 81 20 46 56
32 3
18 27 48 53 82 54 28 47 81 84 25 55 46 45 26 83 56 19 0 17 20 65 70 31 44 10 14 1 6 78 52 23 57 40 61 35 74 63 38 76 33 51 77 58 24 13 12 7 2 71 68 41 30 3 5 11 16 32 43 66 69 34 75 37 64 21 59 80 50 60 22 49 79 73 36 62 39 42 29 72 67 8 4 15 9
2 3 0 1 4 40 43 46 49 42 37 52 47 45 50 39 44 51 48 41 38 65 62 59 56 63 68 53 58 60 55 66 61 54 57 64 67 10 20 15 5 19 9 6 16 13 7 12 18 8 14 17 11 27 33 30 24 34 28 23 29 32 22 25 35 21 31 36 26 78 75 81 72 73 80 70 83 84 69 79 74 71 82 76 77
67 19 69 44 30 61 58 56 3 36 49 82 8 38 80 25 10 75 23 47 13 20 41 32 70 17 31 71 43 18 72 42 29 0 66 65 68 76 21 46 14 37 78 28 12 35 51 83 5 62 60 53 4 39 9 79 27 33 6 50 84 74 16 24 45 64 2 57 54 34 81 7 52 73 48 15 22 40 26 11 77 63 55 1 59
32 3
18 25 46 55 84 54 28 47 81 83 26 56 45 48 27 82 53 20 0 19 17 33 38 63 76 1 10 14 6 29 67 72 42 21 80 50 59 79 22 60 49 66 32 43 69 12 2 7 13 40 35 74 61 16 5 3 11 62 73 36 39 52 57 23 78 71 41 30 68 44 70 65 31 58 51 77 24 75 64 37 34 8 15 9 4
20 33 40 62 75 38 73 64 35 63 37 74 36 76 61 39 34 18 17 19 0 25 54 83 48 21 79 52 58 29 44 66 71 1 16 8 12 10 5 15 2 72 65 43 30 59 49 78 24 46 81 56 27 80 22 57 51 55 28 45 82 14 3 9 7 42 31 69 68 67 70 32 41 6 11 4 13 84 47 26 53 50 60 23 77
79 17 23 51 59 82 73 4 72 46 61 7 32 26 37 10 68 54 33 16 44 60 18 49 22 52 20 21 58 80 0 77 78 24 19 57 50 39 27 67 9 35 55 43 13 75 83 71 1 63 47 31 5 29 48 8 62 65 28 11 38 69 84 2 74 41 56 14 34 15 53 36 42 6 45 64 30 3 81 76 70 12 25 40 66
32 4
84 77 75 70 4 55 46 25 18 15 31 37 58 44 64 9 24 34 8 65 51 30 57 39 16 7 49 66 35 63 21 10 42 48 17 28 56 11 62 23 41 40 32 60 13 67 6 50 33 26 47 20 53 52 68 5 36 22 12 61 43 59 38 29 14 19 27 45 54 73 3 71 78 69 74 2 79 1 72 76 80 81 83 82 0
21 9 61 41 81 5 53 37 69 1 29 25 33 17 49 77 57 13 73 65 45 0 24 23 22 11 64 43 82 10 84 63 42 12 44 83 62 7 56 39 70 3 32 27 34 20 52 79 58 14 76 67 46 6 72 55 38 16 48 75 66 2 36 31 26 19 60 51 78 8 40 71 54 18 80 59 50 15 68 47 74 4 28 35 30
6 75 60 41 26 5 0 8 7 59 76 25 42 27 74 44 57 43 73 58 28 53 70 23 40 11 4 13 20 50 84 67 33 32 77 47 62 69 54 39 24 3 12 17 15 82 52 35 65 80 29 63 46 21 38 55 72 16 19 9 2 66 36 51 81 48 61 31 78 37 22 71 56 18 14 1 10 34 68 83 49 64 45 79 30
56 83 45 18 26 5 72 40 24 35 77 16 42 51 74 29 11 67 3 58 61 38 69 23 8 57 4 63 66 15 78 43 33 32 76 9 52 70 21 39 7 73 12 31 50 2 62 59 65 80 44 13 36 54 53 55 0 25 19 47 82 20 46 27 81 48 28 17 84 22 37 71 6 41 14 79 34 10 30 75 49 64 60 1 68
32 4
63 37 36 20 74 23 83 9 43 7 30 77 48 72 14 25 50 54 60 65 3 31 79 5 47 15 26 69 52 84 10 21 42 58 68 53 2 1 59 55 67 45 32 8 78 41 82 24 12 49 16 70 28 35 17 39 75 76 33 38 18 62 61 0 64 19 73 40 34 27 51 71 13 66 4 56 57 11 44 22 81 80 46 6 29
31 7 62 45 80 23 35 1 27 37 84 15 58 54 49 11 76 72 66 19 41 63 47 5 79 77 64 8 46 30 29 0 32 48 78 6 61 9 75 55 51 20 42 69 68 3 28 22 33 14 57 40 82 83 13 39 59 50 12 56 73 36 2 21 26 65 18 70 44 43 67 71 17 60 81 38 16 25 34 24 4 74 52 53 10
7 79 61 46 32 5 8 0 6 47 29 78 64 63 48 77 30 31 62 80 45 37 54 23 72 68 33 51 82 10 16 17 4 26 44 59 73 21 70 39 56 52 81 67 34 20 3 9 14 58 76 27 41 69 22 55 40 84 49 35 66 2 18 13 12 74 60 43 25 53 38 71 24 36 65 83 50 15 11 1 19 42 28 75 57
67 69 30 44 19 23 47 75 13 8 36 82 49 56 58 3 61 38 10 80 25 51 35 5 83 28 12 37 78 62 60 53 4 14 46 21 76 59 1 55 63 34 81 7 52 11 77 40 26 48 73 22 15 79 27 39 9 2 64 54 57 84 50 6 33 74 16 24 45 17 31 71 43 29 42 72 18 41 20 70 32 65 68 0 66
32 3
68 70 29 43 19 48 13 76 24 57 62 3 55 10 26 79 37 35 50 81 8 38 27 12 77 22 14 45 75 54 61 59 4 5 52 36 84 51 82 33 7 15 74 47 21 25 78 11 39 64 1 60 56 2 53 58 63 73 23 46 16 83 6 34 49 80 40 9 28 41 18 71 30 67 65 0 66 20 31 69 42 32 44 72 17
84 77 75 70 4 55 46 25 18 15 31 37 58 44 64 9 24 34 8 65 51 30 57 39 16 7 49 66 35 63 21 10 42 48 17 28 56 11 62 23 41 40 32 60 13 67 6 50 33 26 47 20 53 52 68 5 36 22 12 61 43 59 38 29 14 19 27 45 54 73 3 71 78 69 74 2 79 1 72 76 80 81 83 82 0
57 44 27 6 74 55 3 68 62 34 47 72 12 77 49 17 21 15 38 32 83 16 84 39 30 54 64 2 67 79 24 50 19 33 9 45 69 78 18 23 52 53 65 61 1 35 70 10 48 14 31 82 40 41 25 5 73 0 58 60 59 43 8 76 26 42 75 28 7 36 46 71 11 56 4 66 63 13 37 29 81 80 51 20 22
32 3
69 60 12 46 35 14 28 51 62 37 5 21 53 30 44 19 67 83 76 78 4 52 63 15 26 24 54 39 6 17 65 29 41 80 3 82 75 70 72 0 71 47 36 58 10 11 48 59 34 33 9 57 45 61 25 13 49 66 43 32 18 2 74 84 79 55 7 40 22 27 50 16 64 73 77 81 1 8 23 38 56 42 20 31 68
18 26 56 83 45 54 28 47 81 17 0 20 19 82 27 53 48 46 25 84 55 79 49 22 60 10 14 1 6 37 64 34 75 68 71 30 41 16 11 5 3 51 77 58 24 72 67 42 29 61 40 74 35 33 76 38 63 32 43 66 69 23 57 78 52 4 8 9 15 44 31 70 65 73 36 62 39 7 2 13 12 59 21 50 80
51 41 48 2 38 62 28 69 14 84 8 65 34 11 74 29 56 23 59 17 79 55 9 31 75 36 81 66 6 78 21 19 60 16 61 72 26 68 82 7 33 18 24 58 77 30 12 76 53 71 63 27 13 3 42 45 40 39 43 1 47 46 44 37 4 52 0 49 50 57 22 80 20 73 10 54 32 5 83 35 67 25 64 15 70
32 3
51 59 23 79 17 62 28 69 14 2 41 48 38 56 74 11 29 65 8 34 84 3 45 40 42 66 36 81 6 53 12 30 76 64 70 15 25 55 31 75 9 1 39 43 47 67 83 5 35 63 13 27 71 68 7 33 82 54 73 10 32 4 44 46 37 61 26 72 16 57 80 20 22 58 18 24 77 60 21 78 19 0 50 49 52
41 51 2 48 38 75 6 60 26 9 81 21 61 55 36 78 16 31 66 19 72 11 84 23 62 74 8 59 28 29 65 17 69 56 34 79 14 50 4 47 40 0 44 43 42 52 46 39 3 49 37 1 45 53 77 13 33 76 58 27 7 12 24 63 82 30 18 71 68 32 70 67 20 73 25 5 57 54 15 35 80 10 64 83 22
82 22 9 62 42 79 73 72 4 49 67 8 36 60 15 39 29 18 48 53 27 26 54 46 17 30 38 13 58 34 5 66 50 1 70 74 78 10 44 61 23 64 11 43 21 41 63 12 24 83 81 84 0 68 33 7 51 45 28 55 20 14 31 40 57 75 3 69 80 37 16 32 59 6 65 35 52 56 47 25 19 71 76 2 77
32 3
2 3 0 1 4 40 43 46 49 42 37 52 47 45 50 39 44 51 48 41 38 65 62 59 56 63 68 53 58 60 55 66 61 54 57 64 67 10 20 15 5 19 9 6 16 13 7 12 18 8 14 17 11 27 33 30 24 34 28 23 29 32 22 25 35 21 31 36 26 78 75 81 72 73 80 70 83 84 69 79 74 71 82 76 77
46 22 74 66 13 49 43 2 40 60 12 35 69 79 61 32 7 18 84 25 55 82 54 26 17 9 70 34 58 42 38 1 50 62 5 30 78 36 11 71 57 29 63 6 80 4 44 37 51 27 81 56 20 8 31 64 77 53 28 83 19 39 3 41 52 72 33 10 59 67 76 14 21 73 16 68 23 48 47 45 0 15 65 75 24
2 48 41 51 38 40 43 46 49 44 50 45 39 52 37 47 42 1 3 0 4 30 24 27 33 63 68 53 58 7 13 18 12 77 76 82 71 81 72 78 75 19 9 6 16 55 60 61 66 26 36 31 21 59 56 65 62 34 28 23 29 69 84 74 79 11 17 14 8 15 5 10 20 73 80 70 83 22 32 35 25 67 64 57 54
32 3
40 30 59 15 81 2 43 49 46 27 65 10 78 24 72 56 5 33 20 75 62 1 48 44 52 34 63 19 73 26 77 67 11 22 7 69 55 3 51 45 42 23 53 6 70 36 76 64 17 25 12 79 66 0 38 39 37 29 58 16 83 31 82 57 14 32 13 84 60 4 41 50 47 28 68 9 80 21 71 54 8 35 18 74 61
19 65 42 71 32 70 43 29 68 44 30 69 67 18 20 17 0 31 72 41 66 54 84 27 45 63 34 40 73 60 51 78 21 3 8 10 13 22 77 52 59 16 9 6 2 47 25 82 56 76 37 35 62 5 4 14 12 49 58 23 80 33 64 74 39 81 55 48 26 38 75 61 36 28 46 53 83 11 15 1 7 79 24 57 50
63 30 7 48 77 83 43 9 23 60 65 54 3 14 72 50 25 37 20 74 36 69 15 26 52 19 40 34 73 44 81 22 11 67 59 1 55 78 32 45 8 46 29 6 80 62 0 64 61 5 31 79 47 76 38 18 33 53 58 68 2 12 82 41 24 51 13 71 27 4 57 56 66 28 16 49 70 21 84 10 42 35 39 75 17
32 3
76 20 61 34 39 25 6 59 42 48 13 24 68 54 11 49 31 83 4 78 69 18 63 33 38 0 74 75 73 17 36 40 64 19 37 62 35 46 14 21 67 27 7 58 41 81 3 79 70 56 9 52 32 84 72 1 80 26 43 8 57 53 30 12 51 47 65 16 22 55 50 29 10 28 60 44 5 45 23 66 15 82 77 71 2
57 21 17 49 77 74 6 27 44 15 38 32 83 47 72 34 12 68 55 3 62 81 29 37 13 41 25 5 73 61 1 53 65 9 33 69 45 80 51 20 22 59 60 58 0 18 78 52 23 50 19 79 24 71 11 36 46 8 43 26 76 40 82 31 14 54 64 2 67 4 56 63 66 28 7 42 75 35 70 10 48 30 39 84 16
41 51 2 48 38 75 6 60 26 9 81 21 61 55 36 78 16 31 66 19 72 11 84 23 62 74 8 59 28 29 65 17 69 56 34 79 14 50 4 47 40 0 44 43 42 52 46 39 3 49 37 1 45 53 77 13 33 76 58 27 7 12 24 63 82 30 18 71 68 32 70 67 20 73 25 5 57 54 15 35 80 10 64 83 22
32 3
70 38 5 22 54 19 43 68 29 75 4 77 84 36 45 12 59 61 52 27 14 32 67 41 20 83 80 2 73 57 10 48 35 15 25 51 64 71 69 72 0 53 23 6 40 24 8 55 37 7 56 21 39 42 30 66 17 46 58 9 34 50 13 26 62 1 82 78 74 65 44 31 18 28 49 16 63 79 3 81 76 11 47 60 33
19 65 42 71 32 70 43 29 68 44 30 69 67 18 20 17 0 31 72 41 66 54 84 27 45 63 34 40 73 60 51 78 21 3 8 10 13 22 77 52 59 16 9 6 2 47 25 82 56 76 37 35 62 5 4 14 12 49 58 23 80 33 64 74 39 81 55 48 26 38 75 61 36 28 46 53 83 11 15 1 7 79 24 57 50
63 30 7 48 77 83 43 9 23 60 65 54 3 14 72 50 25 37 20 74 36 69 15 26 52 19 40 34 73 44 81 22 11 67 59 1 55 78 32 45 8 46 29 6 80 62 0 64 61 5 31 79 47 76 38 18 33 53 58 68 2 12 82 41 24 51 13 71 27 4 57 56 66 28 16 49 70 21 84 10 42 35 39 75 17
32 3
46 12 60 69 35 49 43 2 40 74 22 13 66 55 84 18 25 32 61 7 79 11 36 57 71 9 70 34 58 0 45 47 48 10 59 72 33 54 82 17 26 29 63 6 80 52 41 3 39 75 24 15 65 76 67 21 14 53 28 83 19 51 37 44 4 30 78 62 5 31 8 77 64 73 16 68 23 50 1 38 42 56 20 27 81
2 48 41 51 38 40 43 46 49 44 50 45 39 52 37 47 42 1 3 0 4 30 24 27 33 63 68 53 58 7 13 18 12 77 76 82 71 81 72 78 75 19 9 6 16 55 60 61 66 26 36 31 21 59 56 65 62 34 28 23 29 69 84 74 79 11 17 14 8 15 5 10 20 73 80 70 83 22 32 35 25 67 64 57 54
80 17 60 24 52 34 43 16 53 74 71 4 81 38 67 10 25 62 31 7 45 20 51 57 22 19 23 49 58 0 79 77 78 18 59 21 50 39 65 12 26 63 29 6 46 35 41 15 54 75 69 3 82 76 84 72 1 40 28 68 9 36 56 44 13 64 48 32 5 61 8 47 30 73 2 83 70 33 14 55 42 37 11 27 66
32 3
61 34 76 20 39 81 41 9 21 7 79 46 32 52 14 70 27 67 56 58 3 8 30 80 47 51 26 16 72 84 22 43 12 65 1 53 57 68 59 4 54 6 48 31 78 83 11 24 42 49 69 25 13 35 40 74 18 36 19 38 75 0 63 62 64 33 73 17 37 50 15 71 28 66 55 60 2 82 44 10 23 5 77 45 29
21 9 61 41 81 5 53 37 69 1 29 25 33 17 49 77 57 13 73 65 45 0 24 23 22 11 64 43 82 10 84 63 42 12 44 83 62 7 56 39 70 3 32 27 34 20 52 79 58 14 76 67 46 6 72 55 38 16 48 75 66 2 36 31 26 19 60 51 78 8 40 71 54 18 80 59 50 15 68 47 74 4 28 35 30
13 45 21 73 65 48 68 24 76 47 75 67 23 0 14 16 15 46 22 74 66 2 18 12 7 50 26 70 62 44 56 36 80 39 83 59 31 41 53 33 77 37 81 57 29 1 17 9 5 49 25 69 61 38 82 58 30 43 55 35 79 52 28 72 64 4 20 11 6 51 27 71 63 3 19 10 8 40 84 60 32 42 54 34 78
32 4
20 33 40 62 75 38 73 64 35 63 37 74 36 76 61 39 34 18 17 19 0 25 54 83 48 21 79 52 58 29 44 66 71 1 16 8 12 10 5 15 2 72 65 43 30 59 49 78 24 46 81 56 27 80 22 57 51 55 28 45 82 14 3 9 7 42 31 69 68 67 70 32 41 6 11 4 13 84 47 26 53 50 60 23 77
79 17 23 51 59 82 73 4 72 46 61 7 32 26 37 10 68 54 33 16 44 60 18 49 22 52 20 21 58 80 0 77 78 24 19 57 50 39 27 67 9 35 55 43 13 75 83 71 1 63 47 31 5 29 48 8 62 65 28 11 38 69 84 2 74 41 56 14 34 15 53 36 42 6 45 64 30 3 81 76 70 12 25 40 66
27 1 23 31 35 44 6 57 74 40 10 65 78 52 14 61 70 48 18 53 82 30 33 2 24 26 25 0 28 34 21 3 32 22 29 4 36 67 79 39 9 59 75 43 5 55 83 47 17 63 71 51 13 19 54 45 84 7 58 41 76 15 62 49 72 11 66 37 80 69 16 50 64 73 8 42 60 77 12 38 68 81 20 46 56
41 51 2 48 38 75 6 60 26 9 81 21 61 55 36 78 16 31 66 19 72 11 84 23 62 74 8 59 28 29 65 17 69 56 34 79 14 50 4 47 40 0 44 43 42 52 46 39 3 49 37 1 45 53 77 13 33 76 58 27 7 12 24 63 82 30 18 71 68 32 70 67 20 73 25 5 57 54 15 35 80 10 64 83 22
32 3
2 3 0 1 4 40 43 46 49 42 37 52 47 45 50 39 44 51 48 41 38 65 62 59 56 63 68 53 58 60 55 66 61 54 57 64 67 10 20 15 5 19 9 6 16 13 7 12 18 8 14 17 11 27 33 30 24 34 28 23 29 32 22 25 35 21 31 36 26 78 75 81 72 73 80 70 83 84 69 79 74 71 82 76 77
66 74 22 46 13 77 28 39 10 3 59 64 53 72 41 19 31 83 8 33 52 4 63 56 57 81 36 51 6 71 20 29 44 80 37 11 27 70 30 42 17 1 54 58 62 82 50 5 34 78 9 26 38 84 7 35 49 69 43 18 32 2 60 61 55 79 25 40 12 75 48 16 21 73 14 24 47 76 23 45 15 0 65 67 68
18 26 56 83 45 54 28 47 81 17 0 20 19 82 27 53 48 46 25 84 55 79 49 22 60 10 14 1 6 37 64 34 75 68 71 30 41 16 11 5 3 51 77 58 24 72 67 42 29 61 40 74 35 33 76 38 63 32 43 66 69 23 57 78 52 4 8 9 15 44 31 70 65 73 36 62 39 7 2 13 12 59 21 50 80
32 4
63 37 36 20 74 23 83 9 43 7 30 77 48 72 14 25 50 54 60 65 3 31 79 5 47 15 26 69 52 84 10 21 42 58 68 53 2 1 59 55 67 45 32 8 78 41 82 24 12 49 16 70 28 35 17 39 75 76 33 38 18 62 61 0 64 19 73 40 34 27 51 71 13 66 4 56 57 11 44 22 81 80 46 6 29
84 77 75 70 4 55 46 25 18 15 31 37 58 44 64 9 24 34 8 65 51 30 57 39 16 7 49 66 35 63 21 10 42 48 17 28 56 11 62 23 41 40 32 60 13 67 6 50 33 26 47 20 53 52 68 5 36 22 12 61 43 59 38 29 14 19 27 45 54 73 3 71 78 69 74 2 79 1 72 76 80 81 83 82 0
66 77 10 28 39 74 46 13 22 72 31 41 19 3 64 53 59 83 8 33 52 56 57 4 63 35 49 84 7 16 21 75 48 42 17 70 30 11 27 80 37 40 12 79 25 67 68 0 65 26 38 78 9 51 6 81 36 18 32 69 43 24 47 73 14 58 62 1 54 29 44 71 20 61 55 2 60 45 15 76 23 5 34 82 50
51 56 11 29 74 23 79 59 17 38 41 2 48 69 14 62 28 8 34 65 84 67 83 5 35 61 26 72 16 3 45 40 42 58 18 24 77 75 9 55 31 10 32 54 73 30 76 53 12 49 52 0 50 47 43 39 1 82 33 7 68 25 15 70 64 19 78 21 60 13 63 71 27 44 4 37 46 36 66 6 81 80 57 22 20
32 4
3 1 4 0 2 56 58 61 67 64 66 53 59 68 62 57 55 60 54 65 63 29 26 35 24 33 22 31 28 21 34 27 32 25 30 23 36 74 83 77 72 78 71 73 84 70 79 81 76 82 75 69 80 11 18 16 5 15 6 12 17 7 14 20 9 19 10 8 13 51 45 42 40 43 37 50 48 39 41 46 52 47 49 38 44
84 18 55 25 46 31 58 37 15 65 51 34 8 70 77 75 4 44 24 64 9 19 27 45 54 17 48 56 28 20 53 26 47 0 82 83 81 41 23 62 11 71 78 73 3 68 52 36 5 30 57 39 16 72 1 80 76 67 6 50 33 42 10 21 63 29 14 59 38 66 35 7 49 43 61 12 22 69 74 2 79 32 40 13 60
27 1 23 31 35 44 6 57 74 40 10 65 78 52 14 61 70 48 18 53 82 30 33 2 24 26 25 0 28 34 21 3 32 22 29 4 36 67 79 39 9 59 75 43 5 55 83 47 17 63 71 51 13 19 54 45 84 7 58 41 76 15 62 49 72 11 66 37 80 69 16 50 64 73 8 42 60 77 12 38 68 81 20 46 56
78 47 64 7 29 50 58 17 22 4 69 83 76 40 10 27 65 41 36 55 16 2 75 72 81 37 67 12 28 52 23 57 18 42 13 34 54 44 53 14 35 3 84 73 71 49 20 24 59 38 26 66 9 45 32 63 8 48 6 31 61 0 77 79 80 46 62 5 30 39 11 25 68 43 33 56 15 51 60 19 21 1 70 82 74
32 4
18 25 46 55 84 54 28 47 81 83 26 56 45 48 27 82 53 20 0 19 17 33 38 63 76 1 10 14 6 29 67 72 42 21 80 50 59 79 22 60 49 66 32 43 69 12 2 7 13 40 35 74 61 16 5 3 11 62 73 36 39 52 57 23 78 71 41 30 68 44 70 65 31 58 51 77 24 75 64 37 34 8 15 9 4
51 59 23 79 17 62 28 69 14 2 41 48 38 56 74 11 29 65 8 34 84 3 45 40 42 66 36 81 6 53 12 30 76 64 70 15 25 55 31 75 9 1 39 43 47 67 83 5 35 63 13 27 71 68 7 33 82 54 73 10 32 4 44 46 37 61 26 72 16 57 80 20 22 58 18 24 77 60 21 78 19 0 50 49 52
41 51 2 48 38 75 6 60 26 9 81 21 61 55 36 78 16 31 66 19 72 11 84 23 62 74 8 59 28 29 65 17 69 56 34 79 14 50 4 47 40 0 44 43 42 52 46 39 3 49 37 1 45 53 77 13 33 76 58 27 7 12 24 63 82 30 18 71 68 32 70 67 20 73 25 5 57 54 15 35 80 10 64 83 22
77 7 63 30 48 66 28 10 39 49 57 17 21 84 75 4 70 35 42 16 56 31 64 46 8 62 47 32 6 80 78 79 0 45 29 61 5 72 3 74 83 54 14 43 36 37 9 25 65 23 20 60 50 19 59 22 52 1 73 69 81 11 26 40 67 15 44 55 34 41 53 13 33 58 24 18 51 27 38 12 68 76 71 2 82
32 3
84 18 55 25 46 31 58 37 15 65 51 34 8 70 77 75 4 44 24 64 9 19 27 45 54 17 48 56 28 20 53 26 47 0 82 83 81 41 23 62 11 71 78 73 3 68 52 36 5 30 57 39 16 72 1 80 76 67 6 50 33 42 10 21 63 29 14 59 38 66 35 7 49 43 61 12 22 69 74 2 79 32 40 13 60
84 51 65 8 34 31 58 37 15 55 18 46 25 9 24 44 64 75 77 4 70 23 41 11 62 17 48 56 28 79 2 74 69 59 38 29 14 27 19 54 45 71 78 73 3 63 21 10 42 13 60 32 40 35 66 49 7 67 6 50 33 5 36 52 68 83 81 0 82 1 72 76 80 43 61 12 22 47 26 53 20 39 16 30 57
78 47 64 7 29 50 58 17 22 4 69 83 76 40 10 27 65 41 36 55 16 2 75 72 81 37 67 12 28 52 23 57 18 42 13 34 54 44 53 14 35 3 84 73 71 49 20 24 59 38 26 66 9 45 32 63 8 48 6 31 61 0 77 79 80 46 62 5 30 39 11 25 68 43 33 56 15 51 60 19 21 1 70 82 74
32 4
63 37 36 20 74 23 83 9 43 7 30 77 48 72 14 25 50 54 60 65 3 31 79 5 47 15 26 69 52 84 10 21 42 58 68 53 2 1 59 55 67 45 32 8 78 41 82 24 12 49 16 70 28 35 17 39 75 76 33 38 18 62 61 0 64 19 73 40 34 27 51 71 13 66 4 56 57 11 44 22 81 80 46 6 29
61 34 76 20 39 81 41 9 21 7 79 46 32 52 14 70 27 67 56 58 3 8 30 80 47 51 26 16 72 84 22 43 12 65 1 53 57 68 59 4 54 6 48 31 78 83 11 24 42 49 69 25 13 35 40 74 18 36 19 38 75 0 63 62 64 33 73 17 37 50 15 71 28 66 55 60 2 82 44 10 23 5 77 45 29
37 69 53 21 5 74 63 36 20 2 52 47 42 79 26 10 68 84 15 58 31 44 51 4 46 30 14 83 60 67 28 78 12 19 62 76 35 27 11 80 66 50 48 3 43 16 59 82 32 64 34 75 18 57 29 81 13 9 65 77 25 45 41 1 49 33 17 73 61 6 56 71 22 54 23 72 7 24 8 70 55 39 38 0 40
34 61 20 76 39 80 16 43 53 8 51 84 65 30 26 22 1 47 72 12 57 7 52 81 67 79 14 41 56 46 70 9 58 32 27 21 3 62 17 74 38 0 33 35 36 63 73 40 19 64 37 18 75 31 24 4 25 78 42 54 13 6 83 68 49 48 11 59 69 45 60 71 10 77 55 15 44 29 2 28 23 5 66 50 82
32 4
84 65 34 8 51 31 58 37 15 70 4 77 75 18 55 25 46 44 64 9 24 54 27 19 45 3 78 71 73 63 10 42 21 60 40 32 13 76 1 72 80 22 61 43 12 47 53 20 26 16 57 30 39 49 35 66 7 33 6 67 50 5 52 68 36 81 82 0 83 11 23 41 62 28 48 17 56 79 74 69 2 38 14 29 59
12 35 46 60 69 71 58 48 33 9 11 10 0 47 72 57 34 59 45 70 36 81 42 23 64 50 56 31 73 68 77 27 38 8 16 1 20 74 32 55 49 61 22 43 84 18 2 13 7 40 25 79 66 80 65 39 26 15 6 17 3 41 82 63 24 54 52 75 29 4 19 5 14 28 37 67 78 30 76 51 53 21 62 83 44
0 14 16 15 13 5 6 7 8 19 18 20 17 4 1 3 2 12 10 9 11 72 71 70 69 25 26 27 28 63 64 61 62 50 49 52 51 56 55 54 53 41 42 43 44 79 80 77 78 34 33 36 35 40 39 38 37 57 58 59 60 31 32 29 30 82 81 84 83 24 23 22 21 73 74 75 76 47 48 45 46 66 65 68 67
74 81 80 71 4 57 6 44 27 29 51 11 56 13 66 22 46 37 36 63 20 21 15 68 47 41 59 8 28 9 30 50 54 61 40 35 18 17 38 62 34 25 60 43 7 45 16 24 67 53 31 10 52 49 32 55 12 5 58 26 42 33 39 19 64 65 14 48 23 77 83 3 72 73 0 76 75 69 84 79 2 1 82 70 78
32 3
60 69 35 46 12 65 63 54 3 17 52 24 80 41 26 6 75 29 15 39 82 78 51 19 21 83 14 30 37 76 28 44 5 4 62 67 53 27 8 42 73 50 23 20 77 16 38 31 81 64 56 68 1 40 84 32 13 7 74 43 25 22 79 18 49 55 2 66 61 10 34 71 45 36 48 72 9 47 11 70 33 58 59 0 57
63 37 36 20 74 23 83 9 43 7 30 77 48 72 14 25 50 54 60 65 3 31 79 5 47 15 26 69 52 84 10 21 42 58 68 53 2 1 59 55 67 45 32 8 78 41 82 24 12 49 16 70 28 35 17 39 75 76 33 38 18 62 61 0 64 19 73 40 34 27 51 71 13 66 4 56 57 11 44 22 81 80 46 6 29
84 77 75 70 4 55 46 25 18 15 31 37 58 44 64 9 24 34 8 65 51 30 57 39 16 7 49 66 35 63 21 10 42 48 17 28 56 11 62 23 41 40 32 60 13 67 6 50 33 26 47 20 53 52 68 5 36 22 12 61 43 59 38 29 14 19 27 45 54 73 3 71 78 69 74 2 79 1 72 76 80 81 83 82 0
32 3
63 37 36 20 74 23 83 9 43 7 30 77 48 72 14 25 50 54 60 65 3 31 79 5 47 15 26 69 52 84 10 21 42 58 68 53 2 1 59 55 67 45 32 8 78 41 82 24 12 49 16 70 28 35 17 39 75 76 33 38 18 62 61 0 64 19 73 40 34 27 51 71 13 66 4 56 57 11 44 22 81 80 46 6 29
31 7 62 45 80 23 35 1 27 37 84 15 58 54 49 11 76 72 66 19 41 63 47 5 79 77 64 8 46 30 29 0 32 48 78 6 61 9 75 55 51 20 42 69 68 3 28 22 33 14 57 40 82 83 13 39 59 50 12 56 73 36 2 21 26 65 18 70 44 43 67 71 17 60 81 38 16 25 34 24 4 74 52 53 10
37 69 53 21 5 74 63 36 20 2 52 47 42 79 26 10 68 84 15 58 31 44 51 4 46 30 14 83 60 67 28 78 12 19 62 76 35 27 11 80 66 50 48 3 43 16 59 82 32 64 34 75 18 57 29 81 13 9 65 77 25 45 41 1 49 33 17 73 61 6 56 71 22 54 23 72 7 24 8 70 55 39 38 0 40
32 3
74 29 51 11 56 57 6 44 27 81 80 71 4 37 63 20 36 13 46 66 22 15 21 47 68 60 25 7 43 39 33 64 19 82 1 78 70 38 17 34 62 59 41 28 8 84 69 2 79 14 65 23 48 32 49 12 55 0 73 75 76 30 9 54 50 31 53 52 10 83 77 72 3 58 5 42 26 16 45 67 24 40 61 18 35
27 78 65 10 40 44 6 57 74 35 31 23 1 53 48 18 82 14 61 52 70 16 69 64 50 41 76 7 58 55 83 47 17 36 4 29 22 54 19 84 45 42 60 73 8 34 21 3 32 13 51 71 63 79 67 9 39 0 28 26 25 77 12 38 68 80 37 66 11 33 30 24 2 43 5 59 75 15 62 49 72 56 46 20 81
0 14 16 15 13 5 6 7 8 19 18 20 17 4 1 3 2 12 10 9 11 72 71 70 69 25 26 27 28 63 64 61 62 50 49 52 51 56 55 54 53 41 42 43 44 79 80 77 78 34 33 36 35 40 39 38 37 57 58 59 60 31 32 29 30 82 81 84 83 24 23 22 21 73 74 75 76 47 48 45 46 66 65 68 67
32 3
2 3 0 1 4 40 43 46 49 42 37 52 47 45 50 39 44 51 48 41 38 65 62 59 56 63 68 53 58 60 55 66 61 54 57 64 67 10 20 15 5 19 9 6 16 13 7 12 18 8 14 17 11 27 33 30 24 34 28 23 29 32 22 25 35 21 31 36 26 78 75 81 72 73 80 70 83 84 69 79 74 71 82 76 77
80 17 60 24 52 34 43 16 53 74 71 4 81 38 67 10 25 62 31 7 45 20 51 57 22 19 23 49 58 0 79 77 78 18 59 21 50 39 65 12 26 63 29 6 46 35 41 15 54 75 69 3 82 76 84 72 1 40 28 68 9 36 56 44 13 64 48 32 5 61 8 47 30 73 2 83 70 33 14 55 42 37 11 27 66
27 1 23 31 35 44 6 57 74 40 10 65 78 52 14 61 70 48 18 53 82 30 33 2 24 26 25 0 28 34 21 3 32 22 29 4 36 67 79 39 9 59 75 43 5 55 83 47 17 63 71 51 13 19 54 45 84 7 58 41 76 15 62 49 72 11 66 37 80 69 16 50 64 73 8 42 60 77 12 38 68 81 20 46 56
32 3
44 16 54 79 33 27 6 74 57 69 19 67 30 50 2 45 39 64 9 24 84 78 35 14 53 41 42 0 43 36 56 13 80 55 77 15 34 65 31 70 18 76 60 28 5 22 81 63 11 47 38 49 3 10 23 61 82 7 73 26 59 4 46 51 37 17 68 72 32 40 1 52 48 58 8 25 75 29 20 71 66 83 12 62 21
44 33 79 54 16 27 6 74 57 30 67 19 69 2 50 39 45 24 84 64 9 40 1 52 48 75 25 8 58 20 29 66 71 62 21 83 12 10 23 61 82 59 26 73 7 46 4 37 51 72 32 17 68 65 31 70 18 5 28 60 76 81 22 11 63 49 3 47 38 78 35 14 53 43 0 42 41 56 36 80 13 15 34 55 77
0 14 16 15 13 5 6 7 8 19 18 20 17 4 1 3 2 12 10 9 11 72 71 70 69 25 26 27 28 63 64 61 62 50 49 52 51 56 55 54 53 41 42 43 44 79 80 77 78 34 33 36 35 40 39 38 37 57 58 59 60 31 32 29 30 82 81 84 83 24 23 22 21 73 74 75 76 47 48 45 46 66 65 68 67
32 4
18 27 48 53 82 54 28 47 81 84 25 55 46 45 26 83 56 19 0 17 20 65 70 31 44 10 14 1 6 78 52 23 57 40 61 35 74 63 38 76 33 51 77 58 24 13 12 7 2 71 68 41 30 3 5 11 16 32 43 66 69 34 75 37 64 21 59 80 50 60 22 49 79 73 36 62 39 42 29 72 67 8 4 15 9
69 60 12 46 35 14 28 51 62 37 5 21 53 30 44 19 67 83 76 78 4 52 63 15 26 24 54 39 6 17 65 29 41 80 3 82 75 70 72 0 71 47 36 58 10 11 48 59 34 33 9 57 45 61 25 13 49 66 43 32 18 2 74 84 79 55 7 40 22 27 50 16 64 73 77 81 1 8 23 38 56 42 20 31 68
51 41 48 2 38 62 28 69 14 84 8 65 34 11 74 29 56 23 59 17 79 55 9 31 75 36 81 66 6 78 21 19 60 16 61 72 26 68 82 7 33 18 24 58 77 30 12 76 53 71 63 27 13 3 42 45 40 39 43 1 47 46 44 37 4 52 0 49 50 57 22 80 20 73 10 54 32 5 83 35 67 25 64 15 70
74 81 80 71 4 57 6 44 27 29 51 11 56 13 66 22 46 37 36 63 20 21 15 68 47 41 59 8 28 9 30 50 54 61 40 35 18 17 38 62 34 25 60 43 7 45 16 24 67 53 31 10 52 49 32 55 12 5 58 26 42 33 39 19 64 65 14 48 23 77 83 3 72 73 0 76 75 69 84 79 2 1 82 70 78
32 4
63 37 36 20 74 23 83 9 43 7 30 77 48 72 14 25 50 54 60 65 3 31 79 5 47 15 26 69 52 84 10 21 42 58 68 53 2 1 59 55 67 45 32 8 78 41 82 24 12 49 16 70 28 35 17 39 75 76 33 38 18 62 61 0 64 19 73 40 34 27 51 71 13 66 4 56 57 11 44 22 81 80 46 6 29
61 34 76 20 39 81 41 9 21 7 79 46 32 52 14 70 27 67 56 58 3 8 30 80 47 51 26 16 72 84 22 43 12 65 1 53 57 68 59 4 54 6 48 31 78 83 11 24 42 49 69 25 13 35 40 74 18 36 19 38 75 0 63 62 64 33 73 17 37 50 15 71 28 66 55 60 2 82 44 10 23 5 77 45 29
18 25 84 46 55 81 28 54 47 17 0 20 19 45 26 83 56 53 27 48 82 59 50 80 21 6 14 10 1 76 63 38 33 42 72 67 29 15 8 4 9 51 58 24 77 70 44 31 65 64 75 34 37 40 35 74 61 66 32 43 69 79 22 60 49 12 2 7 13 30 68 71 41 36 39 62 73 3 11 16 5 23 78 52 57
51 56 11 29 74 23 79 59 17 38 41 2 48 69 14 62 28 8 34 65 84 67 83 5 35 61 26 72 16 3 45 40 42 58 18 24 77 75 9 55 31 10 32 54 73 30 76 53 12 49 52 0 50 47 43 39 1 82 33 7 68 25 15 70 64 19 78 21 60 13 63 71 27 44 4 37 46 36 66 6 81 80 57 22 20
34 2
84 77 75 70 4 55 46 25 18 15 31 37 58 44 64 9 24 34 8 65 51 30 57 39 16 7 49 66 35 63 21 10 42 48 17 28 56 11 62 23 41 40 32 60 13 67 6 50 33 26 47 20 53 52 68 5 36 22 12 61 43 59 38 29 14 19 27 45 54 73 3 71 78 69 74 2 79 1 72 76 80 81 83 82 0
0 9 11 12 10 13 15 16 14 1 4 2 3 5 8 6 7 17 18 19 20 22 21 24 23 82 81 84 83 42 41 44 43 62 61 64 63 74 73 76 75 30 29 32 31 54 53 56 55 50 49 52 51 46 45 48 47 58 57 60 59 34 33 36 35 70 69 72 71 66 65 68 67 38 37 40 39 78 77 80 79 26 25 28 27
36 2
17 24 52 60 80 21 77 49 57 22 58 78 50 0 18 20 19 23 51 59 79 9 5 13 1 84 56 48 28 64 40 76 36 44 72 68 32 61 37 73 33 42 70 66 30 11 8 14 2 83 55 47 27 41 69 65 29 63 39 75 35 82 54 46 26 12 6 15 3 81 53 45 25 10 7 16 4 43 71 67 31 62 38 74 34
8 35 50 68 81 34 84 51 65 33 66 83 52 0 7 5 6 36 49 67 82 16 20 12 1 77 64 46 31 56 38 69 23 42 73 60 27 53 39 72 22 44 75 58 25 14 17 11 2 78 63 45 32 43 76 57 26 55 37 70 24 79 62 48 29 13 19 10 3 80 61 47 30 15 18 9 4 41 74 59 28 54 40 71 21
36 2
0 1 2 3 4 6 5 8 7 10 9 12 11 14 13 16 15 18 17 20 19 27 28 25 26 23 24 21 22 35 36 33 34 31 32 29 30 44 43 42 41 40 39 38 37 52 51 50 49 48 47 46 45 57 58 59 60 53 54 55 56 65 66 67 68 61 62 63 64 74 73 76 75 70 69 72 71 82 81 84 83 78 77 80 79
15 60 82 29 39 30 40 59 81 14 13 0 16 37 84 58 31 83 32 57 38 63 52 69 26 65 24 46 75 3 17 12 6 54 80 35 41 48 73 67 22 72 27 62 49 36 42 53 79 9 8 4 18 7 11 19 1 43 33 78 56 25 70 51 64 74 47 21 68 77 55 44 34 20 2 5 10 23 66 76 45 50 61 28 71
36 3
60 80 52 17 24 69 12 35 46 75 26 41 6 82 39 15 29 3 65 54 63 53 67 62 4 34 10 45 71 16 38 31 81 43 25 7 74 37 30 14 83 11 47 33 70 27 8 42 73 66 61 55 2 21 19 51 78 59 58 57 0 50 23 20 77 18 49 22 79 5 44 28 76 48 36 9 72 64 56 68 1 32 13 40
0 1 2 3 4 8 7 6 5 12 11 10 9 16 15 14 13 20 19 18 17 33 34 35 36 29 30 31 32 25 26 27 28 21 22 23 24 52 51 50 49 48 47 46 45 44 43 42 41 40 39 38 37 66 65 68 67 62 61 64 63 58 57 60 59 54 53 56 55 83 84 81 82 79 80 77 78 75 76 73 74 71 72 69 70
0 4 3 2 1 7 8 5 6 10 9 12 11 16 15 14 13 17 18 19 20 77 78 79 80 84 83 82 81 70 69 72 71 75 76 73 74 63 64 61 62 66 65 68 67 56 55 54 53 57 58 59 60 48 47 46 45 49 50 51 52 39 40 37 38 42 41 44 43 30 29 32 31 35 36 33 34 21 22 23 24 28 27 26 25
36 2
0 11 10 12 9 8 6 5 7 14 13 16 15 2 4 3 1 17 20 18 19 49 50 51 52 76 75 74 73 54 53 56 55 31 32 29 30 67 68 65 66 26 25 28 27 40 39 38 37 77 78 79 80 36 35 34 33 57 58 59 60 71 72 69 70 46 45 48 47 82 81 84 83 43 44 41 42 21 22 23 24 64 63 62 61
75 13 47 67 23 26 6 60 41 62 20 40 33 70 4 84 77 50 11 32 53 68 22 14 45 76 74 0 73 24 46 15 65 48 66 16 21 37 34 64 18 57 42 28 7 29 54 52 12 81 78 72 2 10 30 49 56 8 58 25 44 3 82 69 80 19 38 61 36 79 1 71 83 43 5 27 59 35 17 63 39 55 9 51 31
36 2
2 1 4 3 0 50 45 44 39 38 41 48 51 46 49 40 43 42 37 52 47 32 22 25 35 36 26 21 31 24 30 33 27 28 34 29 23 75 78 72 81 83 70 80 73 79 74 84 69 71 82 76 77 53 58 63 68 65 62 59 56 57 54 67 64 61 66 55 60 11 17 14 8 7 13 18 12 19 9 6 16 15 5 10 20
62 68 57 3 55 42 22 9 82 20 75 40 33 69 14 28 51 31 45 80 7 76 37 19 35 13 26 70 50 24 10 43 81 48 79 29 8 6 47 32 77 34 74 17 38 83 21 44 12 49 15 72 27 59 2 65 56 54 58 66 1 61 63 0 64 4 53 67 60 25 52 71 16 78 5 30 46 11 84 41 23 39 36 18 73
40 3
3 2 1 0 4 56 58 61 67 62 68 55 57 65 63 60 54 59 53 66 64 45 42 51 40 50 37 48 43 39 52 41 46 44 47 38 49 26 35 29 24 31 22 28 33 21 32 34 27 36 25 23 30 18 16 11 5 12 6 17 15 7 9 14 20 13 19 8 10 83 77 74 72 73 71 84 78 70 76 79 81 80 82 69 75
72 5 24 40 56 4 73 82 79 14 25 50 63 12 57 34 47 19 41 66 31 71 70 69 0 55 38 21 6 39 22 53 8 23 54 37 7 80 84 76 1 64 52 28 13 48 36 60 9 32 68 44 17 81 75 78 2 65 43 30 20 49 27 62 15 33 59 46 10 74 77 83 3 58 45 35 11 42 29 67 18 26 61 51 16
67 82 8 36 49 61 58 56 3 44 30 19 69 23 13 47 75 10 38 25 80 9 39 27 79 22 15 48 73 42 29 18 72 62 60 53 4 81 34 52 7 84 50 6 33 83 5 35 51 0 66 65 68 41 20 70 32 12 28 78 37 24 45 74 16 63 55 1 59 21 76 14 46 43 71 31 17 11 77 40 26 64 2 57 54
40 3
15 37 31 84 58 32 83 38 57 59 30 40 81 16 14 0 13 82 60 39 29 36 79 42 53 63 26 52 69 20 10 2 5 74 68 47 21 1 7 19 11 45 23 76 66 41 54 35 80 49 72 62 27 24 46 65 75 8 4 9 18 70 51 25 64 55 44 77 34 28 61 71 50 78 33 56 43 67 73 22 48 12 17 6 3
9 83 63 43 23 81 61 41 21 0 11 10 12 82 42 22 62 84 24 64 44 8 15 4 18 52 32 76 56 66 38 78 26 33 57 69 45 50 30 74 54 7 14 3 20 36 60 72 48 65 37 77 25 68 40 80 28 34 58 70 46 6 16 2 19 49 29 73 53 35 59 71 47 67 39 79 27 51 31 75 55 5 13 1 17
72 50 25 63 14 12 47 57 34 56 40 24 5 73 4 79 82 31 41 19 66 45 35 58 11 2 81 78 75 44 68 17 32 39 8 22 53 59 46 33 10 18 42 67 29 21 38 6 55 80 1 84 76 36 60 48 9 7 23 37 54 83 77 3 74 65 20 43 30 70 69 71 0 13 64 28 52 62 27 15 49 26 16 61 51
50 3
20 64 73 35 38 76 39 34 61 36 74 37 63 40 33 75 62 17 19 18 0 49 78 59 24 71 29 66 44 26 47 53 84 14 7 3 9 11 4 6 13 82 55 45 28 43 65 30 72 21 58 79 52 31 69 42 68 77 50 23 60 8 16 12 1 46 27 81 56 54 83 25 48 2 10 15 5 57 22 51 80 67 41 70 32
82 60 39 29 15 49 36 67 8 18 48 53 27 79 72 4 73 22 9 62 42 54 17 46 26 63 24 12 41 3 80 69 75 65 52 35 6 76 77 2 71 28 20 55 45 44 23 61 10 5 50 66 34 11 21 43 64 70 78 74 1 47 19 25 56 33 51 7 68 31 57 40 14 16 59 32 37 38 58 13 30 81 0 84 83
65 60 63 3 54 78 27 40 10 51 8 84 34 19 42 32 71 21 73 13 45 17 69 41 29 52 35 6 82 24 46 75 15 80 12 26 39 50 83 36 7 23 14 48 74 20 30 72 43 77 37 9 25 58 4 55 64 57 53 61 1 59 62 2 56 0 67 66 68 22 76 16 47 18 44 31 70 49 5 81 33 79 28 38 11
50 2
20 64 73 35 38 33 62 75 40 39 61 34 76 74 63 37 36 19 0 18 17 71 66 44 29 14 3 9 7 26 53 84 47 49 59 24 78 58 52 79 21 55 28 45 82 4 13 6 11 65 72 30 43 12 8 16 1 42 31 69 68 23 77 50 60 81 46 27 56 48 83 54 25 80 22 57 51 32 41 67 70 5 10 2 15
36 1 32 24 28 49 8 67 82 45 12 59 70 41 16 55 78 37 20 63 74 2 31 21 26 0 35 33 34 3 23 25 30 4 27 29 22 46 11 57 71 50 7 65 83 38 19 61 75 42 15 53 79 40 76 17 64 52 84 5 68 44 80 13 56 48 72 9 60 43 54 77 14 51 66 81 6 47 58 69 10 39 62 73 18
50 2
9 24 44 64 84 21 41 61 81 0 12 11 10 23 63 83 43 22 82 42 62 5 17 13 1 72 60 48 36 56 52 76 32 40 80 68 28 69 57 45 33 6 19 16 2 39 79 67 27 54 50 74 30 53 49 73 29 38 78 66 26 7 20 14 3 71 59 47 35 37 77 65 25 55 51 75 31 70 58 46 34 8 18 15 4
28 1 36 24 32 77 39 66 10 73 43 58 6 81 47 54 18 69 51 62 14 4 21 30 35 2 29 34 23 3 33 22 31 0 25 26 27 70 49 63 16 82 45 55 20 74 41 59 8 78 37 67 12 84 17 48 56 76 5 44 60 72 13 52 64 80 9 40 68 75 57 7 42 71 61 15 50 83 53 19 46 79 65 11 38
64 6
5 22 38 54 70 0 6 8 7 21 37 53 69 23 71 39 55 24 56 72 40 9 1 13 17 42 26 74 58 82 34 66 50 62 30 46 78 10 2 15 20 41 25 73 57 83 35 67 51 64 32 48 80 11 3 16 18 44 28 76 60 81 33 65 49 63 31 47 79 12 4 14 19 43 27 75 59 84 36 68 52 61 29 45 77
7 30 48 63 77 8 6 0 5 61 79 32 46 47 64 29 78 80 45 31 62 81 34 67 52 59 26 44 73 15 1 19 11 40 22 69 55 68 51 82 33 41 76 58 27 18 12 13 2 71 53 38 24 50 65 36 83 74 43 25 60 9 20 3 14 54 72 23 37 35 84 49 66 28 57 75 42 4 16 10 17 21 39 56 70
7 29 47 64 78 8 6 0 5 62 80 31 45 48 63 30 77 79 46 32 61 33 82 51 68 25 60 74 43 1 15 11 19 21 39 56 70 52 67 34 81 75 42 28 57 12 18 2 13 54 72 23 37 66 49 84 35 44 73 59 26 20 9 14 3 71 53 38 24 83 36 65 50 58 27 41 76 16 4 17 10 40 22 69 55
0 14 16 15 13 5 6 7 8 19 18 20 17 4 1 3 2 12 10 9 11 72 71 70 69 25 26 27 28 63 64 61 62 50 49 52 51 56 55 54 53 41 42 43 44 79 80 77 78 34 33 36 35 40 39 38 37 57 58 59 60 31 32 29 30 82 81 84 83 24 23 22 21 73 74 75 76 47 48 45 46 66 65 68 67
5 69 53 37 21 0 6 8 7 70 54 38 22 72 24 56 40 71 39 23 55 4 12 19 14 76 60 44 28 83 35 67 51 78 46 30 62 3 11 18 16 75 59 43 27 82 34 66 50 80 48 32 64 2 10 20 15 74 58 42 26 84 36 68 52 79 47 31 63 1 9 17 13 73 57 41 25 81 33 65 49 77 45 29 61
5 21 37 53 69 0 6 8 7 22 38 54 70 24 72 40 56 23 55 71 39 1 9 17 13 25 41 57 73 33 81 49 65 29 61 77 45 2 10 20 15 26 42 58 74 36 84 52 68 31 63 79 47 3 11 18 16 27 43 59 75 34 82 50 66 32 64 80 48 4 12 19 14 28 44 60 76 35 83 51 67 30 62 78 46
64 6
24 13 76 68 48 5 40 72 56 17 60 52 80 1 32 28 36 9 84 64 44 22 21 23 0 46 65 75 15 66 73 47 14 74 45 67 16 54 69 39 6 78 49 59 20 34 25 31 4 42 61 83 11 70 37 55 8 62 81 43 10 50 57 79 19 26 29 35 3 38 53 71 7 30 33 27 2 82 41 63 12 58 77 51 18
21 9 61 41 81 5 53 37 69 1 29 25 33 17 49 77 57 13 73 65 45 0 24 23 22 11 64 43 82 10 84 63 42 12 44 83 62 7 56 39 70 3 32 27 34 20 52 79 58 14 76 67 46 6 72 55 38 16 48 75 66 2 36 31 26 19 60 51 78 8 40 71 54 18 80 59 50 15 68 47 74 4 28 35 30
21 13 45 73 65 5 53 37 69 17 77 57 49 1 33 29 25 9 41 81 61 0 24 23 22 16 48 75 66 15 68 47 74 14 76 67 46 7 56 39 70 18 80 59 50 2 36 31 26 12 44 83 62 6 72 55 38 11 64 43 82 20 52 79 58 4 28 35 30 8 40 71 54 3 32 27 34 10 84 63 42 19 60 51 78
7 79 61 46 32 5 8 0 6 47 29 78 64 63 48 77 30 31 62 80 45 37 54 23 72 68 33 51 82 10 16 17 4 26 44 59 73 21 70 39 56 52 81 67 34 20 3 9 14 58 76 27 41 69 22 55 40 84 49 35 66 2 18 13 12 74 60 43 25 53 38 71 24 36 65 83 50 15 11 1 19 42 28 75 57
6 75 60 41 26 5 0 8 7 59 76 25 42 27 74 44 57 43 73 58 28 53 70 23 40 11 4 13 20 50 84 67 33 32 77 47 62 69 54 39 24 3 12 17 15 82 52 35 65 80 29 63 46 21 38 55 72 16 19 9 2 66 36 51 81 48 61 31 78 37 22 71 56 18 14 1 10 34 68 83 49 64 45 79 30
56 83 45 18 26 5 72 40 24 35 77 16 42 51 74 29 11 67 3 58 61 38 69 23 8 57 4 63 66 15 78 43 33 32 76 9 52 70 21 39 7 73 12 31 50 2 62 59 65 80 44 13 36 54 53 55 0 25 19 47 82 20 46 27 81 48 28 17 84 22 37 71 6 41 14 79 34 10 30 75 49 64 60 1 68
64 3
25 63 14 72 50 76 6 42 59 18 46 84 55 33 29 21 1 38 80 10 67 48 20 54 83 7 74 60 43 77 37 65 9 30 36 3 23 13 61 49 69 27 0 28 26 71 62 16 52 51 64 70 15 24 34 31 4 41 73 5 57 82 19 47 56 12 40 79 66 68 39 11 78 58 75 44 8 2 35 22 32 53 17 81 45
27 78 65 10 40 44 6 57 74 35 31 23 1 53 48 18 82 14 61 52 70 16 69 64 50 41 76 7 58 55 83 47 17 36 4 29 22 54 19 84 45 42 60 73 8 34 21 3 32 13 51 71 63 79 67 9 39 0 28 26 25 77 12 38 68 80 37 66 11 33 30 24 2 43 5 59 75 15 62 49 72 56 46 20 81
44 33 79 54 16 27 6 74 57 30 67 19 69 2 50 39 45 24 84 64 9 40 1 52 48 75 25 8 58 20 29 66 71 62 21 83 12 10 23 61 82 59 26 73 7 46 4 37 51 72 32 17 68 65 31 70 18 5 28 60 76 81 22 11 63 49 3 47 38 78 35 14 53 43 0 42 41 56 36 80 13 15 34 55 77
64 3
46 12 60 69 35 49 43 2 40 74 22 13 66 55 84 18 25 32 61 7 79 11 36 57 71 9 70 34 58 0 45 47 48 10 59 72 33 54 82 17 26 29 63 6 80 52 41 3 39 75 24 15 65 76 67 21 14 53 28 83 19 51 37 44 4 30 78 62 5 31 8 77 64 73 16 68 23 50 1 38 42 56 20 27 81
71 19 32 42 65 12 58 33 48 14 49 64 26 4 80 74 81 5 23 39 55 72 0 69 70 31 17 67 43 66 20 44 29 41 18 30 68 57 11 46 36 50 15 28 61 79 1 83 75 24 7 53 38 47 9 35 59 56 6 37 22 25 16 62 52 82 2 76 77 34 10 60 45 73 3 78 84 40 8 21 54 63 13 51 27
74 81 80 71 4 57 6 44 27 29 51 11 56 13 66 22 46 37 36 63 20 21 15 68 47 41 59 8 28 9 30 50 54 61 40 35 18 17 38 62 34 25 60 43 7 45 16 24 67 53 31 10 52 49 32 55 12 5 58 26 42 33 39 19 64 65 14 48 23 77 83 3 72 73 0 76 75 69 84 79 2 1 82 70 78
64 5
63 37 36 20 74 23 83 9 43 7 30 77 48 72 14 25 50 54 60 65 3 31 79 5 47 15 26 69 52 84 10 21 42 58 68 53 2 1 59 55 67 45 32 8 78 41 82 24 12 49 16 70 28 35 17 39 75 76 33 38 18 62 61 0 64 19 73 40 34 27 51 71 13 66 4 56 57 11 44 22 81 80 46 6 29
61 34 76 20 39 81 41 9 21 7 79 46 32 52 14 70 27 67 56 58 3 8 30 80 47 51 26 16 72 84 22 43 12 65 1 53 57 68 59 4 54 6 48 31 78 83 11 24 42 49 69 25 13 35 40 74 18 36 19 38 75 0 63 62 64 33 73 17 37 50 15 71 28 66 55 60 2 82 44 10 23 5 77 45 29
37 69 53 21 5 74 63 36 20 2 52 47 42 79 26 10 68 84 15 58 31 44 51 4 46 30 14 83 60 67 28 78 12 19 62 76 35 27 11 80 66 50 48 3 43 16 59 82 32 64 34 75 18 57 29 81 13 9 65 77 25 45 41 1 49 33 17 73 61 6 56 71 22 54 23 72 7 24 8 70 55 39 38 0 40
18 25 84 46 55 81 28 54 47 17 0 20 19 45 26 83 56 53 27 48 82 59 50 80 21 6 14 10 1 76 63 38 33 42 72 67 29 15 8 4 9 51 58 24 77 70 44 31 65 64 75 34 37 40 35 74 61 66 32 43 69 79 22 60 49 12 2 7 13 30 68 71 41 36 39 62 73 3 11 16 5 23 78 52 57
51 56 11 29 74 23 79 59 17 38 41 2 48 69 14 62 28 8 34 65 84 67 83 5 35 61 26 72 16 3 45 40 42 58 18 24 77 75 9 55 31 10 32 54 73 30 76 53 12 49 52 0 50 47 43 39 1 82 33 7 68 25 15 70 64 19 78 21 60 13 63 71 27 44 4 37 46 36 66 6 81 80 57 22 20
64 4
70 38 5 22 54 19 43 68 29 75 4 77 84 36 45 12 59 61 52 27 14 32 67 41 20 83 80 2 73 57 10 48 35 15 25 51 64 71 69 72 0 53 23 6 40 24 8 55 37 7 56 21 39 42 30 66 17 46 58 9 34 50 13 26 62 1 82 78 74 65 44 31 18 28 49 16 63 79 3 81 76 11 47 60 33
19 65 42 71 32 70 43 29 68 44 30 69 67 18 20 17 0 31 72 41 66 54 84 27 45 63 34 40 73 60 51 78 21 3 8 10 13 22 77 52 59 16 9 6 2 47 25 82 56 76 37 35 62 5 4 14 12 49 58 23 80 33 64 74 39 81 55 48 26 38 75 61 36 28 46 53 83 11 15 1 7 79 24 57 50
80 52 60 17 24 34 43 16 53 7 45 62 31 81 4 71 74 67 38 25 10 47 61 8 30 2 70 83 73 42 14 33 55 37 27 66 11 12 39 65 26 29 46 6 63 54 41 35 15 75 3 82 69 57 20 51 22 23 58 49 19 78 79 0 77 18 21 50 59 72 76 84 1 28 9 68 40 13 56 36 44 64 32 5 48
0 14 16 15 13 5 6 7 8 19 18 20 17 4 1 3 2 12 10 9 11 72 71 70 69 25 26 27 28 63 64 61 62 50 49 52 51 56 55 54 53 41 42 43 44 79 80 77 78 34 33 36 35 40 39 38 37 57 58 59 60 31 32 29 30 82 81 84 83 24 23 22 21 73 74 75 76 47 48 45 46 66 65 68 67
64 4
74 29 51 11 56 57 6 44 27 81 80 71 4 37 63 20 36 13 46 66 22 15 21 47 68 60 25 7 43 39 33 64 19 82 1 78 70 38 17 34 62 59 41 28 8 84 69 2 79 14 65 23 48 32 49 12 55 0 73 75 76 30 9 54 50 31 53 52 10 83 77 72 3 58 5 42 26 16 45 67 24 40 61 18 35
27 78 65 10 40 44 6 57 74 35 31 23 1 53 48 18 82 14 61 52 70 16 69 64 50 41 76 7 58 55 83 47 17 36 4 29 22 54 19 84 45 42 60 73 8 34 21 3 32 13 51 71 63 79 67 9 39 0 28 26 25 77 12 38 68 80 37 66 11 33 30 24 2 43 5 59 75 15 62 49 72 56 46 20 81
44 16 54 79 33 27 6 74 57 69 19 67 30 50 2 45 39 64 9 24 84 78 35 14 53 41 42 0 43 36 56 13 80 55 77 15 34 65 31 70 18 76 60 28 5 22 81 63 11 47 38 49 3 10 23 61 82 7 73 26 59 4 46 51 37 17 68 72 32 40 1 52 48 58 8 25 75 29 20 71 66 83 12 62 21
0 14 16 15 13 5 6 7 8 19 18 20 17 4 1 3 2 12 10 9 11 72 71 70 69 25 26 27 28 63 64 61 62 50 49 52 51 56 55 54 53 41 42 43 44 79 80 77 78 34 33 36 35 40 39 38 37 57 58 59 60 31 32 29 30 82 81 84 83 24 23 22 21 73 74 75 76 47 48 45 46 66 65 68 67
64 4
18 27 48 53 82 54 28 47 81 84 25 55 46 45 26 83 56 19 0 17 20 65 70 31 44 10 14 1 6 78 52 23 57 40 61 35 74 63 38 76 33 51 77 58 24 13 12 7 2 71 68 41 30 3 5 11 16 32 43 66 69 34 75 37 64 21 59 80 50 60 22 49 79 73 36 62 39 42 29 72 67 8 4 15 9
2 3 0 1 4 40 43 46 49 42 37 52 47 45 50 39 44 51 48 41 38 65 62 59 56 63 68 53 58 60 55 66 61 54 57 64 67 10 20 15 5 19 9 6 16 13 7 12 18 8 14 17 11 27 33 30 24 34 28 23 29 32 22 25 35 21 31 36 26 78 75 81 72 73 80 70 83 84 69 79 74 71 82 76 77
67 19 69 44 30 61 58 56 3 36 49 82 8 38 80 25 10 75 23 47 13 20 41 32 70 17 31 71 43 18 72 42 29 0 66 65 68 76 21 46 14 37 78 28 12 35 51 83 5 62 60 53 4 39 9 79 27 33 6 50 84 74 16 24 45 64 2 57 54 34 81 7 52 73 48 15 22 40 26 11 77 63 55 1 59
3 2 1 0 4 56 58 61 67 62 68 55 57 65 63 60 54 59 53 66 64 45 42 51 40 50 37 48 43 39 52 41 46 44 47 38 49 26 35 29 24 31 22 28 33 21 32 34 27 36 25 23 30 18 16 11 5 12 6 17 15 7 9 14 20 13 19 8 10 83 77 74 72 73 71 84 78 70 76 79 81 80 82 69 75
64 4
5 22 38 54 70 0 6 8 7 21 37 53 69 23 71 39 55 24 56 72 40 9 1 13 17 42 26 74 58 82 34 66 50 62 30 46 78 10 2 15 20 41 25 73 57 83 35 67 51 64 32 48 80 11 3 16 18 44 28 76 60 81 33 65 49 63 31 47 79 12 4 14 19 43 27 75 59 84 36 68 52 61 29 45 77
44 16 54 79 33 27 6 74 57 69 19 67 30 50 2 45 39 64 9 24 84 78 35 14 53 41 42 0 43 36 56 13 80 55 77 15 34 65 31 70 18 76 60 28 5 22 81 63 11 47 38 49 3 10 23 61 82 7 73 26 59 4 46 51 37 17 68 72 32 40 1 52 48 58 8 25 75 29 20 71 66 83 12 62 21
27 1 23 31 35 44 6 57 74 40 10 65 78 52 14 61 70 48 18 53 82 30 33 2 24 26 25 0 28 34 21 3 32 22 29 4 36 67 79 39 9 59 75 43 5 55 83 47 17 63 71 51 13 19 54 45 84 7 58 41 76 15 62 49 72 11 66 37 80 69 16 50 64 73 8 42 60 77 12 38 68 81 20 46 56
0 14 16 15 13 5 6 7 8 19 18 20 17 4 1 3 2 12 10 9 11 72 71 70 69 25 26 27 28 63 64 61 62 50 49 52 51 56 55 54 53 41 42 43 44 79 80 77 78 34 33 36 35 40 39 38 37 57 58 59 60 31 32 29 30 82 81 84 83 24 23 22 21 73 74 75 76 47 48 45 46 66 65 68 67
64 4
2 3 0 1 4 40 43 46 49 42 37 52 47 45 50 39 44 51 48 41 38 65 62 59 56 63 68 53 58 60 55 66 61 54 57 64 67 10 20 15 5 19 9 6 16 13 7 12 18 8 14 17 11 27 33 30 24 34 28 23 29 32 22 25 35 21 31 36 26 78 75 81 72 73 80 70 83 84 69 79 74 71 82 76 77
2 48 41 51 38 40 43 46 49 44 50 45 39 52 37 47 42 1 3 0 4 30 24 27 33 63 68 53 58 7 13 18 12 77 76 82 71 81 72 78 75 19 9 6 16 55 60 61 66 26 36 31 21 59 56 65 62 34 28 23 29 69 84 74 79 11 17 14 8 15 5 10 20 73 80 70 83 22 32 35 25 67 64 57 54
27 1 23 31 35 44 6 57 74 40 10 65 78 52 14 61 70 48 18 53 82 30 33 2 24 26 25 0 28 34 21 3 32 22 29 4 36 67 79 39 9 59 75 43 5 55 83 47 17 63 71 51 13 19 54 45 84 7 58 41 76 15 62 49 72 11 66 37 80 69 16 50 64 73 8 42 60 77 12 38 68 81 20 46 56
0 14 16 15 13 5 6 7 8 19 18 20 17 4 1 3 2 12 10 9 11 72 71 70 69 25 26 27 28 63 64 61 62 50 49 52 51 56 55 54 53 41 42 43 44 79 80 77 78 34 33 36 35 40 39 38 37 57 58 59 60 31 32 29 30 82 81 84 83 24 23 22 21 73 74 75 76 47 48 45 46 66 65 68 67
64 4
20 33 40 62 75 38 73 64 35 63 37 74 36 76 61 39 34 18 17 19 0 25 54 83 48 21 79 52 58 29 44 66 71 1 16 8 12 10 5 15 2 72 65 43 30 59 49 78 24 46 81 56 27 80 22 57 51 55 28 45 82 14 3 9 7 42 31 69 68 67 70 32 41 6 11 4 13 84 47 26 53 50 60 23 77
79 17 23 51 59 82 73 4 72 46 61 7 32 26 37 10 68 54 33 16 44 60 18 49 22 52 20 21 58 80 0 77 78 24 19 57 50 39 27 67 9 35 55 43 13 75 83 71 1 63 47 31 5 29 48 8 62 65 28 11 38 69 84 2 74 41 56 14 34 15 53 36 42 6 45 64 30 3 81 76 70 12 25 40 66
79 37 68 10 26 82 73 4 72 16 33 44 54 59 17 51 23 32 61 46 7 42 36 53 15 52 20 21 58 2 74 69 84 47 63 5 31 62 8 48 29 35 55 43 13 76 70 3 81 19 24 50 57 9 67 27 39 65 28 11 38 77 78 80 0 25 12 66 40 22 49 18 60 6 45 64 30 71 1 75 83 56 41 34 14
27 1 23 31 35 44 6 57 74 40 10 65 78 52 14 61 70 48 18 53 82 30 33 2 24 26 25 0 28 34 21 3 32 22 29 4 36 67 79 39 9 59 75 43 5 55 83 47 17 63 71 51 13 19 54 45 84 7 58 41 76 15 62 49 72 11 66 37 80 69 16 50 64 73 8 42 60 77 12 38 68 81 20 46 56
64 4
7 29 47 64 78 8 6 0 5 62 80 31 45 48 63 30 77 79 46 32 61 33 82 51 68 25 60 74 43 1 15 11 19 21 39 56 70 52 67 34 81 75 42 28 57 12 18 2 13 54 72 23 37 66 49 84 35 44 73 59 26 20 9 14 3 71 53 38 24 83 36 65 50 58 27 41 76 16 4 17 10 40 22 69 55
74 29 51 11 56 57 6 44 27 81 80 71 4 37 63 20 36 13 46 66 22 15 21 47 68 60 25 7 43 39 33 64 19 82 1 78 70 38 17 34 62 59 41 28 8 84 69 2 79 14 65 23 48 32 49 12 55 0 73 75 76 30 9 54 50 31 53 52 10 83 77 72 3 58 5 42 26 16 45 67 24 40 61 18 35
27 78 65 10 40 44 6 57 74 35 31 23 1 53 48 18 82 14 61 52 70 16 69 64 50 41 76 7 58 55 83 47 17 36 4 29 22 54 19 84 45 42 60 73 8 34 21 3 32 13 51 71 63 79 67 9 39 0 28 26 25 77 12 38 68 80 37 66 11 33 30 24 2 43 5 59 75 15 62 49 72 56 46 20 81
0 14 16 15 13 5 6 7 8 19 18 20 17 4 1 3 2 12 10 9 11 72 71 70 69 25 26 27 28 63 64 61 62 50 49 52 51 56 55 54 53 41 42 43 44 79 80 77 78 34 33 36 35 40 39 38 37 57 58 59 60 31 32 29 30 82 81 84 83 24 23 22 21 73 74 75 76 47 48 45 46 66 65 68 67
64 4
7 29 47 64 78 8 6 0 5 62 80 31 45 48 63 30 77 79 46 32 61 33 82 51 68 25 60 74 43 1 15 11 19 21 39 56 70 52 67 34 81 75 42 28 57 12 18 2 13 54 72 23 37 66 49 84 35 44 73 59 26 20 9 14 3 71 53 38 24 83 36 65 50 58 27 41 76 16 4 17 10 40 22 69 55
44 16 54 79 33 27 6 74 57 69 19 67 30 50 2 45 39 64 9 24 84 78 35 14 53 41 42 0 43 36 56 13 80 55 77 15 34 65 31 70 18 76 60 28 5 22 81 63 11 47 38 49 3 10 23 61 82 7 73 26 59 4 46 51 37 17 68 72 32 40 1 52 48 58 8 25 75 29 20 71 66 83 12 62 21
44 33 79 54 16 27 6 74 57 30 67 19 69 2 50 39 45 24 84 64 9 40 1 52 48 75 25 8 58 20 29 66 71 62 21 83 12 10 23 61 82 59 26 73 7 46 4 37 51 72 32 17 68 65 31 70 18 5 28 60 76 81 22 11 63 49 3 47 38 78 35 14 53 43 0 42 41 56 36 80 13 15 34 55 77
0 14 16 15 13 5 6 7 8 19 18 20 17 4 1 3 2 12 10 9 11 72 71 70 69 25 26 27 28 63 64 61 62 50 49 52 51 56 55 54 53 41 42 43 44 79 80 77 78 34 33 36 35 40 39 38 37 57 58 59 60 31 32 29 30 82 81 84 83 24 23 22 21 73 74 75 76 47 48 45 46 66 65 68 67
64 4
24 13 76 68 48 5 40 72 56 17 60 52 80 1 32 28 36 9 84 64 44 22 21 23 0 46 65 75 15 66 73 47 14 74 45 67 16 54 69 39 6 78 49 59 20 34 25 31 4 42 61 83 11 70 37 55 8 62 81 43 10 50 57 79 19 26 29 35 3 38 53 71 7 30 33 27 2 82 41 63 12 58 77 51 18
84 77 75 70 4 55 46 25 18 15 31 37 58 44 64 9 24 34 8 65 51 30 57 39 16 7 49 66 35 63 21 10 42 48 17 28 56 11 62 23 41 40 32 60 13 67 6 50 33 26 47 20 53 52 68 5 36 22 12 61 43 59 38 29 14 19 27 45 54 73 3 71 78 69 74 2 79 1 72 76 80 81 83 82 0
21 9 61 41 81 5 53 37 69 1 29 25 33 17 49 77 57 13 73 65 45 0 24 23 22 11 64 43 82 10 84 63 42 12 44 83 62 7 56 39 70 3 32 27 34 20 52 79 58 14 76 67 46 6 72 55 38 16 48 75 66 2 36 31 26 19 60 51 78 8 40 71 54 18 80 59 50 15 68 47 74 4 28 35 30
21 13 45 73 65 5 53 37 69 17 77 57 49 1 33 29 25 9 41 81 61 0 24 23 22 16 48 75 66 15 68 47 74 14 76 67 46 7 56 39 70 18 80 59 50 2 36 31 26 12 44 83 62 6 72 55 38 11 64 43 82 20 52 79 58 4 28 35 30 8 40 71 54 3 32 27 34 10 84 63 42 19 60 51 78
64 4
84 77 75 70 4 55 46 25 18 15 31 37 58 44 64 9 24 34 8 65 51 30 57 39 16 7 49 66 35 63 21 10 42 48 17 28 56 11 62 23 41 40 32 60 13 67 6 50 33 26 47 20 53 52 68 5 36 22 12 61 43 59 38 29 14 19 27 45 54 73 3 71 78 69 74 2 79 1 72 76 80 81 83 82 0
21 9 61 41 81 5 53 37 69 1 29 25 33 17 49 77 57 13 73 65 45 0 24 23 22 11 64 43 82 10 84 63 42 12 44 83 62 7 56 39 70 3 32 27 34 20 52 79 58 14 76 67 46 6 72 55 38 16 48 75 66 2 36 31 26 19 60 51 78 8 40 71 54 18 80 59 50 15 68 47 74 4 28 35 30
7 79 61 46 32 5 8 0 6 47 29 78 64 63 48 77 30 31 62 80 45 37 54 23 72 68 33 51 82 10 16 17 4 26 44 59 73 21 70 39 56 52 81 67 34 20 3 9 14 58 76 27 41 69 22 55 40 84 49 35 66 2 18 13 12 74 60 43 25 53 38 71 24 36 65 83 50 15 11 1 19 42 28 75 57
70 27 61 52 14 5 22 38 54 43 29 68 19 75 4 77 84 59 36 12 45 40 6 23 53 78 74 1 82 10 57 35 48 65 44 31 18 56 7 39 21 46 58 9 34 20 41 67 32 81 76 79 3 24 8 55 37 30 42 17 66 2 73 83 80 33 60 47 11 72 0 71 69 62 26 13 50 15 25 51 64 49 28 63 16
68 2
50 68 8 35 81 32 53 11 75 72 63 25 14 17 58 78 22 44 2 39 45 79 24 19 57 37 48 43 3 10 76 29 55 26 13 70 62 7 36 65 83 82 5 66 34 51 52 0 49 33 84 67 6 46 1 42 38 16 64 69 27 73 56 31 12 23 60 20 77 61 28 71 15 59 80 18 21 54 9 30 74 4 40 41 47
56 74 29 51 11 42 35 16 77 26 18 45 83 58 61 67 3 5 40 24 72 71 37 6 22 81 20 27 46 80 36 44 13 4 63 57 66 19 47 25 82 64 68 60 1 33 15 43 78 39 21 7 70 65 2 59 62 23 69 8 38 14 79 41 34 48 84 28 17 32 52 76 9 12 31 73 50 55 53 0 54 49 10 75 30
80 2
73 45 13 21 65 64 38 35 20 30 52 11 55 79 4 72 82 6 43 58 28 44 7 26 59 2 80 83 70 50 31 56 12 39 62 18 36 24 47 14 66 67 48 22 15 16 46 68 23 74 0 75 76 9 29 49 53 57 5 41 25 69 77 1 81 33 61 37 17 84 78 71 3 54 32 10 51 27 8 60 42 19 63 34 40
29 47 78 7 64 33 1 21 25 70 43 68 19 60 39 15 82 11 51 74 56 52 75 12 54 2 23 34 28 37 13 57 81 42 67 72 18 83 40 58 16 27 4 36 22 17 41 69 65 55 50 10 76 8 62 48 79 30 32 0 31 61 77 45 5 80 6 46 63 66 20 71 44 24 26 35 3 73 53 9 49 14 84 59 38
80 2
17 79 59 51 23 22 58 78 50 60 52 80 24 49 21 77 57 18 20 0 19 46 54 26 82 61 33 37 73 7 16 10 4 32 44 68 72 66 70 30 42 12 3 6 15 40 76 64 36 25 81 45 53 74 38 34 62 84 28 56 48 69 65 41 29 2 11 14 8 13 5 1 9 43 31 71 67 55 47 83 27 35 63 75 39
22 13 74 66 46 17 58 50 78 5 38 70 54 9 82 62 42 1 30 26 34 23 24 0 21 67 48 15 73 75 68 14 45 47 76 16 65 51 80 20 57 71 56 6 37 63 44 11 81 27 36 4 29 59 52 19 77 31 28 3 33 39 72 8 53 83 64 10 41 79 60 18 49 43 84 12 61 35 32 2 25 55 40 7 69
100 2
36 24 28 1 32 49 82 8 67 20 63 37 74 59 12 70 45 78 41 55 16 76 17 40 64 48 60 72 9 68 52 5 84 13 80 56 44 54 77 43 14 39 18 62 73 6 51 81 66 69 58 10 47 31 21 2 26 4 22 27 29 34 0 33 35 25 23 30 3 11 57 46 71 42 79 15 53 83 50 65 7 61 19 75 38
23 1 27 35 31 17 51 79 59 13 47 75 67 9 43 83 63 5 39 71 55 22 21 0 24 34 29 2 28 26 33 4 32 30 25 3 36 78 57 18 52 74 65 14 48 82 61 10 44 70 53 6 40 50 77 20 60 38 69 8 56 46 73 16 68 42 81 12 64 58 49 19 80 62 41 11 84 54 37 7 72 66 45 15 76
100 2
19 68 70 29 43 69 30 67 44 42 71 65 32 20 18 0 17 31 41 66 72 62 37 76 35 55 26 48 81 3 10 13 8 57 79 24 50 14 5 4 12 22 52 59 77 75 36 61 38 45 84 54 27 51 21 78 60 7 15 11 1 82 47 25 56 33 74 39 64 28 53 83 46 40 63 34 73 80 58 49 23 9 2 6 16
36 1 32 24 28 49 8 67 82 45 12 59 70 41 16 55 78 37 20 63 74 2 31 21 26 0 35 33 34 3 23 25 30 4 27 29 22 46 11 57 71 50 7 65 83 38 19 61 75 42 15 53 79 40 76 17 64 52 84 5 68 44 80 13 56 48 72 9 60 43 54 77 14 51 66 81 6 47 58 69 10 39 62 73 18
100 2
41 26 75 60 6 21 81 61 9 2 48 51 38 36 55 16 78 31 19 72 66 45 37 49 1 18 68 71 30 56 79 14 34 83 10 64 22 13 53 77 33 50 47 40 4 70 20 67 32 62 84 11 23 65 69 17 29 80 15 54 35 39 52 46 3 12 63 82 24 73 5 57 25 59 74 8 28 7 58 76 27 44 42 43 0
20 64 73 35 38 33 62 75 40 39 61 34 76 74 63 37 36 19 0 18 17 71 66 44 29 14 3 9 7 26 53 84 47 49 59 24 78 58 52 79 21 55 28 45 82 4 13 6 11 65 72 30 43 12 8 16 1 42 31 69 68 23 77 50 60 81 46 27 56 48 83 54 25 80 22 57 51 32 41 67 70 5 10 2 15
128 5
18 27 48 53 82 54 28 47 81 84 25 55 46 45 26 83 56 19 0 17 20 65 70 31 44 10 14 1 6 78 52 23 57 40 61 35 74 63 38 76 33 51 77 58 24 13 12 7 2 71 68 41 30 3 5 11 16 32 43 66 69 34 75 37 64 21 59 80 50 60 22 49 79 73 36 62 39 42 29 72 67 8 4 15 9
17 23 51 59 79 22 58 78 50 24 80 52 60 21 49 57 77 0 19 18 20 13 5 1 9 67 71 31 43 47 55 27 83 75 39 35 63 74 38 34 62 48 56 28 84 65 69 29 41 14 8 2 11 66 70 30 42 15 6 3 12 76 40 36 64 45 53 25 81 46 54 26 82 73 37 33 61 16 7 4 10 68 72 32 44
2 3 0 1 4 40 43 46 49 42 37 52 47 45 50 39 44 51 48 41 38 65 62 59 56 63 68 53 58 60 55 66 61 54 57 64 67 10 20 15 5 19 9 6 16 13 7 12 18 8 14 17 11 27 33 30 24 34 28 23 29 32 22 25 35 21 31 36 26 78 75 81 72 73 80 70 83 84 69 79 74 71 82 76 77
66 74 22 46 13 77 28 39 10 3 59 64 53 72 41 19 31 83 8 33 52 4 63 56 57 81 36 51 6 71 20 29 44 80 37 11 27 70 30 42 17 1 54 58 62 82 50 5 34 78 9 26 38 84 7 35 49 69 43 18 32 2 60 61 55 79 25 40 12 75 48 16 21 73 14 24 47 76 23 45 15 0 65 67 68
46 22 74 66 13 49 43 2 40 60 12 35 69 79 61 32 7 18 84 25 55 82 54 26 17 9 70 34 58 42 38 1 50 62 5 30 78 36 11 71 57 29 63 6 80 4 44 37 51 27 81 56 20 8 31 64 77 53 28 83 19 39 3 41 52 72 33 10 59 67 76 14 21 73 16 68 23 48 47 45 0 15 65 75 24
128 5
2 3 0 1 4 40 43 46 49 42 37 52 47 45 50 39 44 51 48 41 38 65 62 59 56 63 68 53 58 60 55 66 61 54 57 64 67 10 20 15 5 19 9 6 16 13 7 12 18 8 14 17 11 27 33 30 24 34 28 23 29 32 22 25 35 21 31 36 26 78 75 81 72 73 80 70 83 84 69 79 74 71 82 76 77
46 22 74 66 13 49 43 2 40 60 12 35 69 79 61 32 7 18 84 25 55 82 54 26 17 9 70 34 58 42 38 1 50 62 5 30 78 36 11 71 57 29 63 6 80 4 44 37 51 27 81 56 20 8 31 64 77 53 28 83 19 39 3 41 52 72 33 10 59 67 76 14 21 73 16 68 23 48 47 45 0 15 65 75 24
46 12 60 69 35 49 43 2 40 74 22 13 66 55 84 18 25 32 61 7 79 11 36 57 71 9 70 34 58 0 45 47 48 10 59 72 33 54 82 17 26 29 63 6 80 52 41 3 39 75 24 15 65 76 67 21 14 53 28 83 19 51 37 44 4 30 78 62 5 31 8 77 64 73 16 68 23 50 1 38 42 56 20 27 81
2 48 41 51 38 40 43 46 49 44 50 45 39 52 37 47 42 1 3 0 4 30 24 27 33 63 68 53 58 7 13 18 12 77 76 82 71 81 72 78 75 19 9 6 16 55 60 61 66 26 36 31 21 59 56 65 62 34 28 23 29 69 84 74 79 11 17 14 8 15 5 10 20 73 80 70 83 22 32 35 25 67 64 57 54
27 1 23 31 35 44 6 57 74 40 10 65 78 52 14 61 70 48 18 53 82 30 33 2 24 26 25 0 28 34 21 3 32 22 29 4 36 67 79 39 9 59 75 43 5 55 83 47 17 63 71 51 13 19 54 45 84 7 58 41 76 15 62 49 72 11 66 37 80 69 16 50 64 73 8 42 60 77 12 38 68 81 20 46 56
128 3
44 67 30 69 19 33 54 16 79 50 2 45 39 84 64 24 9 6 57 74 27 75 8 58 25 47 49 3 38 13 36 56 80 23 82 61 10 40 52 48 1 11 81 22 63 77 34 15 55 26 7 73 59 62 83 12 21 60 5 28 76 53 35 78 14 4 51 37 46 20 66 71 29 70 65 31 18 41 0 43 42 32 68 17 72
77 7 63 30 48 42 35 56 16 75 84 70 4 57 49 21 17 28 66 39 10 62 47 32 6 31 64 46 8 45 29 61 5 80 78 79 0 9 37 65 25 20 23 50 60 3 72 83 74 14 54 36 43 22 52 19 59 69 81 1 73 40 67 11 26 55 34 15 44 82 2 71 76 68 12 38 27 51 18 24 58 33 13 53 41
61 34 76 20 39 81 41 9 21 7 79 46 32 52 14 70 27 67 56 58 3 8 30 80 47 51 26 16 72 84 22 43 12 65 1 53 57 68 59 4 54 6 48 31 78 83 11 24 42 49 69 25 13 35 40 74 18 36 19 38 75 0 63 62 64 33 73 17 37 50 15 71 28 66 55 60 2 82 44 10 23 5 77 45 29
160 2
73 45 13 21 65 64 38 35 20 30 52 11 55 79 4 72 82 6 43 58 28 44 7 26 59 2 80 83 70 50 31 56 12 39 62 18 36 24 47 14 66 67 48 22 15 16 46 68 23 74 0 75 76 9 29 49 53 57 5 41 25 69 77 1 81 33 61 37 17 84 78 71 3 54 32 10 51 27 8 60 42 19 63 34 40
27 61 70 52 14 65 40 10 78 53 18 82 48 57 74 44 6 1 35 23 31 3 21 32 34 56 81 46 20 67 9 79 39 58 41 7 76 54 45 19 84 59 5 75 43 68 77 38 12 4 29 36 22 60 73 42 8 2 33 24 30 66 37 11 80 55 17 83 47 63 13 71 51 62 49 15 72 0 25 28 26 64 69 50 16
160 2
18 26 45 56 83 54 28 47 81 82 27 53 48 46 25 84 55 17 0 20 19 49 22 79 60 14 1 10 6 64 34 37 75 71 30 68 41 31 70 44 65 36 62 73 39 2 13 7 12 21 50 59 80 11 5 16 3 77 58 51 24 67 42 72 29 40 74 61 35 76 38 33 63 43 66 32 69 57 78 23 52 8 9 4 15
23 17 79 59 51 9 43 83 63 13 67 47 75 1 31 27 35 5 71 55 39 24 0 21 22 80 19 49 58 52 18 57 78 60 20 77 50 44 10 61 82 68 16 73 46 32 4 33 26 72 7 37 54 64 12 81 42 40 6 53 70 76 15 45 66 36 3 25 30 84 11 41 62 28 2 29 34 56 8 69 38 48 14 65 74
160 2
73 45 13 21 65 64 38 35 20 30 52 11 55 79 4 72 82 6 43 58 28 44 7 26 59 2 80 83 70 50 31 56 12 39 62 18 36 24 47 14 66 67 48 22 15 16 46 68 23 74 0 75 76 9 29 49 53 57 5 41 25 69 77 1 81 33 61 37 17 84 78 71 3 54 32 10 51 27 8 60 42 19 63 34 40
53 18 27 82 48 64 3 66 59 34 16 43 80 37 5 69 21 75 11 32 50 47 84 26 20 54 55 56 0 28 46 83 19 81 25 45 17 78 44 14 35 57 65 1 61 52 31 10 74 23 70 6 40 29 9 49 73 67 4 60 62 72 8 22 39 42 15 79 36 7 24 71 38 2 58 68 63 13 77 41 33 12 51 30 76
160 2
22 13 74 66 46 17 58 50 78 5 38 70 54 9 82 62 42 1 30 26 34 23 24 0 21 67 48 15 73 75 68 14 45 47 76 16 65 51 80 20 57 71 56 6 37 63 44 11 81 27 36 4 29 59 52 19 77 31 28 3 33 39 72 8 53 83 64 10 41 79 60 18 49 43 84 12 61 35 32 2 25 55 40 7 69
8 82 67 49 36 7 6 5 0 33 52 66 83 51 65 34 84 68 35 50 81 62 29 48 79 42 60 27 73 22 39 53 72 9 15 18 4 80 47 30 61 75 25 58 44 69 56 38 23 3 19 13 10 31 64 77 46 57 43 76 26 40 21 71 54 14 11 2 17 45 78 63 32 28 74 41 59 55 70 24 37 20 1 12 16
160 2
0 20 18 17 19 4 1 3 2 6 8 7 5 11 12 9 10 13 16 14 15 76 75 74 73 34 33 36 35 61 62 63 64 39 40 37 38 83 84 81 82 25 26 27 28 54 53 56 55 48 47 46 45 78 77 80 79 24 23 22 21 59 60 57 58 49 50 51 52 69 70 71 72 31 32 29 30 68 67 66 65 42 41 44 43
67 56 3 61 58 49 36 8 82 30 44 69 19 10 80 38 25 75 13 23 47 77 11 26 40 16 74 45 24 35 51 83 5 42 29 18 72 57 54 64 2 63 55 1 59 66 0 68 65 4 53 60 62 21 76 14 46 70 32 41 20 7 52 34 81 39 9 79 27 17 31 71 43 28 12 37 78 84 50 6 33 48 73 22 15
160 2
10 37 26 79 68 39 28 77 66 0 12 9 11 40 78 65 27 38 67 25 80 2 20 5 15 47 36 69 58 42 63 21 84 52 74 53 31 45 34 71 60 1 18 6 14 49 75 56 30 41 64 22 83 44 61 23 82 51 73 54 32 4 17 7 16 46 33 72 59 50 76 55 29 43 62 24 81 48 35 70 57 3 19 8 13
55 16 78 41 36 11 73 52 30 3 68 62 57 18 46 25 84 5 23 71 39 54 0 56 53 79 13 35 43 33 14 42 80 44 15 77 34 76 10 29 50 65 4 58 64 47 17 83 27 22 7 40 69 31 9 51 75 38 6 72 21 60 2 61 66 81 19 26 48 49 12 74 32 28 20 45 82 70 8 24 37 63 1 67 59
200 2
18 26 45 56 83 54 28 47 81 82 27 53 48 46 25 84 55 17 0 20 19 49 22 79 60 14 1 10 6 64 34 37 75 71 30 68 41 31 70 44 65 36 62 73 39 2 13 7 12 21 50 59 80 11 5 16 3 77 58 51 24 67 42 72 29 40 74 61 35 76 38 33 63 43 66 32 69 57 78 23 52 8 9 4 15
41 26 75 60 6 21 81 61 9 2 48 51 38 36 55 16 78 31 19 72 66 45 37 49 1 18 68 71 30 56 79 14 34 83 10 64 22 13 53 77 33 50 47 40 4 70 20 67 32 62 84 11 23 65 69 17 29 80 15 54 35 39 52 46 3 12 63 82 24 73 5 57 25 59 74 8 28 7 58 76 27 44 42 43 0
256 4
18 27 48 53 82 54 28 47 81 84 25 55 46 45 26 83 56 19 0 17 20 65 70 31 44 10 14 1 6 78 52 23 57 40 61 35 74 63 38 76 33 51 77 58 24 13 12 7 2 71 68 41 30 3 5 11 16 32 43 66 69 34 75 37 64 21 59 80 50 60 22 49 79 73 36 62 39 42 29 72 67 8 4 15 9
17 23 51 59 79 22 58 78 50 24 80 52 60 21 49 57 77 0 19 18 20 13 5 1 9 67 71 31 43 47 55 27 83 75 39 35 63 74 38 34 62 48 56 28 84 65 69 29 41 14 8 2 11 66 70 30 42 15 6 3 12 76 40 36 64 45 53 25 81 46 54 26 82 73 37 33 61 16 7 4 10 68 72 32 44
69 60 12 46 35 14 28 51 62 37 5 21 53 30 44 19 67 83 76 78 4 52 63 15 26 24 54 39 6 17 65 29 41 80 3 82 75 70 72 0 71 47 36 58 10 11 48 59 34 33 9 57 45 61 25 13 49 66 43 32 18 2 74 84 79 55 7 40 22 27 50 16 64 73 77 81 1 8 23 38 56 42 20 31 68
66 74 22 46 13 77 28 39 10 3 59 64 53 72 41 19 31 83 8 33 52 4 63 56 57 81 36 51 6 71 20 29 44 80 37 11 27 70 30 42 17 1 54 58 62 82 50 5 34 78 9 26 38 84 7 35 49 69 43 18 32 2 60 61 55 79 25 40 12 75 48 16 21 73 14 24 47 76 23 45 15 0 65 67 68
320 2
56 24 40 72 5 42 16 77 35 83 45 18 26 11 74 51 29 61 67 58 3 9 52 32 76 44 80 36 13 84 17 28 48 64 60 1 68 62 2 65 59 43 33 15 78 10 30 75 49 81 27 46 20 82 47 19 25 41 14 79 34 63 66 57 4 12 73 50 31 22 37 71 6 0 55 53 54 21 70 7 39 23 8 38 69
84 77 75 70 4 55 46 25 18 15 31 37 58 44 64 9 24 34 8 65 51 30 57 39 16 7 49 66 35 63 21 10 42 48 17 28 56 11 62 23 41 40 32 60 13 67 6 50 33 26 47 20 53 52 68 5 36 22 12 61 43 59 38 29 14 19 27 45 54 73 3 71 78 69 74 2 79 1 72 76 80 81 83 82 0
320 2
77 63 30 7 48 66 28 10 39 4 70 84 75 56 16 42 35 57 49 21 17 3 74 72 83 54 36 14 43 65 37 25 9 60 20 50 23 59 22 19 52 1 81 73 69 67 11 40 26 55 44 34 15 64 46 31 8 62 6 47 32 0 80 79 78 61 29 5 45 53 13 41 33 58 51 24 18 68 27 12 38 2 71 82 76
30 67 44 19 69 52 73 11 55 7 48 77 63 81 15 40 59 34 22 26 1 47 80 8 61 13 38 82 58 75 10 49 56 23 25 36 3 2 24 33 27 64 45 6 79 54 74 50 9 57 16 84 39 42 17 66 70 72 43 65 20 29 31 0 32 18 71 68 41 37 60 83 14 28 4 35 21 12 53 51 76 78 62 5 46
320 2
28 18 54 47 81 32 24 36 1 69 51 62 14 43 58 73 6 66 77 39 10 83 53 19 46 56 48 17 84 45 82 20 55 26 27 0 25 38 11 65 79 76 5 44 60 63 16 70 49 33 3 31 22 57 75 42 7 52 64 72 13 78 37 67 12 23 34 29 2 15 50 71 61 9 80 68 40 8 59 41 74 4 21 30 35
24 13 76 68 48 5 40 72 56 17 60 52 80 1 32 28 36 9 84 64 44 22 21 23 0 46 65 75 15 66 73 47 14 74 45 67 16 54 69 39 6 78 49 59 20 34 25 31 4 42 61 83 11 70 37 55 8 62 81 43 10 50 57 79 19 26 29 35 3 38 53 71 7 30 33 27 2 82 41 63 12 58 77 51 18
320 2
79 54 16 44 33 23 51 17 59 72 73 82 4 7 32 46 61 37 10 26 68 47 63 5 31 28 65 38 11 18 60 22 49 81 3 70 76 13 43 55 35 34 14 56 41 78 77 0 80 42 36 53 15 67 9 39 27 2 74 69 84 57 50 24 19 64 30 6 45 75 83 71 1 29 48 8 62 52 20 21 58 12 25 40 66
67 56 3 61 58 49 36 8 82 30 44 69 19 10 80 38 25 75 13 23 47 77 11 26 40 16 74 45 24 35 51 83 5 42 29 18 72 57 54 64 2 63 55 1 59 66 0 68 65 4 53 60 62 21 76 14 46 70 32 41 20 7 52 34 81 39 9 79 27 17 31 71 43 28 12 37 78 84 50 6 33 48 73 22 15
320 2
18 27 48 53 82 54 28 47 81 84 25 55 46 45 26 83 56 19 0 17 20 65 70 31 44 10 14 1 6 78 52 23 57 40 61 35 74 63 38 76 33 51 77 58 24 13 12 7 2 71 68 41 30 3 5 11 16 32 43 66 69 34 75 37 64 21 59 80 50 60 22 49 79 73 36 62 39 42 29 72 67 8 4 15 9
55 16 78 41 36 11 73 52 30 3 68 62 57 18 46 25 84 5 23 71 39 54 0 56 53 79 13 35 43 33 14 42 80 44 15 77 34 76 10 29 50 65 4 58 64 47 17 83 27 22 7 40 69 31 9 51 75 38 6 72 21 60 2 61 66 81 19 26 48 49 12 74 32 28 20 45 82 70 8 24 37 63 1 67 59
320 2
55 16 78 41 36 11 73 52 30 3 68 62 57 18 46 25 84 5 23 71 39 54 0 56 53 79 13 35 43 33 14 42 80 44 15 77 34 76 10 29 50 65 4 58 64 47 17 83 27 22 7 40 69 31 9 51 75 38 6 72 21 60 2 61 66 81 19 26 48 49 12 74 32 28 20 45 82 70 8 24 37 63 1 67 59
39 76 61 34 20 10 28 66 77 50 44 45 2 55 5 23 71 29 60 15 82 11 68 78 25 54 24 69 6 31 13 83 59 49 48 4 42 9 79 27 67 32 81 58 14 52 3 41 46 56 70 7 21 12 26 65 80 51 43 47 1 53 8 22 72 30 57 16 84 0 37 40 38 73 62 36 18 74 19 64 33 75 35 17 63
640 3
79 68 10 37 26 33 54 44 16 51 59 17 23 82 4 72 73 7 61 32 46 62 8 48 29 3 81 76 70 57 50 24 19 55 35 13 43 40 66 12 25 28 65 38 11 9 67 27 39 80 0 77 78 20 52 58 21 31 5 63 47 69 84 2 74 42 36 53 15 75 83 71 1 22 49 18 60 45 6 30 64 14 34 41 56
37 53 21 69 5 74 36 20 63 31 15 84 58 52 42 47 2 10 79 26 68 27 11 80 66 82 32 16 59 18 75 34 64 48 50 43 3 57 29 81 13 1 49 45 41 61 73 17 33 65 9 25 77 44 51 4 46 78 12 67 28 35 76 62 19 14 30 60 83 6 56 71 22 70 55 24 8 40 0 38 39 23 54 7 72
47 78 29 7 64 12 72 34 57 67 75 13 23 28 81 54 18 37 2 42 52 36 69 58 10 41 4 50 40 16 76 22 65 55 83 17 27 70 60 33 11 82 19 56 25 1 51 43 39 74 21 15 68 45 46 48 0 63 5 31 79 8 30 61 80 32 62 6 77 59 35 71 9 24 14 73 66 20 53 84 26 49 44 3 38
640 3
18 27 48 53 82 54 28 47 81 84 25 55 46 45 26 83 56 19 0 17 20 65 70 31 44 10 14 1 6 78 52 23 57 40 61 35 74 63 38 76 33 51 77 58 24 13 12 7 2 71 68 41 30 3 5 11 16 32 43 66 69 34 75 37 64 21 59 80 50 60 22 49 79 73 36 62 39 42 29 72 67 8 4 15 9
30 67 44 19 69 52 73 11 55 7 48 77 63 81 15 40 59 34 22 26 1 47 80 8 61 13 38 82 58 75 10 49 56 23 25 36 3 2 24 33 27 64 45 6 79 54 74 50 9 57 16 84 39 42 17 66 70 72 43 65 20 29 31 0 32 18 71 68 41 37 60 83 14 28 4 35 21 12 53 51 76 78 62 5 46
77 63 30 7 48 66 28 10 39 4 70 84 75 56 16 42 35 57 49 21 17 3 74 72 83 54 36 14 43 65 37 25 9 60 20 50 23 59 22 19 52 1 81 73 69 67 11 40 26 55 44 34 15 64 46 31 8 62 6 47 32 0 80 79 78 61 29 5 45 53 13 41 33 58 51 24 18 68 27 12 38 2 71 82 76
