504
0 1 2 3 4 5 6 7 8 9 10 11 12 13 14 15 16 17 18 19 20 21 22 23 24 25 26 27 28 29 30 31 32 33 34 35 36 37 38 39 40 41 42 43 44 45 46 47 48 49 50 51 52 53 54 55 56 57 58 59 60 61 62 63 64 65 66 67 68 69 70 71 72 73 74 75 76 77 78 79 80 81 82 83 84 85 86 87 88 89 90 91 92 93 94 95 96 97 98 99 100 101 102 103 104 105 106 107 108 109 110 111 112 113 114 115 116 117 118 119 120 121 122 123 124 125 126 127 128 129 130 131 132 133 134 135 136 137 138 139 140 141 142 143 144 145 146 147 148 149 150 151 152 153 154 155 156 157 158 159 160 161 162 163 164 165 166 167 168 169 170 171 172 173 174 175 176 177 178 179 180 181 182 183 184 185 186 187 188 189 190 191 192 193 194 195 196 197 198 199 200 201 202 203 204 205 206 207 208 209 210 211 212 213 214 215 216 217 218 219 220 221 222 223 224 225 226 227 228 229 230 231 232 233 234 235 236 237 238 239 240 241 242 243 244 245 246 247 248 249 250 251 252 253 254 255 256 257 258 259 260 261 262 263 264 265 266 267 268 269 270 271 272 273 274 275 276 277 278 279 280 281 282 283 284 285 286 287 288 289 290 291 292 293 294 295 296 297 298 299 300 301 302 303 304 305 306 307 308 309 310 311 312 313 314 315 316 317 318 319 320 321 322 323 324 325 326 327 328 329 330 331 332 333 334 335 336 337 338 339 340 341 342 343 344 345 346 347 348 349 350 351 352 353 354 355 356 357 358 359 360 361 362 363 364 365 366 367 368 369 370 371 372 373 374 375 376 377 378 379 380 381 382 383 384 385 386 387 388 389 390 391 392 393 394 395 396 397 398 399 400 401 402 403 404 405 406 407 408 409 410 411 412 413 414 415 416 417 418 419 420 421 422 423 424 425 426 427 428 429 430 431 432 433 434 435 436 437 438 439 440 441 442 443 444 445 446 447 448 449 450 451 452 453 454 455 456 457 458 459 460 461 462 463 464 465 466 467 468 469 470 471 472 473 474 475 476 477 478 479 480 481 482 483 484 485 486 487 488 489 490 491 492 493 494 495 496 497 498 499 500 501 502 503
1 2 3 4 5 6 0 10 12 7 13 9 11 8 18 16 20 14 15 17 19 26 27 24 22 21 23 25 34 33 29 32 30 28 31 36 39 41 37 40 38 35 44 42 47 43 45 48 46 52 54 49 55 51 53 50 62 56 57 58 59 60 61 67 69 66 68 64 63 65 75 73 71 74 76 72 70 83 77 81 79 82 78 80 85 88 84 89 87 90 86 93 94 96 91 97 95 92 101 100 102 104 98 99 103 109 111 108 110 106 105 107 114 118 116 112 117 113 115 124 123 125 121 119 122 120 127 131 129 126 128 132 130 135 137 134 139 136 133 138 144 142 145 140 146 143 141 153 151 147 152 149 148 150 158 160 157 155 159 156 154 164 161 165 163 167 162 166 171 172 169 173 168 174 170 181 177 180 176 178 175 179 185 182 186 184 188 183 187 190 195 194 193 189 192 191 199 201 202 197 198 200 196 208 206 204 209 203 205 207 212 215 214 210 216 213 211 222 219 217 221 218 223 220 228 227 229 226 230 224 225 232 236 234 237 233 235 231 243 240 238 242 239 244 241 249 245 251 250 248 247 246 253 254 255 258 257 252 256 263 265 259 261 260 262 264 272 270 271 267 268 266 269 276 279 274 278 273 275 277 285 282 284 286 283 281 280 289 287 293 291 288 290 292 297 300 295 299 294 296 298 307 304 305 301 306 302 303 313 308 309 310 314 312 311 316 318 320 319 317 321 315 327 324 328 322 325 323 326 331 334 333 335 330 332 329 342 336 339 341 337 340 338 346 349 343 344 348 345 347 352 355 354 356 351 353 350 361 359 362 358 363 357 360 366 368 367 369 364 370 365 377 371 375 372 374 373 376 379 382 378 384 383 381 380 391 388 390 387 385 389 386 393 395 392 396 398 394 397 403 404 400 399 401 405 402 412 409 411 408 406 410 407 416 419 413 418 415 414 417 425 423 424 426 421 422 420 430 432 428 431 433 427 429 436 434 440 439 435 438 437 442 446 444 441 443 447 445 450 454 452 448 453 449 451 460 459 461 457 455 458 456 463 467 465 462 464 468 466 471 473 470 475 472 469 474 480 478 481 476 482 479 477 489 487 483 488 485 484 486 494 496 493 491 495 492 490 500 497 501 499 503 498 502
2 3 4 5 6 0 1 13 11 10 8 7 9 12 15 20 19 18 16 14 17 23 25 22 27 26 24 21 31 28 33 30 29 34 32 39 40 35 41 38 37 36 47 44 48 42 43 46 45 55 53 52 50 49 51 54 61 62 56 57 58 59 60 64 65 68 63 69 67 66 72 74 73 76 70 71 75 80 83 82 81 78 77 79 88 87 85 90 89 86 84 96 91 95 93 92 97 94 104 102 98 103 101 100 99 106 107 110 105 111 109 108 116 115 117 114 113 118 112 122 119 120 125 124 121 123 131 132 126 127 129 130 128 134 136 137 138 139 135 133 146 145 143 144 141 140 142 150 149 153 148 147 151 152 159 154 155 160 156 157 158 163 164 167 165 166 161 162 173 168 172 174 171 170 169 179 180 175 177 176 181 178 184 185 188 186 187 182 183 195 191 192 189 190 193 194 197 200 196 201 202 198 199 205 209 206 207 208 204 203 214 213 216 212 211 210 215 223 217 222 218 219 220 221 230 226 224 229 225 228 227 236 235 237 231 234 233 232 244 238 243 239 240 241 242 248 249 246 247 250 251 245 254 255 258 256 252 253 257 260 264 263 259 265 261 262 269 268 266 270 271 272 267 278 277 279 275 276 274 273 281 284 283 280 286 282 285 293 289 292 288 287 291 290 299 298 300 296 297 295 294 303 301 306 307 302 304 305 312 313 308 309 311 314 310 318 319 321 317 320 315 316 323 328 326 327 322 324 325 333 332 330 329 334 335 331 338 342 341 340 336 337 339 344 347 346 349 345 343 348 354 353 351 350 355 356 352 363 362 357 359 360 361 358 367 364 369 370 366 365 368 376 377 374 371 372 375 373 382 383 379 380 381 384 378 386 387 389 390 391 385 388 395 396 393 398 397 392 394 401 405 404 403 400 402 399 407 408 410 411 412 406 409 418 417 416 414 413 419 415 422 426 421 420 423 424 425 431 427 432 433 429 430 428 440 436 437 438 434 435 439 446 447 441 442 444 445 443 452 451 453 450 449 454 448 458 455 456 461 460 457 459 467 468 462 463 465 466 464 470 472 473 474 475 471 469 482 481 479 480 477 476 478 486 485 489 484 483 487 488 495 490 491 496 492 493 494 499 500 503 501 502 497 498
3 4 5 6 0 1 2 8 9 13 12 10 7 11 16 19 17 15 20 18 14 24 21 27 25 23 22 26 32 34 28 29 33 31 30 40 38 36 35 37 41 39 48 47 46 44 42 45 43 50 51 55 54 52 49 53 60 61 62 56 57 58 59 69 66 63 67 65 64 68 71 76 74 70 75 73 72 79 80 78 82 77 83 81 87 89 88 86 90 84 85 95 93 97 96 94 92 91 103 98 101 99 104 102 100 111 108 105 109 107 106 110 117 112 113 116 118 115 114 121 124 123 120 122 125 119 132 130 127 131 126 128 129 137 139 136 133 138 134 135 141 143 140 146 142 144 145 152 147 150 151 153 149 148 156 158 160 154 157 155 159 165 163 166 167 162 164 161 174 171 168 170 173 169 172 178 175 181 180 177 179 176 186 184 187 188 183 185 182 191 194 193 190 195 189 192 201 198 199 200 196 202 197 204 207 209 203 205 206 208 216 210 211 214 215 212 213 220 222 223 219 217 221 218 225 229 228 224 227 230 226 235 233 231 232 237 234 236 241 243 244 240 238 242 239 250 248 245 251 247 246 249 255 258 256 257 253 254 252 265 262 260 263 264 259 261 267 271 272 268 266 269 270 275 273 277 274 278 279 276 282 283 286 285 280 284 281 292 293 290 287 289 288 291 296 294 298 295 299 300 297 305 307 302 303 304 301 306 314 312 313 308 310 311 309 319 317 315 320 321 316 318 324 326 325 323 327 328 322 330 335 334 331 332 329 333 339 338 340 337 342 336 341 349 348 344 347 343 346 345 351 356 355 352 353 350 354 360 357 361 362 358 363 359 369 366 370 365 367 368 364 373 376 372 377 371 374 375 383 381 382 378 384 380 379 388 390 385 389 386 391 387 396 398 395 397 394 393 392 400 402 405 401 404 399 403 409 411 406 410 407 412 408 414 415 418 419 416 417 413 424 420 423 425 426 421 422 433 430 427 429 428 431 432 437 440 439 435 436 434 438 447 445 442 446 441 443 444 453 448 449 452 454 451 450 457 460 459 456 458 461 455 468 466 463 467 462 464 465 473 475 472 469 474 470 471 477 479 476 482 478 480 481 488 483 486 487 489 485 484 492 494 496 490 493 491 495 501 499 502 503 498 500 497
4 5 6 0 1 2 3 12 7 8 11 13 10 9 20 17 14 16 19 15 18 22 26 25 21 24 27 23 30 31 34 33 28 32 29 38 37 39 36 41 35 40 46 48 45 47 44 43 42 54 49 50 53 55 52 51 59 60 61 62 56 57 58 65 68 67 64 66 69 63 73 70 76 75 72 74 71 81 79 77 78 83 80 82 89 90 87 84 86 85 88 97 96 92 95 91 94 93 99 101 104 100 103 98 102 107 110 109 106 108 111 105 113 114 118 117 115 112 116 125 122 119 123 121 120 124 130 128 131 132 127 129 126 136 138 139 135 133 137 134 142 140 144 141 145 146 143 148 153 152 149 150 147 151 157 159 154 158 155 160 156 167 165 162 166 161 163 164 170 173 171 169 174 172 168 176 181 179 175 180 178 177 188 186 183 187 182 184 185 194 192 189 195 191 190 193 200 202 197 198 199 196 201 206 203 207 208 204 209 205 211 212 215 216 213 214 210 221 223 220 217 222 218 219 227 224 230 228 226 225 229 233 234 232 236 231 237 235 242 244 241 238 243 239 240 247 250 249 246 251 245 248 258 256 257 252 254 255 253 264 261 265 260 262 263 259 270 266 269 271 272 267 268 274 276 273 279 275 277 278 284 286 280 281 285 283 282 290 292 291 289 293 287 288 295 297 294 300 296 298 299 306 303 304 305 301 307 302 311 314 312 313 309 310 308 317 320 316 321 315 318 319 328 325 322 324 323 326 327 334 329 332 333 335 331 330 341 339 337 336 338 342 340 347 345 349 348 346 344 343 355 350 353 354 356 352 351 358 361 363 357 359 360 362 370 367 365 368 369 364 366 375 373 371 376 377 372 374 381 384 383 379 380 378 382 387 389 391 385 388 386 390 398 397 396 394 392 395 393 404 399 402 400 405 403 401 408 410 412 406 409 407 411 419 413 414 417 418 415 416 421 425 426 422 420 423 424 429 431 430 428 432 433 427 439 437 438 434 440 436 435 445 443 446 447 442 444 441 449 450 454 453 451 448 452 461 458 455 459 457 456 460 466 464 467 468 463 465 462 472 474 475 471 469 473 470 478 476 480 477 481 482 479 484 489 488 485 486 483 487 493 495 490 494 491 496 492 503 501 498 502 497 499 500
5 6 0 1 2 3 4 11 10 12 9 8 13 7 19 14 18 20 17 16 15 27 23 21 26 22 25 24 29 32 31 28 34 30 33 37 41 40 39 35 36 38 45 46 43 48 47 42 44 53 52 54 51 50 55 49 58 59 60 61 62 56 57 66 63 64 69 68 65 67 74 75 70 72 71 76 73 82 81 83 77 80 79 78 90 86 89 85 84 88 87 92 95 94 97 93 91 96 100 104 103 102 99 101 98 108 105 106 111 110 107 109 118 116 115 113 112 114 117 120 121 124 119 125 123 122 128 129 132 130 131 126 127 139 133 138 134 135 136 137 145 144 146 142 143 141 140 151 150 148 147 152 153 149 155 156 158 159 160 154 157 166 167 161 162 164 165 163 169 174 173 172 170 168 171 177 179 178 181 175 176 180 187 188 182 183 185 186 184 192 193 190 191 194 195 189 198 196 201 202 197 199 200 209 208 203 205 206 207 204 215 214 213 211 210 216 212 218 220 221 222 223 219 217 226 228 225 230 229 227 224 234 237 236 235 232 231 233 239 241 242 243 244 240 238 251 247 248 245 246 249 250 256 257 252 253 255 258 254 262 259 264 265 261 260 263 268 272 267 266 269 270 271 279 278 276 277 274 273 275 283 280 285 282 281 286 284 291 290 288 293 292 289 287 300 299 297 298 295 294 296 302 305 301 306 307 303 304 310 311 314 312 308 309 313 320 321 318 315 316 319 317 326 322 327 328 324 325 323 332 331 335 330 329 333 334 340 341 336 342 339 338 337 348 343 347 345 344 349 346 353 352 356 351 350 354 355 359 363 360 361 362 358 357 365 369 368 364 370 366 367 374 375 377 373 376 371 372 384 380 381 382 378 379 383 390 385 386 391 387 388 389 397 394 398 392 393 396 395 405 403 399 404 402 401 400 411 406 407 412 408 409 410 417 416 419 415 414 413 418 423 422 420 424 425 426 421 428 433 431 432 427 429 430 438 439 435 436 437 440 434 443 444 447 445 446 441 442 454 452 451 449 448 450 453 456 457 460 455 461 459 458 464 465 468 466 467 462 463 475 469 474 470 471 472 473 481 480 482 478 479 477 476 487 486 484 483 488 489 485 491 492 494 495 496 490 493 502 503 497 498 500 501 499
6 0 1 2 3 4 5 9 13 11 7 12 8 10 17 18 15 19 14 20 16 25 24 26 23 27 21 22 33 30 32 34 31 29 28 41 35 38 40 36 39 37 43 45 42 46 48 44 47 51 55 53 49 54 50 52 57 58 59 60 61 62 56 68 67 69 65 63 66 64 76 72 75 71 73 70 74 78 82 80 83 79 81 77 86 84 90 88 85 87 89 94 97 91 92 96 93 95 102 103 99 98 100 104 101 110 109 111 107 105 108 106 115 117 112 118 114 116 113 123 125 122 124 120 119 121 129 126 130 128 132 127 131 138 135 133 137 134 139 136 143 146 141 145 140 142 144 149 152 151 153 148 150 147 160 157 159 156 154 158 155 162 166 164 161 163 167 165 172 170 174 168 169 171 173 180 178 176 179 181 177 175 183 187 185 182 184 188 186 193 189 195 194 192 191 190 202 199 200 196 201 197 198 207 205 208 204 209 203 206 213 216 210 215 212 211 214 219 221 218 223 220 217 222 229 230 227 225 224 226 228 237 231 235 233 236 232 234 240 242 239 244 241 238 243 246 251 250 249 245 248 247 257 252 253 254 258 256 255 261 263 262 264 259 265 260 271 269 270 272 267 268 266 277 275 278 273 279 276 274 286 285 281 284 282 280 283 288 291 287 292 290 293 289 298 296 299 294 300 297 295 304 306 307 302 303 305 301 309 310 311 314 313 308 312 321 315 319 316 318 317 320 325 327 323 326 328 322 324 335 333 329 334 331 330 332 337 340 342 338 341 339 336 345 346 348 343 349 347 344 356 354 350 355 352 351 353 362 360 358 363 357 359 361 368 370 364 366 365 367 369 372 374 376 375 373 377 371 380 378 384 383 379 382 381 389 391 388 386 390 387 385 394 392 397 393 395 398 396 402 401 403 405 399 400 404 410 412 409 407 411 408 406 415 418 417 413 419 416 414 426 424 425 421 422 420 423 432 429 433 427 430 428 431 435 438 434 440 439 437 436 444 441 445 443 447 442 446 451 453 448 454 450 452 449 459 461 458 460 456 455 457 465 462 466 464 468 463 467 474 471 469 473 470 475 472 479 482 477 481 476 478 480 485 488 487 489 484 486 483 496 493 495 492 490 494 491 498 502 500 497 499 503 501
7 14 21 28 35 42 49 0 15 22 29 36 43 50 1 8 23 30 37 44 51 2 9 16 31 38 45 52 3 10 17 24 39 46 53 4 11 18 25 32 47 54 5 12 19 26 33 40 55 6 13 20 27 34 41 48 63 70 77 84 91 98 105 56 71 78 85 92 99 106 57 64 79 86 93 100 107 58 65 72 87 94 101 108 59 66 73 80 95 102 109 60 67 74 81 88 103 110 61 68 75 82 89 96 111 62 69 76 83 90 97 104 119 126 133 140 147 154 161 112 127 134 141 148 155 162 113 120 135 142 149 156 163 114 121 128 143 150 157 164 115 122 129 136 151 158 165 116 123 130 137 144 159 166 117 124 131 138 145 152 167 118 125 132 139 146 153 160 175 182 189 196 203 210 217 168 183 190 197 204 211 218 169 176 191 198 205 212 219 170 177 184 199 206 213 220 171 178 185 192 207 214 221 172 179 186 193 200 215 222 173 180 187 194 201 208 223 174 181 188 195 202 209 216 231 238 245 252 259 266 273 224 239 246 253 260 267 274 225 232 247 254 261 268 275 226 233 240 255 262 269 276 227 234 241 248 263 270 277 228 235 242 249 256 271 278 229 236 243 250 257 264 279 230 237 244 251 258 265 272 287 294 301 308 315 322 329 280 295 302 309 316 323 330 281 288 303 310 317 324 331 282 289 296 311 318 325 332 283 290 297 304 319 326 333 284 291 298 305 312 327 334 285 292 299 306 313 320 335 286 293 300 307 314 321 328 343 350 357 364 371 378 385 336 351 358 365 372 379 386 337 344 359 366 373 380 387 338 345 352 367 374 381 388 339 346 353 360 375 382 389 340 347 354 361 368 383 390 341 348 355 362 369 376 391 342 349 356 363 370 377 384 399 406 413 420 427 434 441 392 407 414 421 428 435 442 393 400 415 422 429 436 443 394 401 408 423 430 437 444 395 402 409 416 431 438 445 396 403 410 417 424 439 446 397 404 411 418 425 432 447 398 405 412 419 426 433 440 455 462 469 476 483 490 497 448 463 470 477 484 491 498 449 456 471 478 485 492 499 450 457 464 479 486 493 500 451 458 465 472 487 494 501 452 459 466 473 480 495 502 453 460 467 474 481 488 503 454 461 468 475 482 489 496
8 16 24 32 40 48 50 3 19 21 34 38 47 51 4 9 27 28 36 46 55 5 13 17 29 35 44 54 6 12 15 25 37 42 52 0 10 20 23 33 45 49 1 7 18 22 31 41 53 2 11 14 26 30 39 43 69 71 79 87 95 103 111 60 76 80 89 93 98 108 61 66 78 88 97 101 105 62 63 74 86 96 99 109 56 67 70 82 94 104 107 57 65 75 77 90 102 106 58 64 73 83 84 92 110 59 68 72 81 85 91 100 121 132 137 141 152 156 165 117 130 139 143 147 158 163 112 124 136 140 150 160 166 113 123 127 146 151 154 167 116 120 131 133 153 157 162 118 122 126 138 142 155 164 115 125 128 134 144 149 161 114 119 129 135 145 148 159 178 186 191 201 204 216 220 174 184 194 198 207 210 222 171 175 193 199 209 211 223 168 181 187 200 203 214 219 170 180 188 190 205 215 217 173 177 183 195 196 212 221 169 179 185 189 202 206 218 172 176 182 192 197 208 213 235 241 250 255 265 267 275 225 243 248 258 262 271 273 229 233 245 256 260 272 277 228 231 244 257 263 268 274 224 232 240 251 264 266 278 227 237 238 247 253 269 279 230 234 242 246 254 259 276 226 236 239 249 252 261 270 292 296 305 314 319 324 330 282 294 307 312 317 326 335 283 293 302 313 315 325 334 286 290 298 308 320 323 331 285 287 295 303 321 327 332 280 289 299 304 310 328 329 284 288 300 301 311 316 333 281 291 297 306 309 318 322 349 351 360 369 373 383 388 339 356 357 366 376 381 390 338 348 361 370 372 382 385 340 344 355 365 377 378 389 337 347 352 362 371 384 386 342 343 353 358 367 380 391 336 346 350 363 368 374 387 341 345 354 359 364 375 379 400 409 414 424 433 437 447 396 411 415 420 430 440 445 398 402 418 423 427 439 442 395 405 406 425 429 435 446 397 401 410 419 428 436 441 394 404 407 416 426 434 443 393 399 412 417 421 431 444 392 403 408 413 422 432 438 457 468 473 477 488 492 501 453 466 475 479 483 494 499 448 460 472 476 486 496 502 449 459 463 482 487 490 503 452 456 467 469 489 493 498 454 458 462 474 478 491 500 451 461 464 470 480 485 497 450 455 465 471 481 484 495
9 17 25 33 41 43 51 6 18 24 30 35 45 55 0 13 26 32 38 42 53 1 11 15 34 40 46 49 2 7 19 23 36 48 54 3 12 14 27 31 44 50 4 8 20 21 29 39 52 5 10 16 22 28 37 47 68 76 78 86 94 102 110 57 72 82 84 97 103 109 58 67 80 90 91 99 111 59 69 75 88 92 98 107 60 65 71 83 96 100 105 61 63 73 79 85 104 108 62 66 70 81 87 93 106 56 64 74 77 89 95 101 123 129 138 143 149 160 162 115 126 135 146 152 157 166 117 125 133 141 151 159 164 112 122 130 145 153 156 161 118 124 128 137 148 154 163 114 120 132 134 140 158 167 116 119 127 139 142 150 165 113 121 131 136 144 147 155 180 183 193 202 207 213 219 172 187 189 199 205 216 221 170 178 195 200 208 210 218 174 176 185 196 204 215 223 168 179 182 194 209 212 220 169 181 184 192 201 211 217 171 177 188 191 197 203 222 173 175 186 190 198 206 214 237 240 246 257 261 271 277 229 242 251 252 263 269 275 230 231 250 253 262 270 278 227 235 239 254 264 272 273 225 233 244 249 259 267 279 224 236 241 245 258 268 276 226 232 238 248 256 265 274 228 234 243 247 255 260 266 288 298 304 309 321 325 335 286 296 306 310 315 327 333 285 291 307 311 319 323 329 281 287 299 314 316 326 334 284 292 294 302 318 328 331 282 290 300 303 313 322 330 280 293 297 305 308 317 332 283 289 295 301 312 320 324 345 356 362 368 372 380 389 337 354 360 370 374 378 391 340 346 358 364 376 384 388 342 348 350 366 375 383 386 338 343 355 363 373 379 390 341 349 352 357 365 382 387 339 347 351 359 367 377 385 336 344 353 361 369 371 381 402 410 415 426 432 435 444 394 412 418 424 429 438 441 392 401 417 425 433 434 445 397 403 409 421 427 440 443 393 405 407 413 430 439 447 395 399 411 419 422 437 442 398 400 408 416 420 428 446 396 404 406 414 423 431 436 459 465 474 479 485 496 498 451 462 471 482 488 493 502 453 461 469 477 487 495 500 448 458 466 481 489 492 497 454 460 464 473 484 490 499 450 456 468 470 476 494 503 452 455 463 475 478 486 501 449 457 467 472 480 483 491
10 18 26 34 36 44 52 1 16 27 33 39 42 54 2 12 24 29 41 47 49 3 7 20 32 37 43 55 4 13 14 22 40 45 51 5 9 15 21 30 48 53 6 11 17 23 28 38 50 0 8 19 25 31 35 46 67 75 83 85 93 101 109 62 73 77 88 94 100 111 56 69 81 84 96 102 108 57 66 71 89 91 104 110 58 68 74 79 97 98 106 59 64 76 82 87 99 105 60 63 72 78 90 95 107 61 65 70 80 86 92 103 124 127 135 144 153 158 164 114 131 137 142 151 160 161 118 123 134 145 147 157 165 116 125 129 140 152 155 163 112 121 126 139 149 159 167 117 119 128 136 146 156 162 113 122 132 133 143 148 166 115 120 130 138 141 150 154 181 185 190 199 208 212 222 171 182 195 201 206 215 219 172 177 194 202 204 214 217 169 180 186 197 209 210 221 173 176 184 193 203 216 218 168 178 188 189 198 213 223 174 175 183 192 200 205 220 170 179 187 191 196 207 211 232 243 249 253 263 272 276 228 240 245 254 265 270 279 227 236 251 255 259 271 274 229 234 238 258 261 267 278 226 237 242 250 260 268 273 230 233 239 248 257 266 275 224 235 244 247 252 262 277 225 231 241 246 256 264 269 289 297 307 313 316 327 331 285 300 304 308 318 324 334 282 287 305 309 320 328 333 284 293 295 310 319 322 335 286 291 299 301 317 325 330 283 288 294 306 314 323 332 281 290 296 302 312 321 329 280 292 298 303 311 315 326 346 352 361 366 377 379 391 342 355 359 368 371 382 388 336 349 362 367 375 378 390 339 343 354 369 372 384 387 341 344 356 358 374 383 385 337 348 351 363 364 381 389 340 345 353 357 370 373 386 338 347 350 360 365 376 380 403 412 416 425 430 436 442 393 409 419 423 432 434 446 395 404 413 424 428 440 444 392 400 411 426 431 439 441 396 399 408 418 433 435 443 398 401 406 415 421 438 447 394 405 410 414 422 427 445 397 402 407 417 420 429 437 460 463 471 480 489 494 500 450 467 473 478 487 496 497 454 459 470 481 483 493 501 452 461 465 476 488 491 499 448 457 462 475 485 495 503 453 455 464 472 482 492 498 449 458 468 469 479 484 502 451 456 466 474 477 486 490
11 19 27 29 37 45 53 5 14 23 32 41 46 52 6 10 21 31 40 43 54 0 12 18 28 39 48 51 1 9 20 26 35 47 50 2 8 17 22 34 42 55 3 13 16 25 30 36 49 4 7 15 24 33 38 44 66 74 82 90 92 100 108 58 75 81 86 95 104 105 59 63 83 89 94 103 106 60 64 70 85 97 102 111 61 69 72 77 93 99 110 62 68 71 80 84 101 107 56 65 76 79 88 91 109 57 67 73 78 87 96 98 120 128 139 145 151 155 166 118 129 133 144 150 156 167 116 121 138 146 148 158 161 115 124 132 142 147 159 162 113 119 130 134 152 160 164 112 125 131 135 143 154 165 114 123 126 136 141 153 163 117 122 127 137 140 149 157 177 187 192 198 209 215 218 169 188 193 196 208 214 220 174 179 190 201 203 213 221 173 178 182 202 205 211 222 172 181 183 191 206 210 223 170 175 185 194 197 216 219 168 176 186 195 199 207 217 171 180 184 189 200 204 212 234 239 251 256 262 268 279 226 241 247 257 259 272 278 228 237 248 252 264 267 276 225 236 242 253 265 266 277 230 235 243 245 261 269 274 229 232 244 246 255 270 273 227 231 240 249 258 260 275 224 233 238 250 254 263 271 291 300 302 310 320 326 332 283 299 305 311 321 322 331 280 290 301 314 318 327 335 285 288 297 312 315 328 330 282 293 298 306 316 324 329 281 292 295 307 308 325 333 286 289 294 303 309 319 334 284 287 296 304 313 317 323 348 353 359 365 374 384 390 340 352 363 369 375 380 385 341 343 360 368 377 381 386 336 347 356 364 373 382 391 342 345 351 361 376 378 387 339 344 350 362 370 379 388 338 349 354 358 366 371 389 337 346 355 357 367 372 383 405 411 417 423 428 438 443 397 406 416 422 433 439 444 394 403 419 420 431 435 447 398 399 407 424 432 436 445 392 404 412 415 427 437 446 393 402 408 414 425 440 441 396 401 409 413 426 429 442 395 400 410 418 421 430 434 456 464 475 481 487 491 502 454 465 469 480 486 492 503 452 457 474 482 484 494 497 451 460 468 478 483 495 498 449 455 466 470 488 496 500 448 461 467 471 479 490 501 450 459 462 472 477 489 499 453 458 463 473 476 485 493
12 20 22 30 38 46 54 4 17 26 31 37 48 49 5 7 25 34 39 45 50 6 8 14 33 36 47 53 0 11 16 21 41 44 55 1 13 19 24 28 43 52 2 10 15 27 32 35 51 3 9 18 23 29 40 42 65 73 81 89 97 99 107 59 70 79 90 96 101 110 60 68 77 87 92 104 109 61 67 76 84 95 100 106 62 64 75 78 91 103 108 56 66 72 83 86 98 111 57 69 74 80 85 94 105 58 63 71 82 88 93 102 125 130 136 142 148 157 167 113 128 138 140 153 159 165 114 122 139 144 152 154 162 118 119 131 141 149 158 166 117 123 132 135 150 155 161 115 121 127 133 145 160 163 112 120 129 137 146 147 164 116 124 126 134 143 151 156 176 188 194 200 206 211 221 170 186 192 202 203 212 223 173 181 189 197 207 215 220 171 179 183 198 208 216 217 169 175 187 195 204 213 222 174 180 182 191 199 214 218 172 178 184 190 196 209 219 168 177 185 193 201 205 210 233 242 247 258 264 270 274 227 244 250 256 261 266 276 224 234 249 257 265 269 273 230 232 241 252 260 271 279 228 236 238 246 262 272 275 226 231 243 251 254 267 277 225 237 239 245 255 263 278 229 235 240 248 253 259 268 290 295 306 311 317 328 334 284 297 303 314 320 325 329 286 292 304 312 316 322 332 280 291 294 313 321 324 333 281 289 300 305 315 323 335 285 293 296 301 309 326 331 283 287 298 307 310 318 330 282 288 299 302 308 319 327 347 355 358 370 375 381 387 341 350 361 367 373 384 389 339 345 363 365 371 383 391 337 349 353 368 376 379 385 336 348 354 357 377 380 388 338 346 356 359 369 378 386 342 344 352 360 364 372 390 340 343 351 362 366 374 382 404 408 419 421 429 439 445 398 410 413 425 431 437 443 397 399 414 426 430 438 446 396 402 412 422 428 434 447 394 400 406 417 432 440 442 392 405 409 418 420 436 444 395 403 407 415 423 433 441 393 401 411 416 424 427 435 461 466 472 478 484 493 503 449 464 474 476 489 495 501 450 458 475 480 488 490 498 454 455 467 477 485 494 502 453 459 468 471 486 491 497 451 457 463 469 481 496 499 448 456 465 473 482 483 500 452 460 462 470 479 487 492
13 15 23 31 39 47 55 2 20 25 28 40 44 53 3 11 22 33 35 48 52 4 10 19 30 41 42 50 5 8 18 27 38 43 49 6 7 16 26 29 46 51 0 9 14 24 34 37 54 1 12 17 21 32 36 45 64 72 80 88 96 104 106 61 74 83 87 91 102 107 62 65 82 85 95 98 110 56 68 73 90 93 103 105 57 63 76 81 92 101 111 58 69 70 78 89 100 109 59 67 71 77 86 97 108 60 66 75 79 84 94 99 122 131 134 146 150 159 163 116 132 136 145 149 154 164 115 119 137 143 153 155 167 117 120 126 144 148 160 165 114 125 127 138 147 156 166 113 124 129 139 141 157 161 118 121 130 135 140 151 162 112 123 128 133 142 152 158 179 184 195 197 205 214 223 173 185 191 200 209 213 217 168 180 192 196 206 216 222 172 175 188 201 207 212 218 174 177 186 189 208 211 219 171 176 187 190 202 210 220 170 181 182 193 198 204 221 169 178 183 194 199 203 215 236 244 248 254 260 269 278 230 238 249 255 264 268 277 226 235 246 258 263 266 279 224 237 243 256 259 270 275 229 231 239 247 265 271 276 225 234 240 250 252 272 274 228 233 241 251 253 261 273 227 232 242 245 257 262 267 293 299 303 312 318 323 333 281 298 301 313 319 328 332 284 289 306 308 321 326 330 283 292 300 309 317 327 329 280 288 296 307 320 322 334 286 287 297 302 311 324 335 282 291 295 304 314 315 331 285 290 294 305 310 316 325 344 354 363 367 376 382 386 338 353 362 364 377 383 387 342 347 357 369 374 379 389 341 346 351 370 371 380 390 340 349 350 359 372 381 391 336 345 355 360 366 384 385 337 343 356 361 365 375 388 339 348 352 358 368 373 378 401 407 418 422 431 440 446 395 408 417 426 427 436 447 396 405 416 421 432 437 441 393 404 410 420 433 438 442 398 403 411 414 429 434 444 397 400 412 413 423 435 445 392 402 406 419 424 430 443 394 399 409 415 425 428 439 458 467 470 482 486 495 499 452 468 472 481 485 490 500 451 455 473 479 489 491 503 453 456 462 480 484 496 501 450 461 463 474 483 492 502 449 460 465 475 477 493 497 454 457 466 471 476 487 498 448 459 464 469 478 488 494
14 21 28 35 42 49 7 29 43 0 50 22 36 15 37 23 51 1 8 30 44 45 52 31 9 2 16 38 53 46 10 39 17 3 24 11 32 54 18 47 25 4 19 5 40 12 26 55 33 27 41 6 48 20 34 13 105 63 70 77 84 91 98 92 106 85 99 71 56 78 100 86 64 93 107 79 57 108 58 94 72 101 65 87 66 95 59 102 80 109 73 74 81 103 60 110 88 67 82 75 89 111 61 68 96 90 104 83 97 69 62 76 133 161 147 119 154 126 140 155 148 162 134 112 141 127 120 156 142 113 135 163 149 128 150 121 164 143 114 157 151 129 158 115 165 136 122 166 144 116 159 130 123 137 145 167 138 124 152 131 117 139 118 146 132 160 125 153 196 203 182 210 175 217 189 218 190 211 183 197 168 204 198 169 205 191 219 176 212 177 220 213 206 170 199 184 192 214 221 178 185 207 171 215 193 179 222 172 186 200 187 208 201 173 223 194 180 209 188 174 202 181 216 195 259 252 266 245 273 231 238 239 267 253 274 246 260 224 268 247 225 261 232 275 254 262 226 276 269 255 240 233 234 241 248 277 270 227 263 256 278 228 242 235 249 271 279 257 264 236 243 229 250 251 272 237 265 230 244 258 322 301 315 329 308 294 287 302 280 330 316 295 309 323 310 331 288 324 281 303 317 332 311 318 282 325 289 296 326 283 290 297 333 319 304 291 305 327 312 298 334 284 320 299 335 285 306 292 313 300 321 314 328 293 307 286 385 343 364 378 350 371 357 365 386 336 351 379 358 372 359 380 373 387 344 366 337 374 352 381 345 388 338 367 353 375 360 382 339 389 346 390 340 368 347 361 354 383 348 369 341 391 376 362 355 384 363 377 356 342 370 349 406 420 399 427 441 413 434 428 435 407 392 414 442 421 443 422 436 415 393 429 400 423 444 394 437 408 401 430 438 416 431 445 402 409 395 417 439 403 424 446 396 410 411 397 447 432 404 425 418 405 433 419 398 412 440 426 469 497 483 455 490 462 476 491 484 498 470 448 477 463 456 492 478 449 471 499 485 464 486 457 500 479 450 493 487 465 494 451 501 472 458 502 480 452 495 466 459 473 481 503 474 460 488 467 453 475 454 482 468 496 461 489
15 23 31 39 47 55 13 28 44 2 53 25 40 20 35 22 52 3 11 33 48 42 50 30 10 4 19 41 49 43 8 38 18 5 27 7 29 51 16 46 26 6 14 0 37 9 24 54 34 21 36 1 45 17 32 12 106 64 72 80 88 96 104 91 107 87 102 74 61 83 98 85 65 95 110 82 62 105 56 93 73 103 68 90 63 92 57 101 81 111 76 70 78 100 58 109 89 69 77 71 86 108 59 67 97 84 99 79 94 66 60 75 134 163 150 122 159 131 146 154 149 164 136 116 145 132 119 155 143 115 137 167 153 126 148 120 165 144 117 160 147 127 156 114 166 138 125 161 141 113 157 129 124 139 140 162 135 121 151 130 118 133 112 142 128 158 123 152 197 205 184 214 179 223 195 217 191 213 185 200 173 209 196 168 206 192 222 180 216 175 218 212 207 172 201 188 189 211 219 177 186 208 174 210 190 176 220 171 187 202 182 204 198 170 221 193 181 203 183 169 199 178 215 194 260 254 269 248 278 236 244 238 268 255 277 249 264 230 266 246 226 263 235 279 258 259 224 275 270 256 243 237 231 239 247 276 271 229 265 252 274 225 240 234 250 272 273 253 261 233 241 228 251 245 267 232 262 227 242 257 323 303 318 333 312 299 293 301 281 332 319 298 313 328 308 330 289 326 284 306 321 329 309 317 283 327 292 300 322 280 288 296 334 320 307 287 302 324 311 297 335 286 315 295 331 282 304 291 314 294 316 310 325 290 305 285 386 344 367 382 354 376 363 364 387 338 353 383 362 377 357 379 374 389 347 369 342 371 351 380 346 390 341 370 350 372 359 381 340 391 349 385 336 366 345 360 355 384 343 365 337 388 375 361 356 378 358 373 352 339 368 348 407 422 401 431 446 418 440 427 436 408 395 417 447 426 441 421 437 416 396 432 405 420 442 393 438 410 404 433 434 414 429 444 403 411 398 413 435 400 423 445 397 412 406 392 443 430 402 424 419 399 428 415 394 409 439 425 470 499 486 458 495 467 482 490 485 500 472 452 481 468 455 491 479 451 473 503 489 462 484 456 501 480 453 496 483 463 492 450 502 474 461 497 477 449 493 465 460 475 476 498 471 457 487 466 454 469 448 478 464 494 459 488
16 24 32 40 48 50 8 34 47 3 51 21 38 19 36 27 55 4 9 28 46 44 54 29 13 5 17 35 52 42 12 37 15 6 25 10 33 49 20 45 23 0 18 1 41 7 22 53 31 26 39 2 43 14 30 11 111 69 71 79 87 95 103 93 108 89 98 76 60 80 101 88 66 97 105 78 61 109 62 96 74 99 63 86 67 94 56 104 82 107 70 75 77 102 57 106 90 65 83 73 84 110 58 64 92 85 100 81 91 68 59 72 137 165 152 121 156 132 141 158 147 163 139 117 143 130 124 160 140 112 136 166 150 127 151 123 167 146 113 154 153 131 157 116 162 133 120 164 142 118 155 126 122 138 144 161 134 125 149 128 115 135 114 145 129 159 119 148 201 204 186 216 178 220 191 222 194 210 184 198 174 207 199 171 209 193 223 175 211 181 219 214 203 168 200 187 190 215 217 180 188 205 170 212 195 177 221 173 183 196 185 206 202 169 218 189 179 208 182 172 197 176 213 192 265 255 267 250 275 235 241 243 271 258 273 248 262 225 272 245 229 260 233 277 256 263 228 274 268 257 244 231 232 240 251 278 266 224 264 253 279 227 238 237 247 269 276 254 259 234 242 230 246 249 270 236 261 226 239 252 324 305 319 330 314 296 292 307 282 335 317 294 312 326 313 334 293 325 283 302 315 331 308 320 286 323 290 298 327 285 287 295 332 321 303 289 304 328 310 299 329 280 316 300 333 284 301 288 311 297 318 309 322 291 306 281 388 349 369 383 351 373 360 366 390 339 356 381 357 376 361 382 372 385 348 370 338 377 355 378 344 389 340 365 352 371 362 384 337 386 347 391 342 367 343 358 353 380 346 368 336 387 374 363 350 379 359 375 354 341 364 345 409 424 400 433 447 414 437 430 440 411 396 415 445 420 442 423 439 418 398 427 402 425 446 395 435 406 405 429 436 419 428 441 401 410 397 416 434 404 426 443 394 407 412 393 444 431 399 421 417 403 432 413 392 408 438 422 473 501 488 457 492 468 477 494 483 499 475 453 479 466 460 496 476 448 472 502 486 463 487 459 503 482 449 490 489 467 493 452 498 469 456 500 478 454 491 462 458 474 480 497 470 461 485 464 451 471 450 481 465 495 455 484
17 25 33 41 43 51 9 30 45 6 55 24 35 18 38 26 53 0 13 32 42 46 49 34 11 1 15 40 54 48 7 36 19 2 23 12 31 50 14 44 27 3 20 4 39 8 21 52 29 22 37 5 47 16 28 10 110 68 76 78 86 94 102 97 109 84 103 72 57 82 99 90 67 91 111 80 58 107 59 92 75 98 69 88 65 96 60 100 83 105 71 73 79 104 61 108 85 63 81 70 87 106 62 66 93 89 101 77 95 64 56 74 138 162 149 123 160 129 143 157 152 166 135 115 146 126 125 159 141 117 133 164 151 130 153 122 161 145 112 156 148 128 154 118 163 137 124 167 140 114 158 132 120 134 142 165 139 119 150 127 116 136 113 144 131 155 121 147 202 207 183 213 180 219 193 221 189 216 187 199 172 205 200 170 208 195 218 178 210 176 223 215 204 174 196 185 194 212 220 179 182 209 168 211 192 181 217 169 184 201 188 203 197 171 222 191 177 206 186 173 198 175 214 190 261 257 271 246 277 237 240 242 269 252 275 251 263 229 270 250 230 262 231 278 253 264 227 273 272 254 239 235 233 244 249 279 267 225 259 258 276 224 241 236 245 268 274 256 265 232 238 226 248 247 266 234 260 228 243 255 325 304 321 335 309 298 288 306 286 333 315 296 310 327 311 329 291 323 285 307 319 334 314 316 281 326 287 299 328 284 292 294 331 318 302 290 303 322 313 300 330 282 317 297 332 280 305 293 308 295 320 312 324 289 301 283 389 345 368 380 356 372 362 370 391 337 354 378 360 374 358 384 376 388 346 364 340 375 350 383 348 386 342 366 355 373 363 379 338 390 343 387 341 365 349 357 352 382 347 367 339 385 377 359 351 381 361 371 353 336 369 344 410 426 402 432 444 415 435 429 438 412 394 418 441 424 445 425 434 417 392 433 401 421 443 397 440 409 403 427 439 413 430 447 405 407 393 419 437 399 422 442 395 411 408 398 446 428 400 420 416 404 431 414 396 406 436 423 474 498 485 459 496 465 479 493 488 502 471 451 482 462 461 495 477 453 469 500 487 466 489 458 497 481 448 492 484 464 490 454 499 473 460 503 476 450 494 468 456 470 478 501 475 455 486 463 452 472 449 480 467 491 457 483
18 26 34 36 44 52 10 33 42 1 54 27 39 16 41 24 49 2 12 29 47 43 55 32 7 3 20 37 51 45 13 40 14 4 22 9 30 53 15 48 21 5 17 6 38 11 23 50 28 25 35 0 46 19 31 8 109 67 75 83 85 93 101 94 111 88 100 73 62 77 102 84 69 96 108 81 56 110 57 91 71 104 66 89 68 97 58 98 79 106 74 76 82 99 59 105 87 64 78 72 90 107 60 63 95 86 103 80 92 65 61 70 135 164 153 124 158 127 144 160 151 161 137 114 142 131 123 157 145 118 134 165 147 129 152 125 163 140 116 155 149 126 159 112 167 139 121 162 146 117 156 128 119 136 143 166 133 122 148 132 113 138 115 141 130 154 120 150 199 208 185 212 181 222 190 219 195 215 182 201 171 206 202 172 204 194 217 177 214 180 221 210 209 169 197 186 193 216 218 176 184 203 173 213 189 178 223 168 188 198 183 205 200 174 220 192 175 207 187 170 196 179 211 191 263 253 272 249 276 232 243 240 270 254 279 245 265 228 271 251 227 259 236 274 255 261 229 278 267 258 238 234 237 242 250 273 268 226 260 257 275 230 239 233 248 266 277 252 262 235 244 224 247 246 269 231 264 225 241 256 327 307 316 331 313 297 289 304 285 334 318 300 308 324 309 333 287 328 282 305 320 335 310 319 284 322 293 295 325 286 291 299 330 317 301 288 306 323 314 294 332 283 321 296 329 281 302 290 312 298 315 311 326 292 303 280 391 346 366 379 352 377 361 368 388 342 355 382 359 371 362 378 375 390 349 367 336 372 354 384 343 387 339 369 356 374 358 383 341 385 344 389 337 364 348 363 351 381 345 370 340 386 373 357 353 380 360 376 350 338 365 347 412 425 403 430 442 416 436 432 434 409 393 419 446 423 444 424 440 413 395 428 404 426 441 392 439 411 400 431 435 418 433 443 399 408 396 415 438 401 421 447 398 406 410 394 445 427 405 422 414 402 429 417 397 407 437 420 471 500 489 460 494 463 480 496 487 497 473 450 478 467 459 493 481 454 470 501 483 465 488 461 499 476 452 491 485 462 495 448 503 475 457 498 482 453 492 464 455 472 479 502 469 458 484 468 449 474 451 477 466 490 456 486
19 27 29 37 45 53 11 32 46 5 52 23 41 14 40 21 54 6 10 31 43 48 51 28 12 0 18 39 50 47 9 35 20 1 26 8 34 55 17 42 22 2 16 3 36 13 25 49 30 24 38 4 44 15 33 7 108 66 74 82 90 92 100 95 105 86 104 75 58 81 103 89 63 94 106 83 59 111 60 97 70 102 64 85 69 93 61 99 77 110 72 71 80 101 62 107 84 68 79 76 88 109 56 65 91 87 98 78 96 67 57 73 139 166 151 120 155 128 145 156 150 167 133 118 144 129 121 158 146 116 138 161 148 132 147 124 162 142 115 159 152 130 160 113 164 134 119 165 143 112 154 131 125 135 141 163 136 123 153 126 114 137 117 140 127 157 122 149 198 209 187 215 177 218 192 220 193 214 188 196 169 208 201 174 203 190 221 179 213 178 222 211 205 173 202 182 191 210 223 181 183 206 172 216 194 175 219 170 185 197 186 207 199 168 217 195 176 204 184 171 200 180 212 189 262 256 268 251 279 234 239 241 272 257 278 247 259 226 267 248 228 264 237 276 252 265 225 277 266 253 242 236 235 243 245 274 269 230 261 255 273 229 244 232 246 270 275 258 260 231 240 227 249 250 271 233 263 224 238 254 326 302 320 332 310 300 291 305 283 331 321 299 311 322 314 335 290 327 280 301 318 330 312 315 285 328 288 297 324 282 293 298 329 316 306 292 307 325 308 295 333 281 319 294 334 286 303 289 309 296 317 313 323 287 304 284 390 348 365 384 353 374 359 369 385 340 352 380 363 375 360 381 377 386 343 368 341 373 356 382 347 391 336 364 351 376 361 378 342 387 345 388 339 370 344 362 350 379 349 366 338 389 371 358 354 383 357 372 355 337 367 346 411 423 405 428 443 417 438 433 439 406 397 416 444 422 447 420 435 419 394 431 403 424 445 398 436 407 399 432 437 415 427 446 404 412 392 414 440 402 425 441 393 408 409 396 442 429 401 426 413 400 430 418 395 410 434 421 475 502 487 456 491 464 481 492 486 503 469 454 480 465 457 494 482 452 474 497 484 468 483 460 498 478 451 495 488 466 496 449 500 470 455 501 479 448 490 467 461 471 477 499 472 459 489 462 450 473 453 476 463 493 458 485
20 22 30 38 46 54 12 31 48 4 49 26 37 17 39 25 50 5 7 34 45 47 53 33 8 6 14 36 55 44 11 41 16 0 21 13 28 52 19 43 24 1 15 2 35 10 27 51 32 23 40 3 42 18 29 9 107 65 73 81 89 97 99 96 110 90 101 70 59 79 104 87 68 92 109 77 60 106 61 95 76 100 67 84 64 91 62 103 78 108 75 72 83 98 56 111 86 66 80 74 85 105 57 69 94 88 102 82 93 63 58 71 136 167 148 125 157 130 142 159 153 165 138 113 140 128 122 154 144 114 139 162 152 131 149 119 166 141 118 158 150 132 155 117 161 135 123 163 145 115 160 127 121 133 146 164 137 120 147 129 112 134 116 143 126 156 124 151 200 206 188 211 176 221 194 223 192 212 186 202 170 203 197 173 207 189 220 181 215 179 217 216 208 171 198 183 195 213 222 175 187 204 169 214 191 180 218 174 182 199 184 209 196 172 219 190 178 205 185 168 201 177 210 193 264 258 270 247 274 233 242 244 266 256 276 250 261 227 269 249 224 265 234 273 257 260 230 279 271 252 241 232 236 238 246 275 272 228 262 254 277 226 243 231 251 267 278 255 263 237 239 225 245 248 268 235 259 229 240 253 328 306 317 334 311 295 290 303 284 329 320 297 314 325 312 332 292 322 286 304 316 333 313 321 280 324 291 294 323 281 289 300 335 315 305 293 301 326 309 296 331 285 318 298 330 283 307 287 310 299 319 308 327 288 302 282 387 347 370 381 355 375 358 367 389 341 350 384 361 373 363 383 371 391 345 365 339 376 353 379 349 385 337 368 354 377 357 380 336 388 348 386 338 369 346 359 356 378 344 364 342 390 372 360 352 382 362 374 351 340 366 343 408 421 404 429 445 419 439 431 437 410 398 413 443 425 446 426 438 414 397 430 399 422 447 396 434 412 402 428 440 417 432 442 400 406 394 418 436 405 420 444 392 409 407 395 441 433 403 423 415 401 427 416 393 411 435 424 472 503 484 461 493 466 478 495 489 501 474 449 476 464 458 490 480 450 475 498 488 467 485 455 502 477 454 494 486 468 491 453 497 471 459 499 481 451 496 463 457 469 482 500 473 456 483 465 448 470 452 479 462 492 460 487
21 28 35 42 49 7 14 50 36 29 15 0 22 43 8 51 44 37 23 1 30 16 38 9 52 45 31 2 24 3 46 17 10 53 39 32 47 4 54 25 18 11 40 19 55 5 12 33 26 48 34 27 13 6 20 41 98 105 63 70 77 84 91 71 78 99 56 106 92 85 79 93 86 107 57 64 100 87 108 101 94 65 58 72 95 80 66 109 102 73 59 103 60 88 74 67 110 81 111 89 61 96 82 75 68 69 76 97 62 104 90 83 147 140 154 133 126 161 119 141 112 127 162 155 134 148 156 163 113 120 142 149 135 121 143 150 157 164 128 114 165 158 136 151 122 115 129 137 130 166 123 116 144 159 152 117 124 167 131 138 145 132 139 160 146 153 118 125 210 175 203 217 196 189 182 204 211 168 190 183 218 197 191 198 219 205 212 169 176 220 184 199 170 177 206 213 178 207 171 214 221 185 192 186 222 193 200 215 179 172 201 194 223 187 180 173 208 216 174 209 181 188 195 202 273 245 231 266 238 259 252 267 260 274 224 253 246 239 275 225 268 232 247 254 261 255 262 233 240 269 276 226 241 248 277 263 227 234 270 235 271 256 228 278 242 249 250 243 229 257 264 279 236 265 258 272 244 251 237 230 294 315 308 287 329 301 322 330 302 323 295 280 316 309 324 317 331 303 310 288 281 296 282 325 332 289 311 318 319 326 283 290 304 333 297 305 312 334 298 327 284 291 292 335 313 320 285 299 306 314 307 293 286 321 328 300 357 385 378 371 343 350 364 351 372 365 386 358 336 379 373 366 344 337 380 387 359 388 381 338 352 367 374 345 360 339 382 389 353 346 375 383 390 361 340 347 368 354 369 376 348 355 362 391 341 349 356 370 377 384 342 363 420 427 406 441 434 399 413 414 442 435 428 407 421 392 400 415 429 436 443 393 422 437 430 423 401 394 444 408 409 445 402 395 416 431 438 424 396 439 446 410 417 403 447 411 418 425 397 404 432 433 440 398 405 419 426 412 483 476 490 469 462 497 455 477 448 463 498 491 470 484 492 499 449 456 478 485 471 457 479 486 493 500 464 450 501 494 472 487 458 451 465 473 466 502 459 452 480 495 488 453 460 503 467 474 481 468 475 496 482 489 454 461
22 30 38 46 54 12 20 49 37 31 17 4 26 48 7 50 45 39 25 5 34 14 36 8 53 47 33 6 21 0 44 16 11 55 41 28 43 1 52 24 19 13 35 15 51 2 10 32 27 42 29 23 9 3 18 40 99 107 65 73 81 89 97 70 79 101 59 110 96 90 77 92 87 109 60 68 104 84 106 100 95 67 61 76 91 78 64 108 103 75 62 98 56 86 72 66 111 83 105 85 57 94 80 74 69 63 71 93 58 102 88 82 148 142 157 136 130 167 125 140 113 128 165 159 138 153 154 162 114 122 144 152 139 119 141 149 158 166 131 118 161 155 135 150 123 117 132 133 127 163 121 115 145 160 147 112 120 164 129 137 146 126 134 156 143 151 116 124 211 176 206 221 200 194 188 203 212 170 192 186 223 202 189 197 220 207 215 173 181 217 183 198 171 179 208 216 175 204 169 213 222 187 195 182 218 191 199 214 180 174 196 190 219 184 178 172 209 210 168 205 177 185 193 201 274 247 233 270 242 264 258 266 261 276 227 256 250 244 273 224 269 234 249 257 265 252 260 232 241 271 279 230 238 246 275 262 228 236 272 231 267 254 226 277 243 251 245 239 225 255 263 278 237 259 253 268 240 248 235 229 295 317 311 290 334 306 328 329 303 325 297 284 320 314 322 316 332 304 312 292 286 294 280 324 333 291 313 321 315 323 281 289 305 335 300 301 309 331 296 326 285 293 287 330 310 318 283 298 307 308 302 288 282 319 327 299 358 387 381 375 347 355 370 350 373 367 389 361 341 384 371 365 345 339 383 391 363 385 379 337 353 368 376 349 357 336 380 388 354 348 377 378 386 359 338 346 369 356 364 372 344 352 360 390 342 343 351 366 374 382 340 362 421 429 408 445 439 404 419 413 443 437 431 410 425 398 399 414 430 438 446 397 426 434 428 422 402 396 447 412 406 442 400 394 417 432 440 420 392 436 444 409 418 405 441 407 415 423 395 403 433 427 435 393 401 416 424 411 484 478 493 472 466 503 461 476 449 464 501 495 474 489 490 498 450 458 480 488 475 455 477 485 494 502 467 454 497 491 471 486 459 453 468 469 463 499 457 451 481 496 483 448 456 500 465 473 482 462 470 492 479 487 452 460
23 31 39 47 55 13 15 53 40 28 20 2 25 44 11 52 48 35 22 3 33 19 41 10 50 42 30 4 27 5 43 18 8 49 38 29 46 6 51 26 16 7 37 14 54 0 9 34 24 45 32 21 12 1 17 36 104 106 64 72 80 88 96 74 83 102 61 107 91 87 82 95 85 110 62 65 98 90 105 103 93 68 56 73 92 81 63 111 101 76 57 100 58 89 70 69 109 78 108 86 59 97 77 71 67 66 75 94 60 99 84 79 150 146 159 134 131 163 122 145 116 132 164 154 136 149 155 167 115 119 143 153 137 120 144 148 160 165 126 117 166 156 138 147 125 114 127 139 129 161 124 113 141 157 151 118 121 162 130 135 140 128 133 158 142 152 112 123 214 179 205 223 197 195 184 209 213 173 191 185 217 200 192 196 222 206 216 168 180 218 188 201 172 175 207 212 177 208 174 211 219 186 189 187 220 190 202 210 176 171 198 193 221 182 181 170 204 215 169 203 178 183 194 199 278 248 236 269 244 260 254 268 264 277 230 255 249 238 279 226 266 235 246 258 263 256 259 237 243 270 275 224 239 247 276 265 229 231 271 234 272 252 225 274 240 250 251 241 228 253 261 273 233 262 257 267 242 245 232 227 299 318 312 293 333 303 323 332 301 328 298 281 319 313 326 321 330 306 308 289 284 300 283 327 329 292 309 317 320 322 280 288 307 334 296 302 311 335 297 324 286 287 291 331 314 315 282 295 304 310 305 290 285 316 325 294 363 386 382 376 344 354 367 353 377 364 387 362 338 383 374 369 347 342 379 389 357 390 380 341 351 370 371 346 359 340 381 391 350 349 372 384 385 360 336 345 366 355 365 375 343 356 361 388 337 348 352 368 373 378 339 358 422 431 407 446 440 401 418 417 447 436 427 408 426 395 405 416 432 437 441 396 421 438 433 420 404 393 442 410 411 444 403 398 414 429 434 423 397 435 445 412 413 400 443 406 419 424 392 402 430 428 439 394 399 415 425 409 486 482 495 470 467 499 458 481 452 468 500 490 472 485 491 503 451 455 479 489 473 456 480 484 496 501 462 453 502 492 474 483 461 450 463 475 465 497 460 449 477 493 487 454 457 498 466 471 476 464 469 494 478 488 448 459
24 32 40 48 50 8 16 51 38 34 19 3 21 47 9 55 46 36 27 4 28 17 35 13 54 44 29 5 25 6 42 15 12 52 37 33 45 0 49 23 20 10 41 18 53 1 7 31 22 43 30 26 11 2 14 39 103 111 69 71 79 87 95 76 80 98 60 108 93 89 78 97 88 105 61 66 101 86 109 99 96 63 62 74 94 82 67 107 104 70 56 102 57 90 75 65 106 77 110 84 58 92 83 73 64 68 72 91 59 100 85 81 152 141 156 137 132 165 121 143 117 130 163 158 139 147 160 166 112 124 140 150 136 123 146 151 154 167 127 113 162 157 133 153 120 116 131 138 126 164 122 118 142 155 149 115 125 161 128 134 144 129 135 159 145 148 114 119 216 178 204 220 201 191 186 207 210 174 194 184 222 198 193 199 223 209 211 171 175 219 187 200 168 181 203 214 180 205 170 215 217 188 190 183 221 195 196 212 177 173 202 189 218 185 179 169 206 213 172 208 176 182 192 197 275 250 235 267 241 265 255 271 262 273 225 258 248 243 277 229 272 233 245 256 260 257 263 231 244 268 274 228 240 251 278 264 224 232 266 237 269 253 227 279 238 247 246 242 230 254 259 276 234 261 252 270 239 249 236 226 296 319 314 292 330 305 324 335 307 326 294 282 317 312 325 315 334 302 313 293 283 298 286 323 331 290 308 320 321 327 285 287 303 332 295 304 310 329 299 328 280 289 288 333 311 316 284 300 301 309 306 291 281 318 322 297 360 388 383 373 349 351 369 356 376 366 390 357 339 381 372 370 348 338 382 385 361 389 378 340 355 365 377 344 362 337 384 386 352 347 371 380 391 358 342 343 367 353 368 374 346 350 363 387 336 345 354 364 375 379 341 359 424 433 409 447 437 400 414 415 445 440 430 411 420 396 402 418 427 439 442 398 423 435 429 425 405 395 446 406 410 441 401 397 419 428 436 426 394 434 443 407 416 404 444 412 417 421 393 399 431 432 438 392 403 413 422 408 488 477 492 473 468 501 457 479 453 466 499 494 475 483 496 502 448 460 476 486 472 459 482 487 490 503 463 449 498 493 469 489 456 452 467 474 462 500 458 454 478 491 485 451 461 497 464 470 480 465 471 495 481 484 450 455
25 33 41 43 51 9 17 55 35 30 18 6 24 45 13 53 42 38 26 0 32 15 40 11 49 46 34 1 23 2 48 19 7 54 36 31 44 3 50 27 14 12 39 20 52 4 8 29 21 47 28 22 10 5 16 37 102 110 68 76 78 86 94 72 82 103 57 109 97 84 80 91 90 111 58 67 99 88 107 98 92 69 59 75 96 83 65 105 100 71 60 104 61 85 73 63 108 79 106 87 62 93 81 70 66 64 74 95 56 101 89 77 149 143 160 138 129 162 123 146 115 126 166 157 135 152 159 164 117 125 141 151 133 122 145 153 156 161 130 112 163 154 137 148 124 118 128 134 132 167 120 114 140 158 150 116 119 165 127 139 142 131 136 155 144 147 113 121 213 180 207 219 202 193 183 205 216 172 189 187 221 199 195 200 218 208 210 170 178 223 185 196 174 176 204 215 179 209 168 212 220 182 194 184 217 192 201 211 181 169 197 191 222 188 177 171 203 214 173 206 175 186 190 198 277 246 237 271 240 261 257 269 263 275 229 252 251 242 278 230 270 231 250 253 262 254 264 235 239 272 273 227 244 249 279 259 225 233 267 236 268 258 224 276 241 245 248 238 226 256 265 274 232 260 255 266 243 247 234 228 298 321 309 288 335 304 325 333 306 327 296 286 315 310 323 319 329 307 311 291 285 299 281 326 334 287 314 316 318 328 284 292 302 331 294 303 313 330 300 322 282 290 293 332 308 317 280 297 305 312 301 289 283 320 324 295 362 389 380 372 345 356 368 354 374 370 391 360 337 378 376 364 346 340 384 388 358 386 383 342 350 366 375 348 363 338 379 390 355 343 373 382 387 357 341 349 365 352 367 377 347 351 359 385 339 344 353 369 371 381 336 361 426 432 410 444 435 402 415 418 441 438 429 412 424 394 401 417 433 434 445 392 425 440 427 421 403 397 443 409 407 447 405 393 413 430 439 422 395 437 442 411 419 399 446 408 416 420 398 400 428 431 436 396 404 414 423 406 485 479 496 474 465 498 459 482 451 462 502 493 471 488 495 500 453 461 477 487 469 458 481 489 492 497 466 448 499 490 473 484 460 454 464 470 468 503 456 450 476 494 486 452 455 501 463 475 478 467 472 491 480 483 449 457
26 34 36 44 52 10 18 54 39 33 16 1 27 42 12 49 47 41 24 2 29 20 37 7 55 43 32 3 22 4 45 14 13 51 40 30 48 5 53 21 15 9 38 17 50 6 11 28 23 46 31 25 8 0 19 35 101 109 67 75 83 85 93 73 77 100 62 111 94 88 81 96 84 108 56 69 102 89 110 104 91 66 57 71 97 79 68 106 98 74 58 99 59 87 76 64 105 82 107 90 60 95 78 72 63 65 70 92 61 103 86 80 153 144 158 135 127 164 124 142 114 131 161 160 137 151 157 165 118 123 145 147 134 125 140 152 155 163 129 116 167 159 139 149 121 112 126 136 128 162 119 117 146 156 148 113 122 166 132 133 143 130 138 154 141 150 115 120 212 181 208 222 199 190 185 206 215 171 195 182 219 201 194 202 217 204 214 172 177 221 186 197 169 180 209 210 176 203 173 216 218 184 193 188 223 189 198 213 178 168 200 192 220 183 175 174 205 211 170 207 179 187 191 196 276 249 232 272 243 263 253 270 265 279 228 254 245 240 274 227 271 236 251 255 259 258 261 234 238 267 278 229 242 250 273 260 226 237 268 233 266 257 230 275 239 248 247 244 224 252 262 277 235 264 256 269 241 246 231 225 297 316 313 289 331 307 327 334 304 324 300 285 318 308 328 320 333 305 309 287 282 295 284 322 335 293 310 319 317 325 286 291 301 330 299 306 314 332 294 323 283 288 290 329 312 321 281 296 302 311 303 292 280 315 326 298 361 391 379 377 346 352 366 355 371 368 388 359 342 382 375 367 349 336 378 390 362 387 384 339 354 369 372 343 358 341 383 385 356 344 374 381 389 363 337 348 364 351 370 373 345 353 357 386 340 347 350 365 376 380 338 360 425 430 412 442 436 403 416 419 446 434 432 409 423 393 404 413 428 440 444 395 424 439 431 426 400 392 441 411 408 443 399 396 418 433 435 421 398 438 447 406 415 401 445 410 414 422 394 405 427 429 437 397 402 417 420 407 489 480 494 471 463 500 460 478 450 467 497 496 473 487 493 501 454 459 481 483 470 461 476 488 491 499 465 452 503 495 475 485 457 448 462 472 464 498 455 453 482 492 484 449 458 502 468 469 479 466 474 490 477 486 451 456
27 29 37 45 53 11 19 52 41 32 14 5 23 46 10 54 43 40 21 6 31 18 39 12 51 48 28 0 26 1 47 20 9 50 35 34 42 2 55 22 17 8 36 16 49 3 13 30 25 44 33 24 7 4 15 38 100 108 66 74 82 90 92 75 81 104 58 105 95 86 83 94 89 106 59 63 103 85 111 102 97 64 60 70 93 77 69 110 99 72 61 101 62 84 71 68 107 80 109 88 56 91 79 76 65 67 73 96 57 98 87 78 151 145 155 139 128 166 120 144 118 129 167 156 133 150 158 161 116 121 146 148 138 124 142 147 159 162 132 115 164 160 134 152 119 113 130 135 131 165 125 112 143 154 153 114 123 163 126 136 141 127 137 157 140 149 117 122 215 177 209 218 198 192 187 208 214 169 193 188 220 196 190 201 221 203 213 174 179 222 182 202 173 178 205 211 181 206 172 210 223 183 191 185 219 194 197 216 175 170 199 195 217 186 176 168 207 212 171 204 180 184 189 200 279 251 234 268 239 262 256 272 259 278 226 257 247 241 276 228 267 237 248 252 264 253 265 236 242 266 277 225 243 245 274 261 230 235 269 232 270 255 229 273 244 246 249 240 227 258 260 275 231 263 254 271 238 250 233 224 300 320 310 291 332 302 326 331 305 322 299 283 321 311 327 318 335 301 314 290 280 297 285 328 330 288 312 315 316 324 282 293 306 329 298 307 308 333 295 325 281 292 289 334 309 319 286 294 303 313 304 287 284 317 323 296 359 390 384 374 348 353 365 352 375 369 385 363 340 380 377 368 343 341 381 386 360 391 382 336 356 364 373 347 361 342 378 387 351 345 376 379 388 362 339 344 370 350 366 371 349 354 358 389 338 346 355 367 372 383 337 357 423 428 411 443 438 405 417 416 444 439 433 406 422 397 403 419 431 435 447 394 420 436 432 424 399 398 445 407 412 446 404 392 415 427 437 425 393 440 441 408 414 402 442 409 413 426 396 401 429 430 434 395 400 418 421 410 487 481 491 475 464 502 456 480 454 465 503 492 469 486 494 497 452 457 482 484 474 460 478 483 495 498 468 451 500 496 470 488 455 449 466 471 467 501 461 448 479 490 489 450 459 499 462 472 477 463 473 493 476 485 453 458
28 35 42 49 7 14 21 15 22 50 43 29 0 36 23 44 30 8 51 37 1 31 2 52 38 16 9 45 39 53 3 10 46 24 17 47 25 11 4 18 54 32 55 40 33 19 5 26 12 13 20 48 41 27 6 34 91 98 105 63 70 77 84 106 85 56 92 78 71 99 64 107 93 57 100 86 79 72 87 65 101 58 108 94 80 102 95 73 109 59 66 88 74 110 103 81 67 60 96 61 82 68 111 89 75 104 83 62 90 76 69 97 154 119 126 147 161 140 133 134 155 148 127 141 162 112 163 149 120 156 113 135 142 150 164 143 114 157 121 128 122 136 115 165 129 151 158 159 116 137 144 166 130 123 131 145 167 117 138 124 152 146 132 153 160 125 139 118 217 196 175 189 210 182 203 197 168 218 211 190 204 183 205 191 212 219 176 198 169 184 213 206 177 220 170 199 214 185 192 207 171 221 178 179 200 222 172 186 193 215 223 173 180 201 208 187 194 195 209 216 188 174 202 181 238 266 259 231 252 273 245 260 246 224 239 274 253 267 254 268 275 247 225 261 232 269 255 226 276 240 233 262 248 277 263 270 234 241 227 278 249 235 256 271 228 242 236 264 279 243 229 250 257 244 230 258 237 265 272 251 301 308 329 322 287 315 294 323 330 309 280 302 295 316 303 281 317 288 324 331 310 318 332 289 296 311 282 325 333 319 326 283 297 304 290 312 298 284 327 334 291 305 299 313 306 292 320 335 285 293 328 321 300 307 286 314 364 357 371 350 385 343 378 386 379 351 372 336 365 358 344 387 380 359 366 337 373 367 338 374 381 345 388 352 382 353 389 346 360 375 339 354 383 347 390 340 361 368 376 362 369 341 391 355 348 363 377 342 370 349 384 356 427 441 420 434 413 406 399 407 421 442 414 435 392 428 422 436 393 429 400 443 415 401 408 437 444 423 430 394 431 395 416 438 445 402 409 446 417 396 410 403 424 439 418 447 432 404 411 397 425 440 426 405 433 398 412 419 490 455 462 483 497 476 469 470 491 484 463 477 498 448 499 485 456 492 449 471 478 486 500 479 450 493 457 464 458 472 451 501 465 487 494 495 452 473 480 502 466 459 467 481 503 453 474 460 488 482 468 489 496 461 475 454
29 37 45 53 11 19 27 14 23 52 46 32 5 41 21 43 31 10 54 40 6 28 0 51 39 18 12 48 35 50 1 9 47 26 20 42 22 8 2 17 55 34 49 36 30 16 3 25 13 7 15 44 38 24 4 33 92 100 108 66 74 82 90 105 86 58 95 81 75 104 63 106 94 59 103 89 83 70 85 64 102 60 111 97 77 99 93 72 110 61 69 84 71 107 101 80 68 62 91 56 79 65 109 88 76 98 78 57 87 73 67 96 155 120 128 151 166 145 139 133 156 150 129 144 167 118 161 148 121 158 116 138 146 147 162 142 115 159 124 132 119 134 113 164 130 152 160 154 112 135 143 165 131 125 126 141 163 114 136 123 153 140 127 149 157 122 137 117 218 198 177 192 215 187 209 196 169 220 214 193 208 188 203 190 213 221 179 201 174 182 211 205 178 222 173 202 210 183 191 206 172 223 181 175 197 219 170 185 194 216 217 168 176 199 207 186 195 189 204 212 184 171 200 180 239 268 262 234 256 279 251 259 247 226 241 278 257 272 252 267 276 248 228 264 237 266 253 225 277 242 236 265 245 274 261 269 235 243 230 273 246 232 255 270 229 244 231 260 275 240 227 249 258 238 224 254 233 263 271 250 302 310 332 326 291 320 300 322 331 311 283 305 299 321 301 280 318 290 327 335 314 315 330 288 297 312 285 328 329 316 324 282 298 306 293 308 295 281 325 333 292 307 294 309 303 289 319 334 286 287 323 317 296 304 284 313 365 359 374 353 390 348 384 385 380 352 375 340 369 363 343 386 381 360 368 341 377 364 336 373 382 347 391 356 378 351 387 345 361 376 342 350 379 344 388 339 362 370 371 358 366 338 389 354 349 357 372 337 367 346 383 355 428 443 423 438 417 411 405 406 422 444 416 439 397 433 420 435 394 431 403 447 419 399 407 436 445 424 432 398 427 392 415 437 446 404 412 441 414 393 408 402 425 440 413 442 429 401 409 396 426 434 421 400 430 395 410 418 491 456 464 487 502 481 475 469 492 486 465 480 503 454 497 484 457 494 452 474 482 483 498 478 451 495 460 468 455 470 449 500 466 488 496 490 448 471 479 501 467 461 462 477 499 450 472 459 489 476 463 485 493 458 473 453
30 38 46 54 12 20 22 17 26 49 48 31 4 37 25 45 34 7 50 39 5 33 6 53 36 14 8 47 41 55 0 11 44 21 16 43 24 13 1 19 52 28 51 35 32 15 2 27 10 9 18 42 40 23 3 29 97 99 107 65 73 81 89 110 90 59 96 79 70 101 68 109 92 60 104 87 77 76 84 67 100 61 106 95 78 103 91 75 108 62 64 86 72 111 98 83 66 56 94 57 80 69 105 85 74 102 82 58 88 71 63 93 157 125 130 148 167 142 136 138 159 153 128 140 165 113 162 152 122 154 114 139 144 149 166 141 118 158 119 131 123 135 117 161 132 150 155 160 115 133 145 163 127 121 129 146 164 112 137 120 147 143 126 151 156 124 134 116 221 200 176 194 211 188 206 202 170 223 212 192 203 186 207 189 215 220 181 197 173 183 216 208 179 217 171 198 213 187 195 204 169 222 175 180 199 218 174 182 191 214 219 172 178 196 209 184 190 193 205 210 185 168 201 177 242 270 264 233 258 274 247 261 250 227 244 276 256 266 257 269 273 249 224 265 234 271 252 230 279 241 232 260 246 275 262 272 236 238 228 277 251 231 254 267 226 243 237 263 278 239 225 245 255 240 229 253 235 259 268 248 306 311 334 328 290 317 295 325 329 314 284 303 297 320 304 286 316 292 322 332 312 321 333 291 294 313 280 324 335 315 323 281 300 305 289 309 296 285 326 331 293 301 298 310 307 287 318 330 283 288 327 319 299 302 282 308 370 358 375 355 387 347 381 389 384 350 373 341 367 361 345 391 383 363 365 339 371 368 337 376 379 349 385 353 380 354 388 348 357 377 336 356 378 346 386 338 359 369 372 360 364 342 390 352 344 362 374 340 366 343 382 351 429 445 421 439 419 408 404 410 425 443 413 437 398 431 426 438 397 430 399 446 414 402 412 434 447 422 428 396 432 394 417 440 442 400 406 444 418 392 409 405 420 436 415 441 433 403 407 395 423 435 424 401 427 393 411 416 493 461 466 484 503 478 472 474 495 489 464 476 501 449 498 488 458 490 450 475 480 485 502 477 454 494 455 467 459 471 453 497 468 486 491 496 451 469 481 499 463 457 465 482 500 448 473 456 483 479 462 487 492 460 470 452
31 39 47 55 13 15 23 20 25 53 44 28 2 40 22 48 33 11 52 35 3 30 4 50 41 19 10 42 38 49 5 8 43 27 18 46 26 7 6 16 51 29 54 37 34 14 0 24 9 12 17 45 36 21 1 32 96 104 106 64 72 80 88 107 87 61 91 83 74 102 65 110 95 62 98 85 82 73 90 68 103 56 105 93 81 101 92 76 111 57 63 89 70 109 100 78 69 58 97 59 77 67 108 86 71 99 79 60 84 75 66 94 159 122 131 150 163 146 134 136 154 149 132 145 164 116 167 153 119 155 115 137 143 148 165 144 117 160 120 126 125 138 114 166 127 147 156 157 113 139 141 161 129 124 130 140 162 118 135 121 151 142 128 152 158 123 133 112 223 197 179 195 214 184 205 200 173 217 213 191 209 185 206 192 216 222 180 196 168 188 212 207 175 218 172 201 211 186 189 208 174 219 177 176 202 220 171 187 190 210 221 170 181 198 204 182 193 194 203 215 183 169 199 178 244 269 260 236 254 278 248 264 249 230 238 277 255 268 258 266 279 246 226 263 235 270 256 224 275 243 237 259 247 276 265 271 231 239 229 274 250 234 252 272 225 240 233 261 273 241 228 251 253 242 227 257 232 262 267 245 303 312 333 323 293 318 299 328 332 313 281 301 298 319 306 284 321 289 326 330 308 317 329 292 300 309 283 327 334 320 322 280 296 307 288 311 297 286 324 335 287 302 295 314 304 291 315 331 282 290 325 316 294 305 285 310 367 363 376 354 386 344 382 387 383 353 377 338 364 362 347 389 379 357 369 342 374 370 341 371 380 346 390 351 381 350 391 349 359 372 340 355 384 345 385 336 360 366 375 361 365 337 388 356 343 358 373 339 368 348 378 352 431 446 422 440 418 407 401 408 426 447 417 436 395 427 421 437 396 432 405 441 416 404 410 438 442 420 433 393 429 398 414 434 444 403 411 445 413 397 412 400 423 435 419 443 430 402 406 392 424 439 425 399 428 394 409 415 495 458 467 486 499 482 470 472 490 485 468 481 500 452 503 489 455 491 451 473 479 484 501 480 453 496 456 462 461 474 450 502 463 483 492 493 449 475 477 497 465 460 466 476 498 454 471 457 487 478 464 488 494 459 469 448
32 40 48 50 8 16 24 19 21 51 47 34 3 38 27 46 28 9 55 36 4 29 5 54 35 17 13 44 37 52 6 12 42 25 15 45 23 10 0 20 49 33 53 41 31 18 1 22 7 11 14 43 39 26 2 30 95 103 111 69 71 79 87 108 89 60 93 80 76 98 66 105 97 61 101 88 78 74 86 63 99 62 109 96 82 104 94 70 107 56 67 90 75 106 102 77 65 57 92 58 83 64 110 84 73 100 81 59 85 72 68 91 156 121 132 152 165 141 137 139 158 147 130 143 163 117 166 150 124 160 112 136 140 151 167 146 113 154 123 127 120 133 116 162 131 153 157 155 118 138 142 164 126 122 128 144 161 115 134 125 149 145 129 148 159 119 135 114 220 201 178 191 216 186 204 198 174 222 210 194 207 184 209 193 211 223 175 199 171 187 214 203 181 219 168 200 215 188 190 205 170 217 180 177 196 221 173 183 195 212 218 169 179 202 206 185 189 192 208 213 182 172 197 176 241 267 265 235 255 275 250 262 248 225 243 273 258 271 256 272 277 245 229 260 233 268 257 228 274 244 231 263 251 278 264 266 232 240 224 279 247 237 253 269 227 238 234 259 276 242 230 246 254 239 226 252 236 261 270 249 305 314 330 324 292 319 296 326 335 312 282 307 294 317 302 283 315 293 325 334 313 320 331 290 298 308 286 323 332 321 327 285 295 303 287 310 299 280 328 329 289 304 300 311 301 288 316 333 284 291 322 318 297 306 281 309 369 360 373 351 388 349 383 390 381 356 376 339 366 357 348 385 382 361 370 338 372 365 340 377 378 344 389 355 384 352 386 347 362 371 337 353 380 343 391 342 358 367 374 363 368 336 387 350 346 359 375 341 364 345 379 354 433 447 424 437 414 409 400 411 420 445 415 440 396 430 423 439 398 427 402 442 418 405 406 435 446 425 429 395 428 397 419 436 441 401 410 443 416 394 407 404 426 434 417 444 431 399 412 393 421 438 422 403 432 392 408 413 492 457 468 488 501 477 473 475 494 483 466 479 499 453 502 486 460 496 448 472 476 487 503 482 449 490 459 463 456 469 452 498 467 489 493 491 454 474 478 500 462 458 464 480 497 451 470 461 485 481 465 484 495 455 471 450
33 41 43 51 9 17 25 18 24 55 45 30 6 35 26 42 32 13 53 38 0 34 1 49 40 15 11 46 36 54 2 7 48 23 19 44 27 12 3 14 50 31 52 39 29 20 4 21 8 10 16 47 37 22 5 28 94 102 110 68 76 78 86 109 84 57 97 82 72 103 67 111 91 58 99 90 80 75 88 69 98 59 107 92 83 100 96 71 105 60 65 85 73 108 104 79 63 61 93 62 81 66 106 87 70 101 77 56 89 74 64 95 160 123 129 149 162 143 138 135 157 152 126 146 166 115 164 151 125 159 117 133 141 153 161 145 112 156 122 130 124 137 118 163 128 148 154 158 114 134 140 167 132 120 127 142 165 116 139 119 150 144 131 147 155 121 136 113 219 202 180 193 213 183 207 199 172 221 216 189 205 187 208 195 210 218 178 200 170 185 215 204 176 223 174 196 212 182 194 209 168 220 179 181 201 217 169 184 192 211 222 171 177 197 203 188 191 190 206 214 186 173 198 175 240 271 261 237 257 277 246 263 251 229 242 275 252 269 253 270 278 250 230 262 231 272 254 227 273 239 235 264 249 279 259 267 233 244 225 276 245 236 258 268 224 241 232 265 274 238 226 248 256 243 228 255 234 260 266 247 304 309 335 325 288 321 298 327 333 310 286 306 296 315 307 285 319 291 323 329 311 316 334 287 299 314 281 326 331 318 328 284 294 302 292 313 300 282 322 330 290 303 297 308 305 293 317 332 280 289 324 320 295 301 283 312 368 362 372 356 389 345 380 391 378 354 374 337 370 360 346 388 384 358 364 340 376 366 342 375 383 348 386 350 379 355 390 343 363 373 338 352 382 349 387 341 357 365 377 359 367 339 385 351 347 361 371 336 369 344 381 353 432 444 426 435 415 410 402 412 424 441 418 438 394 429 425 434 392 433 401 445 417 403 409 440 443 421 427 397 430 393 413 439 447 405 407 442 419 395 411 399 422 437 416 446 428 400 408 398 420 436 423 404 431 396 406 414 496 459 465 485 498 479 474 471 493 488 462 482 502 451 500 487 461 495 453 469 477 489 497 481 448 492 458 466 460 473 454 499 464 484 490 494 450 470 476 503 468 456 463 478 501 452 475 455 486 480 467 483 491 457 472 449
34 36 44 52 10 18 26 16 27 54 42 33 1 39 24 47 29 12 49 41 2 32 3 55 37 20 7 43 40 51 4 13 45 22 14 48 21 9 5 15 53 30 50 38 28 17 6 23 11 8 19 46 35 25 0 31 93 101 109 67 75 83 85 111 88 62 94 77 73 100 69 108 96 56 102 84 81 71 89 66 104 57 110 91 79 98 97 74 106 58 68 87 76 105 99 82 64 59 95 60 78 63 107 90 72 103 80 61 86 70 65 92 158 124 127 153 164 144 135 137 160 151 131 142 161 114 165 147 123 157 118 134 145 152 163 140 116 155 125 129 121 139 112 167 126 149 159 156 117 136 146 162 128 119 132 143 166 113 133 122 148 141 130 150 154 120 138 115 222 199 181 190 212 185 208 201 171 219 215 195 206 182 204 194 214 217 177 202 172 186 210 209 180 221 169 197 216 184 193 203 173 218 176 178 198 223 168 188 189 213 220 174 175 200 205 183 192 191 207 211 187 170 196 179 243 272 263 232 253 276 249 265 245 228 240 279 254 270 255 271 274 251 227 259 236 267 258 229 278 238 234 261 250 273 260 268 237 242 226 275 248 233 257 266 230 239 235 262 277 244 224 247 252 241 225 256 231 264 269 246 307 313 331 327 289 316 297 324 334 308 285 304 300 318 305 282 320 287 328 333 309 319 335 293 295 310 284 322 330 317 325 286 299 301 291 314 294 283 323 332 288 306 296 312 302 290 321 329 281 292 326 315 298 303 280 311 366 361 377 352 391 346 379 388 382 355 371 342 368 359 349 390 378 362 367 336 375 369 339 372 384 343 387 354 383 356 385 344 358 374 341 351 381 348 389 337 363 364 373 357 370 340 386 353 345 360 376 338 365 347 380 350 430 442 425 436 416 412 403 409 423 446 419 434 393 432 424 440 395 428 404 444 413 400 411 439 441 426 431 392 433 396 418 435 443 399 408 447 415 398 406 401 421 438 414 445 427 405 410 394 422 437 420 402 429 397 407 417 494 460 463 489 500 480 471 473 496 487 467 478 497 450 501 483 459 493 454 470 481 488 499 476 452 491 461 465 457 475 448 503 462 485 495 492 453 472 482 498 464 455 468 479 502 449 469 458 484 477 466 486 490 456 474 451
35 42 49 7 14 21 28 43 0 15 36 50 29 22 51 30 1 23 44 8 37 9 45 38 2 31 52 16 17 24 53 46 3 39 10 25 18 32 11 54 4 47 33 55 26 40 19 12 5 41 6 13 34 48 27 20 84 91 98 105 63 70 77 78 99 92 71 85 106 56 86 57 107 100 79 93 64 94 72 58 65 108 87 101 102 109 80 59 73 66 95 110 103 67 88 60 81 74 68 82 111 75 96 61 89 76 97 90 69 83 104 62 126 133 161 154 140 119 147 162 141 112 148 134 127 155 149 135 156 163 120 142 113 143 157 164 128 114 150 121 129 115 151 122 158 165 136 123 166 159 130 137 116 144 138 152 117 145 124 167 131 160 146 125 153 118 132 139 189 210 196 182 217 203 175 183 218 204 168 211 197 190 219 205 176 212 169 191 198 213 199 170 220 184 177 206 207 221 178 185 192 171 214 193 172 200 215 179 222 186 180 187 208 223 194 201 173 202 216 195 174 209 181 188 252 231 273 259 245 238 266 246 253 239 267 224 274 260 261 275 254 225 268 232 247 240 269 262 233 276 226 255 277 263 270 227 241 248 234 271 242 278 235 249 256 228 257 229 250 264 279 236 243 237 251 230 272 244 258 265 315 329 287 294 322 308 301 309 323 316 302 330 280 295 288 310 281 331 303 317 324 325 296 311 318 282 332 289 304 333 319 326 290 297 283 298 327 291 334 284 305 312 335 306 285 299 292 313 320 321 286 307 314 328 300 293 378 364 350 343 357 385 371 372 358 386 379 365 351 336 380 337 366 373 387 359 344 345 374 388 338 352 367 381 389 360 346 375 382 339 353 368 354 340 383 390 347 361 362 391 376 348 355 341 369 356 370 384 342 363 349 377 441 434 427 413 399 420 406 435 392 421 407 442 428 414 415 429 443 393 422 400 436 444 394 401 430 437 408 423 402 438 445 409 395 416 431 410 424 417 403 439 446 396 432 418 425 397 447 411 404 426 412 433 440 405 419 398 462 469 497 490 476 455 483 498 477 448 484 470 463 491 485 471 492 499 456 478 449 479 493 500 464 450 486 457 465 451 487 458 494 501 472 459 502 495 466 473 452 480 474 488 453 481 460 503 467 496 482 461 489 454 468 475
36 44 52 10 18 26 34 42 1 16 39 54 33 27 49 29 2 24 47 12 41 7 43 37 3 32 55 20 14 22 51 45 4 40 13 21 15 30 9 53 5 48 28 50 23 38 17 11 6 35 0 8 31 46 25 19 85 93 101 109 67 75 83 77 100 94 73 88 111 62 84 56 108 102 81 96 69 91 71 57 66 110 89 104 98 106 79 58 74 68 97 105 99 64 87 59 82 76 63 78 107 72 95 60 90 70 92 86 65 80 103 61 127 135 164 158 144 124 153 161 142 114 151 137 131 160 147 134 157 165 123 145 118 140 155 163 129 116 152 125 126 112 149 121 159 167 139 119 162 156 128 136 117 146 133 148 113 143 122 166 132 154 141 120 150 115 130 138 190 212 199 185 222 208 181 182 219 206 171 215 201 195 217 204 177 214 172 194 202 210 197 169 221 186 180 209 203 218 176 184 193 173 216 189 168 198 213 178 223 188 175 183 205 220 192 200 174 196 211 191 170 207 179 187 253 232 276 263 249 243 272 245 254 240 270 228 279 265 259 274 255 227 271 236 251 238 267 261 234 278 229 258 273 260 268 226 242 250 237 266 239 275 233 248 257 230 252 224 247 262 277 235 244 231 246 225 269 241 256 264 316 331 289 297 327 313 307 308 324 318 304 334 285 300 287 309 282 333 305 320 328 322 295 310 319 284 335 293 301 330 317 325 291 299 286 294 323 288 332 283 306 314 329 302 281 296 290 312 321 315 280 303 311 326 298 292 379 366 352 346 361 391 377 371 359 388 382 368 355 342 378 336 367 375 390 362 349 343 372 387 339 354 369 384 385 358 344 374 383 341 356 364 351 337 381 389 348 363 357 386 373 345 353 340 370 350 365 380 338 360 347 376 442 436 430 416 403 425 412 434 393 423 409 446 432 419 413 428 444 395 424 404 440 441 392 400 431 439 411 426 399 435 443 408 396 418 433 406 421 415 401 438 447 398 427 414 422 394 445 410 405 420 407 429 437 402 417 397 463 471 500 494 480 460 489 497 478 450 487 473 467 496 483 470 493 501 459 481 454 476 491 499 465 452 488 461 462 448 485 457 495 503 475 455 498 492 464 472 453 482 469 484 449 479 458 502 468 490 477 456 486 451 466 474
37 45 53 11 19 27 29 46 5 14 41 52 32 23 54 31 6 21 43 10 40 12 48 39 0 28 51 18 20 26 50 47 1 35 9 22 17 34 8 55 2 42 30 49 25 36 16 13 3 38 4 7 33 44 24 15 90 92 100 108 66 74 82 81 104 95 75 86 105 58 89 59 106 103 83 94 63 97 70 60 64 111 85 102 99 110 77 61 72 69 93 107 101 68 84 62 80 71 65 79 109 76 91 56 88 73 96 87 67 78 98 57 128 139 166 155 145 120 151 167 144 118 150 133 129 156 148 138 158 161 121 146 116 142 159 162 132 115 147 124 130 113 152 119 160 164 134 125 165 154 131 135 112 143 136 153 114 141 123 163 126 157 140 122 149 117 127 137 192 215 198 187 218 209 177 188 220 208 169 214 196 193 221 203 179 213 174 190 201 211 202 173 222 182 178 205 206 223 181 183 191 172 210 194 170 197 216 175 219 185 176 186 207 217 195 199 168 200 212 189 171 204 180 184 256 234 279 262 251 239 268 247 257 241 272 226 278 259 264 276 252 228 267 237 248 242 266 265 236 277 225 253 274 261 269 230 243 245 235 270 244 273 232 246 255 229 258 227 249 260 275 231 240 233 250 224 271 238 254 263 320 332 291 300 326 310 302 311 322 321 305 331 283 299 290 314 280 335 301 318 327 328 297 312 315 285 330 288 306 329 316 324 293 298 282 295 325 292 333 281 307 308 334 303 286 294 289 309 319 317 284 304 313 323 296 287 384 365 353 348 359 390 374 375 363 385 380 369 352 340 381 341 368 377 386 360 343 347 373 391 336 356 364 382 387 361 345 376 378 342 351 370 350 339 379 388 344 362 358 389 371 349 354 338 366 355 367 383 337 357 346 372 443 438 428 417 405 423 411 439 397 422 406 444 433 416 419 431 447 394 420 403 435 445 398 399 432 436 407 424 404 437 446 412 392 415 427 408 425 414 402 440 441 393 429 413 426 396 442 409 401 421 410 430 434 400 418 395 464 475 502 491 481 456 487 503 480 454 486 469 465 492 484 474 494 497 457 482 452 478 495 498 468 451 483 460 466 449 488 455 496 500 470 461 501 490 467 471 448 479 472 489 450 477 459 499 462 493 476 458 485 453 463 473
38 46 54 12 20 22 30 48 4 17 37 49 31 26 50 34 5 25 45 7 39 8 47 36 6 33 53 14 16 21 55 44 0 41 11 24 19 28 13 52 1 43 32 51 27 35 15 10 2 40 3 9 29 42 23 18 89 97 99 107 65 73 81 79 101 96 70 90 110 59 87 60 109 104 77 92 68 95 76 61 67 106 84 100 103 108 78 62 75 64 91 111 98 66 86 56 83 72 69 80 105 74 94 57 85 71 93 88 63 82 102 58 130 136 167 157 142 125 148 165 140 113 153 138 128 159 152 139 154 162 122 144 114 141 158 166 131 118 149 119 132 117 150 123 155 161 135 121 163 160 127 133 115 145 137 147 112 146 120 164 129 156 143 124 151 116 126 134 194 211 200 188 221 206 176 186 223 203 170 212 202 192 220 207 181 215 173 189 197 216 198 171 217 183 179 208 204 222 175 187 195 169 213 191 174 199 214 180 218 182 178 184 209 219 190 196 172 201 210 193 168 205 177 185 258 233 274 264 247 242 270 250 256 244 266 227 276 261 265 273 257 224 269 234 249 241 271 260 232 279 230 252 275 262 272 228 238 246 236 267 243 277 231 251 254 226 255 225 245 263 278 237 239 235 248 229 268 240 253 259 317 334 290 295 328 311 306 314 325 320 303 329 284 297 292 312 286 332 304 316 322 324 294 313 321 280 333 291 305 335 315 323 289 300 281 296 326 293 331 285 301 309 330 307 283 298 287 310 318 319 282 302 308 327 299 288 381 370 355 347 358 387 375 373 361 389 384 367 350 341 383 339 365 371 391 363 345 349 376 385 337 353 368 379 388 357 348 377 380 336 354 369 356 338 378 386 346 359 360 390 372 344 352 342 364 351 366 382 340 362 343 374 445 439 429 419 404 421 408 437 398 425 410 443 431 413 414 430 446 397 426 399 438 447 396 402 428 434 412 422 400 440 442 406 394 417 432 409 420 418 405 436 444 392 433 415 423 395 441 407 403 424 411 427 435 401 416 393 466 472 503 493 478 461 484 501 476 449 489 474 464 495 488 475 490 498 458 480 450 477 494 502 467 454 485 455 468 453 486 459 491 497 471 457 499 496 463 469 451 481 473 483 448 482 456 500 465 492 479 460 487 452 462 470
39 47 55 13 15 23 31 44 2 20 40 53 28 25 52 33 3 22 48 11 35 10 42 41 4 30 50 19 18 27 49 43 5 38 8 26 16 29 7 51 6 46 34 54 24 37 14 9 0 36 1 12 32 45 21 17 88 96 104 106 64 72 80 83 102 91 74 87 107 61 85 62 110 98 82 95 65 93 73 56 68 105 90 103 101 111 81 57 76 63 92 109 100 69 89 58 78 70 67 77 108 71 97 59 86 75 94 84 66 79 99 60 131 134 163 159 146 122 150 164 145 116 149 136 132 154 153 137 155 167 119 143 115 144 160 165 126 117 148 120 127 114 147 125 156 166 138 124 161 157 129 139 113 141 135 151 118 140 121 162 130 158 142 123 152 112 128 133 195 214 197 184 223 205 179 185 217 209 173 213 200 191 222 206 180 216 168 192 196 212 201 172 218 188 175 207 208 219 177 186 189 174 211 190 171 202 210 176 220 187 181 182 204 221 193 198 170 199 215 194 169 203 178 183 254 236 278 260 248 244 269 249 255 238 268 230 277 264 263 279 258 226 266 235 246 243 270 259 237 275 224 256 276 265 271 229 239 247 231 272 240 274 234 250 252 225 253 228 251 261 273 233 241 232 245 227 267 242 257 262 318 333 293 299 323 312 303 313 328 319 301 332 281 298 289 308 284 330 306 321 326 327 300 309 317 283 329 292 307 334 320 322 288 296 280 297 324 287 335 286 302 311 331 304 282 295 291 314 315 316 285 305 310 325 294 290 382 367 354 344 363 386 376 377 362 387 383 364 353 338 379 342 369 374 389 357 347 346 371 390 341 351 370 380 391 359 349 372 381 340 350 366 355 336 384 385 345 360 361 388 375 343 356 337 365 352 368 378 339 358 348 373 446 440 431 418 401 422 407 436 395 426 408 447 427 417 416 432 441 396 421 405 437 442 393 404 433 438 410 420 403 434 444 411 398 414 429 412 423 413 400 435 445 397 430 419 424 392 443 406 402 425 409 428 439 399 415 394 467 470 499 495 482 458 486 500 481 452 485 472 468 490 489 473 491 503 455 479 451 480 496 501 462 453 484 456 463 450 483 461 492 502 474 460 497 493 465 475 449 477 471 487 454 476 457 498 466 494 478 459 488 448 464 469
40 48 50 8 16 24 32 47 3 19 38 51 34 21 55 28 4 27 46 9 36 13 44 35 5 29 54 17 15 25 52 42 6 37 12 23 20 33 10 49 0 45 31 53 22 41 18 7 1 39 2 11 30 43 26 14 87 95 103 111 69 71 79 80 98 93 76 89 108 60 88 61 105 101 78 97 66 96 74 62 63 109 86 99 104 107 82 56 70 67 94 106 102 65 90 57 77 75 64 83 110 73 92 58 84 72 91 85 68 81 100 59 132 137 165 156 141 121 152 163 143 117 147 139 130 158 150 136 160 166 124 140 112 146 154 167 127 113 151 123 131 116 153 120 157 162 133 122 164 155 126 138 118 142 134 149 115 144 125 161 128 159 145 119 148 114 129 135 191 216 201 186 220 204 178 184 222 207 174 210 198 194 223 209 175 211 171 193 199 214 200 168 219 187 181 203 205 217 180 188 190 170 215 195 173 196 212 177 221 183 179 185 206 218 189 202 169 197 213 192 172 208 176 182 255 235 275 265 250 241 267 248 258 243 271 225 273 262 260 277 256 229 272 233 245 244 268 263 231 274 228 257 278 264 266 224 240 251 232 269 238 279 237 247 253 227 254 230 246 259 276 234 242 236 249 226 270 239 252 261 319 330 292 296 324 314 305 312 326 317 307 335 282 294 293 313 283 334 302 315 325 323 298 308 320 286 331 290 303 332 321 327 287 295 285 299 328 289 329 280 304 310 333 301 284 300 288 311 316 318 281 306 309 322 297 291 383 369 351 349 360 388 373 376 357 390 381 366 356 339 382 338 370 372 385 361 348 344 377 389 340 355 365 378 386 362 347 371 384 337 352 367 353 342 380 391 343 358 363 387 374 346 350 336 368 354 364 379 341 359 345 375 447 437 433 414 400 424 409 440 396 420 411 445 430 415 418 427 442 398 423 402 439 446 395 405 429 435 406 425 401 436 441 410 397 419 428 407 426 416 404 434 443 394 431 417 421 393 444 412 399 422 408 432 438 403 413 392 468 473 501 492 477 457 488 499 479 453 483 475 466 494 486 472 496 502 460 476 448 482 490 503 463 449 487 459 467 452 489 456 493 498 469 458 500 491 462 474 454 478 470 485 451 480 461 497 464 495 481 455 484 450 465 471
41 43 51 9 17 25 33 45 6 18 35 55 30 24 53 32 0 26 42 13 38 11 46 40 1 34 49 15 19 23 54 48 2 36 7 27 14 31 12 50 3 44 29 52 21 39 20 8 4 37 5 10 28 47 22 16 86 94 102 110 68 76 78 82 103 97 72 84 109 57 90 58 111 99 80 91 67 92 75 59 69 107 88 98 100 105 83 60 71 65 96 108 104 63 85 61 79 73 66 81 106 70 93 62 87 74 95 89 64 77 101 56 129 138 162 160 143 123 149 166 146 115 152 135 126 157 151 133 159 164 125 141 117 145 156 161 130 112 153 122 128 118 148 124 154 163 137 120 167 158 132 134 114 140 139 150 116 142 119 165 127 155 144 121 147 113 131 136 193 213 202 183 219 207 180 187 221 205 172 216 199 189 218 208 178 210 170 195 200 215 196 174 223 185 176 204 209 220 179 182 194 168 212 192 169 201 211 181 217 184 177 188 203 222 191 197 171 198 214 190 173 206 175 186 257 237 277 261 246 240 271 251 252 242 269 229 275 263 262 278 253 230 270 231 250 239 272 264 235 273 227 254 279 259 267 225 244 249 233 268 241 276 236 245 258 224 256 226 248 265 274 232 238 234 247 228 266 243 255 260 321 335 288 298 325 309 304 310 327 315 306 333 286 296 291 311 285 329 307 319 323 326 299 314 316 281 334 287 302 331 318 328 292 294 284 300 322 290 330 282 303 313 332 305 280 297 293 308 317 320 283 301 312 324 295 289 380 368 356 345 362 389 372 374 360 391 378 370 354 337 384 340 364 376 388 358 346 348 375 386 342 350 366 383 390 363 343 373 379 338 355 365 352 341 382 387 349 357 359 385 377 347 351 339 367 353 369 381 336 361 344 371 444 435 432 415 402 426 410 438 394 424 412 441 429 418 417 433 445 392 425 401 434 443 397 403 427 440 409 421 405 439 447 407 393 413 430 411 422 419 399 437 442 395 428 416 420 398 446 408 400 423 406 431 436 404 414 396 465 474 498 496 479 459 485 502 482 451 488 471 462 493 487 469 495 500 461 477 453 481 492 497 466 448 489 458 464 454 484 460 490 499 473 456 503 494 468 470 450 476 475 486 452 478 455 501 463 491 480 457 483 449 467 472
42 49 7 14 21 28 35 36 29 43 22 15 50 0 44 1 37 51 30 23 8 52 16 2 45 9 38 31 10 39 24 3 53 17 46 18 54 47 32 4 11 25 26 33 12 55 40 5 19 34 27 41 20 13 48 6 77 84 91 98 105 63 70 85 56 71 106 99 78 92 93 100 57 79 64 107 86 101 94 108 58 87 72 65 109 73 102 66 59 95 80 67 88 81 110 74 60 103 75 111 96 89 68 82 61 83 62 69 104 97 76 90 161 147 140 126 119 133 154 127 134 155 112 162 148 141 135 142 163 149 156 113 120 164 114 157 121 128 143 150 158 151 165 129 136 122 115 144 137 123 116 159 166 130 124 131 145 152 167 117 138 153 160 118 125 139 146 132 182 217 210 203 189 175 196 190 204 197 218 168 183 211 212 219 169 176 198 205 191 199 206 177 184 213 220 170 185 171 214 221 178 192 207 222 215 172 186 193 200 179 208 201 194 180 173 223 187 181 195 202 209 216 188 174 245 259 238 273 266 252 231 253 274 267 260 239 224 246 232 254 261 268 275 247 225 276 240 255 226 233 262 269 263 270 227 234 248 277 241 249 228 271 278 242 235 256 243 279 236 229 250 257 264 272 265 251 258 237 230 244 308 287 322 301 294 329 315 316 309 295 330 323 302 280 331 324 310 317 288 281 303 289 318 282 325 332 296 311 297 304 333 319 283 290 326 327 334 305 284 291 312 298 313 285 320 335 299 306 292 307 300 328 293 286 314 321 371 378 343 385 364 357 350 379 336 372 358 351 386 365 366 359 387 344 337 373 380 352 388 367 374 381 345 338 346 382 375 339 389 353 360 361 368 390 354 383 340 347 391 355 362 369 341 348 376 377 342 349 384 356 363 370 434 413 441 399 406 427 420 442 428 392 435 421 414 407 436 393 400 443 415 422 429 430 423 444 408 401 394 437 416 409 395 431 438 445 402 403 446 424 439 396 410 417 425 432 404 411 418 447 397 412 419 440 426 433 398 405 497 483 476 462 455 469 490 463 470 491 448 498 484 477 471 478 499 485 492 449 456 500 450 493 457 464 479 486 494 487 501 465 472 458 451 480 473 459 452 495 502 466 460 467 481 488 503 453 474 489 496 454 461 475 482 468
43 51 9 17 25 33 41 35 30 45 24 18 55 6 42 0 38 53 32 26 13 49 15 1 46 11 40 34 7 36 23 2 54 19 48 14 50 44 31 3 12 27 21 29 8 52 39 4 20 28 22 37 16 10 47 5 78 86 94 102 110 68 76 84 57 72 109 103 82 97 91 99 58 80 67 111 90 98 92 107 59 88 75 69 105 71 100 65 60 96 83 63 85 79 108 73 61 104 70 106 93 87 66 81 62 77 56 64 101 95 74 89 162 149 143 129 123 138 160 126 135 157 115 166 152 146 133 141 164 151 159 117 125 161 112 156 122 130 145 153 154 148 163 128 137 124 118 140 134 120 114 158 167 132 119 127 142 150 165 116 139 147 155 113 121 136 144 131 183 219 213 207 193 180 202 189 205 199 221 172 187 216 210 218 170 178 200 208 195 196 204 176 185 215 223 174 182 168 212 220 179 194 209 217 211 169 184 192 201 181 203 197 191 177 171 222 188 175 190 198 206 214 186 173 246 261 240 277 271 257 237 252 275 269 263 242 229 251 231 253 262 270 278 250 230 273 239 254 227 235 264 272 259 267 225 233 249 279 244 245 224 268 276 241 236 258 238 274 232 226 248 256 265 266 260 247 255 234 228 243 309 288 325 304 298 335 321 315 310 296 333 327 306 286 329 323 311 319 291 285 307 287 316 281 326 334 299 314 294 302 331 318 284 292 328 322 330 303 282 290 313 300 308 280 317 332 297 305 293 301 295 324 289 283 312 320 372 380 345 389 368 362 356 378 337 374 360 354 391 370 364 358 388 346 340 376 384 350 386 366 375 383 348 342 343 379 373 338 390 355 363 357 365 387 352 382 341 349 385 351 359 367 339 347 377 371 336 344 381 353 361 369 435 415 444 402 410 432 426 441 429 394 438 424 418 412 434 392 401 445 417 425 433 427 421 443 409 403 397 440 413 407 393 430 439 447 405 399 442 422 437 395 411 419 420 428 400 408 416 446 398 406 414 436 423 431 396 404 498 485 479 465 459 474 496 462 471 493 451 502 488 482 469 477 500 487 495 453 461 497 448 492 458 466 481 489 490 484 499 464 473 460 454 476 470 456 450 494 503 468 455 463 478 486 501 452 475 483 491 449 457 472 480 467
44 52 10 18 26 34 36 39 33 42 27 16 54 1 47 2 41 49 29 24 12 55 20 3 43 7 37 32 13 40 22 4 51 14 45 15 53 48 30 5 9 21 23 28 11 50 38 6 17 31 25 35 19 8 46 0 83 85 93 101 109 67 75 88 62 73 111 100 77 94 96 102 56 81 69 108 84 104 91 110 57 89 71 66 106 74 98 68 58 97 79 64 87 82 105 76 59 99 72 107 95 90 63 78 60 80 61 65 103 92 70 86 164 153 144 127 124 135 158 131 137 160 114 161 151 142 134 145 165 147 157 118 123 163 116 155 125 129 140 152 159 149 167 126 139 121 112 146 136 119 117 156 162 128 122 132 143 148 166 113 133 150 154 115 120 138 141 130 185 222 212 208 190 181 199 195 206 201 219 171 182 215 214 217 172 177 202 204 194 197 209 180 186 210 221 169 184 173 216 218 176 193 203 223 213 168 188 189 198 178 205 200 192 175 174 220 183 179 191 196 207 211 187 170 249 263 243 276 272 253 232 254 279 270 265 240 228 245 236 255 259 271 274 251 227 278 238 258 229 234 261 267 260 268 226 237 250 273 242 248 230 266 275 239 233 257 244 277 235 224 247 252 262 269 264 246 256 231 225 241 313 289 327 307 297 331 316 318 308 300 334 324 304 285 333 328 309 320 287 282 305 293 319 284 322 335 295 310 299 301 330 317 286 291 325 323 332 306 283 288 314 294 312 281 321 329 296 302 290 303 298 326 292 280 311 315 377 379 346 391 366 361 352 382 342 371 359 355 388 368 367 362 390 349 336 375 378 354 387 369 372 384 343 339 344 383 374 341 385 356 358 363 364 389 351 381 337 348 386 353 357 370 340 345 373 376 338 347 380 350 360 365 436 416 442 403 412 430 425 446 432 393 434 423 419 409 440 395 404 444 413 424 428 431 426 441 411 400 392 439 418 408 396 433 435 443 399 401 447 421 438 398 406 415 422 427 405 410 414 445 394 407 417 437 420 429 397 402 500 489 480 463 460 471 494 467 473 496 450 497 487 478 470 481 501 483 493 454 459 499 452 491 461 465 476 488 495 485 503 462 475 457 448 482 472 455 453 492 498 464 458 468 479 484 502 449 469 486 490 451 456 474 477 466
45 53 11 19 27 29 37 41 32 46 23 14 52 5 43 6 40 54 31 21 10 51 18 0 48 12 39 28 9 35 26 1 50 20 47 17 55 42 34 2 8 22 25 30 13 49 36 3 16 33 24 38 15 7 44 4 82 90 92 100 108 66 74 86 58 75 105 104 81 95 94 103 59 83 63 106 89 102 97 111 60 85 70 64 110 72 99 69 61 93 77 68 84 80 107 71 62 101 76 109 91 88 65 79 56 78 57 67 98 96 73 87 166 151 145 128 120 139 155 129 133 156 118 167 150 144 138 146 161 148 158 116 121 162 115 159 124 132 142 147 160 152 164 130 134 119 113 143 135 125 112 154 165 131 123 126 141 153 163 114 136 149 157 117 122 137 140 127 187 218 215 209 192 177 198 193 208 196 220 169 188 214 213 221 174 179 201 203 190 202 205 178 182 211 222 173 183 172 210 223 181 191 206 219 216 170 185 194 197 175 207 199 195 176 168 217 186 180 189 200 204 212 184 171 251 262 239 279 268 256 234 257 278 272 259 241 226 247 237 252 264 267 276 248 228 277 242 253 225 236 265 266 261 269 230 235 245 274 243 246 229 270 273 244 232 255 240 275 231 227 249 258 260 271 263 250 254 233 224 238 310 291 326 302 300 332 320 321 311 299 331 322 305 283 335 327 314 318 290 280 301 288 315 285 328 330 297 312 298 306 329 316 282 293 324 325 333 307 281 292 308 295 309 286 319 334 294 303 289 304 296 323 287 284 313 317 374 384 348 390 365 359 353 380 340 375 363 352 385 369 368 360 386 343 341 377 381 356 391 364 373 382 347 336 345 378 376 342 387 351 361 362 370 388 350 379 339 344 389 354 358 366 338 349 371 372 337 346 383 355 357 367 438 417 443 405 411 428 423 444 433 397 439 422 416 406 435 394 403 447 419 420 431 432 424 445 407 399 398 436 415 412 392 427 437 446 404 402 441 425 440 393 408 414 426 429 401 409 413 442 396 410 418 434 421 430 395 400 502 487 481 464 456 475 491 465 469 492 454 503 486 480 474 482 497 484 494 452 457 498 451 495 460 468 478 483 496 488 500 466 470 455 449 479 471 461 448 490 501 467 459 462 477 489 499 450 472 485 493 453 458 473 476 463
46 54 12 20 22 30 38 37 31 48 26 17 49 4 45 5 39 50 34 25 7 53 14 6 47 8 36 33 11 41 21 0 55 16 44 19 52 43 28 1 13 24 27 32 10 51 35 2 15 29 23 40 18 9 42 3 81 89 97 99 107 65 73 90 59 70 110 101 79 96 92 104 60 77 68 109 87 100 95 106 61 84 76 67 108 75 103 64 62 91 78 66 86 83 111 72 56 98 74 105 94 85 69 80 57 82 58 63 102 93 71 88 167 148 142 130 125 136 157 128 138 159 113 165 153 140 139 144 162 152 154 114 122 166 118 158 119 131 141 149 155 150 161 132 135 123 117 145 133 121 115 160 163 127 120 129 146 147 164 112 137 151 156 116 124 134 143 126 188 221 211 206 194 176 200 192 203 202 223 170 186 212 215 220 173 181 197 207 189 198 208 179 183 216 217 171 187 169 213 222 175 195 204 218 214 174 182 191 199 180 209 196 190 178 172 219 184 177 193 201 205 210 185 168 247 264 242 274 270 258 233 256 276 266 261 244 227 250 234 257 265 269 273 249 224 279 241 252 230 232 260 271 262 272 228 236 246 275 238 251 226 267 277 243 231 254 239 278 237 225 245 255 263 268 259 248 253 235 229 240 311 290 328 306 295 334 317 320 314 297 329 325 303 284 332 322 312 316 292 286 304 291 321 280 324 333 294 313 300 305 335 315 281 289 323 326 331 301 285 293 309 296 310 283 318 330 298 307 287 302 299 327 288 282 308 319 375 381 347 387 370 358 355 384 341 373 361 350 389 367 365 363 391 345 339 371 383 353 385 368 376 379 349 337 348 380 377 336 388 354 357 359 369 386 356 378 338 346 390 352 360 364 342 344 372 374 340 343 382 351 362 366 439 419 445 404 408 429 421 443 431 398 437 425 413 410 438 397 399 446 414 426 430 428 422 447 412 402 396 434 417 406 394 432 440 442 400 405 444 420 436 392 409 418 423 433 403 407 415 441 395 411 416 435 424 427 393 401 503 484 478 466 461 472 493 464 474 495 449 501 489 476 475 480 498 488 490 450 458 502 454 494 455 467 477 485 491 486 497 468 471 459 453 481 469 457 451 496 499 463 456 465 482 483 500 448 473 487 492 452 460 470 479 462
47 55 13 15 23 31 39 40 28 44 25 20 53 2 48 3 35 52 33 22 11 50 19 4 42 10 41 30 8 38 27 5 49 18 43 16 51 46 29 6 7 26 24 34 9 54 37 0 14 32 21 36 17 12 45 1 80 88 96 104 106 64 72 87 61 74 107 102 83 91 95 98 62 82 65 110 85 103 93 105 56 90 73 68 111 76 101 63 57 92 81 69 89 78 109 70 58 100 71 108 97 86 67 77 59 79 60 66 99 94 75 84 163 150 146 131 122 134 159 132 136 154 116 164 149 145 137 143 167 153 155 115 119 165 117 160 120 126 144 148 156 147 166 127 138 125 114 141 139 124 113 157 161 129 121 130 140 151 162 118 135 152 158 112 123 133 142 128 184 223 214 205 195 179 197 191 209 200 217 173 185 213 216 222 168 180 196 206 192 201 207 175 188 212 218 172 186 174 211 219 177 189 208 220 210 171 187 190 202 176 204 198 193 181 170 221 182 178 194 199 203 215 183 169 248 260 244 278 269 254 236 255 277 268 264 238 230 249 235 258 263 266 279 246 226 275 243 256 224 237 259 270 265 271 229 231 247 276 239 250 225 272 274 240 234 252 241 273 233 228 251 253 261 267 262 245 257 232 227 242 312 293 323 303 299 333 318 319 313 298 332 328 301 281 330 326 308 321 289 284 306 292 317 283 327 329 300 309 296 307 334 320 280 288 322 324 335 302 286 287 311 297 314 282 315 331 295 304 291 305 294 325 290 285 310 316 376 382 344 386 367 363 354 383 338 377 362 353 387 364 369 357 389 347 342 374 379 351 390 370 371 380 346 341 349 381 372 340 391 350 359 360 366 385 355 384 336 345 388 356 361 365 337 343 375 373 339 348 378 352 358 368 440 418 446 401 407 431 422 447 427 395 436 426 417 408 437 396 405 441 416 421 432 433 420 442 410 404 393 438 414 411 398 429 434 444 403 400 445 423 435 397 412 413 424 430 402 406 419 443 392 409 415 439 425 428 394 399 499 486 482 467 458 470 495 468 472 490 452 500 485 481 473 479 503 489 491 451 455 501 453 496 456 462 480 484 492 483 502 463 474 461 450 477 475 460 449 493 497 465 457 466 476 487 498 454 471 488 494 448 459 469 478 464
48 50 8 16 24 32 40 38 34 47 21 19 51 3 46 4 36 55 28 27 9 54 17 5 44 13 35 29 12 37 25 6 52 15 42 20 49 45 33 0 10 23 22 31 7 53 41 1 18 30 26 39 14 11 43 2 79 87 95 103 111 69 71 89 60 76 108 98 80 93 97 101 61 78 66 105 88 99 96 109 62 86 74 63 107 70 104 67 56 94 82 65 90 77 106 75 57 102 73 110 92 84 64 83 58 81 59 68 100 91 72 85 165 152 141 132 121 137 156 130 139 158 117 163 147 143 136 140 166 150 160 112 124 167 113 154 123 127 146 151 157 153 162 131 133 120 116 142 138 122 118 155 164 126 125 128 144 149 161 115 134 148 159 114 119 135 145 129 186 220 216 204 191 178 201 194 207 198 222 174 184 210 211 223 171 175 199 209 193 200 203 181 187 214 219 168 188 170 215 217 180 190 205 221 212 173 183 195 196 177 206 202 189 179 169 218 185 176 192 197 208 213 182 172 250 265 241 275 267 255 235 258 273 271 262 243 225 248 233 256 260 272 277 245 229 274 244 257 228 231 263 268 264 266 224 232 251 278 240 247 227 269 279 238 237 253 242 276 234 230 246 254 259 270 261 249 252 236 226 239 314 292 324 305 296 330 319 317 312 294 335 326 307 282 334 325 313 315 293 283 302 290 320 286 323 331 298 308 295 303 332 321 285 287 327 328 329 304 280 289 310 299 311 284 316 333 300 301 288 306 297 322 291 281 309 318 373 383 349 388 369 360 351 381 339 376 357 356 390 366 370 361 385 348 338 372 382 355 389 365 377 378 344 340 347 384 371 337 386 352 362 358 367 391 353 380 342 343 387 350 363 368 336 346 374 375 341 345 379 354 359 364 437 414 447 400 409 433 424 445 430 396 440 420 415 411 439 398 402 442 418 423 427 429 425 446 406 405 395 435 419 410 397 428 436 441 401 404 443 426 434 394 407 416 421 431 399 412 417 444 393 408 413 438 422 432 392 403 501 488 477 468 457 473 492 466 475 494 453 499 483 479 472 476 502 486 496 448 460 503 449 490 459 463 482 487 493 489 498 467 469 456 452 478 474 458 454 491 500 462 461 464 480 485 497 451 470 484 495 450 455 471 481 465
49 7 14 21 28 35 42 22 50 36 0 43 15 29 30 37 8 44 1 51 23 38 31 45 16 52 2 9 46 17 39 53 24 10 3 54 4 25 47 11 32 18 12 26 5 33 55 19 40 20 48 34 6 41 13 27 70 77 84 91 98 105 63 99 92 106 78 56 85 71 107 79 100 64 86 57 93 65 101 87 108 72 94 58 73 59 109 95 66 80 102 81 110 60 67 103 74 88 89 96 68 61 75 111 82 97 90 104 76 62 83 69 140 154 119 161 133 147 126 148 162 141 155 127 112 134 142 113 149 135 163 120 156 157 128 114 150 121 164 143 136 165 122 158 115 129 151 130 159 144 166 123 137 116 167 138 152 131 117 145 124 125 153 139 118 132 160 146 203 189 217 175 182 196 210 211 197 183 204 218 190 168 176 212 198 169 191 219 205 206 170 220 213 199 184 177 221 192 207 171 214 178 185 200 186 215 179 222 172 193 194 223 173 208 187 180 201 188 202 181 216 195 174 209 266 273 252 238 231 245 259 274 224 260 246 267 239 253 247 261 232 275 254 225 268 233 276 269 262 226 255 240 270 227 234 241 277 263 248 242 256 249 271 228 278 235 264 250 257 279 236 243 229 258 244 265 230 272 251 237 329 322 294 315 301 287 308 295 316 280 323 309 330 302 317 303 324 281 331 310 288 311 325 332 289 296 318 282 290 297 304 333 326 283 319 334 284 312 291 305 298 327 306 320 292 313 335 285 299 328 314 286 321 300 293 307 350 371 385 357 378 364 343 358 365 379 336 386 372 351 387 373 337 380 359 344 366 381 367 345 388 338 352 374 375 389 339 353 346 360 382 347 361 383 368 354 390 340 355 341 391 376 348 369 362 370 384 363 349 377 356 342 413 399 434 406 420 441 427 421 414 428 442 392 407 435 429 443 422 400 436 415 393 408 437 430 394 444 423 401 445 431 438 402 409 395 416 439 410 446 396 417 403 424 404 425 397 447 432 418 411 419 398 426 412 440 405 433 476 490 455 497 469 483 462 484 498 477 491 463 448 470 478 449 485 471 499 456 492 493 464 450 486 457 500 479 472 501 458 494 451 465 487 466 495 480 502 459 473 452 503 474 488 467 453 481 460 461 489 475 454 468 496 482
50 8 16 24 32 40 48 21 51 38 3 47 19 34 28 36 9 46 4 55 27 35 29 44 17 54 5 13 42 15 37 52 25 12 6 49 0 23 45 10 33 20 7 22 1 31 53 18 41 14 43 30 2 39 11 26 71 79 87 95 103 111 69 98 93 108 80 60 89 76 105 78 101 66 88 61 97 63 99 86 109 74 96 62 70 56 107 94 67 82 104 77 106 57 65 102 75 90 84 92 64 58 73 110 83 91 85 100 72 59 81 68 141 156 121 165 137 152 132 147 163 143 158 130 117 139 140 112 150 136 166 124 160 154 127 113 151 123 167 146 133 162 120 157 116 131 153 126 155 142 164 122 138 118 161 134 149 128 115 144 125 119 148 135 114 129 159 145 204 191 220 178 186 201 216 210 198 184 207 222 194 174 175 211 199 171 193 223 209 203 168 219 214 200 187 181 217 190 205 170 215 180 188 196 183 212 177 221 173 195 189 218 169 206 185 179 202 182 197 176 213 192 172 208 267 275 255 241 235 250 265 273 225 262 248 271 243 258 245 260 233 277 256 229 272 231 274 268 263 228 257 244 266 224 232 240 278 264 251 238 253 247 269 227 279 237 259 246 254 276 234 242 230 252 239 261 226 270 249 236 330 324 296 319 305 292 314 294 317 282 326 312 335 307 315 302 325 283 334 313 293 308 323 331 290 298 320 286 287 295 303 332 327 285 321 329 280 310 289 304 299 328 301 316 288 311 333 284 300 322 309 281 318 297 291 306 351 373 388 360 383 369 349 357 366 381 339 390 376 356 385 372 338 382 361 348 370 378 365 344 389 340 355 377 371 386 337 352 347 362 384 343 358 380 367 353 391 342 350 336 387 374 346 368 363 364 379 359 345 375 354 341 414 400 437 409 424 447 433 420 415 430 445 396 411 440 427 442 423 402 439 418 398 406 435 429 395 446 425 405 441 428 436 401 410 397 419 434 407 443 394 416 404 426 399 421 393 444 431 417 412 413 392 422 408 438 403 432 477 492 457 501 473 488 468 483 499 479 494 466 453 475 476 448 486 472 502 460 496 490 463 449 487 459 503 482 469 498 456 493 452 467 489 462 491 478 500 458 474 454 497 470 485 464 451 480 461 455 484 471 450 465 495 481
51 9 17 25 33 41 43 24 55 35 6 45 18 30 32 38 13 42 0 53 26 40 34 46 15 49 1 11 48 19 36 54 23 7 2 50 3 27 44 12 31 14 8 21 4 29 52 20 39 16 47 28 5 37 10 22 76 78 86 94 102 110 68 103 97 109 82 57 84 72 111 80 99 67 90 58 91 69 98 88 107 75 92 59 71 60 105 96 65 83 100 79 108 61 63 104 73 85 87 93 66 62 70 106 81 95 89 101 74 56 77 64 143 160 123 162 138 149 129 152 166 146 157 126 115 135 141 117 151 133 164 125 159 156 130 112 153 122 161 145 137 163 124 154 118 128 148 132 158 140 167 120 134 114 165 139 150 127 116 142 119 121 147 136 113 131 155 144 207 193 219 180 183 202 213 216 199 187 205 221 189 172 178 210 200 170 195 218 208 204 174 223 215 196 185 176 220 194 209 168 212 179 182 201 184 211 181 217 169 192 191 222 171 203 188 177 197 186 198 175 214 190 173 206 271 277 257 240 237 246 261 275 229 263 251 269 242 252 250 262 231 278 253 230 270 235 273 272 264 227 254 239 267 225 233 244 279 259 249 241 258 245 268 224 276 236 265 248 256 274 232 238 226 255 243 260 228 266 247 234 335 325 298 321 304 288 309 296 315 286 327 310 333 306 319 307 323 285 329 311 291 314 326 334 287 299 316 281 292 294 302 331 328 284 318 330 282 313 290 303 300 322 305 317 293 308 332 280 297 324 312 283 320 295 289 301 356 372 389 362 380 368 345 360 370 378 337 391 374 354 388 376 340 384 358 346 364 383 366 348 386 342 350 375 373 390 338 355 343 363 379 349 357 382 365 352 387 341 351 339 385 377 347 367 359 369 381 361 344 371 353 336 415 402 435 410 426 444 432 424 418 429 441 394 412 438 433 445 425 401 434 417 392 409 440 427 397 443 421 403 447 430 439 405 407 393 413 437 411 442 395 419 399 422 400 420 398 446 428 416 408 414 396 423 406 436 404 431 479 496 459 498 474 485 465 488 502 482 493 462 451 471 477 453 487 469 500 461 495 492 466 448 489 458 497 481 473 499 460 490 454 464 484 468 494 476 503 456 470 450 501 475 486 463 452 478 455 457 483 472 449 467 491 480
52 10 18 26 34 36 44 27 54 39 1 42 16 33 29 41 12 47 2 49 24 37 32 43 20 55 3 7 45 14 40 51 22 13 4 53 5 21 48 9 30 15 11 23 6 28 50 17 38 19 46 31 0 35 8 25 75 83 85 93 101 109 67 100 94 111 77 62 88 73 108 81 102 69 84 56 96 66 104 89 110 71 91 57 74 58 106 97 68 79 98 82 105 59 64 99 76 87 90 95 63 60 72 107 78 92 86 103 70 61 80 65 144 158 124 164 135 153 127 151 161 142 160 131 114 137 145 118 147 134 165 123 157 155 129 116 152 125 163 140 139 167 121 159 112 126 149 128 156 146 162 119 136 117 166 133 148 132 113 143 122 120 150 138 115 130 154 141 208 190 222 181 185 199 212 215 201 182 206 219 195 171 177 214 202 172 194 217 204 209 169 221 210 197 186 180 218 193 203 173 216 176 184 198 188 213 178 223 168 189 192 220 174 205 183 175 200 187 196 179 211 191 170 207 272 276 253 243 232 249 263 279 228 265 245 270 240 254 251 259 236 274 255 227 271 234 278 267 261 229 258 238 268 226 237 242 273 260 250 239 257 248 266 230 275 233 262 247 252 277 235 244 224 256 241 264 225 269 246 231 331 327 297 316 307 289 313 300 318 285 324 308 334 304 320 305 328 282 333 309 287 310 322 335 293 295 319 284 291 299 301 330 325 286 317 332 283 314 288 306 294 323 302 321 290 312 329 281 296 326 311 280 315 298 292 303 352 377 391 361 379 366 346 359 368 382 342 388 371 355 390 375 336 378 362 349 367 384 369 343 387 339 354 372 374 385 341 356 344 358 383 348 363 381 364 351 389 337 353 340 386 373 345 370 357 365 380 360 347 376 350 338 416 403 436 412 425 442 430 423 419 432 446 393 409 434 428 444 424 404 440 413 395 411 439 431 392 441 426 400 443 433 435 399 408 396 418 438 406 447 398 415 401 421 405 422 394 445 427 414 410 417 397 420 407 437 402 429 480 494 460 500 471 489 463 487 497 478 496 467 450 473 481 454 483 470 501 459 493 491 465 452 488 461 499 476 475 503 457 495 448 462 485 464 492 482 498 455 472 453 502 469 484 468 449 479 458 456 486 474 451 466 490 477
53 11 19 27 29 37 45 23 52 41 5 46 14 32 31 40 10 43 6 54 21 39 28 48 18 51 0 12 47 20 35 50 26 9 1 55 2 22 42 8 34 17 13 25 3 30 49 16 36 15 44 33 4 38 7 24 74 82 90 92 100 108 66 104 95 105 81 58 86 75 106 83 103 63 89 59 94 64 102 85 111 70 97 60 72 61 110 93 69 77 99 80 107 62 68 101 71 84 88 91 65 56 76 109 79 96 87 98 73 57 78 67 145 155 120 166 139 151 128 150 167 144 156 129 118 133 146 116 148 138 161 121 158 159 132 115 147 124 162 142 134 164 119 160 113 130 152 131 154 143 165 125 135 112 163 136 153 126 114 141 123 122 149 137 117 127 157 140 209 192 218 177 187 198 215 214 196 188 208 220 193 169 179 213 201 174 190 221 203 205 173 222 211 202 182 178 223 191 206 172 210 181 183 197 185 216 175 219 170 194 195 217 168 207 186 176 199 184 200 180 212 189 171 204 268 279 256 239 234 251 262 278 226 259 247 272 241 257 248 264 237 276 252 228 267 236 277 266 265 225 253 242 269 230 235 243 274 261 245 244 255 246 270 229 273 232 260 249 258 275 231 240 227 254 238 263 224 271 250 233 332 326 300 320 302 291 310 299 321 283 322 311 331 305 318 301 327 280 335 314 290 312 328 330 288 297 315 285 293 298 306 329 324 282 316 333 281 308 292 307 295 325 303 319 289 309 334 286 294 323 313 284 317 296 287 304 353 374 390 359 384 365 348 363 369 380 340 385 375 352 386 377 341 381 360 343 368 382 364 347 391 336 356 373 376 387 342 351 345 361 378 344 362 379 370 350 388 339 354 338 389 371 349 366 358 367 383 357 346 372 355 337 417 405 438 411 423 443 428 422 416 433 444 397 406 439 431 447 420 403 435 419 394 407 436 432 398 445 424 399 446 427 437 404 412 392 415 440 408 441 393 414 402 425 401 426 396 442 429 413 409 418 395 421 410 434 400 430 481 491 456 502 475 487 464 486 503 480 492 465 454 469 482 452 484 474 497 457 494 495 468 451 483 460 498 478 470 500 455 496 449 466 488 467 490 479 501 461 471 448 499 472 489 462 450 477 459 458 485 473 453 463 493 476
54 12 20 22 30 38 46 26 49 37 4 48 17 31 34 39 7 45 5 50 25 36 33 47 14 53 6 8 44 16 41 55 21 11 0 52 1 24 43 13 28 19 10 27 2 32 51 15 35 18 42 29 3 40 9 23 73 81 89 97 99 107 65 101 96 110 79 59 90 70 109 77 104 68 87 60 92 67 100 84 106 76 95 61 75 62 108 91 64 78 103 83 111 56 66 98 72 86 85 94 69 57 74 105 80 93 88 102 71 58 82 63 142 157 125 167 136 148 130 153 165 140 159 128 113 138 144 114 152 139 162 122 154 158 131 118 149 119 166 141 135 161 123 155 117 132 150 127 160 145 163 121 133 115 164 137 147 129 112 146 120 124 151 134 116 126 156 143 206 194 221 176 188 200 211 212 202 186 203 223 192 170 181 215 197 173 189 220 207 208 171 217 216 198 183 179 222 195 204 169 213 175 187 199 182 214 180 218 174 191 190 219 172 209 184 178 196 185 201 177 210 193 168 205 270 274 258 242 233 247 264 276 227 261 250 266 244 256 249 265 234 273 257 224 269 232 279 271 260 230 252 241 272 228 236 238 275 262 246 243 254 251 267 226 277 231 263 245 255 278 237 239 225 253 240 259 229 268 248 235 334 328 295 317 306 290 311 297 320 284 325 314 329 303 316 304 322 286 332 312 292 313 324 333 291 294 321 280 289 300 305 335 323 281 315 331 285 309 293 301 296 326 307 318 287 310 330 283 298 327 308 282 319 299 288 302 355 375 387 358 381 370 347 361 367 384 341 389 373 350 391 371 339 383 363 345 365 379 368 349 385 337 353 376 377 388 336 354 348 357 380 346 359 378 369 356 386 338 352 342 390 372 344 364 360 366 382 362 343 374 351 340 419 404 439 408 421 445 429 425 413 431 443 398 410 437 430 446 426 399 438 414 397 412 434 428 396 447 422 402 442 432 440 400 406 394 417 436 409 444 392 418 405 420 403 423 395 441 433 415 407 416 393 424 411 435 401 427 478 493 461 503 472 484 466 489 501 476 495 464 449 474 480 450 488 475 498 458 490 494 467 454 485 455 502 477 471 497 459 491 453 468 486 463 496 481 499 457 469 451 500 473 483 465 448 482 456 460 487 470 452 462 492 479
55 13 15 23 31 39 47 25 53 40 2 44 20 28 33 35 11 48 3 52 22 41 30 42 19 50 4 10 43 18 38 49 27 8 5 51 6 26 46 7 29 16 9 24 0 34 54 14 37 17 45 32 1 36 12 21 72 80 88 96 104 106 64 102 91 107 83 61 87 74 110 82 98 65 85 62 95 68 103 90 105 73 93 56 76 57 111 92 63 81 101 78 109 58 69 100 70 89 86 97 67 59 71 108 77 94 84 99 75 60 79 66 146 159 122 163 134 150 131 149 164 145 154 132 116 136 143 115 153 137 167 119 155 160 126 117 148 120 165 144 138 166 125 156 114 127 147 129 157 141 161 124 139 113 162 135 151 130 118 140 121 123 152 133 112 128 158 142 205 195 223 179 184 197 214 213 200 185 209 217 191 173 180 216 196 168 192 222 206 207 172 218 212 201 188 175 219 189 208 174 211 177 186 202 187 210 176 220 171 190 193 221 170 204 182 181 198 183 199 178 215 194 169 203 269 278 254 244 236 248 260 277 230 264 249 268 238 255 246 263 235 279 258 226 266 237 275 270 259 224 256 243 271 229 231 239 276 265 247 240 252 250 272 225 274 234 261 251 253 273 233 241 228 257 242 262 227 267 245 232 333 323 299 318 303 293 312 298 319 281 328 313 332 301 321 306 326 284 330 308 289 309 327 329 292 300 317 283 288 296 307 334 322 280 320 335 286 311 287 302 297 324 304 315 291 314 331 282 295 325 310 285 316 294 290 305 354 376 386 363 382 367 344 362 364 383 338 387 377 353 389 374 342 379 357 347 369 380 370 346 390 341 351 371 372 391 340 350 349 359 381 345 360 384 366 355 385 336 356 337 388 375 343 365 361 368 378 358 348 373 352 339 418 401 440 407 422 446 431 426 417 427 447 395 408 436 432 441 421 405 437 416 396 410 438 433 393 442 420 404 444 429 434 403 411 398 414 435 412 445 397 413 400 423 402 424 392 443 430 419 406 415 394 425 409 439 399 428 482 495 458 499 470 486 467 485 500 481 490 468 452 472 479 451 489 473 503 455 491 496 462 453 484 456 501 480 474 502 461 492 450 463 483 465 493 477 497 460 475 449 498 471 487 466 454 476 457 459 488 469 448 464 494 478
56 57 58 59 60 61 62 112 113 114 115 116 117 118 168 169 170 171 172 173 174 224 225 226 227 228 229 230 280 281 282 283 284 285 286 336 337 338 339 340 341 342 392 393 394 395 396 397 398 448 449 450 451 452 453 454 0 1 2 3 4 5 6 119 120 121 122 123 124 125 175 176 177 178 179 180 181 231 232 233 234 235 236 237 287 288 289 290 291 292 293 343 344 345 346 347 348 349 399 400 401 402 403 404 405 455 456 457 458 459 460 461 7 8 9 10 11 12 13 63 64 65 66 67 68 69 182 183 184 185 186 187 188 238 239 240 241 242 243 244 294 295 296 297 298 299 300 350 351 352 353 354 355 356 406 407 408 409 410 411 412 462 463 464 465 466 467 468 14 15 16 17 18 19 20 70 71 72 73 74 75 76 126 127 128 129 130 131 132 245 246 247 248 249 250 251 301 302 303 304 305 306 307 357 358 359 360 361 362 363 413 414 415 416 417 418 419 469 470 471 472 473 474 475 21 22 23 24 25 26 27 77 78 79 80 81 82 83 133 134 135 136 137 138 139 189 190 191 192 193 194 195 308 309 310 311 312 313 314 364 365 366 367 368 369 370 420 421 422 423 424 425 426 476 477 478 479 480 481 482 28 29 30 31 32 33 34 84 85 86 87 88 89 90 140 141 142 143 144 145 146 196 197 198 199 200 201 202 252 253 254 255 256 257 258 371 372 373 374 375 376 377 427 428 429 430 431 432 433 483 484 485 486 487 488 489 35 36 37 38 39 40 41 91 92 93 94 95 96 97 147 148 149 150 151 152 153 203 204 205 206 207 208 209 259 260 261 262 263 264 265 315 316 317 318 319 320 321 434 435 436 437 438 439 440 490 491 492 493 494 495 496 42 43 44 45 46 47 48 98 99 100 101 102 103 104 154 155 156 157 158 159 160 210 211 212 213 214 215 216 266 267 268 269 270 271 272 322 323 324 325 326 327 328 378 379 380 381 382 383 384 497 498 499 500 501 502 503 49 50 51 52 53 54 55 105 106 107 108 109 110 111 161 162 163 164 165 166 167 217 218 219 220 221 222 223 273 274 275 276 277 278 279 329 330 331 332 333 334 335 385 386 387 388 389 390 391 441 442 443 444 445 446 447
57 58 59 60 61 62 56 115 117 112 118 114 116 113 172 170 174 168 169 171 173 229 230 227 225 224 226 228 286 285 281 284 282 280 283 337 340 342 338 341 339 336 394 392 397 393 395 398 396 451 453 448 454 450 452 449 6 0 1 2 3 4 5 123 125 122 124 120 119 121 180 178 176 179 181 177 175 237 231 235 233 236 232 234 288 291 287 292 290 293 289 345 346 348 343 349 347 344 402 401 403 405 399 400 404 459 461 458 460 456 455 457 9 13 11 7 12 8 10 68 67 69 65 63 66 64 183 187 185 182 184 188 186 240 242 239 244 241 238 243 298 296 299 294 300 297 295 356 354 350 355 352 351 353 410 412 409 407 411 408 406 465 462 466 464 468 463 467 17 18 15 19 14 20 16 76 72 75 71 73 70 74 129 126 130 128 132 127 131 246 251 250 249 245 248 247 304 306 307 302 303 305 301 362 360 358 363 357 359 361 415 418 417 413 419 416 414 474 471 469 473 470 475 472 25 24 26 23 27 21 22 78 82 80 83 79 81 77 138 135 133 137 134 139 136 193 189 195 194 192 191 190 309 310 311 314 313 308 312 368 370 364 366 365 367 369 426 424 425 421 422 420 423 479 482 477 481 476 478 480 33 30 32 34 31 29 28 86 84 90 88 85 87 89 143 146 141 145 140 142 144 202 199 200 196 201 197 198 257 252 253 254 258 256 255 372 374 376 375 373 377 371 432 429 433 427 430 428 431 485 488 487 489 484 486 483 41 35 38 40 36 39 37 94 97 91 92 96 93 95 149 152 151 153 148 150 147 207 205 208 204 209 203 206 261 263 262 264 259 265 260 321 315 319 316 318 317 320 435 438 434 440 439 437 436 496 493 495 492 490 494 491 43 45 42 46 48 44 47 102 103 99 98 100 104 101 160 157 159 156 154 158 155 213 216 210 215 212 211 214 271 269 270 272 267 268 266 325 327 323 326 328 322 324 380 378 384 383 379 382 381 498 502 500 497 499 503 501 51 55 53 49 54 50 52 110 109 111 107 105 108 106 162 166 164 161 163 167 165 219 221 218 223 220 217 222 277 275 278 273 279 276 274 335 333 329 334 331 330 332 389 391 388 386 390 387 385 444 441 445 443 447 442 446
58 59 60 61 62 56 57 118 116 115 113 112 114 117 169 174 173 172 170 168 171 226 228 225 230 229 227 224 283 280 285 282 281 286 284 340 341 336 342 339 338 337 397 394 398 392 393 396 395 454 452 451 449 448 450 453 5 6 0 1 2 3 4 120 121 124 119 125 123 122 177 179 178 181 175 176 180 234 237 236 235 232 231 233 291 290 288 293 292 289 287 348 343 347 345 344 349 346 405 403 399 404 402 401 400 456 457 460 455 461 459 458 11 10 12 9 8 13 7 66 63 64 69 68 65 67 187 188 182 183 185 186 184 239 241 242 243 244 240 238 300 299 297 298 295 294 296 353 352 356 351 350 354 355 411 406 407 412 408 409 410 464 465 468 466 467 462 463 19 14 18 20 17 16 15 74 75 70 72 71 76 73 128 129 132 130 131 126 127 251 247 248 245 246 249 250 302 305 301 306 307 303 304 359 363 360 361 362 358 357 417 416 419 415 414 413 418 475 469 474 470 471 472 473 27 23 21 26 22 25 24 82 81 83 77 80 79 78 139 133 138 134 135 136 137 192 193 190 191 194 195 189 310 311 314 312 308 309 313 365 369 368 364 370 366 367 423 422 420 424 425 426 421 481 480 482 478 479 477 476 29 32 31 28 34 30 33 90 86 89 85 84 88 87 145 144 146 142 143 141 140 198 196 201 202 197 199 200 256 257 252 253 255 258 254 374 375 377 373 376 371 372 428 433 431 432 427 429 430 487 486 484 483 488 489 485 37 41 40 39 35 36 38 92 95 94 97 93 91 96 151 150 148 147 152 153 149 209 208 203 205 206 207 204 262 259 264 265 261 260 263 320 321 318 315 316 319 317 438 439 435 436 437 440 434 491 492 494 495 496 490 493 45 46 43 48 47 42 44 100 104 103 102 99 101 98 155 156 158 159 160 154 157 215 214 213 211 210 216 212 268 272 267 266 269 270 271 326 322 327 328 324 325 323 384 380 381 382 378 379 383 502 503 497 498 500 501 499 53 52 54 51 50 55 49 108 105 106 111 110 107 109 166 167 161 162 164 165 163 218 220 221 222 223 219 217 279 278 276 277 274 273 275 332 331 335 330 329 333 334 390 385 386 391 387 388 389 443 444 447 445 446 441 442
59 60 61 62 56 57 58 113 114 118 117 115 112 116 170 173 171 169 174 172 168 227 224 230 228 226 225 229 284 286 280 281 285 283 282 341 339 337 336 338 342 340 398 397 396 394 392 395 393 449 450 454 453 451 448 452 4 5 6 0 1 2 3 125 122 119 123 121 120 124 176 181 179 175 180 178 177 233 234 232 236 231 237 235 290 292 291 289 293 287 288 347 345 349 348 346 344 343 404 399 402 400 405 403 401 461 458 455 459 457 456 460 12 7 8 11 13 10 9 65 68 67 64 66 69 63 188 186 183 187 182 184 185 242 244 241 238 243 239 240 295 297 294 300 296 298 299 355 350 353 354 356 352 351 408 410 412 406 409 407 411 466 464 467 468 463 465 462 20 17 14 16 19 15 18 73 70 76 75 72 74 71 130 128 131 132 127 129 126 247 250 249 246 251 245 248 306 303 304 305 301 307 302 358 361 363 357 359 360 362 419 413 414 417 418 415 416 472 474 475 471 469 473 470 22 26 25 21 24 27 23 81 79 77 78 83 80 82 136 138 139 135 133 137 134 194 192 189 195 191 190 193 311 314 312 313 309 310 308 370 367 365 368 369 364 366 421 425 426 422 420 423 424 478 476 480 477 481 482 479 30 31 34 33 28 32 29 89 90 87 84 86 85 88 142 140 144 141 145 146 143 200 202 197 198 199 196 201 258 256 257 252 254 255 253 375 373 371 376 377 372 374 429 431 430 428 432 433 427 484 489 488 485 486 483 487 38 37 39 36 41 35 40 97 96 92 95 91 94 93 148 153 152 149 150 147 151 206 203 207 208 204 209 205 264 261 265 260 262 263 259 317 320 316 321 315 318 319 439 437 438 434 440 436 435 493 495 490 494 491 496 492 46 48 45 47 44 43 42 99 101 104 100 103 98 102 157 159 154 158 155 160 156 211 212 215 216 213 214 210 270 266 269 271 272 267 268 328 325 322 324 323 326 327 381 384 383 379 380 378 382 503 501 498 502 497 499 500 54 49 50 53 55 52 51 107 110 109 106 108 111 105 167 165 162 166 161 163 164 221 223 220 217 222 218 219 274 276 273 279 275 277 278 334 329 332 333 335 331 330 387 389 391 385 388 386 390 445 443 446 447 442 444 441
60 61 62 56 57 58 59 117 112 113 116 118 115 114 174 171 168 170 173 169 172 225 229 228 224 227 230 226 282 283 286 285 280 284 281 339 338 340 337 342 336 341 396 398 395 397 394 393 392 453 448 449 452 454 451 450 3 4 5 6 0 1 2 121 124 123 120 122 125 119 178 175 181 180 177 179 176 235 233 231 232 237 234 236 292 293 290 287 289 288 291 349 348 344 347 343 346 345 400 402 405 401 404 399 403 457 460 459 456 458 461 455 8 9 13 12 10 7 11 69 66 63 67 65 64 68 186 184 187 188 183 185 182 241 243 244 240 238 242 239 296 294 298 295 299 300 297 351 356 355 352 353 350 354 409 411 406 410 407 412 408 468 466 463 467 462 464 465 16 19 17 15 20 18 14 71 76 74 70 75 73 72 132 130 127 131 126 128 129 250 248 245 251 247 246 249 305 307 302 303 304 301 306 360 357 361 362 358 363 359 414 415 418 419 416 417 413 473 475 472 469 474 470 471 24 21 27 25 23 22 26 79 80 78 82 77 83 81 137 139 136 133 138 134 135 191 194 193 190 195 189 192 314 312 313 308 310 311 309 369 366 370 365 367 368 364 424 420 423 425 426 421 422 477 479 476 482 478 480 481 32 34 28 29 33 31 30 87 89 88 86 90 84 85 141 143 140 146 142 144 145 201 198 199 200 196 202 197 255 258 256 257 253 254 252 373 376 372 377 371 374 375 433 430 427 429 428 431 432 488 483 486 487 489 485 484 40 38 36 35 37 41 39 95 93 97 96 94 92 91 152 147 150 151 153 149 148 204 207 209 203 205 206 208 265 262 260 263 264 259 261 319 317 315 320 321 316 318 437 440 439 435 436 434 438 492 494 496 490 493 491 495 48 47 46 44 42 45 43 103 98 101 99 104 102 100 156 158 160 154 157 155 159 216 210 211 214 215 212 213 267 271 272 268 266 269 270 324 326 325 323 327 328 322 383 381 382 378 384 380 379 501 499 502 503 498 500 497 50 51 55 54 52 49 53 111 108 105 109 107 106 110 165 163 166 167 162 164 161 220 222 223 219 217 221 218 275 273 277 274 278 279 276 330 335 334 331 332 329 333 388 390 385 389 386 391 387 447 445 442 446 441 443 444
61 62 56 57 58 59 60 116 115 117 114 113 118 112 173 168 172 174 171 170 169 230 226 224 229 225 228 227 281 284 283 280 286 282 285 338 342 341 340 336 337 339 395 396 393 398 397 392 394 452 451 453 450 449 454 448 2 3 4 5 6 0 1 122 119 120 125 124 121 123 179 180 175 177 176 181 178 236 235 237 231 234 233 232 293 289 292 288 287 291 290 344 347 346 349 345 343 348 401 405 404 403 400 402 399 458 455 456 461 460 457 459 13 11 10 8 7 9 12 64 65 68 63 69 67 66 184 185 188 186 187 182 183 244 238 243 239 240 241 242 299 298 300 296 297 295 294 354 353 351 350 355 356 352 407 408 410 411 412 406 409 467 468 462 463 465 466 464 15 20 19 18 16 14 17 72 74 73 76 70 71 75 131 132 126 127 129 130 128 248 249 246 247 250 251 245 303 301 306 307 302 304 305 363 362 357 359 360 361 358 418 417 416 414 413 419 415 470 472 473 474 475 471 469 23 25 22 27 26 24 21 80 83 82 81 78 77 79 134 136 137 138 139 135 133 195 191 192 189 190 193 194 312 313 308 309 311 314 310 367 364 369 370 366 365 368 422 426 421 420 423 424 425 482 481 479 480 477 476 478 31 28 33 30 29 34 32 88 87 85 90 89 86 84 146 145 143 144 141 140 142 197 200 196 201 202 198 199 254 255 258 256 252 253 257 376 377 374 371 372 375 373 431 427 432 433 429 430 428 486 485 489 484 483 487 488 39 40 35 41 38 37 36 96 91 95 93 92 97 94 150 149 153 148 147 151 152 205 209 206 207 208 204 203 260 264 263 259 265 261 262 318 319 321 317 320 315 316 440 436 437 438 434 435 439 495 490 491 496 492 493 494 47 44 48 42 43 46 45 104 102 98 103 101 100 99 159 154 155 160 156 157 158 214 213 216 212 211 210 215 269 268 266 270 271 272 267 323 328 326 327 322 324 325 382 383 379 380 381 384 378 499 500 503 501 502 497 498 55 53 52 50 49 51 54 106 107 110 105 111 109 108 163 164 167 165 166 161 162 223 217 222 218 219 220 221 278 277 279 275 276 274 273 333 332 330 329 334 335 331 386 387 389 390 391 385 388 446 447 441 442 444 445 443
62 56 57 58 59 60 61 114 118 116 112 117 113 115 171 172 169 173 168 174 170 228 227 229 226 230 224 225 285 282 284 286 283 281 280 342 336 339 341 337 340 338 393 395 392 396 398 394 397 450 454 452 448 453 449 451 1 2 3 4 5 6 0 124 123 125 121 119 122 120 181 177 180 176 178 175 179 232 236 234 237 233 235 231 289 287 293 291 288 290 292 346 349 343 344 348 345 347 403 404 400 399 401 405 402 460 459 461 457 455 458 456 10 12 7 13 9 11 8 67 69 66 68 64 63 65 185 182 186 184 188 183 187 243 240 238 242 239 244 241 297 300 295 299 294 296 298 352 355 354 356 351 353 350 412 409 411 408 406 410 407 463 467 465 462 464 468 466 18 16 20 14 15 17 19 75 73 71 74 76 72 70 127 131 129 126 128 132 130 249 245 251 250 248 247 246 307 304 305 301 306 302 303 361 359 362 358 363 357 360 416 419 413 418 415 414 417 471 473 470 475 472 469 474 26 27 24 22 21 23 25 83 77 81 79 82 78 80 135 137 134 139 136 133 138 190 195 194 193 189 192 191 313 308 309 310 314 312 311 366 368 367 369 364 370 365 425 423 424 426 421 422 420 480 478 481 476 482 479 477 34 33 29 32 30 28 31 85 88 84 89 87 90 86 144 142 145 140 146 143 141 199 201 202 197 198 200 196 253 254 255 258 257 252 256 377 371 375 372 374 373 376 430 432 428 431 433 427 429 489 487 483 488 485 484 486 36 39 41 37 40 38 35 93 94 96 91 97 95 92 153 151 147 152 149 148 150 208 206 204 209 203 205 207 263 265 259 261 260 262 264 316 318 320 319 317 321 315 436 434 440 439 435 438 437 494 496 493 491 495 492 490 44 42 47 43 45 48 46 101 100 102 104 98 99 103 158 160 157 155 159 156 154 212 215 214 210 216 213 211 272 270 271 267 268 266 269 327 324 328 322 325 323 326 379 382 378 384 383 381 380 500 497 501 499 503 498 502 52 54 49 55 51 53 50 109 111 108 110 106 105 107 164 161 165 163 167 162 166 222 219 217 221 218 223 220 276 279 274 278 273 275 277 331 334 333 335 330 332 329 391 388 390 387 385 389 386 442 446 444 441 443 447 445
63 70 77 84 91 98 105 119 126 133 140 147 154 161 175 182 189 196 203 210 217 231 238 245 252 259 266 273 287 294 301 308 315 322 329 343 350 357 364 371 378 385 399 406 413 420 427 434 441 455 462 469 476 483 490 497 7 14 21 28 35 42 49 112 127 134 141 148 155 162 168 183 190 197 204 211 218 224 239 246 253 260 267 274 280 295 302 309 316 323 330 336 351 358 365 372 379 386 392 407 414 421 428 435 442 448 463 470 477 484 491 498 0 15 22 29 36 43 50 56 71 78 85 92 99 106 169 176 191 198 205 212 219 225 232 247 254 261 268 275 281 288 303 310 317 324 331 337 344 359 366 373 380 387 393 400 415 422 429 436 443 449 456 471 478 485 492 499 1 8 23 30 37 44 51 57 64 79 86 93 100 107 113 120 135 142 149 156 163 226 233 240 255 262 269 276 282 289 296 311 318 325 332 338 345 352 367 374 381 388 394 401 408 423 430 437 444 450 457 464 479 486 493 500 2 9 16 31 38 45 52 58 65 72 87 94 101 108 114 121 128 143 150 157 164 170 177 184 199 206 213 220 283 290 297 304 319 326 333 339 346 353 360 375 382 389 395 402 409 416 431 438 445 451 458 465 472 487 494 501 3 10 17 24 39 46 53 59 66 73 80 95 102 109 115 122 129 136 151 158 165 171 178 185 192 207 214 221 227 234 241 248 263 270 277 340 347 354 361 368 383 390 396 403 410 417 424 439 446 452 459 466 473 480 495 502 4 11 18 25 32 47 54 60 67 74 81 88 103 110 116 123 130 137 144 159 166 172 179 186 193 200 215 222 228 235 242 249 256 271 278 284 291 298 305 312 327 334 397 404 411 418 425 432 447 453 460 467 474 481 488 503 5 12 19 26 33 40 55 61 68 75 82 89 96 111 117 124 131 138 145 152 167 173 180 187 194 201 208 223 229 236 243 250 257 264 279 285 292 299 306 313 320 335 341 348 355 362 369 376 391 454 461 468 475 482 489 496 6 13 20 27 34 41 48 62 69 76 83 90 97 104 118 125 132 139 146 153 160 174 181 188 195 202 209 216 230 237 244 251 258 265 272 286 293 300 307 314 321 328 342 349 356 363 370 377 384 398 405 412 419 426 433 440
64 72 80 88 96 104 106 122 131 134 146 150 159 163 179 184 195 197 205 214 223 236 244 248 254 260 269 278 293 299 303 312 318 323 333 344 354 363 367 376 382 386 401 407 418 422 431 440 446 458 467 470 482 486 495 499 13 15 23 31 39 47 55 116 132 136 145 149 154 164 173 185 191 200 209 213 217 230 238 249 255 264 268 277 281 298 301 313 319 328 332 338 353 362 364 377 383 387 395 408 417 426 427 436 447 452 468 472 481 485 490 500 2 20 25 28 40 44 53 61 74 83 87 91 102 107 168 180 192 196 206 216 222 226 235 246 258 263 266 279 284 289 306 308 321 326 330 342 347 357 369 374 379 389 396 405 416 421 432 437 441 451 455 473 479 489 491 503 3 11 22 33 35 48 52 62 65 82 85 95 98 110 115 119 137 143 153 155 167 224 237 243 256 259 270 275 283 292 300 309 317 327 329 341 346 351 370 371 380 390 393 404 410 420 433 438 442 453 456 462 480 484 496 501 4 10 19 30 41 42 50 56 68 73 90 93 103 105 117 120 126 144 148 160 165 172 175 188 201 207 212 218 280 288 296 307 320 322 334 340 349 350 359 372 381 391 398 403 411 414 429 434 444 450 461 463 474 483 492 502 5 8 18 27 38 43 49 57 63 76 81 92 101 111 114 125 127 138 147 156 166 174 177 186 189 208 211 219 229 231 239 247 265 271 276 336 345 355 360 366 384 385 397 400 412 413 423 435 445 449 460 465 475 477 493 497 6 7 16 26 29 46 51 58 69 70 78 89 100 109 113 124 129 139 141 157 161 171 176 187 190 202 210 220 225 234 240 250 252 272 274 286 287 297 302 311 324 335 392 402 406 419 424 430 443 454 457 466 471 476 487 498 0 9 14 24 34 37 54 59 67 71 77 86 97 108 118 121 130 135 140 151 162 170 181 182 193 198 204 221 228 233 241 251 253 261 273 282 291 295 304 314 315 331 337 343 356 361 365 375 388 448 459 464 469 478 488 494 1 12 17 21 32 36 45 60 66 75 79 84 94 99 112 123 128 133 142 152 158 169 178 183 194 199 203 215 227 232 242 245 257 262 267 285 290 294 305 310 316 325 339 348 352 358 368 373 378 394 399 409 415 425 428 439
65 73 81 89 97 99 107 125 130 136 142 148 157 167 176 188 194 200 206 211 221 233 242 247 258 264 270 274 290 295 306 311 317 328 334 347 355 358 370 375 381 387 404 408 419 421 429 439 445 461 466 472 478 484 493 503 12 20 22 30 38 46 54 113 128 138 140 153 159 165 170 186 192 202 203 212 223 227 244 250 256 261 266 276 284 297 303 314 320 325 329 341 350 361 367 373 384 389 398 410 413 425 431 437 443 449 464 474 476 489 495 501 4 17 26 31 37 48 49 59 70 79 90 96 101 110 173 181 189 197 207 215 220 224 234 249 257 265 269 273 286 292 304 312 316 322 332 339 345 363 365 371 383 391 397 399 414 426 430 438 446 450 458 475 480 488 490 498 5 7 25 34 39 45 50 60 68 77 87 92 104 109 114 122 139 144 152 154 162 230 232 241 252 260 271 279 280 291 294 313 321 324 333 337 349 353 368 376 379 385 396 402 412 422 428 434 447 454 455 467 477 485 494 502 6 8 14 33 36 47 53 61 67 76 84 95 100 106 118 119 131 141 149 158 166 171 179 183 198 208 216 217 281 289 300 305 315 323 335 336 348 354 357 377 380 388 394 400 406 417 432 440 442 453 459 468 471 486 491 497 0 11 16 21 41 44 55 62 64 75 78 91 103 108 117 123 132 135 150 155 161 169 175 187 195 204 213 222 228 236 238 246 262 272 275 338 346 356 359 369 378 386 392 405 409 418 420 436 444 451 457 463 469 481 496 499 1 13 19 24 28 43 52 56 66 72 83 86 98 111 115 121 127 133 145 160 163 174 180 182 191 199 214 218 226 231 243 251 254 267 277 285 293 296 301 309 326 331 395 403 407 415 423 433 441 448 456 465 473 482 483 500 2 10 15 27 32 35 51 57 69 74 80 85 94 105 112 120 129 137 146 147 164 172 178 184 190 196 209 219 225 237 239 245 255 263 278 283 287 298 307 310 318 330 342 344 352 360 364 372 390 452 460 462 470 479 487 492 3 9 18 23 29 40 42 58 63 71 82 88 93 102 116 124 126 134 143 151 156 168 177 185 193 201 205 210 229 235 240 248 253 259 268 282 288 299 302 308 319 327 340 343 351 362 366 374 382 393 401 411 416 424 427 435
66 74 82 90 92 100 108 120 128 139 145 151 155 166 177 187 192 198 209 215 218 234 239 251 256 262 268 279 291 300 302 310 320 326 332 348 353 359 365 374 384 390 405 411 417 423 428 438 443 456 464 475 481 487 491 502 11 19 27 29 37 45 53 118 129 133 144 150 156 167 169 188 193 196 208 214 220 226 241 247 257 259 272 278 283 299 305 311 321 322 331 340 352 363 369 375 380 385 397 406 416 422 433 439 444 454 465 469 480 486 492 503 5 14 23 32 41 46 52 58 75 81 86 95 104 105 174 179 190 201 203 213 221 228 237 248 252 264 267 276 280 290 301 314 318 327 335 341 343 360 368 377 381 386 394 403 419 420 431 435 447 452 457 474 482 484 494 497 6 10 21 31 40 43 54 59 63 83 89 94 103 106 116 121 138 146 148 158 161 225 236 242 253 265 266 277 285 288 297 312 315 328 330 336 347 356 364 373 382 391 398 399 407 424 432 436 445 451 460 468 478 483 495 498 0 12 18 28 39 48 51 60 64 70 85 97 102 111 115 124 132 142 147 159 162 173 178 182 202 205 211 222 282 293 298 306 316 324 329 342 345 351 361 376 378 387 392 404 412 415 427 437 446 449 455 466 470 488 496 500 1 9 20 26 35 47 50 61 69 72 77 93 99 110 113 119 130 134 152 160 164 172 181 183 191 206 210 223 230 235 243 245 261 269 274 339 344 350 362 370 379 388 393 402 408 414 425 440 441 448 461 467 471 479 490 501 2 8 17 22 34 42 55 62 68 71 80 84 101 107 112 125 131 135 143 154 165 170 175 185 194 197 216 219 229 232 244 246 255 270 273 281 292 295 307 308 325 333 396 401 409 413 426 429 442 450 459 462 472 477 489 499 3 13 16 25 30 36 49 56 65 76 79 88 91 109 114 123 126 136 141 153 163 168 176 186 195 199 207 217 227 231 240 249 258 260 275 286 289 294 303 309 319 334 338 349 354 358 366 371 389 453 458 463 473 476 485 493 4 7 15 24 33 38 44 57 67 73 78 87 96 98 117 122 127 137 140 149 157 171 180 184 189 200 204 212 224 233 238 250 254 263 271 284 287 296 304 313 317 323 337 346 355 357 367 372 383 395 400 410 418 421 430 434
67 75 83 85 93 101 109 124 127 135 144 153 158 164 181 185 190 199 208 212 222 232 243 249 253 263 272 276 289 297 307 313 316 327 331 346 352 361 366 377 379 391 403 412 416 425 430 436 442 460 463 471 480 489 494 500 10 18 26 34 36 44 52 114 131 137 142 151 160 161 171 182 195 201 206 215 219 228 240 245 254 265 270 279 285 300 304 308 318 324 334 342 355 359 368 371 382 388 393 409 419 423 432 434 446 450 467 473 478 487 496 497 1 16 27 33 39 42 54 62 73 77 88 94 100 111 172 177 194 202 204 214 217 227 236 251 255 259 271 274 282 287 305 309 320 328 333 336 349 362 367 375 378 390 395 404 413 424 428 440 444 454 459 470 481 483 493 501 2 12 24 29 41 47 49 56 69 81 84 96 102 108 118 123 134 145 147 157 165 229 234 238 258 261 267 278 284 293 295 310 319 322 335 339 343 354 369 372 384 387 392 400 411 426 431 439 441 452 461 465 476 488 491 499 3 7 20 32 37 43 55 57 66 71 89 91 104 110 116 125 129 140 152 155 163 169 180 186 197 209 210 221 286 291 299 301 317 325 330 341 344 356 358 374 383 385 396 399 408 418 433 435 443 448 457 462 475 485 495 503 4 13 14 22 40 45 51 58 68 74 79 97 98 106 112 121 126 139 149 159 167 173 176 184 193 203 216 218 226 237 242 250 260 268 273 337 348 351 363 364 381 389 398 401 406 415 421 438 447 453 455 464 472 482 492 498 5 9 15 21 30 48 53 59 64 76 82 87 99 105 117 119 128 136 146 156 162 168 178 188 189 198 213 223 230 233 239 248 257 266 275 283 288 294 306 314 323 332 394 405 410 414 422 427 445 449 458 468 469 479 484 502 6 11 17 23 28 38 50 60 63 72 78 90 95 107 113 122 132 133 143 148 166 174 175 183 192 200 205 220 224 235 244 247 252 262 277 281 290 296 302 312 321 329 340 345 353 357 370 373 386 451 456 466 474 477 486 490 0 8 19 25 31 35 46 61 65 70 80 86 92 103 115 120 130 138 141 150 154 170 179 187 191 196 207 211 225 231 241 246 256 264 269 280 292 298 303 311 315 326 338 347 350 360 365 376 380 397 402 407 417 420 429 437
68 76 78 86 94 102 110 123 129 138 143 149 160 162 180 183 193 202 207 213 219 237 240 246 257 261 271 277 288 298 304 309 321 325 335 345 356 362 368 372 380 389 402 410 415 426 432 435 444 459 465 474 479 485 496 498 9 17 25 33 41 43 51 115 126 135 146 152 157 166 172 187 189 199 205 216 221 229 242 251 252 263 269 275 286 296 306 310 315 327 333 337 354 360 370 374 378 391 394 412 418 424 429 438 441 451 462 471 482 488 493 502 6 18 24 30 35 45 55 57 72 82 84 97 103 109 170 178 195 200 208 210 218 230 231 250 253 262 270 278 285 291 307 311 319 323 329 340 346 358 364 376 384 388 392 401 417 425 433 434 445 453 461 469 477 487 495 500 0 13 26 32 38 42 53 58 67 80 90 91 99 111 117 125 133 141 151 159 164 227 235 239 254 264 272 273 281 287 299 314 316 326 334 342 348 350 366 375 383 386 397 403 409 421 427 440 443 448 458 466 481 489 492 497 1 11 15 34 40 46 49 59 69 75 88 92 98 107 112 122 130 145 153 156 161 174 176 185 196 204 215 223 284 292 294 302 318 328 331 338 343 355 363 373 379 390 393 405 407 413 430 439 447 454 460 464 473 484 490 499 2 7 19 23 36 48 54 60 65 71 83 96 100 105 118 124 128 137 148 154 163 168 179 182 194 209 212 220 225 233 244 249 259 267 279 341 349 352 357 365 382 387 395 399 411 419 422 437 442 450 456 468 470 476 494 503 3 12 14 27 31 44 50 61 63 73 79 85 104 108 114 120 132 134 140 158 167 169 181 184 192 201 211 217 224 236 241 245 258 268 276 282 290 300 303 313 322 330 398 400 408 416 420 428 446 452 455 463 475 478 486 501 4 8 20 21 29 39 52 62 66 70 81 87 93 106 116 119 127 139 142 150 165 171 177 188 191 197 203 222 226 232 238 248 256 265 274 280 293 297 305 308 317 332 339 347 351 359 367 377 385 449 457 467 472 480 483 491 5 10 16 22 28 37 47 56 64 74 77 89 95 101 113 121 131 136 144 147 155 173 175 186 190 198 206 214 228 234 243 247 255 260 266 283 289 295 301 312 320 324 336 344 353 361 369 371 381 396 404 406 414 423 431 436
69 71 79 87 95 103 111 121 132 137 141 152 156 165 178 186 191 201 204 216 220 235 241 250 255 265 267 275 292 296 305 314 319 324 330 349 351 360 369 373 383 388 400 409 414 424 433 437 447 457 468 473 477 488 492 501 8 16 24 32 40 48 50 117 130 139 143 147 158 163 174 184 194 198 207 210 222 225 243 248 258 262 271 273 282 294 307 312 317 326 335 339 356 357 366 376 381 390 396 411 415 420 430 440 445 453 466 475 479 483 494 499 3 19 21 34 38 47 51 60 76 80 89 93 98 108 171 175 193 199 209 211 223 229 233 245 256 260 272 277 283 293 302 313 315 325 334 338 348 361 370 372 382 385 398 402 418 423 427 439 442 448 460 472 476 486 496 502 4 9 27 28 36 46 55 61 66 78 88 97 101 105 112 124 136 140 150 160 166 228 231 244 257 263 268 274 286 290 298 308 320 323 331 340 344 355 365 377 378 389 395 405 406 425 429 435 446 449 459 463 482 487 490 503 5 13 17 29 35 44 54 62 63 74 86 96 99 109 113 123 127 146 151 154 167 168 181 187 200 203 214 219 285 287 295 303 321 327 332 337 347 352 362 371 384 386 397 401 410 419 428 436 441 452 456 467 469 489 493 498 6 12 15 25 37 42 52 56 67 70 82 94 104 107 116 120 131 133 153 157 162 170 180 188 190 205 215 217 224 232 240 251 264 266 278 342 343 353 358 367 380 391 394 404 407 416 426 434 443 454 458 462 474 478 491 500 0 10 20 23 33 45 49 57 65 75 77 90 102 106 118 122 126 138 142 155 164 173 177 183 195 196 212 221 227 237 238 247 253 269 279 280 289 299 304 310 328 329 393 399 412 417 421 431 444 451 461 464 470 480 485 497 1 7 18 22 31 41 53 58 64 73 83 84 92 110 115 125 128 134 144 149 161 169 179 185 189 202 206 218 230 234 242 246 254 259 276 284 288 300 301 311 316 333 336 346 350 363 368 374 387 450 455 465 471 481 484 495 2 11 14 26 30 39 43 59 68 72 81 85 91 100 114 119 129 135 145 148 159 172 176 182 192 197 208 213 226 236 239 249 252 261 270 281 291 297 306 309 318 322 341 345 354 359 364 375 379 392 403 408 413 422 432 438
70 77 84 91 98 105 63 140 154 119 161 133 147 126 203 189 217 175 182 196 210 266 273 252 238 231 245 259 329 322 294 315 301 287 308 350 371 385 357 378 364 343 413 399 434 406 420 441 427 476 490 455 497 469 483 462 49 7 14 21 28 35 42 148 162 141 155 127 112 134 211 197 183 204 218 190 168 274 224 260 246 267 239 253 295 316 280 323 309 330 302 358 365 379 336 386 372 351 421 414 428 442 392 407 435 484 498 477 491 463 448 470 22 50 36 0 43 15 29 99 92 106 78 56 85 71 176 212 198 169 191 219 205 247 261 232 275 254 225 268 317 303 324 281 331 310 288 387 373 337 380 359 344 366 429 443 422 400 436 415 393 478 449 485 471 499 456 492 30 37 8 44 1 51 23 107 79 100 64 86 57 93 142 113 149 135 163 120 156 233 276 269 262 226 255 240 311 325 332 289 296 318 282 381 367 345 388 338 352 374 408 437 430 394 444 423 401 493 464 450 486 457 500 479 38 31 45 16 52 2 9 65 101 87 108 72 94 58 157 128 114 150 121 164 143 206 170 220 213 199 184 177 290 297 304 333 326 283 319 375 389 339 353 346 360 382 445 431 438 402 409 395 416 472 501 458 494 451 465 487 46 17 39 53 24 10 3 73 59 109 95 66 80 102 136 165 122 158 115 129 151 221 192 207 171 214 178 185 270 227 234 241 277 263 248 347 361 383 368 354 390 340 439 410 446 396 417 403 424 466 495 480 502 459 473 452 54 4 25 47 11 32 18 81 110 60 67 103 74 88 130 159 144 166 123 137 116 200 186 215 179 222 172 193 242 256 249 271 228 278 235 334 284 312 291 305 298 327 404 425 397 447 432 418 411 503 474 488 467 453 481 460 12 26 5 33 55 19 40 89 96 68 61 75 111 82 167 138 152 131 117 145 124 194 223 173 208 187 180 201 264 250 257 279 236 243 229 306 320 292 313 335 285 299 355 341 391 376 348 369 362 461 489 475 454 468 496 482 20 48 34 6 41 13 27 97 90 104 76 62 83 69 125 153 139 118 132 160 146 188 202 181 216 195 174 209 258 244 265 230 272 251 237 328 314 286 321 300 293 307 370 384 363 349 377 356 342 419 398 426 412 440 405 433
71 79 87 95 103 111 69 141 156 121 165 137 152 132 204 191 220 178 186 201 216 267 275 255 241 235 250 265 330 324 296 319 305 292 314 351 373 388 360 383 369 349 414 400 437 409 424 447 433 477 492 457 501 473 488 468 50 8 16 24 32 40 48 147 163 143 158 130 117 139 210 198 184 207 222 194 174 273 225 262 248 271 243 258 294 317 282 326 312 335 307 357 366 381 339 390 376 356 420 415 430 445 396 411 440 483 499 479 494 466 453 475 21 51 38 3 47 19 34 98 93 108 80 60 89 76 175 211 199 171 193 223 209 245 260 233 277 256 229 272 315 302 325 283 334 313 293 385 372 338 382 361 348 370 427 442 423 402 439 418 398 476 448 486 472 502 460 496 28 36 9 46 4 55 27 105 78 101 66 88 61 97 140 112 150 136 166 124 160 231 274 268 263 228 257 244 308 323 331 290 298 320 286 378 365 344 389 340 355 377 406 435 429 395 446 425 405 490 463 449 487 459 503 482 35 29 44 17 54 5 13 63 99 86 109 74 96 62 154 127 113 151 123 167 146 203 168 219 214 200 187 181 287 295 303 332 327 285 321 371 386 337 352 347 362 384 441 428 436 401 410 397 419 469 498 456 493 452 467 489 42 15 37 52 25 12 6 70 56 107 94 67 82 104 133 162 120 157 116 131 153 217 190 205 170 215 180 188 266 224 232 240 278 264 251 343 358 380 367 353 391 342 434 407 443 394 416 404 426 462 491 478 500 458 474 454 49 0 23 45 10 33 20 77 106 57 65 102 75 90 126 155 142 164 122 138 118 196 183 212 177 221 173 195 238 253 247 269 227 279 237 329 280 310 289 304 299 328 399 421 393 444 431 417 412 497 470 485 464 451 480 461 7 22 1 31 53 18 41 84 92 64 58 73 110 83 161 134 149 128 115 144 125 189 218 169 206 185 179 202 259 246 254 276 234 242 230 301 316 288 311 333 284 300 350 336 387 374 346 368 363 455 484 471 450 465 495 481 14 43 30 2 39 11 26 91 85 100 72 59 81 68 119 148 135 114 129 159 145 182 197 176 213 192 172 208 252 239 261 226 270 249 236 322 309 281 318 297 291 306 364 379 359 345 375 354 341 413 392 422 408 438 403 432
72 80 88 96 104 106 64 146 159 122 163 134 150 131 205 195 223 179 184 197 214 269 278 254 244 236 248 260 333 323 299 318 303 293 312 354 376 386 363 382 367 344 418 401 440 407 422 446 431 482 495 458 499 470 486 467 55 13 15 23 31 39 47 149 164 145 154 132 116 136 213 200 185 209 217 191 173 277 230 264 249 268 238 255 298 319 281 328 313 332 301 362 364 383 338 387 377 353 426 417 427 447 395 408 436 485 500 481 490 468 452 472 25 53 40 2 44 20 28 102 91 107 83 61 87 74 180 216 196 168 192 222 206 246 263 235 279 258 226 266 321 306 326 284 330 308 289 389 374 342 379 357 347 369 432 441 421 405 437 416 396 479 451 489 473 503 455 491 33 35 11 48 3 52 22 110 82 98 65 85 62 95 143 115 153 137 167 119 155 237 275 270 259 224 256 243 309 327 329 292 300 317 283 380 370 346 390 341 351 371 410 438 433 393 442 420 404 496 462 453 484 456 501 480 41 30 42 19 50 4 10 68 103 90 105 73 93 56 160 126 117 148 120 165 144 207 172 218 212 201 188 175 288 296 307 334 322 280 320 372 391 340 350 349 359 381 444 429 434 403 411 398 414 474 502 461 492 450 463 483 43 18 38 49 27 8 5 76 57 111 92 63 81 101 138 166 125 156 114 127 147 219 189 208 174 211 177 186 271 229 231 239 276 265 247 345 360 384 366 355 385 336 435 412 445 397 413 400 423 465 493 477 497 460 475 449 51 6 26 46 7 29 16 78 109 58 69 100 70 89 129 157 141 161 124 139 113 202 187 210 176 220 171 190 240 252 250 272 225 274 234 335 286 311 287 302 297 324 402 424 392 443 430 419 406 498 471 487 466 454 476 457 9 24 0 34 54 14 37 86 97 67 59 71 108 77 162 135 151 130 118 140 121 193 221 170 204 182 181 198 261 251 253 273 233 241 228 304 315 291 314 331 282 295 356 337 388 375 343 365 361 459 488 469 448 464 494 478 17 45 32 1 36 12 21 94 84 99 75 60 79 66 123 152 133 112 128 158 142 183 199 178 215 194 169 203 257 242 262 227 267 245 232 325 310 285 316 294 290 305 368 378 358 348 373 352 339 415 394 425 409 439 399 428
73 81 89 97 99 107 65 142 157 125 167 136 148 130 206 194 221 176 188 200 211 270 274 258 242 233 247 264 334 328 295 317 306 290 311 355 375 387 358 381 370 347 419 404 439 408 421 445 429 478 493 461 503 472 484 466 54 12 20 22 30 38 46 153 165 140 159 128 113 138 212 202 186 203 223 192 170 276 227 261 250 266 244 256 297 320 284 325 314 329 303 361 367 384 341 389 373 350 425 413 431 443 398 410 437 489 501 476 495 464 449 474 26 49 37 4 48 17 31 101 96 110 79 59 90 70 181 215 197 173 189 220 207 249 265 234 273 257 224 269 316 304 322 286 332 312 292 391 371 339 383 363 345 365 430 446 426 399 438 414 397 480 450 488 475 498 458 490 34 39 7 45 5 50 25 109 77 104 68 87 60 92 144 114 152 139 162 122 154 232 279 271 260 230 252 241 313 324 333 291 294 321 280 379 368 349 385 337 353 376 412 434 428 396 447 422 402 494 467 454 485 455 502 477 36 33 47 14 53 6 8 67 100 84 106 76 95 61 158 131 118 149 119 166 141 208 171 217 216 198 183 179 289 300 305 335 323 281 315 377 388 336 354 348 357 380 442 432 440 400 406 394 417 471 497 459 491 453 468 486 44 16 41 55 21 11 0 75 62 108 91 64 78 103 135 161 123 155 117 132 150 222 195 204 169 213 175 187 272 228 236 238 275 262 246 346 359 378 369 356 386 338 436 409 444 392 418 405 420 463 496 481 499 457 469 451 52 1 24 43 13 28 19 83 111 56 66 98 72 86 127 160 145 163 121 133 115 199 182 214 180 218 174 191 243 254 251 267 226 277 231 331 285 309 293 301 296 326 403 423 395 441 433 415 407 500 473 483 465 448 482 456 10 27 2 32 51 15 35 85 94 69 57 74 105 80 164 137 147 129 112 146 120 190 219 172 209 184 178 196 263 245 255 278 237 239 225 307 318 287 310 330 283 298 352 342 390 372 344 364 360 460 487 470 452 462 492 479 18 42 29 3 40 9 23 93 88 102 71 58 82 63 124 151 134 116 126 156 143 185 201 177 210 193 168 205 253 240 259 229 268 248 235 327 308 282 319 299 288 302 366 382 362 343 374 351 340 416 393 424 411 435 401 427
74 82 90 92 100 108 66 145 155 120 166 139 151 128 209 192 218 177 187 198 215 268 279 256 239 234 251 262 332 326 300 320 302 291 310 353 374 390 359 384 365 348 417 405 438 411 423 443 428 481 491 456 502 475 487 464 53 11 19 27 29 37 45 150 167 144 156 129 118 133 214 196 188 208 220 193 169 278 226 259 247 272 241 257 299 321 283 322 311 331 305 363 369 380 340 385 375 352 422 416 433 444 397 406 439 486 503 480 492 465 454 469 23 52 41 5 46 14 32 104 95 105 81 58 86 75 179 213 201 174 190 221 203 248 264 237 276 252 228 267 318 301 327 280 335 314 290 386 377 341 381 360 343 368 431 447 420 403 435 419 394 482 452 484 474 497 457 494 31 40 10 43 6 54 21 106 83 103 63 89 59 94 146 116 148 138 161 121 158 236 277 266 265 225 253 242 312 328 330 288 297 315 285 382 364 347 391 336 356 373 407 436 432 398 445 424 399 495 468 451 483 460 498 478 39 28 48 18 51 0 12 64 102 85 111 70 97 60 159 132 115 147 124 162 142 205 173 222 211 202 182 178 293 298 306 329 324 282 316 376 387 342 351 345 361 378 446 427 437 404 412 392 415 470 500 455 496 449 466 488 47 20 35 50 26 9 1 72 61 110 93 69 77 99 134 164 119 160 113 130 152 223 191 206 172 210 181 183 269 230 235 243 274 261 245 344 362 379 370 350 388 339 440 408 441 393 414 402 425 467 490 479 501 461 471 448 55 2 22 42 8 34 17 80 107 62 68 101 71 84 131 154 143 165 125 135 112 197 185 216 175 219 170 194 244 255 246 270 229 273 232 333 281 308 292 307 295 325 401 426 396 442 429 413 409 499 472 489 462 450 477 459 13 25 3 30 49 16 36 88 91 65 56 76 109 79 163 136 153 126 114 141 123 195 217 168 207 186 176 199 260 249 258 275 231 240 227 303 319 289 309 334 286 294 354 338 389 371 349 366 358 458 485 473 453 463 493 476 15 44 33 4 38 7 24 96 87 98 73 57 78 67 122 149 137 117 127 157 140 184 200 180 212 189 171 204 254 238 263 224 271 250 233 323 313 284 317 296 287 304 367 383 357 346 372 355 337 418 395 421 410 434 400 430
75 83 85 93 101 109 67 144 158 124 164 135 153 127 208 190 222 181 185 199 212 272 276 253 243 232 249 263 331 327 297 316 307 289 313 352 377 391 361 379 366 346 416 403 436 412 425 442 430 480 494 460 500 471 489 463 52 10 18 26 34 36 44 151 161 142 160 131 114 137 215 201 182 206 219 195 171 279 228 265 245 270 240 254 300 318 285 324 308 334 304 359 368 382 342 388 371 355 423 419 432 446 393 409 434 487 497 478 496 467 450 473 27 54 39 1 42 16 33 100 94 111 77 62 88 73 177 214 202 172 194 217 204 251 259 236 274 255 227 271 320 305 328 282 333 309 287 390 375 336 378 362 349 367 428 444 424 404 440 413 395 481 454 483 470 501 459 493 29 41 12 47 2 49 24 108 81 102 69 84 56 96 145 118 147 134 165 123 157 234 278 267 261 229 258 238 310 322 335 293 295 319 284 384 369 343 387 339 354 372 411 439 431 392 441 426 400 491 465 452 488 461 499 476 37 32 43 20 55 3 7 66 104 89 110 71 91 57 155 129 116 152 125 163 140 209 169 221 210 197 186 180 291 299 301 330 325 286 317 374 385 341 356 344 358 383 443 433 435 399 408 396 418 475 503 457 495 448 462 485 45 14 40 51 22 13 4 74 58 106 97 68 79 98 139 167 121 159 112 126 149 218 193 203 173 216 176 184 268 226 237 242 273 260 250 348 363 381 364 351 389 337 438 406 447 398 415 401 421 464 492 482 498 455 472 453 53 5 21 48 9 30 15 82 105 59 64 99 76 87 128 156 146 162 119 136 117 198 188 213 178 223 168 189 239 257 248 266 230 275 233 332 283 314 288 306 294 323 405 422 394 445 427 414 410 502 469 484 468 449 479 458 11 23 6 28 50 17 38 90 95 63 60 72 107 78 166 133 148 132 113 143 122 192 220 174 205 183 175 200 262 247 252 277 235 244 224 302 321 290 312 329 281 296 353 340 386 373 345 370 357 456 486 474 451 466 490 477 19 46 31 0 35 8 25 92 86 103 70 61 80 65 120 150 138 115 130 154 141 187 196 179 211 191 170 207 256 241 264 225 269 246 231 326 311 280 315 298 292 303 365 380 360 347 376 350 338 417 397 420 407 437 402 429
76 78 86 94 102 110 68 143 160 123 162 138 149 129 207 193 219 180 183 202 213 271 277 257 240 237 246 261 335 325 298 321 304 288 309 356 372 389 362 380 368 345 415 402 435 410 426 444 432 479 496 459 498 474 485 465 51 9 17 25 33 41 43 152 166 146 157 126 115 135 216 199 187 205 221 189 172 275 229 263 251 269 242 252 296 315 286 327 310 333 306 360 370 378 337 391 374 354 424 418 429 441 394 412 438 488 502 482 493 462 451 471 24 55 35 6 45 18 30 103 97 109 82 57 84 72 178 210 200 170 195 218 208 250 262 231 278 253 230 270 319 307 323 285 329 311 291 388 376 340 384 358 346 364 433 445 425 401 434 417 392 477 453 487 469 500 461 495 32 38 13 42 0 53 26 111 80 99 67 90 58 91 141 117 151 133 164 125 159 235 273 272 264 227 254 239 314 326 334 287 299 316 281 383 366 348 386 342 350 375 409 440 427 397 443 421 403 492 466 448 489 458 497 481 40 34 46 15 49 1 11 69 98 88 107 75 92 59 156 130 112 153 122 161 145 204 174 223 215 196 185 176 292 294 302 331 328 284 318 373 390 338 355 343 363 379 447 430 439 405 407 393 413 473 499 460 490 454 464 484 48 19 36 54 23 7 2 71 60 105 96 65 83 100 137 163 124 154 118 128 148 220 194 209 168 212 179 182 267 225 233 244 279 259 249 349 357 382 365 352 387 341 437 411 442 395 419 399 422 468 494 476 503 456 470 450 50 3 27 44 12 31 14 79 108 61 63 104 73 85 132 158 140 167 120 134 114 201 184 211 181 217 169 192 241 258 245 268 224 276 236 330 282 313 290 303 300 322 400 420 398 446 428 416 408 501 475 486 463 452 478 455 8 21 4 29 52 20 39 87 93 66 62 70 106 81 165 139 150 127 116 142 119 191 222 171 203 188 177 197 265 248 256 274 232 238 226 305 317 293 308 332 280 297 351 339 385 377 347 367 359 457 483 472 449 467 491 480 16 47 28 5 37 10 22 95 89 101 74 56 77 64 121 147 136 113 131 155 144 186 198 175 214 190 173 206 255 243 260 228 266 247 234 324 312 283 320 295 289 301 369 381 361 344 371 353 336 414 396 423 406 436 404 431
77 84 91 98 105 63 70 161 147 140 126 119 133 154 182 217 210 203 189 175 196 245 259 238 273 266 252 231 308 287 322 301 294 329 315 371 378 343 385 364 357 350 434 413 441 399 406 427 420 497 483 476 462 455 469 490 42 49 7 14 21 28 35 127 134 155 112 162 148 141 190 204 197 218 168 183 211 253 274 267 260 239 224 246 316 309 295 330 323 302 280 379 336 372 358 351 386 365 442 428 392 435 421 414 407 463 470 491 448 498 484 477 36 29 43 22 15 50 0 85 56 71 106 99 78 92 212 219 169 176 198 205 191 232 254 261 268 275 247 225 331 324 310 317 288 281 303 366 359 387 344 337 373 380 436 393 400 443 415 422 429 471 478 499 485 492 449 456 44 1 37 51 30 23 8 93 100 57 79 64 107 86 135 142 163 149 156 113 120 276 240 255 226 233 262 269 289 318 282 325 332 296 311 352 388 367 374 381 345 338 430 423 444 408 401 394 437 500 450 493 457 464 479 486 52 16 2 45 9 38 31 101 94 108 58 87 72 65 164 114 157 121 128 143 150 199 206 177 184 213 220 170 297 304 333 319 283 290 326 346 382 375 339 389 353 360 416 409 395 431 438 445 402 494 487 501 465 472 458 451 10 39 24 3 53 17 46 109 73 102 66 59 95 80 158 151 165 129 136 122 115 185 171 214 221 178 192 207 263 270 227 234 248 277 241 361 368 390 354 383 340 347 403 446 424 439 396 410 417 480 473 459 452 495 502 466 18 54 47 32 4 11 25 67 88 81 110 74 60 103 144 137 123 116 159 166 130 222 215 172 186 193 200 179 249 228 271 278 242 235 256 327 334 305 284 291 312 298 425 432 404 411 418 447 397 460 467 481 488 503 453 474 26 33 12 55 40 5 19 75 111 96 89 68 82 61 124 131 145 152 167 117 138 208 201 194 180 173 223 187 243 279 236 229 250 257 264 313 285 320 335 299 306 292 391 355 362 369 341 348 376 489 496 454 461 475 482 468 34 27 41 20 13 48 6 83 62 69 104 97 76 90 153 160 118 125 139 146 132 181 195 202 209 216 188 174 272 265 251 258 237 230 244 307 300 328 293 286 314 321 377 342 349 384 356 363 370 412 419 440 426 433 398 405
78 86 94 102 110 68 76 162 149 143 129 123 138 160 183 219 213 207 193 180 202 246 261 240 277 271 257 237 309 288 325 304 298 335 321 372 380 345 389 368 362 356 435 415 444 402 410 432 426 498 485 479 465 459 474 496 43 51 9 17 25 33 41 126 135 157 115 166 152 146 189 205 199 221 172 187 216 252 275 269 263 242 229 251 315 310 296 333 327 306 286 378 337 374 360 354 391 370 441 429 394 438 424 418 412 462 471 493 451 502 488 482 35 30 45 24 18 55 6 84 57 72 109 103 82 97 210 218 170 178 200 208 195 231 253 262 270 278 250 230 329 323 311 319 291 285 307 364 358 388 346 340 376 384 434 392 401 445 417 425 433 469 477 500 487 495 453 461 42 0 38 53 32 26 13 91 99 58 80 67 111 90 133 141 164 151 159 117 125 273 239 254 227 235 264 272 287 316 281 326 334 299 314 350 386 366 375 383 348 342 427 421 443 409 403 397 440 497 448 492 458 466 481 489 49 15 1 46 11 40 34 98 92 107 59 88 75 69 161 112 156 122 130 145 153 196 204 176 185 215 223 174 294 302 331 318 284 292 328 343 379 373 338 390 355 363 413 407 393 430 439 447 405 490 484 499 464 473 460 454 7 36 23 2 54 19 48 105 71 100 65 60 96 83 154 148 163 128 137 124 118 182 168 212 220 179 194 209 259 267 225 233 249 279 244 357 365 387 352 382 341 349 399 442 422 437 395 411 419 476 470 456 450 494 503 468 14 50 44 31 3 12 27 63 85 79 108 73 61 104 140 134 120 114 158 167 132 217 211 169 184 192 201 181 245 224 268 276 241 236 258 322 330 303 282 290 313 300 420 428 400 408 416 446 398 455 463 478 486 501 452 475 21 29 8 52 39 4 20 70 106 93 87 66 81 62 119 127 142 150 165 116 139 203 197 191 177 171 222 188 238 274 232 226 248 256 265 308 280 317 332 297 305 293 385 351 359 367 339 347 377 483 491 449 457 472 480 467 28 22 37 16 10 47 5 77 56 64 101 95 74 89 147 155 113 121 136 144 131 175 190 198 206 214 186 173 266 260 247 255 234 228 243 301 295 324 289 283 312 320 371 336 344 381 353 361 369 406 414 436 423 431 396 404
79 87 95 103 111 69 71 165 152 141 132 121 137 156 186 220 216 204 191 178 201 250 265 241 275 267 255 235 314 292 324 305 296 330 319 373 383 349 388 369 360 351 437 414 447 400 409 433 424 501 488 477 468 457 473 492 48 50 8 16 24 32 40 130 139 158 117 163 147 143 194 207 198 222 174 184 210 258 273 271 262 243 225 248 317 312 294 335 326 307 282 381 339 376 357 356 390 366 445 430 396 440 420 415 411 466 475 494 453 499 483 479 38 34 47 21 19 51 3 89 60 76 108 98 80 93 211 223 171 175 199 209 193 233 256 260 272 277 245 229 334 325 313 315 293 283 302 370 361 385 348 338 372 382 439 398 402 442 418 423 427 472 476 502 486 496 448 460 46 4 36 55 28 27 9 97 101 61 78 66 105 88 136 140 166 150 160 112 124 274 244 257 228 231 263 268 290 320 286 323 331 298 308 355 389 365 377 378 344 340 429 425 446 406 405 395 435 503 449 490 459 463 482 487 54 17 5 44 13 35 29 99 96 109 62 86 74 63 167 113 154 123 127 146 151 200 203 181 187 214 219 168 295 303 332 321 285 287 327 347 384 371 337 386 352 362 419 410 397 428 436 441 401 493 489 498 467 469 456 452 12 37 25 6 52 15 42 107 70 104 67 56 94 82 157 153 162 131 133 120 116 188 170 215 217 180 190 205 264 266 224 232 251 278 240 358 367 391 353 380 342 343 404 443 426 434 394 407 416 478 474 458 454 491 500 462 20 49 45 33 0 10 23 65 90 77 106 75 57 102 142 138 122 118 155 164 126 221 212 173 183 195 196 177 247 227 269 279 238 237 253 328 329 304 280 289 310 299 421 431 399 412 417 444 393 461 464 480 485 497 451 470 22 31 7 53 41 1 18 73 110 92 84 64 83 58 125 128 144 149 161 115 134 206 202 189 179 169 218 185 242 276 234 230 246 254 259 311 284 316 333 300 301 288 387 350 363 368 336 346 374 484 495 450 455 471 481 465 30 26 39 14 11 43 2 81 59 68 100 91 72 85 148 159 114 119 135 145 129 176 192 197 208 213 182 172 270 261 249 252 236 226 239 306 297 322 291 281 309 318 375 341 345 379 354 359 364 408 413 438 422 432 392 403
80 88 96 104 106 64 72 163 150 146 131 122 134 159 184 223 214 205 195 179 197 248 260 244 278 269 254 236 312 293 323 303 299 333 318 376 382 344 386 367 363 354 440 418 446 401 407 431 422 499 486 482 467 458 470 495 47 55 13 15 23 31 39 132 136 154 116 164 149 145 191 209 200 217 173 185 213 255 277 268 264 238 230 249 319 313 298 332 328 301 281 383 338 377 362 353 387 364 447 427 395 436 426 417 408 468 472 490 452 500 485 481 40 28 44 25 20 53 2 87 61 74 107 102 83 91 216 222 168 180 196 206 192 235 258 263 266 279 246 226 330 326 308 321 289 284 306 369 357 389 347 342 374 379 437 396 405 441 416 421 432 473 479 503 489 491 451 455 48 3 35 52 33 22 11 95 98 62 82 65 110 85 137 143 167 153 155 115 119 275 243 256 224 237 259 270 292 317 283 327 329 300 309 351 390 370 371 380 346 341 433 420 442 410 404 393 438 501 453 496 456 462 480 484 50 19 4 42 10 41 30 103 93 105 56 90 73 68 165 117 160 120 126 144 148 201 207 175 188 212 218 172 296 307 334 320 280 288 322 349 381 372 340 391 350 359 414 411 398 429 434 444 403 492 483 502 463 474 461 450 8 38 27 5 49 18 43 111 76 101 63 57 92 81 156 147 166 127 138 125 114 186 174 211 219 177 189 208 265 271 229 231 247 276 239 360 366 385 355 384 336 345 400 445 423 435 397 412 413 477 475 460 449 493 497 465 16 51 46 29 6 7 26 69 89 78 109 70 58 100 141 139 124 113 157 161 129 220 210 171 187 190 202 176 250 225 272 274 240 234 252 324 335 302 286 287 311 297 424 430 402 406 419 443 392 457 466 476 487 498 454 471 24 34 9 54 37 0 14 71 108 97 86 67 77 59 121 130 140 151 162 118 135 204 198 193 181 170 221 182 241 273 233 228 251 253 261 314 282 315 331 295 304 291 388 356 361 365 337 343 375 488 494 448 459 469 478 464 32 21 36 17 12 45 1 79 60 66 99 94 75 84 152 158 112 123 133 142 128 178 194 199 203 215 183 169 267 262 245 257 232 227 242 305 294 325 290 285 310 316 373 339 348 378 352 358 368 409 415 439 425 428 394 399
81 89 97 99 107 65 73 167 148 142 130 125 136 157 188 221 211 206 194 176 200 247 264 242 274 270 258 233 311 290 328 306 295 334 317 375 381 347 387 370 358 355 439 419 445 404 408 429 421 503 484 478 466 461 472 493 46 54 12 20 22 30 38 128 138 159 113 165 153 140 192 203 202 223 170 186 212 256 276 266 261 244 227 250 320 314 297 329 325 303 284 384 341 373 361 350 389 367 443 431 398 437 425 413 410 464 474 495 449 501 489 476 37 31 48 26 17 49 4 90 59 70 110 101 79 96 215 220 173 181 197 207 189 234 257 265 269 273 249 224 332 322 312 316 292 286 304 365 363 391 345 339 371 383 438 397 399 446 414 426 430 475 480 498 488 490 450 458 45 5 39 50 34 25 7 92 104 60 77 68 109 87 139 144 162 152 154 114 122 279 241 252 230 232 260 271 291 321 280 324 333 294 313 353 385 368 376 379 349 337 428 422 447 412 402 396 434 502 454 494 455 467 477 485 53 14 6 47 8 36 33 100 95 106 61 84 76 67 166 118 158 119 131 141 149 198 208 179 183 216 217 171 300 305 335 315 281 289 323 348 380 377 336 388 354 357 417 406 394 432 440 442 400 491 486 497 468 471 459 453 11 41 21 0 55 16 44 108 75 103 64 62 91 78 155 150 161 132 135 123 117 187 169 213 222 175 195 204 262 272 228 236 246 275 238 359 369 386 356 378 338 346 405 444 420 436 392 409 418 481 469 457 451 496 499 463 19 52 43 28 1 13 24 66 86 83 111 72 56 98 145 133 121 115 160 163 127 218 214 174 182 191 199 180 251 226 267 277 243 231 254 326 331 301 285 293 309 296 423 433 403 407 415 441 395 456 465 482 483 500 448 473 27 32 10 51 35 2 15 74 105 94 85 69 80 57 120 129 146 147 164 112 137 209 196 190 178 172 219 184 239 278 237 225 245 255 263 310 283 318 330 298 307 287 390 352 360 364 342 344 372 487 492 452 460 470 479 462 29 23 40 18 9 42 3 82 58 63 102 93 71 88 151 156 116 124 134 143 126 177 193 201 205 210 185 168 268 259 248 253 235 229 240 302 299 327 288 282 308 319 374 340 343 382 351 362 366 411 416 435 424 427 393 401
82 90 92 100 108 66 74 166 151 145 128 120 139 155 187 218 215 209 192 177 198 251 262 239 279 268 256 234 310 291 326 302 300 332 320 374 384 348 390 365 359 353 438 417 443 405 411 428 423 502 487 481 464 456 475 491 45 53 11 19 27 29 37 129 133 156 118 167 150 144 193 208 196 220 169 188 214 257 278 272 259 241 226 247 321 311 299 331 322 305 283 380 340 375 363 352 385 369 444 433 397 439 422 416 406 465 469 492 454 503 486 480 41 32 46 23 14 52 5 86 58 75 105 104 81 95 213 221 174 179 201 203 190 237 252 264 267 276 248 228 335 327 314 318 290 280 301 368 360 386 343 341 377 381 435 394 403 447 419 420 431 474 482 497 484 494 452 457 43 6 40 54 31 21 10 94 103 59 83 63 106 89 138 146 161 148 158 116 121 277 242 253 225 236 265 266 288 315 285 328 330 297 312 356 391 364 373 382 347 336 432 424 445 407 399 398 436 498 451 495 460 468 478 483 51 18 0 48 12 39 28 102 97 111 60 85 70 64 162 115 159 124 132 142 147 202 205 178 182 211 222 173 298 306 329 316 282 293 324 345 378 376 342 387 351 361 415 412 392 427 437 446 404 496 488 500 466 470 455 449 9 35 26 1 50 20 47 110 72 99 69 61 93 77 160 152 164 130 134 119 113 183 172 210 223 181 191 206 261 269 230 235 245 274 243 362 370 388 350 379 339 344 402 441 425 440 393 408 414 479 471 461 448 490 501 467 17 55 42 34 2 8 22 68 84 80 107 71 62 101 143 135 125 112 154 165 131 219 216 170 185 194 197 175 246 229 270 273 244 232 255 325 333 307 281 292 308 295 426 429 401 409 413 442 396 459 462 477 489 499 450 472 25 30 13 49 36 3 16 76 109 91 88 65 79 56 123 126 141 153 163 114 136 207 199 195 176 168 217 186 240 275 231 227 249 258 260 309 286 319 334 294 303 289 389 354 358 366 338 349 371 485 493 453 458 473 476 463 33 24 38 15 7 44 4 78 57 67 98 96 73 87 149 157 117 122 137 140 127 180 189 200 204 212 184 171 271 263 250 254 233 224 238 304 296 323 287 284 313 317 372 337 346 383 355 357 367 410 418 434 421 430 395 400
83 85 93 101 109 67 75 164 153 144 127 124 135 158 185 222 212 208 190 181 199 249 263 243 276 272 253 232 313 289 327 307 297 331 316 377 379 346 391 366 361 352 436 416 442 403 412 430 425 500 489 480 463 460 471 494 44 52 10 18 26 34 36 131 137 160 114 161 151 142 195 206 201 219 171 182 215 254 279 270 265 240 228 245 318 308 300 334 324 304 285 382 342 371 359 355 388 368 446 432 393 434 423 419 409 467 473 496 450 497 487 478 39 33 42 27 16 54 1 88 62 73 111 100 77 94 214 217 172 177 202 204 194 236 255 259 271 274 251 227 333 328 309 320 287 282 305 367 362 390 349 336 375 378 440 395 404 444 413 424 428 470 481 501 483 493 454 459 47 2 41 49 29 24 12 96 102 56 81 69 108 84 134 145 165 147 157 118 123 278 238 258 229 234 261 267 293 319 284 322 335 295 310 354 387 369 372 384 343 339 431 426 441 411 400 392 439 499 452 491 461 465 476 488 55 20 3 43 7 37 32 104 91 110 57 89 71 66 163 116 155 125 129 140 152 197 209 180 186 210 221 169 299 301 330 317 286 291 325 344 383 374 341 385 356 358 418 408 396 433 435 443 399 495 485 503 462 475 457 448 13 40 22 4 51 14 45 106 74 98 68 58 97 79 159 149 167 126 139 121 112 184 173 216 218 176 193 203 260 268 226 237 250 273 242 363 364 389 351 381 337 348 401 447 421 438 398 406 415 482 472 455 453 492 498 464 15 53 48 30 5 9 21 64 87 82 105 76 59 99 146 136 119 117 156 162 128 223 213 168 188 189 198 178 248 230 266 275 239 233 257 323 332 306 283 288 314 294 422 427 405 410 414 445 394 458 468 479 484 502 449 469 23 28 11 50 38 6 17 72 107 95 90 63 78 60 122 132 143 148 166 113 133 205 200 192 175 174 220 183 244 277 235 224 247 252 262 312 281 321 329 296 302 290 386 353 357 370 340 345 373 486 490 451 456 474 477 466 31 25 35 19 8 46 0 80 61 65 103 92 70 86 150 154 115 120 138 141 130 179 191 196 207 211 187 170 269 264 246 256 231 225 241 303 298 326 292 280 311 315 376 338 347 380 350 360 365 407 417 437 420 429 397 402
84 91 98 105 63 70 77 126 133 161 154 140 119 147 189 210 196 182 217 203 175 252 231 273 259 245 238 266 315 329 287 294 322 308 301 378 364 350 343 357 385 371 441 434 427 413 399 420 406 462 469 497 490 476 455 483 35 42 49 7 14 21 28 162 141 112 148 134 127 155 183 218 204 168 211 197 190 246 253 239 267 224 274 260 309 323 316 302 330 280 295 372 358 386 379 365 351 336 435 392 421 407 442 428 414 498 477 448 484 470 463 491 43 0 15 36 50 29 22 78 99 92 71 85 106 56 219 205 176 212 169 191 198 261 275 254 225 268 232 247 288 310 281 331 303 317 324 380 337 366 373 387 359 344 415 429 443 393 422 400 436 485 471 492 499 456 478 449 51 30 1 23 44 8 37 86 57 107 100 79 93 64 149 135 156 163 120 142 113 240 269 262 233 276 226 255 325 296 311 318 282 332 289 345 374 388 338 352 367 381 444 394 401 430 437 408 423 479 493 500 464 450 486 457 9 45 38 2 31 52 16 94 72 58 65 108 87 101 143 157 164 128 114 150 121 213 199 170 220 184 177 206 304 333 319 326 290 297 283 389 360 346 375 382 339 353 402 438 445 409 395 416 431 465 451 487 458 494 501 472 17 24 53 46 3 39 10 102 109 80 59 73 66 95 129 115 151 122 158 165 136 207 221 178 185 192 171 214 277 263 270 227 241 248 234 368 354 340 383 390 347 361 410 424 417 403 439 446 396 459 502 495 466 473 452 480 25 18 32 11 54 4 47 110 103 67 88 60 81 74 123 166 159 130 137 116 144 193 172 200 215 179 222 186 271 242 278 235 249 256 228 298 327 291 334 284 305 312 432 418 425 397 447 411 404 474 488 453 481 460 503 467 33 55 26 40 19 12 5 68 82 111 75 96 61 89 138 152 117 145 124 167 131 180 187 208 223 194 201 173 257 229 250 264 279 236 243 335 306 285 299 292 313 320 362 391 376 348 355 341 369 496 482 461 489 454 468 475 41 6 13 34 48 27 20 76 97 90 69 83 104 62 160 146 125 153 118 132 139 202 216 195 174 209 181 188 237 251 230 272 244 258 265 321 286 307 314 328 300 293 356 370 384 342 363 349 377 426 412 433 440 405 419 398
85 93 101 109 67 75 83 127 135 164 158 144 124 153 190 212 199 185 222 208 181 253 232 276 263 249 243 272 316 331 289 297 327 313 307 379 366 352 346 361 391 377 442 436 430 416 403 425 412 463 471 500 494 480 460 489 36 44 52 10 18 26 34 161 142 114 151 137 131 160 182 219 206 171 215 201 195 245 254 240 270 228 279 265 308 324 318 304 334 285 300 371 359 388 382 368 355 342 434 393 423 409 446 432 419 497 478 450 487 473 467 496 42 1 16 39 54 33 27 77 100 94 73 88 111 62 217 204 177 214 172 194 202 259 274 255 227 271 236 251 287 309 282 333 305 320 328 378 336 367 375 390 362 349 413 428 444 395 424 404 440 483 470 493 501 459 481 454 49 29 2 24 47 12 41 84 56 108 102 81 96 69 147 134 157 165 123 145 118 238 267 261 234 278 229 258 322 295 310 319 284 335 293 343 372 387 339 354 369 384 441 392 400 431 439 411 426 476 491 499 465 452 488 461 7 43 37 3 32 55 20 91 71 57 66 110 89 104 140 155 163 129 116 152 125 210 197 169 221 186 180 209 301 330 317 325 291 299 286 385 358 344 374 383 341 356 399 435 443 408 396 418 433 462 448 485 457 495 503 475 14 22 51 45 4 40 13 98 106 79 58 74 68 97 126 112 149 121 159 167 139 203 218 176 184 193 173 216 273 260 268 226 242 250 237 364 351 337 381 389 348 363 406 421 415 401 438 447 398 455 498 492 464 472 453 482 21 15 30 9 53 5 48 105 99 64 87 59 82 76 119 162 156 128 136 117 146 189 168 198 213 178 223 188 266 239 275 233 248 257 230 294 323 288 332 283 306 314 427 414 422 394 445 410 405 469 484 449 479 458 502 468 28 50 23 38 17 11 6 63 78 107 72 95 60 90 133 148 113 143 122 166 132 175 183 205 220 192 200 174 252 224 247 262 277 235 244 329 302 281 296 290 312 321 357 386 373 345 353 340 370 490 477 456 486 451 466 474 35 0 8 31 46 25 19 70 92 86 65 80 103 61 154 141 120 150 115 130 138 196 211 191 170 207 179 187 231 246 225 269 241 256 264 315 280 303 311 326 298 292 350 365 380 338 360 347 376 420 407 429 437 402 417 397
86 94 102 110 68 76 78 129 138 162 160 143 123 149 193 213 202 183 219 207 180 257 237 277 261 246 240 271 321 335 288 298 325 309 304 380 368 356 345 362 389 372 444 435 432 415 402 426 410 465 474 498 496 479 459 485 41 43 51 9 17 25 33 166 146 115 152 135 126 157 187 221 205 172 216 199 189 251 252 242 269 229 275 263 310 327 315 306 333 286 296 374 360 391 378 370 354 337 438 394 424 412 441 429 418 502 482 451 488 471 462 493 45 6 18 35 55 30 24 82 103 97 72 84 109 57 218 208 178 210 170 195 200 262 278 253 230 270 231 250 291 311 285 329 307 319 323 384 340 364 376 388 358 346 417 433 445 392 425 401 434 487 469 495 500 461 477 453 53 32 0 26 42 13 38 90 58 111 99 80 91 67 151 133 159 164 125 141 117 239 272 264 235 273 227 254 326 299 314 316 281 334 287 348 375 386 342 350 366 383 443 397 403 427 440 409 421 481 492 497 466 448 489 458 11 46 40 1 34 49 15 92 75 59 69 107 88 98 145 156 161 130 112 153 122 215 196 174 223 185 176 204 302 331 318 328 292 294 284 390 363 343 373 379 338 355 405 439 447 407 393 413 430 464 454 484 460 490 499 473 19 23 54 48 2 36 7 100 105 83 60 71 65 96 128 118 148 124 154 163 137 209 220 179 182 194 168 212 279 259 267 225 244 249 233 365 352 341 382 387 349 357 411 422 419 399 437 442 395 456 503 494 468 470 450 476 27 14 31 12 50 3 44 108 104 63 85 61 79 73 120 167 158 132 134 114 140 192 169 201 211 181 217 184 268 241 276 236 245 258 224 300 322 290 330 282 303 313 428 416 420 398 446 408 400 475 486 452 478 455 501 463 29 52 21 39 20 8 4 66 81 106 70 93 62 87 139 150 116 142 119 165 127 177 188 203 222 191 197 171 256 226 248 265 274 232 238 332 305 280 297 293 308 317 359 385 377 347 351 339 367 491 480 457 483 449 467 472 37 5 10 28 47 22 16 74 95 89 64 77 101 56 155 144 121 147 113 131 136 198 214 190 173 206 175 186 234 247 228 266 243 255 260 320 283 301 312 324 295 289 353 369 381 336 361 344 371 423 406 431 436 404 414 396
87 95 103 111 69 71 79 132 137 165 156 141 121 152 191 216 201 186 220 204 178 255 235 275 265 250 241 267 319 330 292 296 324 314 305 383 369 351 349 360 388 373 447 437 433 414 400 424 409 468 473 501 492 477 457 488 40 48 50 8 16 24 32 163 143 117 147 139 130 158 184 222 207 174 210 198 194 248 258 243 271 225 273 262 312 326 317 307 335 282 294 376 357 390 381 366 356 339 440 396 420 411 445 430 415 499 479 453 483 475 466 494 47 3 19 38 51 34 21 80 98 93 76 89 108 60 223 209 175 211 171 193 199 260 277 256 229 272 233 245 293 313 283 334 302 315 325 382 338 370 372 385 361 348 418 427 442 398 423 402 439 486 472 496 502 460 476 448 55 28 4 27 46 9 36 88 61 105 101 78 97 66 150 136 160 166 124 140 112 244 268 263 231 274 228 257 323 298 308 320 286 331 290 344 377 389 340 355 365 378 446 395 405 429 435 406 425 482 490 503 463 449 487 459 13 44 35 5 29 54 17 96 74 62 63 109 86 99 146 154 167 127 113 151 123 214 200 168 219 187 181 203 303 332 321 327 287 295 285 386 362 347 371 384 337 352 401 436 441 410 397 419 428 467 452 489 456 493 498 469 15 25 52 42 6 37 12 104 107 82 56 70 67 94 131 116 153 120 157 162 133 205 217 180 188 190 170 215 278 264 266 224 240 251 232 367 353 342 380 391 343 358 407 426 416 404 434 443 394 458 500 491 462 474 454 478 23 20 33 10 49 0 45 106 102 65 90 57 77 75 122 164 155 126 138 118 142 195 173 196 212 177 221 183 269 238 279 237 247 253 227 299 328 289 329 280 304 310 431 417 421 393 444 412 399 470 485 451 480 461 497 464 31 53 22 41 18 7 1 64 83 110 73 92 58 84 134 149 115 144 125 161 128 179 185 206 218 189 202 169 254 230 246 259 276 234 242 333 301 284 300 288 311 316 363 387 374 346 350 336 368 495 481 455 484 450 465 471 39 2 11 30 43 26 14 72 91 85 68 81 100 59 159 145 119 148 114 129 135 197 213 192 172 208 176 182 236 249 226 270 239 252 261 318 281 306 309 322 297 291 354 364 379 341 359 345 375 422 408 432 438 403 413 392
88 96 104 106 64 72 80 131 134 163 159 146 122 150 195 214 197 184 223 205 179 254 236 278 260 248 244 269 318 333 293 299 323 312 303 382 367 354 344 363 386 376 446 440 431 418 401 422 407 467 470 499 495 482 458 486 39 47 55 13 15 23 31 164 145 116 149 136 132 154 185 217 209 173 213 200 191 249 255 238 268 230 277 264 313 328 319 301 332 281 298 377 362 387 383 364 353 338 436 395 426 408 447 427 417 500 481 452 485 472 468 490 44 2 20 40 53 28 25 83 102 91 74 87 107 61 222 206 180 216 168 192 196 263 279 258 226 266 235 246 289 308 284 330 306 321 326 379 342 369 374 389 357 347 416 432 441 396 421 405 437 489 473 491 503 455 479 451 52 33 3 22 48 11 35 85 62 110 98 82 95 65 153 137 155 167 119 143 115 243 270 259 237 275 224 256 327 300 309 317 283 329 292 346 371 390 341 351 370 380 442 393 404 433 438 410 420 480 496 501 462 453 484 456 10 42 41 4 30 50 19 93 73 56 68 105 90 103 144 160 165 126 117 148 120 212 201 172 218 188 175 207 307 334 320 322 288 296 280 391 359 349 372 381 340 350 403 434 444 411 398 414 429 463 450 483 461 492 502 474 18 27 49 43 5 38 8 101 111 81 57 76 63 92 127 114 147 125 156 166 138 208 219 177 186 189 174 211 276 265 271 229 239 247 231 366 355 336 384 385 345 360 412 423 413 400 435 445 397 460 497 493 465 475 449 477 26 16 29 7 51 6 46 109 100 69 89 58 78 70 124 161 157 129 139 113 141 190 171 202 210 176 220 187 272 240 274 234 250 252 225 297 324 287 335 286 302 311 430 419 424 392 443 406 402 471 487 454 476 457 498 466 34 54 24 37 14 9 0 67 77 108 71 97 59 86 135 151 118 140 121 162 130 181 182 204 221 193 198 170 253 228 251 261 273 233 241 331 304 282 295 291 314 315 361 388 375 343 356 337 365 494 478 459 488 448 464 469 36 1 12 32 45 21 17 75 94 84 66 79 99 60 158 142 123 152 112 128 133 199 215 194 169 203 178 183 232 245 227 267 242 257 262 316 285 305 310 325 294 290 352 368 378 339 358 348 373 425 409 428 439 399 415 394
89 97 99 107 65 73 81 130 136 167 157 142 125 148 194 211 200 188 221 206 176 258 233 274 264 247 242 270 317 334 290 295 328 311 306 381 370 355 347 358 387 375 445 439 429 419 404 421 408 466 472 503 493 478 461 484 38 46 54 12 20 22 30 165 140 113 153 138 128 159 186 223 203 170 212 202 192 250 256 244 266 227 276 261 314 325 320 303 329 284 297 373 361 389 384 367 350 341 437 398 425 410 443 431 413 501 476 449 489 474 464 495 48 4 17 37 49 31 26 79 101 96 70 90 110 59 220 207 181 215 173 189 197 265 273 257 224 269 234 249 292 312 286 332 304 316 322 383 339 365 371 391 363 345 414 430 446 397 426 399 438 488 475 490 498 458 480 450 50 34 5 25 45 7 39 87 60 109 104 77 92 68 152 139 154 162 122 144 114 241 271 260 232 279 230 252 324 294 313 321 280 333 291 349 376 385 337 353 368 379 447 396 402 428 434 412 422 477 494 502 467 454 485 455 8 47 36 6 33 53 14 95 76 61 67 106 84 100 141 158 166 131 118 149 119 216 198 171 217 183 179 208 305 335 315 323 289 300 281 388 357 348 377 380 336 354 400 440 442 406 394 417 432 468 453 486 459 491 497 471 16 21 55 44 0 41 11 103 108 78 62 75 64 91 132 117 150 123 155 161 135 204 222 175 187 195 169 213 275 262 272 228 238 246 236 369 356 338 378 386 346 359 409 420 418 405 436 444 392 457 499 496 463 469 451 481 24 19 28 13 52 1 43 111 98 66 86 56 83 72 121 163 160 127 133 115 145 191 174 199 214 180 218 182 267 243 277 231 251 254 226 296 326 293 331 285 301 309 433 415 423 395 441 407 403 473 483 448 482 456 500 465 32 51 27 35 15 10 2 69 80 105 74 94 57 85 137 147 112 146 120 164 129 178 184 209 219 190 196 172 255 225 245 263 278 237 239 330 307 283 298 287 310 318 360 390 372 344 352 342 364 492 479 460 487 452 462 470 40 3 9 29 42 23 18 71 93 88 63 82 102 58 156 143 124 151 116 126 134 201 210 193 168 205 177 185 235 248 229 268 240 253 259 319 282 302 308 327 299 288 351 366 382 340 362 343 374 424 411 427 435 401 416 393
90 92 100 108 66 74 82 128 139 166 155 145 120 151 192 215 198 187 218 209 177 256 234 279 262 251 239 268 320 332 291 300 326 310 302 384 365 353 348 359 390 374 443 438 428 417 405 423 411 464 475 502 491 481 456 487 37 45 53 11 19 27 29 167 144 118 150 133 129 156 188 220 208 169 214 196 193 247 257 241 272 226 278 259 311 322 321 305 331 283 299 375 363 385 380 369 352 340 439 397 422 406 444 433 416 503 480 454 486 469 465 492 46 5 14 41 52 32 23 81 104 95 75 86 105 58 221 203 179 213 174 190 201 264 276 252 228 267 237 248 290 314 280 335 301 318 327 381 341 368 377 386 360 343 419 431 447 394 420 403 435 484 474 494 497 457 482 452 54 31 6 21 43 10 40 89 59 106 103 83 94 63 148 138 158 161 121 146 116 242 266 265 236 277 225 253 328 297 312 315 285 330 288 347 373 391 336 356 364 382 445 398 399 432 436 407 424 478 495 498 468 451 483 460 12 48 39 0 28 51 18 97 70 60 64 111 85 102 142 159 162 132 115 147 124 211 202 173 222 182 178 205 306 329 316 324 293 298 282 387 361 345 376 378 342 351 404 437 446 412 392 415 427 466 449 488 455 496 500 470 20 26 50 47 1 35 9 99 110 77 61 72 69 93 130 113 152 119 160 164 134 206 223 181 183 191 172 210 274 261 269 230 243 245 235 370 350 339 379 388 344 362 408 425 414 402 440 441 393 461 501 490 467 471 448 479 22 17 34 8 55 2 42 107 101 68 84 62 80 71 125 165 154 131 135 112 143 194 170 197 216 175 219 185 270 244 273 232 246 255 229 295 325 292 333 281 307 308 429 413 426 396 442 409 401 472 489 450 477 459 499 462 30 49 25 36 16 13 3 65 79 109 76 91 56 88 136 153 114 141 123 163 126 176 186 207 217 195 199 168 258 227 249 260 275 231 240 334 303 286 294 289 309 319 358 389 371 349 354 338 366 493 476 458 485 453 463 473 38 4 7 33 44 24 15 73 96 87 67 78 98 57 157 140 122 149 117 127 137 200 212 189 171 204 180 184 233 250 224 271 238 254 263 317 284 304 313 323 296 287 355 367 383 337 357 346 372 421 410 430 434 400 418 395
91 98 105 63 70 77 84 154 119 126 147 161 140 133 217 196 175 189 210 182 203 238 266 259 231 252 273 245 301 308 329 322 287 315 294 364 357 371 350 385 343 378 427 441 420 434 413 406 399 490 455 462 483 497 476 469 28 35 42 49 7 14 21 134 155 148 127 141 162 112 197 168 218 211 190 204 183 260 246 224 239 274 253 267 323 330 309 280 302 295 316 386 379 351 372 336 365 358 407 421 442 414 435 392 428 470 491 484 463 477 498 448 15 22 50 43 29 0 36 106 85 56 92 78 71 99 205 191 212 219 176 198 169 254 268 275 247 225 261 232 303 281 317 288 324 331 310 344 387 380 359 366 337 373 422 436 393 429 400 443 415 499 485 456 492 449 471 478 23 44 30 8 51 37 1 64 107 93 57 100 86 79 163 149 120 156 113 135 142 269 255 226 276 240 233 262 318 332 289 296 311 282 325 367 338 374 381 345 388 352 401 408 437 444 423 430 394 486 500 479 450 493 457 464 31 2 52 38 16 9 45 72 87 65 101 58 108 94 150 164 143 114 157 121 128 184 213 206 177 220 170 199 333 319 326 283 297 304 290 382 353 389 346 360 375 339 431 395 416 438 445 402 409 458 472 451 501 465 487 494 39 53 3 10 46 24 17 80 102 95 73 109 59 66 122 136 115 165 129 151 158 214 185 192 207 171 221 178 248 277 263 270 234 241 227 354 383 347 390 340 361 368 446 417 396 410 403 424 439 495 452 473 480 502 466 459 47 25 11 4 18 54 32 88 74 110 103 81 67 60 159 116 137 144 166 130 123 179 200 222 172 186 193 215 278 249 235 256 271 228 242 312 298 284 327 334 291 305 418 447 432 404 411 397 425 467 481 503 453 474 460 488 55 40 33 19 5 26 12 96 61 82 68 111 89 75 131 145 167 117 138 124 152 223 173 180 201 208 187 194 236 264 279 243 229 250 257 299 313 306 292 320 335 285 376 362 369 341 391 355 348 482 468 489 496 461 475 454 13 20 48 41 27 6 34 104 83 62 90 76 69 97 146 132 153 160 125 139 118 195 209 216 188 174 202 181 244 230 258 237 265 272 251 293 328 321 300 307 286 314 363 377 342 370 349 384 356 440 426 405 433 398 412 419
92 100 108 66 74 82 90 155 120 128 151 166 145 139 218 198 177 192 215 187 209 239 268 262 234 256 279 251 302 310 332 326 291 320 300 365 359 374 353 390 348 384 428 443 423 438 417 411 405 491 456 464 487 502 481 475 29 37 45 53 11 19 27 133 156 150 129 144 167 118 196 169 220 214 193 208 188 259 247 226 241 278 257 272 322 331 311 283 305 299 321 385 380 352 375 340 369 363 406 422 444 416 439 397 433 469 492 486 465 480 503 454 14 23 52 46 32 5 41 105 86 58 95 81 75 104 203 190 213 221 179 201 174 252 267 276 248 228 264 237 301 280 318 290 327 335 314 343 386 381 360 368 341 377 420 435 394 431 403 447 419 497 484 457 494 452 474 482 21 43 31 10 54 40 6 63 106 94 59 103 89 83 161 148 121 158 116 138 146 266 253 225 277 242 236 265 315 330 288 297 312 285 328 364 336 373 382 347 391 356 399 407 436 445 424 432 398 483 498 478 451 495 460 468 28 0 51 39 18 12 48 70 85 64 102 60 111 97 147 162 142 115 159 124 132 182 211 205 178 222 173 202 329 316 324 282 298 306 293 378 351 387 345 361 376 342 427 392 415 437 446 404 412 455 470 449 500 466 488 496 35 50 1 9 47 26 20 77 99 93 72 110 61 69 119 134 113 164 130 152 160 210 183 191 206 172 223 181 245 274 261 269 235 243 230 350 379 344 388 339 362 370 441 414 393 408 402 425 440 490 448 471 479 501 467 461 42 22 8 2 17 55 34 84 71 107 101 80 68 62 154 112 135 143 165 131 125 175 197 219 170 185 194 216 273 246 232 255 270 229 244 308 295 281 325 333 292 307 413 442 429 401 409 396 426 462 477 499 450 472 459 489 49 36 30 16 3 25 13 91 56 79 65 109 88 76 126 141 163 114 136 123 153 217 168 176 199 207 186 195 231 260 275 240 227 249 258 294 309 303 289 319 334 286 371 358 366 338 389 354 349 476 463 485 493 458 473 453 7 15 44 38 24 4 33 98 78 57 87 73 67 96 140 127 149 157 122 137 117 189 204 212 184 171 200 180 238 224 254 233 263 271 250 287 323 317 296 304 284 313 357 372 337 367 346 383 355 434 421 400 430 395 410 418
93 101 109 67 75 83 85 158 124 127 153 164 144 135 222 199 181 190 212 185 208 243 272 263 232 253 276 249 307 313 331 327 289 316 297 366 361 377 352 391 346 379 430 442 425 436 416 412 403 494 460 463 489 500 480 471 34 36 44 52 10 18 26 137 160 151 131 142 161 114 201 171 219 215 195 206 182 265 245 228 240 279 254 270 324 334 308 285 304 300 318 388 382 355 371 342 368 359 409 423 446 419 434 393 432 473 496 487 467 478 497 450 16 27 54 42 33 1 39 111 88 62 94 77 73 100 204 194 214 217 177 202 172 255 271 274 251 227 259 236 305 282 320 287 328 333 309 349 390 378 362 367 336 375 424 440 395 428 404 444 413 501 483 459 493 454 470 481 24 47 29 12 49 41 2 69 108 96 56 102 84 81 165 147 123 157 118 134 145 267 258 229 278 238 234 261 319 335 293 295 310 284 322 369 339 372 384 343 387 354 400 411 439 441 426 431 392 488 499 476 452 491 461 465 32 3 55 37 20 7 43 71 89 66 104 57 110 91 152 163 140 116 155 125 129 186 210 209 180 221 169 197 330 317 325 286 299 301 291 383 356 385 344 358 374 341 433 396 418 435 443 399 408 457 475 448 503 462 485 495 40 51 4 13 45 22 14 79 98 97 74 106 58 68 121 139 112 167 126 149 159 216 184 193 203 173 218 176 250 273 260 268 237 242 226 351 381 348 389 337 363 364 447 415 398 406 401 421 438 492 453 472 482 498 464 455 48 21 9 5 15 53 30 87 76 105 99 82 64 59 156 117 136 146 162 128 119 178 198 223 168 188 189 213 275 248 233 257 266 230 239 314 294 283 323 332 288 306 414 445 427 405 410 394 422 468 479 502 449 469 458 484 50 38 28 17 6 23 11 95 60 78 63 107 90 72 132 143 166 113 133 122 148 220 174 175 200 205 183 192 235 262 277 244 224 247 252 296 312 302 290 321 329 281 373 357 370 340 386 353 345 477 466 486 490 456 474 451 8 19 46 35 25 0 31 103 80 61 86 70 65 92 141 130 150 154 120 138 115 191 207 211 187 170 196 179 241 225 256 231 264 269 246 292 326 315 298 303 280 311 360 376 338 365 347 380 350 437 420 402 429 397 407 417
94 102 110 68 76 78 86 160 123 129 149 162 143 138 219 202 180 193 213 183 207 240 271 261 237 257 277 246 304 309 335 325 288 321 298 368 362 372 356 389 345 380 432 444 426 435 415 410 402 496 459 465 485 498 479 474 33 41 43 51 9 17 25 135 157 152 126 146 166 115 199 172 221 216 189 205 187 263 251 229 242 275 252 269 327 333 310 286 306 296 315 391 378 354 374 337 370 360 412 424 441 418 438 394 429 471 493 488 462 482 502 451 18 24 55 45 30 6 35 109 84 57 97 82 72 103 208 195 210 218 178 200 170 253 270 278 250 230 262 231 307 285 319 291 323 329 311 346 388 384 358 364 340 376 425 434 392 433 401 445 417 500 487 461 495 453 469 477 26 42 32 13 53 38 0 67 111 91 58 99 90 80 164 151 125 159 117 133 141 272 254 227 273 239 235 264 316 334 287 299 314 281 326 366 342 375 383 348 386 350 403 409 440 443 421 427 397 489 497 481 448 492 458 466 34 1 49 40 15 11 46 75 88 69 98 59 107 92 153 161 145 112 156 122 130 185 215 204 176 223 174 196 331 318 328 284 294 302 292 379 355 390 343 363 373 338 430 393 413 439 447 405 407 460 473 454 499 464 484 490 36 54 2 7 48 23 19 83 100 96 71 105 60 65 124 137 118 163 128 148 154 212 182 194 209 168 220 179 249 279 259 267 233 244 225 352 382 349 387 341 357 365 442 419 395 411 399 422 437 494 450 470 476 503 468 456 44 27 12 3 14 50 31 85 73 108 104 79 63 61 158 114 134 140 167 132 120 181 201 217 169 184 192 211 276 245 236 258 268 224 241 313 300 282 322 330 290 303 416 446 428 400 408 398 420 463 478 501 452 475 455 486 52 39 29 20 4 21 8 93 62 81 66 106 87 70 127 142 165 116 139 119 150 222 171 177 197 203 188 191 232 265 274 238 226 248 256 297 308 305 293 317 332 280 377 359 367 339 385 351 347 480 467 483 491 457 472 449 10 16 47 37 22 5 28 101 77 56 89 74 64 95 144 131 147 155 121 136 113 190 206 214 186 173 198 175 243 228 255 234 260 266 247 289 324 320 295 301 283 312 361 371 336 369 344 381 353 436 423 404 431 396 406 414
95 103 111 69 71 79 87 156 121 132 152 165 141 137 220 201 178 191 216 186 204 241 267 265 235 255 275 250 305 314 330 324 292 319 296 369 360 373 351 388 349 383 433 447 424 437 414 409 400 492 457 468 488 501 477 473 32 40 48 50 8 16 24 139 158 147 130 143 163 117 198 174 222 210 194 207 184 262 248 225 243 273 258 271 326 335 312 282 307 294 317 390 381 356 376 339 366 357 411 420 445 415 440 396 430 475 494 483 466 479 499 453 19 21 51 47 34 3 38 108 89 60 93 80 76 98 209 193 211 223 175 199 171 256 272 277 245 229 260 233 302 283 315 293 325 334 313 348 385 382 361 370 338 372 423 439 398 427 402 442 418 502 486 460 496 448 472 476 27 46 28 9 55 36 4 66 105 97 61 101 88 78 166 150 124 160 112 136 140 268 257 228 274 244 231 263 320 331 290 298 308 286 323 365 340 377 378 344 389 355 405 406 435 446 425 429 395 487 503 482 449 490 459 463 29 5 54 35 17 13 44 74 86 63 99 62 109 96 151 167 146 113 154 123 127 187 214 203 181 219 168 200 332 321 327 285 295 303 287 384 352 386 347 362 371 337 428 397 419 436 441 401 410 456 469 452 498 467 489 493 37 52 6 12 42 25 15 82 104 94 70 107 56 67 120 133 116 162 131 153 157 215 188 190 205 170 217 180 251 278 264 266 232 240 224 353 380 343 391 342 358 367 443 416 394 407 404 426 434 491 454 474 478 500 462 458 45 23 10 0 20 49 33 90 75 106 102 77 65 57 155 118 138 142 164 126 122 177 196 221 173 183 195 212 279 247 237 253 269 227 238 310 299 280 328 329 289 304 417 444 431 399 412 393 421 464 480 497 451 470 461 485 53 41 31 18 1 22 7 92 58 83 64 110 84 73 128 144 161 115 134 125 149 218 169 179 202 206 185 189 234 259 276 242 230 246 254 300 311 301 288 316 333 284 374 363 368 336 387 350 346 481 465 484 495 455 471 450 11 14 43 39 26 2 30 100 81 59 85 72 68 91 145 129 148 159 119 135 114 192 208 213 182 172 197 176 239 226 252 236 261 270 249 291 322 318 297 306 281 309 359 375 341 364 345 379 354 438 422 403 432 392 408 413
96 104 106 64 72 80 88 159 122 131 150 163 146 134 223 197 179 195 214 184 205 244 269 260 236 254 278 248 303 312 333 323 293 318 299 367 363 376 354 386 344 382 431 446 422 440 418 407 401 495 458 467 486 499 482 470 31 39 47 55 13 15 23 136 154 149 132 145 164 116 200 173 217 213 191 209 185 264 249 230 238 277 255 268 328 332 313 281 301 298 319 387 383 353 377 338 364 362 408 426 447 417 436 395 427 472 490 485 468 481 500 452 20 25 53 44 28 2 40 107 87 61 91 83 74 102 206 192 216 222 180 196 168 258 266 279 246 226 263 235 306 284 321 289 326 330 308 347 389 379 357 369 342 374 421 437 396 432 405 441 416 503 489 455 491 451 473 479 22 48 33 11 52 35 3 65 110 95 62 98 85 82 167 153 119 155 115 137 143 270 256 224 275 243 237 259 317 329 292 300 309 283 327 370 341 371 380 346 390 351 404 410 438 442 420 433 393 484 501 480 453 496 456 462 30 4 50 41 19 10 42 73 90 68 103 56 105 93 148 165 144 117 160 120 126 188 212 207 175 218 172 201 334 320 322 280 296 307 288 381 350 391 349 359 372 340 429 398 414 434 444 403 411 461 474 450 502 463 483 492 38 49 5 8 43 27 18 81 101 92 76 111 57 63 125 138 114 166 127 147 156 211 186 189 208 174 219 177 247 276 265 271 231 239 229 355 384 345 385 336 360 366 445 413 397 412 400 423 435 493 449 475 477 497 465 460 46 26 7 6 16 51 29 89 70 109 100 78 69 58 157 113 139 141 161 129 124 176 202 220 171 187 190 210 274 250 234 252 272 225 240 311 297 286 324 335 287 302 419 443 430 402 406 392 424 466 476 498 454 471 457 487 54 37 34 14 0 24 9 97 59 77 67 108 86 71 130 140 162 118 135 121 151 221 170 181 198 204 182 193 233 261 273 241 228 251 253 295 314 304 291 315 331 282 375 361 365 337 388 356 343 478 464 488 494 459 469 448 12 17 45 36 21 1 32 99 79 60 84 75 66 94 142 128 152 158 123 133 112 194 203 215 183 169 199 178 242 227 257 232 262 267 245 290 325 316 294 305 285 310 358 373 339 368 348 378 352 439 425 399 428 394 409 415
97 99 107 65 73 81 89 157 125 130 148 167 142 136 221 200 176 194 211 188 206 242 270 264 233 258 274 247 306 311 334 328 290 317 295 370 358 375 355 387 347 381 429 445 421 439 419 408 404 493 461 466 484 503 478 472 30 38 46 54 12 20 22 138 159 153 128 140 165 113 202 170 223 212 192 203 186 261 250 227 244 276 256 266 325 329 314 284 303 297 320 389 384 350 373 341 367 361 410 425 443 413 437 398 431 474 495 489 464 476 501 449 17 26 49 48 31 4 37 110 90 59 96 79 70 101 207 189 215 220 181 197 173 257 269 273 249 224 265 234 304 286 316 292 322 332 312 345 391 383 363 365 339 371 426 438 397 430 399 446 414 498 488 458 490 450 475 480 25 45 34 7 50 39 5 68 109 92 60 104 87 77 162 152 122 154 114 139 144 271 252 230 279 241 232 260 321 333 291 294 313 280 324 368 337 376 379 349 385 353 402 412 434 447 422 428 396 485 502 477 454 494 455 467 33 6 53 36 14 8 47 76 84 67 100 61 106 95 149 166 141 118 158 119 131 183 216 208 179 217 171 198 335 315 323 281 300 305 289 380 354 388 348 357 377 336 432 394 417 440 442 400 406 459 471 453 497 468 486 491 41 55 0 11 44 21 16 78 103 91 75 108 62 64 123 135 117 161 132 150 155 213 187 195 204 169 222 175 246 275 262 272 236 238 228 356 378 346 386 338 359 369 444 418 392 409 405 420 436 496 451 469 481 499 463 457 43 24 13 1 19 52 28 86 72 111 98 83 66 56 160 115 133 145 163 127 121 180 199 218 174 182 191 214 277 251 231 254 267 226 243 309 296 285 326 331 293 301 415 441 433 403 407 395 423 465 482 500 448 473 456 483 51 35 32 15 2 27 10 94 57 80 69 105 85 74 129 146 164 112 137 120 147 219 172 178 196 209 184 190 237 263 278 239 225 245 255 298 310 307 287 318 330 283 372 360 364 342 390 352 344 479 462 487 492 460 470 452 9 18 42 40 23 3 29 102 82 58 88 71 63 93 143 126 151 156 124 134 116 193 205 210 185 168 201 177 240 229 253 235 259 268 248 288 327 319 299 302 282 308 362 374 340 366 343 382 351 435 424 401 427 393 411 416
98 105 63 70 77 84 91 147 140 154 133 126 161 119 210 175 203 217 196 189 182 273 245 231 266 238 259 252 294 315 308 287 329 301 322 357 385 378 371 343 350 364 420 427 406 441 434 399 413 483 476 490 469 462 497 455 21 28 35 42 49 7 14 141 112 127 162 155 134 148 204 211 168 190 183 218 197 267 260 274 224 253 246 239 330 302 323 295 280 316 309 351 372 365 386 358 336 379 414 442 435 428 407 421 392 477 448 463 498 491 470 484 50 36 29 15 0 22 43 71 78 99 56 106 92 85 191 198 219 205 212 169 176 275 225 268 232 247 254 261 324 317 331 303 310 288 281 373 366 344 337 380 387 359 400 415 429 436 443 393 422 492 499 449 456 478 485 471 8 51 44 37 23 1 30 79 93 86 107 57 64 100 156 163 113 120 142 149 135 255 262 233 240 269 276 226 296 282 325 332 289 311 318 388 381 338 352 367 374 345 437 430 423 401 394 444 408 457 479 486 493 500 464 450 16 38 9 52 45 31 2 87 108 101 94 65 58 72 121 143 150 157 164 128 114 220 184 199 170 177 206 213 319 326 283 290 304 333 297 360 339 382 389 353 346 375 409 445 402 395 416 431 438 501 494 472 487 458 451 465 24 3 46 17 10 53 39 95 80 66 109 102 73 59 165 158 136 151 122 115 129 178 207 171 214 221 185 192 241 248 277 263 227 234 270 383 390 361 340 347 368 354 424 396 439 446 410 417 403 473 466 502 459 452 480 495 32 47 4 54 25 18 11 103 60 88 74 67 110 81 137 130 166 123 116 144 159 186 222 193 200 215 179 172 235 271 256 228 278 242 249 305 312 334 298 327 284 291 447 411 418 425 397 404 432 488 453 460 503 467 474 481 40 19 55 5 12 33 26 111 89 61 96 82 75 68 152 117 124 167 131 138 145 201 194 223 187 180 173 208 250 243 229 257 264 279 236 292 335 313 320 285 299 306 369 376 348 355 362 391 341 468 475 496 482 489 454 461 48 34 27 13 6 20 41 69 76 97 62 104 90 83 132 139 160 146 153 118 125 216 174 209 181 188 195 202 265 258 272 244 251 237 230 314 307 293 286 321 328 300 349 356 370 377 384 342 363 433 440 398 405 419 426 412
99 107 65 73 81 89 97 148 142 157 136 130 167 125 211 176 206 221 200 194 188 274 247 233 270 242 264 258 295 317 311 290 334 306 328 358 387 381 375 347 355 370 421 429 408 445 439 404 419 484 478 493 472 466 503 461 22 30 38 46 54 12 20 140 113 128 165 159 138 153 203 212 170 192 186 223 202 266 261 276 227 256 250 244 329 303 325 297 284 320 314 350 373 367 389 361 341 384 413 443 437 431 410 425 398 476 449 464 501 495 474 489 49 37 31 17 4 26 48 70 79 101 59 110 96 90 189 197 220 207 215 173 181 273 224 269 234 249 257 265 322 316 332 304 312 292 286 371 365 345 339 383 391 363 399 414 430 438 446 397 426 490 498 450 458 480 488 475 7 50 45 39 25 5 34 77 92 87 109 60 68 104 154 162 114 122 144 152 139 252 260 232 241 271 279 230 294 280 324 333 291 313 321 385 379 337 353 368 376 349 434 428 422 402 396 447 412 455 477 485 494 502 467 454 14 36 8 53 47 33 6 84 106 100 95 67 61 76 119 141 149 158 166 131 118 217 183 198 171 179 208 216 315 323 281 289 305 335 300 357 336 380 388 354 348 377 406 442 400 394 417 432 440 497 491 471 486 459 453 468 21 0 44 16 11 55 41 91 78 64 108 103 75 62 161 155 135 150 123 117 132 175 204 169 213 222 187 195 238 246 275 262 228 236 272 378 386 359 338 346 369 356 420 392 436 444 409 418 405 469 463 499 457 451 481 496 28 43 1 52 24 19 13 98 56 86 72 66 111 83 133 127 163 121 115 145 160 182 218 191 199 214 180 174 231 267 254 226 277 243 251 301 309 331 296 326 285 293 441 407 415 423 395 403 433 483 448 456 500 465 473 482 35 15 51 2 10 32 27 105 85 57 94 80 74 69 147 112 120 164 129 137 146 196 190 219 184 178 172 209 245 239 225 255 263 278 237 287 330 310 318 283 298 307 364 372 344 352 360 390 342 462 470 492 479 487 452 460 42 29 23 9 3 18 40 63 71 93 58 102 88 82 126 134 156 143 151 116 124 210 168 205 177 185 193 201 259 253 268 240 248 235 229 308 302 288 282 319 327 299 343 351 366 374 382 340 362 427 435 393 401 416 424 411
100 108 66 74 82 90 92 151 145 155 139 128 166 120 215 177 209 218 198 192 187 279 251 234 268 239 262 256 300 320 310 291 332 302 326 359 390 384 374 348 353 365 423 428 411 443 438 405 417 487 481 491 475 464 502 456 27 29 37 45 53 11 19 144 118 129 167 156 133 150 208 214 169 193 188 220 196 272 259 278 226 257 247 241 331 305 322 299 283 321 311 352 375 369 385 363 340 380 416 444 439 433 406 422 397 480 454 465 503 492 469 486 52 41 32 14 5 23 46 75 81 104 58 105 95 86 190 201 221 203 213 174 179 276 228 267 237 248 252 264 327 318 335 301 314 290 280 377 368 343 341 381 386 360 403 419 431 435 447 394 420 494 497 452 457 482 484 474 10 54 43 40 21 6 31 83 94 89 106 59 63 103 158 161 116 121 146 148 138 253 265 236 242 266 277 225 297 285 328 330 288 312 315 391 382 336 356 364 373 347 436 432 424 399 398 445 407 460 478 483 495 498 468 451 18 39 12 51 48 28 0 85 111 102 97 64 60 70 124 142 147 159 162 132 115 222 182 202 173 178 205 211 316 324 282 293 306 329 298 361 342 378 387 351 345 376 412 446 404 392 415 427 437 500 496 470 488 455 449 466 26 1 47 20 9 50 35 93 77 69 110 99 72 61 164 160 134 152 119 113 130 181 206 172 210 223 183 191 243 245 274 261 230 235 269 379 388 362 339 344 370 350 425 393 440 441 408 414 402 471 467 501 461 448 479 490 34 42 2 55 22 17 8 101 62 84 71 68 107 80 135 131 165 125 112 143 154 185 219 194 197 216 175 170 232 270 255 229 273 244 246 307 308 333 295 325 281 292 442 409 413 426 396 401 429 489 450 459 499 462 472 477 36 16 49 3 13 30 25 109 88 56 91 79 76 65 153 114 123 163 126 136 141 199 195 217 186 176 168 207 249 240 227 258 260 275 231 289 334 309 319 286 294 303 366 371 349 354 358 389 338 463 473 493 476 485 453 458 44 33 24 7 4 15 38 67 73 96 57 98 87 78 127 137 157 140 149 117 122 212 171 204 180 184 189 200 263 254 271 238 250 233 224 313 304 287 284 317 323 296 346 355 367 372 383 337 357 430 434 395 400 418 421 410
101 109 67 75 83 85 93 153 144 158 135 127 164 124 212 181 208 222 199 190 185 276 249 232 272 243 263 253 297 316 313 289 331 307 327 361 391 379 377 346 352 366 425 430 412 442 436 403 416 489 480 494 471 463 500 460 26 34 36 44 52 10 18 142 114 131 161 160 137 151 206 215 171 195 182 219 201 270 265 279 228 254 245 240 334 304 324 300 285 318 308 355 371 368 388 359 342 382 419 446 434 432 409 423 393 478 450 467 497 496 473 487 54 39 33 16 1 27 42 73 77 100 62 111 94 88 194 202 217 204 214 172 177 274 227 271 236 251 255 259 328 320 333 305 309 287 282 375 367 349 336 378 390 362 404 413 428 440 444 395 424 493 501 454 459 481 483 470 12 49 47 41 24 2 29 81 96 84 108 56 69 102 157 165 118 123 145 147 134 258 261 234 238 267 278 229 295 284 322 335 293 310 319 387 384 339 354 369 372 343 439 431 426 400 392 441 411 461 476 488 491 499 465 452 20 37 7 55 43 32 3 89 110 104 91 66 57 71 125 140 152 155 163 129 116 221 186 197 169 180 209 210 317 325 286 291 301 330 299 358 341 383 385 356 344 374 408 443 399 396 418 433 435 503 495 475 485 457 448 462 22 4 45 14 13 51 40 97 79 68 106 98 74 58 167 159 139 149 121 112 126 176 203 173 216 218 184 193 242 250 273 260 226 237 268 381 389 363 337 348 364 351 421 398 438 447 406 415 401 472 464 498 455 453 482 492 30 48 5 53 21 15 9 99 59 87 76 64 105 82 136 128 162 119 117 146 156 188 223 189 198 213 178 168 233 266 257 230 275 239 248 306 314 332 294 323 283 288 445 410 414 422 394 405 427 484 449 458 502 468 469 479 38 17 50 6 11 28 23 107 90 60 95 78 72 63 148 113 122 166 132 133 143 200 192 220 183 175 174 205 247 244 224 252 262 277 235 290 329 312 321 281 296 302 370 373 345 353 357 386 340 466 474 490 477 486 451 456 46 31 25 8 0 19 35 65 70 92 61 103 86 80 130 138 154 141 150 115 120 211 170 207 179 187 191 196 264 256 269 241 246 231 225 311 303 292 280 315 326 298 347 350 365 376 380 338 360 429 437 397 402 417 420 407
102 110 68 76 78 86 94 149 143 160 138 129 162 123 213 180 207 219 202 193 183 277 246 237 271 240 261 257 298 321 309 288 335 304 325 362 389 380 372 345 356 368 426 432 410 444 435 402 415 485 479 496 474 465 498 459 25 33 41 43 51 9 17 146 115 126 166 157 135 152 205 216 172 189 187 221 199 269 263 275 229 252 251 242 333 306 327 296 286 315 310 354 374 370 391 360 337 378 418 441 438 429 412 424 394 482 451 462 502 493 471 488 55 35 30 18 6 24 45 72 82 103 57 109 97 84 195 200 218 208 210 170 178 278 230 270 231 250 253 262 323 319 329 307 311 291 285 376 364 346 340 384 388 358 401 417 433 434 445 392 425 495 500 453 461 477 487 469 13 53 42 38 26 0 32 80 91 90 111 58 67 99 159 164 117 125 141 151 133 254 264 235 239 272 273 227 299 281 326 334 287 314 316 386 383 342 350 366 375 348 440 427 421 403 397 443 409 458 481 489 492 497 466 448 15 40 11 49 46 34 1 88 107 98 92 69 59 75 122 145 153 156 161 130 112 223 185 196 174 176 204 215 318 328 284 292 302 331 294 363 338 379 390 355 343 373 407 447 405 393 413 430 439 499 490 473 484 460 454 464 23 2 48 19 7 54 36 96 83 65 105 100 71 60 163 154 137 148 124 118 128 179 209 168 212 220 182 194 244 249 279 259 225 233 267 382 387 357 341 349 365 352 422 395 437 442 411 419 399 470 468 503 456 450 476 494 31 44 3 50 27 14 12 104 61 85 73 63 108 79 134 132 167 120 114 140 158 184 217 192 201 211 181 169 236 268 258 224 276 241 245 303 313 330 300 322 282 290 446 408 416 420 398 400 428 486 452 455 501 463 475 478 39 20 52 4 8 29 21 106 87 62 93 81 70 66 150 116 119 165 127 139 142 197 191 222 188 177 171 203 248 238 226 256 265 274 232 293 332 308 317 280 297 305 367 377 347 351 359 385 339 467 472 491 480 483 449 457 47 28 22 10 5 16 37 64 74 95 56 101 89 77 131 136 155 144 147 113 121 214 173 206 175 186 190 198 260 255 266 243 247 234 228 312 301 289 283 320 324 295 344 353 369 371 381 336 361 431 436 396 404 414 423 406
103 111 69 71 79 87 95 152 141 156 137 132 165 121 216 178 204 220 201 191 186 275 250 235 267 241 265 255 296 319 314 292 330 305 324 360 388 383 373 349 351 369 424 433 409 447 437 400 414 488 477 492 473 468 501 457 24 32 40 48 50 8 16 143 117 130 163 158 139 147 207 210 174 194 184 222 198 271 262 273 225 258 248 243 335 307 326 294 282 317 312 356 376 366 390 357 339 381 415 445 440 430 411 420 396 479 453 466 499 494 475 483 51 38 34 19 3 21 47 76 80 98 60 108 93 89 193 199 223 209 211 171 175 277 229 272 233 245 256 260 325 315 334 302 313 293 283 372 370 348 338 382 385 361 402 418 427 439 442 398 423 496 502 448 460 476 486 472 9 55 46 36 27 4 28 78 97 88 105 61 66 101 160 166 112 124 140 150 136 257 263 231 244 268 274 228 298 286 323 331 290 308 320 389 378 340 355 365 377 344 435 429 425 405 395 446 406 459 482 487 490 503 463 449 17 35 13 54 44 29 5 86 109 99 96 63 62 74 123 146 151 154 167 127 113 219 187 200 168 181 203 214 321 327 285 287 303 332 295 362 337 384 386 352 347 371 410 441 401 397 419 428 436 498 493 469 489 456 452 467 25 6 42 15 12 52 37 94 82 67 107 104 70 56 162 157 133 153 120 116 131 180 205 170 215 217 188 190 240 251 278 264 224 232 266 380 391 358 342 343 367 353 426 394 434 443 407 416 404 474 462 500 458 454 478 491 33 45 0 49 23 20 10 102 57 90 75 65 106 77 138 126 164 122 118 142 155 183 221 195 196 212 177 173 237 269 253 227 279 238 247 304 310 329 299 328 280 289 444 412 417 421 393 399 431 485 451 461 497 464 470 480 41 18 53 1 7 31 22 110 84 58 92 83 73 64 149 115 125 161 128 134 144 202 189 218 185 179 169 206 246 242 230 254 259 276 234 288 333 311 316 284 300 301 368 374 346 350 363 387 336 465 471 495 481 484 450 455 43 30 26 11 2 14 39 68 72 91 59 100 85 81 129 135 159 145 148 114 119 213 172 208 176 182 192 197 261 252 270 239 249 236 226 309 306 291 281 318 322 297 345 354 364 375 379 341 359 432 438 392 403 413 422 408
104 106 64 72 80 88 96 150 146 159 134 131 163 122 214 179 205 223 197 195 184 278 248 236 269 244 260 254 299 318 312 293 333 303 323 363 386 382 376 344 354 367 422 431 407 446 440 401 418 486 482 495 470 467 499 458 23 31 39 47 55 13 15 145 116 132 164 154 136 149 209 213 173 191 185 217 200 268 264 277 230 255 249 238 332 301 328 298 281 319 313 353 377 364 387 362 338 383 417 447 436 427 408 426 395 481 452 468 500 490 472 485 53 40 28 20 2 25 44 74 83 102 61 107 91 87 192 196 222 206 216 168 180 279 226 266 235 246 258 263 326 321 330 306 308 289 284 374 369 347 342 379 389 357 405 416 432 437 441 396 421 491 503 451 455 479 489 473 11 52 48 35 22 3 33 82 95 85 110 62 65 98 155 167 115 119 143 153 137 256 259 237 243 270 275 224 300 283 327 329 292 309 317 390 380 341 351 370 371 346 438 433 420 404 393 442 410 456 480 484 496 501 462 453 19 41 10 50 42 30 4 90 105 103 93 68 56 73 120 144 148 160 165 126 117 218 188 201 172 175 207 212 320 322 280 288 307 334 296 359 340 381 391 350 349 372 411 444 403 398 414 429 434 502 492 474 483 461 450 463 27 5 43 18 8 49 38 92 81 63 111 101 76 57 166 156 138 147 125 114 127 177 208 174 211 219 186 189 239 247 276 265 229 231 271 384 385 360 336 345 366 355 423 397 435 445 412 413 400 475 465 497 460 449 477 493 29 46 6 51 26 16 7 100 58 89 70 69 109 78 139 129 161 124 113 141 157 187 220 190 202 210 176 171 234 272 252 225 274 240 250 302 311 335 297 324 286 287 443 406 419 424 392 402 430 487 454 457 498 466 471 476 37 14 54 0 9 34 24 108 86 59 97 77 71 67 151 118 121 162 130 135 140 198 193 221 182 181 170 204 251 241 228 253 261 273 233 291 331 314 315 282 295 304 365 375 343 356 361 388 337 464 469 494 478 488 448 459 45 32 21 12 1 17 36 66 75 94 60 99 84 79 128 133 158 142 152 112 123 215 169 203 178 183 194 199 262 257 267 242 245 232 227 310 305 290 285 316 325 294 348 352 368 373 378 339 358 428 439 394 399 415 425 409
105 63 70 77 84 91 98 133 161 147 119 154 126 140 196 203 182 210 175 217 189 259 252 266 245 273 231 238 322 301 315 329 308 294 287 385 343 364 378 350 371 357 406 420 399 427 441 413 434 469 497 483 455 490 462 476 14 21 28 35 42 49 7 155 148 162 134 112 141 127 218 190 211 183 197 168 204 239 267 253 274 246 260 224 302 280 330 316 295 309 323 365 386 336 351 379 358 372 428 435 407 392 414 442 421 491 484 498 470 448 477 463 29 43 0 50 22 36 15 92 106 85 99 71 56 78 198 169 205 191 219 176 212 268 247 225 261 232 275 254 310 331 288 324 281 303 317 359 380 373 387 344 366 337 443 422 436 415 393 429 400 456 492 478 449 471 499 485 37 23 51 1 8 30 44 100 86 64 93 107 79 57 120 156 142 113 135 163 149 262 226 276 269 255 240 233 332 311 318 282 325 289 296 374 352 381 345 388 338 367 423 444 394 437 408 401 430 464 486 457 500 479 450 493 45 52 31 9 2 16 38 108 58 94 72 101 65 87 128 150 121 164 143 114 157 177 220 213 206 170 199 184 326 283 290 297 333 319 304 353 375 360 382 339 389 346 438 416 431 445 402 409 395 487 465 494 451 501 472 458 53 46 10 39 17 3 24 66 95 59 102 80 109 73 151 129 158 115 165 136 122 192 214 221 178 185 207 171 234 241 248 277 270 227 263 390 340 368 347 361 354 383 417 439 403 424 446 396 410 502 480 452 495 466 459 473 11 32 54 18 47 25 4 74 81 103 60 110 88 67 166 144 116 159 130 123 137 215 193 179 222 172 186 200 256 278 228 242 235 249 271 291 305 327 312 298 334 284 411 397 447 432 404 425 418 481 503 474 460 488 467 453 19 5 40 12 26 55 33 82 75 89 111 61 68 96 145 167 138 124 152 131 117 187 208 201 173 223 194 180 279 257 264 236 243 229 250 320 299 335 285 306 292 313 348 369 341 391 376 362 355 475 454 482 468 496 461 489 27 41 6 48 20 34 13 90 104 83 97 69 62 76 139 118 146 132 160 125 153 209 188 174 202 181 216 195 251 272 237 265 230 244 258 300 321 314 328 293 307 286 384 363 377 356 342 370 349 405 433 419 398 412 440 426
106 64 72 80 88 96 104 134 163 150 122 159 131 146 197 205 184 214 179 223 195 260 254 269 248 278 236 244 323 303 318 333 312 299 293 386 344 367 382 354 376 363 407 422 401 431 446 418 440 470 499 486 458 495 467 482 15 23 31 39 47 55 13 154 149 164 136 116 145 132 217 191 213 185 200 173 209 238 268 255 277 249 264 230 301 281 332 319 298 313 328 364 387 338 353 383 362 377 427 436 408 395 417 447 426 490 485 500 472 452 481 468 28 44 2 53 25 40 20 91 107 87 102 74 61 83 196 168 206 192 222 180 216 266 246 226 263 235 279 258 308 330 289 326 284 306 321 357 379 374 389 347 369 342 441 421 437 416 396 432 405 455 491 479 451 473 503 489 35 22 52 3 11 33 48 98 85 65 95 110 82 62 119 155 143 115 137 167 153 259 224 275 270 256 243 237 329 309 317 283 327 292 300 371 351 380 346 390 341 370 420 442 393 438 410 404 433 462 484 456 501 480 453 496 42 50 30 10 4 19 41 105 56 93 73 103 68 90 126 148 120 165 144 117 160 175 218 212 207 172 201 188 322 280 288 296 334 320 307 350 372 359 381 340 391 349 434 414 429 444 403 411 398 483 463 492 450 502 474 461 49 43 8 38 18 5 27 63 92 57 101 81 111 76 147 127 156 114 166 138 125 189 211 219 177 186 208 174 231 239 247 276 271 229 265 385 336 366 345 360 355 384 413 435 400 423 445 397 412 497 477 449 493 465 460 475 7 29 51 16 46 26 6 70 78 100 58 109 89 69 161 141 113 157 129 124 139 210 190 176 220 171 187 202 252 274 225 240 234 250 272 287 302 324 311 297 335 286 406 392 443 430 402 424 419 476 498 471 457 487 466 454 14 0 37 9 24 54 34 77 71 86 108 59 67 97 140 162 135 121 151 130 118 182 204 198 170 221 193 181 273 253 261 233 241 228 251 315 295 331 282 304 291 314 343 365 337 388 375 361 356 469 448 478 464 494 459 488 21 36 1 45 17 32 12 84 99 79 94 66 60 75 133 112 142 128 158 123 152 203 183 169 199 178 215 194 245 267 232 262 227 242 257 294 316 310 325 290 305 285 378 358 373 352 339 368 348 399 428 415 394 409 439 425
107 65 73 81 89 97 99 136 167 148 125 157 130 142 200 206 188 211 176 221 194 264 258 270 247 274 233 242 328 306 317 334 311 295 290 387 347 370 381 355 375 358 408 421 404 429 445 419 439 472 503 484 461 493 466 478 20 22 30 38 46 54 12 159 153 165 138 113 140 128 223 192 212 186 202 170 203 244 266 256 276 250 261 227 303 284 329 320 297 314 325 367 389 341 350 384 361 373 431 437 410 398 413 443 425 495 489 501 474 449 476 464 31 48 4 49 26 37 17 96 110 90 101 70 59 79 197 173 207 189 220 181 215 269 249 224 265 234 273 257 312 332 292 322 286 304 316 363 383 371 391 345 365 339 446 426 438 414 397 430 399 458 490 480 450 475 498 488 39 25 50 5 7 34 45 104 87 68 92 109 77 60 122 154 144 114 139 162 152 260 230 279 271 252 241 232 333 313 321 280 324 291 294 376 353 379 349 385 337 368 422 447 396 434 412 402 428 467 485 455 502 477 454 494 47 53 33 8 6 14 36 106 61 95 76 100 67 84 131 149 119 166 141 118 158 179 217 216 208 171 198 183 323 281 289 300 335 315 305 354 377 357 380 336 388 348 440 417 432 442 400 406 394 486 468 491 453 497 471 459 55 44 11 41 16 0 21 64 91 62 103 78 108 75 150 132 155 117 161 135 123 195 213 222 175 187 204 169 236 238 246 275 272 228 262 386 338 369 346 359 356 378 418 436 405 420 444 392 409 499 481 451 496 463 457 469 13 28 52 19 43 24 1 72 83 98 56 111 86 66 163 145 115 160 127 121 133 214 191 180 218 174 182 199 254 277 226 243 231 251 267 293 301 326 309 296 331 285 407 395 441 433 403 423 415 482 500 473 456 483 465 448 15 2 35 10 27 51 32 80 74 85 105 57 69 94 146 164 137 120 147 129 112 184 209 196 172 219 190 178 278 255 263 237 239 225 245 318 298 330 283 307 287 310 344 364 342 390 372 360 352 470 452 479 462 492 460 487 23 40 3 42 18 29 9 88 102 82 93 63 58 71 134 116 143 126 156 124 151 205 185 168 201 177 210 193 248 268 235 259 229 240 253 299 319 308 327 288 302 282 382 362 374 351 340 366 343 401 427 416 393 411 435 424
108 66 74 82 90 92 100 139 166 151 120 155 128 145 198 209 187 215 177 218 192 262 256 268 251 279 234 239 326 302 320 332 310 300 291 390 348 365 384 353 374 359 411 423 405 428 443 417 438 475 502 487 456 491 464 481 19 27 29 37 45 53 11 156 150 167 133 118 144 129 220 193 214 188 196 169 208 241 272 257 278 247 259 226 305 283 331 321 299 311 322 369 385 340 352 380 363 375 433 439 406 397 416 444 422 492 486 503 469 454 480 465 32 46 5 52 23 41 14 95 105 86 104 75 58 81 201 174 203 190 221 179 213 267 248 228 264 237 276 252 314 335 290 327 280 301 318 360 381 377 386 343 368 341 447 420 435 419 394 431 403 457 494 482 452 474 497 484 40 21 54 6 10 31 43 103 89 63 94 106 83 59 121 158 146 116 138 161 148 265 225 277 266 253 242 236 330 312 315 285 328 288 297 373 356 382 347 391 336 364 424 445 398 436 407 399 432 468 483 460 498 478 451 495 48 51 28 12 0 18 39 111 60 97 70 102 64 85 132 147 124 162 142 115 159 178 222 211 205 173 202 182 324 282 293 298 329 316 306 351 376 361 378 342 387 345 437 415 427 446 404 412 392 488 466 496 449 500 470 455 50 47 9 35 20 1 26 69 93 61 99 77 110 72 152 130 160 113 164 134 119 191 210 223 181 183 206 172 235 243 245 274 269 230 261 388 339 370 344 362 350 379 414 440 402 425 441 393 408 501 479 448 490 467 461 471 8 34 55 17 42 22 2 71 80 101 62 107 84 68 165 143 112 154 131 125 135 216 194 175 219 170 185 197 255 273 229 244 232 246 270 292 307 325 308 295 333 281 409 396 442 429 401 426 413 477 499 472 459 489 462 450 16 3 36 13 25 49 30 79 76 88 109 56 65 91 141 163 136 123 153 126 114 186 207 199 168 217 195 176 275 258 260 231 240 227 249 319 294 334 286 303 289 309 349 366 338 389 371 358 354 473 453 476 463 493 458 485 24 38 4 44 15 33 7 87 98 78 96 67 57 73 137 117 140 127 157 122 149 204 184 171 200 180 212 189 250 271 233 263 224 238 254 296 317 313 323 287 304 284 383 357 372 355 337 367 346 400 430 418 395 410 434 421
109 67 75 83 85 93 101 135 164 153 124 158 127 144 199 208 185 212 181 222 190 263 253 272 249 276 232 243 327 307 316 331 313 297 289 391 346 366 379 352 377 361 412 425 403 430 442 416 436 471 500 489 460 494 463 480 18 26 34 36 44 52 10 160 151 161 137 114 142 131 219 195 215 182 201 171 206 240 270 254 279 245 265 228 304 285 334 318 300 308 324 368 388 342 355 382 359 371 432 434 409 393 419 446 423 496 487 497 473 450 478 467 33 42 1 54 27 39 16 94 111 88 100 73 62 77 202 172 204 194 217 177 214 271 251 227 259 236 274 255 309 333 287 328 282 305 320 362 378 375 390 349 367 336 444 424 440 413 395 428 404 459 493 481 454 470 501 483 41 24 49 2 12 29 47 102 84 69 96 108 81 56 123 157 145 118 134 165 147 261 229 278 267 258 238 234 335 310 319 284 322 293 295 372 354 384 343 387 339 369 426 441 392 439 411 400 431 465 488 461 499 476 452 491 43 55 32 7 3 20 37 110 57 91 71 104 66 89 129 152 125 163 140 116 155 180 221 210 209 169 197 186 325 286 291 299 330 317 301 356 374 358 383 341 385 344 435 418 433 443 399 408 396 485 462 495 448 503 475 457 51 45 13 40 14 4 22 68 97 58 98 79 106 74 149 126 159 112 167 139 121 193 216 218 176 184 203 173 237 242 250 273 268 226 260 389 337 364 348 363 351 381 415 438 401 421 447 398 406 498 482 453 492 464 455 472 9 30 53 15 48 21 5 76 82 99 59 105 87 64 162 146 117 156 128 119 136 213 189 178 223 168 188 198 257 275 230 239 233 248 266 288 306 323 314 294 332 283 410 394 445 427 405 422 414 479 502 469 458 484 468 449 17 6 38 11 23 50 28 78 72 90 107 60 63 95 143 166 133 122 148 132 113 183 205 200 174 220 192 175 277 252 262 235 244 224 247 321 296 329 281 302 290 312 345 370 340 386 373 357 353 474 451 477 466 490 456 486 25 35 0 46 19 31 8 86 103 80 92 65 61 70 138 115 141 130 154 120 150 207 187 170 196 179 211 191 246 269 231 264 225 241 256 298 315 311 326 292 303 280 380 360 376 350 338 365 347 402 429 417 397 407 437 420
110 68 76 78 86 94 102 138 162 149 123 160 129 143 202 207 183 213 180 219 193 261 257 271 246 277 237 240 325 304 321 335 309 298 288 389 345 368 380 356 372 362 410 426 402 432 444 415 435 474 498 485 459 496 465 479 17 25 33 41 43 51 9 157 152 166 135 115 146 126 221 189 216 187 199 172 205 242 269 252 275 251 263 229 306 286 333 315 296 310 327 370 391 337 354 378 360 374 429 438 412 394 418 441 424 493 488 502 471 451 482 462 30 45 6 55 24 35 18 97 109 84 103 72 57 82 200 170 208 195 218 178 210 270 250 230 262 231 278 253 311 329 291 323 285 307 319 358 384 376 388 346 364 340 445 425 434 417 392 433 401 461 495 477 453 469 500 487 38 26 53 0 13 32 42 99 90 67 91 111 80 58 125 159 141 117 133 164 151 264 227 273 272 254 239 235 334 314 316 281 326 287 299 375 350 383 348 386 342 366 421 443 397 440 409 403 427 466 489 458 497 481 448 492 46 49 34 11 1 15 40 107 59 92 75 98 69 88 130 153 122 161 145 112 156 176 223 215 204 174 196 185 328 284 292 294 331 318 302 355 373 363 379 338 390 343 439 413 430 447 405 407 393 484 464 490 454 499 473 460 54 48 7 36 19 2 23 65 96 60 100 83 105 71 148 128 154 118 163 137 124 194 212 220 179 182 209 168 233 244 249 279 267 225 259 387 341 365 349 357 352 382 419 437 399 422 442 395 411 503 476 450 494 468 456 470 12 31 50 14 44 27 3 73 79 104 61 108 85 63 167 140 114 158 132 120 134 211 192 181 217 169 184 201 258 276 224 241 236 245 268 290 303 322 313 300 330 282 408 398 446 428 400 420 416 478 501 475 455 486 463 452 20 4 39 8 21 52 29 81 70 87 106 62 66 93 142 165 139 119 150 127 116 188 203 197 171 222 191 177 274 256 265 232 238 226 248 317 297 332 280 305 293 308 347 367 339 385 377 359 351 472 449 480 467 491 457 483 22 37 5 47 16 28 10 89 101 77 95 64 56 74 136 113 144 131 155 121 147 206 186 173 198 175 214 190 247 266 234 260 228 243 255 295 320 312 324 289 301 283 381 361 371 353 336 369 344 404 431 414 396 406 436 423
111 69 71 79 87 95 103 137 165 152 121 156 132 141 201 204 186 216 178 220 191 265 255 267 250 275 235 241 324 305 319 330 314 296 292 388 349 369 383 351 373 360 409 424 400 433 447 414 437 473 501 488 457 492 468 477 16 24 32 40 48 50 8 158 147 163 139 117 143 130 222 194 210 184 198 174 207 243 271 258 273 248 262 225 307 282 335 317 294 312 326 366 390 339 356 381 357 376 430 440 411 396 415 445 420 494 483 499 475 453 479 466 34 47 3 51 21 38 19 93 108 89 98 76 60 80 199 171 209 193 223 175 211 272 245 229 260 233 277 256 313 334 293 325 283 302 315 361 382 372 385 348 370 338 442 423 439 418 398 427 402 460 496 476 448 472 502 486 36 27 55 4 9 28 46 101 88 66 97 105 78 61 124 160 140 112 136 166 150 263 228 274 268 257 244 231 331 308 320 286 323 290 298 377 355 378 344 389 340 365 425 446 395 435 406 405 429 463 487 459 503 482 449 490 44 54 29 13 5 17 35 109 62 96 74 99 63 86 127 151 123 167 146 113 154 181 219 214 203 168 200 187 327 285 287 295 332 321 303 352 371 362 384 337 386 347 436 419 428 441 401 410 397 489 467 493 452 498 469 456 52 42 12 37 15 6 25 67 94 56 104 82 107 70 153 131 157 116 162 133 120 190 215 217 180 188 205 170 232 240 251 278 266 224 264 391 342 367 343 358 353 380 416 434 404 426 443 394 407 500 478 454 491 462 458 474 10 33 49 20 45 23 0 75 77 102 57 106 90 65 164 142 118 155 126 122 138 212 195 177 221 173 183 196 253 279 227 238 237 247 269 289 304 328 310 299 329 280 412 393 444 431 399 421 417 480 497 470 461 485 464 451 18 1 41 7 22 53 31 83 73 84 110 58 64 92 144 161 134 125 149 128 115 185 206 202 169 218 189 179 276 254 259 234 242 230 246 316 300 333 284 301 288 311 346 368 336 387 374 363 350 471 450 481 465 495 455 484 26 39 2 43 14 30 11 85 100 81 91 68 59 72 135 114 145 129 159 119 148 208 182 172 197 176 213 192 249 270 236 261 226 239 252 297 318 309 322 291 306 281 379 359 375 354 341 364 345 403 432 413 392 408 438 422
112 168 224 280 336 392 448 56 169 225 281 337 393 449 57 113 226 282 338 394 450 58 114 170 283 339 395 451 59 115 171 227 340 396 452 60 116 172 228 284 397 453 61 117 173 229 285 341 454 62 118 174 230 286 342 398 119 175 231 287 343 399 455 0 176 232 288 344 400 456 1 120 233 289 345 401 457 2 121 177 290 346 402 458 3 122 178 234 347 403 459 4 123 179 235 291 404 460 5 124 180 236 292 348 461 6 125 181 237 293 349 405 63 182 238 294 350 406 462 7 183 239 295 351 407 463 8 64 240 296 352 408 464 9 65 184 297 353 409 465 10 66 185 241 354 410 466 11 67 186 242 298 411 467 12 68 187 243 299 355 468 13 69 188 244 300 356 412 70 126 245 301 357 413 469 14 127 246 302 358 414 470 15 71 247 303 359 415 471 16 72 128 304 360 416 472 17 73 129 248 361 417 473 18 74 130 249 305 418 474 19 75 131 250 306 362 475 20 76 132 251 307 363 419 77 133 189 308 364 420 476 21 134 190 309 365 421 477 22 78 191 310 366 422 478 23 79 135 311 367 423 479 24 80 136 192 368 424 480 25 81 137 193 312 425 481 26 82 138 194 313 369 482 27 83 139 195 314 370 426 84 140 196 252 371 427 483 28 141 197 253 372 428 484 29 85 198 254 373 429 485 30 86 142 255 374 430 486 31 87 143 199 375 431 487 32 88 144 200 256 432 488 33 89 145 201 257 376 489 34 90 146 202 258 377 433 91 147 203 259 315 434 490 35 148 204 260 316 435 491 36 92 205 261 317 436 492 37 93 149 262 318 437 493 38 94 150 206 319 438 494 39 95 151 207 263 439 495 40 96 152 208 264 320 496 41 97 153 209 265 321 440 98 154 210 266 322 378 497 42 155 211 267 323 379 498 43 99 212 268 324 380 499 44 100 156 269 325 381 500 45 101 157 213 326 382 501 46 102 158 214 270 383 502 47 103 159 215 271 327 503 48 104 160 216 272 328 384 105 161 217 273 329 385 441 49 162 218 274 330 386 442 50 106 219 275 331 387 443 51 107 163 276 332 388 444 52 108 164 220 333 389 445 53 109 165 221 277 390 446 54 110 166 222 278 334 447 55 111 167 223 279 335 391
113 170 227 284 341 398 449 59 173 224 286 339 397 450 60 114 230 280 337 396 454 61 118 171 281 336 394 453 62 117 169 228 338 392 451 56 115 174 226 285 395 448 57 112 172 225 283 342 452 58 116 168 229 282 340 393 125 176 233 290 347 404 461 4 181 234 292 345 399 458 5 122 232 291 349 402 455 6 119 179 289 348 400 459 0 123 175 236 346 405 457 1 121 180 231 293 403 456 2 120 178 237 287 344 460 3 124 177 235 288 343 401 65 188 242 295 355 408 466 12 186 244 297 350 410 464 7 68 241 294 353 412 467 8 67 183 300 354 406 468 11 64 187 238 356 409 463 13 66 182 243 296 407 465 10 69 184 239 298 352 462 9 63 185 240 299 351 411 73 130 247 306 358 419 472 20 128 250 303 361 413 474 17 70 249 304 363 414 475 14 76 131 305 357 417 471 16 75 132 246 359 418 469 19 72 127 251 301 415 473 15 74 129 245 307 360 470 18 71 126 248 302 362 416 81 136 194 311 370 421 478 22 138 192 314 367 425 476 26 79 189 312 365 426 480 25 77 139 313 368 422 477 21 78 135 195 369 420 481 24 83 133 191 309 423 482 27 80 137 190 310 364 479 23 82 134 193 308 366 424 89 142 200 258 375 429 484 30 140 202 256 373 431 489 31 90 197 257 371 430 488 34 87 144 252 376 428 485 33 84 141 198 377 432 486 28 86 145 199 254 433 483 32 85 146 196 255 372 487 29 88 143 201 253 374 427 97 148 206 264 317 439 493 38 153 203 261 320 437 495 37 96 207 265 316 438 490 39 92 152 260 321 434 494 36 95 149 208 315 440 491 41 91 150 204 262 436 496 35 94 147 209 263 318 492 40 93 151 205 259 319 435 99 157 211 270 328 381 503 46 159 212 266 325 384 501 48 101 215 269 322 383 498 45 104 154 271 324 379 502 47 100 158 216 323 380 497 44 103 155 213 272 378 499 43 98 160 214 267 326 500 42 102 156 210 268 327 382 107 167 221 274 334 387 445 54 165 223 276 329 389 443 49 110 220 273 332 391 446 50 109 162 279 333 385 447 53 106 166 217 335 388 442 55 108 161 222 275 386 444 52 111 163 218 277 331 441 51 105 164 219 278 330 390
114 171 228 285 342 393 450 62 172 227 282 336 395 454 56 118 229 284 339 392 452 57 116 169 286 341 396 448 58 112 173 226 337 398 453 59 117 168 230 283 394 449 60 113 174 224 281 340 451 61 115 170 225 280 338 397 124 181 232 289 346 403 460 1 177 236 287 349 404 459 2 123 234 293 343 400 461 3 125 180 291 344 399 457 4 121 176 237 348 401 455 5 119 178 233 288 405 458 6 122 175 235 290 345 456 0 120 179 231 292 347 402 67 185 243 297 352 412 463 10 182 240 300 355 409 467 12 69 238 295 354 411 465 7 66 186 299 356 408 462 13 68 184 242 351 406 464 9 64 188 239 294 410 468 11 63 183 244 296 353 466 8 65 187 241 298 350 407 75 127 249 307 361 416 471 18 131 245 304 359 419 473 16 73 251 305 362 413 470 20 71 129 301 358 418 475 14 74 126 250 363 415 472 15 76 128 248 306 414 469 17 72 132 247 302 357 474 19 70 130 246 303 360 417 83 135 190 313 366 425 480 26 137 195 308 368 423 478 27 77 194 309 367 424 481 24 81 134 310 369 426 476 22 79 139 193 364 421 482 21 82 136 189 314 422 479 23 78 133 192 312 370 477 25 80 138 191 311 365 420 85 144 199 253 377 430 489 34 142 201 254 371 432 487 33 88 202 255 375 428 483 29 84 145 258 372 431 488 32 89 140 197 374 433 485 30 87 146 198 257 427 484 28 90 143 200 252 373 486 31 86 141 196 256 376 429 93 153 208 263 316 436 494 36 151 206 265 318 434 496 39 94 204 259 320 440 493 41 96 147 261 319 439 491 37 91 152 209 317 435 495 40 97 149 203 260 438 492 38 95 148 205 262 321 490 35 92 150 207 264 315 437 101 158 212 272 327 379 500 44 160 215 270 324 382 497 42 100 214 271 328 378 501 47 102 157 267 322 384 499 43 104 155 210 325 383 503 45 98 159 216 268 381 498 48 99 156 213 266 323 502 46 103 154 211 269 326 380 109 164 222 276 331 391 442 52 161 219 279 334 388 446 54 111 217 274 333 390 444 49 108 165 278 335 387 441 55 110 163 221 330 385 443 51 106 167 218 273 389 447 53 105 162 223 275 332 445 50 107 166 220 277 329 386
115 172 229 286 337 394 451 57 170 230 285 340 392 453 58 117 227 281 342 397 448 59 112 174 284 338 393 454 60 118 168 225 341 395 450 61 114 169 224 282 398 452 62 116 171 226 280 339 449 56 113 173 228 283 336 396 123 180 237 288 345 402 459 6 178 231 291 346 401 461 0 125 235 287 348 403 458 1 122 176 292 343 405 460 2 124 179 233 349 399 456 3 120 181 236 290 400 455 4 119 177 232 293 347 457 5 121 175 234 289 344 404 68 183 240 298 356 410 465 9 187 242 296 354 412 462 13 67 239 299 350 409 466 11 69 185 294 355 407 464 7 65 182 244 352 411 468 12 63 184 241 300 408 463 8 66 188 238 297 351 467 10 64 186 243 295 353 406 76 129 246 304 362 415 474 17 126 251 306 360 418 471 18 72 250 307 358 417 469 15 75 130 302 363 413 473 19 71 128 249 357 419 470 14 73 132 245 303 416 475 20 70 127 248 305 359 472 16 74 131 247 301 361 414 78 138 193 309 368 426 479 25 135 189 310 370 424 482 24 82 195 311 364 425 477 26 80 133 314 366 421 481 23 83 137 194 365 422 476 27 79 134 192 313 420 478 21 81 139 191 308 367 480 22 77 136 190 312 369 423 86 143 202 257 372 432 485 33 146 199 252 374 429 488 30 84 200 253 376 433 487 32 90 141 254 375 427 489 34 88 145 196 373 430 484 31 85 140 201 258 428 486 29 87 142 197 256 377 483 28 89 144 198 255 371 431 94 149 207 261 321 435 496 41 152 205 263 315 438 493 35 97 208 262 319 434 495 38 91 151 264 316 440 492 40 92 153 204 318 439 490 36 96 148 209 259 437 494 39 93 150 203 265 317 491 37 95 147 206 260 320 436 102 160 213 271 325 380 498 43 157 216 269 327 378 502 45 103 210 270 323 384 500 42 99 159 272 326 383 497 46 98 156 215 328 379 499 48 100 154 212 267 382 503 44 104 158 211 268 322 501 47 101 155 214 266 324 381 110 162 219 277 335 389 444 51 166 221 275 333 391 441 55 109 218 278 329 388 445 53 111 164 273 334 386 443 49 107 161 223 331 390 447 54 105 163 220 279 387 442 50 108 167 217 276 330 446 52 106 165 222 274 332 385
116 173 230 281 338 395 452 61 168 226 284 342 396 451 62 115 224 283 341 393 453 56 117 172 280 340 398 450 57 114 174 229 336 397 449 58 113 171 225 286 392 454 59 118 170 228 282 337 448 60 112 169 227 285 339 394 122 179 236 293 344 401 458 2 180 235 289 347 405 455 3 119 237 292 346 404 456 4 120 175 288 349 403 461 5 125 177 231 345 400 460 6 124 176 234 287 402 457 0 121 181 233 291 343 459 1 123 178 232 290 348 399 64 184 244 299 354 407 467 13 185 238 298 353 408 468 11 65 243 300 351 410 462 10 68 188 296 350 411 463 8 63 186 239 355 412 465 7 69 187 240 297 406 466 9 67 182 241 295 356 464 12 66 183 242 294 352 409 72 131 248 303 363 418 470 15 132 249 301 362 417 472 20 74 246 306 357 416 473 19 73 126 307 359 414 474 18 76 127 247 360 413 475 16 70 129 250 302 419 471 14 71 130 251 304 361 469 17 75 128 245 305 358 415 80 134 195 312 367 422 482 23 136 191 313 364 426 481 25 83 192 308 369 421 479 22 82 137 309 370 420 480 27 81 138 189 366 423 477 26 78 139 190 311 424 476 24 77 135 193 314 365 478 21 79 133 194 310 368 425 88 146 197 254 376 431 486 31 145 200 255 377 427 485 28 87 196 258 374 432 489 33 85 143 256 371 433 484 30 90 144 201 372 429 483 29 89 141 202 252 430 487 34 86 140 198 253 375 488 32 84 142 199 257 373 428 96 150 205 260 318 440 495 39 149 209 264 319 436 490 40 91 206 263 321 437 491 35 95 153 259 317 438 496 41 93 148 207 320 434 492 38 92 147 208 265 435 493 37 97 151 204 261 315 494 36 94 152 203 262 316 439 104 159 214 269 323 382 499 47 154 213 268 328 383 500 44 102 216 266 326 379 503 48 98 155 270 327 380 501 42 103 160 212 322 381 502 43 101 156 211 271 384 497 46 100 157 210 272 324 498 45 99 158 215 267 325 378 106 163 223 278 333 386 446 55 164 217 277 332 387 447 53 107 222 279 330 389 441 52 110 167 275 329 390 442 50 105 165 218 334 391 444 49 111 166 219 276 385 445 51 109 161 220 274 335 443 54 108 162 221 273 331 388
117 174 225 282 339 396 453 60 171 229 283 338 398 448 61 112 228 286 340 395 449 62 113 168 285 337 397 452 56 116 170 224 342 394 454 57 118 173 227 280 393 451 58 115 169 230 284 336 450 59 114 172 226 281 341 392 121 178 235 292 349 400 457 3 175 233 293 348 402 460 4 124 231 290 344 405 459 5 123 181 287 347 401 456 6 120 180 232 343 404 458 0 122 177 237 289 399 461 1 125 179 234 288 346 455 2 119 176 236 291 345 403 69 186 241 296 351 409 468 8 184 243 294 356 411 466 9 66 244 298 355 406 463 13 63 187 295 352 410 467 12 67 188 240 353 407 462 10 65 183 238 299 412 464 7 64 185 242 300 350 465 11 68 182 239 297 354 408 71 132 250 305 360 414 473 16 130 248 307 357 415 475 19 76 245 302 361 418 472 17 74 127 303 362 419 469 15 70 131 251 358 416 474 20 75 126 247 304 417 470 18 73 128 246 301 363 471 14 72 129 249 306 359 413 79 137 191 314 369 424 477 24 139 194 312 366 420 479 21 80 193 313 370 423 476 27 78 136 308 365 425 482 25 82 133 190 367 426 478 23 77 138 195 310 421 480 22 83 134 189 311 368 481 26 81 135 192 309 364 422 87 141 201 255 373 433 488 32 143 198 258 376 430 483 34 89 199 256 372 427 486 28 88 140 257 377 429 487 29 86 146 200 371 428 489 33 90 142 196 253 431 485 31 84 144 202 254 374 484 30 85 145 197 252 375 432 95 152 204 265 319 437 492 40 147 207 262 317 440 494 38 93 209 260 315 439 496 36 97 150 263 320 435 490 35 96 151 203 321 436 493 37 94 153 205 264 434 491 41 92 149 206 259 316 495 39 91 148 208 261 318 438 103 156 216 267 324 383 501 48 158 210 271 326 381 499 47 98 211 272 325 382 502 46 101 160 268 323 378 503 44 99 154 214 327 384 498 42 104 157 215 266 380 500 45 102 155 212 269 328 497 43 100 159 213 270 322 379 111 165 220 275 330 388 447 50 163 222 273 335 390 445 51 108 223 277 334 385 442 55 105 166 274 331 389 446 54 109 167 219 332 386 441 52 107 162 217 278 391 443 49 106 164 221 279 329 444 53 110 161 218 276 333 387
118 169 226 283 340 397 454 58 174 228 280 341 394 452 59 116 225 285 336 398 451 60 115 173 282 342 392 449 61 113 172 230 339 393 448 62 112 170 229 281 396 450 56 114 168 227 286 338 453 57 117 171 224 284 337 395 120 177 234 291 348 405 456 5 179 237 290 343 403 457 6 121 236 288 347 399 460 0 124 178 293 345 404 455 1 119 181 235 344 402 461 2 125 175 232 292 401 459 3 123 176 231 289 349 458 4 122 180 233 287 346 400 66 187 239 300 353 411 464 11 188 241 299 352 406 465 10 63 242 297 356 407 468 12 64 182 298 351 412 466 9 69 183 243 350 408 467 8 68 185 244 295 409 462 13 65 186 240 294 354 463 7 67 184 238 296 355 410 74 128 251 302 359 417 475 19 129 247 305 363 416 469 14 75 248 301 360 419 474 18 70 132 306 361 415 470 20 72 130 245 362 414 471 17 71 131 246 307 413 472 16 76 126 249 303 358 473 15 73 127 250 304 357 418 82 139 192 310 365 423 481 27 133 193 311 369 422 480 23 81 190 314 368 420 482 21 83 138 312 364 424 478 26 77 134 191 370 425 479 22 80 135 194 308 426 477 25 79 136 195 309 366 476 24 78 137 189 313 367 421 90 145 198 256 374 428 487 29 144 196 257 375 433 486 32 86 201 252 377 431 484 31 89 146 253 373 432 483 28 85 142 202 376 427 488 34 84 143 197 255 429 489 30 88 141 199 258 371 485 33 87 140 200 254 372 430 92 151 209 262 320 438 491 37 150 208 259 321 439 492 41 95 203 264 318 435 494 40 94 148 265 315 436 495 39 97 147 205 316 437 496 35 93 152 206 261 440 490 36 91 153 207 260 319 493 38 96 149 204 263 317 434 100 155 215 268 326 384 502 45 156 214 272 322 380 503 46 104 213 267 327 381 497 43 103 158 266 328 382 498 48 102 159 211 324 378 500 47 99 160 210 269 379 501 42 101 154 216 270 325 499 44 98 157 212 271 323 383 108 166 218 279 332 390 443 53 167 220 278 331 385 444 52 105 221 276 335 386 447 54 106 161 277 330 391 445 51 111 162 222 329 387 446 50 110 164 223 274 388 441 55 107 165 219 273 333 442 49 109 163 217 275 334 389
119 175 231 287 343 399 455 63 182 238 294 350 406 462 70 126 245 301 357 413 469 77 133 189 308 364 420 476 84 140 196 252 371 427 483 91 147 203 259 315 434 490 98 154 210 266 322 378 497 105 161 217 273 329 385 441 112 168 224 280 336 392 448 7 183 239 295 351 407 463 14 127 246 302 358 414 470 21 134 190 309 365 421 477 28 141 197 253 372 428 484 35 148 204 260 316 435 491 42 155 211 267 323 379 498 49 162 218 274 330 386 442 56 169 225 281 337 393 449 0 176 232 288 344 400 456 15 71 247 303 359 415 471 22 78 191 310 366 422 478 29 85 198 254 373 429 485 36 92 205 261 317 436 492 43 99 212 268 324 380 499 50 106 219 275 331 387 443 57 113 226 282 338 394 450 1 120 233 289 345 401 457 8 64 240 296 352 408 464 23 79 135 311 367 423 479 30 86 142 255 374 430 486 37 93 149 262 318 437 493 44 100 156 269 325 381 500 51 107 163 276 332 388 444 58 114 170 283 339 395 451 2 121 177 290 346 402 458 9 65 184 297 353 409 465 16 72 128 304 360 416 472 31 87 143 199 375 431 487 38 94 150 206 319 438 494 45 101 157 213 326 382 501 52 108 164 220 333 389 445 59 115 171 227 340 396 452 3 122 178 234 347 403 459 10 66 185 241 354 410 466 17 73 129 248 361 417 473 24 80 136 192 368 424 480 39 95 151 207 263 439 495 46 102 158 214 270 383 502 53 109 165 221 277 390 446 60 116 172 228 284 397 453 4 123 179 235 291 404 460 11 67 186 242 298 411 467 18 74 130 249 305 418 474 25 81 137 193 312 425 481 32 88 144 200 256 432 488 47 103 159 215 271 327 503 54 110 166 222 278 334 447 61 117 173 229 285 341 454 5 124 180 236 292 348 461 12 68 187 243 299 355 468 19 75 131 250 306 362 475 26 82 138 194 313 369 482 33 89 145 201 257 376 489 40 96 152 208 264 320 496 55 111 167 223 279 335 391 62 118 174 230 286 342 398 6 125 181 237 293 349 405 13 69 188 244 300 356 412 20 76 132 251 307 363 419 27 83 139 195 314 370 426 34 90 146 202 258 377 433 41 97 153 209 265 321 440 48 104 160 216 272 328 384
120 177 234 291 348 405 456 66 187 239 300 353 411 464 74 128 251 302 359 417 475 82 139 192 310 365 423 481 90 145 198 256 374 428 487 92 151 209 262 320 438 491 100 155 215 268 326 384 502 108 166 218 279 332 390 443 118 169 226 283 340 397 454 11 188 241 299 352 406 465 19 129 247 305 363 416 469 27 133 193 311 369 422 480 29 144 196 257 375 433 486 37 150 208 259 321 439 492 45 156 214 272 322 380 503 53 167 220 278 331 385 444 58 174 228 280 341 394 452 5 179 237 290 343 403 457 14 75 248 301 360 419 474 23 81 190 314 368 420 482 32 86 201 252 377 431 484 41 95 203 264 318 435 494 46 104 213 267 327 381 497 52 105 221 276 335 386 447 59 116 225 285 336 398 451 6 121 236 288 347 399 460 10 63 242 297 356 407 468 21 83 138 312 364 424 478 31 89 146 253 373 432 483 40 94 148 265 315 436 495 43 103 158 266 328 382 498 54 106 161 277 330 391 445 60 115 173 282 342 392 449 0 124 178 293 345 404 455 12 64 182 298 351 412 466 18 70 132 306 361 415 470 28 85 142 202 376 427 488 39 97 147 205 316 437 496 48 102 159 211 324 378 500 51 111 162 222 329 387 446 61 113 172 230 339 393 448 1 119 181 235 344 402 461 9 69 183 243 350 408 467 20 72 130 245 362 414 471 26 77 134 191 370 425 479 35 93 152 206 261 440 490 47 99 160 210 269 379 501 50 110 164 223 274 388 441 62 112 170 229 281 396 450 2 125 175 232 292 401 459 8 68 185 244 295 409 462 17 71 131 246 307 413 472 22 80 135 194 308 426 477 34 84 143 197 255 429 489 42 101 154 216 270 325 499 55 107 165 219 273 333 442 56 114 168 227 286 338 453 3 123 176 231 289 349 458 13 65 186 240 294 354 463 16 76 126 249 303 358 473 25 79 136 195 309 366 476 30 88 141 199 258 371 485 36 91 153 207 260 319 493 49 109 163 217 275 334 389 57 117 171 224 284 337 395 4 122 180 233 287 346 400 7 67 184 238 296 355 410 15 73 127 250 304 357 418 24 78 137 189 313 367 421 33 87 140 200 254 372 430 38 96 149 204 263 317 434 44 98 157 212 271 323 383
121 178 235 292 349 400 457 69 186 241 296 351 409 468 71 132 250 305 360 414 473 79 137 191 314 369 424 477 87 141 201 255 373 433 488 95 152 204 265 319 437 492 103 156 216 267 324 383 501 111 165 220 275 330 388 447 117 174 225 282 339 396 453 8 184 243 294 356 411 466 16 130 248 307 357 415 475 24 139 194 312 366 420 479 32 143 198 258 376 430 483 40 147 207 262 317 440 494 48 158 210 271 326 381 499 50 163 222 273 335 390 445 60 171 229 283 338 398 448 3 175 233 293 348 402 460 19 76 245 302 361 418 472 21 80 193 313 370 423 476 34 89 199 256 372 427 486 38 93 209 260 315 439 496 47 98 211 272 325 382 502 51 108 223 277 334 385 442 61 112 228 286 340 395 449 4 124 231 290 344 405 459 9 66 244 298 355 406 463 27 78 136 308 365 425 482 28 88 140 257 377 429 487 36 97 150 263 320 435 490 46 101 160 268 323 378 503 55 105 166 274 331 389 446 62 113 168 285 337 397 452 5 123 181 287 347 401 456 13 63 187 295 352 410 467 17 74 127 303 362 419 469 29 86 146 200 371 428 489 35 96 151 203 321 436 493 44 99 154 214 327 384 498 54 109 167 219 332 386 441 56 116 170 224 342 394 454 6 120 180 232 343 404 458 12 67 188 240 353 407 462 15 70 131 251 358 416 474 25 82 133 190 367 426 478 37 94 153 205 264 434 491 42 104 157 215 266 380 500 52 107 162 217 278 391 443 57 118 173 227 280 393 451 0 122 177 237 289 399 461 10 65 183 238 299 412 464 20 75 126 247 304 417 470 23 77 138 195 310 421 480 33 90 142 196 253 431 485 45 102 155 212 269 328 497 49 106 164 221 279 329 444 58 115 169 230 284 336 450 1 125 179 234 288 346 455 7 64 185 242 300 350 465 18 73 128 246 301 363 471 22 83 134 189 311 368 481 31 84 144 202 254 374 484 41 92 149 206 259 316 495 53 110 161 218 276 333 387 59 114 172 226 281 341 392 2 119 176 236 291 345 403 11 68 182 239 297 354 408 14 72 129 249 306 359 413 26 81 135 192 309 364 422 30 85 145 197 252 375 432 39 91 148 208 261 318 438 43 100 159 213 270 322 379
122 179 236 293 344 401 458 64 184 244 299 354 407 467 72 131 248 303 363 418 470 80 134 195 312 367 422 482 88 146 197 254 376 431 486 96 150 205 260 318 440 495 104 159 214 269 323 382 499 106 163 223 278 333 386 446 116 173 230 281 338 395 452 13 185 238 298 353 408 468 15 132 249 301 362 417 472 23 136 191 313 364 426 481 31 145 200 255 377 427 485 39 149 209 264 319 436 490 47 154 213 268 328 383 500 55 164 217 277 332 387 447 61 168 226 284 342 396 451 2 180 235 289 347 405 455 20 74 246 306 357 416 473 25 83 192 308 369 421 479 28 87 196 258 374 432 489 40 91 206 263 321 437 491 44 102 216 266 326 379 503 53 107 222 279 330 389 441 62 115 224 283 341 393 453 3 119 237 292 346 404 456 11 65 243 300 351 410 462 22 82 137 309 370 420 480 33 85 143 256 371 433 484 35 95 153 259 317 438 496 48 98 155 270 327 380 501 52 110 167 275 329 390 442 56 117 172 280 340 398 450 4 120 175 288 349 403 461 10 68 188 296 350 411 463 19 73 126 307 359 414 474 30 90 144 201 372 429 483 41 93 148 207 320 434 492 42 103 160 212 322 381 502 50 105 165 218 334 391 444 57 114 174 229 336 397 449 5 125 177 231 345 400 460 8 63 186 239 355 412 465 18 76 127 247 360 413 475 27 81 138 189 366 423 477 38 92 147 208 265 435 493 43 101 156 211 271 384 497 49 111 166 219 276 385 445 58 113 171 225 286 392 454 6 124 176 234 287 402 457 7 69 187 240 297 406 466 16 70 129 250 302 419 471 26 78 139 190 311 424 476 29 89 141 202 252 430 487 46 100 157 210 272 324 498 51 109 161 220 274 335 443 59 118 170 228 282 337 448 0 121 181 233 291 343 459 9 67 182 241 295 356 464 14 71 130 251 304 361 469 24 77 135 193 314 365 478 34 86 140 198 253 375 488 37 97 151 204 261 315 494 54 108 162 221 273 331 388 60 112 169 227 285 339 394 1 123 178 232 290 348 399 12 66 183 242 294 352 409 17 75 128 245 305 358 415 21 79 133 194 310 368 425 32 84 142 199 257 373 428 36 94 152 203 262 316 439 45 99 158 215 267 325 378
123 180 237 288 345 402 459 68 183 240 298 356 410 465 76 129 246 304 362 415 474 78 138 193 309 368 426 479 86 143 202 257 372 432 485 94 149 207 261 321 435 496 102 160 213 271 325 380 498 110 162 219 277 335 389 444 115 172 229 286 337 394 451 9 187 242 296 354 412 462 17 126 251 306 360 418 471 25 135 189 310 370 424 482 33 146 199 252 374 429 488 41 152 205 263 315 438 493 43 157 216 269 327 378 502 51 166 221 275 333 391 441 57 170 230 285 340 392 453 6 178 231 291 346 401 461 18 72 250 307 358 417 469 24 82 195 311 364 425 477 30 84 200 253 376 433 487 35 97 208 262 319 434 495 45 103 210 270 323 384 500 55 109 218 278 329 388 445 58 117 227 281 342 397 448 0 125 235 287 348 403 458 13 67 239 299 350 409 466 26 80 133 314 366 421 481 32 90 141 254 375 427 489 38 91 151 264 316 440 492 42 99 159 272 326 383 497 53 111 164 273 334 386 443 59 112 174 284 338 393 454 1 122 176 292 343 405 460 11 69 185 294 355 407 464 15 75 130 302 363 413 473 34 88 145 196 373 430 484 40 92 153 204 318 439 490 46 98 156 215 328 379 499 49 107 161 223 331 390 447 60 118 168 225 341 395 450 2 124 179 233 349 399 456 7 65 182 244 352 411 468 19 71 128 249 357 419 470 23 83 137 194 365 422 476 36 96 148 209 259 437 494 48 100 154 212 267 382 503 54 105 163 220 279 387 442 61 114 169 224 282 398 452 3 120 181 236 290 400 455 12 63 184 241 300 408 463 14 73 132 245 303 416 475 27 79 134 192 313 420 478 31 85 140 201 258 428 486 44 104 158 211 268 322 501 50 108 167 217 276 330 446 62 116 171 226 280 339 449 4 119 177 232 293 347 457 8 66 188 238 297 351 467 20 70 127 248 305 359 472 21 81 139 191 308 367 480 29 87 142 197 256 377 483 39 93 150 203 265 317 491 52 106 165 222 274 332 385 56 113 173 228 283 336 396 5 121 175 234 289 344 404 10 64 186 243 295 353 406 16 74 131 247 301 361 414 22 77 136 190 312 369 423 28 89 144 198 255 371 431 37 95 147 206 260 320 436 47 101 155 214 266 324 381
124 181 232 289 346 403 460 67 185 243 297 352 412 463 75 127 249 307 361 416 471 83 135 190 313 366 425 480 85 144 199 253 377 430 489 93 153 208 263 316 436 494 101 158 212 272 327 379 500 109 164 222 276 331 391 442 114 171 228 285 342 393 450 10 182 240 300 355 409 467 18 131 245 304 359 419 473 26 137 195 308 368 423 478 34 142 201 254 371 432 487 36 151 206 265 318 434 496 44 160 215 270 324 382 497 52 161 219 279 334 388 446 62 172 227 282 336 395 454 1 177 236 287 349 404 459 16 73 251 305 362 413 470 27 77 194 309 367 424 481 33 88 202 255 375 428 483 39 94 204 259 320 440 493 42 100 214 271 328 378 501 54 111 217 274 333 390 444 56 118 229 284 339 392 452 2 123 234 293 343 400 461 12 69 238 295 354 411 465 24 81 134 310 369 426 476 29 84 145 258 372 431 488 41 96 147 261 319 439 491 47 102 157 267 322 384 499 49 108 165 278 335 387 441 57 116 169 286 341 396 448 3 125 180 291 344 399 457 7 66 186 299 356 408 462 20 71 129 301 358 418 475 32 89 140 197 374 433 485 37 91 152 209 317 435 495 43 104 155 210 325 383 503 55 110 163 221 330 385 443 58 112 173 226 337 398 453 4 121 176 237 348 401 455 13 68 184 242 351 406 464 14 74 126 250 363 415 472 22 79 139 193 364 421 482 40 97 149 203 260 438 492 45 98 159 216 268 381 498 51 106 167 218 273 389 447 59 117 168 230 283 394 449 5 119 178 233 288 405 458 9 64 188 239 294 410 468 15 76 128 248 306 414 469 21 82 136 189 314 422 479 30 87 146 198 257 427 484 48 99 156 213 266 323 502 53 105 162 223 275 332 445 60 113 174 224 281 340 451 6 122 175 235 290 345 456 11 63 183 244 296 353 466 17 72 132 247 302 357 474 23 78 133 192 312 370 477 28 90 143 200 252 373 486 38 95 148 205 262 321 490 50 107 166 220 277 329 386 61 115 170 225 280 338 397 0 120 179 231 292 347 402 8 65 187 241 298 350 407 19 70 130 246 303 360 417 25 80 138 191 311 365 420 31 86 141 196 256 376 429 35 92 150 207 264 315 437 46 103 154 211 269 326 380
125 176 233 290 347 404 461 65 188 242 295 355 408 466 73 130 247 306 358 419 472 81 136 194 311 370 421 478 89 142 200 258 375 429 484 97 148 206 264 317 439 493 99 157 211 270 328 381 503 107 167 221 274 334 387 445 113 170 227 284 341 398 449 12 186 244 297 350 410 464 20 128 250 303 361 413 474 22 138 192 314 367 425 476 30 140 202 256 373 431 489 38 153 203 261 320 437 495 46 159 212 266 325 384 501 54 165 223 276 329 389 443 59 173 224 286 339 397 450 4 181 234 292 345 399 458 17 70 249 304 363 414 475 26 79 189 312 365 426 480 31 90 197 257 371 430 488 37 96 207 265 316 438 490 48 101 215 269 322 383 498 49 110 220 273 332 391 446 60 114 230 280 337 396 454 5 122 232 291 349 402 455 7 68 241 294 353 412 467 25 77 139 313 368 422 477 34 87 144 252 376 428 485 39 92 152 260 321 434 494 45 104 154 271 324 379 502 50 109 162 279 333 385 447 61 118 171 281 336 394 453 6 119 179 289 348 400 459 8 67 183 300 354 406 468 14 76 131 305 357 417 471 33 84 141 198 377 432 486 36 95 149 208 315 440 491 47 100 158 216 323 380 497 53 106 166 217 335 388 442 62 117 169 228 338 392 451 0 123 175 236 346 405 457 11 64 187 238 356 409 463 16 75 132 246 359 418 469 21 78 135 195 369 420 481 41 91 150 204 262 436 496 44 103 155 213 272 378 499 55 108 161 222 275 386 444 56 115 174 226 285 395 448 1 121 180 231 293 403 456 13 66 182 243 296 407 465 19 72 127 251 301 415 473 24 83 133 191 309 423 482 28 86 145 199 254 433 483 43 98 160 214 267 326 500 52 111 163 218 277 331 441 57 112 172 225 283 342 452 2 120 178 237 287 344 460 10 69 184 239 298 352 462 15 74 129 245 307 360 470 27 80 137 190 310 364 479 32 85 146 196 255 372 487 35 94 147 209 263 318 492 51 105 164 219 278 330 390 58 116 168 229 282 340 393 3 124 177 235 288 343 401 9 63 185 240 299 351 411 18 71 126 248 302 362 416 23 82 134 193 308 366 424 29 88 143 201 253 374 427 40 93 151 205 259 319 435 42 102 156 210 268 327 382
126 189 252 315 378 441 462 84 210 231 329 364 434 469 91 133 273 287 350 427 497 98 161 196 294 343 413 490 105 154 182 259 357 399 476 63 140 217 245 322 420 455 70 119 203 238 308 385 483 77 147 175 266 301 371 406 162 183 246 309 372 435 498 35 218 253 323 358 392 477 42 141 239 316 386 421 448 49 112 204 302 379 407 484 7 148 168 267 365 442 470 14 134 211 224 330 428 463 21 127 197 274 280 351 491 28 155 190 260 295 336 414 78 219 261 288 380 415 485 43 205 275 310 337 429 471 0 99 254 281 366 443 492 15 92 176 331 373 393 499 36 71 212 225 387 422 456 50 85 169 268 303 400 478 29 106 191 232 317 359 449 22 56 198 247 324 344 436 86 149 240 325 345 444 479 51 135 269 296 374 394 493 30 57 262 311 388 401 500 1 107 156 318 338 430 464 23 100 163 233 352 437 450 44 79 120 276 282 408 486 8 93 142 226 332 367 457 37 64 113 255 289 381 423 94 143 213 304 389 402 465 9 157 199 333 360 438 451 45 72 170 319 346 445 487 38 58 164 326 375 409 458 2 65 128 220 382 395 494 31 108 114 184 290 416 501 52 87 150 177 297 339 472 16 101 121 206 283 353 431 102 129 207 277 368 410 459 17 115 221 263 354 424 502 24 109 178 270 340 417 495 53 80 151 227 383 403 466 46 59 122 185 390 439 473 3 73 158 192 241 446 452 39 66 165 171 248 347 480 10 95 136 214 234 361 396 110 123 193 271 298 432 474 25 166 172 242 327 418 488 18 103 200 278 291 425 453 32 67 159 235 334 397 481 11 88 130 215 284 447 460 54 60 137 179 249 411 503 4 81 116 222 256 305 467 47 74 144 186 228 312 404 68 138 180 257 335 362 496 33 152 187 229 306 391 482 55 82 208 250 285 376 461 26 111 117 264 299 348 489 40 75 145 223 292 355 454 19 96 124 194 279 341 468 12 61 167 201 236 313 475 5 89 131 173 243 320 369 76 160 202 237 321 356 426 41 146 216 251 286 370 412 6 97 195 230 307 384 433 13 90 125 272 314 342 440 34 69 153 174 328 363 405 48 83 118 209 244 349 419 27 104 132 181 258 300 398 20 62 139 188 265 293 377
127 190 253 316 379 442 463 85 212 232 331 366 436 471 93 135 276 289 352 430 500 101 164 199 297 346 416 494 109 158 185 263 361 403 480 67 144 222 249 327 425 460 75 124 208 243 313 391 489 83 153 181 272 307 377 412 161 182 245 308 371 434 497 36 219 254 324 359 393 478 44 142 240 318 388 423 450 52 114 206 304 382 409 487 10 151 171 270 368 446 473 18 137 215 228 334 432 467 26 131 201 279 285 355 496 34 160 195 265 300 342 419 77 217 259 287 378 413 483 42 204 274 309 336 428 470 1 100 255 282 367 444 493 16 94 177 333 375 395 501 39 73 214 227 390 424 459 54 88 172 271 305 404 481 33 111 194 236 320 362 454 27 62 202 251 328 349 440 84 147 238 322 343 441 476 49 134 267 295 372 392 491 29 56 261 310 387 400 499 2 108 157 319 339 431 465 24 102 165 234 354 439 452 47 81 123 278 284 411 488 12 96 145 229 335 369 461 41 69 118 258 293 384 426 91 140 210 301 385 399 462 7 155 197 330 358 435 448 43 71 169 317 344 443 485 37 57 163 325 374 408 457 3 66 129 221 383 396 495 32 110 116 186 291 418 503 55 89 152 180 299 341 475 20 104 125 209 286 356 433 98 126 203 273 364 406 455 14 112 218 260 351 421 498 22 106 176 268 337 415 492 51 79 149 226 381 401 464 45 58 121 184 389 438 472 4 74 159 193 242 447 453 40 68 167 173 250 348 482 13 97 139 216 237 363 398 105 119 189 266 294 427 469 21 162 168 239 323 414 484 15 99 198 275 288 422 449 30 64 156 233 332 394 479 9 87 128 213 283 445 458 53 59 136 178 248 410 502 5 82 117 223 257 306 468 48 76 146 188 230 314 405 63 133 175 252 329 357 490 28 148 183 224 302 386 477 50 78 205 247 281 373 456 23 107 113 262 296 345 486 38 72 143 220 290 353 451 17 95 122 192 277 340 466 11 60 166 200 235 312 474 6 90 132 174 244 321 370 70 154 196 231 315 350 420 35 141 211 246 280 365 407 0 92 191 225 303 380 429 8 86 120 269 311 338 437 31 65 150 170 326 360 402 46 80 115 207 241 347 417 25 103 130 179 256 298 397 19 61 138 187 264 292 376
128 192 256 320 384 443 464 90 215 234 332 365 438 475 92 139 279 291 353 428 502 100 166 198 300 348 417 491 108 155 187 262 359 405 481 66 145 218 251 326 423 456 74 120 209 239 310 390 487 82 151 177 268 302 374 411 167 188 247 311 375 439 503 37 220 257 322 363 397 480 45 144 241 321 385 422 454 53 118 208 305 380 406 486 11 150 169 272 369 444 469 19 133 214 226 331 433 465 27 129 196 278 283 352 492 29 156 193 259 299 340 416 81 221 264 290 381 419 484 46 203 276 314 341 431 474 5 104 252 280 368 447 494 14 95 179 335 377 394 497 41 75 213 228 386 420 457 52 86 174 267 301 403 482 32 105 190 237 318 360 452 23 58 201 248 327 343 435 89 148 242 328 347 445 478 54 138 266 297 373 398 495 31 59 265 312 391 399 498 6 106 158 315 336 432 468 21 103 161 236 356 436 451 43 83 121 277 285 407 483 10 94 146 225 330 364 460 40 63 116 253 288 382 424 97 142 211 306 387 404 466 12 159 202 329 361 437 449 48 70 173 316 345 446 488 39 60 162 324 376 412 455 0 64 132 222 378 392 496 28 111 115 182 293 415 500 51 85 147 178 298 342 470 18 102 124 205 282 351 427 99 130 206 274 370 408 461 20 113 223 261 350 425 501 26 110 181 269 339 414 490 50 77 152 230 379 402 467 47 61 119 183 388 440 471 1 72 160 191 243 441 448 35 69 164 172 245 344 479 9 93 134 210 235 362 393 107 125 194 270 295 429 472 22 165 170 244 325 413 489 17 101 197 273 292 426 450 34 68 154 232 333 396 477 8 84 131 216 281 442 459 55 62 135 175 246 409 499 2 80 112 219 255 307 462 42 71 143 185 229 308 401 65 136 176 258 334 358 493 30 153 186 227 303 389 476 49 79 207 249 286 371 458 25 109 114 260 294 349 485 36 76 141 217 289 354 453 16 91 123 195 275 338 463 13 56 163 199 231 309 473 3 88 126 168 240 319 366 73 157 200 233 317 355 421 38 140 212 250 284 367 410 4 96 189 224 304 383 430 7 87 122 271 313 337 434 33 67 149 171 323 357 400 44 78 117 204 238 346 418 24 98 127 180 254 296 395 15 57 137 184 263 287 372
129 193 257 321 380 444 465 86 213 237 335 368 435 474 94 138 277 288 356 432 498 102 162 202 298 345 415 496 110 160 183 261 362 402 479 68 143 219 246 325 426 459 76 123 207 240 309 389 485 78 149 180 271 304 372 410 166 187 251 310 374 438 502 41 221 252 327 360 394 482 43 146 242 315 391 424 451 51 115 205 306 378 412 488 9 152 172 269 370 441 471 17 135 216 229 333 429 462 25 126 199 275 286 354 493 33 157 189 263 296 337 418 82 218 262 291 384 417 487 45 208 278 311 340 433 469 6 103 253 285 364 445 495 18 97 178 329 376 392 500 35 72 210 230 388 425 461 55 84 170 270 307 401 477 30 109 195 231 319 358 453 24 57 200 250 323 346 434 90 151 239 326 348 443 481 53 133 272 299 375 397 492 32 58 264 314 386 403 497 0 111 159 316 342 427 466 26 99 164 235 350 440 448 42 80 125 273 281 409 489 13 91 141 227 334 366 458 38 67 117 254 287 383 421 92 145 215 302 390 405 464 11 156 196 331 363 439 454 46 75 174 318 343 447 484 40 59 161 328 373 407 460 1 69 130 223 379 393 490 34 107 112 185 292 413 499 49 88 153 176 294 338 473 15 98 122 204 284 355 430 100 128 209 279 365 411 456 19 118 220 259 352 422 503 23 105 179 267 341 419 494 54 83 148 225 382 399 468 48 60 124 182 387 437 470 2 71 154 194 244 442 450 36 65 163 168 249 349 476 7 96 137 212 233 357 395 108 120 192 268 300 428 475 27 167 169 241 322 416 486 14 104 201 276 290 420 452 31 63 158 236 330 398 478 12 85 132 211 282 446 455 50 61 134 181 245 408 501 3 79 114 217 258 303 463 44 73 140 184 224 313 400 66 139 177 256 332 359 491 29 150 188 226 305 385 480 52 81 203 248 280 377 457 21 106 116 265 297 347 483 39 70 142 222 293 351 449 20 93 119 191 274 339 467 8 62 165 197 232 308 472 4 87 127 171 238 317 367 74 155 198 234 320 353 423 37 144 214 247 283 369 406 5 95 190 228 301 381 431 10 89 121 266 312 336 436 28 64 147 173 324 361 404 47 77 113 206 243 344 414 22 101 131 175 255 295 396 16 56 136 186 260 289 371
130 194 258 317 381 445 466 89 211 233 334 370 439 472 97 136 274 290 355 429 503 99 167 200 295 347 419 493 107 157 188 264 358 404 478 65 142 221 247 328 421 461 73 125 206 242 311 387 484 81 148 176 270 306 375 408 165 186 250 314 373 437 501 38 223 256 325 361 398 476 46 140 244 320 389 425 449 54 113 203 303 384 410 489 12 153 170 266 367 443 474 20 138 212 227 329 431 464 22 128 202 276 284 350 495 30 159 192 261 297 341 413 79 220 265 292 383 414 488 48 207 273 312 339 430 475 4 101 257 286 365 446 490 17 96 181 332 371 397 498 37 70 215 224 391 426 458 49 90 173 269 304 399 480 31 110 189 234 316 363 450 26 59 197 249 322 345 438 87 152 241 324 349 447 477 50 139 271 294 376 396 494 34 60 260 313 385 402 502 5 109 154 321 337 428 467 25 104 162 232 353 434 454 45 77 122 279 280 412 485 7 92 144 230 333 368 455 39 68 114 252 291 379 422 95 141 216 305 388 400 468 8 158 198 335 357 440 453 47 76 171 315 348 442 486 36 61 166 323 377 406 459 6 67 131 217 380 394 491 33 106 118 183 289 417 497 53 84 149 179 300 336 471 14 100 119 208 281 354 432 103 132 204 275 369 409 457 16 117 222 262 356 420 499 21 108 175 272 338 418 496 55 78 150 228 378 405 463 44 62 123 187 386 436 469 0 75 155 195 238 444 451 41 64 161 169 246 346 481 11 91 135 213 236 359 392 111 121 191 267 296 433 473 24 163 174 243 326 415 483 19 98 199 277 293 423 448 28 66 160 231 331 395 482 13 86 127 214 285 441 456 52 56 133 180 251 407 500 1 83 115 218 254 301 465 43 72 145 182 226 309 403 69 137 178 255 330 360 492 32 147 184 225 307 390 479 51 80 209 245 283 372 460 27 105 112 263 298 344 487 35 74 146 219 287 352 452 15 94 120 190 278 342 462 10 57 164 196 237 310 470 2 85 129 172 239 318 364 71 156 201 235 319 351 424 40 143 210 248 282 366 411 3 93 193 229 302 382 427 9 88 124 268 308 340 435 29 63 151 168 327 362 401 42 82 116 205 240 343 416 23 102 126 177 253 299 393 18 58 134 185 259 288 374
131 195 254 318 382 446 467 88 214 236 333 367 440 470 96 134 278 293 354 431 499 104 163 197 299 344 418 495 106 159 184 260 363 401 482 64 146 223 248 323 422 458 72 122 205 244 312 386 486 80 150 179 269 303 376 407 164 185 249 313 377 436 500 39 217 255 328 362 395 481 47 145 238 319 387 426 452 55 116 209 301 383 408 485 13 149 173 268 364 447 472 15 136 213 230 332 427 468 23 132 200 277 281 353 490 31 154 191 264 298 338 417 83 222 263 289 379 416 489 44 206 279 308 342 432 473 2 102 258 284 369 441 491 20 91 180 330 374 396 503 40 74 216 226 389 421 455 53 87 168 266 306 405 479 28 107 192 235 321 357 451 25 61 196 246 326 347 437 85 153 243 327 346 442 480 52 137 270 300 371 393 496 33 62 259 309 390 404 501 3 110 155 317 341 433 462 22 98 167 237 351 438 453 48 82 119 275 283 410 484 11 95 143 224 329 370 456 35 65 115 256 292 380 420 93 144 212 307 391 403 463 10 160 201 334 359 434 450 42 73 172 320 349 444 483 41 56 165 322 372 411 461 4 68 126 218 381 398 492 30 105 117 188 288 414 502 50 90 148 175 296 340 474 19 103 120 207 280 350 429 101 127 208 276 366 412 460 18 114 219 265 355 423 497 27 111 177 271 336 413 493 49 81 147 229 384 400 465 43 57 125 186 385 435 475 5 76 156 189 239 445 449 38 63 166 174 247 345 477 8 92 138 211 231 360 397 109 124 190 272 297 430 471 26 161 171 240 324 419 487 16 100 202 274 287 424 454 29 69 157 234 335 392 476 7 89 129 210 286 443 457 51 58 139 176 250 406 498 6 78 113 220 252 302 466 46 70 141 187 225 311 402 67 135 181 253 331 361 494 34 151 182 228 304 388 478 54 77 204 251 282 375 459 24 108 118 261 295 343 488 37 71 140 221 291 356 448 14 97 121 193 273 337 464 9 59 162 198 233 314 469 0 86 130 170 241 315 365 75 158 199 232 316 352 425 36 142 215 245 285 368 409 1 94 194 227 305 378 428 12 84 123 267 310 339 439 32 66 152 169 325 358 399 45 79 112 203 242 348 415 21 99 128 178 257 294 394 17 60 133 183 262 290 373
132 191 255 319 383 447 468 87 216 235 330 369 437 473 95 137 275 292 351 433 501 103 165 201 296 349 414 492 111 156 186 265 360 400 477 69 141 220 250 324 424 457 71 121 204 241 314 388 488 79 152 178 267 305 373 409 163 184 248 312 376 440 499 40 222 258 326 357 396 479 48 143 243 317 390 420 453 50 117 207 307 381 411 483 8 147 174 271 366 445 475 16 139 210 225 335 430 466 24 130 198 273 282 356 494 32 158 194 262 294 339 415 80 223 260 293 382 418 486 47 209 277 313 338 427 472 3 98 256 283 370 442 496 19 93 175 334 372 398 502 38 76 211 229 385 423 460 51 89 171 272 302 402 476 34 108 193 233 315 361 448 21 60 199 245 325 348 439 88 150 244 323 344 446 482 55 136 268 298 377 395 490 28 61 263 308 389 405 503 4 105 160 320 340 429 463 27 101 166 231 355 435 449 46 78 124 274 286 406 487 9 97 140 228 331 365 459 36 66 112 257 290 378 425 96 146 214 303 386 401 467 13 154 200 332 362 436 452 44 74 168 321 347 441 489 35 62 167 327 371 410 456 5 63 127 219 384 397 493 29 109 113 187 287 419 498 54 86 151 181 295 337 469 17 99 123 203 285 352 428 104 131 205 278 367 407 458 15 116 217 264 353 426 500 25 107 180 266 342 416 491 52 82 153 224 380 404 462 42 56 120 188 391 434 474 6 70 157 190 240 443 454 37 67 162 170 251 343 478 12 94 133 215 232 358 394 106 122 195 269 299 431 470 23 164 173 238 328 417 485 20 102 196 279 289 421 451 33 65 155 237 329 393 480 10 90 126 212 280 444 461 49 57 138 177 247 412 497 0 77 118 221 253 304 464 45 75 142 183 227 310 399 64 134 179 254 333 363 495 31 149 185 230 301 387 481 53 83 206 246 284 374 455 22 110 115 259 300 346 484 41 73 144 218 288 350 450 18 92 125 189 276 336 465 7 58 161 202 234 311 471 1 84 128 169 242 316 368 72 159 197 236 318 354 422 39 145 213 249 281 364 408 2 91 192 226 306 379 432 11 85 119 270 309 341 438 30 68 148 172 322 359 403 43 81 114 208 239 345 413 26 100 129 176 252 297 392 14 59 135 182 261 291 375
133 196 259 322 385 406 469 105 203 252 301 343 420 497 63 161 266 315 364 399 483 70 147 182 329 378 427 455 77 119 210 245 350 441 490 84 154 175 273 308 413 462 91 126 217 231 294 371 476 98 140 189 238 287 357 434 155 218 239 302 365 428 491 14 190 267 280 386 435 484 21 148 253 330 336 407 498 28 162 211 316 351 392 470 35 134 183 274 379 414 448 42 112 197 246 295 442 477 49 141 168 260 309 358 463 7 127 204 224 323 372 421 92 198 268 310 359 443 456 29 169 247 331 380 422 492 43 106 225 288 373 436 478 0 85 205 324 387 415 449 50 99 191 261 344 393 471 22 71 219 232 281 429 499 36 56 176 275 303 366 485 15 78 212 254 317 337 400 100 120 262 332 374 423 464 37 156 226 311 352 444 486 23 86 276 318 381 394 457 51 64 142 282 345 437 500 1 93 113 269 388 408 479 8 107 135 255 325 401 450 30 79 163 240 289 338 493 44 57 149 233 296 367 430 108 128 177 326 353 438 487 45 150 220 283 375 416 465 52 58 213 290 360 431 494 31 94 121 297 382 445 451 9 72 164 206 339 402 501 2 101 143 170 333 409 472 16 65 114 199 319 389 458 38 87 157 184 304 346 395 66 151 192 234 390 417 502 53 129 214 241 340 439 480 46 95 221 248 368 403 452 10 59 158 277 347 424 495 39 102 115 178 361 446 466 17 80 165 185 270 396 459 3 109 136 207 227 354 473 24 73 122 171 263 383 410 74 166 215 256 291 411 481 11 144 193 278 305 397 503 32 81 179 228 327 447 474 54 103 116 242 312 432 460 18 60 159 222 298 404 488 47 110 130 172 235 425 467 25 88 123 186 249 334 453 4 67 137 200 271 284 418 82 145 187 279 320 348 475 19 167 208 257 299 369 454 5 75 201 264 335 341 482 40 89 138 236 285 391 468 12 111 124 173 306 376 496 26 61 152 223 243 362 461 55 68 131 194 229 292 489 33 96 117 180 250 313 355 90 139 209 251 300 384 405 27 118 188 272 321 363 433 41 104 174 237 314 377 419 6 83 146 265 328 356 398 48 97 132 202 293 342 412 20 69 160 181 230 370 440 34 62 125 216 244 307 426 13 76 153 195 258 286 349
134 197 260 323 386 407 470 106 205 254 303 344 422 499 64 163 269 318 367 401 486 72 150 184 333 382 431 458 80 122 214 248 354 446 495 88 159 179 278 312 418 467 96 131 223 236 299 376 482 104 146 195 244 293 363 440 154 217 238 301 364 427 490 15 191 268 281 387 436 485 23 149 255 332 338 408 500 31 164 213 319 353 395 472 39 136 185 277 383 417 452 47 116 200 249 298 447 481 55 145 173 264 313 362 468 13 132 209 230 328 377 426 91 196 266 308 357 441 455 28 168 246 330 379 421 491 44 107 226 289 374 437 479 2 87 206 326 389 416 451 53 102 192 263 347 396 473 25 74 222 235 284 432 503 40 61 180 279 306 369 489 20 83 216 258 321 342 405 98 119 259 329 371 420 462 35 155 224 309 351 442 484 22 85 275 317 380 393 456 52 65 143 283 346 438 501 3 95 115 270 390 410 480 11 110 137 256 327 404 453 33 82 167 243 292 341 496 48 62 153 237 300 370 433 105 126 175 322 350 434 483 42 148 218 280 372 414 463 50 56 212 288 359 429 492 30 93 120 296 381 444 450 10 73 165 207 340 403 502 4 103 144 172 334 411 474 19 68 117 201 320 391 461 41 90 160 188 307 349 398 63 147 189 231 385 413 497 49 127 211 239 336 435 477 43 92 219 247 366 400 449 8 57 156 276 345 423 493 38 101 114 177 360 445 465 18 81 166 186 271 397 460 5 111 138 208 229 355 475 27 76 125 174 265 384 412 70 161 210 252 287 406 476 7 141 190 274 302 392 498 29 78 176 225 324 443 471 51 100 113 240 311 430 457 16 58 157 220 297 402 487 46 109 129 171 234 424 466 26 89 124 187 250 335 454 6 69 139 202 272 286 419 77 140 182 273 315 343 469 14 162 204 253 295 365 448 0 71 198 261 331 337 478 37 86 135 233 282 388 464 9 108 121 170 304 375 494 24 59 151 221 241 361 459 54 67 130 193 228 291 488 34 97 118 181 251 314 356 84 133 203 245 294 378 399 21 112 183 267 316 358 428 36 99 169 232 310 373 415 1 79 142 262 325 352 394 45 94 128 199 290 339 409 17 66 158 178 227 368 439 32 60 123 215 242 305 425 12 75 152 194 257 285 348
135 199 263 327 391 412 471 109 208 253 307 346 425 500 67 164 272 316 366 403 489 75 153 185 331 379 430 460 83 124 212 249 352 442 494 85 158 181 276 313 416 463 93 127 222 232 297 377 480 101 144 190 243 289 361 436 160 219 240 304 368 432 496 18 195 270 285 388 434 487 26 151 254 334 342 409 497 34 161 215 318 355 393 473 36 137 182 279 382 419 450 44 114 201 245 300 446 478 52 142 171 265 308 359 467 10 131 206 228 324 371 423 94 202 271 309 362 444 459 33 172 251 333 378 424 493 42 111 227 287 375 440 481 1 88 204 328 390 413 454 54 100 194 259 349 395 470 27 73 217 236 282 428 501 39 62 177 274 305 367 483 16 77 214 255 320 336 404 102 123 261 335 372 426 465 41 157 229 310 354 441 488 24 84 278 319 384 392 461 49 69 145 284 343 439 499 2 96 118 267 387 411 476 12 108 134 258 322 400 452 29 81 165 238 293 339 491 47 56 147 234 295 369 431 110 129 180 325 356 435 485 43 152 221 286 374 418 462 55 57 210 291 358 433 495 32 91 125 299 383 443 448 7 71 163 209 341 399 503 3 104 140 169 330 408 475 20 66 116 197 317 385 457 37 89 155 186 301 344 396 68 149 193 237 389 415 498 51 126 216 242 337 438 482 45 97 218 250 364 401 453 13 58 159 273 348 421 492 40 98 112 176 363 447 464 14 79 167 184 268 398 455 4 106 139 203 226 351 472 22 74 121 173 260 381 406 76 162 213 257 288 410 479 9 146 189 275 306 394 502 30 82 178 230 323 445 469 53 99 117 239 314 427 458 15 59 156 223 294 405 484 48 105 128 168 233 422 468 21 87 119 188 248 332 449 5 64 136 198 266 283 414 78 143 183 277 321 345 474 17 166 205 252 296 370 451 6 72 200 262 329 340 477 38 90 133 235 281 386 466 11 107 122 174 302 373 490 23 60 148 220 244 357 456 50 63 132 192 224 290 486 28 95 113 175 247 312 353 86 138 207 246 298 380 402 25 115 187 269 315 360 429 35 103 170 231 311 376 417 0 80 141 264 326 350 397 46 92 130 196 292 338 407 19 65 154 179 225 365 437 31 61 120 211 241 303 420 8 70 150 191 256 280 347
136 200 264 328 387 408 472 107 206 258 306 347 421 503 65 167 270 317 370 404 484 73 148 188 334 381 429 461 81 125 211 247 355 445 493 89 157 176 274 311 419 466 97 130 221 233 295 375 478 99 142 194 242 290 358 439 159 223 244 303 367 431 495 20 192 266 284 389 437 489 22 153 256 329 341 410 501 30 165 212 320 350 398 474 38 138 186 276 384 413 449 46 113 202 250 297 443 476 54 140 170 261 314 361 464 12 128 203 227 325 373 425 96 197 269 312 363 446 458 31 173 249 332 383 426 490 48 110 224 292 371 438 480 4 90 207 322 391 414 450 49 101 189 265 345 397 475 26 70 220 234 286 430 498 37 59 181 273 304 365 488 17 79 215 257 316 339 399 104 122 260 333 376 422 467 39 154 230 313 353 447 485 25 87 279 321 379 396 455 50 68 144 280 349 434 502 5 92 114 271 385 412 477 7 109 139 252 324 402 454 34 77 162 241 291 337 494 45 60 152 232 294 368 428 106 131 179 323 354 440 486 47 149 217 281 377 417 468 53 61 216 289 357 432 491 33 95 119 300 380 442 453 8 76 166 208 336 400 497 6 100 141 171 335 406 471 14 67 118 198 315 388 459 36 84 158 183 305 348 394 64 150 195 236 386 418 499 55 132 213 238 338 436 481 44 91 222 246 369 405 451 11 62 155 275 346 420 496 41 103 117 175 359 444 463 16 78 161 187 272 392 457 0 108 135 204 228 356 469 21 75 123 169 262 378 409 72 163 214 254 293 407 482 13 145 191 277 301 395 500 28 83 180 226 326 441 473 52 98 115 243 309 433 456 19 56 160 218 296 403 483 43 111 127 174 231 423 465 24 86 121 182 251 331 448 1 66 133 199 267 285 415 80 146 184 278 318 344 470 15 164 209 255 298 364 452 2 74 196 263 330 342 479 35 85 137 237 283 390 462 10 105 120 172 307 372 492 27 57 147 219 239 360 460 51 69 129 190 225 287 487 32 94 112 178 245 310 352 88 134 205 248 299 382 401 23 116 185 268 319 362 427 40 102 168 235 308 374 416 3 82 143 259 327 351 393 42 93 126 201 288 340 411 18 63 156 177 229 366 435 29 58 124 210 240 302 424 9 71 151 193 253 282 343
137 201 265 324 388 409 473 111 204 255 305 349 424 501 69 165 267 319 369 400 488 71 152 186 330 383 433 457 79 121 216 250 351 447 492 87 156 178 275 314 414 468 95 132 220 235 296 373 477 103 141 191 241 292 360 437 158 222 243 307 366 430 494 16 194 271 282 390 440 483 24 147 258 335 339 411 499 32 163 210 317 356 396 475 40 139 184 273 381 415 453 48 117 198 248 294 445 479 50 143 174 262 312 357 466 8 130 207 225 326 376 420 93 199 272 313 361 442 460 34 171 245 334 382 423 496 47 108 229 293 372 439 476 3 89 209 325 385 418 448 51 98 193 260 348 398 472 21 76 223 233 283 427 502 38 60 175 277 302 370 486 19 80 211 256 315 338 402 101 124 263 331 377 425 463 36 160 228 308 355 446 487 27 88 274 320 378 395 459 55 66 140 286 344 435 503 4 97 112 268 389 406 482 9 105 136 257 323 405 449 28 78 166 244 290 340 490 46 61 150 231 298 365 429 109 127 181 327 352 436 489 44 151 219 285 371 419 467 54 62 214 287 362 428 493 29 96 123 295 384 441 452 13 74 167 203 337 401 498 5 99 146 168 332 410 469 17 63 113 200 321 386 456 35 86 154 187 303 347 397 67 153 190 232 391 416 500 52 131 215 240 342 434 478 42 94 217 251 367 404 454 12 56 157 278 343 426 491 37 104 116 180 358 443 462 15 82 162 188 266 394 458 6 107 133 205 224 353 474 25 70 120 170 264 380 407 75 164 212 253 289 412 480 10 142 195 279 304 393 497 33 77 177 227 328 444 470 49 102 118 238 310 431 461 20 57 155 221 299 399 485 45 106 126 173 237 421 464 23 90 122 183 247 329 451 0 65 138 196 269 280 417 83 144 185 276 316 346 471 18 161 206 254 300 368 450 1 73 202 259 333 336 481 41 84 134 234 284 387 465 7 110 125 169 301 374 495 22 58 149 218 242 363 455 53 64 128 189 230 288 484 31 92 115 179 246 311 350 85 135 208 249 297 379 403 26 114 182 270 318 359 432 39 100 172 236 309 375 413 2 81 145 261 322 354 392 43 91 129 197 291 341 408 14 68 159 176 226 364 438 30 59 119 213 239 306 422 11 72 148 192 252 281 345
138 202 261 325 389 410 474 110 207 257 304 345 426 498 68 162 271 321 368 402 485 76 149 183 335 380 432 459 78 123 213 246 356 444 496 86 160 180 277 309 415 465 94 129 219 237 298 372 479 102 143 193 240 288 362 435 157 221 242 306 370 429 493 17 189 269 286 391 438 488 25 152 252 333 337 412 502 33 166 216 315 354 394 471 41 135 187 275 378 418 451 43 115 199 251 296 441 482 51 146 172 263 310 360 462 9 126 205 229 327 374 424 97 200 270 311 358 445 461 30 170 250 329 384 425 495 45 109 230 291 376 434 477 6 84 208 323 388 417 453 55 103 195 262 346 392 469 24 72 218 231 285 433 500 35 57 178 278 307 364 487 18 82 210 253 319 340 401 99 125 264 334 375 421 466 38 159 227 314 350 443 489 26 90 273 316 383 397 458 53 67 141 281 348 440 497 0 91 117 272 386 409 481 13 111 133 254 326 403 448 32 80 164 239 287 342 492 42 58 151 235 299 366 427 107 130 176 328 355 439 484 46 153 223 284 373 413 464 49 59 215 292 363 430 490 34 92 122 294 379 447 454 11 75 161 204 338 405 499 1 98 145 174 331 407 473 15 69 112 196 318 390 460 40 88 156 185 302 343 393 65 148 194 233 387 419 503 54 128 212 244 341 437 476 48 96 220 249 365 399 450 7 60 154 279 349 422 494 36 100 118 179 357 442 468 19 83 163 182 267 395 456 2 105 137 209 225 352 470 23 71 124 168 259 382 411 73 167 211 258 290 408 478 12 140 192 276 303 398 501 31 79 181 224 322 446 475 50 104 114 241 313 428 455 14 61 158 217 300 400 486 44 108 132 169 236 420 463 27 85 120 184 245 330 452 3 63 134 201 268 282 416 81 142 188 274 317 347 472 20 165 203 256 297 367 449 4 70 197 265 332 339 480 39 87 139 232 280 385 467 8 106 119 171 305 377 491 21 62 150 222 238 359 457 52 66 127 191 226 293 483 29 93 116 177 248 308 351 89 136 206 247 295 381 404 22 113 186 266 320 361 431 37 101 173 234 312 371 414 5 77 144 260 324 353 396 47 95 131 198 289 336 406 16 64 155 175 228 369 436 28 56 121 214 243 301 423 10 74 147 190 255 283 344
139 198 262 326 390 411 475 108 209 256 302 348 423 502 66 166 268 320 365 405 487 74 151 187 332 384 428 456 82 120 215 251 353 443 491 90 155 177 279 310 417 464 92 128 218 234 300 374 481 100 145 192 239 291 359 438 156 220 241 305 369 433 492 19 193 272 283 385 439 486 27 150 257 331 340 406 503 29 167 214 321 352 397 469 37 133 188 278 380 416 454 45 118 196 247 299 444 480 53 144 169 259 311 363 465 11 129 208 226 322 375 422 95 201 267 314 360 447 457 32 174 248 335 381 420 494 46 105 228 290 377 435 482 5 86 203 327 386 419 452 52 104 190 264 343 394 474 23 75 221 237 280 431 497 41 58 179 276 301 368 484 14 81 213 252 318 341 403 103 121 265 330 373 424 468 40 158 225 312 356 445 483 21 89 277 315 382 398 460 54 63 146 285 347 436 498 6 94 116 266 391 407 478 10 106 138 253 328 399 451 31 83 161 242 288 336 495 43 59 148 236 297 364 432 111 132 178 324 351 437 488 48 147 222 282 376 415 466 51 60 211 293 361 427 496 28 97 124 298 378 446 449 12 70 162 205 342 404 500 0 102 142 173 329 412 470 18 64 115 202 316 387 455 39 85 159 182 306 345 392 69 152 191 235 388 414 501 50 130 210 243 339 440 479 47 93 223 245 370 402 448 9 61 160 274 344 425 490 35 99 113 181 362 441 467 20 77 164 183 269 393 461 1 110 134 206 230 350 471 26 72 119 172 261 379 408 71 165 216 255 292 409 477 8 143 194 273 307 396 499 34 80 175 229 325 442 472 55 101 112 244 308 429 459 17 62 154 219 295 401 489 42 107 131 170 232 426 462 22 84 125 185 246 333 450 2 68 135 197 270 281 413 79 141 186 275 319 349 473 16 163 207 258 294 366 453 3 76 199 260 334 338 476 36 88 136 231 286 389 463 13 109 123 168 303 371 493 25 56 153 217 240 358 458 49 65 126 195 227 289 485 30 91 114 176 249 309 354 87 137 204 250 296 383 400 24 117 184 271 317 357 430 38 98 171 233 313 372 418 4 78 140 263 323 355 395 44 96 127 200 287 337 410 15 67 157 180 224 367 434 33 57 122 212 238 304 421 7 73 149 189 254 284 346
140 203 266 329 350 413 476 70 189 273 322 371 399 490 77 154 252 294 385 434 455 84 119 217 315 357 406 497 91 161 175 238 378 420 469 98 133 182 231 301 441 483 105 147 196 245 287 364 462 63 126 210 259 308 343 427 148 211 274 295 358 421 484 49 197 224 316 365 414 498 7 162 260 280 379 428 477 14 141 183 323 336 442 491 21 155 204 246 386 392 463 28 127 218 267 309 407 448 35 112 190 239 330 372 470 42 134 168 253 302 351 435 99 176 247 317 387 429 478 22 212 261 303 373 443 449 50 92 232 324 337 422 485 36 106 198 281 380 400 471 0 78 169 275 359 436 499 43 56 191 254 331 415 456 15 85 219 225 310 344 492 29 71 205 268 288 366 393 107 142 233 311 381 408 493 30 113 276 325 367 437 464 37 79 269 332 345 430 450 8 100 149 289 388 394 486 44 64 135 262 338 444 457 1 86 163 226 296 423 500 51 57 120 255 318 352 479 23 93 156 240 282 374 401 65 157 206 290 375 445 472 38 128 170 297 389 431 501 31 101 220 304 339 438 458 45 87 114 333 353 402 494 16 108 150 213 346 409 451 52 72 121 199 326 395 465 2 94 164 184 283 360 487 9 58 143 177 319 382 416 73 136 221 270 347 439 466 46 165 192 227 361 410 495 17 59 207 234 383 446 480 39 109 122 241 368 396 502 53 95 158 171 354 417 459 24 66 115 214 277 403 473 10 80 129 178 263 390 452 3 102 151 185 248 340 424 81 130 200 242 334 404 503 54 159 186 256 284 425 474 4 110 215 249 312 397 488 25 60 144 271 291 447 467 47 67 166 179 305 432 453 11 103 123 222 228 418 481 32 74 137 172 278 298 460 18 88 116 193 235 327 411 89 167 194 264 306 355 461 12 138 223 250 320 341 489 26 96 173 257 292 391 475 5 68 152 279 313 376 454 33 61 131 208 335 348 468 55 75 117 187 236 369 496 19 111 145 180 243 285 482 40 82 124 201 229 299 362 97 125 188 258 328 370 419 20 153 202 244 314 384 398 48 90 181 265 286 363 426 34 104 139 230 321 349 412 6 76 118 216 300 377 440 41 62 132 195 272 356 405 13 83 160 174 251 293 433 27 69 146 209 237 307 342
141 204 267 330 351 414 477 71 191 275 324 373 400 492 79 156 255 296 388 437 457 87 121 220 319 360 409 501 95 165 178 241 383 424 473 103 137 186 235 305 447 488 111 152 201 250 292 369 468 69 132 216 265 314 349 433 147 210 273 294 357 420 483 50 198 225 317 366 415 499 8 163 262 282 381 430 479 16 143 184 326 339 445 494 24 158 207 248 390 396 466 32 130 222 271 312 411 453 40 117 194 243 335 376 475 48 139 174 258 307 356 440 98 175 245 315 385 427 476 21 211 260 302 372 442 448 51 93 233 325 338 423 486 38 108 199 283 382 402 472 3 80 171 277 361 439 502 47 60 193 256 334 418 460 19 89 223 229 313 348 496 34 76 209 272 293 370 398 105 140 231 308 378 406 490 28 112 274 323 365 435 463 36 78 268 331 344 429 449 9 101 150 290 389 395 487 46 66 136 263 340 446 459 4 88 166 228 298 425 503 55 61 124 257 320 355 482 27 97 160 244 286 377 405 63 154 203 287 371 441 469 35 127 168 295 386 428 498 29 99 219 303 337 436 456 44 86 113 332 352 401 493 17 109 151 214 347 410 452 54 74 123 200 327 397 467 5 96 167 187 285 362 489 13 62 146 181 321 384 419 70 133 217 266 343 434 462 42 162 190 224 358 407 491 15 56 205 232 380 443 478 37 107 120 240 367 394 500 52 94 157 170 353 416 458 25 67 116 215 278 404 474 12 82 131 180 264 391 454 6 104 153 188 251 342 426 77 126 196 238 329 399 497 49 155 183 253 280 421 470 0 106 212 247 310 393 485 23 57 142 269 289 444 464 45 65 164 177 304 431 451 10 102 122 221 227 417 480 33 75 138 173 279 299 461 20 90 118 195 237 328 412 84 161 189 259 301 350 455 7 134 218 246 316 336 484 22 92 169 254 288 387 471 1 64 149 276 311 374 450 31 58 128 206 333 346 465 53 73 115 185 234 368 495 18 110 144 179 242 284 481 41 83 125 202 230 300 363 91 119 182 252 322 364 413 14 148 197 239 309 379 392 43 85 176 261 281 359 422 30 100 135 226 318 345 408 2 72 114 213 297 375 438 39 59 129 192 270 354 403 11 81 159 172 249 291 432 26 68 145 208 236 306 341
142 206 270 334 355 419 478 73 194 274 328 375 404 493 81 157 258 295 387 439 461 89 125 221 317 358 408 503 97 167 176 242 381 421 472 99 136 188 233 306 445 484 107 148 200 247 290 370 466 65 130 211 264 311 347 429 153 212 276 297 361 425 489 54 202 227 320 367 413 501 12 165 261 284 384 431 476 20 140 186 325 341 443 495 22 159 203 250 389 398 464 30 128 223 266 314 410 449 38 113 192 244 329 373 474 46 138 170 256 303 350 437 101 181 249 316 391 430 480 26 215 265 304 371 446 450 49 96 234 322 339 426 488 37 110 197 286 383 399 475 4 79 173 273 363 438 498 48 59 189 257 332 414 458 17 90 220 224 312 345 490 31 70 207 269 292 365 397 109 144 232 313 379 412 494 34 114 279 324 368 434 467 39 77 271 333 349 428 454 7 104 152 291 385 396 485 45 68 139 260 337 447 455 5 87 162 230 294 422 502 50 60 122 252 321 353 477 25 92 154 241 280 376 402 67 158 208 289 377 442 471 36 131 171 300 388 432 497 33 100 217 305 336 440 459 47 84 118 335 354 400 491 14 106 149 216 348 406 453 53 76 119 198 323 394 468 6 95 166 183 281 357 486 8 61 141 179 315 380 417 75 135 222 272 346 436 463 44 161 195 228 359 409 496 16 62 204 236 378 444 481 41 108 123 238 369 392 499 55 91 155 169 356 418 457 21 64 117 213 275 405 469 11 78 132 175 262 386 451 0 103 150 187 246 338 420 83 127 199 243 331 403 500 52 160 182 254 285 423 473 1 111 214 251 309 395 483 24 56 145 267 293 441 465 43 66 163 180 301 433 448 13 98 121 218 226 415 482 28 72 133 174 277 296 456 19 86 115 191 231 326 407 85 164 190 263 307 352 460 10 137 219 245 318 342 487 27 94 172 255 287 390 470 2 69 147 278 310 372 452 32 57 129 209 330 344 462 51 74 112 184 237 364 492 15 105 146 178 239 283 479 35 80 120 196 225 298 360 93 124 185 253 327 366 416 18 151 201 240 308 382 393 42 88 177 259 282 362 424 29 102 134 229 319 343 411 3 71 116 210 299 374 435 40 58 126 193 268 351 401 9 82 156 168 248 288 427 23 63 143 205 235 302 340
143 207 271 335 356 415 479 76 193 277 325 372 402 496 78 160 257 298 389 435 459 86 123 219 321 362 410 498 94 162 180 240 380 426 474 102 138 183 237 304 444 485 110 149 202 246 288 368 465 68 129 213 261 309 345 432 152 216 275 296 360 424 488 51 199 229 315 370 418 502 9 166 263 286 378 429 482 17 146 187 327 337 441 493 25 157 205 251 391 394 462 33 126 221 269 310 412 451 41 115 189 242 333 374 471 43 135 172 252 306 354 438 103 178 250 319 388 433 477 24 210 262 307 376 445 453 55 97 231 323 340 425 487 35 109 200 285 384 401 469 6 82 170 278 358 434 500 45 57 195 253 329 417 461 18 84 218 230 311 346 495 30 72 208 270 291 364 392 111 141 235 314 383 409 492 32 117 273 326 366 440 466 38 80 272 334 348 427 448 13 99 151 287 386 397 489 42 67 133 264 342 443 458 0 90 164 227 299 421 497 53 58 125 254 316 350 481 26 91 159 239 281 375 403 69 156 204 292 373 447 473 40 130 174 294 390 430 499 34 98 223 302 338 439 460 46 88 112 331 355 405 490 15 107 153 215 343 407 454 49 75 122 196 328 393 464 1 92 161 185 284 363 484 11 59 145 176 318 379 413 71 137 220 267 349 437 468 48 163 194 225 357 411 494 19 60 209 233 382 442 476 36 105 124 244 365 395 503 54 96 154 168 352 419 456 23 65 118 212 279 399 470 7 83 128 179 259 387 450 2 100 148 182 249 341 422 79 132 201 241 330 400 501 50 158 184 258 282 420 475 3 108 211 245 313 398 486 27 61 140 268 290 446 463 44 63 167 181 303 428 452 12 104 120 217 224 416 478 31 73 134 169 276 300 455 14 85 114 192 236 322 408 87 165 191 265 305 351 457 8 139 222 248 317 339 483 21 93 171 256 293 385 472 4 66 150 274 308 377 449 29 62 127 203 332 347 467 52 70 116 188 232 367 491 20 106 142 177 238 280 480 39 81 119 197 226 297 359 95 121 186 255 324 369 414 16 147 198 243 312 381 396 47 89 175 260 283 361 423 28 101 136 228 320 344 406 5 74 113 214 295 371 436 37 56 131 190 266 353 404 10 77 155 173 247 289 431 22 64 144 206 234 301 336
144 208 272 331 352 416 480 75 190 276 327 377 403 494 83 158 253 297 391 436 460 85 124 222 316 361 412 500 93 164 181 243 379 425 471 101 135 185 232 307 442 489 109 153 199 249 289 366 463 67 127 212 263 313 346 430 151 215 279 300 359 423 487 52 201 228 318 368 419 497 10 161 265 285 382 432 478 18 142 182 324 342 446 496 26 160 206 245 388 393 467 34 131 219 270 308 409 450 36 114 195 240 334 371 473 44 137 171 254 304 355 434 100 177 251 320 390 428 481 27 214 259 305 375 444 454 54 94 236 328 336 424 483 39 111 202 282 378 404 470 1 77 172 274 362 440 501 42 62 194 255 333 413 459 16 88 217 227 309 349 493 33 73 204 271 287 367 395 108 145 234 310 384 411 491 29 118 278 322 369 439 465 41 81 267 335 343 431 452 12 102 147 293 387 392 488 47 69 134 261 339 441 461 2 84 165 229 295 426 499 49 56 123 258 319 354 476 24 96 157 238 284 372 400 66 155 209 291 374 443 475 37 129 169 299 385 433 503 32 104 221 301 341 435 457 43 89 116 330 356 399 495 20 110 152 210 344 408 448 55 71 125 197 325 396 462 3 91 163 186 286 358 485 7 57 140 180 317 383 418 74 139 218 268 348 438 464 45 167 193 226 363 406 492 14 58 203 237 381 447 482 40 106 121 242 364 398 498 51 97 159 173 351 415 455 22 68 112 216 273 401 472 13 79 126 176 260 389 453 4 98 149 184 250 337 421 82 128 198 239 332 405 502 53 156 188 257 283 422 469 5 105 213 248 314 394 484 21 59 146 266 288 445 468 48 64 162 178 306 427 449 9 99 119 223 230 414 479 30 76 136 168 275 294 458 15 87 117 189 233 323 410 90 166 192 262 302 353 456 11 133 220 247 321 340 486 23 95 174 252 290 386 474 6 63 148 277 312 373 451 28 60 132 205 329 345 466 50 72 113 183 235 370 490 17 107 143 175 244 281 477 38 78 122 200 224 296 357 92 120 187 256 326 365 417 19 150 196 241 311 380 397 46 86 179 264 280 360 420 31 103 138 225 315 347 407 0 70 115 211 298 376 437 35 61 130 191 269 350 402 8 80 154 170 246 292 429 25 65 141 207 231 303 338
145 209 268 332 353 417 481 74 192 279 326 374 405 491 82 155 256 300 390 438 456 90 120 218 320 359 411 502 92 166 177 239 384 423 475 100 139 187 234 302 443 487 108 151 198 251 291 365 464 66 128 215 262 310 348 428 150 214 278 299 363 422 486 53 196 226 321 369 416 503 11 167 259 283 380 433 480 19 144 188 322 340 444 492 27 156 208 247 385 397 465 29 129 220 272 311 406 454 37 118 193 241 331 375 469 45 133 169 257 305 352 439 104 179 248 318 386 431 482 23 213 264 301 377 447 452 52 95 237 327 341 420 484 41 105 201 280 381 403 474 5 81 174 276 360 435 497 46 58 190 252 335 419 457 14 86 221 228 314 343 494 32 75 203 267 290 368 394 106 146 236 312 382 407 495 31 116 277 328 364 436 468 40 83 266 330 347 432 451 10 103 148 288 391 398 483 43 63 138 265 336 445 460 6 89 161 225 297 424 498 54 59 121 253 315 356 478 21 94 158 242 285 373 399 64 159 205 293 376 446 470 39 132 173 298 387 427 500 28 102 222 306 342 437 455 48 85 115 329 351 404 496 18 111 147 211 345 412 449 51 70 124 202 324 392 466 0 97 162 182 282 361 488 12 60 142 178 316 378 415 72 134 223 269 344 440 467 47 164 191 230 362 408 490 20 61 206 235 379 441 479 35 110 119 243 370 393 501 50 93 160 172 350 414 461 26 69 113 210 274 402 471 9 77 130 181 261 388 448 1 99 152 183 245 339 425 80 131 197 244 333 401 499 55 154 185 255 281 426 472 2 107 216 246 308 396 489 22 62 143 270 292 442 462 42 68 165 175 307 429 450 8 101 125 219 229 413 477 34 71 135 170 273 295 459 17 84 112 194 232 325 409 88 163 195 260 303 354 458 13 136 217 249 319 338 485 25 91 168 258 289 389 473 3 65 153 275 309 371 453 30 56 126 207 334 349 463 49 76 114 186 231 366 493 16 109 141 176 240 286 476 36 79 123 199 227 294 358 96 122 184 254 323 367 418 15 149 200 238 313 383 395 44 87 180 263 284 357 421 33 98 137 224 317 346 410 4 73 117 212 296 372 434 38 57 127 189 271 355 400 7 78 157 171 250 287 430 24 67 140 204 233 304 337
146 205 269 333 354 418 482 72 195 278 323 376 401 495 80 159 254 299 386 440 458 88 122 223 318 363 407 499 96 163 179 244 382 422 470 104 134 184 236 303 446 486 106 150 197 248 293 367 467 64 131 214 260 312 344 431 149 213 277 298 362 426 485 55 200 230 319 364 417 500 13 164 264 281 383 427 481 15 145 185 328 338 447 490 23 154 209 249 387 395 468 31 132 217 268 313 408 452 39 116 191 238 332 377 472 47 136 173 255 301 353 436 102 180 246 321 389 432 479 25 216 263 306 374 441 451 53 91 235 326 342 421 489 40 107 196 284 379 405 473 2 83 168 279 357 437 503 44 61 192 258 330 416 455 20 87 222 226 308 347 491 28 74 206 266 289 369 396 110 143 237 309 380 410 496 33 115 275 327 370 438 462 35 82 270 329 346 433 453 11 98 153 292 390 393 484 48 65 137 259 341 442 456 3 85 167 224 300 420 501 52 62 119 256 317 351 480 22 95 155 243 283 371 404 68 160 207 288 372 444 474 41 126 172 296 391 429 502 30 103 218 307 340 434 461 42 90 117 334 350 403 492 19 105 148 212 349 411 450 50 73 120 201 322 398 463 4 93 165 188 280 359 483 10 56 144 175 320 381 414 76 138 219 271 345 435 465 43 166 189 229 360 412 493 18 57 208 231 384 445 477 38 111 125 239 366 397 497 49 92 156 174 355 413 460 27 63 114 211 276 400 475 8 81 127 177 265 385 449 5 101 147 186 247 336 423 78 129 202 240 335 402 498 51 157 187 252 286 424 471 6 109 210 250 311 392 487 26 58 141 272 287 443 466 46 69 161 176 302 430 454 7 100 124 220 225 419 476 29 70 139 171 274 297 457 16 89 113 190 234 324 406 86 162 193 261 304 356 459 9 135 221 251 315 337 488 24 97 170 253 291 388 469 0 67 151 273 314 375 448 34 59 130 204 331 343 464 54 71 118 182 233 365 494 14 108 140 181 241 282 478 37 77 121 198 228 295 361 94 123 183 257 325 368 415 17 152 199 242 310 378 394 45 84 178 262 285 358 425 32 99 133 227 316 348 409 1 75 112 215 294 373 439 36 60 128 194 267 352 399 12 79 158 169 245 290 428 21 66 142 203 232 305 339
147 210 273 294 357 420 483 98 175 245 315 385 427 476 105 140 231 308 378 406 490 63 154 203 287 371 441 469 70 133 217 266 343 434 462 77 126 196 238 329 399 497 84 161 189 259 301 350 455 91 119 182 252 322 364 413 141 204 267 330 351 414 477 21 211 260 302 372 442 448 28 112 274 323 365 435 463 35 127 168 295 386 428 498 42 162 190 224 358 407 491 49 155 183 253 280 421 470 7 134 218 246 316 336 484 14 148 197 239 309 379 392 71 191 275 324 373 400 492 50 198 225 317 366 415 499 36 78 268 331 344 429 449 29 99 219 303 337 436 456 15 56 205 232 380 443 478 0 106 212 247 310 393 485 22 92 169 254 288 387 471 43 85 176 261 281 359 422 79 156 255 296 388 437 457 8 163 262 282 381 430 479 51 93 233 325 338 423 486 44 86 113 332 352 401 493 37 107 120 240 367 394 500 23 57 142 269 289 444 464 1 64 149 276 311 374 450 30 100 135 226 318 345 408 87 121 220 319 360 409 501 16 143 184 326 339 445 494 38 108 199 283 382 402 472 9 101 150 290 389 395 487 52 94 157 170 353 416 458 45 65 164 177 304 431 451 31 58 128 206 333 346 465 2 72 114 213 297 375 438 95 165 178 241 383 424 473 24 158 207 248 390 396 466 3 80 171 277 361 439 502 46 66 136 263 340 446 459 17 109 151 214 347 410 452 10 102 122 221 227 417 480 53 73 115 185 234 368 495 39 59 129 192 270 354 403 103 137 186 235 305 447 488 32 130 222 271 312 411 453 47 60 193 256 334 418 460 4 88 166 228 298 425 503 54 74 123 200 327 397 467 25 67 116 215 278 404 474 18 110 144 179 242 284 481 11 81 159 172 249 291 432 111 152 201 250 292 369 468 40 117 194 243 335 376 475 19 89 223 229 313 348 496 55 61 124 257 320 355 482 5 96 167 187 285 362 489 12 82 131 180 264 391 454 33 75 138 173 279 299 461 26 68 145 208 236 306 341 69 132 216 265 314 349 433 48 139 174 258 307 356 440 34 76 209 272 293 370 398 27 97 160 244 286 377 405 13 62 146 181 321 384 419 6 104 153 188 251 342 426 20 90 118 195 237 328 412 41 83 125 202 230 300 363
148 211 274 295 358 421 484 99 176 247 317 387 429 478 107 142 233 311 381 408 493 65 157 206 290 375 445 472 73 136 221 270 347 439 466 81 130 200 242 334 404 503 89 167 194 264 306 355 461 97 125 188 258 328 370 419 140 203 266 329 350 413 476 22 212 261 303 373 443 449 30 113 276 325 367 437 464 38 128 170 297 389 431 501 46 165 192 227 361 410 495 54 159 186 256 284 425 474 12 138 223 250 320 341 489 20 153 202 244 314 384 398 70 189 273 322 371 399 490 49 197 224 316 365 414 498 37 79 269 332 345 430 450 31 101 220 304 339 438 458 17 59 207 234 383 446 480 4 110 215 249 312 397 488 26 96 173 257 292 391 475 48 90 181 265 286 363 426 77 154 252 294 385 434 455 7 162 260 280 379 428 477 50 92 232 324 337 422 485 45 87 114 333 353 402 494 39 109 122 241 368 396 502 25 60 144 271 291 447 467 5 68 152 279 313 376 454 34 104 139 230 321 349 412 84 119 217 315 357 406 497 14 141 183 323 336 442 491 36 106 198 281 380 400 471 8 100 149 289 388 394 486 53 95 158 171 354 417 459 47 67 166 179 305 432 453 33 61 131 208 335 348 468 6 76 118 216 300 377 440 91 161 175 238 378 420 469 21 155 204 246 386 392 463 0 78 169 275 359 436 499 44 64 135 262 338 444 457 16 108 150 213 346 409 451 11 103 123 222 228 418 481 55 75 117 187 236 369 496 41 62 132 195 272 356 405 98 133 182 231 301 441 483 28 127 218 267 309 407 448 43 56 191 254 331 415 456 1 86 163 226 296 423 500 52 72 121 199 326 395 465 24 66 115 214 277 403 473 19 111 145 180 243 285 482 13 83 160 174 251 293 433 105 147 196 245 287 364 462 35 112 190 239 330 372 470 15 85 219 225 310 344 492 51 57 120 255 318 352 479 2 94 164 184 283 360 487 10 80 129 178 263 390 452 32 74 137 172 278 298 460 27 69 146 209 237 307 342 63 126 210 259 308 343 427 42 134 168 253 302 351 435 29 71 205 268 288 366 393 23 93 156 240 282 374 401 9 58 143 177 319 382 416 3 102 151 185 248 340 424 18 88 116 193 235 327 411 40 82 124 201 229 299 362
149 213 277 298 362 426 485 102 180 246 321 389 432 479 110 143 237 309 380 410 496 68 160 207 288 372 444 474 76 138 219 271 345 435 465 78 129 202 240 335 402 498 86 162 193 261 304 356 459 94 123 183 257 325 368 415 146 205 269 333 354 418 482 25 216 263 306 374 441 451 33 115 275 327 370 438 462 41 126 172 296 391 429 502 43 166 189 229 360 412 493 51 157 187 252 286 424 471 9 135 221 251 315 337 488 17 152 199 242 310 378 394 72 195 278 323 376 401 495 55 200 230 319 364 417 500 35 82 270 329 346 433 453 30 103 218 307 340 434 461 18 57 208 231 384 445 477 6 109 210 250 311 392 487 24 97 170 253 291 388 469 45 84 178 262 285 358 425 80 159 254 299 386 440 458 13 164 264 281 383 427 481 53 91 235 326 342 421 489 42 90 117 334 350 403 492 38 111 125 239 366 397 497 26 58 141 272 287 443 466 0 67 151 273 314 375 448 32 99 133 227 316 348 409 88 122 223 318 363 407 499 15 145 185 328 338 447 490 40 107 196 284 379 405 473 11 98 153 292 390 393 484 49 92 156 174 355 413 460 46 69 161 176 302 430 454 34 59 130 204 331 343 464 1 75 112 215 294 373 439 96 163 179 244 382 422 470 23 154 209 249 387 395 468 2 83 168 279 357 437 503 48 65 137 259 341 442 456 19 105 148 212 349 411 450 7 100 124 220 225 419 476 54 71 118 182 233 365 494 36 60 128 194 267 352 399 104 134 184 236 303 446 486 31 132 217 268 313 408 452 44 61 192 258 330 416 455 3 85 167 224 300 420 501 50 73 120 201 322 398 463 27 63 114 211 276 400 475 14 108 140 181 241 282 478 12 79 158 169 245 290 428 106 150 197 248 293 367 467 39 116 191 238 332 377 472 20 87 222 226 308 347 491 52 62 119 256 317 351 480 4 93 165 188 280 359 483 8 81 127 177 265 385 449 29 70 139 171 274 297 457 21 66 142 203 232 305 339 64 131 214 260 312 344 431 47 136 173 255 301 353 436 28 74 206 266 289 369 396 22 95 155 243 283 371 404 10 56 144 175 320 381 414 5 101 147 186 247 336 423 16 89 113 190 234 324 406 37 77 121 198 228 295 361
150 214 278 299 363 422 486 104 179 248 318 386 431 482 106 146 236 312 382 407 495 64 159 205 293 376 446 470 72 134 223 269 344 440 467 80 131 197 244 333 401 499 88 163 195 260 303 354 458 96 122 184 254 323 367 418 145 209 268 332 353 417 481 23 213 264 301 377 447 452 31 116 277 328 364 436 468 39 132 173 298 387 427 500 47 164 191 230 362 408 490 55 154 185 255 281 426 472 13 136 217 249 319 338 485 15 149 200 238 313 383 395 74 192 279 326 374 405 491 53 196 226 321 369 416 503 40 83 266 330 347 432 451 28 102 222 306 342 437 455 20 61 206 235 379 441 479 2 107 216 246 308 396 489 25 91 168 258 289 389 473 44 87 180 263 284 357 421 82 155 256 300 390 438 456 11 167 259 283 380 433 480 52 95 237 327 341 420 484 48 85 115 329 351 404 496 35 110 119 243 370 393 501 22 62 143 270 292 442 462 3 65 153 275 309 371 453 33 98 137 224 317 346 410 90 120 218 320 359 411 502 19 144 188 322 340 444 492 41 105 201 280 381 403 474 10 103 148 288 391 398 483 50 93 160 172 350 414 461 42 68 165 175 307 429 450 30 56 126 207 334 349 463 4 73 117 212 296 372 434 92 166 177 239 384 423 475 27 156 208 247 385 397 465 5 81 174 276 360 435 497 43 63 138 265 336 445 460 18 111 147 211 345 412 449 8 101 125 219 229 413 477 49 76 114 186 231 366 493 38 57 127 189 271 355 400 100 139 187 234 302 443 487 29 129 220 272 311 406 454 46 58 190 252 335 419 457 6 89 161 225 297 424 498 51 70 124 202 324 392 466 26 69 113 210 274 402 471 16 109 141 176 240 286 476 7 78 157 171 250 287 430 108 151 198 251 291 365 464 37 118 193 241 331 375 469 14 86 221 228 314 343 494 54 59 121 253 315 356 478 0 97 162 182 282 361 488 9 77 130 181 261 388 448 34 71 135 170 273 295 459 24 67 140 204 233 304 337 66 128 215 262 310 348 428 45 133 169 257 305 352 439 32 75 203 267 290 368 394 21 94 158 242 285 373 399 12 60 142 178 316 378 415 1 99 152 183 245 339 425 17 84 112 194 232 325 409 36 79 123 199 227 294 358
151 215 279 300 359 423 487 100 177 251 320 390 428 481 108 145 234 310 384 411 491 66 155 209 291 374 443 475 74 139 218 268 348 438 464 82 128 198 239 332 405 502 90 166 192 262 302 353 456 92 120 187 256 326 365 417 144 208 272 331 352 416 480 27 214 259 305 375 444 454 29 118 278 322 369 439 465 37 129 169 299 385 433 503 45 167 193 226 363 406 492 53 156 188 257 283 422 469 11 133 220 247 321 340 486 19 150 196 241 311 380 397 75 190 276 327 377 403 494 52 201 228 318 368 419 497 41 81 267 335 343 431 452 32 104 221 301 341 435 457 14 58 203 237 381 447 482 5 105 213 248 314 394 484 23 95 174 252 290 386 474 46 86 179 264 280 360 420 83 158 253 297 391 436 460 10 161 265 285 382 432 478 54 94 236 328 336 424 483 43 89 116 330 356 399 495 40 106 121 242 364 398 498 21 59 146 266 288 445 468 6 63 148 277 312 373 451 31 103 138 225 315 347 407 85 124 222 316 361 412 500 18 142 182 324 342 446 496 39 111 202 282 378 404 470 12 102 147 293 387 392 488 51 97 159 173 351 415 455 48 64 162 178 306 427 449 28 60 132 205 329 345 466 0 70 115 211 298 376 437 93 164 181 243 379 425 471 26 160 206 245 388 393 467 1 77 172 274 362 440 501 47 69 134 261 339 441 461 20 110 152 210 344 408 448 9 99 119 223 230 414 479 50 72 113 183 235 370 490 35 61 130 191 269 350 402 101 135 185 232 307 442 489 34 131 219 270 308 409 450 42 62 194 255 333 413 459 2 84 165 229 295 426 499 55 71 125 197 325 396 462 22 68 112 216 273 401 472 17 107 143 175 244 281 477 8 80 154 170 246 292 429 109 153 199 249 289 366 463 36 114 195 240 334 371 473 16 88 217 227 309 349 493 49 56 123 258 319 354 476 3 91 163 186 286 358 485 13 79 126 176 260 389 453 30 76 136 168 275 294 458 25 65 141 207 231 303 338 67 127 212 263 313 346 430 44 137 171 254 304 355 434 33 73 204 271 287 367 395 24 96 157 238 284 372 400 7 57 140 180 317 383 418 4 98 149 184 250 337 421 15 87 117 189 233 323 410 38 78 122 200 224 296 357
152 216 275 296 360 424 488 103 178 250 319 388 433 477 111 141 235 314 383 409 492 69 156 204 292 373 447 473 71 137 220 267 349 437 468 79 132 201 241 330 400 501 87 165 191 265 305 351 457 95 121 186 255 324 369 414 143 207 271 335 356 415 479 24 210 262 307 376 445 453 32 117 273 326 366 440 466 40 130 174 294 390 430 499 48 163 194 225 357 411 494 50 158 184 258 282 420 475 8 139 222 248 317 339 483 16 147 198 243 312 381 396 76 193 277 325 372 402 496 51 199 229 315 370 418 502 38 80 272 334 348 427 448 34 98 223 302 338 439 460 19 60 209 233 382 442 476 3 108 211 245 313 398 486 21 93 171 256 293 385 472 47 89 175 260 283 361 423 78 160 257 298 389 435 459 9 166 263 286 378 429 482 55 97 231 323 340 425 487 46 88 112 331 355 405 490 36 105 124 244 365 395 503 27 61 140 268 290 446 463 4 66 150 274 308 377 449 28 101 136 228 320 344 406 86 123 219 321 362 410 498 17 146 187 327 337 441 493 35 109 200 285 384 401 469 13 99 151 287 386 397 489 54 96 154 168 352 419 456 44 63 167 181 303 428 452 29 62 127 203 332 347 467 5 74 113 214 295 371 436 94 162 180 240 380 426 474 25 157 205 251 391 394 462 6 82 170 278 358 434 500 42 67 133 264 342 443 458 15 107 153 215 343 407 454 12 104 120 217 224 416 478 52 70 116 188 232 367 491 37 56 131 190 266 353 404 102 138 183 237 304 444 485 33 126 221 269 310 412 451 45 57 195 253 329 417 461 0 90 164 227 299 421 497 49 75 122 196 328 393 464 23 65 118 212 279 399 470 20 106 142 177 238 280 480 10 77 155 173 247 289 431 110 149 202 246 288 368 465 41 115 189 242 333 374 471 18 84 218 230 311 346 495 53 58 125 254 316 350 481 1 92 161 185 284 363 484 7 83 128 179 259 387 450 31 73 134 169 276 300 455 22 64 144 206 234 301 336 68 129 213 261 309 345 432 43 135 172 252 306 354 438 30 72 208 270 291 364 392 26 91 159 239 281 375 403 11 59 145 176 318 379 413 2 100 148 182 249 341 422 14 85 114 192 236 322 408 39 81 119 197 226 297 359
153 212 276 297 361 425 489 101 181 249 316 391 430 480 109 144 232 313 379 412 494 67 158 208 289 377 442 471 75 135 222 272 346 436 463 83 127 199 243 331 403 500 85 164 190 263 307 352 460 93 124 185 253 327 366 416 142 206 270 334 355 419 478 26 215 265 304 371 446 450 34 114 279 324 368 434 467 36 131 171 300 388 432 497 44 161 195 228 359 409 496 52 160 182 254 285 423 473 10 137 219 245 318 342 487 18 151 201 240 308 382 393 73 194 274 328 375 404 493 54 202 227 320 367 413 501 39 77 271 333 349 428 454 33 100 217 305 336 440 459 16 62 204 236 378 444 481 1 111 214 251 309 395 483 27 94 172 255 287 390 470 42 88 177 259 282 362 424 81 157 258 295 387 439 461 12 165 261 284 384 431 476 49 96 234 322 339 426 488 47 84 118 335 354 400 491 41 108 123 238 369 392 499 24 56 145 267 293 441 465 2 69 147 278 310 372 452 29 102 134 229 319 343 411 89 125 221 317 358 408 503 20 140 186 325 341 443 495 37 110 197 286 383 399 475 7 104 152 291 385 396 485 55 91 155 169 356 418 457 43 66 163 180 301 433 448 32 57 129 209 330 344 462 3 71 116 210 299 374 435 97 167 176 242 381 421 472 22 159 203 250 389 398 464 4 79 173 273 363 438 498 45 68 139 260 337 447 455 14 106 149 216 348 406 453 13 98 121 218 226 415 482 51 74 112 184 237 364 492 40 58 126 193 268 351 401 99 136 188 233 306 445 484 30 128 223 266 314 410 449 48 59 189 257 332 414 458 5 87 162 230 294 422 502 53 76 119 198 323 394 468 21 64 117 213 275 405 469 15 105 146 178 239 283 479 9 82 156 168 248 288 427 107 148 200 247 290 370 466 38 113 192 244 329 373 474 17 90 220 224 312 345 490 50 60 122 252 321 353 477 6 95 166 183 281 357 486 11 78 132 175 262 386 451 28 72 133 174 277 296 456 23 63 143 205 235 302 340 65 130 211 264 311 347 429 46 138 170 256 303 350 437 31 70 207 269 292 365 397 25 92 154 241 280 376 402 8 61 141 179 315 380 417 0 103 150 187 246 338 420 19 86 115 191 231 326 407 35 80 120 196 225 298 360
154 217 238 301 364 427 490 91 196 266 308 357 441 455 98 119 259 329 371 420 462 105 126 175 322 350 434 483 63 147 189 231 385 413 497 70 161 210 252 287 406 476 77 140 182 273 315 343 469 84 133 203 245 294 378 399 134 197 260 323 386 407 470 28 168 246 330 379 421 491 35 155 224 309 351 442 484 42 148 218 280 372 414 463 49 127 211 239 336 435 477 7 141 190 274 302 392 498 14 162 204 253 295 365 448 21 112 183 267 316 358 428 106 205 254 303 344 422 499 15 191 268 281 387 436 485 22 85 275 317 380 393 456 50 56 212 288 359 429 492 43 92 219 247 366 400 449 29 78 176 225 324 443 471 0 71 198 261 331 337 478 36 99 169 232 310 373 415 64 163 269 318 367 401 486 23 149 255 332 338 408 500 44 107 226 289 374 437 479 30 93 120 296 381 444 450 8 57 156 276 345 423 493 51 100 113 240 311 430 457 37 86 135 233 282 388 464 1 79 142 262 325 352 394 72 150 184 333 382 431 458 31 164 213 319 353 395 472 2 87 206 326 389 416 451 52 65 143 283 346 438 501 38 101 114 177 360 445 465 16 58 157 220 297 402 487 9 108 121 170 304 375 494 45 94 128 199 290 339 409 80 122 214 248 354 446 495 39 136 185 277 383 417 452 53 102 192 263 347 396 473 3 95 115 270 390 410 480 10 73 165 207 340 403 502 46 109 129 171 234 424 466 24 59 151 221 241 361 459 17 66 158 178 227 368 439 88 159 179 278 312 418 467 47 116 200 249 298 447 481 25 74 222 235 284 432 503 11 110 137 256 327 404 453 4 103 144 172 334 411 474 18 81 166 186 271 397 460 54 67 130 193 228 291 488 32 60 123 215 242 305 425 96 131 223 236 299 376 482 55 145 173 264 313 362 468 40 61 180 279 306 369 489 33 82 167 243 292 341 496 19 68 117 201 320 391 461 5 111 138 208 229 355 475 26 89 124 187 250 335 454 12 75 152 194 257 285 348 104 146 195 244 293 363 440 13 132 209 230 328 377 426 20 83 216 258 321 342 405 48 62 153 237 300 370 433 41 90 160 188 307 349 398 27 76 125 174 265 384 412 6 69 139 202 272 286 419 34 97 118 181 251 314 356
155 218 239 302 365 428 491 92 198 268 310 359 443 456 100 120 262 332 374 423 464 108 128 177 326 353 438 487 66 151 192 234 390 417 502 74 166 215 256 291 411 481 82 145 187 279 320 348 475 90 139 209 251 300 384 405 133 196 259 322 385 406 469 29 169 247 331 380 422 492 37 156 226 311 352 444 486 45 150 220 283 375 416 465 53 129 214 241 340 439 480 11 144 193 278 305 397 503 19 167 208 257 299 369 454 27 118 188 272 321 363 433 105 203 252 301 343 420 497 14 190 267 280 386 435 484 23 86 276 318 381 394 457 52 58 213 290 360 431 494 46 95 221 248 368 403 452 32 81 179 228 327 447 474 5 75 201 264 335 341 482 41 104 174 237 314 377 419 63 161 266 315 364 399 483 21 148 253 330 336 407 498 43 106 225 288 373 436 478 31 94 121 297 382 445 451 10 59 158 277 347 424 495 54 103 116 242 312 432 460 40 89 138 236 285 391 468 6 83 146 265 328 356 398 70 147 182 329 378 427 455 28 162 211 316 351 392 470 0 85 205 324 387 415 449 51 64 142 282 345 437 500 39 102 115 178 361 446 466 18 60 159 222 298 404 488 12 111 124 173 306 376 496 48 97 132 202 293 342 412 77 119 210 245 350 441 490 35 134 183 274 379 414 448 50 99 191 261 344 393 471 1 93 113 269 388 408 479 9 72 164 206 339 402 501 47 110 130 172 235 425 467 26 61 152 223 243 362 461 20 69 160 181 230 370 440 84 154 175 273 308 413 462 42 112 197 246 295 442 477 22 71 219 232 281 429 499 8 107 135 255 325 401 450 2 101 143 170 333 409 472 17 80 165 185 270 396 459 55 68 131 194 229 292 489 34 62 125 216 244 307 426 91 126 217 231 294 371 476 49 141 168 260 309 358 463 36 56 176 275 303 366 485 30 79 163 240 289 338 493 16 65 114 199 319 389 458 3 109 136 207 227 354 473 25 88 123 186 249 334 453 13 76 153 195 258 286 349 98 140 189 238 287 357 434 7 127 204 224 323 372 421 15 78 212 254 317 337 400 44 57 149 233 296 367 430 38 87 157 184 304 346 395 24 73 122 171 263 383 410 4 67 137 200 271 284 418 33 96 117 180 250 313 355
156 220 241 305 369 433 492 95 201 267 314 360 447 457 103 121 265 330 373 424 468 111 132 178 324 351 437 488 69 152 191 235 388 414 501 71 165 216 255 292 409 477 79 141 186 275 319 349 473 87 137 204 250 296 383 400 139 198 262 326 390 411 475 32 174 248 335 381 420 494 40 158 225 312 356 445 483 48 147 222 282 376 415 466 50 130 210 243 339 440 479 8 143 194 273 307 396 499 16 163 207 258 294 366 453 24 117 184 271 317 357 430 108 209 256 302 348 423 502 19 193 272 283 385 439 486 21 89 277 315 382 398 460 51 60 211 293 361 427 496 47 93 223 245 370 402 448 34 80 175 229 325 442 472 3 76 199 260 334 338 476 38 98 171 233 313 372 418 66 166 268 320 365 405 487 27 150 257 331 340 406 503 46 105 228 290 377 435 482 28 97 124 298 378 446 449 9 61 160 274 344 425 490 55 101 112 244 308 429 459 36 88 136 231 286 389 463 4 78 140 263 323 355 395 74 151 187 332 384 428 456 29 167 214 321 352 397 469 5 86 203 327 386 419 452 54 63 146 285 347 436 498 35 99 113 181 362 441 467 17 62 154 219 295 401 489 13 109 123 168 303 371 493 44 96 127 200 287 337 410 82 120 215 251 353 443 491 37 133 188 278 380 416 454 52 104 190 264 343 394 474 6 94 116 266 391 407 478 12 70 162 205 342 404 500 42 107 131 170 232 426 462 25 56 153 217 240 358 458 15 67 157 180 224 367 434 90 155 177 279 310 417 464 45 118 196 247 299 444 480 23 75 221 237 280 431 497 10 106 138 253 328 399 451 0 102 142 173 329 412 470 20 77 164 183 269 393 461 49 65 126 195 227 289 485 33 57 122 212 238 304 421 92 128 218 234 300 374 481 53 144 169 259 311 363 465 41 58 179 276 301 368 484 31 83 161 242 288 336 495 18 64 115 202 316 387 455 1 110 134 206 230 350 471 22 84 125 185 246 333 450 7 73 149 189 254 284 346 100 145 192 239 291 359 438 11 129 208 226 322 375 422 14 81 213 252 318 341 403 43 59 148 236 297 364 432 39 85 159 182 306 345 392 26 72 119 172 261 379 408 2 68 135 197 270 281 413 30 91 114 176 249 309 354
157 221 242 306 370 429 493 97 200 270 311 358 445 461 99 125 264 334 375 421 466 107 130 176 328 355 439 484 65 148 194 233 387 419 503 73 167 211 258 290 408 478 81 142 188 274 317 347 472 89 136 206 247 295 381 404 138 202 261 325 389 410 474 30 170 250 329 384 425 495 38 159 227 314 350 443 489 46 153 223 284 373 413 464 54 128 212 244 341 437 476 12 140 192 276 303 398 501 20 165 203 256 297 367 449 22 113 186 266 320 361 431 110 207 257 304 345 426 498 17 189 269 286 391 438 488 26 90 273 316 383 397 458 49 59 215 292 363 430 490 48 96 220 249 365 399 450 31 79 181 224 322 446 475 4 70 197 265 332 339 480 37 101 173 234 312 371 414 68 162 271 321 368 402 485 25 152 252 333 337 412 502 45 109 230 291 376 434 477 34 92 122 294 379 447 454 7 60 154 279 349 422 494 50 104 114 241 313 428 455 39 87 139 232 280 385 467 5 77 144 260 324 353 396 76 149 183 335 380 432 459 33 166 216 315 354 394 471 6 84 208 323 388 417 453 53 67 141 281 348 440 497 36 100 118 179 357 442 468 14 61 158 217 300 400 486 8 106 119 171 305 377 491 47 95 131 198 289 336 406 78 123 213 246 356 444 496 41 135 187 275 378 418 451 55 103 195 262 346 392 469 0 91 117 272 386 409 481 11 75 161 204 338 405 499 44 108 132 169 236 420 463 21 62 150 222 238 359 457 16 64 155 175 228 369 436 86 160 180 277 309 415 465 43 115 199 251 296 441 482 24 72 218 231 285 433 500 13 111 133 254 326 403 448 1 98 145 174 331 407 473 19 83 163 182 267 395 456 52 66 127 191 226 293 483 28 56 121 214 243 301 423 94 129 219 237 298 372 479 51 146 172 263 310 360 462 35 57 178 278 307 364 487 32 80 164 239 287 342 492 15 69 112 196 318 390 460 2 105 137 209 225 352 470 27 85 120 184 245 330 452 10 74 147 190 255 283 344 102 143 193 240 288 362 435 9 126 205 229 327 374 424 18 82 210 253 319 340 401 42 58 151 235 299 366 427 40 88 156 185 302 343 393 23 71 124 168 259 382 411 3 63 134 201 268 282 416 29 93 116 177 248 308 351
158 222 243 307 366 430 494 93 199 272 313 361 442 460 101 124 263 331 377 425 463 109 127 181 327 352 436 489 67 153 190 232 391 416 500 75 164 212 253 289 412 480 83 144 185 276 316 346 471 85 135 208 249 297 379 403 137 201 265 324 388 409 473 34 171 245 334 382 423 496 36 160 228 308 355 446 487 44 151 219 285 371 419 467 52 131 215 240 342 434 478 10 142 195 279 304 393 497 18 161 206 254 300 368 450 26 114 182 270 318 359 432 111 204 255 305 349 424 501 16 194 271 282 390 440 483 27 88 274 320 378 395 459 54 62 214 287 362 428 493 42 94 217 251 367 404 454 33 77 177 227 328 444 470 1 73 202 259 333 336 481 39 100 172 236 309 375 413 69 165 267 319 369 400 488 24 147 258 335 339 411 499 47 108 229 293 372 439 476 29 96 123 295 384 441 452 12 56 157 278 343 426 491 49 102 118 238 310 431 461 41 84 134 234 284 387 465 2 81 145 261 322 354 392 71 152 186 330 383 433 457 32 163 210 317 356 396 475 3 89 209 325 385 418 448 55 66 140 286 344 435 503 37 104 116 180 358 443 462 20 57 155 221 299 399 485 7 110 125 169 301 374 495 43 91 129 197 291 341 408 79 121 216 250 351 447 492 40 139 184 273 381 415 453 51 98 193 260 348 398 472 4 97 112 268 389 406 482 13 74 167 203 337 401 498 45 106 126 173 237 421 464 22 58 149 218 242 363 455 14 68 159 176 226 364 438 87 156 178 275 314 414 468 48 117 198 248 294 445 479 21 76 223 233 283 427 502 9 105 136 257 323 405 449 5 99 146 168 332 410 469 15 82 162 188 266 394 458 53 64 128 189 230 288 484 30 59 119 213 239 306 422 95 132 220 235 296 373 477 50 143 174 262 312 357 466 38 60 175 277 302 370 486 28 78 166 244 290 340 490 17 63 113 200 321 386 456 6 107 133 205 224 353 474 23 90 122 183 247 329 451 11 72 148 192 252 281 345 103 141 191 241 292 360 437 8 130 207 225 326 376 420 19 80 211 256 315 338 402 46 61 150 231 298 365 429 35 86 154 187 303 347 397 25 70 120 170 264 380 407 0 65 138 196 269 280 417 31 92 115 179 246 311 350
159 223 244 303 367 431 495 96 197 269 312 363 446 458 104 122 260 333 376 422 467 106 131 179 323 354 440 486 64 150 195 236 386 418 499 72 163 214 254 293 407 482 80 146 184 278 318 344 470 88 134 205 248 299 382 401 136 200 264 328 387 408 472 31 173 249 332 383 426 490 39 154 230 313 353 447 485 47 149 217 281 377 417 468 55 132 213 238 338 436 481 13 145 191 277 301 395 500 15 164 209 255 298 364 452 23 116 185 268 319 362 427 107 206 258 306 347 421 503 20 192 266 284 389 437 489 25 87 279 321 379 396 455 53 61 216 289 357 432 491 44 91 222 246 369 405 451 28 83 180 226 326 441 473 2 74 196 263 330 342 479 40 102 168 235 308 374 416 65 167 270 317 370 404 484 22 153 256 329 341 410 501 48 110 224 292 371 438 480 33 95 119 300 380 442 453 11 62 155 275 346 420 496 52 98 115 243 309 433 456 35 85 137 237 283 390 462 3 82 143 259 327 351 393 73 148 188 334 381 429 461 30 165 212 320 350 398 474 4 90 207 322 391 414 450 50 68 144 280 349 434 502 41 103 117 175 359 444 463 19 56 160 218 296 403 483 10 105 120 172 307 372 492 42 93 126 201 288 340 411 81 125 211 247 355 445 493 38 138 186 276 384 413 449 49 101 189 265 345 397 475 5 92 114 271 385 412 477 8 76 166 208 336 400 497 43 111 127 174 231 423 465 27 57 147 219 239 360 460 18 63 156 177 229 366 435 89 157 176 274 311 419 466 46 113 202 250 297 443 476 26 70 220 234 286 430 498 7 109 139 252 324 402 454 6 100 141 171 335 406 471 16 78 161 187 272 392 457 51 69 129 190 225 287 487 29 58 124 210 240 302 424 97 130 221 233 295 375 478 54 140 170 261 314 361 464 37 59 181 273 304 365 488 34 77 162 241 291 337 494 14 67 118 198 315 388 459 0 108 135 204 228 356 469 24 86 121 182 251 331 448 9 71 151 193 253 282 343 99 142 194 242 290 358 439 12 128 203 227 325 373 425 17 79 215 257 316 339 399 45 60 152 232 294 368 428 36 84 158 183 305 348 394 21 75 123 169 262 378 409 1 66 133 199 267 285 415 32 94 112 178 245 310 352
160 219 240 304 368 432 496 94 202 271 309 362 444 459 102 123 261 335 372 426 465 110 129 180 325 356 435 485 68 149 193 237 389 415 498 76 162 213 257 288 410 479 78 143 183 277 321 345 474 86 138 207 246 298 380 402 135 199 263 327 391 412 471 33 172 251 333 378 424 493 41 157 229 310 354 441 488 43 152 221 286 374 418 462 51 126 216 242 337 438 482 9 146 189 275 306 394 502 17 166 205 252 296 370 451 25 115 187 269 315 360 429 109 208 253 307 346 425 500 18 195 270 285 388 434 487 24 84 278 319 384 392 461 55 57 210 291 358 433 495 45 97 218 250 364 401 453 30 82 178 230 323 445 469 6 72 200 262 329 340 477 35 103 170 231 311 376 417 67 164 272 316 366 403 489 26 151 254 334 342 409 497 42 111 227 287 375 440 481 32 91 125 299 383 443 448 13 58 159 273 348 421 492 53 99 117 239 314 427 458 38 90 133 235 281 386 466 0 80 141 264 326 350 397 75 153 185 331 379 430 460 34 161 215 318 355 393 473 1 88 204 328 390 413 454 49 69 145 284 343 439 499 40 98 112 176 363 447 464 15 59 156 223 294 405 484 11 107 122 174 302 373 490 46 92 130 196 292 338 407 83 124 212 249 352 442 494 36 137 182 279 382 419 450 54 100 194 259 349 395 470 2 96 118 267 387 411 476 7 71 163 209 341 399 503 48 105 128 168 233 422 468 23 60 148 220 244 357 456 19 65 154 179 225 365 437 85 158 181 276 313 416 463 44 114 201 245 300 446 478 27 73 217 236 282 428 501 12 108 134 258 322 400 452 3 104 140 169 330 408 475 14 79 167 184 268 398 455 50 63 132 192 224 290 486 31 61 120 211 241 303 420 93 127 222 232 297 377 480 52 142 171 265 308 359 467 39 62 177 274 305 367 483 29 81 165 238 293 339 491 20 66 116 197 317 385 457 4 106 139 203 226 351 472 21 87 119 188 248 332 449 8 70 150 191 256 280 347 101 144 190 243 289 361 436 10 131 206 228 324 371 423 16 77 214 255 320 336 404 47 56 147 234 295 369 431 37 89 155 186 301 344 396 22 74 121 173 260 381 406 5 64 136 198 266 283 414 28 95 113 175 247 312 353
161 182 245 308 371 434 497 77 217 259 287 378 413 483 84 147 238 322 343 441 476 91 140 210 301 385 399 462 98 126 203 273 364 406 455 105 119 189 266 294 427 469 63 133 175 252 329 357 490 70 154 196 231 315 350 420 127 190 253 316 379 442 463 42 204 274 309 336 428 470 49 134 267 295 372 392 491 7 155 197 330 358 435 448 14 112 218 260 351 421 498 21 162 168 239 323 414 484 28 148 183 224 302 386 477 35 141 211 246 280 365 407 85 212 232 331 366 436 471 36 219 254 324 359 393 478 29 56 261 310 387 400 499 43 71 169 317 344 443 485 22 106 176 268 337 415 492 15 99 198 275 288 422 449 50 78 205 247 281 373 456 0 92 191 225 303 380 429 93 135 276 289 352 430 500 44 142 240 318 388 423 450 1 100 255 282 367 444 493 37 57 163 325 374 408 457 51 79 149 226 381 401 464 30 64 156 233 332 394 479 23 107 113 262 296 345 486 8 86 120 269 311 338 437 101 164 199 297 346 416 494 52 114 206 304 382 409 487 16 94 177 333 375 395 501 2 108 157 319 339 431 465 45 58 121 184 389 438 472 9 87 128 213 283 445 458 38 72 143 220 290 353 451 31 65 150 170 326 360 402 109 158 185 263 361 403 480 10 151 171 270 368 446 473 39 73 214 227 390 424 459 24 102 165 234 354 439 452 3 66 129 221 383 396 495 53 59 136 178 248 410 502 17 95 122 192 277 340 466 46 80 115 207 241 347 417 67 144 222 249 327 425 460 18 137 215 228 334 432 467 54 88 172 271 305 404 481 47 81 123 278 284 411 488 32 110 116 186 291 418 503 4 74 159 193 242 447 453 11 60 166 200 235 312 474 25 103 130 179 256 298 397 75 124 208 243 313 391 489 26 131 201 279 285 355 496 33 111 194 236 320 362 454 12 96 145 229 335 369 461 55 89 152 180 299 341 475 40 68 167 173 250 348 482 5 82 117 223 257 306 468 19 61 138 187 264 292 376 83 153 181 272 307 377 412 34 160 195 265 300 342 419 27 62 202 251 328 349 440 41 69 118 258 293 384 426 20 104 125 209 286 356 433 13 97 139 216 237 363 398 48 76 146 188 230 314 405 6 90 132 174 244 321 370
162 183 246 309 372 435 498 78 219 261 288 380 415 485 86 149 240 325 345 444 479 94 143 213 304 389 402 465 102 129 207 277 368 410 459 110 123 193 271 298 432 474 68 138 180 257 335 362 496 76 160 202 237 321 356 426 126 189 252 315 378 441 462 43 205 275 310 337 429 471 51 135 269 296 374 394 493 9 157 199 333 360 438 451 17 115 221 263 354 424 502 25 166 172 242 327 418 488 33 152 187 229 306 391 482 41 146 216 251 286 370 412 84 210 231 329 364 434 469 35 218 253 323 358 392 477 30 57 262 311 388 401 500 45 72 170 319 346 445 487 24 109 178 270 340 417 495 18 103 200 278 291 425 453 55 82 208 250 285 376 461 6 97 195 230 307 384 433 91 133 273 287 350 427 497 42 141 239 316 386 421 448 0 99 254 281 366 443 492 38 58 164 326 375 409 458 53 80 151 227 383 403 466 32 67 159 235 334 397 481 26 111 117 264 299 348 489 13 90 125 272 314 342 440 98 161 196 294 343 413 490 49 112 204 302 379 407 484 15 92 176 331 373 393 499 1 107 156 318 338 430 464 46 59 122 185 390 439 473 11 88 130 215 284 447 460 40 75 145 223 292 355 454 34 69 153 174 328 363 405 105 154 182 259 357 399 476 7 148 168 267 365 442 470 36 71 212 225 387 422 456 23 100 163 233 352 437 450 2 65 128 220 382 395 494 54 60 137 179 249 411 503 19 96 124 194 279 341 468 48 83 118 209 244 349 419 63 140 217 245 322 420 455 14 134 211 224 330 428 463 50 85 169 268 303 400 478 44 79 120 276 282 408 486 31 108 114 184 290 416 501 3 73 158 192 241 446 452 12 61 167 201 236 313 475 27 104 132 181 258 300 398 70 119 203 238 308 385 483 21 127 197 274 280 351 491 29 106 191 232 317 359 449 8 93 142 226 332 367 457 52 87 150 177 297 339 472 39 66 165 171 248 347 480 4 81 116 222 256 305 467 20 62 139 188 265 293 377 77 147 175 266 301 371 406 28 155 190 260 295 336 414 22 56 198 247 324 344 436 37 64 113 255 289 381 423 16 101 121 206 283 353 431 10 95 136 214 234 361 396 47 74 144 186 228 312 404 5 89 131 173 243 320 369
163 184 248 312 376 440 499 80 223 260 293 382 418 486 88 150 244 323 344 446 482 96 146 214 303 386 401 467 104 131 205 278 367 407 458 106 122 195 269 299 431 470 64 134 179 254 333 363 495 72 159 197 236 318 354 422 132 191 255 319 383 447 468 47 209 277 313 338 427 472 55 136 268 298 377 395 490 13 154 200 332 362 436 452 15 116 217 264 353 426 500 23 164 173 238 328 417 485 31 149 185 230 301 387 481 39 145 213 249 281 364 408 87 216 235 330 369 437 473 40 222 258 326 357 396 479 28 61 263 308 389 405 503 44 74 168 321 347 441 489 25 107 180 266 342 416 491 20 102 196 279 289 421 451 53 83 206 246 284 374 455 2 91 192 226 306 379 432 95 137 275 292 351 433 501 48 143 243 317 390 420 453 3 98 256 283 370 442 496 35 62 167 327 371 410 456 52 82 153 224 380 404 462 33 65 155 237 329 393 480 22 110 115 259 300 346 484 11 85 119 270 309 341 438 103 165 201 296 349 414 492 50 117 207 307 381 411 483 19 93 175 334 372 398 502 4 105 160 320 340 429 463 42 56 120 188 391 434 474 10 90 126 212 280 444 461 41 73 144 218 288 350 450 30 68 148 172 322 359 403 111 156 186 265 360 400 477 8 147 174 271 366 445 475 38 76 211 229 385 423 460 27 101 166 231 355 435 449 5 63 127 219 384 397 493 49 57 138 177 247 412 497 18 92 125 189 276 336 465 43 81 114 208 239 345 413 69 141 220 250 324 424 457 16 139 210 225 335 430 466 51 89 171 272 302 402 476 46 78 124 274 286 406 487 29 109 113 187 287 419 498 6 70 157 190 240 443 454 7 58 161 202 234 311 471 26 100 129 176 252 297 392 71 121 204 241 314 388 488 24 130 198 273 282 356 494 34 108 193 233 315 361 448 9 97 140 228 331 365 459 54 86 151 181 295 337 469 37 67 162 170 251 343 478 0 77 118 221 253 304 464 14 59 135 182 261 291 375 79 152 178 267 305 373 409 32 158 194 262 294 339 415 21 60 199 245 325 348 439 36 66 112 257 290 378 425 17 99 123 203 285 352 428 12 94 133 215 232 358 394 45 75 142 183 227 310 399 1 84 128 169 242 316 368
164 185 249 313 377 436 500 83 222 263 289 379 416 489 85 153 243 327 346 442 480 93 144 212 307 391 403 463 101 127 208 276 366 412 460 109 124 190 272 297 430 471 67 135 181 253 331 361 494 75 158 199 232 316 352 425 131 195 254 318 382 446 467 44 206 279 308 342 432 473 52 137 270 300 371 393 496 10 160 201 334 359 434 450 18 114 219 265 355 423 497 26 161 171 240 324 419 487 34 151 182 228 304 388 478 36 142 215 245 285 368 409 88 214 236 333 367 440 470 39 217 255 328 362 395 481 33 62 259 309 390 404 501 42 73 172 320 349 444 483 27 111 177 271 336 413 493 16 100 202 274 287 424 454 54 77 204 251 282 375 459 1 94 194 227 305 378 428 96 134 278 293 354 431 499 47 145 238 319 387 426 452 2 102 258 284 369 441 491 41 56 165 322 372 411 461 49 81 147 229 384 400 465 29 69 157 234 335 392 476 24 108 118 261 295 343 488 12 84 123 267 310 339 439 104 163 197 299 344 418 495 55 116 209 301 383 408 485 20 91 180 330 374 396 503 3 110 155 317 341 433 462 43 57 125 186 385 435 475 7 89 129 210 286 443 457 37 71 140 221 291 356 448 32 66 152 169 325 358 399 106 159 184 260 363 401 482 13 149 173 268 364 447 472 40 74 216 226 389 421 455 22 98 167 237 351 438 453 4 68 126 218 381 398 492 51 58 139 176 250 406 498 14 97 121 193 273 337 464 45 79 112 203 242 348 415 64 146 223 248 323 422 458 15 136 213 230 332 427 468 53 87 168 266 306 405 479 48 82 119 275 283 410 484 30 105 117 188 288 414 502 5 76 156 189 239 445 449 9 59 162 198 233 314 469 21 99 128 178 257 294 394 72 122 205 244 312 386 486 23 132 200 277 281 353 490 28 107 192 235 321 357 451 11 95 143 224 329 370 456 50 90 148 175 296 340 474 38 63 166 174 247 345 477 6 78 113 220 252 302 466 17 60 133 183 262 290 373 80 150 179 269 303 376 407 31 154 191 264 298 338 417 25 61 196 246 326 347 437 35 65 115 256 292 380 420 19 103 120 207 280 350 429 8 92 138 211 231 360 397 46 70 141 187 225 311 402 0 86 130 170 241 315 365
165 186 250 314 373 437 501 79 220 265 292 383 414 488 87 152 241 324 349 447 477 95 141 216 305 388 400 468 103 132 204 275 369 409 457 111 121 191 267 296 433 473 69 137 178 255 330 360 492 71 156 201 235 319 351 424 130 194 258 317 381 445 466 48 207 273 312 339 430 475 50 139 271 294 376 396 494 8 158 198 335 357 440 453 16 117 222 262 356 420 499 24 163 174 243 326 415 483 32 147 184 225 307 390 479 40 143 210 248 282 366 411 89 211 233 334 370 439 472 38 223 256 325 361 398 476 34 60 260 313 385 402 502 47 76 171 315 348 442 486 21 108 175 272 338 418 496 19 98 199 277 293 423 448 51 80 209 245 283 372 460 3 93 193 229 302 382 427 97 136 274 290 355 429 503 46 140 244 320 389 425 449 4 101 257 286 365 446 490 36 61 166 323 377 406 459 55 78 150 228 378 405 463 28 66 160 231 331 395 482 27 105 112 263 298 344 487 9 88 124 268 308 340 435 99 167 200 295 347 419 493 54 113 203 303 384 410 489 17 96 181 332 371 397 498 5 109 154 321 337 428 467 44 62 123 187 386 436 469 13 86 127 214 285 441 456 35 74 146 219 287 352 452 29 63 151 168 327 362 401 107 157 188 264 358 404 478 12 153 170 266 367 443 474 37 70 215 224 391 426 458 25 104 162 232 353 434 454 6 67 131 217 380 394 491 52 56 133 180 251 407 500 15 94 120 190 278 342 462 42 82 116 205 240 343 416 65 142 221 247 328 421 461 20 138 212 227 329 431 464 49 90 173 269 304 399 480 45 77 122 279 280 412 485 33 106 118 183 289 417 497 0 75 155 195 238 444 451 10 57 164 196 237 310 470 23 102 126 177 253 299 393 73 125 206 242 311 387 484 22 128 202 276 284 350 495 31 110 189 234 316 363 450 7 92 144 230 333 368 455 53 84 149 179 300 336 471 41 64 161 169 246 346 481 1 83 115 218 254 301 465 18 58 134 185 259 288 374 81 148 176 270 306 375 408 30 159 192 261 297 341 413 26 59 197 249 322 345 438 39 68 114 252 291 379 422 14 100 119 208 281 354 432 11 91 135 213 236 359 392 43 72 145 182 226 309 403 2 85 129 172 239 318 364
166 187 251 310 374 438 502 82 218 262 291 384 417 487 90 151 239 326 348 443 481 92 145 215 302 390 405 464 100 128 209 279 365 411 456 108 120 192 268 300 428 475 66 139 177 256 332 359 491 74 155 198 234 320 353 423 129 193 257 321 380 444 465 45 208 278 311 340 433 469 53 133 272 299 375 397 492 11 156 196 331 363 439 454 19 118 220 259 352 422 503 27 167 169 241 322 416 486 29 150 188 226 305 385 480 37 144 214 247 283 369 406 86 213 237 335 368 435 474 41 221 252 327 360 394 482 32 58 264 314 386 403 497 46 75 174 318 343 447 484 23 105 179 267 341 419 494 14 104 201 276 290 420 452 52 81 203 248 280 377 457 5 95 190 228 301 381 431 94 138 277 288 356 432 498 43 146 242 315 391 424 451 6 103 253 285 364 445 495 40 59 161 328 373 407 460 54 83 148 225 382 399 468 31 63 158 236 330 398 478 21 106 116 265 297 347 483 10 89 121 266 312 336 436 102 162 202 298 345 415 496 51 115 205 306 378 412 488 18 97 178 329 376 392 500 0 111 159 316 342 427 466 48 60 124 182 387 437 470 12 85 132 211 282 446 455 39 70 142 222 293 351 449 28 64 147 173 324 361 404 110 160 183 261 362 402 479 9 152 172 269 370 441 471 35 72 210 230 388 425 461 26 99 164 235 350 440 448 1 69 130 223 379 393 490 50 61 134 181 245 408 501 20 93 119 191 274 339 467 47 77 113 206 243 344 414 68 143 219 246 325 426 459 17 135 216 229 333 429 462 55 84 170 270 307 401 477 42 80 125 273 281 409 489 34 107 112 185 292 413 499 2 71 154 194 244 442 450 8 62 165 197 232 308 472 22 101 131 175 255 295 396 76 123 207 240 309 389 485 25 126 199 275 286 354 493 30 109 195 231 319 358 453 13 91 141 227 334 366 458 49 88 153 176 294 338 473 36 65 163 168 249 349 476 3 79 114 217 258 303 463 16 56 136 186 260 289 371 78 149 180 271 304 372 410 33 157 189 263 296 337 418 24 57 200 250 323 346 434 38 67 117 254 287 383 421 15 98 122 204 284 355 430 7 96 137 212 233 357 395 44 73 140 184 224 313 400 4 87 127 171 238 317 367
167 188 247 311 375 439 503 81 221 264 290 381 419 484 89 148 242 328 347 445 478 97 142 211 306 387 404 466 99 130 206 274 370 408 461 107 125 194 270 295 429 472 65 136 176 258 334 358 493 73 157 200 233 317 355 421 128 192 256 320 384 443 464 46 203 276 314 341 431 474 54 138 266 297 373 398 495 12 159 202 329 361 437 449 20 113 223 261 350 425 501 22 165 170 244 325 413 489 30 153 186 227 303 389 476 38 140 212 250 284 367 410 90 215 234 332 365 438 475 37 220 257 322 363 397 480 31 59 265 312 391 399 498 48 70 173 316 345 446 488 26 110 181 269 339 414 490 17 101 197 273 292 426 450 49 79 207 249 286 371 458 4 96 189 224 304 383 430 92 139 279 291 353 428 502 45 144 241 321 385 422 454 5 104 252 280 368 447 494 39 60 162 324 376 412 455 50 77 152 230 379 402 467 34 68 154 232 333 396 477 25 109 114 260 294 349 485 7 87 122 271 313 337 434 100 166 198 300 348 417 491 53 118 208 305 380 406 486 14 95 179 335 377 394 497 6 106 158 315 336 432 468 47 61 119 183 388 440 471 8 84 131 216 281 442 459 36 76 141 217 289 354 453 33 67 149 171 323 357 400 108 155 187 262 359 405 481 11 150 169 272 369 444 469 41 75 213 228 386 420 457 21 103 161 236 356 436 451 0 64 132 222 378 392 496 55 62 135 175 246 409 499 16 91 123 195 275 338 463 44 78 117 204 238 346 418 66 145 218 251 326 423 456 19 133 214 226 331 433 465 52 86 174 267 301 403 482 43 83 121 277 285 407 483 28 111 115 182 293 415 500 1 72 160 191 243 441 448 13 56 163 199 231 309 473 24 98 127 180 254 296 395 74 120 209 239 310 390 487 27 129 196 278 283 352 492 32 105 190 237 318 360 452 10 94 146 225 330 364 460 51 85 147 178 298 342 470 35 69 164 172 245 344 479 2 80 112 219 255 307 462 15 57 137 184 263 287 372 82 151 177 268 302 374 411 29 156 193 259 299 340 416 23 58 201 248 327 343 435 40 63 116 253 288 382 424 18 102 124 205 282 351 427 9 93 134 210 235 362 393 42 71 143 185 229 308 401 3 88 126 168 240 319 366
168 224 280 336 392 448 112 281 393 56 449 225 337 169 338 226 450 57 113 282 394 395 451 283 114 58 170 339 452 396 115 340 171 59 227 116 284 453 172 397 228 60 173 61 341 117 229 454 285 230 342 62 398 174 286 118 455 119 175 231 287 343 399 344 456 288 400 176 0 232 401 289 120 345 457 233 1 458 2 346 177 402 121 290 122 347 3 403 234 459 178 179 235 404 4 460 291 123 236 180 292 461 5 124 348 293 405 237 349 125 6 181 238 462 350 63 406 182 294 407 351 463 239 7 295 183 64 408 296 8 240 464 352 184 353 65 465 297 9 409 354 185 410 10 466 241 66 467 298 11 411 186 67 242 299 468 243 68 355 187 12 244 13 300 188 412 69 356 301 357 126 413 70 469 245 470 246 414 127 302 14 358 303 15 359 247 471 71 415 72 472 416 360 16 304 128 248 417 473 73 129 361 17 418 249 74 474 18 130 305 131 362 306 19 475 250 75 363 132 20 307 76 419 251 364 308 420 189 476 77 133 134 421 309 477 190 365 21 422 191 22 366 78 478 310 367 23 479 423 311 135 79 80 136 192 480 424 24 368 312 481 25 137 81 193 425 482 313 369 82 138 26 194 195 426 83 370 27 139 314 427 196 371 483 252 140 84 197 28 484 372 141 253 428 254 485 85 429 29 198 373 486 255 374 30 430 86 142 431 31 87 143 487 375 199 88 200 432 256 144 488 32 376 145 489 33 201 89 257 146 377 258 433 90 202 34 490 91 259 434 147 315 203 260 491 35 148 435 204 316 205 436 317 492 92 261 36 318 149 437 93 493 37 262 150 319 206 438 38 494 94 495 39 263 95 207 151 439 96 264 40 496 320 208 152 440 209 321 153 41 265 97 154 266 98 322 497 210 378 323 379 155 42 211 498 267 499 268 380 212 43 324 99 269 500 44 381 156 100 325 382 213 326 501 101 157 45 214 383 102 270 502 46 158 159 47 503 327 103 271 215 104 328 216 48 160 384 272 217 441 329 105 385 161 273 386 330 442 218 49 274 162 106 387 275 50 219 443 331 163 332 107 444 276 51 388 333 164 389 52 445 220 108 446 277 53 390 165 109 221 278 447 222 110 334 166 54 223 55 279 167 391 111 335
169 226 283 340 397 454 118 280 394 58 452 228 341 174 336 225 451 59 116 285 398 392 449 282 115 60 173 342 448 393 113 339 172 61 230 112 281 450 170 396 229 62 168 56 338 114 227 453 286 224 337 57 395 171 284 117 456 120 177 234 291 348 405 343 457 290 403 179 5 237 399 288 121 347 460 236 6 455 0 345 178 404 124 293 119 344 1 402 235 461 181 175 232 401 2 459 292 125 231 176 289 458 3 123 349 287 400 233 346 122 4 180 239 464 353 66 411 187 300 406 352 465 241 11 299 188 63 407 297 10 242 468 356 182 351 64 466 298 12 412 350 183 408 9 467 243 69 462 295 8 409 185 68 244 294 463 240 65 354 186 13 238 7 296 184 410 67 355 302 359 128 417 74 475 251 469 247 416 129 305 19 363 301 14 360 248 474 75 419 70 470 415 361 18 306 132 245 414 471 72 130 362 20 413 246 71 472 17 131 307 126 358 303 16 473 249 76 357 127 15 304 73 418 250 365 310 423 192 481 82 139 133 422 311 480 193 369 27 420 190 23 368 81 482 314 364 21 478 424 312 138 83 77 134 191 479 425 26 370 308 477 22 135 80 194 426 476 309 366 79 136 25 195 189 421 78 367 24 137 313 428 198 374 487 256 145 90 196 29 486 375 144 257 433 252 484 86 431 32 201 377 483 253 373 31 432 89 146 427 28 85 142 488 376 202 84 197 429 255 143 489 34 371 141 485 30 199 88 258 140 372 254 430 87 200 33 491 92 262 438 151 320 209 259 492 37 150 439 208 321 203 435 318 494 95 264 41 315 148 436 94 495 40 265 147 316 205 437 39 496 97 490 35 261 93 206 152 440 91 260 36 493 319 207 153 434 204 317 149 38 263 96 155 268 100 326 502 215 384 322 380 156 45 214 503 272 497 267 381 213 46 327 104 266 498 43 382 158 103 328 378 211 324 500 102 159 48 210 379 99 269 501 47 160 154 42 499 325 101 270 216 98 323 212 44 157 383 271 218 443 332 108 390 166 279 385 331 444 220 53 278 167 105 386 276 52 221 447 335 161 330 106 445 277 54 391 329 162 387 51 446 222 111 441 274 50 388 164 110 223 273 442 219 107 333 165 55 217 49 275 163 389 109 334
170 227 284 341 398 449 113 286 397 59 450 224 339 173 337 230 454 60 114 280 396 394 453 281 118 61 171 336 451 392 117 338 169 62 228 115 285 448 174 395 226 56 172 57 342 112 225 452 283 229 340 58 393 168 282 116 461 125 176 233 290 347 404 345 458 292 399 181 4 234 402 291 122 349 455 232 5 459 6 348 179 400 119 289 123 346 0 405 236 457 175 180 231 403 1 456 293 121 237 178 287 460 2 120 344 288 401 235 343 124 3 177 242 466 355 65 408 188 295 410 350 464 244 12 297 186 68 412 294 7 241 467 353 183 354 67 468 300 8 406 356 187 409 11 463 238 64 465 296 13 407 182 66 243 298 462 239 69 352 184 10 240 9 299 185 411 63 351 306 358 130 419 73 472 247 474 250 413 128 303 20 361 304 17 363 249 475 70 414 76 471 417 357 14 305 131 246 418 469 75 132 359 16 415 251 72 473 19 127 301 129 360 307 15 470 245 74 362 126 18 302 71 416 248 370 311 421 194 478 81 136 138 425 314 476 192 367 22 426 189 26 365 79 480 312 368 25 477 422 313 139 77 78 135 195 481 420 21 369 309 482 24 133 83 191 423 479 310 364 80 137 27 190 193 424 82 366 23 134 308 429 200 375 484 258 142 89 202 30 489 373 140 256 431 257 488 90 430 31 197 371 485 252 376 34 428 87 144 432 33 84 141 486 377 198 86 199 433 254 145 483 28 372 146 487 32 196 85 255 143 374 253 427 88 201 29 493 97 264 439 148 317 206 261 495 38 153 437 203 320 207 438 316 490 96 265 37 321 152 434 92 494 39 260 149 315 208 440 36 491 95 496 41 262 91 204 150 436 94 263 35 492 318 209 147 435 205 319 151 40 259 93 157 270 99 328 503 211 381 325 384 159 46 212 501 266 498 269 383 215 48 322 101 271 502 45 379 154 104 324 380 216 323 497 100 158 47 213 378 103 272 499 44 155 160 43 500 326 98 267 214 102 327 210 42 156 382 268 221 445 334 107 387 167 274 389 329 443 223 54 276 165 110 391 273 49 220 446 332 162 333 109 447 279 50 385 335 166 388 53 442 217 106 444 275 55 386 161 108 222 277 441 218 111 331 163 52 219 51 278 164 390 105 330
171 228 285 342 393 450 114 282 395 62 454 227 336 172 339 229 452 56 118 284 392 396 448 286 116 57 169 341 453 398 112 337 173 58 226 117 283 449 168 394 230 59 174 60 340 113 224 451 281 225 338 61 397 170 280 115 460 124 181 232 289 346 403 349 459 287 404 177 1 236 400 293 123 343 461 234 2 457 3 344 180 399 125 291 121 348 4 401 237 455 176 178 233 405 5 458 288 119 235 175 290 456 6 122 345 292 402 231 347 120 0 179 243 463 352 67 412 185 297 409 355 467 240 10 300 182 69 411 295 12 238 465 354 186 356 66 462 299 7 408 351 184 406 13 464 242 68 468 294 9 410 188 64 239 296 466 244 63 353 183 11 241 8 298 187 407 65 350 307 361 127 416 75 471 249 473 245 419 131 304 18 359 305 16 362 251 470 73 413 71 475 418 358 20 301 129 250 415 472 74 126 363 14 414 248 76 469 15 128 306 132 357 302 17 474 247 72 360 130 19 303 70 417 246 366 313 425 190 480 83 135 137 423 308 478 195 368 26 424 194 27 367 77 481 309 369 24 476 426 310 134 81 79 139 193 482 421 22 364 314 479 21 136 82 189 422 477 312 370 78 133 23 192 191 420 80 365 25 138 311 430 199 377 489 253 144 85 201 34 487 371 142 254 432 255 483 88 428 33 202 375 488 258 372 29 431 84 145 433 32 89 140 485 374 197 87 198 427 257 146 484 30 373 143 486 28 200 90 252 141 376 256 429 86 196 31 494 93 263 436 153 316 208 265 496 36 151 434 206 318 204 440 320 493 94 259 39 319 147 439 96 491 41 261 152 317 209 435 37 495 91 492 40 260 97 203 149 438 95 262 38 490 321 205 148 437 207 315 150 35 264 92 158 272 101 327 500 212 379 324 382 160 44 215 497 270 501 271 378 214 42 328 100 267 499 47 384 157 102 322 383 210 325 503 104 155 43 216 381 98 268 498 45 159 156 48 502 323 99 266 213 103 326 211 46 154 380 269 222 442 331 109 391 164 276 388 334 446 219 52 279 161 111 390 274 54 217 444 333 165 335 108 441 278 49 387 330 163 385 55 443 221 110 447 273 51 389 167 106 218 275 445 223 105 332 162 53 220 50 277 166 386 107 329
172 229 286 337 394 451 115 285 392 57 453 230 340 170 342 227 448 58 117 281 397 393 454 284 112 59 174 338 450 395 118 341 168 60 225 114 282 452 169 398 224 61 171 62 339 116 226 449 280 228 336 56 396 173 283 113 459 123 180 237 288 345 402 346 461 291 401 178 6 231 403 287 125 348 458 235 0 460 1 343 176 405 122 292 124 349 2 399 233 456 179 181 236 400 3 455 290 120 232 177 293 457 4 119 347 289 404 234 344 121 5 175 240 465 356 68 410 183 298 412 354 462 242 9 296 187 67 409 299 13 239 466 350 185 355 69 464 294 11 407 352 182 411 7 468 244 65 463 300 12 408 184 63 241 297 467 238 66 351 188 8 243 10 295 186 406 64 353 304 362 129 415 76 474 246 471 251 418 126 306 17 360 307 18 358 250 469 72 417 75 473 413 363 15 302 130 249 419 470 71 128 357 19 416 245 73 475 14 132 303 127 359 305 20 472 248 70 361 131 16 301 74 414 247 368 309 426 193 479 78 138 135 424 310 482 189 370 25 425 195 24 364 82 477 311 366 26 481 421 314 133 80 83 137 194 476 422 23 365 313 478 27 134 79 192 420 480 308 367 81 139 21 191 190 423 77 369 22 136 312 432 202 372 485 257 143 86 199 33 488 374 146 252 429 253 487 84 433 30 200 376 489 254 375 32 427 90 141 430 34 88 145 484 373 196 85 201 428 258 140 486 31 377 142 483 29 197 87 256 144 371 255 431 89 198 28 496 94 261 435 149 321 207 263 493 41 152 438 205 315 208 434 319 495 97 262 35 316 151 440 91 492 38 264 153 318 204 439 40 490 92 494 36 259 96 209 148 437 93 265 39 491 317 203 150 436 206 320 147 37 260 95 160 271 102 325 498 213 380 327 378 157 43 216 502 269 500 270 384 210 45 323 103 272 497 42 383 159 99 326 379 215 328 499 98 156 46 212 382 100 267 503 48 154 158 44 501 322 104 268 211 101 324 214 47 155 381 266 219 444 335 110 389 162 277 391 333 441 221 51 275 166 109 388 278 55 218 445 329 164 334 111 443 273 53 386 331 161 390 49 447 223 107 442 279 54 387 163 105 220 276 446 217 108 330 167 50 222 52 274 165 385 106 332
173 230 281 338 395 452 116 284 396 61 451 226 342 168 341 224 453 62 115 283 393 398 450 280 117 56 172 340 449 397 114 336 174 57 229 113 286 454 171 392 225 58 170 59 337 118 228 448 282 227 339 60 394 169 285 112 458 122 179 236 293 344 401 347 455 289 405 180 2 235 404 292 119 346 456 237 3 461 4 349 175 403 120 288 125 345 5 400 231 460 177 176 234 402 6 457 287 124 233 181 291 459 0 121 343 290 399 232 348 123 1 178 244 467 354 64 407 184 299 408 353 468 238 13 298 185 65 410 300 11 243 462 351 188 350 68 463 296 10 411 355 186 412 8 465 239 63 466 297 7 406 187 69 240 295 464 241 67 356 182 9 242 12 294 183 409 66 352 303 363 131 418 72 470 248 472 249 417 132 301 15 362 306 20 357 246 473 74 416 73 474 414 359 19 307 126 247 413 475 76 127 360 18 419 250 70 471 16 129 302 130 361 304 14 469 251 71 358 128 17 305 75 415 245 367 312 422 195 482 80 134 136 426 313 481 191 364 23 421 192 25 369 83 479 308 370 22 480 420 309 137 82 81 138 189 477 423 27 366 311 476 26 139 78 190 424 478 314 365 77 135 24 193 194 425 79 368 21 133 310 431 197 376 486 254 146 88 200 31 485 377 145 255 427 258 489 87 432 28 196 374 484 256 371 33 433 85 143 429 30 90 144 483 372 201 89 202 430 252 141 487 29 375 140 488 34 198 86 253 142 373 257 428 84 199 32 495 96 260 440 150 318 205 264 490 39 149 436 209 319 206 437 321 491 91 263 40 317 153 438 95 496 35 259 148 320 207 434 41 492 93 493 38 265 92 208 147 435 97 261 37 494 315 204 151 439 203 316 152 36 262 94 159 269 104 323 499 214 382 328 383 154 47 213 500 268 503 266 379 216 44 326 102 270 501 48 380 155 98 327 381 212 322 502 103 160 42 211 384 101 271 497 43 156 157 46 498 324 100 272 210 99 325 215 45 158 378 267 223 446 333 106 386 163 278 387 332 447 217 55 277 164 107 389 279 53 222 441 330 167 329 110 442 275 52 390 334 165 391 50 444 218 105 445 276 49 385 166 111 219 274 443 220 109 335 161 51 221 54 273 162 388 108 331
174 225 282 339 396 453 117 283 398 60 448 229 338 171 340 228 449 61 112 286 395 397 452 285 113 62 168 337 454 394 116 342 170 56 224 118 280 451 173 393 227 57 169 58 336 115 230 450 284 226 341 59 392 172 281 114 457 121 178 235 292 349 400 348 460 293 402 175 3 233 405 290 124 344 459 231 4 456 5 347 181 401 123 287 120 343 6 404 232 458 180 177 237 399 0 461 289 122 234 179 288 455 1 125 346 291 403 236 345 119 2 176 241 468 351 69 409 186 296 411 356 466 243 8 294 184 66 406 298 9 244 463 355 187 352 63 467 295 13 410 353 188 407 12 462 240 67 464 299 10 412 183 65 238 300 465 242 64 350 185 7 239 11 297 182 408 68 354 305 360 132 414 71 473 250 475 248 415 130 307 16 357 302 19 361 245 472 76 418 74 469 419 362 17 303 127 251 416 474 70 131 358 15 417 247 75 470 20 126 304 128 363 301 18 471 246 73 359 129 14 306 72 413 249 369 314 424 191 477 79 137 139 420 312 479 194 366 24 423 193 21 370 80 476 313 365 27 482 425 308 136 78 82 133 190 478 426 25 367 310 480 23 138 77 195 421 481 311 368 83 134 22 189 192 422 81 364 26 135 309 433 201 373 488 255 141 87 198 32 483 376 143 258 430 256 486 89 427 34 199 372 487 257 377 28 429 88 140 428 29 86 146 489 371 200 90 196 431 253 142 485 33 374 144 484 31 202 84 254 145 375 252 432 85 197 30 492 95 265 437 152 319 204 262 494 40 147 440 207 317 209 439 315 496 93 260 38 320 150 435 97 490 36 263 151 321 203 436 35 493 96 491 37 264 94 205 153 434 92 259 41 495 316 206 149 438 208 318 148 39 261 91 156 267 103 324 501 216 383 326 381 158 48 210 499 271 502 272 382 211 47 325 98 268 503 46 378 160 101 323 384 214 327 498 99 154 44 215 380 104 266 500 42 157 155 45 497 328 102 269 212 100 322 213 43 159 379 270 220 447 330 111 388 165 275 390 335 445 222 50 273 163 108 385 277 51 223 442 334 166 331 105 446 274 55 389 332 167 386 54 441 219 109 443 278 52 391 162 107 217 279 444 221 106 329 164 49 218 53 276 161 387 110 333
175 231 287 343 399 455 119 294 406 63 462 238 350 182 357 245 469 70 126 301 413 420 476 308 133 77 189 364 483 427 140 371 196 84 252 147 315 490 203 434 259 91 210 98 378 154 266 497 322 273 385 105 441 217 329 161 448 112 168 224 280 336 392 351 463 295 407 183 7 239 414 302 127 358 470 246 14 477 21 365 190 421 134 309 141 372 28 428 253 484 197 204 260 435 35 491 316 148 267 211 323 498 42 155 379 330 442 274 386 162 49 218 225 449 337 56 393 169 281 400 344 456 232 0 288 176 71 415 303 15 247 471 359 191 366 78 478 310 22 422 373 198 429 29 485 254 85 492 317 36 436 205 92 261 324 499 268 99 380 212 43 275 50 331 219 443 106 387 282 338 113 394 57 450 226 457 233 401 120 289 1 345 296 8 352 240 464 64 408 79 479 423 367 23 311 135 255 430 486 86 142 374 30 437 262 93 493 37 149 318 156 381 325 44 500 269 100 388 163 51 332 107 444 276 339 283 395 170 451 58 114 121 402 290 458 177 346 2 409 184 9 353 65 465 297 360 16 472 416 304 128 72 87 143 199 487 431 31 375 319 494 38 150 94 206 438 501 326 382 101 157 45 213 220 445 108 389 52 164 333 396 171 340 452 227 115 59 178 3 459 347 122 234 403 241 466 66 410 10 185 354 473 248 361 17 417 73 129 424 24 80 136 480 368 192 95 207 439 263 151 495 39 383 158 502 46 214 102 270 165 390 277 446 109 221 53 453 60 228 397 116 284 172 235 460 4 123 404 179 291 186 411 298 467 67 242 11 305 130 418 74 474 18 249 137 312 193 425 25 481 81 488 32 256 88 200 144 432 103 271 47 503 327 215 159 447 222 334 166 54 278 110 117 229 61 285 454 173 341 292 348 124 5 180 461 236 468 243 355 187 12 299 68 250 475 19 362 131 75 306 369 194 313 482 82 138 26 201 376 89 257 489 33 145 152 40 496 320 96 264 208 111 335 223 55 167 391 279 174 398 286 62 342 118 230 349 293 405 181 6 237 125 69 356 244 13 188 412 300 132 307 76 419 251 20 363 314 139 370 27 426 195 83 433 258 34 377 146 90 202 265 440 209 97 321 153 41 216 48 272 160 384 104 328
176 233 290 347 404 461 125 295 408 65 466 242 355 188 358 247 472 73 130 306 419 421 478 311 136 81 194 370 484 429 142 375 200 89 258 148 317 493 206 439 264 97 211 99 381 157 270 503 328 274 387 107 445 221 334 167 449 113 170 227 284 341 398 350 464 297 410 186 12 244 413 303 128 361 474 250 20 476 22 367 192 425 138 314 140 373 30 431 256 489 202 203 261 437 38 495 320 153 266 212 325 501 46 159 384 329 443 276 389 165 54 223 224 450 339 59 397 173 286 399 345 458 234 4 292 181 70 414 304 17 249 475 363 189 365 79 480 312 26 426 371 197 430 31 488 257 90 490 316 37 438 207 96 265 322 498 269 101 383 215 48 273 49 332 220 446 110 391 280 337 114 396 60 454 230 455 232 402 122 291 5 349 294 7 353 241 467 68 412 77 477 422 368 25 313 139 252 428 485 87 144 376 34 434 260 92 494 39 152 321 154 379 324 45 502 271 104 385 162 50 333 109 447 279 336 281 394 171 453 61 118 119 400 289 459 179 348 6 406 183 8 354 67 468 300 357 14 471 417 305 131 76 84 141 198 486 432 33 377 315 491 36 149 95 208 440 497 323 380 100 158 47 216 217 442 106 388 53 166 335 392 169 338 451 228 117 62 175 0 457 346 123 236 405 238 463 64 409 11 187 356 469 246 359 16 418 75 132 420 21 78 135 481 369 195 91 204 436 262 150 496 41 378 155 499 44 213 103 272 161 386 275 444 108 222 55 448 56 226 395 115 285 174 231 456 1 121 403 180 293 182 407 296 465 66 243 13 301 127 415 72 473 19 251 133 309 191 423 24 482 83 483 28 254 86 199 145 433 98 267 43 500 326 214 160 441 218 331 163 52 277 111 112 225 57 283 452 172 342 287 344 120 2 178 460 237 462 239 352 184 10 298 69 245 470 15 360 129 74 307 364 190 310 479 80 137 27 196 372 85 255 487 32 146 147 35 492 318 94 263 209 105 330 219 51 164 390 278 168 393 282 58 340 116 229 343 288 401 177 3 235 124 63 351 240 9 185 411 299 126 302 71 416 248 18 362 308 134 366 23 424 193 82 427 253 29 374 143 88 201 259 435 205 93 319 151 40 210 42 268 156 382 102 327
177 234 291 348 405 456 120 300 411 66 464 239 353 187 359 251 475 74 128 302 417 423 481 310 139 82 192 365 487 428 145 374 198 90 256 151 320 491 209 438 262 92 215 100 384 155 268 502 326 279 390 108 443 218 332 166 454 118 169 226 283 340 397 352 465 299 406 188 11 241 416 305 129 363 469 247 19 480 27 369 193 422 133 311 144 375 29 433 257 486 196 208 259 439 37 492 321 150 272 214 322 503 45 156 380 331 444 278 385 167 53 220 228 452 341 58 394 174 280 403 343 457 237 5 290 179 75 419 301 14 248 474 360 190 368 81 482 314 23 420 377 201 431 32 484 252 86 494 318 41 435 203 95 264 327 497 267 104 381 213 46 276 52 335 221 447 105 386 285 336 116 398 59 451 225 460 236 399 121 288 6 347 297 10 356 242 468 63 407 83 478 424 364 21 312 138 253 432 483 89 146 373 31 436 265 94 495 40 148 315 158 382 328 43 498 266 103 391 161 54 330 106 445 277 342 282 392 173 449 60 115 124 404 293 455 178 345 0 412 182 12 351 64 466 298 361 18 470 415 306 132 70 85 142 202 488 427 28 376 316 496 39 147 97 205 437 500 324 378 102 159 48 211 222 446 111 387 51 162 329 393 172 339 448 230 113 61 181 1 461 344 119 235 402 243 467 69 408 9 183 350 471 245 362 20 414 72 130 425 26 77 134 479 370 191 93 206 440 261 152 490 35 379 160 501 47 210 99 269 164 388 274 441 110 223 50 450 62 229 396 112 281 170 232 459 2 125 401 175 292 185 409 295 462 68 244 8 307 131 413 71 472 17 246 135 308 194 426 22 477 80 489 34 255 84 197 143 429 101 270 42 499 325 216 154 442 219 333 165 55 273 107 114 227 56 286 453 168 338 289 349 123 3 176 458 231 463 240 354 186 13 294 65 249 473 16 358 126 76 303 366 195 309 476 79 136 25 199 371 88 258 485 30 141 153 36 493 319 91 260 207 109 334 217 49 163 389 275 171 395 284 57 337 117 224 346 287 400 180 4 233 122 67 355 238 7 184 410 296 127 304 73 418 250 15 357 313 137 367 24 421 189 78 430 254 33 372 140 87 200 263 434 204 96 317 149 38 212 44 271 157 383 98 323
178 235 292 349 400 457 121 296 409 69 468 241 351 186 360 250 473 71 132 305 414 424 477 314 137 79 191 369 488 433 141 373 201 87 255 152 319 492 204 437 265 95 216 103 383 156 267 501 324 275 388 111 447 220 330 165 453 117 174 225 282 339 396 356 466 294 411 184 8 243 415 307 130 357 475 248 16 479 24 366 194 420 139 312 143 376 32 430 258 483 198 207 262 440 40 494 317 147 271 210 326 499 48 158 381 335 445 273 390 163 50 222 229 448 338 60 398 171 283 402 348 460 233 3 293 175 76 418 302 19 245 472 361 193 370 80 476 313 21 423 372 199 427 34 486 256 89 496 315 38 439 209 93 260 325 502 272 98 382 211 47 277 51 334 223 442 108 385 286 340 112 395 61 449 228 459 231 405 124 290 4 344 298 9 355 244 463 66 406 78 482 425 365 27 308 136 257 429 487 88 140 377 28 435 263 97 490 36 150 320 160 378 323 46 503 268 101 389 166 55 331 105 446 274 337 285 397 168 452 62 113 123 401 287 456 181 347 5 410 187 13 352 63 467 295 362 17 469 419 303 127 74 86 146 200 489 428 29 371 321 493 35 151 96 203 436 498 327 384 99 154 44 214 219 441 109 386 54 167 332 394 170 342 454 224 116 56 180 6 458 343 120 232 404 240 462 67 407 12 188 353 474 251 358 15 416 70 131 426 25 82 133 478 367 190 94 205 434 264 153 491 37 380 157 500 42 215 104 266 162 391 278 443 107 217 52 451 57 227 393 118 280 173 237 461 0 122 399 177 289 183 412 299 464 65 238 10 304 126 417 75 470 20 247 138 310 195 421 23 480 77 485 33 253 90 196 142 431 102 269 45 497 328 212 155 444 221 329 164 49 279 106 115 230 58 284 450 169 336 288 346 125 1 179 455 234 465 242 350 185 7 300 64 246 471 18 363 128 73 301 368 189 311 481 83 134 22 202 374 84 254 484 31 144 149 41 495 316 92 259 206 110 333 218 53 161 387 276 172 392 281 59 341 114 226 345 291 403 176 2 236 119 68 354 239 11 182 408 297 129 306 72 413 249 14 359 309 135 364 26 422 192 81 432 252 30 375 145 85 197 261 438 208 91 318 148 39 213 43 270 159 379 100 322
179 236 293 344 401 458 122 299 407 64 467 244 354 184 363 248 470 72 131 303 418 422 482 312 134 80 195 367 486 431 146 376 197 88 254 150 318 495 205 440 260 96 214 104 382 159 269 499 323 278 386 106 446 223 333 163 452 116 173 230 281 338 395 353 468 298 408 185 13 238 417 301 132 362 472 249 15 481 23 364 191 426 136 313 145 377 31 427 255 485 200 209 264 436 39 490 319 149 268 213 328 500 47 154 383 332 447 277 387 164 55 217 226 451 342 61 396 168 284 405 347 455 235 2 289 180 74 416 306 20 246 473 357 192 369 83 479 308 25 421 374 196 432 28 489 258 87 491 321 40 437 206 91 263 326 503 266 102 379 216 44 279 53 330 222 441 107 389 283 341 115 393 62 453 224 456 237 404 119 292 3 346 300 11 351 243 462 65 410 82 480 420 370 22 309 137 256 433 484 85 143 371 33 438 259 95 496 35 153 317 155 380 327 48 501 270 98 390 167 52 329 110 442 275 340 280 398 172 450 56 117 120 403 288 461 175 349 4 411 188 10 350 68 463 296 359 19 474 414 307 126 73 90 144 201 483 429 30 372 320 492 41 148 93 207 434 502 322 381 103 160 42 212 218 444 105 391 50 165 334 397 174 336 449 229 114 57 177 5 460 345 125 231 400 239 465 63 412 8 186 355 475 247 360 18 413 76 127 423 27 81 138 477 366 189 92 208 435 265 147 493 38 384 156 497 43 211 101 271 166 385 276 445 111 219 49 454 58 225 392 113 286 171 234 457 6 124 402 176 287 187 406 297 466 69 240 7 302 129 419 70 471 16 250 139 311 190 424 26 476 78 487 29 252 89 202 141 430 100 272 46 498 324 210 157 443 220 335 161 51 274 109 118 228 59 282 448 170 337 291 343 121 0 181 459 233 464 241 356 182 9 295 67 251 469 14 361 130 71 304 365 193 314 478 77 135 24 198 375 86 253 488 34 140 151 37 494 315 97 261 204 108 331 221 54 162 388 273 169 394 285 60 339 112 227 348 290 399 178 1 232 123 66 352 242 12 183 409 294 128 305 75 415 245 17 358 310 133 368 21 425 194 79 428 257 32 373 142 84 199 262 439 203 94 316 152 36 215 45 267 158 378 99 325
180 237 288 345 402 459 123 298 410 68 465 240 356 183 362 246 474 76 129 304 415 426 479 309 138 78 193 368 485 432 143 372 202 86 257 149 321 496 207 435 261 94 213 102 380 160 271 498 325 277 389 110 444 219 335 162 451 115 172 229 286 337 394 354 462 296 412 187 9 242 418 306 126 360 471 251 17 482 25 370 189 424 135 310 146 374 33 429 252 488 199 205 263 438 41 493 315 152 269 216 327 502 43 157 378 333 441 275 391 166 51 221 230 453 340 57 392 170 285 401 346 461 231 6 291 178 72 417 307 18 250 469 358 195 364 82 477 311 24 425 376 200 433 30 487 253 84 495 319 35 434 208 97 262 323 500 270 103 384 210 45 278 55 329 218 445 109 388 281 342 117 397 58 448 227 458 235 403 125 287 0 348 299 13 350 239 466 67 409 80 481 421 366 26 314 133 254 427 489 90 141 375 32 440 264 91 492 38 151 316 159 383 326 42 497 272 99 386 164 53 334 111 443 273 338 284 393 174 454 59 112 122 405 292 460 176 343 1 407 185 11 355 69 464 294 363 15 473 413 302 130 75 88 145 196 484 430 34 373 318 490 40 153 92 204 439 499 328 379 98 156 46 215 223 447 107 390 49 161 331 395 168 341 450 225 118 60 179 2 456 349 124 233 399 244 468 65 411 7 182 352 470 249 357 19 419 71 128 422 23 83 137 476 365 194 96 209 437 259 148 494 36 382 154 503 48 212 100 267 163 387 279 442 105 220 54 452 61 224 398 114 282 169 236 455 3 120 400 181 290 184 408 300 463 63 241 12 303 132 416 73 475 14 245 134 313 192 420 27 478 79 486 31 258 85 201 140 428 104 268 44 501 322 211 158 446 217 330 167 50 276 108 116 226 62 280 449 171 339 293 347 119 4 177 457 232 467 238 351 188 8 297 66 248 472 20 359 127 70 305 367 191 308 480 81 139 21 197 377 87 256 483 29 142 150 39 491 317 93 265 203 106 332 222 52 165 385 274 173 396 283 56 336 113 228 344 289 404 175 5 234 121 64 353 243 10 186 406 295 131 301 74 414 247 16 361 312 136 369 22 423 190 77 431 255 28 371 144 89 198 260 436 206 95 320 147 37 214 47 266 155 381 101 324
181 232 289 346 403 460 124 297 412 67 463 243 352 185 361 249 471 75 127 307 416 425 480 313 135 83 190 366 489 430 144 377 199 85 253 153 316 494 208 436 263 93 212 101 379 158 272 500 327 276 391 109 442 222 331 164 450 114 171 228 285 342 393 355 467 300 409 182 10 240 419 304 131 359 473 245 18 478 26 368 195 423 137 308 142 371 34 432 254 487 201 206 265 434 36 496 318 151 270 215 324 497 44 160 382 334 446 279 388 161 52 219 227 454 336 62 395 172 282 404 349 459 236 1 287 177 73 413 305 16 251 470 362 194 367 77 481 309 27 424 375 202 428 33 483 255 88 493 320 39 440 204 94 259 328 501 271 100 378 214 42 274 54 333 217 444 111 390 284 339 118 392 56 452 229 461 234 400 123 293 2 343 295 12 354 238 465 69 411 81 476 426 369 24 310 134 258 431 488 84 145 372 29 439 261 96 491 41 147 319 157 384 322 47 499 267 102 387 165 49 335 108 441 278 341 286 396 169 448 57 116 125 399 291 457 180 344 3 408 186 7 356 66 462 299 358 20 475 418 301 129 71 89 140 197 485 433 32 374 317 495 37 152 91 209 435 503 325 383 104 155 43 210 221 443 110 385 55 163 330 398 173 337 453 226 112 58 176 4 455 348 121 237 401 242 464 68 406 13 184 351 472 250 363 14 415 74 126 421 22 79 139 482 364 193 97 203 438 260 149 492 40 381 159 498 45 216 98 268 167 389 273 447 106 218 51 449 59 230 394 117 283 168 233 458 5 119 405 178 288 188 410 294 468 64 239 9 306 128 414 76 469 15 248 136 314 189 422 21 479 82 484 30 257 87 198 146 427 99 266 48 502 323 213 156 445 223 332 162 53 275 105 113 224 60 281 451 174 340 290 345 122 6 175 456 235 466 244 353 183 11 296 63 247 474 17 357 132 72 302 370 192 312 477 78 133 23 200 373 90 252 486 28 143 148 38 490 321 95 262 205 107 329 220 50 166 386 277 170 397 280 61 338 115 225 347 292 402 179 0 231 120 65 350 241 8 187 407 298 130 303 70 417 246 19 360 311 138 365 25 420 191 80 429 256 31 376 141 86 196 264 437 207 92 315 150 35 211 46 269 154 380 103 326
182 245 308 371 434 497 161 287 413 77 483 259 378 217 343 238 476 84 147 322 441 399 462 301 140 91 210 385 455 406 126 364 203 98 273 119 294 469 189 427 266 105 175 63 357 133 252 490 329 231 350 70 420 196 315 154 463 127 190 253 316 379 442 336 470 309 428 204 42 274 392 295 134 372 491 267 49 448 7 358 197 435 155 330 112 351 14 421 260 498 218 168 239 414 21 484 323 162 224 183 302 477 28 148 386 280 407 246 365 141 35 211 232 471 366 85 436 212 331 393 359 478 254 36 324 219 56 400 310 29 261 499 387 169 344 71 485 317 43 443 337 176 415 22 492 268 106 449 288 15 422 198 99 275 281 456 247 78 373 205 50 225 0 303 191 429 92 380 289 352 135 430 93 500 276 450 240 423 142 318 44 388 282 1 367 255 493 100 444 57 457 408 374 37 325 163 226 401 464 79 149 381 51 394 233 64 479 30 156 332 113 345 296 23 486 262 107 338 120 8 311 86 437 269 346 297 416 199 494 101 164 114 409 304 487 206 382 52 395 177 16 375 94 501 333 339 2 465 431 319 157 108 58 121 184 472 438 45 389 283 458 9 128 87 213 445 451 290 353 72 143 38 220 170 402 65 360 31 150 326 403 185 361 480 263 158 109 171 10 473 368 151 270 446 227 459 73 424 39 214 390 452 234 354 24 439 102 165 396 3 66 129 495 383 221 59 178 410 248 136 502 53 340 122 466 17 192 95 277 115 347 241 417 80 207 46 460 67 249 425 144 327 222 228 467 18 137 432 215 334 172 404 305 481 88 271 54 284 123 411 81 488 47 278 116 291 186 418 32 503 110 453 4 242 74 193 159 447 60 235 11 474 312 200 166 397 179 298 130 25 256 103 124 243 75 313 489 208 391 285 355 131 26 201 496 279 454 236 362 194 33 320 111 229 461 12 369 145 96 335 341 180 299 475 89 152 55 173 348 68 250 482 40 167 117 5 468 306 82 257 223 61 292 187 19 138 376 264 181 412 307 83 377 153 272 342 300 419 195 34 265 160 62 349 251 27 202 440 328 118 293 69 426 258 41 384 286 125 356 20 433 209 104 398 237 13 363 139 97 216 230 405 188 76 314 146 48 174 6 244 132 370 90 321
183 246 309 372 435 498 162 288 415 78 485 261 380 219 345 240 479 86 149 325 444 402 465 304 143 94 213 389 459 410 129 368 207 102 277 123 298 474 193 432 271 110 180 68 362 138 257 496 335 237 356 76 426 202 321 160 462 126 189 252 315 378 441 337 471 310 429 205 43 275 394 296 135 374 493 269 51 451 9 360 199 438 157 333 115 354 17 424 263 502 221 172 242 418 25 488 327 166 229 187 306 482 33 152 391 286 412 251 370 146 41 216 231 469 364 84 434 210 329 392 358 477 253 35 323 218 57 401 311 30 262 500 388 170 346 72 487 319 45 445 340 178 417 24 495 270 109 453 291 18 425 200 103 278 285 461 250 82 376 208 55 230 6 307 195 433 97 384 287 350 133 427 91 497 273 448 239 421 141 316 42 386 281 0 366 254 492 99 443 58 458 409 375 38 326 164 227 403 466 80 151 383 53 397 235 67 481 32 159 334 117 348 299 26 489 264 111 342 125 13 314 90 440 272 343 294 413 196 490 98 161 112 407 302 484 204 379 49 393 176 15 373 92 499 331 338 1 464 430 318 156 107 59 122 185 473 439 46 390 284 460 11 130 88 215 447 454 292 355 75 145 40 223 174 405 69 363 34 153 328 399 182 357 476 259 154 105 168 7 470 365 148 267 442 225 456 71 422 36 212 387 450 233 352 23 437 100 163 395 2 65 128 494 382 220 60 179 411 249 137 503 54 341 124 468 19 194 96 279 118 349 244 419 83 209 48 455 63 245 420 140 322 217 224 463 14 134 428 211 330 169 400 303 478 85 268 50 282 120 408 79 486 44 276 114 290 184 416 31 501 108 452 3 241 73 192 158 446 61 236 12 475 313 201 167 398 181 300 132 27 258 104 119 238 70 308 483 203 385 280 351 127 21 197 491 274 449 232 359 191 29 317 106 226 457 8 367 142 93 332 339 177 297 472 87 150 52 171 347 66 248 480 39 165 116 4 467 305 81 256 222 62 293 188 20 139 377 265 175 406 301 77 371 147 266 336 295 414 190 28 260 155 56 344 247 22 198 436 324 113 289 64 423 255 37 381 283 121 353 16 431 206 101 396 234 10 361 136 95 214 228 404 186 74 312 144 47 173 5 243 131 369 89 320
184 248 312 376 440 499 163 293 418 80 486 260 382 223 344 244 482 88 150 323 446 401 467 303 146 96 214 386 458 407 131 367 205 104 278 122 299 470 195 431 269 106 179 64 363 134 254 495 333 236 354 72 422 197 318 159 468 132 191 255 319 383 447 338 472 313 427 209 47 277 395 298 136 377 490 268 55 452 13 362 200 436 154 332 116 353 15 426 264 500 217 173 238 417 23 485 328 164 230 185 301 481 31 149 387 281 408 249 364 145 39 213 235 473 369 87 437 216 330 396 357 479 258 40 326 222 61 405 308 28 263 503 389 168 347 74 489 321 44 441 342 180 416 25 491 266 107 451 289 20 421 196 102 279 284 455 246 83 374 206 53 226 2 306 192 432 91 379 292 351 137 433 95 501 275 453 243 420 143 317 48 390 283 3 370 256 496 98 442 62 456 410 371 35 327 167 224 404 462 82 153 380 52 393 237 65 480 33 155 329 115 346 300 22 484 259 110 341 119 11 309 85 438 270 349 296 414 201 492 103 165 117 411 307 483 207 381 50 398 175 19 372 93 502 334 340 4 463 429 320 160 105 56 120 188 474 434 42 391 280 461 10 126 90 212 444 450 288 350 73 144 41 218 172 403 68 359 30 148 322 400 186 360 477 265 156 111 174 8 475 366 147 271 445 229 460 76 423 38 211 385 449 231 355 27 435 101 166 397 5 63 127 493 384 219 57 177 412 247 138 497 49 336 125 465 18 189 92 276 114 345 239 413 81 208 43 457 69 250 424 141 324 220 225 466 16 139 430 210 335 171 402 302 476 89 272 51 286 124 406 78 487 46 274 113 287 187 419 29 498 109 454 6 240 70 190 157 443 58 234 7 471 311 202 161 392 176 297 129 26 252 100 121 241 71 314 488 204 388 282 356 130 24 198 494 273 448 233 361 193 34 315 108 228 459 9 365 140 97 331 337 181 295 469 86 151 54 170 343 67 251 478 37 162 118 0 464 304 77 253 221 59 291 182 14 135 375 261 178 409 305 79 373 152 267 339 294 415 194 32 262 158 60 348 245 21 199 439 325 112 290 66 425 257 36 378 285 123 352 17 428 203 99 394 232 12 358 133 94 215 227 399 183 75 310 142 45 169 1 242 128 368 84 316
185 249 313 377 436 500 164 289 416 83 489 263 379 222 346 243 480 85 153 327 442 403 463 307 144 93 212 391 460 412 127 366 208 101 276 124 297 471 190 430 272 109 181 67 361 135 253 494 331 232 352 75 425 199 316 158 467 131 195 254 318 382 446 342 473 308 432 206 44 279 393 300 137 371 496 270 52 450 10 359 201 434 160 334 114 355 18 423 265 497 219 171 240 419 26 487 324 161 228 182 304 478 34 151 388 285 409 245 368 142 36 215 236 470 367 88 440 214 333 395 362 481 255 39 328 217 62 404 309 33 259 501 390 172 349 73 483 320 42 444 336 177 413 27 493 271 111 454 287 16 424 202 100 274 282 459 251 77 375 204 54 227 1 305 194 428 94 378 293 354 134 431 96 499 278 452 238 426 145 319 47 387 284 2 369 258 491 102 441 56 461 411 372 41 322 165 229 400 465 81 147 384 49 392 234 69 476 29 157 335 118 343 295 24 488 261 108 339 123 12 310 84 439 267 344 299 418 197 495 104 163 116 408 301 485 209 383 55 396 180 20 374 91 503 330 341 3 462 433 317 155 110 57 125 186 475 435 43 385 286 457 7 129 89 210 443 448 291 356 71 140 37 221 169 399 66 358 32 152 325 401 184 363 482 260 159 106 173 13 472 364 149 268 447 226 455 74 421 40 216 389 453 237 351 22 438 98 167 398 4 68 126 492 381 218 58 176 406 250 139 498 51 337 121 464 14 193 97 273 112 348 242 415 79 203 45 458 64 248 422 146 323 223 230 468 15 136 427 213 332 168 405 306 479 87 266 53 283 119 410 82 484 48 275 117 288 188 414 30 502 105 449 5 239 76 189 156 445 59 233 9 469 314 198 162 394 178 294 128 21 257 99 122 244 72 312 486 205 386 281 353 132 23 200 490 277 451 235 357 192 28 321 107 224 456 11 370 143 95 329 340 175 296 474 90 148 50 174 345 63 247 477 38 166 113 6 466 302 78 252 220 60 290 183 17 133 373 262 179 407 303 80 376 150 269 338 298 417 191 31 264 154 61 347 246 25 196 437 326 115 292 65 420 256 35 380 280 120 350 19 429 207 103 397 231 8 360 138 92 211 225 402 187 70 311 141 46 170 0 241 130 365 86 315
186 250 314 373 437 501 165 292 414 79 488 265 383 220 349 241 477 87 152 324 447 400 468 305 141 95 216 388 457 409 132 369 204 103 275 121 296 473 191 433 267 111 178 69 360 137 255 492 330 235 351 71 424 201 319 156 466 130 194 258 317 381 445 339 475 312 430 207 48 273 396 294 139 376 494 271 50 453 8 357 198 440 158 335 117 356 16 420 262 499 222 174 243 415 24 483 326 163 225 184 307 479 32 147 390 282 411 248 366 143 40 210 233 472 370 89 439 211 334 398 361 476 256 38 325 223 60 402 313 34 260 502 385 171 348 76 486 315 47 442 338 175 418 21 496 272 108 448 293 19 423 199 98 277 283 460 245 80 372 209 51 229 3 302 193 427 93 382 290 355 136 429 97 503 274 449 244 425 140 320 46 389 286 4 365 257 490 101 446 61 459 406 377 36 323 166 228 405 463 78 150 378 55 395 231 66 482 28 160 331 112 344 298 27 487 263 105 340 124 9 308 88 435 268 347 295 419 200 493 99 167 113 410 303 489 203 384 54 397 181 17 371 96 498 332 337 5 467 428 321 154 109 62 123 187 469 436 44 386 285 456 13 127 86 214 441 452 287 352 74 146 35 219 168 401 63 362 29 151 327 404 188 358 478 264 157 107 170 12 474 367 153 266 443 224 458 70 426 37 215 391 454 232 353 25 434 104 162 394 6 67 131 491 380 217 56 180 407 251 133 500 52 342 120 462 15 190 94 278 116 343 240 416 82 205 42 461 65 247 421 142 328 221 227 464 20 138 431 212 329 173 399 304 480 90 269 49 280 122 412 77 485 45 279 118 289 183 417 33 497 106 451 0 238 75 195 155 444 57 237 10 470 310 196 164 393 177 299 126 23 253 102 125 242 73 311 484 206 387 284 350 128 22 202 495 276 450 234 363 189 31 316 110 230 455 7 368 144 92 333 336 179 300 471 84 149 53 169 346 64 246 481 41 161 115 1 465 301 83 254 218 58 288 185 18 134 374 259 176 408 306 81 375 148 270 341 297 413 192 30 261 159 59 345 249 26 197 438 322 114 291 68 422 252 39 379 281 119 354 14 432 208 100 392 236 11 359 135 91 213 226 403 182 72 309 145 43 172 2 239 129 364 85 318
187 251 310 374 438 502 166 291 417 82 487 262 384 218 348 239 481 90 151 326 443 405 464 302 145 92 215 390 456 411 128 365 209 100 279 120 300 475 192 428 268 108 177 66 359 139 256 491 332 234 353 74 423 198 320 155 465 129 193 257 321 380 444 340 469 311 433 208 45 278 397 299 133 375 492 272 53 454 11 363 196 439 156 331 118 352 19 422 259 503 220 169 241 416 27 486 322 167 226 188 305 480 29 150 385 283 406 247 369 144 37 214 237 474 368 86 435 213 335 394 360 482 252 41 327 221 58 403 314 32 264 497 386 174 343 75 484 318 46 447 341 179 419 23 494 267 105 452 290 14 420 201 104 276 280 457 248 81 377 203 52 228 5 301 190 431 95 381 288 356 138 432 94 498 277 451 242 424 146 315 43 391 285 6 364 253 495 103 445 59 460 407 373 40 328 161 225 399 468 83 148 382 54 398 236 63 478 31 158 330 116 347 297 21 483 265 106 336 121 10 312 89 436 266 345 298 415 202 496 102 162 115 412 306 488 205 378 51 392 178 18 376 97 500 329 342 0 466 427 316 159 111 60 124 182 470 437 48 387 282 455 12 132 85 211 446 449 293 351 70 142 39 222 173 404 64 361 28 147 324 402 183 362 479 261 160 110 172 9 471 370 152 269 441 230 461 72 425 35 210 388 448 235 350 26 440 99 164 393 1 69 130 490 379 223 61 181 408 245 134 501 50 339 119 467 20 191 93 274 113 344 243 414 77 206 47 459 68 246 426 143 325 219 229 462 17 135 429 216 333 170 401 307 477 84 270 55 281 125 409 80 489 42 273 112 292 185 413 34 499 107 450 2 244 71 194 154 442 62 232 8 472 308 197 165 396 175 295 131 22 255 101 123 240 76 309 485 207 389 286 354 126 25 199 493 275 453 231 358 195 30 319 109 227 458 13 366 141 91 334 338 176 294 473 88 153 49 168 349 65 249 476 36 163 114 3 463 303 79 258 217 56 289 186 16 136 371 260 180 410 304 78 372 149 271 337 296 418 189 33 263 157 57 346 250 24 200 434 323 117 287 67 421 254 38 383 284 122 355 15 430 204 98 395 233 7 357 137 96 212 224 400 184 73 313 140 44 171 4 238 127 367 87 317
188 247 311 375 439 503 167 290 419 81 484 264 381 221 347 242 478 89 148 328 445 404 466 306 142 97 211 387 461 408 130 370 206 99 274 125 295 472 194 429 270 107 176 65 358 136 258 493 334 233 355 73 421 200 317 157 464 128 192 256 320 384 443 341 474 314 431 203 46 276 398 297 138 373 495 266 54 449 12 361 202 437 159 329 113 350 20 425 261 501 223 170 244 413 22 489 325 165 227 186 303 476 30 153 389 284 410 250 367 140 38 212 234 475 365 90 438 215 332 397 363 480 257 37 322 220 59 399 312 31 265 498 391 173 345 70 488 316 48 446 339 181 414 26 490 269 110 450 292 17 426 197 101 273 286 458 249 79 371 207 49 224 4 304 189 430 96 383 291 353 139 428 92 502 279 454 241 422 144 321 45 385 280 5 368 252 494 104 447 60 455 412 376 39 324 162 230 402 467 77 152 379 50 396 232 68 477 34 154 333 114 349 294 25 485 260 109 337 122 7 313 87 434 271 348 300 417 198 491 100 166 118 406 305 486 208 380 53 394 179 14 377 95 497 335 336 6 468 432 315 158 106 61 119 183 471 440 47 388 281 459 8 131 84 216 442 453 289 354 76 141 36 217 171 400 67 357 33 149 323 405 187 359 481 262 155 108 169 11 469 369 150 272 444 228 457 75 420 41 213 386 451 236 356 21 436 103 161 392 0 64 132 496 378 222 62 175 409 246 135 499 55 338 123 463 16 195 91 275 117 346 238 418 78 204 44 456 66 251 423 145 326 218 226 465 19 133 433 214 331 174 403 301 482 86 267 52 285 121 407 83 483 43 277 115 293 182 415 28 500 111 448 1 243 72 191 160 441 56 231 13 473 309 199 163 395 180 296 127 24 254 98 120 239 74 310 487 209 390 283 352 129 27 196 492 278 452 237 360 190 32 318 105 225 460 10 364 146 94 330 342 178 298 470 85 147 51 172 344 69 245 479 35 164 112 2 462 307 80 255 219 57 287 184 15 137 372 263 177 411 302 82 374 151 268 340 299 416 193 29 259 156 58 343 248 23 201 435 327 116 288 63 424 253 40 382 282 124 351 18 427 205 102 393 235 9 362 134 93 210 229 401 185 71 308 143 42 168 3 240 126 366 88 319
189 252 315 378 441 462 126 329 434 84 469 231 364 210 350 273 497 91 133 287 427 413 490 294 161 98 196 343 476 399 154 357 182 105 259 140 322 455 217 420 245 63 203 70 385 119 238 483 308 266 371 77 406 175 301 147 498 162 183 246 309 372 435 358 477 323 392 218 35 253 421 316 141 386 448 239 42 484 49 379 204 407 112 302 148 365 7 442 267 470 168 211 224 428 14 463 330 134 274 197 280 491 21 127 351 295 414 260 336 155 28 190 261 485 380 78 415 219 288 429 337 471 275 43 310 205 99 443 281 0 254 492 366 176 373 92 499 331 15 393 387 212 422 36 456 225 71 478 303 50 400 169 85 268 317 449 232 106 359 191 29 247 22 324 198 436 56 344 325 345 149 444 86 479 240 493 269 394 135 296 51 374 311 30 388 262 500 57 401 107 464 430 338 1 318 156 233 437 450 100 163 352 23 408 276 79 486 44 120 282 142 367 332 8 457 226 93 381 113 37 289 64 423 255 389 304 402 213 465 94 143 157 438 333 451 199 360 9 445 170 45 346 72 487 319 375 38 458 409 326 164 58 65 128 220 494 395 2 382 290 501 31 114 108 184 416 472 297 339 87 150 52 177 206 431 101 353 16 121 283 410 207 368 459 277 129 102 221 17 502 354 115 263 424 270 495 109 417 24 178 340 466 227 383 53 403 80 151 439 46 59 122 473 390 185 73 192 446 241 158 452 3 347 165 480 39 171 66 248 136 361 234 396 95 214 10 474 110 271 432 123 298 193 242 488 25 166 418 172 327 200 425 291 453 103 278 18 334 159 397 67 481 32 235 130 284 215 447 11 460 88 503 54 249 60 179 137 411 81 256 4 467 305 222 116 404 186 312 144 47 228 74 138 257 68 335 496 180 362 306 391 152 33 187 482 229 461 250 376 208 55 285 82 264 489 26 348 117 111 299 355 223 292 454 75 145 40 194 341 96 279 468 19 124 167 12 475 313 61 236 201 89 320 173 5 131 369 243 202 426 321 76 356 160 237 370 286 412 216 41 251 146 97 384 230 6 195 433 307 125 314 90 440 272 13 342 328 153 363 34 405 174 69 419 244 48 349 118 83 209 258 398 181 104 300 132 27 188 20 265 139 377 62 293
190 253 316 379 442 463 127 331 436 85 471 232 366 212 352 276 500 93 135 289 430 416 494 297 164 101 199 346 480 403 158 361 185 109 263 144 327 460 222 425 249 67 208 75 391 124 243 489 313 272 377 83 412 181 307 153 497 161 182 245 308 371 434 359 478 324 393 219 36 254 423 318 142 388 450 240 44 487 52 382 206 409 114 304 151 368 10 446 270 473 171 215 228 432 18 467 334 137 279 201 285 496 26 131 355 300 419 265 342 160 34 195 259 483 378 77 413 217 287 428 336 470 274 42 309 204 100 444 282 1 255 493 367 177 375 94 501 333 16 395 390 214 424 39 459 227 73 481 305 54 404 172 88 271 320 454 236 111 362 194 33 251 27 328 202 440 62 349 322 343 147 441 84 476 238 491 267 392 134 295 49 372 310 29 387 261 499 56 400 108 465 431 339 2 319 157 234 439 452 102 165 354 24 411 278 81 488 47 123 284 145 369 335 12 461 229 96 384 118 41 293 69 426 258 385 301 399 210 462 91 140 155 435 330 448 197 358 7 443 169 43 344 71 485 317 374 37 457 408 325 163 57 66 129 221 495 396 3 383 291 503 32 116 110 186 418 475 299 341 89 152 55 180 209 433 104 356 20 125 286 406 203 364 455 273 126 98 218 14 498 351 112 260 421 268 492 106 415 22 176 337 464 226 381 51 401 79 149 438 45 58 121 472 389 184 74 193 447 242 159 453 4 348 167 482 40 173 68 250 139 363 237 398 97 216 13 469 105 266 427 119 294 189 239 484 21 162 414 168 323 198 422 288 449 99 275 15 332 156 394 64 479 30 233 128 283 213 445 9 458 87 502 53 248 59 178 136 410 82 257 5 468 306 223 117 405 188 314 146 48 230 76 133 252 63 329 490 175 357 302 386 148 28 183 477 224 456 247 373 205 50 281 78 262 486 23 345 113 107 296 353 220 290 451 72 143 38 192 340 95 277 466 17 122 166 11 474 312 60 235 200 90 321 174 6 132 370 244 196 420 315 70 350 154 231 365 280 407 211 35 246 141 92 380 225 0 191 429 303 120 311 86 437 269 8 338 326 150 360 31 402 170 65 417 241 46 347 115 80 207 256 397 179 103 298 130 25 187 19 264 138 376 61 292
191 255 319 383 447 468 132 330 437 87 473 235 369 216 351 275 501 95 137 292 433 414 492 296 165 103 201 349 477 400 156 360 186 111 265 141 324 457 220 424 250 69 204 71 388 121 241 488 314 267 373 79 409 178 305 152 499 163 184 248 312 376 440 357 479 326 396 222 40 258 420 317 143 390 453 243 48 483 50 381 207 411 117 307 147 366 8 445 271 475 174 210 225 430 16 466 335 139 273 198 282 494 24 130 356 294 415 262 339 158 32 194 260 486 382 80 418 223 293 427 338 472 277 47 313 209 98 442 283 3 256 496 370 175 372 93 502 334 19 398 385 211 423 38 460 229 76 476 302 51 402 171 89 272 315 448 233 108 361 193 34 245 21 325 199 439 60 348 323 344 150 446 88 482 244 490 268 395 136 298 55 377 308 28 389 263 503 61 405 105 463 429 340 4 320 160 231 435 449 101 166 355 27 406 274 78 487 46 124 286 140 365 331 9 459 228 97 378 112 36 290 66 425 257 386 303 401 214 467 96 146 154 436 332 452 200 362 13 441 168 44 347 74 489 321 371 35 456 410 327 167 62 63 127 219 493 397 5 384 287 498 29 113 109 187 419 469 295 337 86 151 54 181 203 428 99 352 17 123 285 407 205 367 458 278 131 104 217 15 500 353 116 264 426 266 491 107 416 25 180 342 462 224 380 52 404 82 153 434 42 56 120 474 391 188 70 190 443 240 157 454 6 343 162 478 37 170 67 251 133 358 232 394 94 215 12 470 106 269 431 122 299 195 238 485 23 164 417 173 328 196 421 289 451 102 279 20 329 155 393 65 480 33 237 126 280 212 444 10 461 90 497 49 247 57 177 138 412 77 253 0 464 304 221 118 399 183 310 142 45 227 75 134 254 64 333 495 179 363 301 387 149 31 185 481 230 455 246 374 206 53 284 83 259 484 22 346 115 110 300 350 218 288 450 73 144 41 189 336 92 276 465 18 125 161 7 471 311 58 234 202 84 316 169 1 128 368 242 197 422 318 72 354 159 236 364 281 408 213 39 249 145 91 379 226 2 192 432 306 119 309 85 438 270 11 341 322 148 359 30 403 172 68 413 239 43 345 114 81 208 252 392 176 100 297 129 26 182 14 261 135 375 59 291
192 256 320 384 443 464 128 332 438 90 475 234 365 215 353 279 502 92 139 291 428 417 491 300 166 100 198 348 481 405 155 359 187 108 262 145 326 456 218 423 251 66 209 74 390 120 239 487 310 268 374 82 411 177 302 151 503 167 188 247 311 375 439 363 480 322 397 220 37 257 422 321 144 385 454 241 45 486 53 380 208 406 118 305 150 369 11 444 272 469 169 214 226 433 19 465 331 133 278 196 283 492 27 129 352 299 416 259 340 156 29 193 264 484 381 81 419 221 290 431 341 474 276 46 314 203 104 447 280 5 252 494 368 179 377 95 497 335 14 394 386 213 420 41 457 228 75 482 301 52 403 174 86 267 318 452 237 105 360 190 32 248 23 327 201 435 58 343 328 347 148 445 89 478 242 495 266 398 138 297 54 373 312 31 391 265 498 59 399 106 468 432 336 6 315 158 236 436 451 103 161 356 21 407 277 83 483 43 121 285 146 364 330 10 460 225 94 382 116 40 288 63 424 253 387 306 404 211 466 97 142 159 437 329 449 202 361 12 446 173 48 345 70 488 316 376 39 455 412 324 162 60 64 132 222 496 392 0 378 293 500 28 115 111 182 415 470 298 342 85 147 51 178 205 427 102 351 18 124 282 408 206 370 461 274 130 99 223 20 501 350 113 261 425 269 490 110 414 26 181 339 467 230 379 50 402 77 152 440 47 61 119 471 388 183 72 191 441 243 160 448 1 344 164 479 35 172 69 245 134 362 235 393 93 210 9 472 107 270 429 125 295 194 244 489 22 165 413 170 325 197 426 292 450 101 273 17 333 154 396 68 477 34 232 131 281 216 442 8 459 84 499 55 246 62 175 135 409 80 255 2 462 307 219 112 401 185 308 143 42 229 71 136 258 65 334 493 176 358 303 389 153 30 186 476 227 458 249 371 207 49 286 79 260 485 25 349 114 109 294 354 217 289 453 76 141 36 195 338 91 275 463 16 123 163 13 473 309 56 231 199 88 319 168 3 126 366 240 200 421 317 73 355 157 233 367 284 410 212 38 250 140 96 383 224 4 189 430 304 122 313 87 434 271 7 337 323 149 357 33 400 171 67 418 238 44 346 117 78 204 254 395 180 98 296 127 24 184 15 263 137 372 57 287
193 257 321 380 444 465 129 335 435 86 474 237 368 213 356 277 498 94 138 288 432 415 496 298 162 102 202 345 479 402 160 362 183 110 261 143 325 459 219 426 246 68 207 76 389 123 240 485 309 271 372 78 410 180 304 149 502 166 187 251 310 374 438 360 482 327 394 221 41 252 424 315 146 391 451 242 43 488 51 378 205 412 115 306 152 370 9 441 269 471 172 216 229 429 17 462 333 135 275 199 286 493 25 126 354 296 418 263 337 157 33 189 262 487 384 82 417 218 291 433 340 469 278 45 311 208 103 445 285 6 253 495 364 178 376 97 500 329 18 392 388 210 425 35 461 230 72 477 307 55 401 170 84 270 319 453 231 109 358 195 30 250 24 323 200 434 57 346 326 348 151 443 90 481 239 492 272 397 133 299 53 375 314 32 386 264 497 58 403 111 466 427 342 0 316 159 235 440 448 99 164 350 26 409 273 80 489 42 125 281 141 366 334 13 458 227 91 383 117 38 287 67 421 254 390 302 405 215 464 92 145 156 439 331 454 196 363 11 447 174 46 343 75 484 318 373 40 460 407 328 161 59 69 130 223 490 393 1 379 292 499 34 112 107 185 413 473 294 338 88 153 49 176 204 430 98 355 15 122 284 411 209 365 456 279 128 100 220 19 503 352 118 259 422 267 494 105 419 23 179 341 468 225 382 54 399 83 148 437 48 60 124 470 387 182 71 194 442 244 154 450 2 349 163 476 36 168 65 249 137 357 233 395 96 212 7 475 108 268 428 120 300 192 241 486 27 167 416 169 322 201 420 290 452 104 276 14 330 158 398 63 478 31 236 132 282 211 446 12 455 85 501 50 245 61 181 134 408 79 258 3 463 303 217 114 400 184 313 140 44 224 73 139 256 66 332 491 177 359 305 385 150 29 188 480 226 457 248 377 203 52 280 81 265 483 21 347 116 106 297 351 222 293 449 70 142 39 191 339 93 274 467 20 119 165 8 472 308 62 232 197 87 317 171 4 127 367 238 198 423 320 74 353 155 234 369 283 406 214 37 247 144 95 381 228 5 190 431 301 121 312 89 436 266 10 336 324 147 361 28 404 173 64 414 243 47 344 113 77 206 255 396 175 101 295 131 22 186 16 260 136 371 56 289
194 258 317 381 445 466 130 334 439 89 472 233 370 211 355 274 503 97 136 290 429 419 493 295 167 99 200 347 478 404 157 358 188 107 264 142 328 461 221 421 247 65 206 73 387 125 242 484 311 270 375 81 408 176 306 148 501 165 186 250 314 373 437 361 476 325 398 223 38 256 425 320 140 389 449 244 46 489 54 384 203 410 113 303 153 367 12 443 266 474 170 212 227 431 20 464 329 138 276 202 284 495 22 128 350 297 413 261 341 159 30 192 265 488 383 79 414 220 292 430 339 475 273 48 312 207 101 446 286 4 257 490 365 181 371 96 498 332 17 397 391 215 426 37 458 224 70 480 304 49 399 173 90 269 316 450 234 110 363 189 31 249 26 322 197 438 59 345 324 349 152 447 87 477 241 494 271 396 139 294 50 376 313 34 385 260 502 60 402 109 467 428 337 5 321 154 232 434 454 104 162 353 25 412 279 77 485 45 122 280 144 368 333 7 455 230 92 379 114 39 291 68 422 252 388 305 400 216 468 95 141 158 440 335 453 198 357 8 442 171 47 348 76 486 315 377 36 459 406 323 166 61 67 131 217 491 394 6 380 289 497 33 118 106 183 417 471 300 336 84 149 53 179 208 432 100 354 14 119 281 409 204 369 457 275 132 103 222 16 499 356 117 262 420 272 496 108 418 21 175 338 463 228 378 55 405 78 150 436 44 62 123 469 386 187 75 195 444 238 155 451 0 346 161 481 41 169 64 246 135 359 236 392 91 213 11 473 111 267 433 121 296 191 243 483 24 163 415 174 326 199 423 293 448 98 277 19 331 160 395 66 482 28 231 127 285 214 441 13 456 86 500 52 251 56 180 133 407 83 254 1 465 301 218 115 403 182 309 145 43 226 72 137 255 69 330 492 178 360 307 390 147 32 184 479 225 460 245 372 209 51 283 80 263 487 27 344 112 105 298 352 219 287 452 74 146 35 190 342 94 278 462 15 120 164 10 470 310 57 237 196 85 318 172 2 129 364 239 201 424 319 71 351 156 235 366 282 411 210 40 248 143 93 382 229 3 193 427 302 124 308 88 435 268 9 340 327 151 362 29 401 168 63 416 240 42 343 116 82 205 253 393 177 102 299 126 23 185 18 259 134 374 58 288
195 254 318 382 446 467 131 333 440 88 470 236 367 214 354 278 499 96 134 293 431 418 495 299 163 104 197 344 482 401 159 363 184 106 260 146 323 458 223 422 248 64 205 72 386 122 244 486 312 269 376 80 407 179 303 150 500 164 185 249 313 377 436 362 481 328 395 217 39 255 426 319 145 387 452 238 47 485 55 383 209 408 116 301 149 364 13 447 268 472 173 213 230 427 15 468 332 136 277 200 281 490 23 132 353 298 417 264 338 154 31 191 263 489 379 83 416 222 289 432 342 473 279 44 308 206 102 441 284 2 258 491 369 180 374 91 503 330 20 396 389 216 421 40 455 226 74 479 306 53 405 168 87 266 321 451 235 107 357 192 28 246 25 326 196 437 61 347 327 346 153 442 85 480 243 496 270 393 137 300 52 371 309 33 390 259 501 62 404 110 462 433 341 3 317 155 237 438 453 98 167 351 22 410 275 82 484 48 119 283 143 370 329 11 456 224 95 380 115 35 292 65 420 256 391 307 403 212 463 93 144 160 434 334 450 201 359 10 444 172 42 349 73 483 320 372 41 461 411 322 165 56 68 126 218 492 398 4 381 288 502 30 117 105 188 414 474 296 340 90 148 50 175 207 429 103 350 19 120 280 412 208 366 460 276 127 101 219 18 497 355 114 265 423 271 493 111 413 27 177 336 465 229 384 49 400 81 147 435 43 57 125 475 385 186 76 189 445 239 156 449 5 345 166 477 38 174 63 247 138 360 231 397 92 211 8 471 109 272 430 124 297 190 240 487 26 161 419 171 324 202 424 287 454 100 274 16 335 157 392 69 476 29 234 129 286 210 443 7 457 89 498 51 250 58 176 139 406 78 252 6 466 302 220 113 402 187 311 141 46 225 70 135 253 67 331 494 181 361 304 388 151 34 182 478 228 459 251 375 204 54 282 77 261 488 24 343 118 108 295 356 221 291 448 71 140 37 193 337 97 273 464 14 121 162 9 469 314 59 233 198 86 315 170 0 130 365 241 199 425 316 75 352 158 232 368 285 409 215 36 245 142 94 378 227 1 194 428 305 123 310 84 439 267 12 339 325 152 358 32 399 169 66 415 242 45 348 112 79 203 257 394 178 99 294 128 21 183 17 262 133 373 60 290
196 259 322 385 406 469 133 301 420 105 497 252 343 203 364 266 483 63 161 315 399 427 455 329 147 70 182 378 490 441 119 350 210 77 245 154 308 462 175 413 273 84 217 91 371 126 231 476 294 238 357 98 434 189 287 140 491 155 218 239 302 365 428 386 484 280 435 190 14 267 407 330 148 336 498 253 21 470 28 351 211 392 162 316 134 379 35 414 274 448 183 197 246 442 42 477 295 112 260 168 309 463 49 141 358 323 421 224 372 127 7 204 268 456 359 92 443 198 310 422 380 492 247 29 331 169 106 436 288 43 225 478 373 205 387 85 449 324 0 415 344 191 393 50 471 261 99 499 281 22 429 219 71 232 303 485 275 56 366 176 36 254 15 317 212 400 78 337 332 374 120 423 100 464 262 486 226 444 156 311 37 352 318 23 381 276 457 86 394 64 500 437 345 51 282 142 269 408 479 93 113 388 1 401 255 107 450 8 135 325 163 338 289 30 493 240 79 367 149 44 296 57 430 233 353 326 438 177 487 108 128 150 416 283 465 220 375 45 431 213 52 360 58 494 290 382 31 451 445 297 121 94 72 164 206 501 402 9 339 333 472 2 143 101 170 409 458 319 389 65 114 16 199 184 395 87 346 38 157 304 417 192 390 502 234 151 66 214 53 480 340 129 241 439 248 452 95 403 46 221 368 495 277 347 10 424 59 158 446 39 102 115 466 361 178 80 185 396 270 165 459 17 354 136 473 3 207 109 227 122 383 263 410 73 171 24 481 74 256 411 166 291 215 278 503 11 144 397 193 305 179 447 327 474 81 228 32 312 116 432 103 460 54 242 159 298 222 404 18 488 60 467 47 235 110 172 130 425 88 249 25 453 334 186 123 418 200 284 137 4 271 67 145 279 82 320 475 187 348 299 369 167 19 208 454 257 482 264 341 201 5 335 75 236 468 40 391 138 89 285 376 173 306 496 111 124 12 223 362 61 243 461 26 152 131 55 489 292 68 229 194 96 313 180 33 117 355 250 209 405 300 90 384 139 251 363 321 433 188 27 272 118 104 377 237 41 174 419 314 146 328 83 398 265 6 356 293 132 342 48 412 202 97 440 230 20 370 160 69 181 244 426 216 62 307 125 34 195 13 258 153 349 76 286
197 260 323 386 407 470 134 303 422 106 499 254 344 205 367 269 486 64 163 318 401 431 458 333 150 72 184 382 495 446 122 354 214 80 248 159 312 467 179 418 278 88 223 96 376 131 236 482 299 244 363 104 440 195 293 146 490 154 217 238 301 364 427 387 485 281 436 191 15 268 408 332 149 338 500 255 23 472 31 353 213 395 164 319 136 383 39 417 277 452 185 200 249 447 47 481 298 116 264 173 313 468 55 145 362 328 426 230 377 132 13 209 266 455 357 91 441 196 308 421 379 491 246 28 330 168 107 437 289 44 226 479 374 206 389 87 451 326 2 416 347 192 396 53 473 263 102 503 284 25 432 222 74 235 306 489 279 61 369 180 40 258 20 321 216 405 83 342 329 371 119 420 98 462 259 484 224 442 155 309 35 351 317 22 380 275 456 85 393 65 501 438 346 52 283 143 270 410 480 95 115 390 3 404 256 110 453 11 137 327 167 341 292 33 496 243 82 370 153 48 300 62 433 237 350 322 434 175 483 105 126 148 414 280 463 218 372 42 429 212 50 359 56 492 288 381 30 450 444 296 120 93 73 165 207 502 403 10 340 334 474 4 144 103 172 411 461 320 391 68 117 19 201 188 398 90 349 41 160 307 413 189 385 497 231 147 63 211 49 477 336 127 239 435 247 449 92 400 43 219 366 493 276 345 8 423 57 156 445 38 101 114 465 360 177 81 186 397 271 166 460 18 355 138 475 5 208 111 229 125 384 265 412 76 174 27 476 70 252 406 161 287 210 274 498 7 141 392 190 302 176 443 324 471 78 225 29 311 113 430 100 457 51 240 157 297 220 402 16 487 58 466 46 234 109 171 129 424 89 250 26 454 335 187 124 419 202 286 139 6 272 69 140 273 77 315 469 182 343 295 365 162 14 204 448 253 478 261 337 198 0 331 71 233 464 37 388 135 86 282 375 170 304 494 108 121 9 221 361 59 241 459 24 151 130 54 488 291 67 228 193 97 314 181 34 118 356 251 203 399 294 84 378 133 245 358 316 428 183 21 267 112 99 373 232 36 169 415 310 142 325 79 394 262 1 352 290 128 339 45 409 199 94 439 227 17 368 158 66 178 242 425 215 60 305 123 32 194 12 257 152 348 75 285
198 262 326 390 411 475 139 302 423 108 502 256 348 209 365 268 487 66 166 320 405 428 456 332 151 74 187 384 491 443 120 353 215 82 251 155 310 464 177 417 279 90 218 92 374 128 234 481 300 239 359 100 438 192 291 145 492 156 220 241 305 369 433 385 486 283 439 193 19 272 406 331 150 340 503 257 27 469 29 352 214 397 167 321 133 380 37 416 278 454 188 196 247 444 45 480 299 118 259 169 311 465 53 144 363 322 422 226 375 129 11 208 267 457 360 95 447 201 314 420 381 494 248 32 335 174 105 435 290 46 228 482 377 203 386 86 452 327 5 419 343 190 394 52 474 264 104 497 280 23 431 221 75 237 301 484 276 58 368 179 41 252 14 318 213 403 81 341 330 373 121 424 103 468 265 483 225 445 158 312 40 356 315 21 382 277 460 89 398 63 498 436 347 54 285 146 266 407 478 94 116 391 6 399 253 106 451 10 138 328 161 336 288 31 495 242 83 364 148 43 297 59 432 236 351 324 437 178 488 111 132 147 415 282 466 222 376 48 427 211 51 361 60 496 293 378 28 449 446 298 124 97 70 162 205 500 404 12 342 329 470 0 142 102 173 412 455 316 387 64 115 18 202 182 392 85 345 39 159 306 414 191 388 501 235 152 69 210 50 479 339 130 243 440 245 448 93 402 47 223 370 490 274 344 9 425 61 160 441 35 99 113 467 362 181 77 183 393 269 164 461 20 350 134 471 1 206 110 230 119 379 261 408 72 172 26 477 71 255 409 165 292 216 273 499 8 143 396 194 307 175 442 325 472 80 229 34 308 112 429 101 459 55 244 154 295 219 401 17 489 62 462 42 232 107 170 131 426 84 246 22 450 333 185 125 413 197 281 135 2 270 68 141 275 79 319 473 186 349 294 366 163 16 207 453 258 476 260 338 199 3 334 76 231 463 36 389 136 88 286 371 168 303 493 109 123 13 217 358 56 240 458 25 153 126 49 485 289 65 227 195 91 309 176 30 114 354 249 204 400 296 87 383 137 250 357 317 430 184 24 271 117 98 372 233 38 171 418 313 140 323 78 395 263 4 355 287 127 337 44 410 200 96 434 224 15 367 157 67 180 238 421 212 57 304 122 33 189 7 254 149 346 73 284
199 263 327 391 412 471 135 307 425 109 500 253 346 208 366 272 489 67 164 316 403 430 460 331 153 75 185 379 494 442 124 352 212 83 249 158 313 463 181 416 276 85 222 93 377 127 232 480 297 243 361 101 436 190 289 144 496 160 219 240 304 368 432 388 487 285 434 195 18 270 409 334 151 342 497 254 26 473 34 355 215 393 161 318 137 382 36 419 279 450 182 201 245 446 44 478 300 114 265 171 308 467 52 142 359 324 423 228 371 131 10 206 271 459 362 94 444 202 309 424 378 493 251 33 333 172 111 440 287 42 227 481 375 204 390 88 454 328 1 413 349 194 395 54 470 259 100 501 282 27 428 217 73 236 305 483 274 62 367 177 39 255 16 320 214 404 77 336 335 372 123 426 102 465 261 488 229 441 157 310 41 354 319 24 384 278 461 84 392 69 499 439 343 49 284 145 267 411 476 96 118 387 2 400 258 108 452 12 134 322 165 339 293 29 491 238 81 369 147 47 295 56 431 234 356 325 435 180 485 110 129 152 418 286 462 221 374 43 433 210 55 358 57 495 291 383 32 448 443 299 125 91 71 163 209 503 399 7 341 330 475 3 140 104 169 408 457 317 385 66 116 20 197 186 396 89 344 37 155 301 415 193 389 498 237 149 68 216 51 482 337 126 242 438 250 453 97 401 45 218 364 492 273 348 13 421 58 159 447 40 98 112 464 363 176 79 184 398 268 167 455 14 351 139 472 4 203 106 226 121 381 260 406 74 173 22 479 76 257 410 162 288 213 275 502 9 146 394 189 306 178 445 323 469 82 230 30 314 117 427 99 458 53 239 156 294 223 405 15 484 59 468 48 233 105 168 128 422 87 248 21 449 332 188 119 414 198 283 136 5 266 64 143 277 78 321 474 183 345 296 370 166 17 205 451 252 477 262 340 200 6 329 72 235 466 38 386 133 90 281 373 174 302 490 107 122 11 220 357 60 244 456 23 148 132 50 486 290 63 224 192 95 312 175 28 113 353 247 207 402 298 86 380 138 246 360 315 429 187 25 269 115 103 376 231 35 170 417 311 141 326 80 397 264 0 350 292 130 338 46 407 196 92 437 225 19 365 154 65 179 241 420 211 61 303 120 31 191 8 256 150 347 70 280
200 264 328 387 408 472 136 306 421 107 503 258 347 206 370 270 484 65 167 317 404 429 461 334 148 73 188 381 493 445 125 355 211 81 247 157 311 466 176 419 274 89 221 97 375 130 233 478 295 242 358 99 439 194 290 142 495 159 223 244 303 367 431 389 489 284 437 192 20 266 410 329 153 341 501 256 22 474 30 350 212 398 165 320 138 384 38 413 276 449 186 202 250 443 46 476 297 113 261 170 314 464 54 140 361 325 425 227 373 128 12 203 269 458 363 96 446 197 312 426 383 490 249 31 332 173 110 438 292 48 224 480 371 207 391 90 450 322 4 414 345 189 397 49 475 265 101 498 286 26 430 220 70 234 304 488 273 59 365 181 37 257 17 316 215 399 79 339 333 376 122 422 104 467 260 485 230 447 154 313 39 353 321 25 379 279 455 87 396 68 502 434 349 50 280 144 271 412 477 92 114 385 5 402 252 109 454 7 139 324 162 337 291 34 494 241 77 368 152 45 294 60 428 232 354 323 440 179 486 106 131 149 417 281 468 217 377 47 432 216 53 357 61 491 289 380 33 453 442 300 119 95 76 166 208 497 400 8 336 335 471 6 141 100 171 406 459 315 388 67 118 14 198 183 394 84 348 36 158 305 418 195 386 499 236 150 64 213 55 481 338 132 238 436 246 451 91 405 44 222 369 496 275 346 11 420 62 155 444 41 103 117 463 359 175 78 187 392 272 161 457 16 356 135 469 0 204 108 228 123 378 262 409 75 169 21 482 72 254 407 163 293 214 277 500 13 145 395 191 301 180 441 326 473 83 226 28 309 115 433 98 456 52 243 160 296 218 403 19 483 56 465 43 231 111 174 127 423 86 251 24 448 331 182 121 415 199 285 133 1 267 66 146 278 80 318 470 184 344 298 364 164 15 209 452 255 479 263 342 196 2 330 74 237 462 35 390 137 85 283 372 172 307 492 105 120 10 219 360 57 239 460 27 147 129 51 487 287 69 225 190 94 310 178 32 112 352 245 205 401 299 88 382 134 248 362 319 427 185 23 268 116 102 374 235 40 168 416 308 143 327 82 393 259 3 351 288 126 340 42 411 201 93 435 229 18 366 156 63 177 240 424 210 58 302 124 29 193 9 253 151 343 71 282
201 265 324 388 409 473 137 305 424 111 501 255 349 204 369 267 488 69 165 319 400 433 457 330 152 71 186 383 492 447 121 351 216 79 250 156 314 468 178 414 275 87 220 95 373 132 235 477 296 241 360 103 437 191 292 141 494 158 222 243 307 366 430 390 483 282 440 194 16 271 411 335 147 339 499 258 24 475 32 356 210 396 163 317 139 381 40 415 273 453 184 198 248 445 48 479 294 117 262 174 312 466 50 143 357 326 420 225 376 130 8 207 272 460 361 93 442 199 313 423 382 496 245 34 334 171 108 439 293 47 229 476 372 209 385 89 448 325 3 418 348 193 398 51 472 260 98 502 283 21 427 223 76 233 302 486 277 60 370 175 38 256 19 315 211 402 80 338 331 377 124 425 101 463 263 487 228 446 160 308 36 355 320 27 378 274 459 88 395 66 503 435 344 55 286 140 268 406 482 97 112 389 4 405 257 105 449 9 136 323 166 340 290 28 490 244 78 365 150 46 298 61 429 231 352 327 436 181 489 109 127 151 419 285 467 219 371 44 428 214 54 362 62 493 287 384 29 452 441 295 123 96 74 167 203 498 401 13 337 332 469 5 146 99 168 410 456 321 386 63 113 17 200 187 397 86 347 35 154 303 416 190 391 500 232 153 67 215 52 478 342 131 240 434 251 454 94 404 42 217 367 491 278 343 12 426 56 157 443 37 104 116 462 358 180 82 188 394 266 162 458 15 353 133 474 6 205 107 224 120 380 264 407 70 170 25 480 75 253 412 164 289 212 279 497 10 142 393 195 304 177 444 328 470 77 227 33 310 118 431 102 461 49 238 155 299 221 399 20 485 57 464 45 237 106 173 126 421 90 247 23 451 329 183 122 417 196 280 138 0 269 65 144 276 83 316 471 185 346 300 368 161 18 206 450 254 481 259 336 202 1 333 73 234 465 41 387 134 84 284 374 169 301 495 110 125 7 218 363 58 242 455 22 149 128 53 484 288 64 230 189 92 311 179 31 115 350 246 208 403 297 85 379 135 249 359 318 432 182 26 270 114 100 375 236 39 172 413 309 145 322 81 392 261 2 354 291 129 341 43 408 197 91 438 226 14 364 159 68 176 239 422 213 59 306 119 30 192 11 252 148 345 72 281
202 261 325 389 410 474 138 304 426 110 498 257 345 207 368 271 485 68 162 321 402 432 459 335 149 76 183 380 496 444 123 356 213 78 246 160 309 465 180 415 277 86 219 94 372 129 237 479 298 240 362 102 435 193 288 143 493 157 221 242 306 370 429 391 488 286 438 189 17 269 412 333 152 337 502 252 25 471 33 354 216 394 166 315 135 378 41 418 275 451 187 199 251 441 43 482 296 115 263 172 310 462 51 146 360 327 424 229 374 126 9 205 270 461 358 97 445 200 311 425 384 495 250 30 329 170 109 434 291 45 230 477 376 208 388 84 453 323 6 417 346 195 392 55 469 262 103 500 285 24 433 218 72 231 307 487 278 57 364 178 35 253 18 319 210 401 82 340 334 375 125 421 99 466 264 489 227 443 159 314 38 350 316 26 383 273 458 90 397 67 497 440 348 53 281 141 272 409 481 91 117 386 0 403 254 111 448 13 133 326 164 342 287 32 492 239 80 366 151 42 299 58 427 235 355 328 439 176 484 107 130 153 413 284 464 223 373 46 430 215 49 363 59 490 292 379 34 454 447 294 122 92 75 161 204 499 405 11 338 331 473 1 145 98 174 407 460 318 390 69 112 15 196 185 393 88 343 40 156 302 419 194 387 503 233 148 65 212 54 476 341 128 244 437 249 450 96 399 48 220 365 494 279 349 7 422 60 154 442 36 100 118 468 357 179 83 182 395 267 163 456 19 352 137 470 2 209 105 225 124 382 259 411 71 168 23 478 73 258 408 167 290 211 276 501 12 140 398 192 303 181 446 322 475 79 224 31 313 114 428 104 455 50 241 158 300 217 400 14 486 61 463 44 236 108 169 132 420 85 245 27 452 330 184 120 416 201 282 134 3 268 63 142 274 81 317 472 188 347 297 367 165 20 203 449 256 480 265 339 197 4 332 70 232 467 39 385 139 87 280 377 171 305 491 106 119 8 222 359 62 238 457 21 150 127 52 483 293 66 226 191 93 308 177 29 116 351 248 206 404 295 89 381 136 247 361 320 431 186 22 266 113 101 371 234 37 173 414 312 144 324 77 396 260 5 353 289 131 336 47 406 198 95 436 228 16 369 155 64 175 243 423 214 56 301 121 28 190 10 255 147 344 74 283
203 266 329 350 413 476 140 322 399 70 490 273 371 189 385 252 455 77 154 294 434 406 497 315 119 84 217 357 469 420 161 378 175 91 238 133 301 483 182 441 231 98 196 105 364 147 245 462 287 259 343 63 427 210 308 126 484 148 211 274 295 358 421 365 498 316 414 197 49 224 428 280 162 379 477 260 7 491 14 336 183 442 141 323 155 386 21 392 246 463 204 218 267 407 28 448 309 127 239 190 330 470 35 112 372 302 435 253 351 134 42 168 247 478 387 99 429 176 317 443 373 449 261 22 303 212 92 422 324 50 232 485 337 198 380 106 471 281 36 400 359 169 436 0 499 275 78 456 331 43 415 191 56 254 310 492 225 85 344 219 15 268 29 288 205 393 71 366 311 381 142 408 107 493 233 464 276 437 113 325 30 367 332 37 345 269 450 79 430 100 486 394 388 8 289 149 262 444 457 64 135 338 44 423 226 86 500 1 163 296 120 352 318 51 479 255 57 374 156 23 282 93 401 240 375 290 445 206 472 65 157 128 431 297 501 170 389 38 438 220 31 339 101 458 304 353 45 494 402 333 114 87 108 150 213 451 409 16 346 326 465 52 121 72 199 395 487 283 360 94 164 2 184 177 416 58 382 9 143 319 439 221 347 466 270 136 73 192 46 495 361 165 227 410 234 480 59 446 17 207 383 502 241 368 39 396 109 122 417 53 95 158 459 354 171 66 214 403 277 115 473 24 390 129 452 10 178 80 263 151 340 248 424 102 185 3 503 81 242 404 130 334 200 256 474 54 159 425 186 284 215 397 312 488 110 249 4 291 144 447 60 467 25 271 166 305 179 432 47 453 67 481 11 228 103 222 123 418 74 278 32 460 298 172 137 411 193 327 116 18 235 88 167 264 89 306 461 194 355 320 341 138 12 223 489 250 475 257 391 173 26 292 96 279 454 5 376 152 68 313 348 208 335 468 61 131 33 187 369 75 236 496 55 117 145 19 482 285 111 243 180 82 299 201 40 124 362 229 188 419 328 97 370 125 258 384 314 398 202 20 244 153 90 363 265 48 181 426 286 139 321 104 412 230 34 349 300 118 377 6 440 216 76 405 272 41 356 132 62 195 251 433 174 83 293 160 13 209 27 237 146 342 69 307
204 267 330 351 414 477 141 324 400 71 492 275 373 191 388 255 457 79 156 296 437 409 501 319 121 87 220 360 473 424 165 383 178 95 241 137 305 488 186 447 235 103 201 111 369 152 250 468 292 265 349 69 433 216 314 132 483 147 210 273 294 357 420 366 499 317 415 198 50 225 430 282 163 381 479 262 8 494 16 339 184 445 143 326 158 390 24 396 248 466 207 222 271 411 32 453 312 130 243 194 335 475 40 117 376 307 440 258 356 139 48 174 245 476 385 98 427 175 315 442 372 448 260 21 302 211 93 423 325 51 233 486 338 199 382 108 472 283 38 402 361 171 439 3 502 277 80 460 334 47 418 193 60 256 313 496 229 89 348 223 19 272 34 293 209 398 76 370 308 378 140 406 105 490 231 463 274 435 112 323 28 365 331 36 344 268 449 78 429 101 487 395 389 9 290 150 263 446 459 66 136 340 46 425 228 88 503 4 166 298 124 355 320 55 482 257 61 377 160 27 286 97 405 244 371 287 441 203 469 63 154 127 428 295 498 168 386 35 436 219 29 337 99 456 303 352 44 493 401 332 113 86 109 151 214 452 410 17 347 327 467 54 123 74 200 397 489 285 362 96 167 5 187 181 419 62 384 13 146 321 434 217 343 462 266 133 70 190 42 491 358 162 224 407 232 478 56 443 15 205 380 500 240 367 37 394 107 120 416 52 94 157 458 353 170 67 215 404 278 116 474 25 391 131 454 12 180 82 264 153 342 251 426 104 188 6 497 77 238 399 126 329 196 253 470 49 155 421 183 280 212 393 310 485 106 247 0 289 142 444 57 464 23 269 164 304 177 431 45 451 65 480 10 227 102 221 122 417 75 279 33 461 299 173 138 412 195 328 118 20 237 90 161 259 84 301 455 189 350 316 336 134 7 218 484 246 471 254 387 169 22 288 92 276 450 1 374 149 64 311 346 206 333 465 58 128 31 185 368 73 234 495 53 115 144 18 481 284 110 242 179 83 300 202 41 125 363 230 182 413 322 91 364 119 252 379 309 392 197 14 239 148 85 359 261 43 176 422 281 135 318 100 408 226 30 345 297 114 375 2 438 213 72 403 270 39 354 129 59 192 249 432 172 81 291 159 11 208 26 236 145 341 68 306
205 269 333 354 418 482 146 323 401 72 495 278 376 195 386 254 458 80 159 299 440 407 499 318 122 88 223 363 470 422 163 382 179 96 244 134 303 486 184 446 236 104 197 106 367 150 248 467 293 260 344 64 431 214 312 131 485 149 213 277 298 362 426 364 500 319 417 200 55 230 427 281 164 383 481 264 13 490 15 338 185 447 145 328 154 387 23 395 249 468 209 217 268 408 31 452 313 132 238 191 332 472 39 116 377 301 436 255 353 136 47 173 246 479 389 102 432 180 321 441 374 451 263 25 306 216 91 421 326 53 235 489 342 196 379 107 473 284 40 405 357 168 437 2 503 279 83 455 330 44 416 192 61 258 308 491 226 87 347 222 20 266 28 289 206 396 74 369 309 380 143 410 110 496 237 462 275 438 115 327 33 370 329 35 346 270 453 82 433 98 484 393 390 11 292 153 259 442 456 65 137 341 48 420 224 85 501 3 167 300 119 351 317 52 480 256 62 371 155 22 283 95 404 243 372 288 444 207 474 68 160 126 429 296 502 172 391 41 434 218 30 340 103 461 307 350 42 492 403 334 117 90 105 148 212 450 411 19 349 322 463 50 120 73 201 398 483 280 359 93 165 4 188 175 414 56 381 10 144 320 435 219 345 465 271 138 76 189 43 493 360 166 229 412 231 477 57 445 18 208 384 497 239 366 38 397 111 125 413 49 92 156 460 355 174 63 211 400 276 114 475 27 385 127 449 8 177 81 265 147 336 247 423 101 186 5 498 78 240 402 129 335 202 252 471 51 157 424 187 286 210 392 311 487 109 250 6 287 141 443 58 466 26 272 161 302 176 430 46 454 69 476 7 225 100 220 124 419 70 274 29 457 297 171 139 406 190 324 113 16 234 89 162 261 86 304 459 193 356 315 337 135 9 221 488 251 469 253 388 170 24 291 97 273 448 0 375 151 67 314 343 204 331 464 59 130 34 182 365 71 233 494 54 118 140 14 478 282 108 241 181 77 295 198 37 121 361 228 183 415 325 94 368 123 257 378 310 394 199 17 242 152 84 358 262 45 178 425 285 133 316 99 409 227 32 348 294 112 373 1 439 215 75 399 267 36 352 128 60 194 245 428 169 79 290 158 12 203 21 232 142 339 66 305
206 270 334 355 419 478 142 328 404 73 493 274 375 194 387 258 461 81 157 295 439 408 503 317 125 89 221 358 472 421 167 381 176 97 242 136 306 484 188 445 233 99 200 107 370 148 247 466 290 264 347 65 429 211 311 130 489 153 212 276 297 361 425 367 501 320 413 202 54 227 431 284 165 384 476 261 12 495 20 341 186 443 140 325 159 389 22 398 250 464 203 223 266 410 30 449 314 128 244 192 329 474 38 113 373 303 437 256 350 138 46 170 249 480 391 101 430 181 316 446 371 450 265 26 304 215 96 426 322 49 234 488 339 197 383 110 475 286 37 399 363 173 438 4 498 273 79 458 332 48 414 189 59 257 312 490 224 90 345 220 17 269 31 292 207 397 70 365 313 379 144 412 109 494 232 467 279 434 114 324 34 368 333 39 349 271 454 77 428 104 485 396 385 7 291 152 260 447 455 68 139 337 45 422 230 87 502 5 162 294 122 353 321 50 477 252 60 376 154 25 280 92 402 241 377 289 442 208 471 67 158 131 432 300 497 171 388 36 440 217 33 336 100 459 305 354 47 491 400 335 118 84 106 149 216 453 406 14 348 323 468 53 119 76 198 394 486 281 357 95 166 6 183 179 417 61 380 8 141 315 436 222 346 463 272 135 75 195 44 496 359 161 228 409 236 481 62 444 16 204 378 499 238 369 41 392 108 123 418 55 91 155 457 356 169 64 213 405 275 117 469 21 386 132 451 11 175 78 262 150 338 246 420 103 187 0 500 83 243 403 127 331 199 254 473 52 160 423 182 285 214 395 309 483 111 251 1 293 145 441 56 465 24 267 163 301 180 433 43 448 66 482 13 226 98 218 121 415 72 277 28 456 296 174 133 407 191 326 115 19 231 86 164 263 85 307 460 190 352 318 342 137 10 219 487 245 470 255 390 172 27 287 94 278 452 2 372 147 69 310 344 209 330 462 57 129 32 184 364 74 237 492 51 112 146 15 479 283 105 239 178 80 298 196 35 120 360 225 185 416 327 93 366 124 253 382 308 393 201 18 240 151 88 362 259 42 177 424 282 134 319 102 411 229 29 343 299 116 374 3 435 210 71 401 268 40 351 126 58 193 248 427 168 82 288 156 9 205 23 235 143 340 63 302
207 271 335 356 415 479 143 325 402 76 496 277 372 193 389 257 459 78 160 298 435 410 498 321 123 86 219 362 474 426 162 380 180 94 240 138 304 485 183 444 237 102 202 110 368 149 246 465 288 261 345 68 432 213 309 129 488 152 216 275 296 360 424 370 502 315 418 199 51 229 429 286 166 378 482 263 9 493 17 337 187 441 146 327 157 391 25 394 251 462 205 221 269 412 33 451 310 126 242 189 333 471 41 115 374 306 438 252 354 135 43 172 250 477 388 103 433 178 319 445 376 453 262 24 307 210 97 425 323 55 231 487 340 200 384 109 469 285 35 401 358 170 434 6 500 278 82 461 329 45 417 195 57 253 311 495 230 84 346 218 18 270 30 291 208 392 72 364 314 383 141 409 111 492 235 466 273 440 117 326 32 366 334 38 348 272 448 80 427 99 489 397 386 13 287 151 264 443 458 67 133 342 42 421 227 90 497 0 164 299 125 350 316 53 481 254 58 375 159 26 281 91 403 239 373 292 447 204 473 69 156 130 430 294 499 174 390 40 439 223 34 338 98 460 302 355 46 490 405 331 112 88 107 153 215 454 407 15 343 328 464 49 122 75 196 393 484 284 363 92 161 1 185 176 413 59 379 11 145 318 437 220 349 468 267 137 71 194 48 494 357 163 225 411 233 476 60 442 19 209 382 503 244 365 36 395 105 124 419 54 96 154 456 352 168 65 212 399 279 118 470 23 387 128 450 7 179 83 259 148 341 249 422 100 182 2 501 79 241 400 132 330 201 258 475 50 158 420 184 282 211 398 313 486 108 245 3 290 140 446 61 463 27 268 167 303 181 428 44 452 63 478 12 224 104 217 120 416 73 276 31 455 300 169 134 408 192 322 114 14 236 85 165 265 87 305 457 191 351 317 339 139 8 222 483 248 472 256 385 171 21 293 93 274 449 4 377 150 66 308 347 203 332 467 62 127 29 188 367 70 232 491 52 116 142 20 480 280 106 238 177 81 297 197 39 119 359 226 186 414 324 95 369 121 255 381 312 396 198 16 243 147 89 361 260 47 175 423 283 136 320 101 406 228 28 344 295 113 371 5 436 214 74 404 266 37 353 131 56 190 247 431 173 77 289 155 10 206 22 234 144 336 64 301
208 272 331 352 416 480 144 327 403 75 494 276 377 190 391 253 460 83 158 297 436 412 500 316 124 85 222 361 471 425 164 379 181 93 243 135 307 489 185 442 232 101 199 109 366 153 249 463 289 263 346 67 430 212 313 127 487 151 215 279 300 359 423 368 497 318 419 201 52 228 432 285 161 382 478 265 10 496 18 342 182 446 142 324 160 388 26 393 245 467 206 219 270 409 34 450 308 131 240 195 334 473 36 114 371 304 434 254 355 137 44 171 251 481 390 100 428 177 320 444 375 454 259 27 305 214 94 424 328 54 236 483 336 202 378 111 470 282 39 404 362 172 440 1 501 274 77 459 333 42 413 194 62 255 309 493 227 88 349 217 16 271 33 287 204 395 73 367 310 384 145 411 108 491 234 465 278 439 118 322 29 369 335 41 343 267 452 81 431 102 488 392 387 12 293 147 261 441 461 69 134 339 47 426 229 84 499 2 165 295 123 354 319 49 476 258 56 372 157 24 284 96 400 238 374 291 443 209 475 66 155 129 433 299 503 169 385 37 435 221 32 341 104 457 301 356 43 495 399 330 116 89 110 152 210 448 408 20 344 325 462 55 125 71 197 396 485 286 358 91 163 3 186 180 418 57 383 7 140 317 438 218 348 464 268 139 74 193 45 492 363 167 226 406 237 482 58 447 14 203 381 498 242 364 40 398 106 121 415 51 97 159 455 351 173 68 216 401 273 112 472 22 389 126 453 13 176 79 260 149 337 250 421 98 184 4 502 82 239 405 128 332 198 257 469 53 156 422 188 283 213 394 314 484 105 248 5 288 146 445 59 468 21 266 162 306 178 427 48 449 64 479 9 230 99 223 119 414 76 275 30 458 294 168 136 410 189 323 117 15 233 87 166 262 90 302 456 192 353 321 340 133 11 220 486 247 474 252 386 174 23 290 95 277 451 6 373 148 63 312 345 205 329 466 60 132 28 183 370 72 235 490 50 113 143 17 477 281 107 244 175 78 296 200 38 122 357 224 187 417 326 92 365 120 256 380 311 397 196 19 241 150 86 360 264 46 179 420 280 138 315 103 407 225 31 347 298 115 376 0 437 211 70 402 269 35 350 130 61 191 246 429 170 80 292 154 8 207 25 231 141 338 65 303
209 268 332 353 417 481 145 326 405 74 491 279 374 192 390 256 456 82 155 300 438 411 502 320 120 90 218 359 475 423 166 384 177 92 239 139 302 487 187 443 234 100 198 108 365 151 251 464 291 262 348 66 428 215 310 128 486 150 214 278 299 363 422 369 503 321 416 196 53 226 433 283 167 380 480 259 11 492 19 340 188 444 144 322 156 385 27 397 247 465 208 220 272 406 29 454 311 129 241 193 331 469 37 118 375 305 439 257 352 133 45 169 248 482 386 104 431 179 318 447 377 452 264 23 301 213 95 420 327 52 237 484 341 201 381 105 474 280 41 403 360 174 435 5 497 276 81 457 335 46 419 190 58 252 314 494 228 86 343 221 14 267 32 290 203 394 75 368 312 382 146 407 106 495 236 468 277 436 116 328 31 364 330 40 347 266 451 83 432 103 483 398 391 10 288 148 265 445 460 63 138 336 43 424 225 89 498 6 161 297 121 356 315 54 478 253 59 373 158 21 285 94 399 242 376 293 446 205 470 64 159 132 427 298 500 173 387 39 437 222 28 342 102 455 306 351 48 496 404 329 115 85 111 147 211 449 412 18 345 324 466 51 124 70 202 392 488 282 361 97 162 0 182 178 415 60 378 12 142 316 440 223 344 467 269 134 72 191 47 490 362 164 230 408 235 479 61 441 20 206 379 501 243 370 35 393 110 119 414 50 93 160 461 350 172 69 210 402 274 113 471 26 388 130 448 9 181 77 261 152 339 245 425 99 183 1 499 80 244 401 131 333 197 255 472 55 154 426 185 281 216 396 308 489 107 246 2 292 143 442 62 462 22 270 165 307 175 429 42 450 68 477 8 229 101 219 125 413 71 273 34 459 295 170 135 409 194 325 112 17 232 84 163 260 88 303 458 195 354 319 338 136 13 217 485 249 473 258 389 168 25 289 91 275 453 3 371 153 65 309 349 207 334 463 56 126 30 186 366 76 231 493 49 114 141 16 476 286 109 240 176 79 294 199 36 123 358 227 184 418 323 96 367 122 254 383 313 395 200 15 238 149 87 357 263 44 180 421 284 137 317 98 410 224 33 346 296 117 372 4 434 212 73 400 271 38 355 127 57 189 250 430 171 78 287 157 7 204 24 233 140 337 67 304
210 273 294 357 420 483 147 315 427 98 476 245 385 175 378 231 490 105 140 308 406 441 469 287 154 63 203 371 462 434 133 343 217 70 266 126 329 497 196 399 238 77 189 84 350 161 259 455 301 252 364 91 413 182 322 119 477 141 204 267 330 351 414 372 448 302 442 211 21 260 435 323 112 365 463 274 28 498 35 386 168 428 127 295 162 358 42 407 224 491 190 183 253 421 49 470 280 155 246 218 316 484 7 134 336 309 392 239 379 148 14 197 275 492 373 71 400 191 324 415 366 499 225 50 317 198 78 429 331 36 268 449 344 219 337 99 456 303 29 436 380 205 443 15 478 232 56 485 310 0 393 212 106 247 288 471 254 92 387 169 22 261 43 281 176 422 85 359 296 388 156 437 79 457 255 479 262 430 163 282 8 381 325 51 338 233 486 93 423 86 493 401 352 44 332 113 240 394 500 107 120 367 37 444 269 57 464 23 142 289 149 374 311 1 450 276 64 345 135 30 318 100 408 226 360 319 409 220 501 87 121 143 445 326 494 184 339 16 402 199 38 382 108 472 283 389 9 487 395 290 150 101 94 157 170 458 416 52 353 304 451 45 164 65 177 431 465 333 346 58 128 31 206 213 438 72 375 2 114 297 424 178 383 473 241 165 95 207 24 466 390 158 248 396 277 502 80 439 3 171 361 459 263 340 46 446 66 136 410 17 109 151 452 347 214 102 221 417 227 122 480 10 368 115 495 53 185 73 234 129 354 270 403 59 192 39 488 103 235 447 137 305 186 271 453 32 130 411 222 312 193 418 334 460 60 256 47 298 166 425 88 503 4 228 123 327 200 397 54 467 74 474 25 278 67 215 116 404 110 242 18 481 284 179 144 432 172 291 159 11 249 81 152 250 111 292 468 201 369 335 376 117 40 194 475 243 496 229 348 223 19 313 89 257 482 55 355 124 61 320 362 187 285 489 96 167 5 180 391 82 264 454 12 131 138 33 461 299 75 279 173 68 306 208 26 145 341 236 216 433 314 69 349 132 265 356 307 440 174 48 258 139 76 370 272 34 209 398 293 160 286 97 405 244 27 377 321 146 384 13 419 181 62 426 251 6 342 153 104 188 237 412 195 90 328 118 20 202 41 230 125 363 83 300
211 274 295 358 421 484 148 317 429 99 478 247 387 176 381 233 493 107 142 311 408 445 472 290 157 65 206 375 466 439 136 347 221 73 270 130 334 503 200 404 242 81 194 89 355 167 264 461 306 258 370 97 419 188 328 125 476 140 203 266 329 350 413 373 449 303 443 212 22 261 437 325 113 367 464 276 30 501 38 389 170 431 128 297 165 361 46 410 227 495 192 186 256 425 54 474 284 159 250 223 320 489 12 138 341 314 398 244 384 153 20 202 273 490 371 70 399 189 322 414 365 498 224 49 316 197 79 430 332 37 269 450 345 220 339 101 458 304 31 438 383 207 446 17 480 234 59 488 312 4 397 215 110 249 292 475 257 96 391 173 26 265 48 286 181 426 90 363 294 385 154 434 77 455 252 477 260 428 162 280 7 379 324 50 337 232 485 92 422 87 494 402 353 45 333 114 241 396 502 109 122 368 39 447 271 60 467 25 144 291 152 376 313 5 454 279 68 349 139 34 321 104 412 230 357 315 406 217 497 84 119 141 442 323 491 183 336 14 400 198 36 380 106 471 281 388 8 486 394 289 149 100 95 158 171 459 417 53 354 305 453 47 166 67 179 432 468 335 348 61 131 33 208 216 440 76 377 6 118 300 420 175 378 469 238 161 91 204 21 463 386 155 246 392 275 499 78 436 0 169 359 457 262 338 44 444 64 135 409 16 108 150 451 346 213 103 222 418 228 123 481 11 369 117 496 55 187 75 236 132 356 272 405 62 195 41 483 98 231 441 133 301 182 267 448 28 127 407 218 309 191 415 331 456 56 254 43 296 163 423 86 500 1 226 121 326 199 395 52 465 72 473 24 277 66 214 115 403 111 243 19 482 285 180 145 433 174 293 160 13 251 83 147 245 105 287 462 196 364 330 372 112 35 190 470 239 492 225 344 219 15 310 85 255 479 51 352 120 57 318 360 184 283 487 94 164 2 178 390 80 263 452 10 129 137 32 460 298 74 278 172 69 307 209 27 146 342 237 210 427 308 63 343 126 259 351 302 435 168 42 253 134 71 366 268 29 205 393 288 156 282 93 401 240 23 374 319 143 382 9 416 177 58 424 248 3 340 151 102 185 235 411 193 88 327 116 18 201 40 229 124 362 82 299
212 276 297 361 425 489 153 316 430 101 480 249 391 181 379 232 494 109 144 313 412 442 471 289 158 67 208 377 463 436 135 346 222 75 272 127 331 500 199 403 243 83 190 85 352 164 263 460 307 253 366 93 416 185 327 124 478 142 206 270 334 355 419 371 450 304 446 215 26 265 434 324 114 368 467 279 34 497 36 388 171 432 131 300 161 359 44 409 228 496 195 182 254 423 52 473 285 160 245 219 318 487 10 137 342 308 393 240 382 151 18 201 274 493 375 73 404 194 328 413 367 501 227 54 320 202 77 428 333 39 271 454 349 217 336 100 459 305 33 440 378 204 444 16 481 236 62 483 309 1 395 214 111 251 287 470 255 94 390 172 27 259 42 282 177 424 88 362 295 387 157 439 81 461 258 476 261 431 165 284 12 384 322 49 339 234 488 96 426 84 491 400 354 47 335 118 238 392 499 108 123 369 41 441 267 56 465 24 145 293 147 372 310 2 452 278 69 343 134 29 319 102 411 229 358 317 408 221 503 89 125 140 443 325 495 186 341 20 399 197 37 383 110 475 286 385 7 485 396 291 152 104 91 155 169 457 418 55 356 301 448 43 163 66 180 433 462 330 344 57 129 32 209 210 435 71 374 3 116 299 421 176 381 472 242 167 97 203 22 464 389 159 250 398 273 498 79 438 4 173 363 455 260 337 45 447 68 139 406 14 106 149 453 348 216 98 218 415 226 121 482 13 364 112 492 51 184 74 237 126 351 268 401 58 193 40 484 99 233 445 136 306 188 266 449 30 128 410 223 314 189 414 332 458 59 257 48 294 162 422 87 502 5 230 119 323 198 394 53 468 76 469 21 275 64 213 117 405 105 239 15 479 283 178 146 427 168 288 156 9 248 82 148 247 107 290 466 200 370 329 373 113 38 192 474 244 490 224 345 220 17 312 90 252 477 50 353 122 60 321 357 183 281 486 95 166 6 175 386 78 262 451 11 132 133 28 456 296 72 277 174 63 302 205 23 143 340 235 211 429 311 65 347 130 264 350 303 437 170 46 256 138 70 365 269 31 207 397 292 154 280 92 402 241 25 376 315 141 380 8 417 179 61 420 246 0 338 150 103 187 231 407 191 86 326 115 19 196 35 225 120 360 80 298
213 277 298 362 426 485 149 321 432 102 479 246 389 180 380 237 496 110 143 309 410 444 474 288 160 68 207 372 465 435 138 345 219 76 271 129 335 498 202 402 240 78 193 86 356 162 261 459 304 257 368 94 415 183 325 123 482 146 205 269 333 354 418 374 451 306 441 216 25 263 438 327 115 370 462 275 33 502 41 391 172 429 126 296 166 360 43 412 229 493 189 187 252 424 51 471 286 157 251 221 315 488 9 135 337 310 394 242 378 152 17 199 278 495 376 72 401 195 323 417 364 500 230 55 319 200 82 433 329 35 270 453 346 218 340 103 461 307 30 434 384 208 445 18 477 231 57 487 311 6 392 210 109 250 291 469 253 97 388 170 24 262 45 285 178 425 84 358 299 386 159 440 80 458 254 481 264 427 164 281 13 383 326 53 342 235 489 91 421 90 492 403 350 42 334 117 239 397 497 111 125 366 38 443 272 58 466 26 141 287 151 375 314 0 448 273 67 348 133 32 316 99 409 227 363 318 407 223 499 88 122 145 447 328 490 185 338 15 405 196 40 379 107 473 284 390 11 484 393 292 153 98 92 156 174 460 413 49 355 302 454 46 161 69 176 430 464 331 343 59 130 34 204 215 439 75 373 1 112 294 422 179 382 470 244 163 96 209 23 468 387 154 249 395 279 503 83 437 2 168 357 456 259 341 48 442 65 137 411 19 105 148 450 349 212 100 220 419 225 124 476 7 365 118 494 54 182 71 233 128 352 267 399 60 194 36 486 104 236 446 134 303 184 268 452 31 132 408 217 313 192 416 330 455 61 258 44 300 167 420 85 501 3 224 120 322 201 398 50 463 73 475 27 276 63 211 114 400 108 241 14 478 282 181 140 428 169 290 158 12 245 79 150 248 106 293 467 197 367 332 377 116 39 191 472 238 491 226 347 222 20 308 87 256 480 52 351 119 62 317 359 188 280 483 93 165 4 177 385 81 265 449 8 127 139 29 457 297 70 274 171 66 305 203 21 142 339 232 214 431 312 64 344 131 260 353 301 436 173 47 255 136 74 369 266 28 206 396 289 155 283 95 404 243 22 371 320 144 381 10 414 175 56 423 247 5 336 147 101 186 234 406 190 89 324 113 16 198 37 228 121 361 77 295
214 278 299 363 422 486 150 318 431 104 482 248 386 179 382 236 495 106 146 312 407 446 470 293 159 64 205 376 467 440 134 344 223 72 269 131 333 499 197 401 244 80 195 88 354 163 260 458 303 254 367 96 418 184 323 122 481 145 209 268 332 353 417 377 452 301 447 213 23 264 436 328 116 364 468 277 31 500 39 387 173 427 132 298 164 362 47 408 230 490 191 185 255 426 55 472 281 154 249 217 319 485 13 136 338 313 395 238 383 149 15 200 279 491 374 74 405 192 326 416 369 503 226 53 321 196 83 432 330 40 266 451 347 222 342 102 455 306 28 437 379 206 441 20 479 235 61 489 308 2 396 216 107 246 289 473 258 91 389 168 25 263 44 284 180 421 87 357 300 390 155 438 82 456 256 480 259 433 167 283 11 380 327 52 341 237 484 95 420 85 496 404 351 48 329 115 243 393 501 110 119 370 35 442 270 62 462 22 143 292 153 371 309 3 453 275 65 346 137 33 317 98 410 224 359 320 411 218 502 90 120 144 444 322 492 188 340 19 403 201 41 381 105 474 280 391 10 483 398 288 148 103 93 160 172 461 414 50 350 307 450 42 165 68 175 429 463 334 349 56 126 30 207 212 434 73 372 4 117 296 423 177 384 475 239 166 92 208 27 465 385 156 247 397 276 497 81 435 5 174 360 460 265 336 43 445 63 138 412 18 111 147 449 345 211 101 219 413 229 125 477 8 366 114 493 49 186 76 231 127 355 271 400 57 189 38 487 100 234 443 139 302 187 272 454 29 129 406 220 311 190 419 335 457 58 252 46 297 161 424 89 498 6 225 124 324 202 392 51 466 70 471 26 274 69 210 113 402 109 240 16 476 286 176 141 430 171 287 157 7 250 78 151 251 108 291 464 198 365 331 375 118 37 193 469 241 494 228 343 221 14 314 86 253 478 54 356 121 59 315 361 182 282 488 97 162 0 181 388 77 261 448 9 130 135 34 459 295 71 273 170 67 304 204 24 140 337 233 215 428 310 66 348 128 262 352 305 439 169 45 257 133 75 368 267 32 203 394 290 158 285 94 399 242 21 373 316 142 378 12 415 178 60 425 245 1 339 152 99 183 232 409 194 84 325 112 17 199 36 227 123 358 79 294
215 279 300 359 423 487 151 320 428 100 481 251 390 177 384 234 491 108 145 310 411 443 475 291 155 66 209 374 464 438 139 348 218 74 268 128 332 502 198 405 239 82 192 90 353 166 262 456 302 256 365 92 417 187 326 120 480 144 208 272 331 352 416 375 454 305 444 214 27 259 439 322 118 369 465 278 29 503 37 385 169 433 129 299 167 363 45 406 226 492 193 188 257 422 53 469 283 156 247 220 321 486 11 133 340 311 397 241 380 150 19 196 276 494 377 75 403 190 327 419 368 497 228 52 318 201 81 431 335 41 267 452 343 221 341 104 457 301 32 435 381 203 447 14 482 237 58 484 314 5 394 213 105 248 290 474 252 95 386 174 23 264 46 280 179 420 86 360 297 391 158 436 83 460 253 478 265 432 161 285 10 382 328 54 336 236 483 94 424 89 495 399 356 43 330 116 242 398 498 106 121 364 40 445 266 59 468 21 146 288 148 373 312 6 451 277 63 347 138 31 315 103 407 225 361 316 412 222 500 85 124 142 446 324 496 182 342 18 404 202 39 378 111 470 282 387 12 488 392 293 147 102 97 159 173 455 415 51 351 306 449 48 162 64 178 427 466 329 345 60 132 28 205 211 437 70 376 0 115 298 425 181 379 471 243 164 93 206 26 467 388 160 245 393 274 501 77 440 1 172 362 461 261 339 47 441 69 134 408 20 110 152 448 344 210 99 223 414 230 119 479 9 370 113 490 50 183 72 235 130 350 269 402 61 191 35 489 101 232 442 135 307 185 270 450 34 131 409 219 308 194 413 333 459 62 255 42 295 165 426 84 499 2 229 125 325 197 396 55 462 71 472 22 273 68 216 112 401 107 244 17 477 281 175 143 429 170 292 154 8 246 80 153 249 109 289 463 199 366 334 371 114 36 195 473 240 493 227 349 217 16 309 88 258 476 49 354 123 56 319 358 186 286 485 91 163 3 176 389 79 260 453 13 126 136 30 458 294 76 275 168 65 303 207 25 141 338 231 212 430 313 67 346 127 263 355 304 434 171 44 254 137 73 367 271 33 204 395 287 157 284 96 400 238 24 372 317 140 383 7 418 180 57 421 250 4 337 149 98 184 233 410 189 87 323 117 15 200 38 224 122 357 78 296
216 275 296 360 424 488 152 319 433 103 477 250 388 178 383 235 492 111 141 314 409 447 473 292 156 69 204 373 468 437 137 349 220 71 267 132 330 501 201 400 241 79 191 87 351 165 265 457 305 255 369 95 414 186 324 121 479 143 207 271 335 356 415 376 453 307 445 210 24 262 440 326 117 366 466 273 32 499 40 390 174 430 130 294 163 357 48 411 225 494 194 184 258 420 50 475 282 158 248 222 317 483 8 139 339 312 396 243 381 147 16 198 277 496 372 76 402 193 325 418 370 502 229 51 315 199 80 427 334 38 272 448 348 223 338 98 460 302 34 439 382 209 442 19 476 233 60 486 313 3 398 211 108 245 293 472 256 93 385 171 21 260 47 283 175 423 89 361 298 389 160 435 78 459 257 482 263 429 166 286 9 378 323 55 340 231 487 97 425 88 490 405 355 46 331 112 244 395 503 105 124 365 36 446 268 61 463 27 140 290 150 377 308 4 449 274 66 344 136 28 320 101 406 228 362 321 410 219 498 86 123 146 441 327 493 187 337 17 401 200 35 384 109 469 285 386 13 489 397 287 151 99 96 154 168 456 419 54 352 303 452 44 167 63 181 428 467 332 347 62 127 29 203 214 436 74 371 5 113 295 426 180 380 474 240 162 94 205 25 462 391 157 251 394 278 500 82 434 6 170 358 458 264 342 42 443 67 133 407 15 107 153 454 343 215 104 217 416 224 120 478 12 367 116 491 52 188 70 232 131 353 266 404 56 190 37 485 102 237 444 138 304 183 269 451 33 126 412 221 310 195 417 329 461 57 253 45 299 164 421 90 497 0 227 122 328 196 393 49 464 75 470 23 279 65 212 118 399 106 238 20 480 280 177 142 431 173 289 155 10 247 77 149 246 110 288 465 202 368 333 374 115 41 189 471 242 495 230 346 218 18 311 84 254 481 53 350 125 58 316 363 185 284 484 92 161 1 179 387 83 259 450 7 128 134 31 455 300 73 276 169 64 301 206 22 144 336 234 213 432 309 68 345 129 261 354 306 438 172 43 252 135 72 364 270 30 208 392 291 159 281 91 403 239 26 375 318 145 379 11 413 176 59 422 249 2 341 148 100 182 236 408 192 85 322 114 14 197 39 226 119 359 81 297
217 238 301 364 427 490 154 308 441 91 455 266 357 196 371 259 462 98 119 329 420 434 483 322 126 105 175 350 497 413 147 385 189 63 231 161 287 476 210 406 252 70 182 77 343 140 273 469 315 245 378 84 399 203 294 133 470 134 197 260 323 386 407 379 491 330 421 168 28 246 442 309 155 351 484 224 35 463 42 372 218 414 148 280 127 336 49 435 239 477 211 190 274 392 7 498 302 141 253 204 295 448 14 162 365 316 428 267 358 112 21 183 254 499 344 106 422 205 303 436 387 485 268 15 281 191 85 393 317 22 275 456 380 212 359 56 492 288 50 429 366 219 400 43 449 247 92 471 324 29 443 176 78 225 331 478 261 71 337 198 0 232 36 310 169 415 99 373 318 367 163 401 64 486 269 500 255 408 149 332 23 338 289 44 374 226 479 107 437 93 450 444 381 30 296 120 276 423 493 57 156 345 8 430 240 100 457 51 113 311 135 388 282 37 464 233 86 352 142 1 325 79 394 262 382 333 431 184 458 72 150 164 395 319 472 213 353 31 416 206 2 389 87 451 326 346 52 501 438 283 143 65 101 114 177 465 445 38 360 297 487 16 157 58 220 402 494 304 375 108 121 9 170 199 409 94 339 45 128 290 446 214 354 495 248 122 80 185 39 452 383 136 277 417 263 473 102 396 53 192 347 480 270 390 3 410 95 115 403 10 73 165 502 340 207 109 171 424 234 129 466 46 361 151 459 24 221 59 241 158 368 227 439 66 178 17 467 88 278 418 159 312 179 249 481 47 116 447 200 298 222 432 284 503 74 235 25 327 137 404 110 453 11 256 144 334 172 411 4 474 103 460 18 271 81 186 166 397 67 228 54 488 291 193 130 425 215 305 123 32 242 60 131 236 96 299 482 223 376 313 362 145 55 173 468 264 489 279 369 180 40 306 61 243 496 33 341 167 82 292 391 201 320 461 68 117 19 208 355 111 229 475 5 138 124 26 454 335 89 250 187 75 285 194 12 152 348 257 195 440 293 104 363 146 244 377 328 426 209 13 230 132 83 342 258 20 216 405 321 153 300 62 433 237 48 370 307 160 349 41 398 188 90 412 265 27 384 125 76 174 272 419 202 69 286 139 6 181 34 251 118 356 97 314
218 239 302 365 428 491 155 310 443 92 456 268 359 198 374 262 464 100 120 332 423 438 487 326 128 108 177 353 502 417 151 390 192 66 234 166 291 481 215 411 256 74 187 82 348 145 279 475 320 251 384 90 405 209 300 139 469 133 196 259 322 385 406 380 492 331 422 169 29 247 444 311 156 352 486 226 37 465 45 375 220 416 150 283 129 340 53 439 241 480 214 193 278 397 11 503 305 144 257 208 299 454 19 167 369 321 433 272 363 118 27 188 252 497 343 105 420 203 301 435 386 484 267 14 280 190 86 394 318 23 276 457 381 213 360 58 494 290 52 431 368 221 403 46 452 248 95 474 327 32 447 179 81 228 335 482 264 75 341 201 5 237 41 314 174 419 104 377 315 364 161 399 63 483 266 498 253 407 148 330 21 336 288 43 373 225 478 106 436 94 451 445 382 31 297 121 277 424 495 59 158 347 10 432 242 103 460 54 116 312 138 391 285 40 468 236 89 356 146 6 328 83 398 265 378 329 427 182 455 70 147 162 392 316 470 211 351 28 415 205 0 387 85 449 324 345 51 500 437 282 142 64 102 115 178 466 446 39 361 298 488 18 159 60 222 404 496 306 376 111 124 12 173 202 412 97 342 48 132 293 441 210 350 490 245 119 77 183 35 448 379 134 274 414 261 471 99 393 50 191 344 479 269 388 1 408 93 113 402 9 72 164 501 339 206 110 172 425 235 130 467 47 362 152 461 26 223 61 243 160 370 230 440 69 181 20 462 84 273 413 154 308 175 246 477 42 112 442 197 295 219 429 281 499 71 232 22 325 135 401 107 450 8 255 143 333 170 409 2 472 101 459 17 270 80 185 165 396 68 229 55 489 292 194 131 426 216 307 125 34 244 62 126 231 91 294 476 217 371 309 358 141 49 168 463 260 485 275 366 176 36 303 56 240 493 30 338 163 79 289 389 199 319 458 65 114 16 207 354 109 227 473 3 136 123 25 453 334 88 249 186 76 286 195 13 153 349 258 189 434 287 98 357 140 238 372 323 421 204 7 224 127 78 337 254 15 212 400 317 149 296 57 430 233 44 367 304 157 346 38 395 184 87 410 263 24 383 122 73 171 271 418 200 67 284 137 4 180 33 250 117 355 96 313
219 240 304 368 432 496 160 309 444 94 459 271 362 202 372 261 465 102 123 335 426 435 485 325 129 110 180 356 498 415 149 389 193 68 237 162 288 479 213 410 257 76 183 78 345 143 277 474 321 246 380 86 402 207 298 138 471 135 199 263 327 391 412 378 493 333 424 172 33 251 441 310 157 354 488 229 41 462 43 374 221 418 152 286 126 337 51 438 242 482 216 189 275 394 9 502 306 146 252 205 296 451 17 166 370 315 429 269 360 115 25 187 253 500 346 109 425 208 307 434 388 487 270 18 285 195 84 392 319 24 278 461 384 210 358 57 495 291 55 433 364 218 401 45 453 250 97 469 323 30 445 178 82 230 329 477 262 72 340 200 6 231 35 311 170 417 103 376 316 366 164 403 67 489 272 497 254 409 151 334 26 342 287 42 375 227 481 111 440 91 448 443 383 32 299 125 273 421 492 58 159 348 13 427 239 99 458 53 117 314 133 386 281 38 466 235 90 350 141 0 326 80 397 264 379 331 430 185 460 75 153 161 393 318 473 215 355 34 413 204 1 390 88 454 328 343 49 499 439 284 145 69 98 112 176 464 447 40 363 294 484 15 156 59 223 405 490 302 373 107 122 11 174 196 407 92 338 46 130 292 442 212 352 494 249 124 83 182 36 450 382 137 279 419 259 470 100 395 54 194 349 476 267 387 2 411 96 118 399 7 71 163 503 341 209 105 168 422 233 128 468 48 357 148 456 23 220 60 244 154 365 225 437 65 179 19 463 85 276 416 158 313 181 245 478 44 114 446 201 300 217 428 282 501 73 236 27 322 134 400 108 452 12 258 140 330 169 408 3 475 104 455 14 268 79 184 167 398 63 224 50 486 290 192 132 420 211 303 120 31 241 61 127 232 93 297 480 222 377 308 359 142 52 171 467 265 483 274 367 177 39 305 62 238 491 29 339 165 81 293 385 197 317 457 66 116 20 203 351 106 226 472 4 139 119 21 449 332 87 248 188 70 280 191 8 150 347 256 190 436 289 101 361 144 243 371 324 423 206 10 228 131 77 336 255 16 214 404 320 147 295 56 431 234 47 369 301 155 344 37 396 186 89 406 260 22 381 121 74 173 266 414 198 64 283 136 5 175 28 247 113 353 95 312
220 241 305 369 433 492 156 314 447 95 457 267 360 201 373 265 468 103 121 330 424 437 488 324 132 111 178 351 501 414 152 388 191 69 235 165 292 477 216 409 255 71 186 79 349 141 275 473 319 250 383 87 400 204 296 137 475 139 198 262 326 390 411 381 494 335 420 174 32 248 445 312 158 356 483 225 40 466 48 376 222 415 147 282 130 339 50 440 243 479 210 194 273 396 8 499 307 143 258 207 294 453 16 163 366 317 430 271 357 117 24 184 256 502 348 108 423 209 302 439 385 486 272 19 283 193 89 398 315 21 277 460 382 211 361 60 496 293 51 427 370 223 402 47 448 245 93 472 325 34 442 175 80 229 334 476 260 76 338 199 3 233 38 313 171 418 98 372 320 365 166 405 66 487 268 503 257 406 150 331 27 340 290 46 377 228 482 105 435 97 449 446 378 28 298 124 274 425 490 61 160 344 9 429 244 101 459 55 112 308 136 389 286 36 463 231 88 355 140 4 323 78 395 263 384 332 428 187 456 74 151 167 397 321 469 214 352 29 419 203 5 386 86 452 327 347 54 498 436 285 146 63 99 113 181 467 441 35 362 295 489 17 154 62 219 401 493 303 371 109 123 13 168 200 410 96 337 44 127 287 443 215 353 491 251 120 82 188 37 454 380 133 278 416 264 474 104 394 52 190 343 478 266 391 6 407 94 116 404 12 70 162 500 342 205 107 170 426 232 131 462 42 358 153 458 25 217 56 240 157 367 224 434 67 180 15 464 90 279 417 155 310 177 247 480 45 118 444 196 299 221 431 280 497 75 237 23 328 138 399 106 451 10 253 142 329 173 412 0 470 102 461 20 269 77 183 164 393 65 227 49 485 289 195 126 421 212 304 122 33 238 57 128 234 92 300 481 218 374 311 363 144 53 169 465 259 484 276 368 179 41 301 58 242 495 31 336 161 83 288 387 202 316 455 64 115 18 206 350 110 230 471 1 134 125 22 450 333 84 246 185 73 284 189 7 149 346 254 192 438 291 100 359 145 239 375 322 422 208 11 226 129 81 341 252 14 213 403 318 148 297 59 432 236 43 364 306 159 345 39 392 182 85 408 261 26 379 119 72 172 270 413 197 68 281 135 2 176 30 249 114 354 91 309
221 242 306 370 429 493 157 311 445 97 461 270 358 200 375 264 466 99 125 334 421 439 484 328 130 107 176 355 503 419 148 387 194 65 233 167 290 478 211 408 258 73 188 81 347 142 274 472 317 247 381 89 404 206 295 136 474 138 202 261 325 389 410 384 495 329 425 170 30 250 443 314 159 350 489 227 38 464 46 373 223 413 153 284 128 341 54 437 244 476 212 192 276 398 12 501 303 140 256 203 297 449 20 165 367 320 431 266 361 113 22 186 257 498 345 110 426 207 304 438 391 488 269 17 286 189 90 397 316 26 273 458 383 215 363 59 490 292 49 430 365 220 399 48 450 249 96 475 322 31 446 181 79 224 332 480 265 70 339 197 4 234 37 312 173 414 101 371 321 368 162 402 68 485 271 502 252 412 152 333 25 337 291 45 376 230 477 109 434 92 454 447 379 34 294 122 279 422 494 60 154 349 7 428 241 104 455 50 114 313 139 385 280 39 467 232 87 353 144 5 324 77 396 260 380 335 432 183 459 76 149 166 394 315 471 216 354 33 417 208 6 388 84 453 323 348 53 497 440 281 141 67 100 118 179 468 442 36 357 300 486 14 158 61 217 400 491 305 377 106 119 8 171 198 406 95 336 47 131 289 444 213 356 496 246 123 78 187 41 451 378 135 275 418 262 469 103 392 55 195 346 481 272 386 0 409 91 117 405 11 75 161 499 338 204 108 169 420 236 132 463 44 359 150 457 21 222 62 238 155 369 228 436 64 175 16 465 86 277 415 160 309 180 251 482 43 115 441 199 296 218 433 285 500 72 231 24 326 133 403 111 448 13 254 145 331 174 407 1 473 98 456 19 267 83 182 163 395 66 226 52 483 293 191 127 423 214 301 121 28 243 56 129 237 94 298 479 219 372 310 360 146 51 172 462 263 487 278 364 178 35 307 57 239 492 32 342 164 80 287 390 196 318 460 69 112 15 209 352 105 225 470 2 137 120 27 452 330 85 245 184 74 283 190 10 147 344 255 193 435 288 102 362 143 240 374 327 424 205 9 229 126 82 340 253 18 210 401 319 151 299 58 427 235 42 366 302 156 343 40 393 185 88 411 259 23 382 124 71 168 268 416 201 63 282 134 3 177 29 248 116 351 93 308
222 243 307 366 430 494 158 313 442 93 460 272 361 199 377 263 463 101 124 331 425 436 489 327 127 109 181 352 500 416 153 391 190 67 232 164 289 480 212 412 253 75 185 83 346 144 276 471 316 249 379 85 403 208 297 135 473 137 201 265 324 388 409 382 496 334 423 171 34 245 446 308 160 355 487 228 36 467 44 371 219 419 151 285 131 342 52 434 240 478 215 195 279 393 10 497 304 142 254 206 300 450 18 161 368 318 432 270 359 114 26 182 255 501 349 111 424 204 305 440 390 483 271 16 282 194 88 395 320 27 274 459 378 214 362 62 493 287 54 428 367 217 404 42 454 251 94 470 328 33 444 177 77 227 333 481 259 73 336 202 1 236 39 309 172 413 100 375 319 369 165 400 69 488 267 499 258 411 147 335 24 339 293 47 372 229 476 108 439 96 452 441 384 29 295 123 278 426 491 56 157 343 12 431 238 102 461 49 118 310 134 387 284 41 465 234 84 354 145 2 322 81 392 261 383 330 433 186 457 71 152 163 396 317 475 210 356 32 418 209 3 385 89 448 325 344 55 503 435 286 140 66 104 116 180 462 443 37 358 299 485 20 155 57 221 399 495 301 374 110 125 7 169 197 408 91 341 43 129 291 447 216 351 492 250 121 79 184 40 453 381 139 273 415 260 472 98 398 51 193 348 482 268 389 4 406 97 112 401 13 74 167 498 337 203 106 173 421 237 126 464 45 363 149 455 22 218 58 242 159 364 226 438 68 176 14 468 87 275 414 156 314 178 248 479 48 117 445 198 294 223 427 283 502 76 233 21 323 136 405 105 449 9 257 146 332 168 410 5 469 99 458 15 266 82 188 162 394 64 230 53 484 288 189 128 422 213 306 119 30 239 59 132 235 95 296 477 220 373 312 357 143 50 174 466 262 486 277 370 175 38 302 60 244 490 28 340 166 78 290 386 200 321 456 63 113 17 205 353 107 224 474 6 133 122 23 451 329 90 247 183 72 281 192 11 148 345 252 191 437 292 103 360 141 241 376 326 420 207 8 225 130 80 338 256 19 211 402 315 150 298 61 429 231 46 365 303 154 347 35 397 187 86 407 264 25 380 120 70 170 269 417 196 65 280 138 0 179 31 246 115 350 92 311
223 244 303 367 431 495 159 312 446 96 458 269 363 197 376 260 467 104 122 333 422 440 486 323 131 106 179 354 499 418 150 386 195 64 236 163 293 482 214 407 254 72 184 80 344 146 278 470 318 248 382 88 401 205 299 134 472 136 200 264 328 387 408 383 490 332 426 173 31 249 447 313 154 353 485 230 39 468 47 377 217 417 149 281 132 338 55 436 238 481 213 191 277 395 13 500 301 145 255 209 298 452 15 164 364 319 427 268 362 116 23 185 258 503 347 107 421 206 306 437 389 489 266 20 284 192 87 396 321 25 279 455 379 216 357 61 491 289 53 432 369 222 405 44 451 246 91 473 326 28 441 180 83 226 330 479 263 74 342 196 2 235 40 308 168 416 102 374 317 370 167 404 65 484 270 501 256 410 153 329 22 341 292 48 371 224 480 110 438 95 453 442 380 33 300 119 275 420 496 62 155 346 11 433 243 98 456 52 115 309 137 390 283 35 462 237 85 351 143 3 327 82 393 259 381 334 429 188 461 73 148 165 398 320 474 212 350 30 414 207 4 391 90 450 322 349 50 502 434 280 144 68 103 117 175 463 444 41 359 296 483 19 160 56 218 403 492 307 372 105 120 10 172 201 411 93 340 42 126 288 445 211 355 493 247 125 81 186 38 449 384 138 276 413 265 475 101 397 49 189 345 477 271 385 5 412 92 114 400 8 76 166 497 336 208 111 174 423 231 127 465 43 360 147 460 27 219 57 239 156 366 229 435 63 177 18 466 89 274 419 157 311 176 250 476 46 113 443 202 297 220 430 286 498 70 234 26 324 139 402 109 454 7 252 141 335 171 406 6 471 100 457 16 272 78 187 161 392 69 225 51 487 287 190 129 424 210 302 124 29 240 58 130 233 97 295 478 221 375 314 361 140 54 170 464 261 488 273 365 181 37 304 59 241 494 34 337 162 77 291 388 198 315 459 67 118 14 204 356 108 228 469 0 135 121 24 448 331 86 251 182 71 282 193 9 151 343 253 194 439 290 99 358 142 242 373 325 425 203 12 227 128 79 339 257 17 215 399 316 152 294 60 428 232 45 368 305 158 348 36 394 183 84 409 262 21 378 123 75 169 267 415 199 66 285 133 1 178 32 245 112 352 94 310
224 280 336 392 448 112 168 449 337 281 169 56 225 393 113 450 394 338 226 57 282 170 339 114 451 395 283 58 227 59 396 171 115 452 340 284 397 60 453 228 172 116 341 173 454 61 117 285 229 398 286 230 118 62 174 342 399 455 119 175 231 287 343 176 232 400 0 456 344 288 233 345 289 457 1 120 401 290 458 402 346 121 2 177 347 234 122 459 403 178 3 404 4 291 179 123 460 235 461 292 5 348 236 180 124 125 181 349 6 405 293 237 350 294 406 238 182 462 63 295 7 183 463 407 239 351 408 464 8 64 296 352 240 65 297 353 409 465 184 9 466 410 241 354 66 10 185 242 186 467 67 11 298 411 355 12 68 468 187 243 299 188 244 412 300 356 13 69 413 70 357 469 301 245 126 358 414 14 246 127 470 302 247 303 471 359 415 15 71 472 128 304 16 72 360 416 73 361 17 417 473 129 248 130 474 249 305 418 74 18 306 250 475 131 75 19 362 419 20 363 76 132 251 307 476 189 77 420 133 364 308 421 365 477 21 309 190 134 478 22 422 78 191 310 366 311 367 79 135 423 479 23 136 192 480 368 24 80 424 81 425 312 25 481 137 193 194 138 26 313 369 482 82 370 314 426 139 195 83 27 140 371 252 84 483 196 427 484 197 428 141 28 372 253 429 373 485 198 254 85 29 142 30 430 486 86 255 374 375 431 31 87 199 487 143 200 256 488 144 432 32 88 89 489 257 376 33 145 201 258 202 90 34 377 433 146 203 490 434 315 91 147 259 148 316 260 491 204 35 435 317 261 92 36 436 492 205 493 437 37 149 262 318 93 206 38 438 494 150 94 319 439 495 207 39 95 263 151 264 320 96 152 208 496 40 97 153 265 321 440 41 209 266 322 154 497 378 98 210 211 498 379 323 155 267 42 99 212 324 380 499 43 268 381 325 269 100 44 500 156 157 501 101 45 213 326 382 270 46 383 502 158 214 102 503 159 215 271 47 103 327 328 384 48 104 216 272 160 329 273 385 217 161 441 105 274 49 162 442 386 218 330 387 443 50 106 275 331 219 107 276 332 388 444 163 51 445 389 220 333 108 52 164 221 165 446 109 53 277 390 334 54 110 447 166 222 278 167 223 391 279 335 55 111
225 282 339 396 453 117 174 448 338 283 171 60 229 398 112 449 395 340 228 61 286 168 337 113 452 397 285 62 224 56 394 170 116 454 342 280 393 57 451 227 173 118 336 169 450 58 115 284 230 392 281 226 114 59 172 341 400 457 121 178 235 292 349 175 233 402 3 460 348 293 231 344 290 459 4 124 405 287 456 401 347 123 5 181 343 232 120 458 404 180 6 399 0 289 177 122 461 237 455 288 1 346 234 179 125 119 176 345 2 403 291 236 351 296 409 241 186 468 69 294 8 184 466 411 243 356 406 463 9 66 298 355 244 63 295 352 410 467 187 13 462 407 240 353 67 12 188 238 183 464 65 10 299 412 350 7 64 465 185 242 300 182 239 408 297 354 11 68 414 71 360 473 305 250 132 357 415 16 248 130 475 307 245 302 472 361 418 19 76 469 127 303 17 74 362 419 70 358 15 416 474 131 251 126 470 247 304 417 75 20 301 246 471 128 73 18 363 413 14 359 72 129 249 306 477 191 79 424 137 369 314 420 366 479 24 312 194 139 476 21 423 80 193 313 370 308 365 78 136 425 482 27 133 190 478 367 25 82 426 77 421 310 23 480 138 195 189 134 22 311 368 481 83 364 309 422 135 192 81 26 141 373 255 87 488 201 433 483 198 430 143 32 376 258 427 372 486 199 256 89 34 140 28 429 487 88 257 377 371 428 29 86 200 489 146 196 253 485 142 431 33 90 84 484 254 374 31 144 202 252 197 85 30 375 432 145 204 492 437 319 95 152 265 147 317 262 494 207 40 440 315 260 93 38 439 496 209 490 435 36 150 263 320 97 203 35 436 493 151 96 321 434 491 205 37 94 264 153 259 316 92 149 206 495 41 91 148 261 318 438 39 208 267 324 156 501 383 103 216 210 499 381 326 158 271 48 98 211 325 382 502 47 272 378 323 268 101 46 503 160 154 498 99 44 214 327 384 266 42 380 500 157 215 104 497 155 212 269 45 102 328 322 379 43 100 213 270 159 330 275 388 220 165 447 111 273 50 163 445 390 222 335 385 442 51 108 277 334 223 105 274 331 389 446 166 55 441 386 219 332 109 54 167 217 162 443 107 52 278 391 329 49 106 444 164 221 279 161 218 387 276 333 53 110
226 283 340 397 454 118 169 452 341 280 174 58 228 394 116 451 398 336 225 59 285 173 342 115 449 392 282 60 230 61 393 172 113 448 339 281 396 62 450 229 170 112 338 168 453 56 114 286 227 395 284 224 117 57 171 337 405 456 120 177 234 291 348 179 237 403 5 457 343 290 236 347 288 460 6 121 399 293 455 404 345 124 0 178 344 235 119 461 402 181 1 401 2 292 175 125 459 232 458 289 3 349 231 176 123 122 180 346 4 400 287 233 353 300 411 239 187 464 66 299 11 188 465 406 241 352 407 468 10 63 297 356 242 64 298 351 412 466 182 12 467 408 243 350 69 9 183 244 185 462 68 8 295 409 354 13 65 463 186 240 294 184 238 410 296 355 7 67 417 74 359 475 302 251 128 363 416 19 247 129 469 305 248 301 474 360 419 14 75 470 132 306 18 70 361 415 72 362 20 414 471 130 245 131 472 246 307 413 71 17 303 249 473 126 76 16 358 418 15 357 73 127 250 304 481 192 82 423 139 365 310 422 369 480 27 311 193 133 482 23 420 81 190 314 368 312 364 83 138 424 478 21 134 191 479 370 26 77 425 80 426 308 22 477 135 194 195 136 25 309 366 476 79 367 313 421 137 189 78 24 145 374 256 90 487 198 428 486 196 433 144 29 375 257 431 377 484 201 252 86 32 146 31 432 483 89 253 373 376 427 28 85 202 488 142 197 255 489 143 429 34 84 88 485 258 371 30 141 199 254 200 87 33 372 430 140 209 491 438 320 92 151 262 150 321 259 492 208 37 439 318 264 95 41 435 494 203 495 436 40 148 265 315 94 205 39 437 496 147 97 316 440 490 206 35 93 261 152 260 319 91 153 207 493 36 96 149 263 317 434 38 204 268 326 155 502 384 100 215 214 503 380 322 156 272 45 104 213 327 381 497 46 267 382 328 266 103 43 498 158 159 500 102 48 211 324 378 269 47 379 501 160 210 99 499 154 216 270 42 101 325 323 383 44 98 212 271 157 332 279 390 218 166 443 108 278 53 167 444 385 220 331 386 447 52 105 276 335 221 106 277 330 391 445 161 54 446 387 222 329 111 51 162 223 164 441 110 50 274 388 333 55 107 442 165 219 273 163 217 389 275 334 49 109
227 284 341 398 449 113 170 450 339 286 173 59 224 397 114 454 396 337 230 60 280 171 336 118 453 394 281 61 228 62 392 169 117 451 338 285 395 56 448 226 174 115 342 172 452 57 112 283 225 393 282 229 116 58 168 340 404 461 125 176 233 290 347 181 234 399 4 458 345 292 232 349 291 455 5 122 402 289 459 400 348 119 6 179 346 236 123 457 405 175 0 403 1 293 180 121 456 231 460 287 2 344 237 178 120 124 177 343 3 401 288 235 355 295 408 242 188 466 65 297 12 186 464 410 244 350 412 467 7 68 294 353 241 67 300 354 406 468 183 8 463 409 238 356 64 11 187 243 182 465 66 13 296 407 352 10 69 462 184 239 298 185 240 411 299 351 9 63 419 73 358 472 306 247 130 361 413 20 250 128 474 303 249 304 475 363 414 17 70 471 131 305 14 76 357 417 75 359 16 418 469 132 246 127 473 251 301 415 72 19 307 245 470 129 74 15 360 416 18 362 71 126 248 302 478 194 81 421 136 370 311 425 367 476 22 314 192 138 480 26 426 79 189 312 365 313 368 77 139 422 477 25 135 195 481 369 21 78 420 83 423 309 24 482 133 191 190 137 27 310 364 479 80 366 308 424 134 193 82 23 142 375 258 89 484 200 429 489 202 431 140 30 373 256 430 371 488 197 257 90 31 144 34 428 485 87 252 376 377 432 33 84 198 486 141 199 254 483 145 433 28 86 85 487 255 372 32 146 196 253 201 88 29 374 427 143 206 493 439 317 97 148 264 153 320 261 495 203 38 437 316 265 96 37 438 490 207 494 434 39 152 260 321 92 208 36 440 491 149 95 315 436 496 204 41 91 262 150 263 318 94 147 209 492 35 93 151 259 319 435 40 205 270 328 157 503 381 99 211 212 501 384 325 159 266 46 101 215 322 383 498 48 269 379 324 271 104 45 502 154 158 497 100 47 216 323 380 272 44 378 499 155 213 103 500 160 214 267 43 98 326 327 382 42 102 210 268 156 334 274 387 221 167 445 107 276 54 165 443 389 223 329 391 446 49 110 273 332 220 109 279 333 385 447 162 50 442 388 217 335 106 53 166 222 161 444 108 55 275 386 331 52 111 441 163 218 277 164 219 390 278 330 51 105
228 285 342 393 450 114 171 454 336 282 172 62 227 395 118 452 392 339 229 56 284 169 341 116 448 396 286 57 226 58 398 173 112 453 337 283 394 59 449 230 168 117 340 174 451 60 113 281 224 397 280 225 115 61 170 338 403 460 124 181 232 289 346 177 236 404 1 459 349 287 234 343 293 461 2 123 400 291 457 399 344 125 3 180 348 237 121 455 401 176 4 405 5 288 178 119 458 233 456 290 6 345 235 175 122 120 179 347 0 402 292 231 352 297 412 243 185 463 67 300 10 182 467 409 240 355 411 465 12 69 295 354 238 66 299 356 408 462 186 7 464 406 242 351 68 13 184 239 188 468 64 9 294 410 353 11 63 466 183 244 296 187 241 407 298 350 8 65 416 75 361 471 307 249 127 359 419 18 245 131 473 304 251 305 470 362 413 16 73 475 129 301 20 71 358 418 74 363 14 415 472 126 250 128 469 248 306 414 76 15 302 247 474 132 72 17 357 417 19 360 70 130 246 303 480 190 83 425 135 366 313 423 368 478 26 308 195 137 481 27 424 77 194 309 367 310 369 81 134 426 476 24 139 193 482 364 22 79 421 82 422 314 21 479 136 189 192 133 23 312 370 477 78 365 311 420 138 191 80 25 144 377 253 85 489 199 430 487 201 432 142 34 371 254 428 375 483 202 255 88 33 145 29 431 488 84 258 372 374 433 32 89 197 485 140 198 257 484 146 427 30 87 90 486 252 373 28 143 200 256 196 86 31 376 429 141 208 494 436 316 93 153 263 151 318 265 496 206 36 434 320 259 94 39 440 493 204 491 439 41 147 261 319 96 209 37 435 495 152 91 317 438 492 203 40 97 260 149 262 321 95 148 205 490 38 92 150 264 315 437 35 207 272 327 158 500 379 101 212 215 497 382 324 160 270 44 100 214 328 378 501 42 271 384 322 267 102 47 499 157 155 503 104 43 210 325 383 268 45 381 498 159 216 98 502 156 213 266 48 99 323 326 380 46 103 211 269 154 331 276 391 222 164 442 109 279 52 161 446 388 219 334 390 444 54 111 274 333 217 108 278 335 387 441 165 49 443 385 221 330 110 55 163 218 167 447 106 51 273 389 332 53 105 445 162 223 275 166 220 386 277 329 50 107
229 286 337 394 451 115 172 453 340 285 170 57 230 392 117 448 397 342 227 58 281 174 338 112 454 393 284 59 225 60 395 168 118 450 341 282 398 61 452 224 169 114 339 171 449 62 116 280 226 396 283 228 113 56 173 336 402 459 123 180 237 288 345 178 231 401 6 461 346 291 235 348 287 458 0 125 403 292 460 405 343 122 1 176 349 233 124 456 399 179 2 400 3 290 181 120 455 236 457 293 4 347 232 177 119 121 175 344 5 404 289 234 356 298 410 240 183 465 68 296 9 187 462 412 242 354 409 466 13 67 299 350 239 69 294 355 407 464 185 11 468 411 244 352 65 7 182 241 184 463 63 12 300 408 351 8 66 467 188 238 297 186 243 406 295 353 10 64 415 76 362 474 304 246 129 360 418 17 251 126 471 306 250 307 469 358 417 18 72 473 130 302 15 75 363 413 71 357 19 419 470 128 249 132 475 245 303 416 73 14 305 248 472 127 70 20 359 414 16 361 74 131 247 301 479 193 78 426 138 368 309 424 370 482 25 310 189 135 477 24 425 82 195 311 364 314 366 80 133 421 481 26 137 194 476 365 23 83 422 79 420 313 27 478 134 192 191 139 21 308 367 480 81 369 312 423 136 190 77 22 143 372 257 86 485 202 432 488 199 429 146 33 374 252 433 376 487 200 253 84 30 141 32 427 489 90 254 375 373 430 34 88 196 484 145 201 258 486 140 428 31 85 87 483 256 377 29 142 197 255 198 89 28 371 431 144 207 496 435 321 94 149 261 152 315 263 493 205 41 438 319 262 97 35 434 495 208 492 440 38 151 264 316 91 204 40 439 490 153 92 318 437 494 209 36 96 259 148 265 317 93 150 203 491 39 95 147 260 320 436 37 206 271 325 160 498 380 102 213 216 502 378 327 157 269 43 103 210 323 384 500 45 270 383 326 272 99 42 497 159 156 499 98 46 215 328 379 267 48 382 503 154 212 100 501 158 211 268 44 104 322 324 381 47 101 214 266 155 335 277 389 219 162 444 110 275 51 166 441 391 221 333 388 445 55 109 278 329 218 111 273 334 386 443 164 53 447 390 223 331 107 49 161 220 163 442 105 54 279 387 330 50 108 446 167 217 276 165 222 385 274 332 52 106
230 281 338 395 452 116 173 451 342 284 168 61 226 396 115 453 393 341 224 62 283 172 340 117 450 398 280 56 229 57 397 174 114 449 336 286 392 58 454 225 171 113 337 170 448 59 118 282 228 394 285 227 112 60 169 339 401 458 122 179 236 293 344 180 235 405 2 455 347 289 237 346 292 456 3 119 404 288 461 403 349 120 4 175 345 231 125 460 400 177 5 402 6 287 176 124 457 234 459 291 0 343 233 181 121 123 178 348 1 399 290 232 354 299 407 244 184 467 64 298 13 185 468 408 238 353 410 462 11 65 300 351 243 68 296 350 411 463 188 10 465 412 239 355 63 8 186 240 187 466 69 7 297 406 356 9 67 464 182 241 295 183 242 409 294 352 12 66 418 72 363 470 303 248 131 362 417 15 249 132 472 301 246 306 473 357 416 20 74 474 126 307 19 73 359 414 76 360 18 413 475 127 247 129 471 250 302 419 70 16 304 251 469 130 71 14 361 415 17 358 75 128 245 305 482 195 80 422 134 367 312 426 364 481 23 313 191 136 479 25 421 83 192 308 369 309 370 82 137 420 480 22 138 189 477 366 27 81 423 78 424 311 26 476 139 190 193 135 24 314 365 478 77 368 310 425 133 194 79 21 146 376 254 88 486 197 431 485 200 427 145 31 377 255 432 374 489 196 258 87 28 143 33 433 484 85 256 371 372 429 30 90 201 483 144 202 252 487 141 430 29 89 86 488 253 375 34 140 198 257 199 84 32 373 428 142 205 495 440 318 96 150 260 149 319 264 490 209 39 436 321 263 91 40 437 491 206 496 438 35 153 259 317 95 207 41 434 492 148 93 320 435 493 208 38 92 265 147 261 315 97 151 204 494 37 94 152 262 316 439 36 203 269 323 159 499 382 104 214 213 500 383 328 154 268 47 102 216 326 379 503 44 266 380 327 270 98 48 501 155 160 502 103 42 212 322 381 271 43 384 497 156 211 101 498 157 210 272 46 100 324 325 378 45 99 215 267 158 333 278 386 223 163 446 106 277 55 164 447 387 217 332 389 441 53 107 279 330 222 110 275 329 390 442 167 52 444 391 218 334 105 50 165 219 166 445 111 49 276 385 335 51 109 443 161 220 274 162 221 388 273 331 54 108
231 287 343 399 455 119 175 462 350 294 182 63 238 406 126 469 413 357 245 70 301 189 364 133 476 420 308 77 252 84 427 196 140 483 371 315 434 91 490 259 203 147 378 210 497 98 154 322 266 441 329 273 161 105 217 385 392 448 112 168 224 280 336 183 239 407 7 463 351 295 246 358 302 470 14 127 414 309 477 421 365 134 21 190 372 253 141 484 428 197 28 435 35 316 204 148 491 260 498 323 42 379 267 211 155 162 218 386 49 442 330 274 337 281 393 225 169 449 56 288 0 176 456 400 232 344 415 471 15 71 303 359 247 78 310 366 422 478 191 22 485 429 254 373 85 29 198 261 205 492 92 36 317 436 380 43 99 499 212 268 324 219 275 443 331 387 50 106 394 57 338 450 282 226 113 345 401 1 233 120 457 289 240 296 464 352 408 8 64 479 135 311 23 79 367 423 86 374 30 430 486 142 255 149 493 262 318 437 93 37 325 269 500 156 100 44 381 444 51 388 107 163 276 332 451 170 58 395 114 339 283 402 346 458 2 290 177 121 465 9 409 65 184 297 353 304 360 72 128 416 472 16 143 199 487 375 31 87 431 94 438 319 38 494 150 206 213 157 45 326 382 501 101 389 333 445 164 220 108 52 115 340 227 59 452 171 396 459 178 403 122 3 347 234 410 354 466 185 241 66 10 129 17 417 473 73 248 361 368 424 24 80 192 480 136 207 263 495 151 439 39 95 102 502 270 383 46 158 214 277 221 109 53 390 446 165 172 453 397 284 60 116 228 123 291 235 460 179 4 404 298 242 67 11 411 467 186 474 418 18 130 249 305 74 193 25 425 481 137 81 312 432 488 200 32 88 256 144 271 327 103 159 215 503 47 110 166 278 334 447 54 222 229 285 117 454 341 61 173 180 461 348 292 124 236 5 68 187 299 355 468 12 243 362 306 250 75 19 475 131 138 482 82 26 194 313 369 257 33 376 489 145 201 89 496 152 208 264 40 96 320 335 391 55 111 223 279 167 286 230 342 174 118 398 62 237 6 125 405 349 181 293 356 412 13 69 244 300 188 76 251 307 363 419 132 20 426 370 195 314 83 27 139 202 146 433 90 34 258 377 321 41 97 440 153 209 265 160 216 384 272 328 48 104
232 289 346 403 460 124 181 463 352 297 185 67 243 412 127 471 416 361 249 75 307 190 366 135 480 425 313 83 253 85 430 199 144 489 377 316 436 93 494 263 208 153 379 212 500 101 158 327 272 442 331 276 164 109 222 391 393 450 114 171 228 285 342 182 240 409 10 467 355 300 245 359 304 473 18 131 419 308 478 423 368 137 26 195 371 254 142 487 432 201 34 434 36 318 206 151 496 265 497 324 44 382 270 215 160 161 219 388 52 446 334 279 336 282 395 227 172 454 62 287 1 177 459 404 236 349 413 470 16 73 305 362 251 77 309 367 424 481 194 27 483 428 255 375 88 33 202 259 204 493 94 39 320 440 378 42 100 501 214 271 328 217 274 444 333 390 54 111 392 56 339 452 284 229 118 343 400 2 234 123 461 293 238 295 465 354 411 12 69 476 134 310 24 81 369 426 84 372 29 431 488 145 258 147 491 261 319 439 96 41 322 267 499 157 102 47 384 441 49 387 108 165 278 335 448 169 57 396 116 341 286 399 344 457 3 291 180 125 462 7 408 66 186 299 356 301 358 71 129 418 475 20 140 197 485 374 32 89 433 91 435 317 37 495 152 209 210 155 43 325 383 503 104 385 330 443 163 221 110 55 112 337 226 58 453 173 398 455 176 401 121 4 348 237 406 351 464 184 242 68 13 126 14 415 472 74 250 363 364 421 22 79 193 482 139 203 260 492 149 438 40 97 98 498 268 381 45 159 216 273 218 106 51 389 447 167 168 449 394 283 59 117 230 119 288 233 458 178 5 405 294 239 64 9 410 468 188 469 414 15 128 248 306 76 189 21 422 479 136 82 314 427 484 198 30 87 257 146 266 323 99 156 213 502 48 105 162 275 332 445 53 223 224 281 113 451 340 60 174 175 456 345 290 122 235 6 63 183 296 353 466 11 244 357 302 247 72 17 474 132 133 477 78 23 192 312 370 252 28 373 486 143 200 90 490 148 205 262 38 95 321 329 386 50 107 220 277 166 280 225 338 170 115 397 61 231 0 120 402 347 179 292 350 407 8 65 241 298 187 70 246 303 360 417 130 19 420 365 191 311 80 25 138 196 141 429 86 31 256 376 315 35 92 437 150 207 264 154 211 380 269 326 46 103
233 290 347 404 461 125 176 466 355 295 188 65 242 408 130 472 419 358 247 73 306 194 370 136 478 421 311 81 258 89 429 200 142 484 375 317 439 97 493 264 206 148 381 211 503 99 157 328 270 445 334 274 167 107 221 387 398 449 113 170 227 284 341 186 244 410 12 464 350 297 250 361 303 474 20 128 413 314 476 425 367 138 22 192 373 256 140 489 431 202 30 437 38 320 203 153 495 261 501 325 46 384 266 212 159 165 223 389 54 443 329 276 339 286 397 224 173 450 59 292 4 181 458 399 234 345 414 475 17 70 304 363 249 79 312 365 426 480 189 26 488 430 257 371 90 31 197 265 207 490 96 37 316 438 383 48 101 498 215 269 322 220 273 446 332 391 49 110 396 60 337 454 280 230 114 349 402 5 232 122 455 291 241 294 467 353 412 7 68 477 139 313 25 77 368 422 87 376 34 428 485 144 252 152 494 260 321 434 92 39 324 271 502 154 104 45 379 447 50 385 109 162 279 333 453 171 61 394 118 336 281 400 348 459 6 289 179 119 468 8 406 67 183 300 354 305 357 76 131 417 471 14 141 198 486 377 33 84 432 95 440 315 36 491 149 208 216 158 47 323 380 497 100 388 335 442 166 217 106 53 117 338 228 62 451 169 392 457 175 405 123 0 346 236 409 356 463 187 238 64 11 132 16 418 469 75 246 359 369 420 21 78 195 481 135 204 262 496 150 436 41 91 103 499 272 378 44 155 213 275 222 108 55 386 444 161 174 448 395 285 56 115 226 121 293 231 456 180 1 403 296 243 66 13 407 465 182 473 415 19 127 251 301 72 191 24 423 482 133 83 309 433 483 199 28 86 254 145 267 326 98 160 214 500 43 111 163 277 331 441 52 218 225 283 112 452 342 57 172 178 460 344 287 120 237 2 69 184 298 352 462 10 239 360 307 245 74 15 470 129 137 479 80 27 190 310 364 255 32 372 487 146 196 85 492 147 209 263 35 94 318 330 390 51 105 219 278 164 282 229 340 168 116 393 58 235 3 124 401 343 177 288 351 411 9 63 240 299 185 71 248 302 362 416 126 18 424 366 193 308 82 23 134 201 143 427 88 29 253 374 319 40 93 435 151 205 259 156 210 382 268 327 42 102
234 291 348 405 456 120 177 464 353 300 187 66 239 411 128 475 417 359 251 74 302 192 365 139 481 423 310 82 256 90 428 198 145 487 374 320 438 92 491 262 209 151 384 215 502 100 155 326 268 443 332 279 166 108 218 390 397 454 118 169 226 283 340 188 241 406 11 465 352 299 247 363 305 469 19 129 416 311 480 422 369 133 27 193 375 257 144 486 433 196 29 439 37 321 208 150 492 259 503 322 45 380 272 214 156 167 220 385 53 444 331 278 341 280 394 228 174 452 58 290 5 179 457 403 237 343 419 474 14 75 301 360 248 81 314 368 420 482 190 23 484 431 252 377 86 32 201 264 203 494 95 41 318 435 381 46 104 497 213 267 327 221 276 447 335 386 52 105 398 59 336 451 285 225 116 347 399 6 236 121 460 288 242 297 468 356 407 10 63 478 138 312 21 83 364 424 89 373 31 432 483 146 253 148 495 265 315 436 94 40 328 266 498 158 103 43 382 445 54 391 106 161 277 330 449 173 60 392 115 342 282 404 345 455 0 293 178 124 466 12 412 64 182 298 351 306 361 70 132 415 470 18 142 202 488 376 28 85 427 97 437 316 39 496 147 205 211 159 48 324 378 500 102 387 329 446 162 222 111 51 113 339 230 61 448 172 393 461 181 402 119 1 344 235 408 350 467 183 243 69 9 130 20 414 471 72 245 362 370 425 26 77 191 479 134 206 261 490 152 440 35 93 99 501 269 379 47 160 210 274 223 110 50 388 441 164 170 450 396 281 62 112 229 125 292 232 459 175 2 401 295 244 68 8 409 462 185 472 413 17 131 246 307 71 194 22 426 477 135 80 308 429 489 197 34 84 255 143 270 325 101 154 216 499 42 107 165 273 333 442 55 219 227 286 114 453 338 56 168 176 458 349 289 123 231 3 65 186 294 354 463 13 240 358 303 249 76 16 473 126 136 476 79 25 195 309 366 258 30 371 485 141 199 88 493 153 207 260 36 91 319 334 389 49 109 217 275 163 284 224 337 171 117 395 57 233 4 122 400 346 180 287 355 410 7 67 238 296 184 73 250 304 357 418 127 15 421 367 189 313 78 24 137 200 140 430 87 33 254 372 317 38 96 434 149 204 263 157 212 383 271 323 44 98
235 292 349 400 457 121 178 468 351 296 186 69 241 409 132 473 414 360 250 71 305 191 369 137 477 424 314 79 255 87 433 201 141 488 373 319 437 95 492 265 204 152 383 216 501 103 156 324 267 447 330 275 165 111 220 388 396 453 117 174 225 282 339 184 243 411 8 466 356 294 248 357 307 475 16 130 415 312 479 420 366 139 24 194 376 258 143 483 430 198 32 440 40 317 207 147 494 262 499 326 48 381 271 210 158 163 222 390 50 445 335 273 338 283 398 229 171 448 60 293 3 175 460 402 233 348 418 472 19 76 302 361 245 80 313 370 423 476 193 21 486 427 256 372 89 34 199 260 209 496 93 38 315 439 382 47 98 502 211 272 325 223 277 442 334 385 51 108 395 61 340 449 286 228 112 344 405 4 231 124 459 290 244 298 463 355 406 9 66 482 136 308 27 78 365 425 88 377 28 429 487 140 257 150 490 263 320 435 97 36 323 268 503 160 101 46 378 446 55 389 105 166 274 331 452 168 62 397 113 337 285 401 347 456 5 287 181 123 467 13 410 63 187 295 352 303 362 74 127 419 469 17 146 200 489 371 29 86 428 96 436 321 35 493 151 203 214 154 44 327 384 498 99 386 332 441 167 219 109 54 116 342 224 56 454 170 394 458 180 404 120 6 343 232 407 353 462 188 240 67 12 131 15 416 474 70 251 358 367 426 25 82 190 478 133 205 264 491 153 434 37 94 104 500 266 380 42 157 215 278 217 107 52 391 443 162 173 451 393 280 57 118 227 122 289 237 461 177 0 399 299 238 65 10 412 464 183 470 417 20 126 247 304 75 195 23 421 480 138 77 310 431 485 196 33 90 253 142 269 328 102 155 212 497 45 106 164 279 329 444 49 221 230 284 115 450 336 58 169 179 455 346 288 125 234 1 64 185 300 350 465 7 242 363 301 246 73 18 471 128 134 481 83 22 189 311 368 254 31 374 484 144 202 84 495 149 206 259 41 92 316 333 387 53 110 218 276 161 281 226 341 172 114 392 59 236 2 119 403 345 176 291 354 408 11 68 239 297 182 72 249 306 359 413 129 14 422 364 192 309 81 26 135 197 145 432 85 30 252 375 318 39 91 438 148 208 261 159 213 379 270 322 43 100
236 293 344 401 458 122 179 467 354 299 184 64 244 407 131 470 418 363 248 72 303 195 367 134 482 422 312 80 254 88 431 197 146 486 376 318 440 96 495 260 205 150 382 214 499 104 159 323 269 446 333 278 163 106 223 386 395 452 116 173 230 281 338 185 238 408 13 468 353 298 249 362 301 472 15 132 417 313 481 426 364 136 23 191 377 255 145 485 427 200 31 436 39 319 209 149 490 264 500 328 47 383 268 213 154 164 217 387 55 447 332 277 342 284 396 226 168 451 61 289 2 180 455 405 235 347 416 473 20 74 306 357 246 83 308 369 421 479 192 25 489 432 258 374 87 28 196 263 206 491 91 40 321 437 379 44 102 503 216 266 326 222 279 441 330 389 53 107 393 62 341 453 283 224 115 346 404 3 237 119 456 292 243 300 462 351 410 11 65 480 137 309 22 82 370 420 85 371 33 433 484 143 256 153 496 259 317 438 95 35 327 270 501 155 98 48 380 442 52 390 110 167 275 329 450 172 56 398 117 340 280 403 349 461 4 288 175 120 463 10 411 68 188 296 350 307 359 73 126 414 474 19 144 201 483 372 30 90 429 93 434 320 41 492 148 207 212 160 42 322 381 502 103 391 334 444 165 218 105 50 114 336 229 57 449 174 397 460 177 400 125 5 345 231 412 355 465 186 239 63 8 127 18 413 475 76 247 360 366 423 27 81 189 477 138 208 265 493 147 435 38 92 101 497 271 384 43 156 211 276 219 111 49 385 445 166 171 454 392 286 58 113 225 124 287 234 457 176 6 402 297 240 69 7 406 466 187 471 419 16 129 250 302 70 190 26 424 476 139 78 311 430 487 202 29 89 252 141 272 324 100 157 210 498 46 109 161 274 335 443 51 220 228 282 118 448 337 59 170 181 459 343 291 121 233 0 67 182 295 356 464 9 241 361 304 251 71 14 469 130 135 478 77 24 193 314 365 253 34 375 488 140 198 86 494 151 204 261 37 97 315 331 388 54 108 221 273 162 285 227 339 169 112 394 60 232 1 123 399 348 178 290 352 409 12 66 242 294 183 75 245 305 358 415 128 17 425 368 194 310 79 21 133 199 142 428 84 32 257 373 316 36 94 439 152 203 262 158 215 378 267 325 45 99
237 288 345 402 459 123 180 465 356 298 183 68 240 410 129 474 415 362 246 76 304 193 368 138 479 426 309 78 257 86 432 202 143 485 372 321 435 94 496 261 207 149 380 213 498 102 160 325 271 444 335 277 162 110 219 389 394 451 115 172 229 286 337 187 242 412 9 462 354 296 251 360 306 471 17 126 418 310 482 424 370 135 25 189 374 252 146 488 429 199 33 438 41 315 205 152 493 263 502 327 43 378 269 216 157 166 221 391 51 441 333 275 340 285 392 230 170 453 57 291 6 178 461 401 231 346 417 469 18 72 307 358 250 82 311 364 425 477 195 24 487 433 253 376 84 30 200 262 208 495 97 35 319 434 384 45 103 500 210 270 323 218 278 445 329 388 55 109 397 58 342 448 281 227 117 348 403 0 235 125 458 287 239 299 466 350 409 13 67 481 133 314 26 80 366 421 90 375 32 427 489 141 254 151 492 264 316 440 91 38 326 272 497 159 99 42 383 443 53 386 111 164 273 334 454 174 59 393 112 338 284 405 343 460 1 292 176 122 464 11 407 69 185 294 355 302 363 75 130 413 473 15 145 196 484 373 34 88 430 92 439 318 40 490 153 204 215 156 46 328 379 499 98 390 331 447 161 223 107 49 118 341 225 60 450 168 395 456 179 399 124 2 349 233 411 352 468 182 244 65 7 128 19 419 470 71 249 357 365 422 23 83 194 476 137 209 259 494 148 437 36 96 100 503 267 382 48 154 212 279 220 105 54 387 442 163 169 452 398 282 61 114 224 120 290 236 455 181 3 400 300 241 63 12 408 463 184 475 416 14 132 245 303 73 192 27 420 478 134 79 313 428 486 201 31 85 258 140 268 322 104 158 211 501 44 108 167 276 330 446 50 217 226 280 116 449 339 62 171 177 457 347 293 119 232 4 66 188 297 351 467 8 238 359 305 248 70 20 472 127 139 480 81 21 191 308 367 256 29 377 483 142 197 87 491 150 203 265 39 93 317 332 385 52 106 222 274 165 283 228 336 173 113 396 56 234 5 121 404 344 175 289 353 406 10 64 243 295 186 74 247 301 361 414 131 16 423 369 190 312 77 22 136 198 144 431 89 28 255 371 320 37 95 436 147 206 260 155 214 381 266 324 47 101
238 301 364 427 490 154 217 455 357 308 196 91 266 441 119 462 420 371 259 98 329 175 350 126 483 434 322 105 231 63 413 189 147 497 385 287 406 70 476 252 210 161 343 182 469 77 140 315 273 399 294 245 133 84 203 378 407 470 134 197 260 323 386 168 246 421 28 491 379 330 224 351 309 484 35 155 442 280 463 414 372 148 42 218 336 239 127 477 435 211 49 392 7 302 190 141 498 274 448 295 14 365 253 204 162 112 183 358 21 428 316 267 344 303 422 254 205 499 106 281 15 191 485 436 268 387 393 456 22 85 317 380 275 56 288 359 429 492 212 50 449 400 247 366 92 43 219 225 176 471 78 29 324 443 337 0 71 478 198 261 331 169 232 415 310 373 36 99 401 64 367 486 318 269 163 338 408 23 255 149 500 332 226 289 479 374 437 44 107 450 120 296 30 93 381 444 57 345 8 423 493 156 276 113 457 240 311 430 100 51 282 233 464 135 86 37 388 394 1 352 79 142 262 325 458 184 72 431 150 382 333 395 353 472 31 319 213 164 451 2 416 87 206 326 389 283 346 65 143 438 501 52 114 177 465 360 38 101 445 58 402 297 16 487 157 220 170 121 9 304 375 494 108 339 290 409 128 199 94 45 122 354 248 80 495 214 446 452 185 417 136 39 383 277 396 347 473 192 263 102 53 115 3 410 480 95 270 390 340 403 10 73 207 502 165 171 234 466 129 424 46 109 59 459 241 361 24 151 221 227 178 66 17 368 439 158 179 467 418 312 88 159 278 116 298 249 481 200 47 447 284 235 74 25 432 503 222 453 404 11 137 256 327 110 172 4 411 474 144 103 334 397 460 186 18 81 271 166 228 291 67 130 193 488 54 60 123 242 305 425 32 215 236 299 131 482 376 96 223 173 468 362 313 145 264 55 61 180 306 369 489 40 279 341 292 243 82 33 496 167 117 461 68 19 201 320 391 229 5 355 475 138 208 111 454 124 187 250 26 89 335 285 348 12 75 194 257 152 293 244 363 195 146 440 104 230 13 132 426 377 209 328 342 405 20 83 258 321 216 62 237 300 370 433 153 48 398 349 188 307 90 41 160 174 125 412 76 27 265 384 286 6 69 419 139 202 272 118 181 356 251 314 34 97
239 302 365 428 491 155 218 456 359 310 198 92 268 443 120 464 423 374 262 100 332 177 353 128 487 438 326 108 234 66 417 192 151 502 390 291 411 74 481 256 215 166 348 187 475 82 145 320 279 405 300 251 139 90 209 384 406 469 133 196 259 322 385 169 247 422 29 492 380 331 226 352 311 486 37 156 444 283 465 416 375 150 45 220 340 241 129 480 439 214 53 397 11 305 193 144 503 278 454 299 19 369 257 208 167 118 188 363 27 433 321 272 343 301 420 252 203 497 105 280 14 190 484 435 267 386 394 457 23 86 318 381 276 58 290 360 431 494 213 52 452 403 248 368 95 46 221 228 179 474 81 32 327 447 341 5 75 482 201 264 335 174 237 419 314 377 41 104 399 63 364 483 315 266 161 336 407 21 253 148 498 330 225 288 478 373 436 43 106 451 121 297 31 94 382 445 59 347 10 424 495 158 277 116 460 242 312 432 103 54 285 236 468 138 89 40 391 398 6 356 83 146 265 328 455 182 70 427 147 378 329 392 351 470 28 316 211 162 449 0 415 85 205 324 387 282 345 64 142 437 500 51 115 178 466 361 39 102 446 60 404 298 18 488 159 222 173 124 12 306 376 496 111 342 293 412 132 202 97 48 119 350 245 77 490 210 441 448 183 414 134 35 379 274 393 344 471 191 261 99 50 113 1 408 479 93 269 388 339 402 9 72 206 501 164 172 235 467 130 425 47 110 61 461 243 362 26 152 223 230 181 69 20 370 440 160 175 462 413 308 84 154 273 112 295 246 477 197 42 442 281 232 71 22 429 499 219 450 401 8 135 255 325 107 170 2 409 472 143 101 333 396 459 185 17 80 270 165 229 292 68 131 194 489 55 62 125 244 307 426 34 216 231 294 126 476 371 91 217 168 463 358 309 141 260 49 56 176 303 366 485 36 275 338 289 240 79 30 493 163 114 458 65 16 199 319 389 227 3 354 473 136 207 109 453 123 186 249 25 88 334 286 349 13 76 195 258 153 287 238 357 189 140 434 98 224 7 127 421 372 204 323 337 400 15 78 254 317 212 57 233 296 367 430 149 44 395 346 184 304 87 38 157 171 122 410 73 24 263 383 284 4 67 418 137 200 271 117 180 355 250 313 33 96
240 304 368 432 496 160 219 459 362 309 202 94 271 444 123 465 426 372 261 102 335 180 356 129 485 435 325 110 237 68 415 193 149 498 389 288 410 76 479 257 213 162 345 183 474 78 143 321 277 402 298 246 138 86 207 380 412 471 135 199 263 327 391 172 251 424 33 493 378 333 229 354 310 488 41 157 441 286 462 418 374 152 43 221 337 242 126 482 438 216 51 394 9 306 189 146 502 275 451 296 17 370 252 205 166 115 187 360 25 429 315 269 346 307 425 253 208 500 109 285 18 195 487 434 270 388 392 461 24 84 319 384 278 57 291 358 433 495 210 55 453 401 250 364 97 45 218 230 178 469 82 30 323 445 340 6 72 477 200 262 329 170 231 417 311 376 35 103 403 67 366 489 316 272 164 342 409 26 254 151 497 334 227 287 481 375 440 42 111 448 125 299 32 91 383 443 58 348 13 421 492 159 273 117 458 239 314 427 99 53 281 235 466 133 90 38 386 397 0 350 80 141 264 326 460 185 75 430 153 379 331 393 355 473 34 318 215 161 454 1 413 88 204 328 390 284 343 69 145 439 499 49 112 176 464 363 40 98 447 59 405 294 15 484 156 223 174 122 11 302 373 490 107 338 292 407 130 196 92 46 124 352 249 83 494 212 442 450 182 419 137 36 382 279 395 349 470 194 259 100 54 118 2 411 476 96 267 387 341 399 7 71 209 503 163 168 233 468 128 422 48 105 60 456 244 357 23 148 220 225 179 65 19 365 437 154 181 463 416 313 85 158 276 114 300 245 478 201 44 446 282 236 73 27 428 501 217 452 400 12 134 258 322 108 169 3 408 475 140 104 330 398 455 184 14 79 268 167 224 290 63 132 192 486 50 61 120 241 303 420 31 211 232 297 127 480 377 93 222 171 467 359 308 142 265 52 62 177 305 367 483 39 274 339 293 238 81 29 491 165 116 457 66 20 197 317 385 226 4 351 472 139 203 106 449 119 188 248 21 87 332 280 347 8 70 191 256 150 289 243 361 190 144 436 101 228 10 131 423 371 206 324 336 404 16 77 255 320 214 56 234 295 369 431 147 47 396 344 186 301 89 37 155 173 121 406 74 22 260 381 283 5 64 414 136 198 266 113 175 353 247 312 28 95
241 305 369 433 492 156 220 457 360 314 201 95 267 447 121 468 424 373 265 103 330 178 351 132 488 437 324 111 235 69 414 191 152 501 388 292 409 71 477 255 216 165 349 186 473 79 141 319 275 400 296 250 137 87 204 383 411 475 139 198 262 326 390 174 248 420 32 494 381 335 225 356 312 483 40 158 445 282 466 415 376 147 48 222 339 243 130 479 440 210 50 396 8 307 194 143 499 273 453 294 16 366 258 207 163 117 184 357 24 430 317 271 348 302 423 256 209 502 108 283 19 193 486 439 272 385 398 460 21 89 315 382 277 60 293 361 427 496 211 51 448 402 245 370 93 47 223 229 175 472 80 34 325 442 338 3 76 476 199 260 334 171 233 418 313 372 38 98 405 66 365 487 320 268 166 340 406 27 257 150 503 331 228 290 482 377 435 46 105 449 124 298 28 97 378 446 61 344 9 425 490 160 274 112 459 244 308 429 101 55 286 231 463 136 88 36 389 395 4 355 78 140 263 323 456 187 74 428 151 384 332 397 352 469 29 321 214 167 452 5 419 86 203 327 386 285 347 63 146 436 498 54 113 181 467 362 35 99 441 62 401 295 17 489 154 219 168 123 13 303 371 493 109 337 287 410 127 200 96 44 120 353 251 82 491 215 443 454 188 416 133 37 380 278 394 343 474 190 264 104 52 116 6 407 478 94 266 391 342 404 12 70 205 500 162 170 232 462 131 426 42 107 56 458 240 358 25 153 217 224 180 67 15 367 434 157 177 464 417 310 90 155 279 118 299 247 480 196 45 444 280 237 75 23 431 497 221 451 399 10 138 253 328 106 173 0 412 470 142 102 329 393 461 183 20 77 269 164 227 289 65 126 195 485 49 57 122 238 304 421 33 212 234 300 128 481 374 92 218 169 465 363 311 144 259 53 58 179 301 368 484 41 276 336 288 242 83 31 495 161 115 455 64 18 202 316 387 230 1 350 471 134 206 110 450 125 185 246 22 84 333 284 346 7 73 189 254 149 291 239 359 192 145 438 100 226 11 129 422 375 208 322 341 403 14 81 252 318 213 59 236 297 364 432 148 43 392 345 182 306 85 39 159 172 119 408 72 26 261 379 281 2 68 413 135 197 270 114 176 354 249 309 30 91
242 306 370 429 493 157 221 461 358 311 200 97 270 445 125 466 421 375 264 99 334 176 355 130 484 439 328 107 233 65 419 194 148 503 387 290 408 73 478 258 211 167 347 188 472 81 142 317 274 404 295 247 136 89 206 381 410 474 138 202 261 325 389 170 250 425 30 495 384 329 227 350 314 489 38 159 443 284 464 413 373 153 46 223 341 244 128 476 437 212 54 398 12 303 192 140 501 276 449 297 20 367 256 203 165 113 186 361 22 431 320 266 345 304 426 257 207 498 110 286 17 189 488 438 269 391 397 458 26 90 316 383 273 59 292 363 430 490 215 49 450 399 249 365 96 48 220 224 181 475 79 31 322 446 339 4 70 480 197 265 332 173 234 414 312 371 37 101 402 68 368 485 321 271 162 337 412 25 252 152 502 333 230 291 477 376 434 45 109 454 122 294 34 92 379 447 60 349 7 422 494 154 279 114 455 241 313 428 104 50 280 232 467 139 87 39 385 396 5 353 77 144 260 324 459 183 76 432 149 380 335 394 354 471 33 315 216 166 453 6 417 84 208 323 388 281 348 67 141 440 497 53 118 179 468 357 36 100 442 61 400 300 14 486 158 217 171 119 8 305 377 491 106 336 289 406 131 198 95 47 123 356 246 78 496 213 444 451 187 418 135 41 378 275 392 346 469 195 262 103 55 117 0 409 481 91 272 386 338 405 11 75 204 499 161 169 236 463 132 420 44 108 62 457 238 359 21 150 222 228 175 64 16 369 436 155 180 465 415 309 86 160 277 115 296 251 482 199 43 441 285 231 72 24 433 500 218 448 403 13 133 254 326 111 174 1 407 473 145 98 331 395 456 182 19 83 267 163 226 293 66 127 191 483 52 56 121 243 301 423 28 214 237 298 129 479 372 94 219 172 462 360 310 146 263 51 57 178 307 364 487 35 278 342 287 239 80 32 492 164 112 460 69 15 196 318 390 225 2 352 470 137 209 105 452 120 184 245 27 85 330 283 344 10 74 190 255 147 288 240 362 193 143 435 102 229 9 126 424 374 205 327 340 401 18 82 253 319 210 58 235 299 366 427 151 42 393 343 185 302 88 40 156 168 124 411 71 23 259 382 282 3 63 416 134 201 268 116 177 351 248 308 29 93
243 307 366 430 494 158 222 460 361 313 199 93 272 442 124 463 425 377 263 101 331 181 352 127 489 436 327 109 232 67 416 190 153 500 391 289 412 75 480 253 212 164 346 185 471 83 144 316 276 403 297 249 135 85 208 379 409 473 137 201 265 324 388 171 245 423 34 496 382 334 228 355 308 487 36 160 446 285 467 419 371 151 44 219 342 240 131 478 434 215 52 393 10 304 195 142 497 279 450 300 18 368 254 206 161 114 182 359 26 432 318 270 349 305 424 255 204 501 111 282 16 194 483 440 271 390 395 459 27 88 320 378 274 62 287 362 428 493 214 54 454 404 251 367 94 42 217 227 177 470 77 33 328 444 336 1 73 481 202 259 333 172 236 413 309 375 39 100 400 69 369 488 319 267 165 339 411 24 258 147 499 335 229 293 476 372 439 47 108 452 123 295 29 96 384 441 56 343 12 426 491 157 278 118 461 238 310 431 102 49 284 234 465 134 84 41 387 392 2 354 81 145 261 322 457 186 71 433 152 383 330 396 356 475 32 317 210 163 448 3 418 89 209 325 385 286 344 66 140 435 503 55 116 180 462 358 37 104 443 57 399 299 20 485 155 221 169 125 7 301 374 495 110 341 291 408 129 197 91 43 121 351 250 79 492 216 447 453 184 415 139 40 381 273 398 348 472 193 260 98 51 112 4 406 482 97 268 389 337 401 13 74 203 498 167 173 237 464 126 421 45 106 58 455 242 363 22 149 218 226 176 68 14 364 438 159 178 468 414 314 87 156 275 117 294 248 479 198 48 445 283 233 76 21 427 502 223 449 405 9 136 257 323 105 168 5 410 469 146 99 332 394 458 188 15 82 266 162 230 288 64 128 189 484 53 59 119 239 306 422 30 213 235 296 132 477 373 95 220 174 466 357 312 143 262 50 60 175 302 370 486 38 277 340 290 244 78 28 490 166 113 456 63 17 200 321 386 224 6 353 474 133 205 107 451 122 183 247 23 90 329 281 345 11 72 192 252 148 292 241 360 191 141 437 103 225 8 130 420 376 207 326 338 402 19 80 256 315 211 61 231 298 365 429 150 46 397 347 187 303 86 35 154 170 120 407 70 25 264 380 280 0 65 417 138 196 269 115 179 350 246 311 31 92
244 303 367 431 495 159 223 458 363 312 197 96 269 446 122 467 422 376 260 104 333 179 354 131 486 440 323 106 236 64 418 195 150 499 386 293 407 72 482 254 214 163 344 184 470 80 146 318 278 401 299 248 134 88 205 382 408 472 136 200 264 328 387 173 249 426 31 490 383 332 230 353 313 485 39 154 447 281 468 417 377 149 47 217 338 238 132 481 436 213 55 395 13 301 191 145 500 277 452 298 15 364 255 209 164 116 185 362 23 427 319 268 347 306 421 258 206 503 107 284 20 192 489 437 266 389 396 455 25 87 321 379 279 61 289 357 432 491 216 53 451 405 246 369 91 44 222 226 180 473 83 28 326 441 342 2 74 479 196 263 330 168 235 416 308 374 40 102 404 65 370 484 317 270 167 341 410 22 256 153 501 329 224 292 480 371 438 48 110 453 119 300 33 95 380 442 62 346 11 420 496 155 275 115 456 243 309 433 98 52 283 237 462 137 85 35 390 393 3 351 82 143 259 327 461 188 73 429 148 381 334 398 350 474 30 320 212 165 450 4 414 90 207 322 391 280 349 68 144 434 502 50 117 175 463 359 41 103 444 56 403 296 19 483 160 218 172 120 10 307 372 492 105 340 288 411 126 201 93 42 125 355 247 81 493 211 445 449 186 413 138 38 384 276 397 345 475 189 265 101 49 114 5 412 477 92 271 385 336 400 8 76 208 497 166 174 231 465 127 423 43 111 57 460 239 360 27 147 219 229 177 63 18 366 435 156 176 466 419 311 89 157 274 113 297 250 476 202 46 443 286 234 70 26 430 498 220 454 402 7 139 252 324 109 171 6 406 471 141 100 335 392 457 187 16 78 272 161 225 287 69 129 190 487 51 58 124 240 302 424 29 210 233 295 130 478 375 97 221 170 464 361 314 140 261 54 59 181 304 365 488 37 273 337 291 241 77 34 494 162 118 459 67 14 198 315 388 228 0 356 469 135 204 108 448 121 182 251 24 86 331 282 343 9 71 193 253 151 290 242 358 194 142 439 99 227 12 128 425 373 203 325 339 399 17 79 257 316 215 60 232 294 368 428 152 45 394 348 183 305 84 36 158 169 123 409 75 21 262 378 285 1 66 415 133 199 267 112 178 352 245 310 32 94
245 308 371 434 497 161 182 483 378 287 217 77 259 413 147 476 441 343 238 84 322 210 385 140 462 399 301 91 273 98 406 203 126 455 364 294 427 105 469 266 189 119 357 175 490 63 133 329 252 420 315 231 154 70 196 350 442 463 127 190 253 316 379 204 274 428 42 470 336 309 267 372 295 491 49 134 392 330 448 435 358 155 7 197 351 260 112 498 421 218 14 414 21 323 168 162 484 239 477 302 28 386 224 183 148 141 211 365 35 407 280 246 366 331 436 232 212 471 85 324 36 219 478 393 254 359 400 499 29 56 310 387 261 71 317 344 443 485 169 43 492 415 268 337 106 22 176 275 198 449 99 15 288 422 373 50 78 456 205 247 281 191 225 429 303 380 0 92 430 93 352 500 289 276 135 388 423 44 240 142 450 318 255 282 493 367 444 1 100 457 163 325 37 57 374 408 79 381 51 401 464 149 226 156 479 233 332 394 64 30 296 262 486 113 107 23 345 437 8 338 86 120 269 311 494 199 101 416 164 346 297 409 382 487 52 304 206 114 501 16 395 94 177 333 375 319 339 108 157 431 465 2 121 184 472 389 45 58 438 87 445 283 9 458 128 213 220 143 38 290 353 451 72 360 326 402 150 170 65 31 158 361 263 109 480 185 403 473 171 446 151 10 368 270 424 390 459 214 227 73 39 165 24 439 452 102 234 354 383 396 3 66 221 495 129 178 248 502 136 410 53 59 95 466 277 340 17 122 192 241 207 80 46 347 417 115 222 460 425 327 67 144 249 137 334 228 467 215 18 432 305 271 88 54 404 481 172 488 411 47 123 278 284 81 186 32 418 503 116 110 291 447 453 193 4 74 242 159 235 312 60 166 200 474 11 103 130 256 298 397 25 179 243 313 124 489 391 75 208 201 496 355 285 131 279 26 111 194 320 362 454 33 236 369 335 229 96 12 461 145 152 475 89 55 180 299 341 250 40 348 482 167 173 68 468 117 223 257 5 82 306 292 376 19 61 187 264 138 307 272 377 181 153 412 83 265 34 160 419 342 195 300 349 440 27 62 251 328 202 69 258 293 384 426 118 41 433 356 209 286 104 20 125 216 139 398 97 13 237 363 314 48 76 405 146 188 230 132 174 370 244 321 6 90
246 309 372 435 498 162 183 485 380 288 219 78 261 415 149 479 444 345 240 86 325 213 389 143 465 402 304 94 277 102 410 207 129 459 368 298 432 110 474 271 193 123 362 180 496 68 138 335 257 426 321 237 160 76 202 356 441 462 126 189 252 315 378 205 275 429 43 471 337 310 269 374 296 493 51 135 394 333 451 438 360 157 9 199 354 263 115 502 424 221 17 418 25 327 172 166 488 242 482 306 33 391 229 187 152 146 216 370 41 412 286 251 364 329 434 231 210 469 84 323 35 218 477 392 253 358 401 500 30 57 311 388 262 72 319 346 445 487 170 45 495 417 270 340 109 24 178 278 200 453 103 18 291 425 376 55 82 461 208 250 285 195 230 433 307 384 6 97 427 91 350 497 287 273 133 386 421 42 239 141 448 316 254 281 492 366 443 0 99 458 164 326 38 58 375 409 80 383 53 403 466 151 227 159 481 235 334 397 67 32 299 264 489 117 111 26 348 440 13 342 90 125 272 314 490 196 98 413 161 343 294 407 379 484 49 302 204 112 499 15 393 92 176 331 373 318 338 107 156 430 464 1 122 185 473 390 46 59 439 88 447 284 11 460 130 215 223 145 40 292 355 454 75 363 328 405 153 174 69 34 154 357 259 105 476 182 399 470 168 442 148 7 365 267 422 387 456 212 225 71 36 163 23 437 450 100 233 352 382 395 2 65 220 494 128 179 249 503 137 411 54 60 96 468 279 341 19 124 194 244 209 83 48 349 419 118 217 455 420 322 63 140 245 134 330 224 463 211 14 428 303 268 85 50 400 478 169 486 408 44 120 276 282 79 184 31 416 501 114 108 290 446 452 192 3 73 241 158 236 313 61 167 201 475 12 104 132 258 300 398 27 181 238 308 119 483 385 70 203 197 491 351 280 127 274 21 106 191 317 359 449 29 232 367 332 226 93 8 457 142 150 472 87 52 177 297 339 248 39 347 480 165 171 66 467 116 222 256 4 81 305 293 377 20 62 188 265 139 301 266 371 175 147 406 77 260 28 155 414 336 190 295 344 436 22 56 247 324 198 64 255 289 381 423 113 37 431 353 206 283 101 16 121 214 136 396 95 10 234 361 312 47 74 404 144 186 228 131 173 369 243 320 5 89
247 311 375 439 503 167 188 484 381 290 221 81 264 419 148 478 445 347 242 89 328 211 387 142 466 404 306 97 274 99 408 206 130 461 370 295 429 107 472 270 194 125 358 176 493 65 136 334 258 421 317 233 157 73 200 355 443 464 128 192 256 320 384 203 276 431 46 474 341 314 266 373 297 495 54 138 398 329 449 437 361 159 12 202 350 261 113 501 425 223 20 413 22 325 170 165 489 244 476 303 30 389 227 186 153 140 212 367 38 410 284 250 365 332 438 234 215 475 90 322 37 220 480 397 257 363 399 498 31 59 312 391 265 70 316 345 446 488 173 48 490 414 269 339 110 26 181 273 197 450 101 17 292 426 371 49 79 458 207 249 286 189 224 430 304 383 4 96 428 92 353 502 291 279 139 385 422 45 241 144 454 321 252 280 494 368 447 5 104 455 162 324 39 60 376 412 77 379 50 402 467 152 230 154 477 232 333 396 68 34 294 260 485 114 109 25 349 434 7 337 87 122 271 313 491 198 100 417 166 348 300 406 380 486 53 305 208 118 497 14 394 95 179 335 377 315 336 106 158 432 468 6 119 183 471 388 47 61 440 84 442 281 8 459 131 216 217 141 36 289 354 453 76 357 323 400 149 171 67 33 155 359 262 108 481 187 405 469 169 444 150 11 369 272 420 386 457 213 228 75 41 161 21 436 451 103 236 356 378 392 0 64 222 496 132 175 246 499 135 409 55 62 91 463 275 338 16 123 195 238 204 78 44 346 418 117 218 456 423 326 66 145 251 133 331 226 465 214 19 433 301 267 86 52 403 482 174 483 407 43 121 277 285 83 182 28 415 500 115 111 293 441 448 191 1 72 243 160 231 309 56 163 199 473 13 98 127 254 296 395 24 180 239 310 120 487 390 74 209 196 492 352 283 129 278 27 105 190 318 360 452 32 237 364 330 225 94 10 460 146 147 470 85 51 178 298 342 245 35 344 479 164 172 69 462 112 219 255 2 80 307 287 372 15 57 184 263 137 302 268 374 177 151 411 82 259 29 156 416 340 193 299 343 435 23 58 248 327 201 63 253 288 382 424 116 40 427 351 205 282 102 18 124 210 134 393 93 9 235 362 308 42 71 401 143 185 229 126 168 366 240 319 3 88
248 312 376 440 499 163 184 486 382 293 223 80 260 418 150 482 446 344 244 88 323 214 386 146 467 401 303 96 278 104 407 205 131 458 367 299 431 106 470 269 195 122 363 179 495 64 134 333 254 422 318 236 159 72 197 354 447 468 132 191 255 319 383 209 277 427 47 472 338 313 268 377 298 490 55 136 395 332 452 436 362 154 13 200 353 264 116 500 426 217 15 417 23 328 173 164 485 238 481 301 31 387 230 185 149 145 213 364 39 408 281 249 369 330 437 235 216 473 87 326 40 222 479 396 258 357 405 503 28 61 308 389 263 74 321 347 441 489 168 44 491 416 266 342 107 25 180 279 196 451 102 20 289 421 374 53 83 455 206 246 284 192 226 432 306 379 2 91 433 95 351 501 292 275 137 390 420 48 243 143 453 317 256 283 496 370 442 3 98 456 167 327 35 62 371 410 82 380 52 404 462 153 224 155 480 237 329 393 65 33 300 259 484 115 110 22 346 438 11 341 85 119 270 309 492 201 103 414 165 349 296 411 381 483 50 307 207 117 502 19 398 93 175 334 372 320 340 105 160 429 463 4 120 188 474 391 42 56 434 90 444 280 10 461 126 212 218 144 41 288 350 450 73 359 322 403 148 172 68 30 156 360 265 111 477 186 400 475 174 445 147 8 366 271 423 385 460 211 229 76 38 166 27 435 449 101 231 355 384 397 5 63 219 493 127 177 247 497 138 412 49 57 92 465 276 336 18 125 189 239 208 81 43 345 413 114 220 457 424 324 69 141 250 139 335 225 466 210 16 430 302 272 89 51 402 476 171 487 406 46 124 274 286 78 187 29 419 498 113 109 287 443 454 190 6 70 240 157 234 311 58 161 202 471 7 100 129 252 297 392 26 176 241 314 121 488 388 71 204 198 494 356 282 130 273 24 108 193 315 361 448 34 233 365 331 228 97 9 459 140 151 469 86 54 181 295 337 251 37 343 478 162 170 67 464 118 221 253 0 77 304 291 375 14 59 182 261 135 305 267 373 178 152 409 79 262 32 158 415 339 194 294 348 439 21 60 245 325 199 66 257 290 378 425 112 36 428 352 203 285 99 17 123 215 133 394 94 12 232 358 310 45 75 399 142 183 227 128 169 368 242 316 1 84
249 313 377 436 500 164 185 489 379 289 222 83 263 416 153 480 442 346 243 85 327 212 391 144 463 403 307 93 276 101 412 208 127 460 366 297 430 109 471 272 190 124 361 181 494 67 135 331 253 425 316 232 158 75 199 352 446 467 131 195 254 318 382 206 279 432 44 473 342 308 270 371 300 496 52 137 393 334 450 434 359 160 10 201 355 265 114 497 423 219 18 419 26 324 171 161 487 240 478 304 34 388 228 182 151 142 215 368 36 409 285 245 367 333 440 236 214 470 88 328 39 217 481 395 255 362 404 501 33 62 309 390 259 73 320 349 444 483 172 42 493 413 271 336 111 27 177 274 202 454 100 16 287 424 375 54 77 459 204 251 282 194 227 428 305 378 1 94 431 96 354 499 293 278 134 387 426 47 238 145 452 319 258 284 491 369 441 2 102 461 165 322 41 56 372 411 81 384 49 400 465 147 229 157 476 234 335 392 69 29 295 261 488 118 108 24 343 439 12 339 84 123 267 310 495 197 104 418 163 344 299 408 383 485 55 301 209 116 503 20 396 91 180 330 374 317 341 110 155 433 462 3 125 186 475 385 43 57 435 89 443 286 7 457 129 210 221 140 37 291 356 448 71 358 325 399 152 169 66 32 159 363 260 106 482 184 401 472 173 447 149 13 364 268 421 389 455 216 226 74 40 167 22 438 453 98 237 351 381 398 4 68 218 492 126 176 250 498 139 406 51 58 97 464 273 337 14 121 193 242 203 79 45 348 415 112 223 458 422 323 64 146 248 136 332 230 468 213 15 427 306 266 87 53 405 479 168 484 410 48 119 275 283 82 188 30 414 502 117 105 288 445 449 189 5 76 239 156 233 314 59 162 198 469 9 99 128 257 294 394 21 178 244 312 122 486 386 72 205 200 490 353 281 132 277 23 107 192 321 357 451 28 235 370 329 224 95 11 456 143 148 474 90 50 175 296 340 247 38 345 477 166 174 63 466 113 220 252 6 78 302 290 373 17 60 183 262 133 303 269 376 179 150 407 80 264 31 154 417 338 191 298 347 437 25 61 246 326 196 65 256 292 380 420 115 35 429 350 207 280 103 19 120 211 138 397 92 8 231 360 311 46 70 402 141 187 225 130 170 365 241 315 0 86
250 314 373 437 501 165 186 488 383 292 220 79 265 414 152 477 447 349 241 87 324 216 388 141 468 400 305 95 275 103 409 204 132 457 369 296 433 111 473 267 191 121 360 178 492 69 137 330 255 424 319 235 156 71 201 351 445 466 130 194 258 317 381 207 273 430 48 475 339 312 271 376 294 494 50 139 396 335 453 440 357 158 8 198 356 262 117 499 420 222 16 415 24 326 174 163 483 243 479 307 32 390 225 184 147 143 210 366 40 411 282 248 370 334 439 233 211 472 89 325 38 223 476 398 256 361 402 502 34 60 313 385 260 76 315 348 442 486 171 47 496 418 272 338 108 21 175 277 199 448 98 19 293 423 372 51 80 460 209 245 283 193 229 427 302 382 3 93 429 97 355 503 290 274 136 389 425 46 244 140 449 320 257 286 490 365 446 4 101 459 166 323 36 61 377 406 78 378 55 405 463 150 228 160 482 231 331 395 66 28 298 263 487 112 105 27 344 435 9 340 88 124 268 308 493 200 99 419 167 347 295 410 384 489 54 303 203 113 498 17 397 96 181 332 371 321 337 109 154 428 467 5 123 187 469 386 44 62 436 86 441 285 13 456 127 214 219 146 35 287 352 452 74 362 327 401 151 168 63 29 157 358 264 107 478 188 404 474 170 443 153 12 367 266 426 391 458 215 224 70 37 162 25 434 454 104 232 353 380 394 6 67 217 491 131 180 251 500 133 407 52 56 94 462 278 342 15 120 190 240 205 82 42 343 416 116 221 461 421 328 65 142 247 138 329 227 464 212 20 431 304 269 90 49 399 480 173 485 412 45 122 279 280 77 183 33 417 497 118 106 289 444 451 195 0 75 238 155 237 310 57 164 196 470 10 102 126 253 299 393 23 177 242 311 125 484 387 73 206 202 495 350 284 128 276 22 110 189 316 363 450 31 234 368 333 230 92 7 455 144 149 471 84 53 179 300 336 246 41 346 481 161 169 64 465 115 218 254 1 83 301 288 374 18 58 185 259 134 306 270 375 176 148 408 81 261 30 159 413 341 192 297 345 438 26 59 249 322 197 68 252 291 379 422 114 39 432 354 208 281 100 14 119 213 135 392 91 11 236 359 309 43 72 403 145 182 226 129 172 364 239 318 2 85
251 310 374 438 502 166 187 487 384 291 218 82 262 417 151 481 443 348 239 90 326 215 390 145 464 405 302 92 279 100 411 209 128 456 365 300 428 108 475 268 192 120 359 177 491 66 139 332 256 423 320 234 155 74 198 353 444 465 129 193 257 321 380 208 278 433 45 469 340 311 272 375 299 492 53 133 397 331 454 439 363 156 11 196 352 259 118 503 422 220 19 416 27 322 169 167 486 241 480 305 29 385 226 188 150 144 214 369 37 406 283 247 368 335 435 237 213 474 86 327 41 221 482 394 252 360 403 497 32 58 314 386 264 75 318 343 447 484 174 46 494 419 267 341 105 23 179 276 201 452 104 14 290 420 377 52 81 457 203 248 280 190 228 431 301 381 5 95 432 94 356 498 288 277 138 391 424 43 242 146 451 315 253 285 495 364 445 6 103 460 161 328 40 59 373 407 83 382 54 399 468 148 225 158 478 236 330 398 63 31 297 265 483 116 106 21 347 436 10 336 89 121 266 312 496 202 102 415 162 345 298 412 378 488 51 306 205 115 500 18 392 97 178 329 376 316 342 111 159 427 466 0 124 182 470 387 48 60 437 85 446 282 12 455 132 211 222 142 39 293 351 449 70 361 324 404 147 173 64 28 160 362 261 110 479 183 402 471 172 441 152 9 370 269 425 388 461 210 230 72 35 164 26 440 448 99 235 350 379 393 1 69 223 490 130 181 245 501 134 408 50 61 93 467 274 339 20 119 191 243 206 77 47 344 414 113 219 459 426 325 68 143 246 135 333 229 462 216 17 429 307 270 84 55 401 477 170 489 409 42 125 273 281 80 185 34 413 499 112 107 292 442 450 194 2 71 244 154 232 308 62 165 197 472 8 101 131 255 295 396 22 175 240 309 123 485 389 76 207 199 493 354 286 126 275 25 109 195 319 358 453 30 231 366 334 227 91 13 458 141 153 473 88 49 176 294 338 249 36 349 476 163 168 65 463 114 217 258 3 79 303 289 371 16 56 186 260 136 304 271 372 180 149 410 78 263 33 157 418 337 189 296 346 434 24 57 250 323 200 67 254 287 383 421 117 38 430 355 204 284 98 15 122 212 137 395 96 7 233 357 313 44 73 400 140 184 224 127 171 367 238 317 4 87
252 315 378 441 462 126 189 469 364 329 210 84 231 434 133 497 427 350 273 91 287 196 343 161 490 413 294 98 259 105 399 182 154 476 357 322 420 63 455 245 217 140 385 203 483 70 119 308 238 406 301 266 147 77 175 371 435 498 162 183 246 309 372 218 253 392 35 477 358 323 239 386 316 448 42 141 421 302 484 407 379 112 49 204 365 267 148 470 442 168 7 428 14 330 211 134 463 224 491 280 21 351 274 197 127 155 190 336 28 414 295 260 380 288 415 261 219 485 78 310 43 205 471 429 275 337 443 492 0 99 281 366 254 92 331 373 393 499 176 15 456 422 225 387 71 36 212 268 169 478 85 50 303 400 359 29 106 449 191 232 317 198 247 436 324 344 22 56 444 86 345 479 325 240 149 374 394 51 269 135 493 296 262 311 500 388 401 30 57 464 156 318 1 107 338 430 100 352 23 437 450 163 233 120 486 276 282 408 79 44 332 226 457 142 93 8 367 423 37 381 64 113 255 289 465 213 94 402 143 389 304 438 360 451 9 333 199 157 487 45 445 72 170 319 346 326 375 58 164 409 458 38 128 220 494 382 2 65 395 108 416 290 31 501 114 184 177 150 52 297 339 472 87 353 283 431 121 206 101 16 129 368 277 102 459 207 410 502 221 424 115 17 354 263 417 340 495 178 270 109 24 151 53 403 466 80 227 383 390 439 46 59 185 473 122 192 241 452 158 446 3 73 66 480 248 347 39 165 171 234 214 95 10 361 396 136 193 474 432 298 110 123 271 166 327 242 488 172 25 418 291 278 103 18 425 453 200 481 397 32 159 235 334 67 215 11 447 460 130 88 284 411 503 179 54 60 249 137 256 305 81 116 222 467 4 74 144 228 312 404 47 186 257 335 138 496 362 68 180 187 482 391 306 152 229 33 82 208 285 376 461 55 250 348 299 264 111 26 489 117 145 454 75 40 223 292 355 279 19 341 468 124 194 96 475 167 201 236 12 61 313 320 369 5 89 173 243 131 321 237 356 202 160 426 76 251 41 146 412 370 216 286 384 433 6 97 230 307 195 90 272 314 342 440 125 13 405 363 174 328 69 34 153 209 118 419 83 48 244 349 300 27 104 398 132 181 258 139 188 377 265 293 20 62
253 316 379 442 463 127 190 471 366 331 212 85 232 436 135 500 430 352 276 93 289 199 346 164 494 416 297 101 263 109 403 185 158 480 361 327 425 67 460 249 222 144 391 208 489 75 124 313 243 412 307 272 153 83 181 377 434 497 161 182 245 308 371 219 254 393 36 478 359 324 240 388 318 450 44 142 423 304 487 409 382 114 52 206 368 270 151 473 446 171 10 432 18 334 215 137 467 228 496 285 26 355 279 201 131 160 195 342 34 419 300 265 378 287 413 259 217 483 77 309 42 204 470 428 274 336 444 493 1 100 282 367 255 94 333 375 395 501 177 16 459 424 227 390 73 39 214 271 172 481 88 54 305 404 362 33 111 454 194 236 320 202 251 440 328 349 27 62 441 84 343 476 322 238 147 372 392 49 267 134 491 295 261 310 499 387 400 29 56 465 157 319 2 108 339 431 102 354 24 439 452 165 234 123 488 278 284 411 81 47 335 229 461 145 96 12 369 426 41 384 69 118 258 293 462 210 91 399 140 385 301 435 358 448 7 330 197 155 485 43 443 71 169 317 344 325 374 57 163 408 457 37 129 221 495 383 3 66 396 110 418 291 32 503 116 186 180 152 55 299 341 475 89 356 286 433 125 209 104 20 126 364 273 98 455 203 406 498 218 421 112 14 351 260 415 337 492 176 268 106 22 149 51 401 464 79 226 381 389 438 45 58 184 472 121 193 242 453 159 447 4 74 68 482 250 348 40 167 173 237 216 97 13 363 398 139 189 469 427 294 105 119 266 162 323 239 484 168 21 414 288 275 99 15 422 449 198 479 394 30 156 233 332 64 213 9 445 458 128 87 283 410 502 178 53 59 248 136 257 306 82 117 223 468 5 76 146 230 314 405 48 188 252 329 133 490 357 63 175 183 477 386 302 148 224 28 78 205 281 373 456 50 247 345 296 262 107 23 486 113 143 451 72 38 220 290 353 277 17 340 466 122 192 95 474 166 200 235 11 60 312 321 370 6 90 174 244 132 315 231 350 196 154 420 70 246 35 141 407 365 211 280 380 429 0 92 225 303 191 86 269 311 338 437 120 8 402 360 170 326 65 31 150 207 115 417 80 46 241 347 298 25 103 397 130 179 256 138 187 376 264 292 19 61
254 318 382 446 467 131 195 470 367 333 214 88 236 440 134 499 431 354 278 96 293 197 344 163 495 418 299 104 260 106 401 184 159 482 363 323 422 64 458 248 223 146 386 205 486 72 122 312 244 407 303 269 150 80 179 376 436 500 164 185 249 313 377 217 255 395 39 481 362 328 238 387 319 452 47 145 426 301 485 408 383 116 55 209 364 268 149 472 447 173 13 427 15 332 213 136 468 230 490 281 23 353 277 200 132 154 191 338 31 417 298 264 379 289 416 263 222 489 83 308 44 206 473 432 279 342 441 491 2 102 284 369 258 91 330 374 396 503 180 20 455 421 226 389 74 40 216 266 168 479 87 53 306 405 357 28 107 451 192 235 321 196 246 437 326 347 25 61 442 85 346 480 327 243 153 371 393 52 270 137 496 300 259 309 501 390 404 33 62 462 155 317 3 110 341 433 98 351 22 438 453 167 237 119 484 275 283 410 82 48 329 224 456 143 95 11 370 420 35 380 65 115 256 292 463 212 93 403 144 391 307 434 359 450 10 334 201 160 483 42 444 73 172 320 349 322 372 56 165 411 461 41 126 218 492 381 4 68 398 105 414 288 30 502 117 188 175 148 50 296 340 474 90 350 280 429 120 207 103 19 127 366 276 101 460 208 412 497 219 423 114 18 355 265 413 336 493 177 271 111 27 147 49 400 465 81 229 384 385 435 43 57 186 475 125 189 239 449 156 445 5 76 63 477 247 345 38 166 174 231 211 92 8 360 397 138 190 471 430 297 109 124 272 161 324 240 487 171 26 419 287 274 100 16 424 454 202 476 392 29 157 234 335 69 210 7 443 457 129 89 286 406 498 176 51 58 250 139 252 302 78 113 220 466 6 70 141 225 311 402 46 187 253 331 135 494 361 67 181 182 478 388 304 151 228 34 77 204 282 375 459 54 251 343 295 261 108 24 488 118 140 448 71 37 221 291 356 273 14 337 464 121 193 97 469 162 198 233 9 59 314 315 365 0 86 170 241 130 316 232 352 199 158 425 75 245 36 142 409 368 215 285 378 428 1 94 227 305 194 84 267 310 339 439 123 12 399 358 169 325 66 32 152 203 112 415 79 45 242 348 294 21 99 394 128 178 257 133 183 373 262 290 17 60
255 319 383 447 468 132 191 473 369 330 216 87 235 437 137 501 433 351 275 95 292 201 349 165 492 414 296 103 265 111 400 186 156 477 360 324 424 69 457 250 220 141 388 204 488 71 121 314 241 409 305 267 152 79 178 373 440 499 163 184 248 312 376 222 258 396 40 479 357 326 243 390 317 453 48 143 420 307 483 411 381 117 50 207 366 271 147 475 445 174 8 430 16 335 210 139 466 225 494 282 24 356 273 198 130 158 194 339 32 415 294 262 382 293 418 260 223 486 80 313 47 209 472 427 277 338 442 496 3 98 283 370 256 93 334 372 398 502 175 19 460 423 229 385 76 38 211 272 171 476 89 51 302 402 361 34 108 448 193 233 315 199 245 439 325 348 21 60 446 88 344 482 323 244 150 377 395 55 268 136 490 298 263 308 503 389 405 28 61 463 160 320 4 105 340 429 101 355 27 435 449 166 231 124 487 274 286 406 78 46 331 228 459 140 97 9 365 425 36 378 66 112 257 290 467 214 96 401 146 386 303 436 362 452 13 332 200 154 489 44 441 74 168 321 347 327 371 62 167 410 456 35 127 219 493 384 5 63 397 109 419 287 29 498 113 187 181 151 54 295 337 469 86 352 285 428 123 203 99 17 131 367 278 104 458 205 407 500 217 426 116 15 353 264 416 342 491 180 266 107 25 153 52 404 462 82 224 380 391 434 42 56 188 474 120 190 240 454 157 443 6 70 67 478 251 343 37 162 170 232 215 94 12 358 394 133 195 470 431 299 106 122 269 164 328 238 485 173 23 417 289 279 102 20 421 451 196 480 393 33 155 237 329 65 212 10 444 461 126 90 280 412 497 177 49 57 247 138 253 304 77 118 221 464 0 75 142 227 310 399 45 183 254 333 134 495 363 64 179 185 481 387 301 149 230 31 83 206 284 374 455 53 246 346 300 259 110 22 484 115 144 450 73 41 218 288 350 276 18 336 465 125 189 92 471 161 202 234 7 58 311 316 368 1 84 169 242 128 318 236 354 197 159 422 72 249 39 145 408 364 213 281 379 432 2 91 226 306 192 85 270 309 341 438 119 11 403 359 172 322 68 30 148 208 114 413 81 43 239 345 297 26 100 392 129 176 252 135 182 375 261 291 14 59
256 320 384 443 464 128 192 475 365 332 215 90 234 438 139 502 428 353 279 92 291 198 348 166 491 417 300 100 262 108 405 187 155 481 359 326 423 66 456 251 218 145 390 209 487 74 120 310 239 411 302 268 151 82 177 374 439 503 167 188 247 311 375 220 257 397 37 480 363 322 241 385 321 454 45 144 422 305 486 406 380 118 53 208 369 272 150 469 444 169 11 433 19 331 214 133 465 226 492 283 27 352 278 196 129 156 193 340 29 416 299 259 381 290 419 264 221 484 81 314 46 203 474 431 276 341 447 494 5 104 280 368 252 95 335 377 394 497 179 14 457 420 228 386 75 41 213 267 174 482 86 52 301 403 360 32 105 452 190 237 318 201 248 435 327 343 23 58 445 89 347 478 328 242 148 373 398 54 266 138 495 297 265 312 498 391 399 31 59 468 158 315 6 106 336 432 103 356 21 436 451 161 236 121 483 277 285 407 83 43 330 225 460 146 94 10 364 424 40 382 63 116 253 288 466 211 97 404 142 387 306 437 361 449 12 329 202 159 488 48 446 70 173 316 345 324 376 60 162 412 455 39 132 222 496 378 0 64 392 111 415 293 28 500 115 182 178 147 51 298 342 470 85 351 282 427 124 205 102 18 130 370 274 99 461 206 408 501 223 425 113 20 350 261 414 339 490 181 269 110 26 152 50 402 467 77 230 379 388 440 47 61 183 471 119 191 243 448 160 441 1 72 69 479 245 344 35 164 172 235 210 93 9 362 393 134 194 472 429 295 107 125 270 165 325 244 489 170 22 413 292 273 101 17 426 450 197 477 396 34 154 232 333 68 216 8 442 459 131 84 281 409 499 175 55 62 246 135 255 307 80 112 219 462 2 71 143 229 308 401 42 185 258 334 136 493 358 65 176 186 476 389 303 153 227 30 79 207 286 371 458 49 249 349 294 260 109 25 485 114 141 453 76 36 217 289 354 275 16 338 463 123 195 91 473 163 199 231 13 56 309 319 366 3 88 168 240 126 317 233 355 200 157 421 73 250 38 140 410 367 212 284 383 430 4 96 224 304 189 87 271 313 337 434 122 7 400 357 171 323 67 33 149 204 117 418 78 44 238 346 296 24 98 395 127 180 254 137 184 372 263 287 15 57
257 321 380 444 465 129 193 474 368 335 213 86 237 435 138 498 432 356 277 94 288 202 345 162 496 415 298 102 261 110 402 183 160 479 362 325 426 68 459 246 219 143 389 207 485 76 123 309 240 410 304 271 149 78 180 372 438 502 166 187 251 310 374 221 252 394 41 482 360 327 242 391 315 451 43 146 424 306 488 412 378 115 51 205 370 269 152 471 441 172 9 429 17 333 216 135 462 229 493 286 25 354 275 199 126 157 189 337 33 418 296 263 384 291 417 262 218 487 82 311 45 208 469 433 278 340 445 495 6 103 285 364 253 97 329 376 392 500 178 18 461 425 230 388 72 35 210 270 170 477 84 55 307 401 358 30 109 453 195 231 319 200 250 434 323 346 24 57 443 90 348 481 326 239 151 375 397 53 272 133 492 299 264 314 497 386 403 32 58 466 159 316 0 111 342 427 99 350 26 440 448 164 235 125 489 273 281 409 80 42 334 227 458 141 91 13 366 421 38 383 67 117 254 287 464 215 92 405 145 390 302 439 363 454 11 331 196 156 484 46 447 75 174 318 343 328 373 59 161 407 460 40 130 223 490 379 1 69 393 107 413 292 34 499 112 185 176 153 49 294 338 473 88 355 284 430 122 204 98 15 128 365 279 100 456 209 411 503 220 422 118 19 352 259 419 341 494 179 267 105 23 148 54 399 468 83 225 382 387 437 48 60 182 470 124 194 244 450 154 442 2 71 65 476 249 349 36 163 168 233 212 96 7 357 395 137 192 475 428 300 108 120 268 167 322 241 486 169 27 416 290 276 104 14 420 452 201 478 398 31 158 236 330 63 211 12 446 455 132 85 282 408 501 181 50 61 245 134 258 303 79 114 217 463 3 73 140 224 313 400 44 184 256 332 139 491 359 66 177 188 480 385 305 150 226 29 81 203 280 377 457 52 248 347 297 265 106 21 483 116 142 449 70 39 222 293 351 274 20 339 467 119 191 93 472 165 197 232 8 62 308 317 367 4 87 171 238 127 320 234 353 198 155 423 74 247 37 144 406 369 214 283 381 431 5 95 228 301 190 89 266 312 336 436 121 10 404 361 173 324 64 28 147 206 113 414 77 47 243 344 295 22 101 396 131 175 255 136 186 371 260 289 16 56
258 317 381 445 466 130 194 472 370 334 211 89 233 439 136 503 429 355 274 97 290 200 347 167 493 419 295 99 264 107 404 188 157 478 358 328 421 65 461 247 221 142 387 206 484 73 125 311 242 408 306 270 148 81 176 375 437 501 165 186 250 314 373 223 256 398 38 476 361 325 244 389 320 449 46 140 425 303 489 410 384 113 54 203 367 266 153 474 443 170 12 431 20 329 212 138 464 227 495 284 22 350 276 202 128 159 192 341 30 413 297 261 383 292 414 265 220 488 79 312 48 207 475 430 273 339 446 490 4 101 286 365 257 96 332 371 397 498 181 17 458 426 224 391 70 37 215 269 173 480 90 49 304 399 363 31 110 450 189 234 316 197 249 438 322 345 26 59 447 87 349 477 324 241 152 376 396 50 271 139 494 294 260 313 502 385 402 34 60 467 154 321 5 109 337 428 104 353 25 434 454 162 232 122 485 279 280 412 77 45 333 230 455 144 92 7 368 422 39 379 68 114 252 291 468 216 95 400 141 388 305 440 357 453 8 335 198 158 486 47 442 76 171 315 348 323 377 61 166 406 459 36 131 217 491 380 6 67 394 106 417 289 33 497 118 183 179 149 53 300 336 471 84 354 281 432 119 208 100 14 132 369 275 103 457 204 409 499 222 420 117 16 356 262 418 338 496 175 272 108 21 150 55 405 463 78 228 378 386 436 44 62 187 469 123 195 238 451 155 444 0 75 64 481 246 346 41 161 169 236 213 91 11 359 392 135 191 473 433 296 111 121 267 163 326 243 483 174 24 415 293 277 98 19 423 448 199 482 395 28 160 231 331 66 214 13 441 456 127 86 285 407 500 180 52 56 251 133 254 301 83 115 218 465 1 72 145 226 309 403 43 182 255 330 137 492 360 69 178 184 479 390 307 147 225 32 80 209 283 372 460 51 245 344 298 263 105 27 487 112 146 452 74 35 219 287 352 278 15 342 462 120 190 94 470 164 196 237 10 57 310 318 364 2 85 172 239 129 319 235 351 201 156 424 71 248 40 143 411 366 210 282 382 427 3 93 229 302 193 88 268 308 340 435 124 9 401 362 168 327 63 29 151 205 116 416 82 42 240 343 299 23 102 393 126 177 253 134 185 374 259 288 18 58
259 322 385 406 469 133 196 497 343 301 203 105 252 420 161 483 399 364 266 63 315 182 378 147 455 427 329 70 245 77 441 210 119 490 350 308 413 84 462 273 175 154 371 217 476 91 126 294 231 434 287 238 140 98 189 357 428 491 155 218 239 302 365 190 267 435 14 484 386 280 253 336 330 498 21 148 407 316 470 392 351 162 28 211 379 274 134 448 414 183 35 442 42 295 197 112 477 246 463 309 49 358 260 168 141 127 204 372 7 421 323 224 359 310 443 268 198 456 92 331 29 169 492 422 247 380 436 478 43 106 288 373 225 85 324 387 415 449 205 0 471 393 261 344 99 50 191 232 219 499 71 22 281 429 366 36 56 485 176 275 303 212 254 400 317 337 15 78 423 100 374 464 332 262 120 352 444 37 226 156 486 311 276 318 457 381 394 23 86 500 142 282 51 64 345 437 93 388 1 408 479 113 269 135 450 255 325 401 107 8 289 240 493 163 79 30 338 430 44 367 57 149 233 296 487 177 108 438 128 353 326 416 375 465 45 283 220 150 494 52 431 58 213 290 360 297 382 94 121 445 451 31 164 206 501 339 9 72 402 101 409 333 2 472 143 170 199 114 16 319 389 458 65 346 304 395 157 184 87 38 151 390 234 66 502 192 417 480 214 439 129 53 340 241 403 368 452 221 248 95 46 158 10 424 495 59 277 347 361 446 39 102 178 466 115 185 270 459 165 396 17 80 109 473 227 354 3 136 207 263 171 73 24 383 410 122 215 481 411 291 74 166 256 144 305 278 503 193 11 397 327 228 81 32 447 474 179 460 432 54 116 242 312 103 222 18 404 488 159 60 298 425 467 172 47 110 235 130 249 334 88 123 186 453 25 67 137 271 284 418 4 200 279 320 145 475 348 82 187 208 454 369 299 167 257 19 75 201 335 341 482 5 264 391 285 236 89 40 468 138 124 496 111 12 173 306 376 243 26 362 461 152 223 61 489 131 194 229 55 68 292 313 355 33 96 180 250 117 300 251 384 209 139 405 90 272 27 118 433 363 188 321 377 419 41 104 237 314 174 83 265 328 356 398 146 6 412 342 202 293 97 48 132 181 160 440 69 20 230 370 307 34 62 426 125 216 244 153 195 349 258 286 13 76
260 323 386 407 470 134 197 499 344 303 205 106 254 422 163 486 401 367 269 64 318 184 382 150 458 431 333 72 248 80 446 214 122 495 354 312 418 88 467 278 179 159 376 223 482 96 131 299 236 440 293 244 146 104 195 363 427 490 154 217 238 301 364 191 268 436 15 485 387 281 255 338 332 500 23 149 408 319 472 395 353 164 31 213 383 277 136 452 417 185 39 447 47 298 200 116 481 249 468 313 55 362 264 173 145 132 209 377 13 426 328 230 357 308 441 266 196 455 91 330 28 168 491 421 246 379 437 479 44 107 289 374 226 87 326 389 416 451 206 2 473 396 263 347 102 53 192 235 222 503 74 25 284 432 369 40 61 489 180 279 306 216 258 405 321 342 20 83 420 98 371 462 329 259 119 351 442 35 224 155 484 309 275 317 456 380 393 22 85 501 143 283 52 65 346 438 95 390 3 410 480 115 270 137 453 256 327 404 110 11 292 243 496 167 82 33 341 433 48 370 62 153 237 300 483 175 105 434 126 350 322 414 372 463 42 280 218 148 492 50 429 56 212 288 359 296 381 93 120 444 450 30 165 207 502 340 10 73 403 103 411 334 4 474 144 172 201 117 19 320 391 461 68 349 307 398 160 188 90 41 147 385 231 63 497 189 413 477 211 435 127 49 336 239 400 366 449 219 247 92 43 156 8 423 493 57 276 345 360 445 38 101 177 465 114 186 271 460 166 397 18 81 111 475 229 355 5 138 208 265 174 76 27 384 412 125 210 476 406 287 70 161 252 141 302 274 498 190 7 392 324 225 78 29 443 471 176 457 430 51 113 240 311 100 220 16 402 487 157 58 297 424 466 171 46 109 234 129 250 335 89 124 187 454 26 69 139 272 286 419 6 202 273 315 140 469 343 77 182 204 448 365 295 162 253 14 71 198 331 337 478 0 261 388 282 233 86 37 464 135 121 494 108 9 170 304 375 241 24 361 459 151 221 59 488 130 193 228 54 67 291 314 356 34 97 181 251 118 294 245 378 203 133 399 84 267 21 112 428 358 183 316 373 415 36 99 232 310 169 79 262 325 352 394 142 1 409 339 199 290 94 45 128 178 158 439 66 17 227 368 305 32 60 425 123 215 242 152 194 348 257 285 12 75
261 325 389 410 474 138 202 498 345 304 207 110 257 426 162 485 402 368 271 68 321 183 380 149 459 432 335 76 246 78 444 213 123 496 356 309 415 86 465 277 180 160 372 219 479 94 129 298 237 435 288 240 143 102 193 362 429 493 157 221 242 306 370 189 269 438 17 488 391 286 252 337 333 502 25 152 412 315 471 394 354 166 33 216 378 275 135 451 418 187 41 441 43 296 199 115 482 251 462 310 51 360 263 172 146 126 205 374 9 424 327 229 358 311 445 270 200 461 97 329 30 170 495 425 250 384 434 477 45 109 291 376 230 84 323 388 417 453 208 6 469 392 262 346 103 55 195 231 218 500 72 24 285 433 364 35 57 487 178 278 307 210 253 401 319 340 18 82 421 99 375 466 334 264 125 350 443 38 227 159 489 314 273 316 458 383 397 26 90 497 141 281 53 67 348 440 91 386 0 409 481 117 272 133 448 254 326 403 111 13 287 239 492 164 80 32 342 427 42 366 58 151 235 299 484 176 107 439 130 355 328 413 373 464 46 284 223 153 490 49 430 59 215 292 363 294 379 92 122 447 454 34 161 204 499 338 11 75 405 98 407 331 1 473 145 174 196 112 15 318 390 460 69 343 302 393 156 185 88 40 148 387 233 65 503 194 419 476 212 437 128 54 341 244 399 365 450 220 249 96 48 154 7 422 494 60 279 349 357 442 36 100 179 468 118 182 267 456 163 395 19 83 105 470 225 352 2 137 209 259 168 71 23 382 411 124 211 478 408 290 73 167 258 140 303 276 501 192 12 398 322 224 79 31 446 475 181 455 428 50 114 241 313 104 217 14 400 486 158 61 300 420 463 169 44 108 236 132 245 330 85 120 184 452 27 63 134 268 282 416 3 201 274 317 142 472 347 81 188 203 449 367 297 165 256 20 70 197 332 339 480 4 265 385 280 232 87 39 467 139 119 491 106 8 171 305 377 238 21 359 457 150 222 62 483 127 191 226 52 66 293 308 351 29 93 177 248 116 295 247 381 206 136 404 89 266 22 113 431 361 186 320 371 414 37 101 234 312 173 77 260 324 353 396 144 5 406 336 198 289 95 47 131 175 155 436 64 16 228 369 301 28 56 423 121 214 243 147 190 344 255 283 10 74
262 326 390 411 475 139 198 502 348 302 209 108 256 423 166 487 405 365 268 66 320 187 384 151 456 428 332 74 251 82 443 215 120 491 353 310 417 90 464 279 177 155 374 218 481 92 128 300 234 438 291 239 145 100 192 359 433 492 156 220 241 305 369 193 272 439 19 486 385 283 257 340 331 503 27 150 406 321 469 397 352 167 29 214 380 278 133 454 416 188 37 444 45 299 196 118 480 247 465 311 53 363 259 169 144 129 208 375 11 422 322 226 360 314 447 267 201 457 95 335 32 174 494 420 248 381 435 482 46 105 290 377 228 86 327 386 419 452 203 5 474 394 264 343 104 52 190 237 221 497 75 23 280 431 368 41 58 484 179 276 301 213 252 403 318 341 14 81 424 103 373 468 330 265 121 356 445 40 225 158 483 312 277 315 460 382 398 21 89 498 146 285 54 63 347 436 94 391 6 407 478 116 266 138 451 253 328 399 106 10 288 242 495 161 83 31 336 432 43 364 59 148 236 297 488 178 111 437 132 351 324 415 376 466 48 282 222 147 496 51 427 60 211 293 361 298 378 97 124 446 449 28 162 205 500 342 12 70 404 102 412 329 0 470 142 173 202 115 18 316 387 455 64 345 306 392 159 182 85 39 152 388 235 69 501 191 414 479 210 440 130 50 339 243 402 370 448 223 245 93 47 160 9 425 490 61 274 344 362 441 35 99 181 467 113 183 269 461 164 393 20 77 110 471 230 350 1 134 206 261 172 72 26 379 408 119 216 477 409 292 71 165 255 143 307 273 499 194 8 396 325 229 80 34 442 472 175 459 429 55 112 244 308 101 219 17 401 489 154 62 295 426 462 170 42 107 232 131 246 333 84 125 185 450 22 68 135 270 281 413 2 197 275 319 141 473 349 79 186 207 453 366 294 163 258 16 76 199 334 338 476 3 260 389 286 231 88 36 463 136 123 493 109 13 168 303 371 240 25 358 458 153 217 56 485 126 195 227 49 65 289 309 354 30 91 176 249 114 296 250 383 204 137 400 87 271 24 117 430 357 184 317 372 418 38 98 233 313 171 78 263 323 355 395 140 4 410 337 200 287 96 44 127 180 157 434 67 15 224 367 304 33 57 421 122 212 238 149 189 346 254 284 7 73
263 327 391 412 471 135 199 500 346 307 208 109 253 425 164 489 403 366 272 67 316 185 379 153 460 430 331 75 249 83 442 212 124 494 352 313 416 85 463 276 181 158 377 222 480 93 127 297 232 436 289 243 144 101 190 361 432 496 160 219 240 304 368 195 270 434 18 487 388 285 254 342 334 497 26 151 409 318 473 393 355 161 34 215 382 279 137 450 419 182 36 446 44 300 201 114 478 245 467 308 52 359 265 171 142 131 206 371 10 423 324 228 362 309 444 271 202 459 94 333 33 172 493 424 251 378 440 481 42 111 287 375 227 88 328 390 413 454 204 1 470 395 259 349 100 54 194 236 217 501 73 27 282 428 367 39 62 483 177 274 305 214 255 404 320 336 16 77 426 102 372 465 335 261 123 354 441 41 229 157 488 310 278 319 461 384 392 24 84 499 145 284 49 69 343 439 96 387 2 411 476 118 267 134 452 258 322 400 108 12 293 238 491 165 81 29 339 431 47 369 56 147 234 295 485 180 110 435 129 356 325 418 374 462 43 286 221 152 495 55 433 57 210 291 358 299 383 91 125 443 448 32 163 209 503 341 7 71 399 104 408 330 3 475 140 169 197 116 20 317 385 457 66 344 301 396 155 186 89 37 149 389 237 68 498 193 415 482 216 438 126 51 337 242 401 364 453 218 250 97 45 159 13 421 492 58 273 348 363 447 40 98 176 464 112 184 268 455 167 398 14 79 106 472 226 351 4 139 203 260 173 74 22 381 406 121 213 479 410 288 76 162 257 146 306 275 502 189 9 394 323 230 82 30 445 469 178 458 427 53 117 239 314 99 223 15 405 484 156 59 294 422 468 168 48 105 233 128 248 332 87 119 188 449 21 64 136 266 283 414 5 198 277 321 143 474 345 78 183 205 451 370 296 166 252 17 72 200 329 340 477 6 262 386 281 235 90 38 466 133 122 490 107 11 174 302 373 244 23 357 456 148 220 60 486 132 192 224 50 63 290 312 353 28 95 175 247 113 298 246 380 207 138 402 86 269 25 115 429 360 187 315 376 417 35 103 231 311 170 80 264 326 350 397 141 0 407 338 196 292 92 46 130 179 154 437 65 19 225 365 303 31 61 420 120 211 241 150 191 347 256 280 8 70
264 328 387 408 472 136 200 503 347 306 206 107 258 421 167 484 404 370 270 65 317 188 381 148 461 429 334 73 247 81 445 211 125 493 355 311 419 89 466 274 176 157 375 221 478 97 130 295 233 439 290 242 142 99 194 358 431 495 159 223 244 303 367 192 266 437 20 489 389 284 256 341 329 501 22 153 410 320 474 398 350 165 30 212 384 276 138 449 413 186 38 443 46 297 202 113 476 250 464 314 54 361 261 170 140 128 203 373 12 425 325 227 363 312 446 269 197 458 96 332 31 173 490 426 249 383 438 480 48 110 292 371 224 90 322 391 414 450 207 4 475 397 265 345 101 49 189 234 220 498 70 26 286 430 365 37 59 488 181 273 304 215 257 399 316 339 17 79 422 104 376 467 333 260 122 353 447 39 230 154 485 313 279 321 455 379 396 25 87 502 144 280 50 68 349 434 92 385 5 412 477 114 271 139 454 252 324 402 109 7 291 241 494 162 77 34 337 428 45 368 60 152 232 294 486 179 106 440 131 354 323 417 377 468 47 281 217 149 491 53 432 61 216 289 357 300 380 95 119 442 453 33 166 208 497 336 8 76 400 100 406 335 6 471 141 171 198 118 14 315 388 459 67 348 305 394 158 183 84 36 150 386 236 64 499 195 418 481 213 436 132 55 338 238 405 369 451 222 246 91 44 155 11 420 496 62 275 346 359 444 41 103 175 463 117 187 272 457 161 392 16 78 108 469 228 356 0 135 204 262 169 75 21 378 409 123 214 482 407 293 72 163 254 145 301 277 500 191 13 395 326 226 83 28 441 473 180 456 433 52 115 243 309 98 218 19 403 483 160 56 296 423 465 174 43 111 231 127 251 331 86 121 182 448 24 66 133 267 285 415 1 199 278 318 146 470 344 80 184 209 452 364 298 164 255 15 74 196 330 342 479 2 263 390 283 237 85 35 462 137 120 492 105 10 172 307 372 239 27 360 460 147 219 57 487 129 190 225 51 69 287 310 352 32 94 178 245 112 299 248 382 205 134 401 88 268 23 116 427 362 185 319 374 416 40 102 235 308 168 82 259 327 351 393 143 3 411 340 201 288 93 42 126 177 156 435 63 18 229 366 302 29 58 424 124 210 240 151 193 343 253 282 9 71
265 324 388 409 473 137 201 501 349 305 204 111 255 424 165 488 400 369 267 69 319 186 383 152 457 433 330 71 250 79 447 216 121 492 351 314 414 87 468 275 178 156 373 220 477 95 132 296 235 437 292 241 141 103 191 360 430 494 158 222 243 307 366 194 271 440 16 483 390 282 258 339 335 499 24 147 411 317 475 396 356 163 32 210 381 273 139 453 415 184 40 445 48 294 198 117 479 248 466 312 50 357 262 174 143 130 207 376 8 420 326 225 361 313 442 272 199 460 93 334 34 171 496 423 245 382 439 476 47 108 293 372 229 89 325 385 418 448 209 3 472 398 260 348 98 51 193 233 223 502 76 21 283 427 370 38 60 486 175 277 302 211 256 402 315 338 19 80 425 101 377 463 331 263 124 355 446 36 228 160 487 308 274 320 459 378 395 27 88 503 140 286 55 66 344 435 97 389 4 406 482 112 268 136 449 257 323 405 105 9 290 244 490 166 78 28 340 429 46 365 61 150 231 298 489 181 109 436 127 352 327 419 371 467 44 285 219 151 493 54 428 62 214 287 362 295 384 96 123 441 452 29 167 203 498 337 13 74 401 99 410 332 5 469 146 168 200 113 17 321 386 456 63 347 303 397 154 187 86 35 153 391 232 67 500 190 416 478 215 434 131 52 342 240 404 367 454 217 251 94 42 157 12 426 491 56 278 343 358 443 37 104 180 462 116 188 266 458 162 394 15 82 107 474 224 353 6 133 205 264 170 70 25 380 407 120 212 480 412 289 75 164 253 142 304 279 497 195 10 393 328 227 77 33 444 470 177 461 431 49 118 238 310 102 221 20 399 485 155 57 299 421 464 173 45 106 237 126 247 329 90 122 183 451 23 65 138 269 280 417 0 196 276 316 144 471 346 83 185 206 450 368 300 161 254 18 73 202 333 336 481 1 259 387 284 234 84 41 465 134 125 495 110 7 169 301 374 242 22 363 455 149 218 58 484 128 189 230 53 64 288 311 350 31 92 179 246 115 297 249 379 208 135 403 85 270 26 114 432 359 182 318 375 413 39 100 236 309 172 81 261 322 354 392 145 2 408 341 197 291 91 43 129 176 159 438 68 14 226 364 306 30 59 422 119 213 239 148 192 345 252 281 11 72
266 329 350 413 476 140 203 490 371 322 189 70 273 399 154 455 434 385 252 77 294 217 357 119 497 406 315 84 238 91 420 175 161 469 378 301 441 98 483 231 182 133 364 196 462 105 147 287 245 427 308 259 126 63 210 343 421 484 148 211 274 295 358 197 224 414 49 498 365 316 260 379 280 477 7 162 428 323 491 442 336 141 14 183 386 246 155 463 392 204 21 407 28 309 218 127 448 267 470 330 35 372 239 190 112 134 168 351 42 435 302 253 387 317 429 247 176 478 99 303 22 212 449 443 261 373 422 485 50 92 324 337 232 106 281 380 400 471 198 36 499 436 275 359 78 0 169 254 191 456 56 43 331 415 344 15 85 492 219 225 310 205 268 393 288 366 29 71 408 107 381 493 311 233 142 367 437 30 276 113 464 325 269 332 450 345 430 37 79 486 149 289 8 100 388 394 64 338 44 444 457 135 262 163 500 226 296 423 86 1 318 255 479 120 57 51 352 401 23 374 93 156 240 282 472 206 65 445 157 375 290 431 389 501 38 297 170 128 458 31 438 101 220 304 339 333 353 87 114 402 494 45 150 213 451 346 16 108 409 72 395 326 52 465 121 199 184 164 2 283 360 487 94 382 319 416 143 177 58 9 136 347 270 73 466 221 439 495 192 410 165 46 361 227 446 383 480 207 234 59 17 122 39 396 502 109 241 368 354 417 53 95 171 459 158 214 277 473 115 403 24 66 80 452 263 390 10 129 178 248 185 102 3 340 424 151 200 503 404 334 81 130 242 159 284 256 474 186 54 425 312 249 110 4 397 488 215 467 447 25 144 271 291 60 179 47 432 453 166 67 305 418 481 222 11 103 228 123 278 298 74 137 172 460 32 88 116 235 327 411 18 193 264 306 167 461 355 89 194 223 489 341 320 138 250 12 96 173 292 391 475 26 257 376 313 279 68 5 454 152 131 468 61 33 208 335 348 236 55 369 496 117 187 75 482 145 180 243 19 111 285 299 362 40 82 201 229 124 328 258 370 188 125 419 97 244 20 153 398 384 202 314 363 426 48 90 265 286 181 104 230 321 349 412 139 34 440 377 216 300 76 6 118 195 132 405 62 41 272 356 293 13 83 433 160 174 251 146 209 342 237 307 27 69
267 330 351 414 477 141 204 492 373 324 191 71 275 400 156 457 437 388 255 79 296 220 360 121 501 409 319 87 241 95 424 178 165 473 383 305 447 103 488 235 186 137 369 201 468 111 152 292 250 433 314 265 132 69 216 349 420 483 147 210 273 294 357 198 225 415 50 499 366 317 262 381 282 479 8 163 430 326 494 445 339 143 16 184 390 248 158 466 396 207 24 411 32 312 222 130 453 271 475 335 40 376 243 194 117 139 174 356 48 440 307 258 385 315 427 245 175 476 98 302 21 211 448 442 260 372 423 486 51 93 325 338 233 108 283 382 402 472 199 38 502 439 277 361 80 3 171 256 193 460 60 47 334 418 348 19 89 496 223 229 313 209 272 398 293 370 34 76 406 105 378 490 308 231 140 365 435 28 274 112 463 323 268 331 449 344 429 36 78 487 150 290 9 101 389 395 66 340 46 446 459 136 263 166 503 228 298 425 88 4 320 257 482 124 61 55 355 405 27 377 97 160 244 286 469 203 63 441 154 371 287 428 386 498 35 295 168 127 456 29 436 99 219 303 337 332 352 86 113 401 493 44 151 214 452 347 17 109 410 74 397 327 54 467 123 200 187 167 5 285 362 489 96 384 321 419 146 181 62 13 133 343 266 70 462 217 434 491 190 407 162 42 358 224 443 380 478 205 232 56 15 120 37 394 500 107 240 367 353 416 52 94 170 458 157 215 278 474 116 404 25 67 82 454 264 391 12 131 180 251 188 104 6 342 426 153 196 497 399 329 77 126 238 155 280 253 470 183 49 421 310 247 106 0 393 485 212 464 444 23 142 269 289 57 177 45 431 451 164 65 304 417 480 221 10 102 227 122 279 299 75 138 173 461 33 90 118 237 328 412 20 195 259 301 161 455 350 84 189 218 484 336 316 134 246 7 92 169 288 387 471 22 254 374 311 276 64 1 450 149 128 465 58 31 206 333 346 234 53 368 495 115 185 73 481 144 179 242 18 110 284 300 363 41 83 202 230 125 322 252 364 182 119 413 91 239 14 148 392 379 197 309 359 422 43 85 261 281 176 100 226 318 345 408 135 30 438 375 213 297 72 2 114 192 129 403 59 39 270 354 291 11 81 432 159 172 249 145 208 341 236 306 26 68
268 332 353 417 481 145 209 491 374 326 192 74 279 405 155 456 438 390 256 82 300 218 359 120 502 411 320 90 239 92 423 177 166 475 384 302 443 100 487 234 187 139 365 198 464 108 151 291 251 428 310 262 128 66 215 348 422 486 150 214 278 299 363 196 226 416 53 503 369 321 259 380 283 480 11 167 433 322 492 444 340 144 19 188 385 247 156 465 397 208 27 406 29 311 220 129 454 272 469 331 37 375 241 193 118 133 169 352 45 439 305 257 386 318 431 248 179 482 104 301 23 213 452 447 264 377 420 484 52 95 327 341 237 105 280 381 403 474 201 41 497 435 276 360 81 5 174 252 190 457 58 46 335 419 343 14 86 494 221 228 314 203 267 394 290 368 32 75 407 106 382 495 312 236 146 364 436 31 277 116 468 328 266 330 451 347 432 40 83 483 148 288 10 103 391 398 63 336 43 445 460 138 265 161 498 225 297 424 89 6 315 253 478 121 59 54 356 399 21 373 94 158 242 285 470 205 64 446 159 376 293 427 387 500 39 298 173 132 455 28 437 102 222 306 342 329 351 85 115 404 496 48 147 211 449 345 18 111 412 70 392 324 51 466 124 202 182 162 0 282 361 488 97 378 316 415 142 178 60 12 134 344 269 72 467 223 440 490 191 408 164 47 362 230 441 379 479 206 235 61 20 119 35 393 501 110 243 370 350 414 50 93 172 461 160 210 274 471 113 402 26 69 77 448 261 388 9 130 181 245 183 99 1 339 425 152 197 499 401 333 80 131 244 154 281 255 472 185 55 426 308 246 107 2 396 489 216 462 442 22 143 270 292 62 175 42 429 450 165 68 307 413 477 219 8 101 229 125 273 295 71 135 170 459 34 84 112 232 325 409 17 194 260 303 163 458 354 88 195 217 485 338 319 136 249 13 91 168 289 389 473 25 258 371 309 275 65 3 453 153 126 463 56 30 207 334 349 231 49 366 493 114 186 76 476 141 176 240 16 109 286 294 358 36 79 199 227 123 323 254 367 184 122 418 96 238 15 149 395 383 200 313 357 421 44 87 263 284 180 98 224 317 346 410 137 33 434 372 212 296 73 4 117 189 127 400 57 38 271 355 287 7 78 430 157 171 250 140 204 337 233 304 24 67
269 333 354 418 482 146 205 495 376 323 195 72 278 401 159 458 440 386 254 80 299 223 363 122 499 407 318 88 244 96 422 179 163 470 382 303 446 104 486 236 184 134 367 197 467 106 150 293 248 431 312 260 131 64 214 344 426 485 149 213 277 298 362 200 230 417 55 500 364 319 264 383 281 481 13 164 427 328 490 447 338 145 15 185 387 249 154 468 395 209 23 408 31 313 217 132 452 268 472 332 39 377 238 191 116 136 173 353 47 436 301 255 389 321 432 246 180 479 102 306 25 216 451 441 263 374 421 489 53 91 326 342 235 107 284 379 405 473 196 40 503 437 279 357 83 2 168 258 192 455 61 44 330 416 347 20 87 491 222 226 308 206 266 396 289 369 28 74 410 110 380 496 309 237 143 370 438 33 275 115 462 327 270 329 453 346 433 35 82 484 153 292 11 98 390 393 65 341 48 442 456 137 259 167 501 224 300 420 85 3 317 256 480 119 62 52 351 404 22 371 95 155 243 283 474 207 68 444 160 372 288 429 391 502 41 296 172 126 461 30 434 103 218 307 340 334 350 90 117 403 492 42 148 212 450 349 19 105 411 73 398 322 50 463 120 201 188 165 4 280 359 483 93 381 320 414 144 175 56 10 138 345 271 76 465 219 435 493 189 412 166 43 360 229 445 384 477 208 231 57 18 125 38 397 497 111 239 366 355 413 49 92 174 460 156 211 276 475 114 400 27 63 81 449 265 385 8 127 177 247 186 101 5 336 423 147 202 498 402 335 78 129 240 157 286 252 471 187 51 424 311 250 109 6 392 487 210 466 443 26 141 272 287 58 176 46 430 454 161 69 302 419 476 220 7 100 225 124 274 297 70 139 171 457 29 89 113 234 324 406 16 190 261 304 162 459 356 86 193 221 488 337 315 135 251 9 97 170 291 388 469 24 253 375 314 273 67 0 448 151 130 464 59 34 204 331 343 233 54 365 494 118 182 71 478 140 181 241 14 108 282 295 361 37 77 198 228 121 325 257 368 183 123 415 94 242 17 152 394 378 199 310 358 425 45 84 262 285 178 99 227 316 348 409 133 32 439 373 215 294 75 1 112 194 128 399 60 36 267 352 290 12 79 428 158 169 245 142 203 339 232 305 21 66
270 334 355 419 478 142 206 493 375 328 194 73 274 404 157 461 439 387 258 81 295 221 358 125 503 408 317 89 242 97 421 176 167 472 381 306 445 99 484 233 188 136 370 200 466 107 148 290 247 429 311 264 130 65 211 347 425 489 153 212 276 297 361 202 227 413 54 501 367 320 261 384 284 476 12 165 431 325 495 443 341 140 20 186 389 250 159 464 398 203 22 410 30 314 223 128 449 266 474 329 38 373 244 192 113 138 170 350 46 437 303 256 391 316 430 249 181 480 101 304 26 215 450 446 265 371 426 488 49 96 322 339 234 110 286 383 399 475 197 37 498 438 273 363 79 4 173 257 189 458 59 48 332 414 345 17 90 490 220 224 312 207 269 397 292 365 31 70 412 109 379 494 313 232 144 368 434 34 279 114 467 324 271 333 454 349 428 39 77 485 152 291 7 104 385 396 68 337 45 447 455 139 260 162 502 230 294 422 87 5 321 252 477 122 60 50 353 402 25 376 92 154 241 280 471 208 67 442 158 377 289 432 388 497 36 300 171 131 459 33 440 100 217 305 336 335 354 84 118 400 491 47 149 216 453 348 14 106 406 76 394 323 53 468 119 198 183 166 6 281 357 486 95 380 315 417 141 179 61 8 135 346 272 75 463 222 436 496 195 409 161 44 359 228 444 378 481 204 236 62 16 123 41 392 499 108 238 369 356 418 55 91 169 457 155 213 275 469 117 405 21 64 78 451 262 386 11 132 175 246 187 103 0 338 420 150 199 500 403 331 83 127 243 160 285 254 473 182 52 423 309 251 111 1 395 483 214 465 441 24 145 267 293 56 180 43 433 448 163 66 301 415 482 218 13 98 226 121 277 296 72 133 174 456 28 86 115 231 326 407 19 191 263 307 164 460 352 85 190 219 487 342 318 137 245 10 94 172 287 390 470 27 255 372 310 278 69 2 452 147 129 462 57 32 209 330 344 237 51 364 492 112 184 74 479 146 178 239 15 105 283 298 360 35 80 196 225 120 327 253 366 185 124 416 93 240 18 151 393 382 201 308 362 424 42 88 259 282 177 102 229 319 343 411 134 29 435 374 210 299 71 3 116 193 126 401 58 40 268 351 288 9 82 427 156 168 248 143 205 340 235 302 23 63
271 335 356 415 479 143 207 496 372 325 193 76 277 402 160 459 435 389 257 78 298 219 362 123 498 410 321 86 240 94 426 180 162 474 380 304 444 102 485 237 183 138 368 202 465 110 149 288 246 432 309 261 129 68 213 345 424 488 152 216 275 296 360 199 229 418 51 502 370 315 263 378 286 482 9 166 429 327 493 441 337 146 17 187 391 251 157 462 394 205 25 412 33 310 221 126 451 269 471 333 41 374 242 189 115 135 172 354 43 438 306 252 388 319 433 250 178 477 103 307 24 210 453 445 262 376 425 487 55 97 323 340 231 109 285 384 401 469 200 35 500 434 278 358 82 6 170 253 195 461 57 45 329 417 346 18 84 495 218 230 311 208 270 392 291 364 30 72 409 111 383 492 314 235 141 366 440 32 273 117 466 326 272 334 448 348 427 38 80 489 151 287 13 99 386 397 67 342 42 443 458 133 264 164 497 227 299 421 90 0 316 254 481 125 58 53 350 403 26 375 91 159 239 281 473 204 69 447 156 373 292 430 390 499 40 294 174 130 460 34 439 98 223 302 338 331 355 88 112 405 490 46 153 215 454 343 15 107 407 75 393 328 49 464 122 196 185 161 1 284 363 484 92 379 318 413 145 176 59 11 137 349 267 71 468 220 437 494 194 411 163 48 357 225 442 382 476 209 233 60 19 124 36 395 503 105 244 365 352 419 54 96 168 456 154 212 279 470 118 399 23 65 83 450 259 387 7 128 179 249 182 100 2 341 422 148 201 501 400 330 79 132 241 158 282 258 475 184 50 420 313 245 108 3 398 486 211 463 446 27 140 268 290 61 181 44 428 452 167 63 303 416 478 217 12 104 224 120 276 300 73 134 169 455 31 85 114 236 322 408 14 192 265 305 165 457 351 87 191 222 483 339 317 139 248 8 93 171 293 385 472 21 256 377 308 274 66 4 449 150 127 467 62 29 203 332 347 232 52 367 491 116 188 70 480 142 177 238 20 106 280 297 359 39 81 197 226 119 324 255 369 186 121 414 95 243 16 147 396 381 198 312 361 423 47 89 260 283 175 101 228 320 344 406 136 28 436 371 214 295 74 5 113 190 131 404 56 37 266 353 289 10 77 431 155 173 247 144 206 336 234 301 22 64
272 331 352 416 480 144 208 494 377 327 190 75 276 403 158 460 436 391 253 83 297 222 361 124 500 412 316 85 243 93 425 181 164 471 379 307 442 101 489 232 185 135 366 199 463 109 153 289 249 430 313 263 127 67 212 346 423 487 151 215 279 300 359 201 228 419 52 497 368 318 265 382 285 478 10 161 432 324 496 446 342 142 18 182 388 245 160 467 393 206 26 409 34 308 219 131 450 270 473 334 36 371 240 195 114 137 171 355 44 434 304 254 390 320 428 251 177 481 100 305 27 214 454 444 259 375 424 483 54 94 328 336 236 111 282 378 404 470 202 39 501 440 274 362 77 1 172 255 194 459 62 42 333 413 349 16 88 493 217 227 309 204 271 395 287 367 33 73 411 108 384 491 310 234 145 369 439 29 278 118 465 322 267 335 452 343 431 41 81 488 147 293 12 102 387 392 69 339 47 441 461 134 261 165 499 229 295 426 84 2 319 258 476 123 56 49 354 400 24 372 96 157 238 284 475 209 66 443 155 374 291 433 385 503 37 299 169 129 457 32 435 104 221 301 341 330 356 89 116 399 495 43 152 210 448 344 20 110 408 71 396 325 55 462 125 197 186 163 3 286 358 485 91 383 317 418 140 180 57 7 139 348 268 74 464 218 438 492 193 406 167 45 363 226 447 381 482 203 237 58 14 121 40 398 498 106 242 364 351 415 51 97 173 455 159 216 273 472 112 401 22 68 79 453 260 389 13 126 176 250 184 98 4 337 421 149 198 502 405 332 82 128 239 156 283 257 469 188 53 422 314 248 105 5 394 484 213 468 445 21 146 266 288 59 178 48 427 449 162 64 306 414 479 223 9 99 230 119 275 294 76 136 168 458 30 87 117 233 323 410 15 189 262 302 166 456 353 90 192 220 486 340 321 133 247 11 95 174 290 386 474 23 252 373 312 277 63 6 451 148 132 466 60 28 205 329 345 235 50 370 490 113 183 72 477 143 175 244 17 107 281 296 357 38 78 200 224 122 326 256 365 187 120 417 92 241 19 150 397 380 196 311 360 420 46 86 264 280 179 103 225 315 347 407 138 31 437 376 211 298 70 0 115 191 130 402 61 35 269 350 292 8 80 429 154 170 246 141 207 338 231 303 25 65
273 294 357 420 483 147 210 476 385 315 175 98 245 427 140 490 406 378 231 105 308 203 371 154 469 441 287 63 266 70 434 217 133 462 343 329 399 77 497 238 196 126 350 189 455 84 161 301 259 413 322 252 119 91 182 364 414 477 141 204 267 330 351 211 260 442 21 448 372 302 274 365 323 463 28 112 435 295 498 428 386 127 35 168 358 224 162 491 407 190 42 421 49 280 183 155 470 253 484 316 7 336 246 218 134 148 197 379 14 392 309 239 373 324 400 275 191 492 71 317 50 198 499 415 225 366 429 449 36 78 331 344 268 99 303 337 436 456 219 29 478 443 232 380 56 15 205 247 212 485 106 0 310 393 387 22 92 471 169 254 288 176 261 422 281 359 43 85 437 79 388 457 296 255 156 381 430 8 262 163 479 282 233 325 486 338 423 51 93 493 113 332 44 86 352 401 107 367 37 394 500 120 240 142 464 269 289 444 57 23 311 276 450 149 64 1 374 408 30 345 100 135 226 318 501 220 87 409 121 360 319 445 339 494 16 326 184 143 472 38 402 108 199 283 382 290 389 101 150 395 487 9 157 170 458 353 52 94 416 65 431 304 45 451 164 177 206 128 31 333 346 465 58 375 297 438 114 213 72 2 165 383 241 95 473 178 424 466 207 396 158 24 390 248 439 361 502 171 277 80 3 136 46 446 459 66 263 340 347 410 17 109 214 452 151 221 227 480 122 417 10 102 73 495 234 368 53 115 185 270 192 59 39 354 403 129 186 488 447 305 103 137 235 130 312 271 453 222 32 411 334 256 60 47 418 460 193 503 425 4 166 228 298 88 200 54 397 467 123 74 327 404 474 215 25 67 278 116 242 284 110 144 179 481 18 81 159 249 291 432 11 172 250 292 152 468 369 111 201 194 475 376 335 117 243 40 89 223 313 348 496 19 229 355 320 257 61 55 482 124 167 489 96 5 187 285 362 264 12 391 454 131 180 82 461 138 173 279 33 75 299 306 341 26 68 208 236 145 314 265 349 216 132 433 69 258 48 139 440 356 174 307 370 398 34 76 272 293 209 97 244 286 377 405 160 27 419 384 181 321 62 13 146 188 153 426 104 6 251 342 328 20 90 412 118 195 237 125 202 363 230 300 41 83
274 295 358 421 484 148 211 478 387 317 176 99 247 429 142 493 408 381 233 107 311 206 375 157 472 445 290 65 270 73 439 221 136 466 347 334 404 81 503 242 200 130 355 194 461 89 167 306 264 419 328 258 125 97 188 370 413 476 140 203 266 329 350 212 261 443 22 449 373 303 276 367 325 464 30 113 437 297 501 431 389 128 38 170 361 227 165 495 410 192 46 425 54 284 186 159 474 256 489 320 12 341 250 223 138 153 202 384 20 398 314 244 371 322 399 273 189 490 70 316 49 197 498 414 224 365 430 450 37 79 332 345 269 101 304 339 438 458 220 31 480 446 234 383 59 17 207 249 215 488 110 4 312 397 391 26 96 475 173 257 292 181 265 426 286 363 48 90 434 77 385 455 294 252 154 379 428 7 260 162 477 280 232 324 485 337 422 50 92 494 114 333 45 87 353 402 109 368 39 396 502 122 241 144 467 271 291 447 60 25 313 279 454 152 68 5 376 412 34 349 104 139 230 321 497 217 84 406 119 357 315 442 336 491 14 323 183 141 471 36 400 106 198 281 380 289 388 100 149 394 486 8 158 171 459 354 53 95 417 67 432 305 47 453 166 179 208 131 33 335 348 468 61 377 300 440 118 216 76 6 161 378 238 91 469 175 420 463 204 392 155 21 386 246 436 359 499 169 275 78 0 135 44 444 457 64 262 338 346 409 16 108 213 451 150 222 228 481 123 418 11 103 75 496 236 369 55 117 187 272 195 62 41 356 405 132 182 483 441 301 98 133 231 127 309 267 448 218 28 407 331 254 56 43 415 456 191 500 423 1 163 226 296 86 199 52 395 465 121 72 326 403 473 214 24 66 277 115 243 285 111 145 180 482 19 83 160 251 293 433 13 174 245 287 147 462 364 105 196 190 470 372 330 112 239 35 85 219 310 344 492 15 225 352 318 255 57 51 479 120 164 487 94 2 184 283 360 263 10 390 452 129 178 80 460 137 172 278 32 74 298 307 342 27 69 209 237 146 308 259 343 210 126 427 63 253 42 134 435 351 168 302 366 393 29 71 268 288 205 93 240 282 374 401 156 23 416 382 177 319 58 9 143 185 151 424 102 3 248 340 327 18 88 411 116 193 235 124 201 362 229 299 40 82
275 296 360 424 488 152 216 477 388 319 178 103 250 433 141 492 409 383 235 111 314 204 373 156 473 447 292 69 267 71 437 220 137 468 349 330 400 79 501 241 201 132 351 191 457 87 165 305 265 414 324 255 121 95 186 369 415 479 143 207 271 335 356 210 262 445 24 453 376 307 273 366 326 466 32 117 440 294 499 430 390 130 40 174 357 225 163 494 411 194 48 420 50 282 184 158 475 258 483 317 8 339 248 222 139 147 198 381 16 396 312 243 372 325 402 277 193 496 76 315 51 199 502 418 229 370 427 448 38 80 334 348 272 98 302 338 439 460 223 34 476 442 233 382 60 19 209 245 211 486 108 3 313 398 385 21 93 472 171 256 293 175 260 423 283 361 47 89 435 78 389 459 298 257 160 378 429 9 263 166 482 286 231 323 487 340 425 55 97 490 112 331 46 88 355 405 105 365 36 395 503 124 244 140 463 268 290 446 61 27 308 274 449 150 66 4 377 406 28 344 101 136 228 320 498 219 86 410 123 362 321 441 337 493 17 327 187 146 469 35 401 109 200 285 384 287 386 99 151 397 489 13 154 168 456 352 54 96 419 63 428 303 44 452 167 181 203 127 29 332 347 467 62 371 295 436 113 214 74 5 162 380 240 94 474 180 426 462 205 394 157 25 391 251 434 358 500 170 278 82 6 133 42 443 458 67 264 342 343 407 15 107 215 454 153 217 224 478 120 416 12 104 70 491 232 367 52 116 188 266 190 56 37 353 404 131 183 485 444 304 102 138 237 126 310 269 451 221 33 412 329 253 57 45 417 461 195 497 421 0 164 227 299 90 196 49 393 464 122 75 328 399 470 212 23 65 279 118 238 280 106 142 177 480 20 77 155 247 289 431 10 173 246 288 149 465 368 110 202 189 471 374 333 115 242 41 84 218 311 346 495 18 230 350 316 254 58 53 481 125 161 484 92 1 185 284 363 259 7 387 450 128 179 83 455 134 169 276 31 73 300 301 336 22 64 206 234 144 309 261 345 213 129 432 68 252 43 135 438 354 172 306 364 392 30 72 270 291 208 91 239 281 375 403 159 26 413 379 176 318 59 11 145 182 148 422 100 2 249 341 322 14 85 408 114 192 236 119 197 359 226 297 39 81
276 297 361 425 489 153 212 480 391 316 181 101 249 430 144 494 412 379 232 109 313 208 377 158 471 442 289 67 272 75 436 222 135 463 346 331 403 83 500 243 199 127 352 190 460 85 164 307 263 416 327 253 124 93 185 366 419 478 142 206 270 334 355 215 265 446 26 450 371 304 279 368 324 467 34 114 434 300 497 432 388 131 36 171 359 228 161 496 409 195 44 423 52 285 182 160 473 254 487 318 10 342 245 219 137 151 201 382 18 393 308 240 375 328 404 274 194 493 73 320 54 202 501 413 227 367 428 454 39 77 333 349 271 100 305 336 440 459 217 33 481 444 236 378 62 16 204 251 214 483 111 1 309 395 390 27 94 470 172 255 287 177 259 424 282 362 42 88 439 81 387 461 295 258 157 384 431 12 261 165 476 284 234 322 488 339 426 49 96 491 118 335 47 84 354 400 108 369 41 392 499 123 238 145 465 267 293 441 56 24 310 278 452 147 69 2 372 411 29 343 102 134 229 319 503 221 89 408 125 358 317 443 341 495 20 325 186 140 475 37 399 110 197 286 383 291 385 104 152 396 485 7 155 169 457 356 55 91 418 66 433 301 43 448 163 180 209 129 32 330 344 462 57 374 299 435 116 210 71 3 167 381 242 97 472 176 421 464 203 398 159 22 389 250 438 363 498 173 273 79 4 139 45 447 455 68 260 337 348 406 14 106 216 453 149 218 226 482 121 415 13 98 74 492 237 364 51 112 184 268 193 58 40 351 401 126 188 484 445 306 99 136 233 128 314 266 449 223 30 410 332 257 59 48 414 458 189 502 422 5 162 230 294 87 198 53 394 468 119 76 323 405 469 213 21 64 275 117 239 283 105 146 178 479 15 82 156 248 288 427 9 168 247 290 148 466 370 107 200 192 474 373 329 113 244 38 90 220 312 345 490 17 224 353 321 252 60 50 477 122 166 486 95 6 183 281 357 262 11 386 451 132 175 78 456 133 174 277 28 72 296 302 340 23 63 205 235 143 311 264 347 211 130 429 65 256 46 138 437 350 170 303 365 397 31 70 269 292 207 92 241 280 376 402 154 25 417 380 179 315 61 8 141 187 150 420 103 0 246 338 326 19 86 407 115 191 231 120 196 360 225 298 35 80
277 298 362 426 485 149 213 479 389 321 180 102 246 432 143 496 410 380 237 110 309 207 372 160 474 444 288 68 271 76 435 219 138 465 345 335 402 78 498 240 202 129 356 193 459 86 162 304 261 415 325 257 123 94 183 368 418 482 146 205 269 333 354 216 263 441 25 451 374 306 275 370 327 462 33 115 438 296 502 429 391 126 41 172 360 229 166 493 412 189 43 424 51 286 187 157 471 252 488 315 9 337 251 221 135 152 199 378 17 394 310 242 376 323 401 278 195 495 72 319 55 200 500 417 230 364 433 453 35 82 329 346 270 103 307 340 434 461 218 30 477 445 231 384 57 18 208 250 210 487 109 6 311 392 388 24 97 469 170 253 291 178 262 425 285 358 45 84 440 80 386 458 299 254 159 383 427 13 264 164 481 281 235 326 489 342 421 53 91 492 117 334 42 90 350 403 111 366 38 397 497 125 239 141 466 272 287 443 58 26 314 273 448 151 67 0 375 409 32 348 99 133 227 316 499 223 88 407 122 363 318 447 338 490 15 328 185 145 473 40 405 107 196 284 379 292 390 98 153 393 484 11 156 174 460 355 49 92 413 69 430 302 46 454 161 176 204 130 34 331 343 464 59 373 294 439 112 215 75 1 163 382 244 96 470 179 422 468 209 395 154 23 387 249 437 357 503 168 279 83 2 137 48 442 456 65 259 341 349 411 19 105 212 450 148 220 225 476 124 419 7 100 71 494 233 365 54 118 182 267 194 60 36 352 399 128 184 486 446 303 104 134 236 132 313 268 452 217 31 408 330 258 61 44 416 455 192 501 420 3 167 224 300 85 201 50 398 463 120 73 322 400 475 211 27 63 276 114 241 282 108 140 181 478 14 79 158 245 290 428 12 169 248 293 150 467 367 106 197 191 472 377 332 116 238 39 87 222 308 347 491 20 226 351 317 256 62 52 480 119 165 483 93 4 188 280 359 265 8 385 449 127 177 81 457 139 171 274 29 70 297 305 339 21 66 203 232 142 312 260 344 214 131 431 64 255 47 136 436 353 173 301 369 396 28 74 266 289 206 95 243 283 371 404 155 22 414 381 175 320 56 10 144 186 147 423 101 5 247 336 324 16 89 406 113 190 234 121 198 361 228 295 37 77
278 299 363 422 486 150 214 482 386 318 179 104 248 431 146 495 407 382 236 106 312 205 376 159 470 446 293 64 269 72 440 223 134 467 344 333 401 80 499 244 197 131 354 195 458 88 163 303 260 418 323 254 122 96 184 367 417 481 145 209 268 332 353 213 264 447 23 452 377 301 277 364 328 468 31 116 436 298 500 427 387 132 39 173 362 230 164 490 408 191 47 426 55 281 185 154 472 255 485 319 13 338 249 217 136 149 200 383 15 395 313 238 374 326 405 279 192 491 74 321 53 196 503 416 226 369 432 451 40 83 330 347 266 102 306 342 437 455 222 28 479 441 235 379 61 20 206 246 216 489 107 2 308 396 389 25 91 473 168 258 289 180 263 421 284 357 44 87 438 82 390 456 300 256 155 380 433 11 259 167 480 283 237 327 484 341 420 52 95 496 115 329 48 85 351 404 110 370 35 393 501 119 243 143 462 270 292 442 62 22 309 275 453 153 65 3 371 410 33 346 98 137 224 317 502 218 90 411 120 359 320 444 340 492 19 322 188 144 474 41 403 105 201 280 381 288 391 103 148 398 483 10 160 172 461 350 50 93 414 68 429 307 42 450 165 175 207 126 30 334 349 463 56 372 296 434 117 212 73 4 166 384 239 92 475 177 423 465 208 397 156 27 385 247 435 360 497 174 276 81 5 138 43 445 460 63 265 336 345 412 18 111 211 449 147 219 229 477 125 413 8 101 76 493 231 366 49 114 186 271 189 57 38 355 400 127 187 487 443 302 100 139 234 129 311 272 454 220 29 406 335 252 58 46 419 457 190 498 424 6 161 225 297 89 202 51 392 466 124 70 324 402 471 210 26 69 274 113 240 286 109 141 176 476 16 78 157 250 287 430 7 171 251 291 151 464 365 108 198 193 469 375 331 118 241 37 86 221 314 343 494 14 228 356 315 253 59 54 478 121 162 488 97 0 182 282 361 261 9 388 448 130 181 77 459 135 170 273 34 71 295 304 337 24 67 204 233 140 310 262 348 215 128 428 66 257 45 133 439 352 169 305 368 394 32 75 267 290 203 94 242 285 373 399 158 21 415 378 178 316 60 12 142 183 152 425 99 1 245 339 325 17 84 409 112 194 232 123 199 358 227 294 36 79
279 300 359 423 487 151 215 481 390 320 177 100 251 428 145 491 411 384 234 108 310 209 374 155 475 443 291 66 268 74 438 218 139 464 348 332 405 82 502 239 198 128 353 192 456 90 166 302 262 417 326 256 120 92 187 365 416 480 144 208 272 331 352 214 259 444 27 454 375 305 278 369 322 465 29 118 439 299 503 433 385 129 37 169 363 226 167 492 406 193 45 422 53 283 188 156 469 257 486 321 11 340 247 220 133 150 196 380 19 397 311 241 377 327 403 276 190 494 75 318 52 201 497 419 228 368 431 452 41 81 335 343 267 104 301 341 435 457 221 32 482 447 237 381 58 14 203 248 213 484 105 5 314 394 386 23 95 474 174 252 290 179 264 420 280 360 46 86 436 83 391 460 297 253 158 382 432 10 265 161 478 285 236 328 483 336 424 54 94 495 116 330 43 89 356 399 106 364 40 398 498 121 242 146 468 266 288 445 59 21 312 277 451 148 63 6 373 407 31 347 103 138 225 315 500 222 85 412 124 361 316 446 342 496 18 324 182 142 470 39 404 111 202 282 378 293 387 102 147 392 488 12 159 173 455 351 51 97 415 64 427 306 48 449 162 178 205 132 28 329 345 466 60 376 298 437 115 211 70 0 164 379 243 93 471 181 425 467 206 393 160 26 388 245 440 362 501 172 274 77 1 134 47 441 461 69 261 339 344 408 20 110 210 448 152 223 230 479 119 414 9 99 72 490 235 370 50 113 183 269 191 61 35 350 402 130 185 489 442 307 101 135 232 131 308 270 450 219 34 409 333 255 62 42 413 459 194 499 426 2 165 229 295 84 197 55 396 462 125 71 325 401 472 216 22 68 273 112 244 281 107 143 175 477 17 80 154 246 292 429 8 170 249 289 153 463 366 109 199 195 473 371 334 114 240 36 88 217 309 349 493 16 227 354 319 258 56 49 476 123 163 485 91 3 186 286 358 260 13 389 453 126 176 79 458 136 168 275 30 76 294 303 338 25 65 207 231 141 313 263 346 212 127 430 67 254 44 137 434 355 171 304 367 395 33 73 271 287 204 96 238 284 372 400 157 24 418 383 180 317 57 7 140 184 149 421 98 4 250 337 323 15 87 410 117 189 233 122 200 357 224 296 38 78
280 336 392 448 112 168 224 169 225 449 393 281 56 337 226 394 282 113 450 338 57 283 58 451 339 170 114 395 340 452 59 115 396 227 171 397 228 116 60 172 453 284 454 341 285 173 61 229 117 118 174 398 342 230 62 286 343 399 455 119 175 231 287 456 288 0 344 232 176 400 120 457 345 1 401 289 233 177 290 121 402 2 458 346 234 403 347 178 459 3 122 291 179 460 404 235 123 4 348 5 236 124 461 292 180 405 237 6 293 181 125 349 406 63 182 350 462 294 238 239 407 351 183 295 463 7 464 352 64 408 8 240 296 353 465 297 9 409 65 184 66 241 10 466 185 354 410 411 11 242 298 467 186 67 187 299 468 12 243 68 355 300 188 356 412 69 244 13 469 301 70 245 413 126 357 302 14 470 414 246 358 127 359 247 415 471 71 303 15 128 416 360 72 472 16 304 417 129 248 361 17 473 73 74 305 474 18 130 249 418 475 19 75 306 362 131 250 251 363 419 132 20 307 76 133 420 364 77 308 476 189 365 190 21 134 477 309 421 310 422 478 191 22 366 78 423 311 23 479 135 79 367 192 480 368 424 80 136 24 481 193 81 312 425 25 137 82 369 482 138 26 194 313 139 27 314 83 370 426 195 196 252 483 427 84 371 140 428 484 253 28 197 141 372 198 29 373 85 429 485 254 374 486 86 142 255 30 430 487 375 431 31 143 199 87 256 144 32 432 488 88 200 145 257 201 89 376 489 33 90 433 377 146 202 34 258 259 203 315 147 490 91 434 491 435 148 316 35 260 204 92 492 436 205 261 36 317 262 37 318 437 93 493 149 438 150 494 94 206 319 38 151 439 95 495 39 207 263 320 208 264 40 496 152 96 209 321 41 265 97 440 153 322 497 266 378 210 154 98 155 267 498 211 379 42 323 268 380 43 324 99 499 212 100 156 381 500 269 325 44 326 45 213 382 501 101 157 502 214 46 158 102 270 383 215 503 327 103 159 47 271 384 272 104 328 48 160 216 385 105 161 329 441 273 217 218 386 330 162 274 442 49 443 331 106 387 50 219 275 332 444 276 51 388 107 163 108 220 52 445 164 333 389 390 53 221 277 446 165 109 166 278 447 54 222 110 334 279 167 335 391 111 223 55
281 338 395 452 116 173 230 168 226 451 396 284 61 342 224 393 283 115 453 341 62 280 56 450 340 172 117 398 336 449 57 114 397 229 174 392 225 113 58 171 454 286 448 337 282 170 59 228 118 112 169 394 339 227 60 285 344 401 458 122 179 236 293 455 289 2 347 235 180 405 119 456 346 3 404 292 237 175 288 120 403 4 461 349 231 400 345 177 460 5 125 287 176 457 402 234 124 6 343 0 233 121 459 291 181 399 232 1 290 178 123 348 407 64 184 354 467 299 244 238 408 353 185 298 468 13 462 351 65 410 11 243 300 350 463 296 10 411 68 188 63 239 8 465 186 355 412 406 7 240 297 466 187 69 182 295 464 9 241 67 356 294 183 352 409 66 242 12 470 303 72 248 418 131 363 301 15 472 417 249 362 132 357 246 416 473 74 306 20 126 414 359 73 474 19 307 413 127 247 360 18 475 76 70 302 471 16 129 250 419 469 14 71 304 361 130 251 245 358 415 128 17 305 75 134 422 367 80 312 482 195 364 191 23 136 481 313 426 308 421 479 192 25 369 83 420 309 22 480 137 82 370 189 477 366 423 81 138 27 476 190 78 311 424 26 139 77 365 478 135 24 193 314 133 21 310 79 368 425 194 197 254 486 431 88 376 146 427 485 255 31 200 145 377 196 28 374 87 432 489 258 371 484 85 143 256 33 433 483 372 429 30 144 201 90 252 141 29 430 487 89 202 140 253 198 86 375 488 34 84 428 373 142 199 32 257 260 205 318 150 495 96 440 490 436 149 319 39 264 209 91 491 437 206 263 40 321 259 35 317 438 95 496 153 434 148 492 93 207 320 41 147 435 92 493 38 208 265 315 204 261 37 494 151 97 203 316 36 262 94 439 152 323 499 269 382 214 159 104 154 268 500 213 383 47 328 266 379 44 326 102 503 216 98 155 380 501 270 327 48 322 42 212 381 502 103 160 497 211 43 156 101 271 384 210 498 324 100 157 46 272 378 267 99 325 45 158 215 386 106 163 333 446 278 223 217 387 332 164 277 447 55 441 330 107 389 53 222 279 329 442 275 52 390 110 167 105 218 50 444 165 334 391 385 49 219 276 445 166 111 161 274 443 51 220 109 335 273 162 331 388 108 221 54
282 339 396 453 117 174 225 171 229 448 398 283 60 338 228 395 286 112 449 340 61 285 62 452 337 168 113 397 342 454 56 116 394 224 170 393 227 118 57 173 451 280 450 336 284 169 58 230 115 114 172 392 341 226 59 281 349 400 457 121 178 235 292 460 293 3 348 233 175 402 124 459 344 4 405 290 231 181 287 123 401 5 456 347 232 404 343 180 458 6 120 289 177 461 399 237 122 0 346 1 234 125 455 288 179 403 236 2 291 176 119 345 409 69 186 351 468 296 241 243 411 356 184 294 466 8 463 355 66 406 9 244 298 352 467 295 13 410 63 187 67 240 12 462 188 353 407 412 10 238 299 464 183 65 185 300 465 7 242 64 350 297 182 354 408 68 239 11 473 305 71 250 414 132 360 307 16 475 415 248 357 130 361 245 418 472 76 302 19 127 419 362 74 469 17 303 416 131 251 358 15 474 70 75 304 470 20 126 247 417 471 18 73 301 363 128 246 249 359 413 129 14 306 72 137 424 369 79 314 477 191 366 194 24 139 479 312 420 313 423 476 193 21 370 80 425 308 27 482 136 78 365 190 478 367 426 82 133 25 480 195 77 310 421 23 138 83 368 481 134 22 189 311 135 26 309 81 364 422 192 201 255 488 433 87 373 141 430 483 258 32 198 143 376 199 34 372 89 427 486 256 377 487 88 140 257 28 429 489 371 428 29 146 200 86 253 142 33 431 485 90 196 144 254 202 84 374 484 31 85 432 375 145 197 30 252 265 204 319 152 492 95 437 494 440 147 317 40 262 207 93 496 439 209 260 38 315 263 36 320 435 97 490 150 436 151 493 96 203 321 35 153 434 94 491 37 205 264 316 206 259 41 495 149 92 208 318 39 261 91 438 148 324 501 267 383 216 156 103 158 271 499 210 381 48 326 272 382 47 325 98 502 211 101 160 378 503 268 323 46 327 44 214 384 498 99 154 500 215 42 157 104 266 380 212 497 328 102 155 45 269 379 270 100 322 43 159 213 388 111 165 330 447 275 220 222 390 335 163 273 445 50 442 334 108 385 51 223 277 331 446 274 55 389 105 166 109 219 54 441 167 332 386 391 52 217 278 443 162 107 164 279 444 49 221 106 329 276 161 333 387 110 218 53
283 340 397 454 118 169 226 174 228 452 394 280 58 341 225 398 285 116 451 336 59 282 60 449 342 173 115 392 339 448 61 113 393 230 172 396 229 112 62 170 450 281 453 338 286 168 56 227 114 117 171 395 337 224 57 284 348 405 456 120 177 234 291 457 290 5 343 237 179 403 121 460 347 6 399 288 236 178 293 124 404 0 455 345 235 402 344 181 461 1 119 292 175 459 401 232 125 2 349 3 231 123 458 289 176 400 233 4 287 180 122 346 411 66 187 353 464 300 239 241 406 352 188 299 465 11 468 356 63 407 10 242 297 351 466 298 12 412 64 182 69 243 9 467 183 350 408 409 8 244 295 462 185 68 186 294 463 13 240 65 354 296 184 355 410 67 238 7 475 302 74 251 417 128 359 305 19 469 416 247 363 129 360 248 419 474 75 301 14 132 415 361 70 470 18 306 414 130 245 362 20 471 72 71 307 472 17 131 246 413 473 16 76 303 358 126 249 250 357 418 127 15 304 73 139 423 365 82 310 481 192 369 193 27 133 480 311 422 314 420 482 190 23 368 81 424 312 21 478 138 83 364 191 479 370 425 77 134 26 477 194 80 308 426 22 135 79 366 476 136 25 195 309 137 24 313 78 367 421 189 198 256 487 428 90 374 145 433 486 257 29 196 144 375 201 32 377 86 431 484 252 373 483 89 146 253 31 432 488 376 427 28 142 202 85 255 143 34 429 489 84 197 141 258 199 88 371 485 30 87 430 372 140 200 33 254 262 209 320 151 491 92 438 492 439 150 321 37 259 208 95 494 435 203 264 41 318 265 40 315 436 94 495 148 437 147 496 97 205 316 39 152 440 93 490 35 206 261 319 207 260 36 493 153 91 204 317 38 263 96 434 149 326 502 268 384 215 155 100 156 272 503 214 380 45 322 267 381 46 327 104 497 213 103 158 382 498 266 328 43 324 48 211 378 500 102 159 501 210 47 160 99 269 379 216 499 325 101 154 42 270 383 271 98 323 44 157 212 390 108 166 332 443 279 218 220 385 331 167 278 444 53 447 335 105 386 52 221 276 330 445 277 54 391 106 161 111 222 51 446 162 329 387 388 50 223 274 441 164 110 165 273 442 55 219 107 333 275 163 334 389 109 217 49
284 341 398 449 113 170 227 173 224 450 397 286 59 339 230 396 280 114 454 337 60 281 61 453 336 171 118 394 338 451 62 117 392 228 169 395 226 115 56 174 448 285 452 342 283 172 57 225 112 116 168 393 340 229 58 282 347 404 461 125 176 233 290 458 292 4 345 234 181 399 122 455 349 5 402 291 232 179 289 119 400 6 459 348 236 405 346 175 457 0 123 293 180 456 403 231 121 1 344 2 237 120 460 287 178 401 235 3 288 177 124 343 408 65 188 355 466 295 242 244 410 350 186 297 464 12 467 353 68 412 7 241 294 354 468 300 8 406 67 183 64 238 11 463 187 356 409 407 13 243 296 465 182 66 184 298 462 10 239 69 352 299 185 351 411 63 240 9 472 306 73 247 419 130 358 303 20 474 413 250 361 128 363 249 414 475 70 304 17 131 417 357 76 471 14 305 418 132 246 359 16 469 75 72 301 473 19 127 251 415 470 15 74 307 360 129 245 248 362 416 126 18 302 71 136 421 370 81 311 478 194 367 192 22 138 476 314 425 312 426 480 189 26 365 79 422 313 25 477 139 77 368 195 481 369 420 78 135 21 482 191 83 309 423 24 133 80 364 479 137 27 190 310 134 23 308 82 366 424 193 200 258 484 429 89 375 142 431 489 256 30 202 140 373 197 31 371 90 430 488 257 376 485 87 144 252 34 428 486 377 432 33 141 198 84 254 145 28 433 483 86 199 146 255 196 85 372 487 32 88 427 374 143 201 29 253 264 206 317 148 493 97 439 495 437 153 320 38 261 203 96 490 438 207 265 37 316 260 39 321 434 92 494 152 440 149 491 95 208 315 36 150 436 91 496 41 204 262 318 209 263 35 492 147 94 205 319 40 259 93 435 151 328 503 270 381 211 157 99 159 266 501 212 384 46 325 269 383 48 322 101 498 215 104 154 379 502 271 324 45 323 47 216 380 497 100 158 499 213 44 155 103 272 378 214 500 326 98 160 43 267 382 268 102 327 42 156 210 387 107 167 334 445 274 221 223 389 329 165 276 443 54 446 332 110 391 49 220 273 333 447 279 50 385 109 162 106 217 53 442 166 335 388 386 55 222 275 444 161 108 163 277 441 52 218 111 331 278 164 330 390 105 219 51
285 342 393 450 114 171 228 172 227 454 395 282 62 336 229 392 284 118 452 339 56 286 57 448 341 169 116 396 337 453 58 112 398 226 173 394 230 117 59 168 449 283 451 340 281 174 60 224 113 115 170 397 338 225 61 280 346 403 460 124 181 232 289 459 287 1 349 236 177 404 123 461 343 2 400 293 234 180 291 125 399 3 457 344 237 401 348 176 455 4 121 288 178 458 405 233 119 5 345 6 235 122 456 290 175 402 231 0 292 179 120 347 412 67 185 352 463 297 243 240 409 355 182 300 467 10 465 354 69 411 12 238 295 356 462 299 7 408 66 186 68 242 13 464 184 351 406 410 9 239 294 468 188 64 183 296 466 11 244 63 353 298 187 350 407 65 241 8 471 307 75 249 416 127 361 304 18 473 419 245 359 131 362 251 413 470 73 305 16 129 418 358 71 475 20 301 415 126 250 363 14 472 74 76 306 469 15 128 248 414 474 17 72 302 357 132 247 246 360 417 130 19 303 70 135 425 366 83 313 480 190 368 195 26 137 478 308 423 309 424 481 194 27 367 77 426 310 24 476 134 81 369 193 482 364 421 79 139 22 479 189 82 314 422 21 136 78 370 477 133 23 192 312 138 25 311 80 365 420 191 199 253 489 430 85 377 144 432 487 254 34 201 142 371 202 33 375 88 428 483 255 372 488 84 145 258 29 431 485 374 433 32 140 197 89 257 146 30 427 484 87 198 143 252 200 90 373 486 28 86 429 376 141 196 31 256 263 208 316 153 494 93 436 496 434 151 318 36 265 206 94 493 440 204 259 39 320 261 41 319 439 96 491 147 435 152 495 91 209 317 37 149 438 97 492 40 203 260 321 205 262 38 490 148 95 207 315 35 264 92 437 150 327 500 272 379 212 158 101 160 270 497 215 382 44 324 271 378 42 328 100 501 214 102 157 384 499 267 322 47 325 43 210 383 503 104 155 498 216 45 159 98 268 381 213 502 323 99 156 48 266 380 269 103 326 46 154 211 391 109 164 331 442 276 222 219 388 334 161 279 446 52 444 333 111 390 54 217 274 335 441 278 49 387 108 165 110 221 55 443 163 330 385 389 51 218 273 447 167 106 162 275 445 53 223 105 332 277 166 329 386 107 220 50
286 337 394 451 115 172 229 170 230 453 392 285 57 340 227 397 281 117 448 342 58 284 59 454 338 174 112 393 341 450 60 118 395 225 168 398 224 114 61 169 452 282 449 339 280 171 62 226 116 113 173 396 336 228 56 283 345 402 459 123 180 237 288 461 291 6 346 231 178 401 125 458 348 0 403 287 235 176 292 122 405 1 460 343 233 399 349 179 456 2 124 290 181 455 400 236 120 3 347 4 232 119 457 293 177 404 234 5 289 175 121 344 410 68 183 356 465 298 240 242 412 354 187 296 462 9 466 350 67 409 13 239 299 355 464 294 11 407 69 185 65 244 7 468 182 352 411 408 12 241 300 463 184 63 188 297 467 8 238 66 351 295 186 353 406 64 243 10 474 304 76 246 415 129 362 306 17 471 418 251 360 126 358 250 417 469 72 307 18 130 413 363 75 473 15 302 419 128 249 357 19 470 71 73 303 475 14 132 245 416 472 20 70 305 359 127 248 247 361 414 131 16 301 74 138 426 368 78 309 479 193 370 189 25 135 482 310 424 311 425 477 195 24 364 82 421 314 26 481 133 80 366 194 476 365 422 83 137 23 478 192 79 313 420 27 134 81 367 480 139 21 191 308 136 22 312 77 369 423 190 202 257 485 432 86 372 143 429 488 252 33 199 146 374 200 30 376 84 433 487 253 375 489 90 141 254 32 427 484 373 430 34 145 196 88 258 140 31 428 486 85 201 142 256 197 87 377 483 29 89 431 371 144 198 28 255 261 207 321 149 496 94 435 493 438 152 315 41 263 205 97 495 434 208 262 35 319 264 38 316 440 91 492 151 439 153 490 92 204 318 40 148 437 96 494 36 209 259 317 203 265 39 491 150 93 206 320 37 260 95 436 147 325 498 271 380 213 160 102 157 269 502 216 378 43 327 270 384 45 323 103 500 210 99 159 383 497 272 326 42 328 46 215 379 499 98 156 503 212 48 154 100 267 382 211 501 322 104 158 44 268 381 266 101 324 47 155 214 389 110 162 335 444 277 219 221 391 333 166 275 441 51 445 329 109 388 55 218 278 334 443 273 53 386 111 164 107 223 49 447 161 331 390 387 54 220 279 442 163 105 167 276 446 50 217 108 330 274 165 332 385 106 222 52
287 343 399 455 119 175 231 182 238 462 406 294 63 350 245 413 301 126 469 357 70 308 77 476 364 189 133 420 371 483 84 140 427 252 196 434 259 147 91 203 490 315 497 378 322 210 98 266 154 161 217 441 385 273 105 329 336 392 448 112 168 224 280 463 295 7 351 239 183 407 127 470 358 14 414 302 246 190 309 134 421 21 477 365 253 428 372 197 484 28 141 316 204 491 435 260 148 35 379 42 267 155 498 323 211 442 274 49 330 218 162 386 393 56 169 337 449 281 225 232 400 344 176 288 456 0 471 359 71 415 15 247 303 366 478 310 22 422 78 191 85 254 29 485 198 373 429 436 36 261 317 492 205 92 212 324 499 43 268 99 380 331 219 387 443 106 275 50 450 282 57 226 394 113 338 289 1 457 401 233 345 120 352 240 408 464 64 296 8 135 423 367 79 479 23 311 430 142 255 374 30 486 86 93 318 493 37 149 262 437 500 44 100 325 381 156 269 276 388 444 163 51 332 107 114 395 339 58 283 451 170 346 177 2 121 458 290 402 297 409 465 184 9 353 65 416 304 16 472 128 72 360 199 487 375 431 87 143 31 494 206 94 319 438 38 150 101 382 501 157 45 213 326 164 52 333 108 389 445 220 171 227 452 396 59 340 115 403 459 234 3 178 122 347 185 10 354 66 410 466 241 361 473 73 129 248 17 417 480 368 424 24 136 192 80 263 151 39 439 495 95 207 158 270 214 102 383 502 46 109 446 390 165 221 53 277 228 172 284 116 453 60 397 460 404 123 291 4 235 179 67 467 411 186 242 11 298 249 18 305 418 74 474 130 425 137 481 81 193 312 25 144 432 88 488 32 200 256 327 215 271 47 503 159 103 222 334 54 278 110 447 166 285 454 229 341 173 117 61 124 236 461 180 348 5 292 243 355 12 299 68 468 187 75 131 362 475 250 306 19 313 26 194 369 482 82 138 489 201 33 145 89 257 376 208 496 320 96 152 40 264 391 279 111 335 55 167 223 342 62 118 286 398 230 174 181 349 293 125 237 405 6 412 300 69 356 13 188 244 307 419 251 20 363 76 132 83 195 27 426 139 314 370 377 34 202 258 433 146 90 153 265 440 41 209 97 321 272 160 328 384 104 216 48
288 345 402 459 123 180 237 183 240 465 410 298 68 356 246 415 304 129 474 362 76 309 78 479 368 193 138 426 372 485 86 143 432 257 202 435 261 149 94 207 496 321 498 380 325 213 102 271 160 162 219 444 389 277 110 335 337 394 451 115 172 229 286 462 296 9 354 242 187 412 126 471 360 17 418 306 251 189 310 135 424 25 482 370 252 429 374 199 488 33 146 315 205 493 438 263 152 41 378 43 269 157 502 327 216 441 275 51 333 221 166 391 392 57 170 340 453 285 230 231 401 346 178 291 461 6 469 358 72 417 18 250 307 364 477 311 24 425 82 195 84 253 30 487 200 376 433 434 35 262 319 495 208 97 210 323 500 45 270 103 384 329 218 388 445 109 278 55 448 281 58 227 397 117 342 287 0 458 403 235 348 125 350 239 409 466 67 299 13 133 421 366 80 481 26 314 427 141 254 375 32 489 90 91 316 492 38 151 264 440 497 42 99 326 383 159 272 273 386 443 164 53 334 111 112 393 338 59 284 454 174 343 176 1 122 460 292 405 294 407 464 185 11 355 69 413 302 15 473 130 75 363 196 484 373 430 88 145 34 490 204 92 318 439 40 153 98 379 499 156 46 215 328 161 49 331 107 390 447 223 168 225 450 395 60 341 118 399 456 233 2 179 124 349 182 7 352 65 411 468 244 357 470 71 128 249 19 419 476 365 422 23 137 194 83 259 148 36 437 494 96 209 154 267 212 100 382 503 48 105 442 387 163 220 54 279 224 169 282 114 452 61 398 455 400 120 290 3 236 181 63 463 408 184 241 12 300 245 14 303 416 73 475 132 420 134 478 79 192 313 27 140 428 85 486 31 201 258 322 211 268 44 501 158 104 217 330 50 276 108 446 167 280 449 226 339 171 116 62 119 232 457 177 347 4 293 238 351 8 297 66 467 188 70 127 359 472 248 305 20 308 21 191 367 480 81 139 483 197 29 142 87 256 377 203 491 317 93 150 39 265 385 274 106 332 52 165 222 336 56 113 283 396 228 173 175 344 289 121 234 404 5 406 295 64 353 10 186 243 301 414 247 16 361 74 131 77 190 22 423 136 312 369 371 28 198 255 431 144 89 147 260 436 37 206 95 320 266 155 324 381 101 214 47
289 346 403 460 124 181 232 185 243 463 412 297 67 352 249 416 307 127 471 361 75 313 83 480 366 190 135 425 377 489 85 144 430 253 199 436 263 153 93 208 494 316 500 379 327 212 101 272 158 164 222 442 391 276 109 331 342 393 450 114 171 228 285 467 300 10 355 240 182 409 131 473 359 18 419 304 245 195 308 137 423 26 478 368 254 432 371 201 487 34 142 318 206 496 434 265 151 36 382 44 270 160 497 324 215 446 279 52 334 219 161 388 395 62 172 336 454 282 227 236 404 349 177 287 459 1 470 362 73 413 16 251 305 367 481 309 27 424 77 194 88 255 33 483 202 375 428 440 39 259 320 493 204 94 214 328 501 42 271 100 378 333 217 390 444 111 274 54 452 284 56 229 392 118 339 293 2 461 400 234 343 123 354 238 411 465 69 295 12 134 426 369 81 476 24 310 431 145 258 372 29 488 84 96 319 491 41 147 261 439 499 47 102 322 384 157 267 278 387 441 165 49 335 108 116 396 341 57 286 448 169 344 180 3 125 457 291 399 299 408 462 186 7 356 66 418 301 20 475 129 71 358 197 485 374 433 89 140 32 495 209 91 317 435 37 152 104 383 503 155 43 210 325 163 55 330 110 385 443 221 173 226 453 398 58 337 112 401 455 237 4 176 121 348 184 13 351 68 406 464 242 363 472 74 126 250 14 415 482 364 421 22 139 193 79 260 149 40 438 492 97 203 159 268 216 98 381 498 45 106 447 389 167 218 51 273 230 168 283 117 449 59 394 458 405 119 288 5 233 178 64 468 410 188 239 9 294 248 15 306 414 76 469 128 422 136 479 82 189 314 21 146 427 87 484 30 198 257 323 213 266 48 502 156 99 223 332 53 275 105 445 162 281 451 224 340 174 113 60 122 235 456 175 345 6 290 244 353 11 296 63 466 183 72 132 357 474 247 302 17 312 23 192 370 477 78 133 486 200 28 143 90 252 373 205 490 321 95 148 38 262 386 277 107 329 50 166 220 338 61 115 280 397 225 170 179 347 292 120 231 402 0 407 298 65 350 8 187 241 303 417 246 19 360 70 130 80 191 25 420 138 311 365 376 31 196 256 429 141 86 150 264 437 35 207 92 315 269 154 326 380 103 211 46
290 347 404 461 125 176 233 188 242 466 408 295 65 355 247 419 306 130 472 358 73 311 81 478 370 194 136 421 375 484 89 142 429 258 200 439 264 148 97 206 493 317 503 381 328 211 99 270 157 167 221 445 387 274 107 334 341 398 449 113 170 227 284 464 297 12 350 244 186 410 128 474 361 20 413 303 250 192 314 138 425 22 476 367 256 431 373 202 489 30 140 320 203 495 437 261 153 38 384 46 266 159 501 325 212 443 276 54 329 223 165 389 397 59 173 339 450 286 224 234 399 345 181 292 458 4 475 363 70 414 17 249 304 365 480 312 26 426 79 189 90 257 31 488 197 371 430 438 37 265 316 490 207 96 215 322 498 48 269 101 383 332 220 391 446 110 273 49 454 280 60 230 396 114 337 291 5 455 402 232 349 122 353 241 412 467 68 294 7 139 422 368 77 477 25 313 428 144 252 376 34 485 87 92 321 494 39 152 260 434 502 45 104 324 379 154 271 279 385 447 162 50 333 109 118 394 336 61 281 453 171 348 179 6 119 459 289 400 300 406 468 183 8 354 67 417 305 14 471 131 76 357 198 486 377 432 84 141 33 491 208 95 315 440 36 149 100 380 497 158 47 216 323 166 53 335 106 388 442 217 169 228 451 392 62 338 117 405 457 236 0 175 123 346 187 11 356 64 409 463 238 359 469 75 132 246 16 418 481 369 420 21 135 195 78 262 150 41 436 496 91 204 155 272 213 103 378 499 44 108 444 386 161 222 55 275 226 174 285 115 448 56 395 456 403 121 293 1 231 180 66 465 407 182 243 13 296 251 19 301 415 72 473 127 423 133 482 83 191 309 24 145 433 86 483 28 199 254 326 214 267 43 500 160 98 218 331 52 277 111 441 163 283 452 225 342 172 112 57 120 237 460 178 344 2 287 239 352 10 298 69 462 184 74 129 360 470 245 307 15 310 27 190 364 479 80 137 487 196 32 146 85 255 372 209 492 318 94 147 35 263 390 278 105 330 51 164 219 340 58 116 282 393 229 168 177 343 288 124 235 401 3 411 299 63 351 9 185 240 302 416 248 18 362 71 126 82 193 23 424 134 308 366 374 29 201 253 427 143 88 151 259 435 40 205 93 319 268 156 327 382 102 210 42
291 348 405 456 120 177 234 187 239 464 411 300 66 353 251 417 302 128 475 359 74 310 82 481 365 192 139 423 374 487 90 145 428 256 198 438 262 151 92 209 491 320 502 384 326 215 100 268 155 166 218 443 390 279 108 332 340 397 454 118 169 226 283 465 299 11 352 241 188 406 129 469 363 19 416 305 247 193 311 133 422 27 480 369 257 433 375 196 486 29 144 321 208 492 439 259 150 37 380 45 272 156 503 322 214 444 278 53 331 220 167 385 394 58 174 341 452 280 228 237 403 343 179 290 457 5 474 360 75 419 14 248 301 368 482 314 23 420 81 190 86 252 32 484 201 377 431 435 41 264 318 494 203 95 213 327 497 46 267 104 381 335 221 386 447 105 276 52 451 285 59 225 398 116 336 288 6 460 399 236 347 121 356 242 407 468 63 297 10 138 424 364 83 478 21 312 432 146 253 373 31 483 89 94 315 495 40 148 265 436 498 43 103 328 382 158 266 277 391 445 161 54 330 106 115 392 342 60 282 449 173 345 178 0 124 455 293 404 298 412 466 182 12 351 64 415 306 18 470 132 70 361 202 488 376 427 85 142 28 496 205 97 316 437 39 147 102 378 500 159 48 211 324 162 51 329 111 387 446 222 172 230 448 393 61 339 113 402 461 235 1 181 119 344 183 9 350 69 408 467 243 362 471 72 130 245 20 414 479 370 425 26 134 191 77 261 152 35 440 490 93 206 160 269 210 99 379 501 47 110 441 388 164 223 50 274 229 170 281 112 450 62 396 459 401 125 292 2 232 175 68 462 409 185 244 8 295 246 17 307 413 71 472 131 426 135 477 80 194 308 22 143 429 84 489 34 197 255 325 216 270 42 499 154 101 219 333 55 273 107 442 165 286 453 227 338 168 114 56 123 231 458 176 349 3 289 240 354 13 294 65 463 186 76 126 358 473 249 303 16 309 25 195 366 476 79 136 485 199 30 141 88 258 371 207 493 319 91 153 36 260 389 275 109 334 49 163 217 337 57 117 284 395 224 171 180 346 287 122 233 400 4 410 296 67 355 7 184 238 304 418 250 15 357 73 127 78 189 24 421 137 313 367 372 33 200 254 430 140 87 149 263 434 38 204 96 317 271 157 323 383 98 212 44
292 349 400 457 121 178 235 186 241 468 409 296 69 351 250 414 305 132 473 360 71 314 79 477 369 191 137 424 373 488 87 141 433 255 201 437 265 152 95 204 492 319 501 383 324 216 103 267 156 165 220 447 388 275 111 330 339 396 453 117 174 225 282 466 294 8 356 243 184 411 130 475 357 16 415 307 248 194 312 139 420 24 479 366 258 430 376 198 483 32 143 317 207 494 440 262 147 40 381 48 271 158 499 326 210 445 273 50 335 222 163 390 398 60 171 338 448 283 229 233 402 348 175 293 460 3 472 361 76 418 19 245 302 370 476 313 21 423 80 193 89 256 34 486 199 372 427 439 38 260 315 496 209 93 211 325 502 47 272 98 382 334 223 385 442 108 277 51 449 286 61 228 395 112 340 290 4 459 405 231 344 124 355 244 406 463 66 298 9 136 425 365 78 482 27 308 429 140 257 377 28 487 88 97 320 490 36 150 263 435 503 46 101 323 378 160 268 274 389 446 166 55 331 105 113 397 337 62 285 452 168 347 181 5 123 456 287 401 295 410 467 187 13 352 63 419 303 17 469 127 74 362 200 489 371 428 86 146 29 493 203 96 321 436 35 151 99 384 498 154 44 214 327 167 54 332 109 386 441 219 170 224 454 394 56 342 116 404 458 232 6 180 120 343 188 12 353 67 407 462 240 358 474 70 131 251 15 416 478 367 426 25 133 190 82 264 153 37 434 491 94 205 157 266 215 104 380 500 42 107 443 391 162 217 52 278 227 173 280 118 451 57 393 461 399 122 289 0 237 177 65 464 412 183 238 10 299 247 20 304 417 75 470 126 421 138 480 77 195 310 23 142 431 90 485 33 196 253 328 212 269 45 497 155 102 221 329 49 279 106 444 164 284 450 230 336 169 115 58 125 234 455 179 346 1 288 242 350 7 300 64 465 185 73 128 363 471 246 301 18 311 22 189 368 481 83 134 484 202 31 144 84 254 374 206 495 316 92 149 41 259 387 276 110 333 53 161 218 341 59 114 281 392 226 172 176 345 291 119 236 403 2 408 297 68 354 11 182 239 306 413 249 14 359 72 129 81 192 26 422 135 309 364 375 30 197 252 432 145 85 148 261 438 39 208 91 318 270 159 322 379 100 213 43
293 344 401 458 122 179 236 184 244 467 407 299 64 354 248 418 303 131 470 363 72 312 80 482 367 195 134 422 376 486 88 146 431 254 197 440 260 150 96 205 495 318 499 382 323 214 104 269 159 163 223 446 386 278 106 333 338 395 452 116 173 230 281 468 298 13 353 238 185 408 132 472 362 15 417 301 249 191 313 136 426 23 481 364 255 427 377 200 485 31 145 319 209 490 436 264 149 39 383 47 268 154 500 328 213 447 277 55 332 217 164 387 396 61 168 342 451 284 226 235 405 347 180 289 455 2 473 357 74 416 20 246 306 369 479 308 25 421 83 192 87 258 28 489 196 374 432 437 40 263 321 491 206 91 216 326 503 44 266 102 379 330 222 389 441 107 279 53 453 283 62 224 393 115 341 292 3 456 404 237 346 119 351 243 410 462 65 300 11 137 420 370 82 480 22 309 433 143 256 371 33 484 85 95 317 496 35 153 259 438 501 48 98 327 380 155 270 275 390 442 167 52 329 110 117 398 340 56 280 450 172 349 175 4 120 461 288 403 296 411 463 188 10 350 68 414 307 19 474 126 73 359 201 483 372 429 90 144 30 492 207 93 320 434 41 148 103 381 502 160 42 212 322 165 50 334 105 391 444 218 174 229 449 397 57 336 114 400 460 231 5 177 125 345 186 8 355 63 412 465 239 360 475 76 127 247 18 413 477 366 423 27 138 189 81 265 147 38 435 493 92 208 156 271 211 101 384 497 43 111 445 385 166 219 49 276 225 171 286 113 454 58 392 457 402 124 287 6 234 176 69 466 406 187 240 7 297 250 16 302 419 70 471 129 424 139 476 78 190 311 26 141 430 89 487 29 202 252 324 210 272 46 498 157 100 220 335 51 274 109 443 161 282 448 228 337 170 118 59 121 233 459 181 343 0 291 241 356 9 295 67 464 182 71 130 361 469 251 304 14 314 24 193 365 478 77 135 488 198 34 140 86 253 375 204 494 315 97 151 37 261 388 273 108 331 54 162 221 339 60 112 285 394 227 169 178 348 290 123 232 399 1 409 294 66 352 12 183 242 305 415 245 17 358 75 128 79 194 21 425 133 310 368 373 32 199 257 428 142 84 152 262 439 36 203 94 316 267 158 325 378 99 215 45
294 357 420 483 147 210 273 175 245 476 427 315 98 385 231 406 308 140 490 378 105 287 63 469 371 203 154 441 343 462 70 133 434 266 217 399 238 126 77 196 497 329 455 350 301 189 84 259 161 119 182 413 364 252 91 322 351 414 477 141 204 267 330 448 302 21 372 260 211 442 112 463 365 28 435 323 274 168 295 127 428 35 498 386 224 407 358 190 491 42 162 280 183 470 421 253 155 49 336 7 246 134 484 316 218 392 239 14 309 197 148 379 400 71 191 373 492 324 275 225 415 366 198 317 499 50 449 344 78 429 36 268 331 337 456 303 29 436 99 219 56 232 15 478 205 380 443 393 0 247 310 485 212 106 169 288 471 22 254 92 387 281 176 359 422 85 261 43 457 296 79 255 437 156 388 282 8 479 430 262 381 163 338 233 423 486 93 325 51 113 401 352 86 493 44 332 394 120 240 367 37 500 107 57 289 464 23 142 269 444 450 1 64 311 374 149 276 226 345 408 135 30 318 100 121 409 360 87 319 501 220 339 184 16 143 494 326 445 283 402 472 199 38 382 108 395 290 9 487 150 101 389 170 458 353 416 94 157 52 451 177 65 304 431 45 164 58 346 465 128 31 206 333 114 2 297 72 375 438 213 178 241 473 424 95 383 165 396 466 248 24 207 158 390 171 3 361 80 439 502 277 340 459 66 136 263 46 446 452 347 410 17 151 214 109 227 122 10 417 480 102 221 115 234 185 73 368 495 53 59 403 354 129 192 39 270 235 186 305 137 488 103 447 453 411 130 312 32 271 222 60 460 418 193 256 47 334 228 4 298 425 88 503 166 397 123 467 74 200 327 54 116 404 67 474 25 215 278 284 179 242 18 481 144 110 172 291 11 249 81 432 159 292 468 250 369 201 152 111 117 243 475 194 376 40 335 229 348 19 313 89 496 223 61 124 355 482 257 320 55 285 5 187 362 489 96 167 454 180 12 131 82 264 391 173 461 299 75 138 33 279 341 236 68 306 26 145 208 349 69 132 314 433 265 216 174 356 307 139 258 440 48 398 293 76 370 34 209 272 286 405 244 27 377 97 160 62 181 13 419 146 321 384 342 6 188 251 426 153 104 118 237 412 20 195 90 328 230 125 300 363 83 202 41
295 358 421 484 148 211 274 176 247 478 429 317 99 387 233 408 311 142 493 381 107 290 65 472 375 206 157 445 347 466 73 136 439 270 221 404 242 130 81 200 503 334 461 355 306 194 89 264 167 125 188 419 370 258 97 328 350 413 476 140 203 266 329 449 303 22 373 261 212 443 113 464 367 30 437 325 276 170 297 128 431 38 501 389 227 410 361 192 495 46 165 284 186 474 425 256 159 54 341 12 250 138 489 320 223 398 244 20 314 202 153 384 399 70 189 371 490 322 273 224 414 365 197 316 498 49 450 345 79 430 37 269 332 339 458 304 31 438 101 220 59 234 17 480 207 383 446 397 4 249 312 488 215 110 173 292 475 26 257 96 391 286 181 363 426 90 265 48 455 294 77 252 434 154 385 280 7 477 428 260 379 162 337 232 422 485 92 324 50 114 402 353 87 494 45 333 396 122 241 368 39 502 109 60 291 467 25 144 271 447 454 5 68 313 376 152 279 230 349 412 139 34 321 104 119 406 357 84 315 497 217 336 183 14 141 491 323 442 281 400 471 198 36 380 106 394 289 8 486 149 100 388 171 459 354 417 95 158 53 453 179 67 305 432 47 166 61 348 468 131 33 208 335 118 6 300 76 377 440 216 175 238 469 420 91 378 161 392 463 246 21 204 155 386 169 0 359 78 436 499 275 338 457 64 135 262 44 444 451 346 409 16 150 213 108 228 123 11 418 481 103 222 117 236 187 75 369 496 55 62 405 356 132 195 41 272 231 182 301 133 483 98 441 448 407 127 309 28 267 218 56 456 415 191 254 43 331 226 1 296 423 86 500 163 395 121 465 72 199 326 52 115 403 66 473 24 214 277 285 180 243 19 482 145 111 174 293 13 251 83 433 160 287 462 245 364 196 147 105 112 239 470 190 372 35 330 225 344 15 310 85 492 219 57 120 352 479 255 318 51 283 2 184 360 487 94 164 452 178 10 129 80 263 390 172 460 298 74 137 32 278 342 237 69 307 27 146 209 343 63 126 308 427 259 210 168 351 302 134 253 435 42 393 288 71 366 29 205 268 282 401 240 23 374 93 156 58 177 9 416 143 319 382 340 3 185 248 424 151 102 116 235 411 18 193 88 327 229 124 299 362 82 201 40
296 360 424 488 152 216 275 178 250 477 433 319 103 388 235 409 314 141 492 383 111 292 69 473 373 204 156 447 349 468 71 137 437 267 220 400 241 132 79 201 501 330 457 351 305 191 87 265 165 121 186 414 369 255 95 324 356 415 479 143 207 271 335 453 307 24 376 262 210 445 117 466 366 32 440 326 273 174 294 130 430 40 499 390 225 411 357 194 494 48 163 282 184 475 420 258 158 50 339 8 248 139 483 317 222 396 243 16 312 198 147 381 402 76 193 372 496 325 277 229 418 370 199 315 502 51 448 348 80 427 38 272 334 338 460 302 34 439 98 223 60 233 19 476 209 382 442 398 3 245 313 486 211 108 171 293 472 21 256 93 385 283 175 361 423 89 260 47 459 298 78 257 435 160 389 286 9 482 429 263 378 166 340 231 425 487 97 323 55 112 405 355 88 490 46 331 395 124 244 365 36 503 105 61 290 463 27 140 268 446 449 4 66 308 377 150 274 228 344 406 136 28 320 101 123 410 362 86 321 498 219 337 187 17 146 493 327 441 285 401 469 200 35 384 109 397 287 13 489 151 99 386 168 456 352 419 96 154 54 452 181 63 303 428 44 167 62 347 467 127 29 203 332 113 5 295 74 371 436 214 180 240 474 426 94 380 162 394 462 251 25 205 157 391 170 6 358 82 434 500 278 342 458 67 133 264 42 443 454 343 407 15 153 215 107 224 120 12 416 478 104 217 116 232 188 70 367 491 52 56 404 353 131 190 37 266 237 183 304 138 485 102 444 451 412 126 310 33 269 221 57 461 417 195 253 45 329 227 0 299 421 90 497 164 393 122 464 75 196 328 49 118 399 65 470 23 212 279 280 177 238 20 480 142 106 173 289 10 247 77 431 155 288 465 246 368 202 149 110 115 242 471 189 374 41 333 230 346 18 311 84 495 218 58 125 350 481 254 316 53 284 1 185 363 484 92 161 450 179 7 128 83 259 387 169 455 300 73 134 31 276 336 234 64 301 22 144 206 345 68 129 309 432 261 213 172 354 306 135 252 438 43 392 291 72 364 30 208 270 281 403 239 26 375 91 159 59 176 11 413 145 318 379 341 2 182 249 422 148 100 114 236 408 14 192 85 322 226 119 297 359 81 197 39
297 361 425 489 153 212 276 181 249 480 430 316 101 391 232 412 313 144 494 379 109 289 67 471 377 208 158 442 346 463 75 135 436 272 222 403 243 127 83 199 500 331 460 352 307 190 85 263 164 124 185 416 366 253 93 327 355 419 478 142 206 270 334 450 304 26 371 265 215 446 114 467 368 34 434 324 279 171 300 131 432 36 497 388 228 409 359 195 496 44 161 285 182 473 423 254 160 52 342 10 245 137 487 318 219 393 240 18 308 201 151 382 404 73 194 375 493 328 274 227 413 367 202 320 501 54 454 349 77 428 39 271 333 336 459 305 33 440 100 217 62 236 16 481 204 378 444 395 1 251 309 483 214 111 172 287 470 27 255 94 390 282 177 362 424 88 259 42 461 295 81 258 439 157 387 284 12 476 431 261 384 165 339 234 426 488 96 322 49 118 400 354 84 491 47 335 392 123 238 369 41 499 108 56 293 465 24 145 267 441 452 2 69 310 372 147 278 229 343 411 134 29 319 102 125 408 358 89 317 503 221 341 186 20 140 495 325 443 286 399 475 197 37 383 110 396 291 7 485 152 104 385 169 457 356 418 91 155 55 448 180 66 301 433 43 163 57 344 462 129 32 209 330 116 3 299 71 374 435 210 176 242 472 421 97 381 167 398 464 250 22 203 159 389 173 4 363 79 438 498 273 337 455 68 139 260 45 447 453 348 406 14 149 216 106 226 121 13 415 482 98 218 112 237 184 74 364 492 51 58 401 351 126 193 40 268 233 188 306 136 484 99 445 449 410 128 314 30 266 223 59 458 414 189 257 48 332 230 5 294 422 87 502 162 394 119 468 76 198 323 53 117 405 64 469 21 213 275 283 178 239 15 479 146 105 168 288 9 248 82 427 156 290 466 247 370 200 148 107 113 244 474 192 373 38 329 224 345 17 312 90 490 220 60 122 353 477 252 321 50 281 6 183 357 486 95 166 451 175 11 132 78 262 386 174 456 296 72 133 28 277 340 235 63 302 23 143 205 347 65 130 311 429 264 211 170 350 303 138 256 437 46 397 292 70 365 31 207 269 280 402 241 25 376 92 154 61 179 8 417 141 315 380 338 0 187 246 420 150 103 115 231 407 19 191 86 326 225 120 298 360 80 196 35
298 362 426 485 149 213 277 180 246 479 432 321 102 389 237 410 309 143 496 380 110 288 68 474 372 207 160 444 345 465 76 138 435 271 219 402 240 129 78 202 498 335 459 356 304 193 86 261 162 123 183 415 368 257 94 325 354 418 482 146 205 269 333 451 306 25 374 263 216 441 115 462 370 33 438 327 275 172 296 126 429 41 502 391 229 412 360 189 493 43 166 286 187 471 424 252 157 51 337 9 251 135 488 315 221 394 242 17 310 199 152 378 401 72 195 376 495 323 278 230 417 364 200 319 500 55 453 346 82 433 35 270 329 340 461 307 30 434 103 218 57 231 18 477 208 384 445 392 6 250 311 487 210 109 170 291 469 24 253 97 388 285 178 358 425 84 262 45 458 299 80 254 440 159 386 281 13 481 427 264 383 164 342 235 421 489 91 326 53 117 403 350 90 492 42 334 397 125 239 366 38 497 111 58 287 466 26 141 272 443 448 0 67 314 375 151 273 227 348 409 133 32 316 99 122 407 363 88 318 499 223 338 185 15 145 490 328 447 284 405 473 196 40 379 107 393 292 11 484 153 98 390 174 460 355 413 92 156 49 454 176 69 302 430 46 161 59 343 464 130 34 204 331 112 1 294 75 373 439 215 179 244 470 422 96 382 163 395 468 249 23 209 154 387 168 2 357 83 437 503 279 341 456 65 137 259 48 442 450 349 411 19 148 212 105 225 124 7 419 476 100 220 118 233 182 71 365 494 54 60 399 352 128 194 36 267 236 184 303 134 486 104 446 452 408 132 313 31 268 217 61 455 416 192 258 44 330 224 3 300 420 85 501 167 398 120 463 73 201 322 50 114 400 63 475 27 211 276 282 181 241 14 478 140 108 169 290 12 245 79 428 158 293 467 248 367 197 150 106 116 238 472 191 377 39 332 226 347 20 308 87 491 222 62 119 351 480 256 317 52 280 4 188 359 483 93 165 449 177 8 127 81 265 385 171 457 297 70 139 29 274 339 232 66 305 21 142 203 344 64 131 312 431 260 214 173 353 301 136 255 436 47 396 289 74 369 28 206 266 283 404 243 22 371 95 155 56 175 10 414 144 320 381 336 5 186 247 423 147 101 113 234 406 16 190 89 324 228 121 295 361 77 198 37
299 363 422 486 150 214 278 179 248 482 431 318 104 386 236 407 312 146 495 382 106 293 64 470 376 205 159 446 344 467 72 134 440 269 223 401 244 131 80 197 499 333 458 354 303 195 88 260 163 122 184 418 367 254 96 323 353 417 481 145 209 268 332 452 301 23 377 264 213 447 116 468 364 31 436 328 277 173 298 132 427 39 500 387 230 408 362 191 490 47 164 281 185 472 426 255 154 55 338 13 249 136 485 319 217 395 238 15 313 200 149 383 405 74 192 374 491 326 279 226 416 369 196 321 503 53 451 347 83 432 40 266 330 342 455 306 28 437 102 222 61 235 20 479 206 379 441 396 2 246 308 489 216 107 168 289 473 25 258 91 389 284 180 357 421 87 263 44 456 300 82 256 438 155 390 283 11 480 433 259 380 167 341 237 420 484 95 327 52 115 404 351 85 496 48 329 393 119 243 370 35 501 110 62 292 462 22 143 270 442 453 3 65 309 371 153 275 224 346 410 137 33 317 98 120 411 359 90 320 502 218 340 188 19 144 492 322 444 280 403 474 201 41 381 105 398 288 10 483 148 103 391 172 461 350 414 93 160 50 450 175 68 307 429 42 165 56 349 463 126 30 207 334 117 4 296 73 372 434 212 177 239 475 423 92 384 166 397 465 247 27 208 156 385 174 5 360 81 435 497 276 336 460 63 138 265 43 445 449 345 412 18 147 211 111 229 125 8 413 477 101 219 114 231 186 76 366 493 49 57 400 355 127 189 38 271 234 187 302 139 487 100 443 454 406 129 311 29 272 220 58 457 419 190 252 46 335 225 6 297 424 89 498 161 392 124 466 70 202 324 51 113 402 69 471 26 210 274 286 176 240 16 476 141 109 171 287 7 250 78 430 157 291 464 251 365 198 151 108 118 241 469 193 375 37 331 228 343 14 314 86 494 221 59 121 356 478 253 315 54 282 0 182 361 488 97 162 448 181 9 130 77 261 388 170 459 295 71 135 34 273 337 233 67 304 24 140 204 348 66 128 310 428 262 215 169 352 305 133 257 439 45 394 290 75 368 32 203 267 285 399 242 21 373 94 158 60 178 12 415 142 316 378 339 1 183 245 425 152 99 112 232 409 17 194 84 325 227 123 294 358 79 199 36
300 359 423 487 151 215 279 177 251 481 428 320 100 390 234 411 310 145 491 384 108 291 66 475 374 209 155 443 348 464 74 139 438 268 218 405 239 128 82 198 502 332 456 353 302 192 90 262 166 120 187 417 365 256 92 326 352 416 480 144 208 272 331 454 305 27 375 259 214 444 118 465 369 29 439 322 278 169 299 129 433 37 503 385 226 406 363 193 492 45 167 283 188 469 422 257 156 53 340 11 247 133 486 321 220 397 241 19 311 196 150 380 403 75 190 377 494 327 276 228 419 368 201 318 497 52 452 343 81 431 41 267 335 341 457 301 32 435 104 221 58 237 14 482 203 381 447 394 5 248 314 484 213 105 174 290 474 23 252 95 386 280 179 360 420 86 264 46 460 297 83 253 436 158 391 285 10 478 432 265 382 161 336 236 424 483 94 328 54 116 399 356 89 495 43 330 398 121 242 364 40 498 106 59 288 468 21 146 266 445 451 6 63 312 373 148 277 225 347 407 138 31 315 103 124 412 361 85 316 500 222 342 182 18 142 496 324 446 282 404 470 202 39 378 111 392 293 12 488 147 102 387 173 455 351 415 97 159 51 449 178 64 306 427 48 162 60 345 466 132 28 205 329 115 0 298 70 376 437 211 181 243 471 425 93 379 164 393 467 245 26 206 160 388 172 1 362 77 440 501 274 339 461 69 134 261 47 441 448 344 408 20 152 210 110 230 119 9 414 479 99 223 113 235 183 72 370 490 50 61 402 350 130 191 35 269 232 185 307 135 489 101 442 450 409 131 308 34 270 219 62 459 413 194 255 42 333 229 2 295 426 84 499 165 396 125 462 71 197 325 55 112 401 68 472 22 216 273 281 175 244 17 477 143 107 170 292 8 246 80 429 154 289 463 249 366 199 153 109 114 240 473 195 371 36 334 227 349 16 309 88 493 217 56 123 354 476 258 319 49 286 3 186 358 485 91 163 453 176 13 126 79 260 389 168 458 294 76 136 30 275 338 231 65 303 25 141 207 346 67 127 313 430 263 212 171 355 304 137 254 434 44 395 287 73 367 33 204 271 284 400 238 24 372 96 157 57 180 7 418 140 317 383 337 4 184 250 421 149 98 117 233 410 15 189 87 323 224 122 296 357 78 200 38
301 364 427 490 154 217 238 196 266 455 441 308 91 357 259 420 329 119 462 371 98 322 105 483 350 175 126 434 385 497 63 147 413 231 189 406 252 161 70 210 476 287 469 343 315 182 77 273 140 133 203 399 378 245 84 294 386 407 470 134 197 260 323 491 330 28 379 246 168 421 155 484 351 35 442 309 224 218 280 148 414 42 463 372 239 435 336 211 477 49 127 302 190 498 392 274 141 7 365 14 253 162 448 295 204 428 267 21 316 183 112 358 422 106 205 344 499 303 254 268 436 387 191 281 485 15 456 380 85 393 22 275 317 359 492 288 50 429 56 212 92 247 43 449 219 366 400 443 29 225 324 471 176 78 198 331 478 0 261 71 337 310 169 373 415 99 232 36 486 318 64 269 401 163 367 332 23 500 408 255 338 149 374 226 437 479 107 289 44 120 444 381 93 450 30 296 423 156 276 345 8 493 57 100 311 457 51 113 240 430 464 37 86 282 388 135 233 262 352 394 142 1 325 79 150 431 382 72 333 458 184 353 213 31 164 472 319 395 326 416 451 206 2 389 87 438 283 52 501 143 65 346 177 465 360 445 101 114 38 487 220 58 297 402 16 157 108 375 494 121 9 170 304 128 45 290 94 339 409 199 214 248 495 446 80 354 122 417 452 277 39 185 136 383 192 53 347 102 396 473 263 390 480 95 115 270 3 410 502 340 403 10 165 207 73 234 129 46 424 466 109 171 151 241 221 59 361 459 24 66 439 368 158 178 17 227 278 179 312 159 467 88 418 481 447 116 298 47 249 200 74 503 432 222 235 25 284 256 11 327 404 110 453 137 411 144 474 103 172 334 4 166 397 81 460 18 186 271 291 193 228 54 488 130 67 215 305 32 242 60 425 123 299 482 236 376 223 131 96 145 264 468 173 362 55 313 279 369 40 306 61 489 180 82 167 341 496 243 292 33 320 19 201 391 461 68 117 475 208 5 138 111 229 355 187 454 335 89 124 26 250 348 257 75 285 12 152 194 363 104 146 293 440 244 195 209 377 328 132 230 426 13 405 321 83 342 20 216 258 300 433 237 48 370 62 153 90 188 41 398 160 307 349 384 27 174 265 412 125 76 139 272 419 6 202 69 286 251 118 314 356 97 181 34
302 365 428 491 155 218 239 198 268 456 443 310 92 359 262 423 332 120 464 374 100 326 108 487 353 177 128 438 390 502 66 151 417 234 192 411 256 166 74 215 481 291 475 348 320 187 82 279 145 139 209 405 384 251 90 300 385 406 469 133 196 259 322 492 331 29 380 247 169 422 156 486 352 37 444 311 226 220 283 150 416 45 465 375 241 439 340 214 480 53 129 305 193 503 397 278 144 11 369 19 257 167 454 299 208 433 272 27 321 188 118 363 420 105 203 343 497 301 252 267 435 386 190 280 484 14 457 381 86 394 23 276 318 360 494 290 52 431 58 213 95 248 46 452 221 368 403 447 32 228 327 474 179 81 201 335 482 5 264 75 341 314 174 377 419 104 237 41 483 315 63 266 399 161 364 330 21 498 407 253 336 148 373 225 436 478 106 288 43 121 445 382 94 451 31 297 424 158 277 347 10 495 59 103 312 460 54 116 242 432 468 40 89 285 391 138 236 265 356 398 146 6 328 83 147 427 378 70 329 455 182 351 211 28 162 470 316 392 324 415 449 205 0 387 85 437 282 51 500 142 64 345 178 466 361 446 102 115 39 488 222 60 298 404 18 159 111 376 496 124 12 173 306 132 48 293 97 342 412 202 210 245 490 441 77 350 119 414 448 274 35 183 134 379 191 50 344 99 393 471 261 388 479 93 113 269 1 408 501 339 402 9 164 206 72 235 130 47 425 467 110 172 152 243 223 61 362 461 26 69 440 370 160 181 20 230 273 175 308 154 462 84 413 477 442 112 295 42 246 197 71 499 429 219 232 22 281 255 8 325 401 107 450 135 409 143 472 101 170 333 2 165 396 80 459 17 185 270 292 194 229 55 489 131 68 216 307 34 244 62 426 125 294 476 231 371 217 126 91 141 260 463 168 358 49 309 275 366 36 303 56 485 176 79 163 338 493 240 289 30 319 16 199 389 458 65 114 473 207 3 136 109 227 354 186 453 334 88 123 25 249 349 258 76 286 13 153 195 357 98 140 287 434 238 189 204 372 323 127 224 421 7 400 317 78 337 15 212 254 296 430 233 44 367 57 149 87 184 38 395 157 304 346 383 24 171 263 410 122 73 137 271 418 4 200 67 284 250 117 313 355 96 180 33
303 367 431 495 159 223 244 197 269 458 446 312 96 363 260 422 333 122 467 376 104 323 106 486 354 179 131 440 386 499 64 150 418 236 195 407 254 163 72 214 482 293 470 344 318 184 80 278 146 134 205 401 382 248 88 299 387 408 472 136 200 264 328 490 332 31 383 249 173 426 154 485 353 39 447 313 230 217 281 149 417 47 468 377 238 436 338 213 481 55 132 301 191 500 395 277 145 13 364 15 255 164 452 298 209 427 268 23 319 185 116 362 421 107 206 347 503 306 258 266 437 389 192 284 489 20 455 379 87 396 25 279 321 357 491 289 53 432 61 216 91 246 44 451 222 369 405 441 28 226 326 473 180 83 196 330 479 2 263 74 342 308 168 374 416 102 235 40 484 317 65 270 404 167 370 329 22 501 410 256 341 153 371 224 438 480 110 292 48 119 442 380 95 453 33 300 420 155 275 346 11 496 62 98 309 456 52 115 243 433 462 35 85 283 390 137 237 259 351 393 143 3 327 82 148 429 381 73 334 461 188 350 212 30 165 474 320 398 322 414 450 207 4 391 90 434 280 50 502 144 68 349 175 463 359 444 103 117 41 483 218 56 296 403 19 160 105 372 492 120 10 172 307 126 42 288 93 340 411 201 211 247 493 445 81 355 125 413 449 276 38 186 138 384 189 49 345 101 397 475 265 385 477 92 114 271 5 412 497 336 400 8 166 208 76 231 127 43 423 465 111 174 147 239 219 57 360 460 27 63 435 366 156 177 18 229 274 176 311 157 466 89 419 476 443 113 297 46 250 202 70 498 430 220 234 26 286 252 7 324 402 109 454 139 406 141 471 100 171 335 6 161 392 78 457 16 187 272 287 190 225 51 487 129 69 210 302 29 240 58 424 124 295 478 233 375 221 130 97 140 261 464 170 361 54 314 273 365 37 304 59 488 181 77 162 337 494 241 291 34 315 14 198 388 459 67 118 469 204 0 135 108 228 356 182 448 331 86 121 24 251 343 253 71 282 9 151 193 358 99 142 290 439 242 194 203 373 325 128 227 425 12 399 316 79 339 17 215 257 294 428 232 45 368 60 152 84 183 36 394 158 305 348 378 21 169 262 409 123 75 133 267 415 1 199 66 285 245 112 310 352 94 178 32
304 368 432 496 160 219 240 202 271 459 444 309 94 362 261 426 335 123 465 372 102 325 110 485 356 180 129 435 389 498 68 149 415 237 193 410 257 162 76 213 479 288 474 345 321 183 78 277 143 138 207 402 380 246 86 298 391 412 471 135 199 263 327 493 333 33 378 251 172 424 157 488 354 41 441 310 229 221 286 152 418 43 462 374 242 438 337 216 482 51 126 306 189 502 394 275 146 9 370 17 252 166 451 296 205 429 269 25 315 187 115 360 425 109 208 346 500 307 253 270 434 388 195 285 487 18 461 384 84 392 24 278 319 358 495 291 55 433 57 210 97 250 45 453 218 364 401 445 30 230 323 469 178 82 200 329 477 6 262 72 340 311 170 376 417 103 231 35 489 316 67 272 403 164 366 334 26 497 409 254 342 151 375 227 440 481 111 287 42 125 443 383 91 448 32 299 421 159 273 348 13 492 58 99 314 458 53 117 239 427 466 38 90 281 386 133 235 264 350 397 141 0 326 80 153 430 379 75 331 460 185 355 215 34 161 473 318 393 328 413 454 204 1 390 88 439 284 49 499 145 69 343 176 464 363 447 98 112 40 484 223 59 294 405 15 156 107 373 490 122 11 174 302 130 46 292 92 338 407 196 212 249 494 442 83 352 124 419 450 279 36 182 137 382 194 54 349 100 395 470 259 387 476 96 118 267 2 411 503 341 399 7 163 209 71 233 128 48 422 468 105 168 148 244 220 60 357 456 23 65 437 365 154 179 19 225 276 181 313 158 463 85 416 478 446 114 300 44 245 201 73 501 428 217 236 27 282 258 12 322 400 108 452 134 408 140 475 104 169 330 3 167 398 79 455 14 184 268 290 192 224 50 486 132 63 211 303 31 241 61 420 120 297 480 232 377 222 127 93 142 265 467 171 359 52 308 274 367 39 305 62 483 177 81 165 339 491 238 293 29 317 20 197 385 457 66 116 472 203 4 139 106 226 351 188 449 332 87 119 21 248 347 256 70 280 8 150 191 361 101 144 289 436 243 190 206 371 324 131 228 423 10 404 320 77 336 16 214 255 295 431 234 47 369 56 147 89 186 37 396 155 301 344 381 22 173 260 406 121 74 136 266 414 5 198 64 283 247 113 312 353 95 175 28
305 369 433 492 156 220 241 201 267 457 447 314 95 360 265 424 330 121 468 373 103 324 111 488 351 178 132 437 388 501 69 152 414 235 191 409 255 165 71 216 477 292 473 349 319 186 79 275 141 137 204 400 383 250 87 296 390 411 475 139 198 262 326 494 335 32 381 248 174 420 158 483 356 40 445 312 225 222 282 147 415 48 466 376 243 440 339 210 479 50 130 307 194 499 396 273 143 8 366 16 258 163 453 294 207 430 271 24 317 184 117 357 423 108 209 348 502 302 256 272 439 385 193 283 486 19 460 382 89 398 21 277 315 361 496 293 51 427 60 211 93 245 47 448 223 370 402 442 34 229 325 472 175 80 199 334 476 3 260 76 338 313 171 372 418 98 233 38 487 320 66 268 405 166 365 331 27 503 406 257 340 150 377 228 435 482 105 290 46 124 446 378 97 449 28 298 425 160 274 344 9 490 61 101 308 459 55 112 244 429 463 36 88 286 389 136 231 263 355 395 140 4 323 78 151 428 384 74 332 456 187 352 214 29 167 469 321 397 327 419 452 203 5 386 86 436 285 54 498 146 63 347 181 467 362 441 99 113 35 489 219 62 295 401 17 154 109 371 493 123 13 168 303 127 44 287 96 337 410 200 215 251 491 443 82 353 120 416 454 278 37 188 133 380 190 52 343 104 394 474 264 391 478 94 116 266 6 407 500 342 404 12 162 205 70 232 131 42 426 462 107 170 153 240 217 56 358 458 25 67 434 367 157 180 15 224 279 177 310 155 464 90 417 480 444 118 299 45 247 196 75 497 431 221 237 23 280 253 10 328 399 106 451 138 412 142 470 102 173 329 0 164 393 77 461 20 183 269 289 195 227 49 485 126 65 212 304 33 238 57 421 122 300 481 234 374 218 128 92 144 259 465 169 363 53 311 276 368 41 301 58 484 179 83 161 336 495 242 288 31 316 18 202 387 455 64 115 471 206 1 134 110 230 350 185 450 333 84 125 22 246 346 254 73 284 7 149 189 359 100 145 291 438 239 192 208 375 322 129 226 422 11 403 318 81 341 14 213 252 297 432 236 43 364 59 148 85 182 39 392 159 306 345 379 26 172 261 408 119 72 135 270 413 2 197 68 281 249 114 309 354 91 176 30
306 370 429 493 157 221 242 200 270 461 445 311 97 358 264 421 334 125 466 375 99 328 107 484 355 176 130 439 387 503 65 148 419 233 194 408 258 167 73 211 478 290 472 347 317 188 81 274 142 136 206 404 381 247 89 295 389 410 474 138 202 261 325 495 329 30 384 250 170 425 159 489 350 38 443 314 227 223 284 153 413 46 464 373 244 437 341 212 476 54 128 303 192 501 398 276 140 12 367 20 256 165 449 297 203 431 266 22 320 186 113 361 426 110 207 345 498 304 257 269 438 391 189 286 488 17 458 383 90 397 26 273 316 363 490 292 49 430 59 215 96 249 48 450 220 365 399 446 31 224 322 475 181 79 197 332 480 4 265 70 339 312 173 371 414 101 234 37 485 321 68 271 402 162 368 333 25 502 412 252 337 152 376 230 434 477 109 291 45 122 447 379 92 454 34 294 422 154 279 349 7 494 60 104 313 455 50 114 241 428 467 39 87 280 385 139 232 260 353 396 144 5 324 77 149 432 380 76 335 459 183 354 216 33 166 471 315 394 323 417 453 208 6 388 84 440 281 53 497 141 67 348 179 468 357 442 100 118 36 486 217 61 300 400 14 158 106 377 491 119 8 171 305 131 47 289 95 336 406 198 213 246 496 444 78 356 123 418 451 275 41 187 135 378 195 55 346 103 392 469 262 386 481 91 117 272 0 409 499 338 405 11 161 204 75 236 132 44 420 463 108 169 150 238 222 62 359 457 21 64 436 369 155 175 16 228 277 180 309 160 465 86 415 482 441 115 296 43 251 199 72 500 433 218 231 24 285 254 13 326 403 111 448 133 407 145 473 98 174 331 1 163 395 83 456 19 182 267 293 191 226 52 483 127 66 214 301 28 243 56 423 121 298 479 237 372 219 129 94 146 263 462 172 360 51 310 278 364 35 307 57 487 178 80 164 342 492 239 287 32 318 15 196 390 460 69 112 470 209 2 137 105 225 352 184 452 330 85 120 27 245 344 255 74 283 10 147 190 362 102 143 288 435 240 193 205 374 327 126 229 424 9 401 319 82 340 18 210 253 299 427 235 42 366 58 151 88 185 40 393 156 302 343 382 23 168 259 411 124 71 134 268 416 3 201 63 282 248 116 308 351 93 177 29
307 366 430 494 158 222 243 199 272 460 442 313 93 361 263 425 331 124 463 377 101 327 109 489 352 181 127 436 391 500 67 153 416 232 190 412 253 164 75 212 480 289 471 346 316 185 83 276 144 135 208 403 379 249 85 297 388 409 473 137 201 265 324 496 334 34 382 245 171 423 160 487 355 36 446 308 228 219 285 151 419 44 467 371 240 434 342 215 478 52 131 304 195 497 393 279 142 10 368 18 254 161 450 300 206 432 270 26 318 182 114 359 424 111 204 349 501 305 255 271 440 390 194 282 483 16 459 378 88 395 27 274 320 362 493 287 54 428 62 214 94 251 42 454 217 367 404 444 33 227 328 470 177 77 202 333 481 1 259 73 336 309 172 375 413 100 236 39 488 319 69 267 400 165 369 335 24 499 411 258 339 147 372 229 439 476 108 293 47 123 441 384 96 452 29 295 426 157 278 343 12 491 56 102 310 461 49 118 238 431 465 41 84 284 387 134 234 261 354 392 145 2 322 81 152 433 383 71 330 457 186 356 210 32 163 475 317 396 325 418 448 209 3 385 89 435 286 55 503 140 66 344 180 462 358 443 104 116 37 485 221 57 299 399 20 155 110 374 495 125 7 169 301 129 43 291 91 341 408 197 216 250 492 447 79 351 121 415 453 273 40 184 139 381 193 51 348 98 398 472 260 389 482 97 112 268 4 406 498 337 401 13 167 203 74 237 126 45 421 464 106 173 149 242 218 58 363 455 22 68 438 364 159 176 14 226 275 178 314 156 468 87 414 479 445 117 294 48 248 198 76 502 427 223 233 21 283 257 9 323 405 105 449 136 410 146 469 99 168 332 5 162 394 82 458 15 188 266 288 189 230 53 484 128 64 213 306 30 239 59 422 119 296 477 235 373 220 132 95 143 262 466 174 357 50 312 277 370 38 302 60 486 175 78 166 340 490 244 290 28 321 17 200 386 456 63 113 474 205 6 133 107 224 353 183 451 329 90 122 23 247 345 252 72 281 11 148 192 360 103 141 292 437 241 191 207 376 326 130 225 420 8 402 315 80 338 19 211 256 298 429 231 46 365 61 150 86 187 35 397 154 303 347 380 25 170 264 407 120 70 138 269 417 0 196 65 280 246 115 311 350 92 179 31
308 371 434 497 161 182 245 217 259 483 413 287 77 378 238 441 322 147 476 343 84 301 91 462 385 210 140 399 364 455 98 126 406 273 203 427 266 119 105 189 469 294 490 357 329 175 63 252 133 154 196 420 350 231 70 315 379 442 463 127 190 253 316 470 309 42 336 274 204 428 134 491 372 49 392 295 267 197 330 155 435 7 448 358 260 421 351 218 498 14 112 323 168 484 414 239 162 21 386 28 224 148 477 302 183 407 246 35 280 211 141 365 436 85 212 366 471 331 232 254 393 359 219 324 478 36 499 387 56 400 29 261 310 344 485 317 43 443 71 169 106 268 22 492 176 337 415 422 15 275 288 449 198 99 205 281 456 50 247 78 373 303 191 380 429 92 225 0 500 289 93 276 430 135 352 318 44 450 423 240 388 142 367 255 444 493 100 282 1 163 408 374 57 457 37 325 401 149 226 381 51 464 79 64 332 479 30 156 233 394 486 23 107 296 345 113 262 269 338 437 120 8 311 86 164 416 346 101 297 494 199 382 206 52 114 487 304 409 333 395 501 177 16 375 94 431 319 2 465 157 108 339 184 472 389 438 58 121 45 458 213 87 283 445 9 128 72 353 451 143 38 220 290 150 31 326 65 360 402 170 185 263 480 403 109 361 158 446 473 270 10 171 151 368 214 39 390 73 424 459 227 354 452 102 165 234 24 439 495 383 396 3 129 221 66 248 136 53 410 502 59 178 122 277 192 95 340 466 17 80 417 347 115 207 46 241 249 222 327 144 460 67 425 467 432 137 334 18 228 215 88 481 404 172 271 54 305 278 47 284 411 81 488 123 418 116 503 110 186 291 32 159 447 74 453 4 193 242 312 200 235 11 474 166 60 179 298 25 256 103 397 130 313 489 243 391 208 124 75 131 279 496 201 355 26 285 236 362 33 320 111 454 194 96 145 369 461 229 335 12 299 55 180 341 475 89 152 482 173 40 167 68 250 348 223 468 306 82 117 5 257 376 264 61 292 19 138 187 377 83 153 307 412 272 181 195 342 300 160 265 419 34 440 328 62 349 27 202 251 293 426 258 41 384 69 118 104 209 20 433 125 286 356 363 13 216 237 398 139 97 146 230 405 48 188 76 314 244 132 321 370 90 174 6
309 372 435 498 162 183 246 219 261 485 415 288 78 380 240 444 325 149 479 345 86 304 94 465 389 213 143 402 368 459 102 129 410 277 207 432 271 123 110 193 474 298 496 362 335 180 68 257 138 160 202 426 356 237 76 321 378 441 462 126 189 252 315 471 310 43 337 275 205 429 135 493 374 51 394 296 269 199 333 157 438 9 451 360 263 424 354 221 502 17 115 327 172 488 418 242 166 25 391 33 229 152 482 306 187 412 251 41 286 216 146 370 434 84 210 364 469 329 231 253 392 358 218 323 477 35 500 388 57 401 30 262 311 346 487 319 45 445 72 170 109 270 24 495 178 340 417 425 18 278 291 453 200 103 208 285 461 55 250 82 376 307 195 384 433 97 230 6 497 287 91 273 427 133 350 316 42 448 421 239 386 141 366 254 443 492 99 281 0 164 409 375 58 458 38 326 403 151 227 383 53 466 80 67 334 481 32 159 235 397 489 26 111 299 348 117 264 272 342 440 125 13 314 90 161 413 343 98 294 490 196 379 204 49 112 484 302 407 331 393 499 176 15 373 92 430 318 1 464 156 107 338 185 473 390 439 59 122 46 460 215 88 284 447 11 130 75 355 454 145 40 223 292 153 34 328 69 363 405 174 182 259 476 399 105 357 154 442 470 267 7 168 148 365 212 36 387 71 422 456 225 352 450 100 163 233 23 437 494 382 395 2 128 220 65 249 137 54 411 503 60 179 124 279 194 96 341 468 19 83 419 349 118 209 48 244 245 217 322 140 455 63 420 463 428 134 330 14 224 211 85 478 400 169 268 50 303 276 44 282 408 79 486 120 416 114 501 108 184 290 31 158 446 73 452 3 192 241 313 201 236 12 475 167 61 181 300 27 258 104 398 132 308 483 238 385 203 119 70 127 274 491 197 351 21 280 232 359 29 317 106 449 191 93 142 367 457 226 332 8 297 52 177 339 472 87 150 480 171 39 165 66 248 347 222 467 305 81 116 4 256 377 265 62 293 20 139 188 371 77 147 301 406 266 175 190 336 295 155 260 414 28 436 324 56 344 22 198 247 289 423 255 37 381 64 113 101 206 16 431 121 283 353 361 10 214 234 396 136 95 144 228 404 47 186 74 312 243 131 320 369 89 173 5
310 374 438 502 166 187 251 218 262 487 417 291 82 384 239 443 326 151 481 348 90 302 92 464 390 215 145 405 365 456 100 128 411 279 209 428 268 120 108 192 475 300 491 359 332 177 66 256 139 155 198 423 353 234 74 320 380 444 465 129 193 257 321 469 311 45 340 278 208 433 133 492 375 53 397 299 272 196 331 156 439 11 454 363 259 422 352 220 503 19 118 322 169 486 416 241 167 27 385 29 226 150 480 305 188 406 247 37 283 214 144 369 435 86 213 368 474 335 237 252 394 360 221 327 482 41 497 386 58 403 32 264 314 343 484 318 46 447 75 174 105 267 23 494 179 341 419 420 14 276 290 452 201 104 203 280 457 52 248 81 377 301 190 381 431 95 228 5 498 288 94 277 432 138 356 315 43 451 424 242 391 146 364 253 445 495 103 285 6 161 407 373 59 460 40 328 399 148 225 382 54 468 83 63 330 478 31 158 236 398 483 21 106 297 347 116 265 266 336 436 121 10 312 89 162 415 345 102 298 496 202 378 205 51 115 488 306 412 329 392 500 178 18 376 97 427 316 0 466 159 111 342 182 470 387 437 60 124 48 455 211 85 282 446 12 132 70 351 449 142 39 222 293 147 28 324 64 361 404 173 183 261 479 402 110 362 160 441 471 269 9 172 152 370 210 35 388 72 425 461 230 350 448 99 164 235 26 440 490 379 393 1 130 223 69 245 134 50 408 501 61 181 119 274 191 93 339 467 20 77 414 344 113 206 47 243 246 219 325 143 459 68 426 462 429 135 333 17 229 216 84 477 401 170 270 55 307 273 42 281 409 80 489 125 413 112 499 107 185 292 34 154 442 71 450 2 194 244 308 197 232 8 472 165 62 175 295 22 255 101 396 131 309 485 240 389 207 123 76 126 275 493 199 354 25 286 231 358 30 319 109 453 195 91 141 366 458 227 334 13 294 49 176 338 473 88 153 476 168 36 163 65 249 349 217 463 303 79 114 3 258 371 260 56 289 16 136 186 372 78 149 304 410 271 180 189 337 296 157 263 418 33 434 323 57 346 24 200 250 287 421 254 38 383 67 117 98 204 15 430 122 284 355 357 7 212 233 395 137 96 140 224 400 44 184 73 313 238 127 317 367 87 171 4
311 375 439 503 167 188 247 221 264 484 419 290 81 381 242 445 328 148 478 347 89 306 97 466 387 211 142 404 370 461 99 130 408 274 206 429 270 125 107 194 472 295 493 358 334 176 65 258 136 157 200 421 355 233 73 317 384 443 464 128 192 256 320 474 314 46 341 276 203 431 138 495 373 54 398 297 266 202 329 159 437 12 449 361 261 425 350 223 501 20 113 325 170 489 413 244 165 22 389 30 227 153 476 303 186 410 250 38 284 212 140 367 438 90 215 365 475 332 234 257 397 363 220 322 480 37 498 391 59 399 31 265 312 345 488 316 48 446 70 173 110 269 26 490 181 339 414 426 17 273 292 450 197 101 207 286 458 49 249 79 371 304 189 383 430 96 224 4 502 291 92 279 428 139 353 321 45 454 422 241 385 144 368 252 447 494 104 280 5 162 412 376 60 455 39 324 402 152 230 379 50 467 77 68 333 477 34 154 232 396 485 25 109 294 349 114 260 271 337 434 122 7 313 87 166 417 348 100 300 491 198 380 208 53 118 486 305 406 335 394 497 179 14 377 95 432 315 6 468 158 106 336 183 471 388 440 61 119 47 459 216 84 281 442 8 131 76 354 453 141 36 217 289 149 33 323 67 357 400 171 187 262 481 405 108 359 155 444 469 272 11 169 150 369 213 41 386 75 420 457 228 356 451 103 161 236 21 436 496 378 392 0 132 222 64 246 135 55 409 499 62 175 123 275 195 91 338 463 16 78 418 346 117 204 44 238 251 218 326 145 456 66 423 465 433 133 331 19 226 214 86 482 403 174 267 52 301 277 43 285 407 83 483 121 415 115 500 111 182 293 28 160 441 72 448 1 191 243 309 199 231 13 473 163 56 180 296 24 254 98 395 127 310 487 239 390 209 120 74 129 278 492 196 352 27 283 237 360 32 318 105 452 190 94 146 364 460 225 330 10 298 51 178 342 470 85 147 479 172 35 164 69 245 344 219 462 307 80 112 2 255 372 263 57 287 15 137 184 374 82 151 302 411 268 177 193 340 299 156 259 416 29 435 327 58 343 23 201 248 288 424 253 40 382 63 116 102 205 18 427 124 282 351 362 9 210 235 393 134 93 143 229 401 42 185 71 308 240 126 319 366 88 168 3
312 376 440 499 163 184 248 223 260 486 418 293 80 382 244 446 323 150 482 344 88 303 96 467 386 214 146 401 367 458 104 131 407 278 205 431 269 122 106 195 470 299 495 363 333 179 64 254 134 159 197 422 354 236 72 318 383 447 468 132 191 255 319 472 313 47 338 277 209 427 136 490 377 55 395 298 268 200 332 154 436 13 452 362 264 426 353 217 500 15 116 328 173 485 417 238 164 23 387 31 230 149 481 301 185 408 249 39 281 213 145 364 437 87 216 369 473 330 235 258 396 357 222 326 479 40 503 389 61 405 28 263 308 347 489 321 44 441 74 168 107 266 25 491 180 342 416 421 20 279 289 451 196 102 206 284 455 53 246 83 374 306 192 379 432 91 226 2 501 292 95 275 433 137 351 317 48 453 420 243 390 143 370 256 442 496 98 283 3 167 410 371 62 456 35 327 404 153 224 380 52 462 82 65 329 480 33 155 237 393 484 22 110 300 346 115 259 270 341 438 119 11 309 85 165 414 349 103 296 492 201 381 207 50 117 483 307 411 334 398 502 175 19 372 93 429 320 4 463 160 105 340 188 474 391 434 56 120 42 461 212 90 280 444 10 126 73 350 450 144 41 218 288 148 30 322 68 359 403 172 186 265 477 400 111 360 156 445 475 271 8 174 147 366 211 38 385 76 423 460 229 355 449 101 166 231 27 435 493 384 397 5 127 219 63 247 138 49 412 497 57 177 125 276 189 92 336 465 18 81 413 345 114 208 43 239 250 220 324 141 457 69 424 466 430 139 335 16 225 210 89 476 402 171 272 51 302 274 46 286 406 78 487 124 419 113 498 109 187 287 29 157 443 70 454 6 190 240 311 202 234 7 471 161 58 176 297 26 252 100 392 129 314 488 241 388 204 121 71 130 273 494 198 356 24 282 233 361 34 315 108 448 193 97 140 365 459 228 331 9 295 54 181 337 469 86 151 478 170 37 162 67 251 343 221 464 304 77 118 0 253 375 261 59 291 14 135 182 373 79 152 305 409 267 178 194 339 294 158 262 415 32 439 325 60 348 21 199 245 290 425 257 36 378 66 112 99 203 17 428 123 285 352 358 12 215 232 394 133 94 142 227 399 45 183 75 310 242 128 316 368 84 169 1
313 377 436 500 164 185 249 222 263 489 416 289 83 379 243 442 327 153 480 346 85 307 93 463 391 212 144 403 366 460 101 127 412 276 208 430 272 124 109 190 471 297 494 361 331 181 67 253 135 158 199 425 352 232 75 316 382 446 467 131 195 254 318 473 308 44 342 279 206 432 137 496 371 52 393 300 270 201 334 160 434 10 450 359 265 423 355 219 497 18 114 324 171 487 419 240 161 26 388 34 228 151 478 304 182 409 245 36 285 215 142 368 440 88 214 367 470 333 236 255 395 362 217 328 481 39 501 390 62 404 33 259 309 349 483 320 42 444 73 172 111 271 27 493 177 336 413 424 16 274 287 454 202 100 204 282 459 54 251 77 375 305 194 378 428 94 227 1 499 293 96 278 431 134 354 319 47 452 426 238 387 145 369 258 441 491 102 284 2 165 411 372 56 461 41 322 400 147 229 384 49 465 81 69 335 476 29 157 234 392 488 24 108 295 343 118 261 267 339 439 123 12 310 84 163 418 344 104 299 495 197 383 209 55 116 485 301 408 330 396 503 180 20 374 91 433 317 3 462 155 110 341 186 475 385 435 57 125 43 457 210 89 286 443 7 129 71 356 448 140 37 221 291 152 32 325 66 358 399 169 184 260 482 401 106 363 159 447 472 268 13 173 149 364 216 40 389 74 421 455 226 351 453 98 167 237 22 438 492 381 398 4 126 218 68 250 139 51 406 498 58 176 121 273 193 97 337 464 14 79 415 348 112 203 45 242 248 223 323 146 458 64 422 468 427 136 332 15 230 213 87 479 405 168 266 53 306 275 48 283 410 82 484 119 414 117 502 105 188 288 30 156 445 76 449 5 189 239 314 198 233 9 469 162 59 178 294 21 257 99 394 128 312 486 244 386 205 122 72 132 277 490 200 353 23 281 235 357 28 321 107 451 192 95 143 370 456 224 329 11 296 50 175 340 474 90 148 477 174 38 166 63 247 345 220 466 302 78 113 6 252 373 262 60 290 17 133 183 376 80 150 303 407 269 179 191 338 298 154 264 417 31 437 326 61 347 25 196 246 292 420 256 35 380 65 115 103 207 19 429 120 280 350 360 8 211 231 397 138 92 141 225 402 46 187 70 311 241 130 315 365 86 170 0
314 373 437 501 165 186 250 220 265 488 414 292 79 383 241 447 324 152 477 349 87 305 95 468 388 216 141 400 369 457 103 132 409 275 204 433 267 121 111 191 473 296 492 360 330 178 69 255 137 156 201 424 351 235 71 319 381 445 466 130 194 258 317 475 312 48 339 273 207 430 139 494 376 50 396 294 271 198 335 158 440 8 453 357 262 420 356 222 499 16 117 326 174 483 415 243 163 24 390 32 225 147 479 307 184 411 248 40 282 210 143 366 439 89 211 370 472 334 233 256 398 361 223 325 476 38 502 385 60 402 34 260 313 348 486 315 47 442 76 171 108 272 21 496 175 338 418 423 19 277 293 448 199 98 209 283 460 51 245 80 372 302 193 382 427 93 229 3 503 290 97 274 429 136 355 320 46 449 425 244 389 140 365 257 446 490 101 286 4 166 406 377 61 459 36 323 405 150 228 378 55 463 78 66 331 482 28 160 231 395 487 27 105 298 344 112 263 268 340 435 124 9 308 88 167 419 347 99 295 493 200 384 203 54 113 489 303 410 332 397 498 181 17 371 96 428 321 5 467 154 109 337 187 469 386 436 62 123 44 456 214 86 285 441 13 127 74 352 452 146 35 219 287 151 29 327 63 362 401 168 188 264 478 404 107 358 157 443 474 266 12 170 153 367 215 37 391 70 426 458 224 353 454 104 162 232 25 434 491 380 394 6 131 217 67 251 133 52 407 500 56 180 120 278 190 94 342 462 15 82 416 343 116 205 42 240 247 221 328 142 461 65 421 464 431 138 329 20 227 212 90 480 399 173 269 49 304 279 45 280 412 77 485 122 417 118 497 106 183 289 33 155 444 75 451 0 195 238 310 196 237 10 470 164 57 177 299 23 253 102 393 126 311 484 242 387 206 125 73 128 276 495 202 350 22 284 234 363 31 316 110 450 189 92 144 368 455 230 333 7 300 53 179 336 471 84 149 481 169 41 161 64 246 346 218 465 301 83 115 1 254 374 259 58 288 18 134 185 375 81 148 306 408 270 176 192 341 297 159 261 413 30 438 322 59 345 26 197 249 291 422 252 39 379 68 114 100 208 14 432 119 281 354 359 11 213 236 392 135 91 145 226 403 43 182 72 309 239 129 318 364 85 172 2
315 378 441 462 126 189 252 210 231 469 434 329 84 364 273 427 287 133 497 350 91 294 98 490 343 196 161 413 357 476 105 154 399 259 182 420 245 140 63 217 455 322 483 385 308 203 70 238 119 147 175 406 371 266 77 301 372 435 498 162 183 246 309 477 323 35 358 253 218 392 141 448 386 42 421 316 239 204 302 112 407 49 484 379 267 442 365 168 470 7 148 330 211 463 428 224 134 14 351 21 274 127 491 280 197 414 260 28 295 190 155 336 415 78 219 380 485 288 261 275 429 337 205 310 471 43 492 366 99 443 0 254 281 373 499 331 15 393 92 176 71 225 36 456 212 387 422 400 50 268 303 478 169 85 191 317 449 29 232 106 359 324 198 344 436 56 247 22 479 325 86 240 444 149 345 296 51 493 394 269 374 135 388 262 401 500 57 311 30 156 430 338 107 464 1 318 437 163 233 352 23 450 100 79 282 486 44 120 276 408 457 8 93 332 367 142 226 255 381 423 113 37 289 64 143 402 389 94 304 465 213 360 199 9 157 451 333 438 319 445 487 170 45 346 72 409 326 38 458 164 58 375 220 494 382 395 65 128 2 501 184 108 290 416 31 114 87 339 472 150 52 177 297 121 16 283 101 353 431 206 207 277 459 410 102 368 129 424 502 263 17 221 115 354 178 24 340 109 417 495 270 383 466 80 151 227 53 403 473 390 439 46 122 185 59 241 158 3 446 452 73 192 165 248 171 66 347 480 39 95 396 361 136 214 10 234 271 193 298 123 474 110 432 488 418 166 327 25 242 172 103 453 425 200 278 18 291 235 32 334 397 67 481 159 447 130 460 88 215 284 11 137 411 60 503 54 179 249 305 222 256 4 467 116 81 186 312 47 228 74 404 144 335 496 257 362 180 138 68 152 229 482 187 391 33 306 250 376 55 285 82 461 208 111 117 348 489 264 299 26 292 40 223 355 454 75 145 468 194 19 124 96 279 341 201 475 313 61 167 12 236 369 243 89 320 5 131 173 356 76 160 321 426 237 202 216 370 286 146 251 412 41 433 307 97 384 6 195 230 314 440 272 13 342 90 125 69 174 34 405 153 328 363 349 48 209 244 419 118 83 132 258 398 27 181 104 300 265 139 293 377 62 188 20
316 379 442 463 127 190 253 212 232 471 436 331 85 366 276 430 289 135 500 352 93 297 101 494 346 199 164 416 361 480 109 158 403 263 185 425 249 144 67 222 460 327 489 391 313 208 75 243 124 153 181 412 377 272 83 307 371 434 497 161 182 245 308 478 324 36 359 254 219 393 142 450 388 44 423 318 240 206 304 114 409 52 487 382 270 446 368 171 473 10 151 334 215 467 432 228 137 18 355 26 279 131 496 285 201 419 265 34 300 195 160 342 413 77 217 378 483 287 259 274 428 336 204 309 470 42 493 367 100 444 1 255 282 375 501 333 16 395 94 177 73 227 39 459 214 390 424 404 54 271 305 481 172 88 194 320 454 33 236 111 362 328 202 349 440 62 251 27 476 322 84 238 441 147 343 295 49 491 392 267 372 134 387 261 400 499 56 310 29 157 431 339 108 465 2 319 439 165 234 354 24 452 102 81 284 488 47 123 278 411 461 12 96 335 369 145 229 258 384 426 118 41 293 69 140 399 385 91 301 462 210 358 197 7 155 448 330 435 317 443 485 169 43 344 71 408 325 37 457 163 57 374 221 495 383 396 66 129 3 503 186 110 291 418 32 116 89 341 475 152 55 180 299 125 20 286 104 356 433 209 203 273 455 406 98 364 126 421 498 260 14 218 112 351 176 22 337 106 415 492 268 381 464 79 149 226 51 401 472 389 438 45 121 184 58 242 159 4 447 453 74 193 167 250 173 68 348 482 40 97 398 363 139 216 13 237 266 189 294 119 469 105 427 484 414 162 323 21 239 168 99 449 422 198 275 15 288 233 30 332 394 64 479 156 445 128 458 87 213 283 9 136 410 59 502 53 178 248 306 223 257 5 468 117 82 188 314 48 230 76 405 146 329 490 252 357 175 133 63 148 224 477 183 386 28 302 247 373 50 281 78 456 205 107 113 345 486 262 296 23 290 38 220 353 451 72 143 466 192 17 122 95 277 340 200 474 312 60 166 11 235 370 244 90 321 6 132 174 350 70 154 315 420 231 196 211 365 280 141 246 407 35 429 303 92 380 0 191 225 311 437 269 8 338 86 120 65 170 31 402 150 326 360 347 46 207 241 417 115 80 130 256 397 25 179 103 298 264 138 292 376 61 187 19
317 381 445 466 130 194 258 211 233 472 439 334 89 370 274 429 290 136 503 355 97 295 99 493 347 200 167 419 358 478 107 157 404 264 188 421 247 142 65 221 461 328 484 387 311 206 73 242 125 148 176 408 375 270 81 306 373 437 501 165 186 250 314 476 325 38 361 256 223 398 140 449 389 46 425 320 244 203 303 113 410 54 489 384 266 443 367 170 474 12 153 329 212 464 431 227 138 20 350 22 276 128 495 284 202 413 261 30 297 192 159 341 414 79 220 383 488 292 265 273 430 339 207 312 475 48 490 365 101 446 4 257 286 371 498 332 17 397 96 181 70 224 37 458 215 391 426 399 49 269 304 480 173 90 189 316 450 31 234 110 363 322 197 345 438 59 249 26 477 324 87 241 447 152 349 294 50 494 396 271 376 139 385 260 402 502 60 313 34 154 428 337 109 467 5 321 434 162 232 353 25 454 104 77 280 485 45 122 279 412 455 7 92 333 368 144 230 252 379 422 114 39 291 68 141 400 388 95 305 468 216 357 198 8 158 453 335 440 315 442 486 171 47 348 76 406 323 36 459 166 61 377 217 491 380 394 67 131 6 497 183 106 289 417 33 118 84 336 471 149 53 179 300 119 14 281 100 354 432 208 204 275 457 409 103 369 132 420 499 262 16 222 117 356 175 21 338 108 418 496 272 378 463 78 150 228 55 405 469 386 436 44 123 187 62 238 155 0 444 451 75 195 161 246 169 64 346 481 41 91 392 359 135 213 11 236 267 191 296 121 473 111 433 483 415 163 326 24 243 174 98 448 423 199 277 19 293 231 28 331 395 66 482 160 441 127 456 86 214 285 13 133 407 56 500 52 180 251 301 218 254 1 465 115 83 182 309 43 226 72 403 145 330 492 255 360 178 137 69 147 225 479 184 390 32 307 245 372 51 283 80 460 209 105 112 344 487 263 298 27 287 35 219 352 452 74 146 462 190 15 120 94 278 342 196 470 310 57 164 10 237 364 239 85 318 2 129 172 351 71 156 319 424 235 201 210 366 282 143 248 411 40 427 302 93 382 3 193 229 308 435 268 9 340 88 124 63 168 29 401 151 327 362 343 42 205 240 416 116 82 126 253 393 23 177 102 299 259 134 288 374 58 185 18
318 382 446 467 131 195 254 214 236 470 440 333 88 367 278 431 293 134 499 354 96 299 104 495 344 197 163 418 363 482 106 159 401 260 184 422 248 146 64 223 458 323 486 386 312 205 72 244 122 150 179 407 376 269 80 303 377 436 500 164 185 249 313 481 328 39 362 255 217 395 145 452 387 47 426 319 238 209 301 116 408 55 485 383 268 447 364 173 472 13 149 332 213 468 427 230 136 15 353 23 277 132 490 281 200 417 264 31 298 191 154 338 416 83 222 379 489 289 263 279 432 342 206 308 473 44 491 369 102 441 2 258 284 374 503 330 20 396 91 180 74 226 40 455 216 389 421 405 53 266 306 479 168 87 192 321 451 28 235 107 357 326 196 347 437 61 246 25 480 327 85 243 442 153 346 300 52 496 393 270 371 137 390 259 404 501 62 309 33 155 433 341 110 462 3 317 438 167 237 351 22 453 98 82 283 484 48 119 275 410 456 11 95 329 370 143 224 256 380 420 115 35 292 65 144 403 391 93 307 463 212 359 201 10 160 450 334 434 320 444 483 172 42 349 73 411 322 41 461 165 56 372 218 492 381 398 68 126 4 502 188 105 288 414 30 117 90 340 474 148 50 175 296 120 19 280 103 350 429 207 208 276 460 412 101 366 127 423 497 265 18 219 114 355 177 27 336 111 413 493 271 384 465 81 147 229 49 400 475 385 435 43 125 186 57 239 156 5 445 449 76 189 166 247 174 63 345 477 38 92 397 360 138 211 8 231 272 190 297 124 471 109 430 487 419 161 324 26 240 171 100 454 424 202 274 16 287 234 29 335 392 69 476 157 443 129 457 89 210 286 7 139 406 58 498 51 176 250 302 220 252 6 466 113 78 187 311 46 225 70 402 141 331 494 253 361 181 135 67 151 228 478 182 388 34 304 251 375 54 282 77 459 204 108 118 343 488 261 295 24 291 37 221 356 448 71 140 464 193 14 121 97 273 337 198 469 314 59 162 9 233 365 241 86 315 0 130 170 352 75 158 316 425 232 199 215 368 285 142 245 409 36 428 305 94 378 1 194 227 310 439 267 12 339 84 123 66 169 32 399 152 325 358 348 45 203 242 415 112 79 128 257 394 21 178 99 294 262 133 290 373 60 183 17
319 383 447 468 132 191 255 216 235 473 437 330 87 369 275 433 292 137 501 351 95 296 103 492 349 201 165 414 360 477 111 156 400 265 186 424 250 141 69 220 457 324 488 388 314 204 71 241 121 152 178 409 373 267 79 305 376 440 499 163 184 248 312 479 326 40 357 258 222 396 143 453 390 48 420 317 243 207 307 117 411 50 483 381 271 445 366 174 475 8 147 335 210 466 430 225 139 16 356 24 273 130 494 282 198 415 262 32 294 194 158 339 418 80 223 382 486 293 260 277 427 338 209 313 472 47 496 370 98 442 3 256 283 372 502 334 19 398 93 175 76 229 38 460 211 385 423 402 51 272 302 476 171 89 193 315 448 34 233 108 361 325 199 348 439 60 245 21 482 323 88 244 446 150 344 298 55 490 395 268 377 136 389 263 405 503 61 308 28 160 429 340 105 463 4 320 435 166 231 355 27 449 101 78 286 487 46 124 274 406 459 9 97 331 365 140 228 257 378 425 112 36 290 66 146 401 386 96 303 467 214 362 200 13 154 452 332 436 321 441 489 168 44 347 74 410 327 35 456 167 62 371 219 493 384 397 63 127 5 498 187 109 287 419 29 113 86 337 469 151 54 181 295 123 17 285 99 352 428 203 205 278 458 407 104 367 131 426 500 264 15 217 116 353 180 25 342 107 416 491 266 380 462 82 153 224 52 404 474 391 434 42 120 188 56 240 157 6 443 454 70 190 162 251 170 67 343 478 37 94 394 358 133 215 12 232 269 195 299 122 470 106 431 485 417 164 328 23 238 173 102 451 421 196 279 20 289 237 33 329 393 65 480 155 444 126 461 90 212 280 10 138 412 57 497 49 177 247 304 221 253 0 464 118 77 183 310 45 227 75 399 142 333 495 254 363 179 134 64 149 230 481 185 387 31 301 246 374 53 284 83 455 206 110 115 346 484 259 300 22 288 41 218 350 450 73 144 465 189 18 125 92 276 336 202 471 311 58 161 7 234 368 242 84 316 1 128 169 354 72 159 318 422 236 197 213 364 281 145 249 408 39 432 306 91 379 2 192 226 309 438 270 11 341 85 119 68 172 30 403 148 322 359 345 43 208 239 413 114 81 129 252 392 26 176 100 297 261 135 291 375 59 182 14
320 384 443 464 128 192 256 215 234 475 438 332 90 365 279 428 291 139 502 353 92 300 100 491 348 198 166 417 359 481 108 155 405 262 187 423 251 145 66 218 456 326 487 390 310 209 74 239 120 151 177 411 374 268 82 302 375 439 503 167 188 247 311 480 322 37 363 257 220 397 144 454 385 45 422 321 241 208 305 118 406 53 486 380 272 444 369 169 469 11 150 331 214 465 433 226 133 19 352 27 278 129 492 283 196 416 259 29 299 193 156 340 419 81 221 381 484 290 264 276 431 341 203 314 474 46 494 368 104 447 5 252 280 377 497 335 14 394 95 179 75 228 41 457 213 386 420 403 52 267 301 482 174 86 190 318 452 32 237 105 360 327 201 343 435 58 248 23 478 328 89 242 445 148 347 297 54 495 398 266 373 138 391 265 399 498 59 312 31 158 432 336 106 468 6 315 436 161 236 356 21 451 103 83 285 483 43 121 277 407 460 10 94 330 364 146 225 253 382 424 116 40 288 63 142 404 387 97 306 466 211 361 202 12 159 449 329 437 316 446 488 173 48 345 70 412 324 39 455 162 60 376 222 496 378 392 64 132 0 500 182 111 293 415 28 115 85 342 470 147 51 178 298 124 18 282 102 351 427 205 206 274 461 408 99 370 130 425 501 261 20 223 113 350 181 26 339 110 414 490 269 379 467 77 152 230 50 402 471 388 440 47 119 183 61 243 160 1 441 448 72 191 164 245 172 69 344 479 35 93 393 362 134 210 9 235 270 194 295 125 472 107 429 489 413 165 325 22 244 170 101 450 426 197 273 17 292 232 34 333 396 68 477 154 442 131 459 84 216 281 8 135 409 62 499 55 175 246 307 219 255 2 462 112 80 185 308 42 229 71 401 143 334 493 258 358 176 136 65 153 227 476 186 389 30 303 249 371 49 286 79 458 207 109 114 349 485 260 294 25 289 36 217 354 453 76 141 463 195 16 123 91 275 338 199 473 309 56 163 13 231 366 240 88 319 3 126 168 355 73 157 317 421 233 200 212 367 284 140 250 410 38 430 304 96 383 4 189 224 313 434 271 7 337 87 122 67 171 33 400 149 323 357 346 44 204 238 418 117 78 127 254 395 24 180 98 296 263 137 287 372 57 184 15
321 380 444 465 129 193 257 213 237 474 435 335 86 368 277 432 288 138 498 356 94 298 102 496 345 202 162 415 362 479 110 160 402 261 183 426 246 143 68 219 459 325 485 389 309 207 76 240 123 149 180 410 372 271 78 304 374 438 502 166 187 251 310 482 327 41 360 252 221 394 146 451 391 43 424 315 242 205 306 115 412 51 488 378 269 441 370 172 471 9 152 333 216 462 429 229 135 17 354 25 275 126 493 286 199 418 263 33 296 189 157 337 417 82 218 384 487 291 262 278 433 340 208 311 469 45 495 364 103 445 6 253 285 376 500 329 18 392 97 178 72 230 35 461 210 388 425 401 55 270 307 477 170 84 195 319 453 30 231 109 358 323 200 346 434 57 250 24 481 326 90 239 443 151 348 299 53 492 397 272 375 133 386 264 403 497 58 314 32 159 427 342 111 466 0 316 440 164 235 350 26 448 99 80 281 489 42 125 273 409 458 13 91 334 366 141 227 254 383 421 117 38 287 67 145 405 390 92 302 464 215 363 196 11 156 454 331 439 318 447 484 174 46 343 75 407 328 40 460 161 59 373 223 490 379 393 69 130 1 499 185 107 292 413 34 112 88 338 473 153 49 176 294 122 15 284 98 355 430 204 209 279 456 411 100 365 128 422 503 259 19 220 118 352 179 23 341 105 419 494 267 382 468 83 148 225 54 399 470 387 437 48 124 182 60 244 154 2 442 450 71 194 163 249 168 65 349 476 36 96 395 357 137 212 7 233 268 192 300 120 475 108 428 486 416 167 322 27 241 169 104 452 420 201 276 14 290 236 31 330 398 63 478 158 446 132 455 85 211 282 12 134 408 61 501 50 181 245 303 217 258 3 463 114 79 184 313 44 224 73 400 140 332 491 256 359 177 139 66 150 226 480 188 385 29 305 248 377 52 280 81 457 203 106 116 347 483 265 297 21 293 39 222 351 449 70 142 467 191 20 119 93 274 339 197 472 308 62 165 8 232 367 238 87 317 4 127 171 353 74 155 320 423 234 198 214 369 283 144 247 406 37 431 301 95 381 5 190 228 312 436 266 10 336 89 121 64 173 28 404 147 324 361 344 47 206 243 414 113 77 131 255 396 22 175 101 295 260 136 289 371 56 186 16
322 385 406 469 133 196 259 203 252 497 420 301 105 343 266 399 315 161 483 364 63 329 70 455 378 182 147 427 350 490 77 119 441 245 210 413 273 154 84 175 462 308 476 371 294 217 91 231 126 140 189 434 357 238 98 287 365 428 491 155 218 239 302 484 280 14 386 267 190 435 148 498 336 21 407 330 253 211 316 162 392 28 470 351 274 414 379 183 448 35 134 295 197 477 442 246 112 42 358 49 260 141 463 309 168 421 224 7 323 204 127 372 443 92 198 359 456 310 268 247 422 380 169 331 492 29 478 373 106 436 43 225 288 387 449 324 0 415 85 205 99 261 50 471 191 344 393 429 22 232 281 499 219 71 176 303 485 36 275 56 366 317 212 337 400 78 254 15 464 332 100 262 423 120 374 311 37 486 444 226 352 156 381 276 394 457 86 318 23 142 437 345 64 500 51 282 408 113 269 388 1 479 93 107 325 450 8 135 255 401 493 30 79 289 338 163 240 233 367 430 149 44 296 57 128 438 353 108 326 487 177 375 220 45 150 465 283 416 290 431 494 213 52 360 58 445 297 31 451 121 94 382 206 501 339 402 72 164 9 472 170 101 333 409 2 143 65 389 458 114 16 199 319 157 38 304 87 346 395 184 192 234 502 417 66 390 151 439 480 241 53 214 129 340 221 46 368 95 403 452 248 347 495 59 158 277 10 424 466 361 446 39 115 178 102 270 165 17 396 459 80 185 136 227 207 109 354 473 3 73 410 383 122 171 24 263 256 215 291 166 481 74 411 503 397 144 305 11 278 193 81 474 447 179 228 32 327 242 54 312 432 103 460 116 404 159 488 60 222 298 18 130 425 110 467 47 172 235 334 186 249 25 453 123 88 200 284 4 271 67 418 137 320 475 279 348 187 145 82 167 257 454 208 369 19 299 264 341 5 335 75 482 201 89 138 391 468 236 285 40 306 12 173 376 496 111 124 461 223 26 152 61 243 362 194 489 292 68 131 55 229 355 250 96 313 33 117 180 384 90 139 300 405 251 209 188 363 321 118 272 433 27 419 314 104 377 41 174 237 328 398 265 6 356 83 146 97 202 48 412 132 293 342 370 20 181 230 440 160 69 125 244 426 34 216 62 307 258 153 286 349 76 195 13
323 386 407 470 134 197 260 205 254 499 422 303 106 344 269 401 318 163 486 367 64 333 72 458 382 184 150 431 354 495 80 122 446 248 214 418 278 159 88 179 467 312 482 376 299 223 96 236 131 146 195 440 363 244 104 293 364 427 490 154 217 238 301 485 281 15 387 268 191 436 149 500 338 23 408 332 255 213 319 164 395 31 472 353 277 417 383 185 452 39 136 298 200 481 447 249 116 47 362 55 264 145 468 313 173 426 230 13 328 209 132 377 441 91 196 357 455 308 266 246 421 379 168 330 491 28 479 374 107 437 44 226 289 389 451 326 2 416 87 206 102 263 53 473 192 347 396 432 25 235 284 503 222 74 180 306 489 40 279 61 369 321 216 342 405 83 258 20 462 329 98 259 420 119 371 309 35 484 442 224 351 155 380 275 393 456 85 317 22 143 438 346 65 501 52 283 410 115 270 390 3 480 95 110 327 453 11 137 256 404 496 33 82 292 341 167 243 237 370 433 153 48 300 62 126 434 350 105 322 483 175 372 218 42 148 463 280 414 288 429 492 212 50 359 56 444 296 30 450 120 93 381 207 502 340 403 73 165 10 474 172 103 334 411 4 144 68 391 461 117 19 201 320 160 41 307 90 349 398 188 189 231 497 413 63 385 147 435 477 239 49 211 127 336 219 43 366 92 400 449 247 345 493 57 156 276 8 423 465 360 445 38 114 177 101 271 166 18 397 460 81 186 138 229 208 111 355 475 5 76 412 384 125 174 27 265 252 210 287 161 476 70 406 498 392 141 302 7 274 190 78 471 443 176 225 29 324 240 51 311 430 100 457 113 402 157 487 58 220 297 16 129 424 109 466 46 171 234 335 187 250 26 454 124 89 202 286 6 272 69 419 139 315 469 273 343 182 140 77 162 253 448 204 365 14 295 261 337 0 331 71 478 198 86 135 388 464 233 282 37 304 9 170 375 494 108 121 459 221 24 151 59 241 361 193 488 291 67 130 54 228 356 251 97 314 34 118 181 378 84 133 294 399 245 203 183 358 316 112 267 428 21 415 310 99 373 36 169 232 325 394 262 1 352 79 142 94 199 45 409 128 290 339 368 17 178 227 439 158 66 123 242 425 32 215 60 305 257 152 285 348 75 194 12
324 388 409 473 137 201 265 204 255 501 424 305 111 349 267 400 319 165 488 369 69 330 71 457 383 186 152 433 351 492 79 121 447 250 216 414 275 156 87 178 468 314 477 373 296 220 95 235 132 141 191 437 360 241 103 292 366 430 494 158 222 243 307 483 282 16 390 271 194 440 147 499 339 24 411 335 258 210 317 163 396 32 475 356 273 415 381 184 453 40 139 294 198 479 445 248 117 48 357 50 262 143 466 312 174 420 225 8 326 207 130 376 442 93 199 361 460 313 272 245 423 382 171 334 496 34 476 372 108 439 47 229 293 385 448 325 3 418 89 209 98 260 51 472 193 348 398 427 21 233 283 502 223 76 175 302 486 38 277 60 370 315 211 338 402 80 256 19 463 331 101 263 425 124 377 308 36 487 446 228 355 160 378 274 395 459 88 320 27 140 435 344 66 503 55 286 406 112 268 389 4 482 97 105 323 449 9 136 257 405 490 28 78 290 340 166 244 231 365 429 150 46 298 61 127 436 352 109 327 489 181 371 219 44 151 467 285 419 287 428 493 214 54 362 62 441 295 29 452 123 96 384 203 498 337 401 74 167 13 469 168 99 332 410 5 146 63 386 456 113 17 200 321 154 35 303 86 347 397 187 190 232 500 416 67 391 153 434 478 240 52 215 131 342 217 42 367 94 404 454 251 343 491 56 157 278 12 426 462 358 443 37 116 180 104 266 162 15 394 458 82 188 133 224 205 107 353 474 6 70 407 380 120 170 25 264 253 212 289 164 480 75 412 497 393 142 304 10 279 195 77 470 444 177 227 33 328 238 49 310 431 102 461 118 399 155 485 57 221 299 20 126 421 106 464 45 173 237 329 183 247 23 451 122 90 196 280 0 269 65 417 138 316 471 276 346 185 144 83 161 254 450 206 368 18 300 259 336 1 333 73 481 202 84 134 387 465 234 284 41 301 7 169 374 495 110 125 455 218 22 149 58 242 363 189 484 288 64 128 53 230 350 246 92 311 31 115 179 379 85 135 297 403 249 208 182 359 318 114 270 432 26 413 309 100 375 39 172 236 322 392 261 2 354 81 145 91 197 43 408 129 291 341 364 14 176 226 438 159 68 119 239 422 30 213 59 306 252 148 281 345 72 192 11
325 389 410 474 138 202 261 207 257 498 426 304 110 345 271 402 321 162 485 368 68 335 76 459 380 183 149 432 356 496 78 123 444 246 213 415 277 160 86 180 465 309 479 372 298 219 94 237 129 143 193 435 362 240 102 288 370 429 493 157 221 242 306 488 286 17 391 269 189 438 152 502 337 25 412 333 252 216 315 166 394 33 471 354 275 418 378 187 451 41 135 296 199 482 441 251 115 43 360 51 263 146 462 310 172 424 229 9 327 205 126 374 445 97 200 358 461 311 270 250 425 384 170 329 495 30 477 376 109 434 45 230 291 388 453 323 6 417 84 208 103 262 55 469 195 346 392 433 24 231 285 500 218 72 178 307 487 35 278 57 364 319 210 340 401 82 253 18 466 334 99 264 421 125 375 314 38 489 443 227 350 159 383 273 397 458 90 316 26 141 440 348 67 497 53 281 409 117 272 386 0 481 91 111 326 448 13 133 254 403 492 32 80 287 342 164 239 235 366 427 151 42 299 58 130 439 355 107 328 484 176 373 223 46 153 464 284 413 292 430 490 215 49 363 59 447 294 34 454 122 92 379 204 499 338 405 75 161 11 473 174 98 331 407 1 145 69 390 460 112 15 196 318 156 40 302 88 343 393 185 194 233 503 419 65 387 148 437 476 244 54 212 128 341 220 48 365 96 399 450 249 349 494 60 154 279 7 422 468 357 442 36 118 179 100 267 163 19 395 456 83 182 137 225 209 105 352 470 2 71 411 382 124 168 23 259 258 211 290 167 478 73 408 501 398 140 303 12 276 192 79 475 446 181 224 31 322 241 50 313 428 104 455 114 400 158 486 61 217 300 14 132 420 108 463 44 169 236 330 184 245 27 452 120 85 201 282 3 268 63 416 134 317 472 274 347 188 142 81 165 256 449 203 367 20 297 265 339 4 332 70 480 197 87 139 385 467 232 280 39 305 8 171 377 491 106 119 457 222 21 150 62 238 359 191 483 293 66 127 52 226 351 248 93 308 29 116 177 381 89 136 295 404 247 206 186 361 320 113 266 431 22 414 312 101 371 37 173 234 324 396 260 5 353 77 144 95 198 47 406 131 289 336 369 16 175 228 436 155 64 121 243 423 28 214 56 301 255 147 283 344 74 190 10
326 390 411 475 139 198 262 209 256 502 423 302 108 348 268 405 320 166 487 365 66 332 74 456 384 187 151 428 353 491 82 120 443 251 215 417 279 155 90 177 464 310 481 374 300 218 92 234 128 145 192 438 359 239 100 291 369 433 492 156 220 241 305 486 283 19 385 272 193 439 150 503 340 27 406 331 257 214 321 167 397 29 469 352 278 416 380 188 454 37 133 299 196 480 444 247 118 45 363 53 259 144 465 311 169 422 226 11 322 208 129 375 447 95 201 360 457 314 267 248 420 381 174 335 494 32 482 377 105 435 46 228 290 386 452 327 5 419 86 203 104 264 52 474 190 343 394 431 23 237 280 497 221 75 179 301 484 41 276 58 368 318 213 341 403 81 252 14 468 330 103 265 424 121 373 312 40 483 445 225 356 158 382 277 398 460 89 315 21 146 436 347 63 498 54 285 407 116 266 391 6 478 94 106 328 451 10 138 253 399 495 31 83 288 336 161 242 236 364 432 148 43 297 59 132 437 351 111 324 488 178 376 222 48 147 466 282 415 293 427 496 211 51 361 60 446 298 28 449 124 97 378 205 500 342 404 70 162 12 470 173 102 329 412 0 142 64 387 455 115 18 202 316 159 39 306 85 345 392 182 191 235 501 414 69 388 152 440 479 243 50 210 130 339 223 47 370 93 402 448 245 344 490 61 160 274 9 425 467 362 441 35 113 181 99 269 164 20 393 461 77 183 134 230 206 110 350 471 1 72 408 379 119 172 26 261 255 216 292 165 477 71 409 499 396 143 307 8 273 194 80 472 442 175 229 34 325 244 55 308 429 101 459 112 401 154 489 62 219 295 17 131 426 107 462 42 170 232 333 185 246 22 450 125 84 197 281 2 270 68 413 135 319 473 275 349 186 141 79 163 258 453 207 366 16 294 260 338 3 334 76 476 199 88 136 389 463 231 286 36 303 13 168 371 493 109 123 458 217 25 153 56 240 358 195 485 289 65 126 49 227 354 249 91 309 30 114 176 383 87 137 296 400 250 204 184 357 317 117 271 430 24 418 313 98 372 38 171 233 323 395 263 4 355 78 140 96 200 44 410 127 287 337 367 15 180 224 434 157 67 122 238 421 33 212 57 304 254 149 284 346 73 189 7
327 391 412 471 135 199 263 208 253 500 425 307 109 346 272 403 316 164 489 366 67 331 75 460 379 185 153 430 352 494 83 124 442 249 212 416 276 158 85 181 463 313 480 377 297 222 93 232 127 144 190 436 361 243 101 289 368 432 496 160 219 240 304 487 285 18 388 270 195 434 151 497 342 26 409 334 254 215 318 161 393 34 473 355 279 419 382 182 450 36 137 300 201 478 446 245 114 44 359 52 265 142 467 308 171 423 228 10 324 206 131 371 444 94 202 362 459 309 271 251 424 378 172 333 493 33 481 375 111 440 42 227 287 390 454 328 1 413 88 204 100 259 54 470 194 349 395 428 27 236 282 501 217 73 177 305 483 39 274 62 367 320 214 336 404 77 255 16 465 335 102 261 426 123 372 310 41 488 441 229 354 157 384 278 392 461 84 319 24 145 439 343 69 499 49 284 411 118 267 387 2 476 96 108 322 452 12 134 258 400 491 29 81 293 339 165 238 234 369 431 147 47 295 56 129 435 356 110 325 485 180 374 221 43 152 462 286 418 291 433 495 210 55 358 57 443 299 32 448 125 91 383 209 503 341 399 71 163 7 475 169 104 330 408 3 140 66 385 457 116 20 197 317 155 37 301 89 344 396 186 193 237 498 415 68 389 149 438 482 242 51 216 126 337 218 45 364 97 401 453 250 348 492 58 159 273 13 421 464 363 447 40 112 176 98 268 167 14 398 455 79 184 139 226 203 106 351 472 4 74 406 381 121 173 22 260 257 213 288 162 479 76 410 502 394 146 306 9 275 189 82 469 445 178 230 30 323 239 53 314 427 99 458 117 405 156 484 59 223 294 15 128 422 105 468 48 168 233 332 188 248 21 449 119 87 198 283 5 266 64 414 136 321 474 277 345 183 143 78 166 252 451 205 370 17 296 262 340 6 329 72 477 200 90 133 386 466 235 281 38 302 11 174 373 490 107 122 456 220 23 148 60 244 357 192 486 290 63 132 50 224 353 247 95 312 28 113 175 380 86 138 298 402 246 207 187 360 315 115 269 429 25 417 311 103 376 35 170 231 326 397 264 0 350 80 141 92 196 46 407 130 292 338 365 19 179 225 437 154 65 120 241 420 31 211 61 303 256 150 280 347 70 191 8
328 387 408 472 136 200 264 206 258 503 421 306 107 347 270 404 317 167 484 370 65 334 73 461 381 188 148 429 355 493 81 125 445 247 211 419 274 157 89 176 466 311 478 375 295 221 97 233 130 142 194 439 358 242 99 290 367 431 495 159 223 244 303 489 284 20 389 266 192 437 153 501 341 22 410 329 256 212 320 165 398 30 474 350 276 413 384 186 449 38 138 297 202 476 443 250 113 46 361 54 261 140 464 314 170 425 227 12 325 203 128 373 446 96 197 363 458 312 269 249 426 383 173 332 490 31 480 371 110 438 48 224 292 391 450 322 4 414 90 207 101 265 49 475 189 345 397 430 26 234 286 498 220 70 181 304 488 37 273 59 365 316 215 339 399 79 257 17 467 333 104 260 422 122 376 313 39 485 447 230 353 154 379 279 396 455 87 321 25 144 434 349 68 502 50 280 412 114 271 385 5 477 92 109 324 454 7 139 252 402 494 34 77 291 337 162 241 232 368 428 152 45 294 60 131 440 354 106 323 486 179 377 217 47 149 468 281 417 289 432 491 216 53 357 61 442 300 33 453 119 95 380 208 497 336 400 76 166 8 471 171 100 335 406 6 141 67 388 459 118 14 198 315 158 36 305 84 348 394 183 195 236 499 418 64 386 150 436 481 238 55 213 132 338 222 44 369 91 405 451 246 346 496 62 155 275 11 420 463 359 444 41 117 175 103 272 161 16 392 457 78 187 135 228 204 108 356 469 0 75 409 378 123 169 21 262 254 214 293 163 482 72 407 500 395 145 301 13 277 191 83 473 441 180 226 28 326 243 52 309 433 98 456 115 403 160 483 56 218 296 19 127 423 111 465 43 174 231 331 182 251 24 448 121 86 199 285 1 267 66 415 133 318 470 278 344 184 146 80 164 255 452 209 364 15 298 263 342 2 330 74 479 196 85 137 390 462 237 283 35 307 10 172 372 492 105 120 460 219 27 147 57 239 360 190 487 287 69 129 51 225 352 245 94 310 32 112 178 382 88 134 299 401 248 205 185 362 319 116 268 427 23 416 308 102 374 40 168 235 327 393 259 3 351 82 143 93 201 42 411 126 288 340 366 18 177 229 435 156 63 124 240 424 29 210 58 302 253 151 282 343 71 193 9
329 350 413 476 140 203 266 189 273 490 399 322 70 371 252 434 294 154 455 385 77 315 84 497 357 217 119 406 378 469 91 161 420 238 175 441 231 133 98 182 483 301 462 364 287 196 105 245 147 126 210 427 343 259 63 308 358 421 484 148 211 274 295 498 316 49 365 224 197 414 162 477 379 7 428 280 260 183 323 141 442 14 491 336 246 392 386 204 463 21 155 309 218 448 407 267 127 28 372 35 239 112 470 330 190 435 253 42 302 168 134 351 429 99 176 387 478 317 247 261 443 373 212 303 449 22 485 337 92 422 50 232 324 380 471 281 36 400 106 198 78 275 0 499 169 359 436 415 43 254 331 456 191 56 219 310 492 15 225 85 344 288 205 366 393 71 268 29 493 311 107 233 408 142 381 325 30 464 437 276 367 113 345 269 430 450 79 332 37 149 394 388 100 486 8 289 444 135 262 338 44 457 64 86 296 500 1 163 226 423 479 51 57 318 352 120 255 240 374 401 156 23 282 93 157 445 375 65 290 472 206 389 170 38 128 501 297 431 304 438 458 220 31 339 101 402 333 45 494 114 87 353 213 451 346 409 108 150 16 465 199 72 326 395 52 121 94 360 487 164 2 184 283 143 9 319 58 382 416 177 221 270 466 439 73 347 136 410 495 227 46 192 165 361 207 17 383 59 446 480 234 368 502 109 122 241 39 396 459 354 417 53 158 171 95 277 115 24 403 473 66 214 129 263 178 80 390 452 10 102 424 340 151 185 3 248 242 200 334 130 503 81 404 474 425 159 284 54 256 186 110 488 397 215 249 4 312 271 25 291 447 60 467 144 432 166 453 67 179 305 47 123 418 103 481 11 222 228 298 172 278 32 460 137 74 193 327 18 235 88 411 116 306 461 264 355 194 167 89 138 250 489 223 341 12 320 257 391 26 292 96 475 173 68 152 376 454 279 313 5 335 33 208 348 468 61 131 496 187 55 117 75 236 369 180 482 285 111 145 19 243 362 229 82 299 40 124 201 370 97 125 328 419 258 188 202 384 314 153 244 398 20 426 286 90 363 48 181 265 321 412 230 34 349 104 139 76 216 6 440 118 300 377 356 41 195 272 405 132 62 160 251 433 13 174 83 293 237 146 307 342 69 209 27
330 351 414 477 141 204 267 191 275 492 400 324 71 373 255 437 296 156 457 388 79 319 87 501 360 220 121 409 383 473 95 165 424 241 178 447 235 137 103 186 488 305 468 369 292 201 111 250 152 132 216 433 349 265 69 314 357 420 483 147 210 273 294 499 317 50 366 225 198 415 163 479 381 8 430 282 262 184 326 143 445 16 494 339 248 396 390 207 466 24 158 312 222 453 411 271 130 32 376 40 243 117 475 335 194 440 258 48 307 174 139 356 427 98 175 385 476 315 245 260 442 372 211 302 448 21 486 338 93 423 51 233 325 382 472 283 38 402 108 199 80 277 3 502 171 361 439 418 47 256 334 460 193 60 223 313 496 19 229 89 348 293 209 370 398 76 272 34 490 308 105 231 406 140 378 323 28 463 435 274 365 112 344 268 429 449 78 331 36 150 395 389 101 487 9 290 446 136 263 340 46 459 66 88 298 503 4 166 228 425 482 55 61 320 355 124 257 244 377 405 160 27 286 97 154 441 371 63 287 469 203 386 168 35 127 498 295 428 303 436 456 219 29 337 99 401 332 44 493 113 86 352 214 452 347 410 109 151 17 467 200 74 327 397 54 123 96 362 489 167 5 187 285 146 13 321 62 384 419 181 217 266 462 434 70 343 133 407 491 224 42 190 162 358 205 15 380 56 443 478 232 367 500 107 120 240 37 394 458 353 416 52 157 170 94 278 116 25 404 474 67 215 131 264 180 82 391 454 12 104 426 342 153 188 6 251 238 196 329 126 497 77 399 470 421 155 280 49 253 183 106 485 393 212 247 0 310 269 23 289 444 57 464 142 431 164 451 65 177 304 45 122 417 102 480 10 221 227 299 173 279 33 461 138 75 195 328 20 237 90 412 118 301 455 259 350 189 161 84 134 246 484 218 336 7 316 254 387 22 288 92 471 169 64 149 374 450 276 311 1 333 31 206 346 465 58 128 495 185 53 115 73 234 368 179 481 284 110 144 18 242 363 230 83 300 41 125 202 364 91 119 322 413 252 182 197 379 309 148 239 392 14 422 281 85 359 43 176 261 318 408 226 30 345 100 135 72 213 2 438 114 297 375 354 39 192 270 403 129 59 159 249 432 11 172 81 291 236 145 306 341 68 208 26
331 352 416 480 144 208 272 190 276 494 403 327 75 377 253 436 297 158 460 391 83 316 85 500 361 222 124 412 379 471 93 164 425 243 181 442 232 135 101 185 489 307 463 366 289 199 109 249 153 127 212 430 346 263 67 313 359 423 487 151 215 279 300 497 318 52 368 228 201 419 161 478 382 10 432 285 265 182 324 142 446 18 496 342 245 393 388 206 467 26 160 308 219 450 409 270 131 34 371 36 240 114 473 334 195 434 254 44 304 171 137 355 428 100 177 390 481 320 251 259 444 375 214 305 454 27 483 336 94 424 54 236 328 378 470 282 39 404 111 202 77 274 1 501 172 362 440 413 42 255 333 459 194 62 217 309 493 16 227 88 349 287 204 367 395 73 271 33 491 310 108 234 411 145 384 322 29 465 439 278 369 118 343 267 431 452 81 335 41 147 392 387 102 488 12 293 441 134 261 339 47 461 69 84 295 499 2 165 229 426 476 49 56 319 354 123 258 238 372 400 157 24 284 96 155 443 374 66 291 475 209 385 169 37 129 503 299 433 301 435 457 221 32 341 104 399 330 43 495 116 89 356 210 448 344 408 110 152 20 462 197 71 325 396 55 125 91 358 485 163 3 186 286 140 7 317 57 383 418 180 218 268 464 438 74 348 139 406 492 226 45 193 167 363 203 14 381 58 447 482 237 364 498 106 121 242 40 398 455 351 415 51 159 173 97 273 112 22 401 472 68 216 126 260 176 79 389 453 13 98 421 337 149 184 4 250 239 198 332 128 502 82 405 469 422 156 283 53 257 188 105 484 394 213 248 5 314 266 21 288 445 59 468 146 427 162 449 64 178 306 48 119 414 99 479 9 223 230 294 168 275 30 458 136 76 189 323 15 233 87 410 117 302 456 262 353 192 166 90 133 247 486 220 340 11 321 252 386 23 290 95 474 174 63 148 373 451 277 312 6 329 28 205 345 466 60 132 490 183 50 113 72 235 370 175 477 281 107 143 17 244 357 224 78 296 38 122 200 365 92 120 326 417 256 187 196 380 311 150 241 397 19 420 280 86 360 46 179 264 315 407 225 31 347 103 138 70 211 0 437 115 298 376 350 35 191 269 402 130 61 154 246 429 8 170 80 292 231 141 303 338 65 207 25
332 353 417 481 145 209 268 192 279 491 405 326 74 374 256 438 300 155 456 390 82 320 90 502 359 218 120 411 384 475 92 166 423 239 177 443 234 139 100 187 487 302 464 365 291 198 108 251 151 128 215 428 348 262 66 310 363 422 486 150 214 278 299 503 321 53 369 226 196 416 167 480 380 11 433 283 259 188 322 144 444 19 492 340 247 397 385 208 465 27 156 311 220 454 406 272 129 29 375 37 241 118 469 331 193 439 257 45 305 169 133 352 431 104 179 386 482 318 248 264 447 377 213 301 452 23 484 341 95 420 52 237 327 381 474 280 41 403 105 201 81 276 5 497 174 360 435 419 46 252 335 457 190 58 221 314 494 14 228 86 343 290 203 368 394 75 267 32 495 312 106 236 407 146 382 328 31 468 436 277 364 116 347 266 432 451 83 330 40 148 398 391 103 483 10 288 445 138 265 336 43 460 63 89 297 498 6 161 225 424 478 54 59 315 356 121 253 242 373 399 158 21 285 94 159 446 376 64 293 470 205 387 173 39 132 500 298 427 306 437 455 222 28 342 102 404 329 48 496 115 85 351 211 449 345 412 111 147 18 466 202 70 324 392 51 124 97 361 488 162 0 182 282 142 12 316 60 378 415 178 223 269 467 440 72 344 134 408 490 230 47 191 164 362 206 20 379 61 441 479 235 370 501 110 119 243 35 393 461 350 414 50 160 172 93 274 113 26 402 471 69 210 130 261 181 77 388 448 9 99 425 339 152 183 1 245 244 197 333 131 499 80 401 472 426 154 281 55 255 185 107 489 396 216 246 2 308 270 22 292 442 62 462 143 429 165 450 68 175 307 42 125 413 101 477 8 219 229 295 170 273 34 459 135 71 194 325 17 232 84 409 112 303 458 260 354 195 163 88 136 249 485 217 338 13 319 258 389 25 289 91 473 168 65 153 371 453 275 309 3 334 30 207 349 463 56 126 493 186 49 114 76 231 366 176 476 286 109 141 16 240 358 227 79 294 36 123 199 367 96 122 323 418 254 184 200 383 313 149 238 395 15 421 284 87 357 44 180 263 317 410 224 33 346 98 137 73 212 4 434 117 296 372 355 38 189 271 400 127 57 157 250 430 7 171 78 287 233 140 304 337 67 204 24
333 354 418 482 146 205 269 195 278 495 401 323 72 376 254 440 299 159 458 386 80 318 88 499 363 223 122 407 382 470 96 163 422 244 179 446 236 134 104 184 486 303 467 367 293 197 106 248 150 131 214 431 344 260 64 312 362 426 485 149 213 277 298 500 319 55 364 230 200 417 164 481 383 13 427 281 264 185 328 145 447 15 490 338 249 395 387 209 468 23 154 313 217 452 408 268 132 31 377 39 238 116 472 332 191 436 255 47 301 173 136 353 432 102 180 389 479 321 246 263 441 374 216 306 451 25 489 342 91 421 53 235 326 379 473 284 40 405 107 196 83 279 2 503 168 357 437 416 44 258 330 455 192 61 222 308 491 20 226 87 347 289 206 369 396 74 266 28 496 309 110 237 410 143 380 327 33 462 438 275 370 115 346 270 433 453 82 329 35 153 393 390 98 484 11 292 442 137 259 341 48 456 65 85 300 501 3 167 224 420 480 52 62 317 351 119 256 243 371 404 155 22 283 95 160 444 372 68 288 474 207 391 172 41 126 502 296 429 307 434 461 218 30 340 103 403 334 42 492 117 90 350 212 450 349 411 105 148 19 463 201 73 322 398 50 120 93 359 483 165 4 188 280 144 10 320 56 381 414 175 219 271 465 435 76 345 138 412 493 229 43 189 166 360 208 18 384 57 445 477 231 366 497 111 125 239 38 397 460 355 413 49 156 174 92 276 114 27 400 475 63 211 127 265 177 81 385 449 8 101 423 336 147 186 5 247 240 202 335 129 498 78 402 471 424 157 286 51 252 187 109 487 392 210 250 6 311 272 26 287 443 58 466 141 430 161 454 69 176 302 46 124 419 100 476 7 220 225 297 171 274 29 457 139 70 190 324 16 234 89 406 113 304 459 261 356 193 162 86 135 251 488 221 337 9 315 253 388 24 291 97 469 170 67 151 375 448 273 314 0 331 34 204 343 464 59 130 494 182 54 118 71 233 365 181 478 282 108 140 14 241 361 228 77 295 37 121 198 368 94 123 325 415 257 183 199 378 310 152 242 394 17 425 285 84 358 45 178 262 316 409 227 32 348 99 133 75 215 1 439 112 294 373 352 36 194 267 399 128 60 158 245 428 12 169 79 290 232 142 305 339 66 203 21
334 355 419 478 142 206 270 194 274 493 404 328 73 375 258 439 295 157 461 387 81 317 89 503 358 221 125 408 381 472 97 167 421 242 176 445 233 136 99 188 484 306 466 370 290 200 107 247 148 130 211 429 347 264 65 311 361 425 489 153 212 276 297 501 320 54 367 227 202 413 165 476 384 12 431 284 261 186 325 140 443 20 495 341 250 398 389 203 464 22 159 314 223 449 410 266 128 30 373 38 244 113 474 329 192 437 256 46 303 170 138 350 430 101 181 391 480 316 249 265 446 371 215 304 450 26 488 339 96 426 49 234 322 383 475 286 37 399 110 197 79 273 4 498 173 363 438 414 48 257 332 458 189 59 220 312 490 17 224 90 345 292 207 365 397 70 269 31 494 313 109 232 412 144 379 324 34 467 434 279 368 114 349 271 428 454 77 333 39 152 396 385 104 485 7 291 447 139 260 337 45 455 68 87 294 502 5 162 230 422 477 50 60 321 353 122 252 241 376 402 154 25 280 92 158 442 377 67 289 471 208 388 171 36 131 497 300 432 305 440 459 217 33 336 100 400 335 47 491 118 84 354 216 453 348 406 106 149 14 468 198 76 323 394 53 119 95 357 486 166 6 183 281 141 8 315 61 380 417 179 222 272 463 436 75 346 135 409 496 228 44 195 161 359 204 16 378 62 444 481 236 369 499 108 123 238 41 392 457 356 418 55 155 169 91 275 117 21 405 469 64 213 132 262 175 78 386 451 11 103 420 338 150 187 0 246 243 199 331 127 500 83 403 473 423 160 285 52 254 182 111 483 395 214 251 1 309 267 24 293 441 56 465 145 433 163 448 66 180 301 43 121 415 98 482 13 218 226 296 174 277 28 456 133 72 191 326 19 231 86 407 115 307 460 263 352 190 164 85 137 245 487 219 342 10 318 255 390 27 287 94 470 172 69 147 372 452 278 310 2 330 32 209 344 462 57 129 492 184 51 112 74 237 364 178 479 283 105 146 15 239 360 225 80 298 35 120 196 366 93 124 327 416 253 185 201 382 308 151 240 393 18 424 282 88 362 42 177 259 319 411 229 29 343 102 134 71 210 3 435 116 299 374 351 40 193 268 401 126 58 156 248 427 9 168 82 288 235 143 302 340 63 205 23
335 356 415 479 143 207 271 193 277 496 402 325 76 372 257 435 298 160 459 389 78 321 86 498 362 219 123 410 380 474 94 162 426 240 180 444 237 138 102 183 485 304 465 368 288 202 110 246 149 129 213 432 345 261 68 309 360 424 488 152 216 275 296 502 315 51 370 229 199 418 166 482 378 9 429 286 263 187 327 146 441 17 493 337 251 394 391 205 462 25 157 310 221 451 412 269 126 33 374 41 242 115 471 333 189 438 252 43 306 172 135 354 433 103 178 388 477 319 250 262 445 376 210 307 453 24 487 340 97 425 55 231 323 384 469 285 35 401 109 200 82 278 6 500 170 358 434 417 45 253 329 461 195 57 218 311 495 18 230 84 346 291 208 364 392 72 270 30 492 314 111 235 409 141 383 326 32 466 440 273 366 117 348 272 427 448 80 334 38 151 397 386 99 489 13 287 443 133 264 342 42 458 67 90 299 497 0 164 227 421 481 53 58 316 350 125 254 239 375 403 159 26 281 91 156 447 373 69 292 473 204 390 174 40 130 499 294 430 302 439 460 223 34 338 98 405 331 46 490 112 88 355 215 454 343 407 107 153 15 464 196 75 328 393 49 122 92 363 484 161 1 185 284 145 11 318 59 379 413 176 220 267 468 437 71 349 137 411 494 225 48 194 163 357 209 19 382 60 442 476 233 365 503 105 124 244 36 395 456 352 419 54 154 168 96 279 118 23 399 470 65 212 128 259 179 83 387 450 7 100 422 341 148 182 2 249 241 201 330 132 501 79 400 475 420 158 282 50 258 184 108 486 398 211 245 3 313 268 27 290 446 61 463 140 428 167 452 63 181 303 44 120 416 104 478 12 217 224 300 169 276 31 455 134 73 192 322 14 236 85 408 114 305 457 265 351 191 165 87 139 248 483 222 339 8 317 256 385 21 293 93 472 171 66 150 377 449 274 308 4 332 29 203 347 467 62 127 491 188 52 116 70 232 367 177 480 280 106 142 20 238 359 226 81 297 39 119 197 369 95 121 324 414 255 186 198 381 312 147 243 396 16 423 283 89 361 47 175 260 320 406 228 28 344 101 136 74 214 5 436 113 295 371 353 37 190 266 404 131 56 155 247 431 10 173 77 289 234 144 301 336 64 206 22
336 392 448 112 168 224 280 393 56 169 337 449 281 225 450 282 57 226 394 113 338 114 395 339 58 283 451 170 171 227 452 396 59 340 115 228 172 284 116 453 60 397 285 454 229 341 173 117 61 342 62 118 286 398 230 174 287 343 399 455 119 175 231 232 400 344 176 288 456 0 289 1 457 401 233 345 120 346 177 2 121 458 290 402 403 459 234 3 178 122 347 460 404 123 291 4 235 179 124 236 461 180 348 5 292 181 349 293 125 237 405 6 182 238 462 406 294 63 350 463 295 7 351 239 183 407 352 240 408 464 64 296 8 297 409 465 184 9 353 65 185 10 354 66 410 466 241 67 467 411 186 242 11 298 243 355 12 299 68 468 187 412 300 69 356 13 188 244 245 413 301 126 469 357 70 127 470 358 14 414 302 246 471 359 71 415 15 247 303 416 304 16 472 128 72 360 361 473 73 129 248 17 417 249 18 305 418 74 474 130 75 131 362 475 250 306 19 307 419 251 20 363 76 132 308 77 476 364 189 133 420 190 309 134 421 21 477 365 366 478 310 22 422 78 191 135 423 367 79 479 23 311 480 368 424 24 136 192 80 425 137 481 81 193 312 25 313 26 194 369 482 82 138 83 195 27 426 139 314 370 371 483 84 140 427 252 196 253 428 372 197 484 28 141 85 254 29 485 198 373 429 430 142 255 374 30 486 86 199 487 375 431 87 143 31 144 432 88 488 32 200 256 489 201 33 145 89 257 376 377 34 202 258 433 146 90 434 259 147 91 203 490 315 316 204 491 435 260 148 35 436 36 261 317 492 205 92 93 318 493 37 149 262 437 494 206 94 319 438 38 150 263 151 39 439 495 95 207 208 496 320 96 152 40 264 153 265 440 41 209 97 321 497 378 322 210 98 266 154 379 42 267 155 498 323 211 212 324 499 43 268 99 380 500 44 100 325 381 156 269 101 382 501 157 45 213 326 158 270 214 102 383 502 46 327 215 271 47 503 159 103 272 160 328 384 104 216 48 161 217 441 385 273 105 329 442 274 49 330 218 162 386 331 219 387 443 106 275 50 276 388 444 163 51 332 107 164 52 333 108 389 445 220 109 446 390 165 221 53 277 222 334 54 278 110 447 166 391 279 111 335 55 167 223
337 394 451 115 172 229 286 392 57 170 340 453 285 230 448 281 58 227 397 117 342 112 393 338 59 284 454 174 168 225 450 395 60 341 118 224 169 282 114 452 61 398 280 449 226 339 171 116 62 336 56 113 283 396 228 173 288 345 402 459 123 180 237 231 401 346 178 291 461 6 287 0 458 403 235 348 125 343 176 1 122 460 292 405 399 456 233 2 179 124 349 455 400 120 290 3 236 181 119 232 457 177 347 4 293 175 344 289 121 234 404 5 183 240 465 410 298 68 356 462 296 9 354 242 187 412 350 239 409 466 67 299 13 294 407 464 185 11 355 69 182 7 352 65 411 468 244 63 463 408 184 241 12 300 238 351 8 297 66 467 188 406 295 64 353 10 186 243 246 415 304 129 474 362 76 126 471 360 17 418 306 251 469 358 72 417 18 250 307 413 302 15 473 130 75 363 357 470 71 128 249 19 419 245 14 303 416 73 475 132 70 127 359 472 248 305 20 301 414 247 16 361 74 131 309 78 479 368 193 138 426 189 310 135 424 25 482 370 364 477 311 24 425 82 195 133 421 366 80 481 26 314 476 365 422 23 137 194 83 420 134 478 79 192 313 27 308 21 191 367 480 81 139 77 190 22 423 136 312 369 372 485 86 143 432 257 202 252 429 374 199 488 33 146 84 253 30 487 200 376 433 427 141 254 375 32 489 90 196 484 373 430 88 145 34 140 428 85 486 31 201 258 483 197 29 142 87 256 377 371 28 198 255 431 144 89 435 261 149 94 207 496 321 315 205 493 438 263 152 41 434 35 262 319 495 208 97 91 316 492 38 151 264 440 490 204 92 318 439 40 153 259 148 36 437 494 96 209 203 491 317 93 150 39 265 147 260 436 37 206 95 320 498 380 325 213 102 271 160 378 43 269 157 502 327 216 210 323 500 45 270 103 384 497 42 99 326 383 159 272 98 379 499 156 46 215 328 154 267 212 100 382 503 48 322 211 268 44 501 158 104 266 155 324 381 101 214 47 162 219 444 389 277 110 335 441 275 51 333 221 166 391 329 218 388 445 109 278 55 273 386 443 164 53 334 111 161 49 331 107 390 447 223 105 442 387 163 220 54 279 217 330 50 276 108 446 167 385 274 106 332 52 165 222
338 395 452 116 173 230 281 396 61 168 342 451 284 226 453 283 62 224 393 115 341 117 398 340 56 280 450 172 174 229 449 397 57 336 114 225 171 286 113 454 58 392 282 448 228 337 170 118 59 339 60 112 285 394 227 169 293 344 401 458 122 179 236 235 405 347 180 289 455 2 292 3 456 404 237 346 119 349 175 4 120 461 288 403 400 460 231 5 177 125 345 457 402 124 287 6 234 176 121 233 459 181 343 0 291 178 348 290 123 232 399 1 184 244 467 407 299 64 354 468 298 13 353 238 185 408 351 243 410 462 65 300 11 296 411 463 188 10 350 68 186 8 355 63 412 465 239 69 466 406 187 240 7 297 241 356 9 295 67 464 182 409 294 66 352 12 183 242 248 418 303 131 470 363 72 132 472 362 15 417 301 249 473 357 74 416 20 246 306 414 307 19 474 126 73 359 360 475 76 127 247 18 413 250 16 302 419 70 471 129 71 130 361 469 251 304 14 305 415 245 17 358 75 128 312 80 482 367 195 134 422 191 313 136 426 23 481 364 369 479 308 25 421 83 192 137 420 370 82 480 22 309 477 366 423 27 138 189 81 424 139 476 78 190 311 26 314 24 193 365 478 77 135 79 194 21 425 133 310 368 376 486 88 146 431 254 197 255 427 377 200 485 31 145 87 258 28 489 196 374 432 433 143 256 371 33 484 85 201 483 372 429 90 144 30 141 430 89 487 29 202 252 488 198 34 140 86 253 375 373 32 199 257 428 142 84 440 260 150 96 205 495 318 319 209 490 436 264 149 39 437 40 263 321 491 206 91 95 317 496 35 153 259 438 492 207 93 320 434 41 148 265 147 38 435 493 92 208 204 494 315 97 151 37 261 152 262 439 36 203 94 316 499 382 323 214 104 269 159 383 47 268 154 500 328 213 216 326 503 44 266 102 379 501 48 98 327 380 155 270 103 381 502 160 42 212 322 156 271 211 101 384 497 43 324 210 272 46 498 157 100 267 158 325 378 99 215 45 163 223 446 386 278 106 333 447 277 55 332 217 164 387 330 222 389 441 107 279 53 275 390 442 167 52 329 110 165 50 334 105 391 444 218 111 445 385 166 219 49 276 220 335 51 274 109 443 161 388 273 108 331 54 162 221
339 396 453 117 174 225 282 398 60 171 338 448 283 229 449 286 61 228 395 112 340 113 397 337 62 285 452 168 170 224 454 394 56 342 116 227 173 280 118 451 57 393 284 450 230 336 169 115 58 341 59 114 281 392 226 172 292 349 400 457 121 178 235 233 402 348 175 293 460 3 290 4 459 405 231 344 124 347 181 5 123 456 287 401 404 458 232 6 180 120 343 461 399 122 289 0 237 177 125 234 455 179 346 1 288 176 345 291 119 236 403 2 186 241 468 409 296 69 351 466 294 8 356 243 184 411 355 244 406 463 66 298 9 295 410 467 187 13 352 63 188 12 353 67 407 462 240 65 464 412 183 238 10 299 242 350 7 300 64 465 185 408 297 68 354 11 182 239 250 414 305 132 473 360 71 130 475 357 16 415 307 248 472 361 76 418 19 245 302 419 303 17 469 127 74 362 358 474 70 131 251 15 416 247 20 304 417 75 470 126 73 128 363 471 246 301 18 306 413 249 14 359 72 129 314 79 477 369 191 137 424 194 312 139 420 24 479 366 370 476 313 21 423 80 193 136 425 365 78 482 27 308 478 367 426 25 133 190 82 421 138 480 77 195 310 23 311 22 189 368 481 83 134 81 192 26 422 135 309 364 373 488 87 141 433 255 201 258 430 376 198 483 32 143 89 256 34 486 199 372 427 429 140 257 377 28 487 88 200 489 371 428 86 146 29 142 431 90 485 33 196 253 484 202 31 144 84 254 374 375 30 197 252 432 145 85 437 265 152 95 204 492 319 317 207 494 440 262 147 40 439 38 260 315 496 209 93 97 320 490 36 150 263 435 493 203 96 321 436 35 151 264 153 37 434 491 94 205 206 495 316 92 149 41 259 148 261 438 39 208 91 318 501 383 324 216 103 267 156 381 48 271 158 499 326 210 211 325 502 47 272 98 382 503 46 101 323 378 160 268 99 384 498 154 44 214 327 157 266 215 104 380 500 42 328 212 269 45 497 155 102 270 159 322 379 100 213 43 165 220 447 388 275 111 330 445 273 50 335 222 163 390 334 223 385 442 108 277 51 274 389 446 166 55 331 105 167 54 332 109 386 441 219 107 443 391 162 217 52 278 221 329 49 279 106 444 164 387 276 110 333 53 161 218
340 397 454 118 169 226 283 394 58 174 341 452 280 228 451 285 59 225 398 116 336 115 392 342 60 282 449 173 172 230 448 393 61 339 113 229 170 281 112 450 62 396 286 453 227 338 168 114 56 337 57 117 284 395 224 171 291 348 405 456 120 177 234 237 403 343 179 290 457 5 288 6 460 399 236 347 121 345 178 0 124 455 293 404 402 461 235 1 181 119 344 459 401 125 292 2 232 175 123 231 458 176 349 3 289 180 346 287 122 233 400 4 187 239 464 411 300 66 353 465 299 11 352 241 188 406 356 242 407 468 63 297 10 298 412 466 182 12 351 64 183 9 350 69 408 467 243 68 462 409 185 244 8 295 240 354 13 294 65 463 186 410 296 67 355 7 184 238 251 417 302 128 475 359 74 129 469 363 19 416 305 247 474 360 75 419 14 248 301 415 306 18 470 132 70 361 362 471 72 130 245 20 414 246 17 307 413 71 472 131 76 126 358 473 249 303 16 304 418 250 15 357 73 127 310 82 481 365 192 139 423 193 311 133 422 27 480 369 368 482 314 23 420 81 190 138 424 364 83 478 21 312 479 370 425 26 134 191 77 426 135 477 80 194 308 22 309 25 195 366 476 79 136 78 189 24 421 137 313 367 374 487 90 145 428 256 198 257 433 375 196 486 29 144 86 252 32 484 201 377 431 432 146 253 373 31 483 89 202 488 376 427 85 142 28 143 429 84 489 34 197 255 485 199 30 141 88 258 371 372 33 200 254 430 140 87 438 262 151 92 209 491 320 321 208 492 439 259 150 37 435 41 264 318 494 203 95 94 315 495 40 148 265 436 496 205 97 316 437 39 147 261 152 35 440 490 93 206 207 493 319 91 153 36 260 149 263 434 38 204 96 317 502 384 326 215 100 268 155 380 45 272 156 503 322 214 213 327 497 46 267 104 381 498 43 103 328 382 158 266 102 378 500 159 48 211 324 160 269 210 99 379 501 47 325 216 270 42 499 154 101 271 157 323 383 98 212 44 166 218 443 390 279 108 332 444 278 53 331 220 167 385 335 221 386 447 105 276 52 277 391 445 161 54 330 106 162 51 329 111 387 446 222 110 441 388 164 223 50 274 219 333 55 273 107 442 165 389 275 109 334 49 163 217
341 398 449 113 170 227 284 397 59 173 339 450 286 224 454 280 60 230 396 114 337 118 394 336 61 281 453 171 169 228 451 392 62 338 117 226 174 285 115 448 56 395 283 452 225 342 172 112 57 340 58 116 282 393 229 168 290 347 404 461 125 176 233 234 399 345 181 292 458 4 291 5 455 402 232 349 122 348 179 6 119 459 289 400 405 457 236 0 175 123 346 456 403 121 293 1 231 180 120 237 460 178 344 2 287 177 343 288 124 235 401 3 188 242 466 408 295 65 355 464 297 12 350 244 186 410 353 241 412 467 68 294 7 300 406 468 183 8 354 67 187 11 356 64 409 463 238 66 465 407 182 243 13 296 239 352 10 298 69 462 184 411 299 63 351 9 185 240 247 419 306 130 472 358 73 128 474 361 20 413 303 250 475 363 70 414 17 249 304 417 305 14 471 131 76 357 359 469 75 132 246 16 418 251 19 301 415 72 473 127 74 129 360 470 245 307 15 302 416 248 18 362 71 126 311 81 478 370 194 136 421 192 314 138 425 22 476 367 365 480 312 26 426 79 189 139 422 368 77 477 25 313 481 369 420 21 135 195 78 423 133 482 83 191 309 24 310 27 190 364 479 80 137 82 193 23 424 134 308 366 375 484 89 142 429 258 200 256 431 373 202 489 30 140 90 257 31 488 197 371 430 428 144 252 376 34 485 87 198 486 377 432 84 141 33 145 433 86 483 28 199 254 487 196 32 146 85 255 372 374 29 201 253 427 143 88 439 264 148 97 206 493 317 320 203 495 437 261 153 38 438 37 265 316 490 207 96 92 321 494 39 152 260 434 491 208 95 315 440 36 149 262 150 41 436 496 91 204 209 492 318 94 147 35 263 151 259 435 40 205 93 319 503 381 328 211 99 270 157 384 46 266 159 501 325 212 215 322 498 48 269 101 383 502 45 104 324 379 154 271 100 380 497 158 47 216 323 155 272 213 103 378 499 44 326 214 267 43 500 160 98 268 156 327 382 102 210 42 167 221 445 387 274 107 334 443 276 54 329 223 165 389 332 220 391 446 110 273 49 279 385 447 162 50 333 109 166 53 335 106 388 442 217 108 444 386 161 222 55 275 218 331 52 277 111 441 163 390 278 105 330 51 164 219
342 393 450 114 171 228 285 395 62 172 336 454 282 227 452 284 56 229 392 118 339 116 396 341 57 286 448 169 173 226 453 398 58 337 112 230 168 283 117 449 59 394 281 451 224 340 174 113 60 338 61 115 280 397 225 170 289 346 403 460 124 181 232 236 404 349 177 287 459 1 293 2 461 400 234 343 123 344 180 3 125 457 291 399 401 455 237 4 176 121 348 458 405 119 288 5 233 178 122 235 456 175 345 6 290 179 347 292 120 231 402 0 185 243 463 412 297 67 352 467 300 10 355 240 182 409 354 238 411 465 69 295 12 299 408 462 186 7 356 66 184 13 351 68 406 464 242 64 468 410 188 239 9 294 244 353 11 296 63 466 183 407 298 65 350 8 187 241 249 416 307 127 471 361 75 131 473 359 18 419 304 245 470 362 73 413 16 251 305 418 301 20 475 129 71 358 363 472 74 126 250 14 415 248 15 306 414 76 469 128 72 132 357 474 247 302 17 303 417 246 19 360 70 130 313 83 480 366 190 135 425 195 308 137 423 26 478 368 367 481 309 27 424 77 194 134 426 369 81 476 24 310 482 364 421 22 139 193 79 422 136 479 82 189 314 21 312 23 192 370 477 78 133 80 191 25 420 138 311 365 377 489 85 144 430 253 199 254 432 371 201 487 34 142 88 255 33 483 202 375 428 431 145 258 372 29 488 84 197 485 374 433 89 140 32 146 427 87 484 30 198 257 486 200 28 143 90 252 373 376 31 196 256 429 141 86 436 263 153 93 208 494 316 318 206 496 434 265 151 36 440 39 259 320 493 204 94 96 319 491 41 147 261 439 495 209 91 317 435 37 152 260 149 40 438 492 97 203 205 490 321 95 148 38 262 150 264 437 35 207 92 315 500 379 327 212 101 272 158 382 44 270 160 497 324 215 214 328 501 42 271 100 378 499 47 102 322 384 157 267 104 383 503 155 43 210 325 159 268 216 98 381 498 45 323 213 266 48 502 156 99 269 154 326 380 103 211 46 164 222 442 391 276 109 331 446 279 52 334 219 161 388 333 217 390 444 111 274 54 278 387 441 165 49 335 108 163 55 330 110 385 443 221 106 447 389 167 218 51 273 223 332 53 275 105 445 162 386 277 107 329 50 166 220
343 399 455 119 175 231 287 406 63 182 350 462 294 238 469 301 70 245 413 126 357 133 420 364 77 308 476 189 196 252 483 427 84 371 140 259 203 315 147 490 91 434 322 497 266 378 210 154 98 385 105 161 329 441 273 217 280 336 392 448 112 168 224 239 407 351 183 295 463 7 302 14 470 414 246 358 127 365 190 21 134 477 309 421 428 484 253 28 197 141 372 491 435 148 316 35 260 204 155 267 498 211 379 42 323 218 386 330 162 274 442 49 169 225 449 393 281 56 337 456 288 0 344 232 176 400 359 247 415 471 71 303 15 310 422 478 191 22 366 78 198 29 373 85 429 485 254 92 492 436 205 261 36 317 268 380 43 324 99 499 212 443 331 106 387 50 219 275 226 394 282 113 450 338 57 120 457 345 1 401 289 233 464 352 64 408 8 240 296 423 311 23 479 135 79 367 374 486 86 142 255 30 430 262 37 318 437 93 493 149 100 156 381 500 269 325 44 332 444 276 51 388 107 163 283 58 451 339 170 114 395 177 290 121 402 2 458 346 353 465 297 9 409 65 184 128 416 360 72 472 16 304 487 375 431 31 143 199 87 438 150 494 94 206 319 38 326 45 213 382 501 101 157 108 220 52 445 164 333 389 340 452 59 115 396 227 171 234 403 347 178 459 3 122 66 241 10 466 185 354 410 417 129 248 361 17 473 73 192 480 368 424 80 136 24 151 439 95 495 39 207 263 502 214 46 158 102 270 383 390 53 221 277 446 165 109 397 228 116 60 172 453 284 291 179 460 404 235 123 4 411 11 242 298 467 186 67 74 305 474 18 130 249 418 481 193 81 312 425 25 137 256 144 32 432 488 88 200 215 503 327 103 159 47 271 166 278 447 54 222 110 334 454 341 285 173 61 229 117 348 5 236 124 461 292 180 187 299 468 12 243 68 355 475 19 75 306 362 131 250 82 369 482 138 26 194 313 145 257 201 89 376 489 33 320 208 264 40 496 152 96 279 167 335 391 111 223 55 118 174 398 342 230 62 286 405 237 6 293 181 125 349 300 188 356 412 69 244 13 251 363 419 132 20 307 76 139 27 314 83 370 426 195 90 433 377 146 202 34 258 209 321 41 265 97 440 153 384 272 104 328 48 160 216
344 401 458 122 179 236 293 407 64 184 354 467 299 244 470 303 72 248 418 131 363 134 422 367 80 312 482 195 197 254 486 431 88 376 146 260 205 318 150 495 96 440 323 499 269 382 214 159 104 386 106 163 333 446 278 223 281 338 395 452 116 173 230 238 408 353 185 298 468 13 301 15 472 417 249 362 132 364 191 23 136 481 313 426 427 485 255 31 200 145 377 490 436 149 319 39 264 209 154 268 500 213 383 47 328 217 387 332 164 277 447 55 168 226 451 396 284 61 342 455 289 2 347 235 180 405 357 246 416 473 74 306 20 308 421 479 192 25 369 83 196 28 374 87 432 489 258 91 491 437 206 263 40 321 266 379 44 326 102 503 216 441 330 107 389 53 222 279 224 393 283 115 453 341 62 119 456 346 3 404 292 237 462 351 65 410 11 243 300 420 309 22 480 137 82 370 371 484 85 143 256 33 433 259 35 317 438 95 496 153 98 155 380 501 270 327 48 329 442 275 52 390 110 167 280 56 450 340 172 117 398 175 288 120 403 4 461 349 350 463 296 10 411 68 188 126 414 359 73 474 19 307 483 372 429 30 144 201 90 434 148 492 93 207 320 41 322 42 212 381 502 103 160 105 218 50 444 165 334 391 336 449 57 114 397 229 174 231 400 345 177 460 5 125 63 239 8 465 186 355 412 413 127 247 360 18 475 76 189 477 366 423 81 138 27 147 435 92 493 38 208 265 497 211 43 156 101 271 384 385 49 219 276 445 166 111 392 225 113 58 171 454 286 287 176 457 402 234 124 6 406 7 240 297 466 187 69 70 302 471 16 129 250 419 476 190 78 311 424 26 139 252 141 29 430 487 89 202 210 498 324 100 157 46 272 161 274 443 51 220 109 335 448 337 282 170 59 228 118 343 0 233 121 459 291 181 182 295 464 9 241 67 356 469 14 71 304 361 130 251 77 365 478 135 24 193 314 140 253 198 86 375 488 34 315 204 261 37 494 151 97 273 162 331 388 108 221 54 112 169 394 339 227 60 285 399 232 1 290 178 123 348 294 183 352 409 66 242 12 245 358 415 128 17 305 75 133 21 310 79 368 425 194 84 428 373 142 199 32 257 203 316 36 262 94 439 152 378 267 99 325 45 158 215
345 402 459 123 180 237 288 410 68 183 356 465 298 240 474 304 76 246 415 129 362 138 426 368 78 309 479 193 202 257 485 432 86 372 143 261 207 321 149 496 94 435 325 498 271 380 213 160 102 389 110 162 335 444 277 219 286 337 394 451 115 172 229 242 412 354 187 296 462 9 306 17 471 418 251 360 126 370 189 25 135 482 310 424 429 488 252 33 199 146 374 493 438 152 315 41 263 205 157 269 502 216 378 43 327 221 391 333 166 275 441 51 170 230 453 392 285 57 340 461 291 6 346 231 178 401 358 250 417 469 72 307 18 311 425 477 195 24 364 82 200 30 376 84 433 487 253 97 495 434 208 262 35 319 270 384 45 323 103 500 210 445 329 109 388 55 218 278 227 397 281 117 448 342 58 125 458 348 0 403 287 235 466 350 67 409 13 239 299 421 314 26 481 133 80 366 375 489 90 141 254 32 427 264 38 316 440 91 492 151 99 159 383 497 272 326 42 334 443 273 53 386 111 164 284 59 454 338 174 112 393 176 292 122 405 1 460 343 355 464 294 11 407 69 185 130 413 363 75 473 15 302 484 373 430 34 145 196 88 439 153 490 92 204 318 40 328 46 215 379 499 98 156 107 223 49 447 161 331 390 341 450 60 118 395 225 168 233 399 349 179 456 2 124 65 244 7 468 182 352 411 419 128 249 357 19 470 71 194 476 365 422 83 137 23 148 437 96 494 36 209 259 503 212 48 154 100 267 382 387 54 220 279 442 163 105 398 224 114 61 169 452 282 290 181 455 400 236 120 3 408 12 241 300 463 184 63 73 303 475 14 132 245 416 478 192 79 313 420 27 134 258 140 31 428 486 85 201 211 501 322 104 158 44 268 167 276 446 50 217 108 330 449 339 280 171 62 226 116 347 4 232 119 457 293 177 188 297 467 8 238 66 351 472 20 70 305 359 127 248 81 367 480 139 21 191 308 142 256 197 87 377 483 29 317 203 265 39 491 150 93 274 165 332 385 106 222 52 113 173 396 336 228 56 283 404 234 5 289 175 121 344 295 186 353 406 64 243 10 247 361 414 131 16 301 74 136 22 312 77 369 423 190 89 431 371 144 198 28 255 206 320 37 260 95 436 147 381 266 101 324 47 155 214
346 403 460 124 181 232 289 412 67 185 352 463 297 243 471 307 75 249 416 127 361 135 425 366 83 313 480 190 199 253 489 430 85 377 144 263 208 316 153 494 93 436 327 500 272 379 212 158 101 391 109 164 331 442 276 222 285 342 393 450 114 171 228 240 409 355 182 300 467 10 304 18 473 419 245 359 131 368 195 26 137 478 308 423 432 487 254 34 201 142 371 496 434 151 318 36 265 206 160 270 497 215 382 44 324 219 388 334 161 279 446 52 172 227 454 395 282 62 336 459 287 1 349 236 177 404 362 251 413 470 73 305 16 309 424 481 194 27 367 77 202 33 375 88 428 483 255 94 493 440 204 259 39 320 271 378 42 328 100 501 214 444 333 111 390 54 217 274 229 392 284 118 452 339 56 123 461 343 2 400 293 234 465 354 69 411 12 238 295 426 310 24 476 134 81 369 372 488 84 145 258 29 431 261 41 319 439 96 491 147 102 157 384 499 267 322 47 335 441 278 49 387 108 165 286 57 448 341 169 116 396 180 291 125 399 3 457 344 356 462 299 7 408 66 186 129 418 358 71 475 20 301 485 374 433 32 140 197 89 435 152 495 91 209 317 37 325 43 210 383 503 104 155 110 221 55 443 163 330 385 337 453 58 112 398 226 173 237 401 348 176 455 4 121 68 242 13 464 184 351 406 415 126 250 363 14 472 74 193 482 364 421 79 139 22 149 438 97 492 40 203 260 498 216 45 159 98 268 381 389 51 218 273 447 167 106 394 230 117 59 168 449 283 288 178 458 405 233 119 5 410 9 239 294 468 188 64 76 306 469 15 128 248 414 479 189 82 314 422 21 136 257 146 30 427 484 87 198 213 502 323 99 156 48 266 162 275 445 53 223 105 332 451 340 281 174 60 224 113 345 6 235 122 456 290 175 183 296 466 11 244 63 353 474 17 72 302 357 132 247 78 370 477 133 23 192 312 143 252 200 90 373 486 28 321 205 262 38 490 148 95 277 166 329 386 107 220 50 115 170 397 338 225 61 280 402 231 0 292 179 120 347 298 187 350 407 65 241 8 246 360 417 130 19 303 70 138 25 311 80 365 420 191 86 429 376 141 196 31 256 207 315 35 264 92 437 150 380 269 103 326 46 154 211
347 404 461 125 176 233 290 408 65 188 355 466 295 242 472 306 73 247 419 130 358 136 421 370 81 311 478 194 200 258 484 429 89 375 142 264 206 317 148 493 97 439 328 503 270 381 211 157 99 387 107 167 334 445 274 221 284 341 398 449 113 170 227 244 410 350 186 297 464 12 303 20 474 413 250 361 128 367 192 22 138 476 314 425 431 489 256 30 202 140 373 495 437 153 320 38 261 203 159 266 501 212 384 46 325 223 389 329 165 276 443 54 173 224 450 397 286 59 339 458 292 4 345 234 181 399 363 249 414 475 70 304 17 312 426 480 189 26 365 79 197 31 371 90 430 488 257 96 490 438 207 265 37 316 269 383 48 322 101 498 215 446 332 110 391 49 220 273 230 396 280 114 454 337 60 122 455 349 5 402 291 232 467 353 68 412 7 241 294 422 313 25 477 139 77 368 376 485 87 144 252 34 428 260 39 321 434 92 494 152 104 154 379 502 271 324 45 333 447 279 50 385 109 162 281 61 453 336 171 118 394 179 289 119 400 6 459 348 354 468 300 8 406 67 183 131 417 357 76 471 14 305 486 377 432 33 141 198 84 440 149 491 95 208 315 36 323 47 216 380 497 100 158 106 217 53 442 166 335 388 338 451 62 117 392 228 169 236 405 346 175 457 0 123 64 238 11 463 187 356 409 418 132 246 359 16 469 75 195 481 369 420 78 135 21 150 436 91 496 41 204 262 499 213 44 155 103 272 378 386 55 222 275 444 161 108 395 226 115 56 174 448 285 293 180 456 403 231 121 1 407 13 243 296 465 182 66 72 301 473 19 127 251 415 482 191 83 309 423 24 133 254 145 28 433 483 86 199 214 500 326 98 160 43 267 163 277 441 52 218 111 331 452 342 283 172 57 225 112 344 2 237 120 460 287 178 184 298 462 10 239 69 352 470 15 74 307 360 129 245 80 364 479 137 27 190 310 146 255 196 85 372 487 32 318 209 263 35 492 147 94 278 164 330 390 105 219 51 116 168 393 340 229 58 282 401 235 3 288 177 124 343 299 185 351 411 63 240 9 248 362 416 126 18 302 71 134 23 308 82 366 424 193 88 427 374 143 201 29 253 205 319 40 259 93 435 151 382 268 102 327 42 156 210
348 405 456 120 177 234 291 411 66 187 353 464 300 239 475 302 74 251 417 128 359 139 423 365 82 310 481 192 198 256 487 428 90 374 145 262 209 320 151 491 92 438 326 502 268 384 215 155 100 390 108 166 332 443 279 218 283 340 397 454 118 169 226 241 406 352 188 299 465 11 305 19 469 416 247 363 129 369 193 27 133 480 311 422 433 486 257 29 196 144 375 492 439 150 321 37 259 208 156 272 503 214 380 45 322 220 385 331 167 278 444 53 174 228 452 394 280 58 341 457 290 5 343 237 179 403 360 248 419 474 75 301 14 314 420 482 190 23 368 81 201 32 377 86 431 484 252 95 494 435 203 264 41 318 267 381 46 327 104 497 213 447 335 105 386 52 221 276 225 398 285 116 451 336 59 121 460 347 6 399 288 236 468 356 63 407 10 242 297 424 312 21 478 138 83 364 373 483 89 146 253 31 432 265 40 315 436 94 495 148 103 158 382 498 266 328 43 330 445 277 54 391 106 161 282 60 449 342 173 115 392 178 293 124 404 0 455 345 351 466 298 12 412 64 182 132 415 361 70 470 18 306 488 376 427 28 142 202 85 437 147 496 97 205 316 39 324 48 211 378 500 102 159 111 222 51 446 162 329 387 339 448 61 113 393 230 172 235 402 344 181 461 1 119 69 243 9 467 183 350 408 414 130 245 362 20 471 72 191 479 370 425 77 134 26 152 440 93 490 35 206 261 501 210 47 160 99 269 379 388 50 223 274 441 164 110 396 229 112 62 170 450 281 292 175 459 401 232 125 2 409 8 244 295 462 185 68 71 307 472 17 131 246 413 477 194 80 308 426 22 135 255 143 34 429 489 84 197 216 499 325 101 154 42 270 165 273 442 55 219 107 333 453 338 286 168 56 227 114 349 3 231 123 458 289 176 186 294 463 13 240 65 354 473 16 76 303 358 126 249 79 366 476 136 25 195 309 141 258 199 88 371 485 30 319 207 260 36 493 153 91 275 163 334 389 109 217 49 117 171 395 337 224 57 284 400 233 4 287 180 122 346 296 184 355 410 67 238 7 250 357 418 127 15 304 73 137 24 313 78 367 421 189 87 430 372 140 200 33 254 204 317 38 263 96 434 149 383 271 98 323 44 157 212
349 400 457 121 178 235 292 409 69 186 351 468 296 241 473 305 71 250 414 132 360 137 424 369 79 314 477 191 201 255 488 433 87 373 141 265 204 319 152 492 95 437 324 501 267 383 216 156 103 388 111 165 330 447 275 220 282 339 396 453 117 174 225 243 411 356 184 294 466 8 307 16 475 415 248 357 130 366 194 24 139 479 312 420 430 483 258 32 198 143 376 494 440 147 317 40 262 207 158 271 499 210 381 48 326 222 390 335 163 273 445 50 171 229 448 398 283 60 338 460 293 3 348 233 175 402 361 245 418 472 76 302 19 313 423 476 193 21 370 80 199 34 372 89 427 486 256 93 496 439 209 260 38 315 272 382 47 325 98 502 211 442 334 108 385 51 223 277 228 395 286 112 449 340 61 124 459 344 4 405 290 231 463 355 66 406 9 244 298 425 308 27 482 136 78 365 377 487 88 140 257 28 429 263 36 320 435 97 490 150 101 160 378 503 268 323 46 331 446 274 55 389 105 166 285 62 452 337 168 113 397 181 287 123 401 5 456 347 352 467 295 13 410 63 187 127 419 362 74 469 17 303 489 371 428 29 146 200 86 436 151 493 96 203 321 35 327 44 214 384 498 99 154 109 219 54 441 167 332 386 342 454 56 116 394 224 170 232 404 343 180 458 6 120 67 240 12 462 188 353 407 416 131 251 358 15 474 70 190 478 367 426 82 133 25 153 434 94 491 37 205 264 500 215 42 157 104 266 380 391 52 217 278 443 162 107 393 227 118 57 173 451 280 289 177 461 399 237 122 0 412 10 238 299 464 183 65 75 304 470 20 126 247 417 480 195 77 310 421 23 138 253 142 33 431 485 90 196 212 497 328 102 155 45 269 164 279 444 49 221 106 329 450 336 284 169 58 230 115 346 1 234 125 455 288 179 185 300 465 7 242 64 350 471 18 73 301 363 128 246 83 368 481 134 22 189 311 144 254 202 84 374 484 31 316 206 259 41 495 149 92 276 161 333 387 110 218 53 114 172 392 341 226 59 281 403 236 2 291 176 119 345 297 182 354 408 68 239 11 249 359 413 129 14 306 72 135 26 309 81 364 422 192 85 432 375 145 197 30 252 208 318 39 261 91 438 148 379 270 100 322 43 159 213
350 413 476 140 203 266 329 399 70 189 371 490 322 273 455 294 77 252 434 154 385 119 406 357 84 315 497 217 175 238 469 420 91 378 161 231 182 301 133 483 98 441 287 462 245 364 196 147 105 343 63 126 308 427 259 210 295 358 421 484 148 211 274 224 414 365 197 316 498 49 280 7 477 428 260 379 162 336 183 14 141 491 323 442 392 463 246 21 204 155 386 448 407 127 309 28 267 218 112 239 470 190 372 35 330 168 351 302 134 253 435 42 176 247 478 429 317 99 387 449 303 22 373 261 212 443 337 232 422 485 92 324 50 281 400 471 198 36 380 106 169 0 359 78 436 499 275 56 456 415 191 254 43 331 225 344 15 310 85 492 219 393 288 71 366 29 205 268 233 408 311 142 493 381 107 113 464 367 30 437 325 276 450 345 79 430 37 269 332 394 289 8 486 149 100 388 338 457 64 135 262 44 444 226 1 296 423 86 500 163 57 120 352 479 255 318 51 282 401 240 23 374 93 156 290 65 472 375 206 157 445 170 297 128 431 38 501 389 339 458 304 31 438 101 220 114 402 353 87 494 45 333 451 346 409 16 150 213 108 395 121 465 72 199 326 52 283 2 184 360 487 94 164 58 177 9 416 143 319 382 347 466 73 136 439 270 221 227 410 361 192 495 46 165 59 234 17 480 207 383 446 396 122 241 368 39 502 109 171 459 354 417 95 158 53 115 403 66 473 24 214 277 452 178 10 129 80 263 390 340 3 185 248 424 151 102 404 242 130 81 200 503 334 284 186 474 425 256 159 54 397 4 249 312 488 215 110 60 291 467 25 144 271 447 453 179 67 305 432 47 166 228 123 11 418 481 103 222 172 460 298 74 137 32 278 116 235 411 18 193 88 327 461 355 306 194 89 264 167 341 12 250 138 489 320 223 173 292 475 26 257 96 391 454 5 68 313 376 152 279 61 348 468 131 33 208 335 117 236 187 75 369 496 55 285 180 243 19 482 145 111 229 124 299 362 82 201 40 125 188 419 370 258 97 328 398 244 20 314 202 153 384 286 181 363 426 90 265 48 230 349 412 139 34 321 104 118 6 300 76 377 440 216 62 405 356 132 195 41 272 174 293 13 251 83 433 160 342 237 69 307 27 146 209
351 414 477 141 204 267 330 400 71 191 373 492 324 275 457 296 79 255 437 156 388 121 409 360 87 319 501 220 178 241 473 424 95 383 165 235 186 305 137 488 103 447 292 468 250 369 201 152 111 349 69 132 314 433 265 216 294 357 420 483 147 210 273 225 415 366 198 317 499 50 282 8 479 430 262 381 163 339 184 16 143 494 326 445 396 466 248 24 207 158 390 453 411 130 312 32 271 222 117 243 475 194 376 40 335 174 356 307 139 258 440 48 175 245 476 427 315 98 385 448 302 21 372 260 211 442 338 233 423 486 93 325 51 283 402 472 199 38 382 108 171 3 361 80 439 502 277 60 460 418 193 256 47 334 229 348 19 313 89 496 223 398 293 76 370 34 209 272 231 406 308 140 490 378 105 112 463 365 28 435 323 274 449 344 78 429 36 268 331 395 290 9 487 150 101 389 340 459 66 136 263 46 446 228 4 298 425 88 503 166 61 124 355 482 257 320 55 286 405 244 27 377 97 160 287 63 469 371 203 154 441 168 295 127 428 35 498 386 337 456 303 29 436 99 219 113 401 352 86 493 44 332 452 347 410 17 151 214 109 397 123 467 74 200 327 54 285 5 187 362 489 96 167 62 181 13 419 146 321 384 343 462 70 133 434 266 217 224 407 358 190 491 42 162 56 232 15 478 205 380 443 394 120 240 367 37 500 107 170 458 353 416 94 157 52 116 404 67 474 25 215 278 454 180 12 131 82 264 391 342 6 188 251 426 153 104 399 238 126 77 196 497 329 280 183 470 421 253 155 49 393 0 247 310 485 212 106 57 289 464 23 142 269 444 451 177 65 304 431 45 164 227 122 10 417 480 102 221 173 461 299 75 138 33 279 118 237 412 20 195 90 328 455 350 301 189 84 259 161 336 7 246 134 484 316 218 169 288 471 22 254 92 387 450 1 64 311 374 149 276 58 346 465 128 31 206 333 115 234 185 73 368 495 53 284 179 242 18 481 144 110 230 125 300 363 83 202 41 119 182 413 364 252 91 322 392 239 14 309 197 148 379 281 176 359 422 85 261 43 226 345 408 135 30 318 100 114 2 297 72 375 438 213 59 403 354 129 192 39 270 172 291 11 249 81 432 159 341 236 68 306 26 145 208
352 416 480 144 208 272 331 403 75 190 377 494 327 276 460 297 83 253 436 158 391 124 412 361 85 316 500 222 181 243 471 425 93 379 164 232 185 307 135 489 101 442 289 463 249 366 199 153 109 346 67 127 313 430 263 212 300 359 423 487 151 215 279 228 419 368 201 318 497 52 285 10 478 432 265 382 161 342 182 18 142 496 324 446 393 467 245 26 206 160 388 450 409 131 308 34 270 219 114 240 473 195 371 36 334 171 355 304 137 254 434 44 177 251 481 428 320 100 390 454 305 27 375 259 214 444 336 236 424 483 94 328 54 282 404 470 202 39 378 111 172 1 362 77 440 501 274 62 459 413 194 255 42 333 227 349 16 309 88 493 217 395 287 73 367 33 204 271 234 411 310 145 491 384 108 118 465 369 29 439 322 278 452 343 81 431 41 267 335 392 293 12 488 147 102 387 339 461 69 134 261 47 441 229 2 295 426 84 499 165 56 123 354 476 258 319 49 284 400 238 24 372 96 157 291 66 475 374 209 155 443 169 299 129 433 37 503 385 341 457 301 32 435 104 221 116 399 356 89 495 43 330 448 344 408 20 152 210 110 396 125 462 71 197 325 55 286 3 186 358 485 91 163 57 180 7 418 140 317 383 348 464 74 139 438 268 218 226 406 363 193 492 45 167 58 237 14 482 203 381 447 398 121 242 364 40 498 106 173 455 351 415 97 159 51 112 401 68 472 22 216 273 453 176 13 126 79 260 389 337 4 184 250 421 149 98 405 239 128 82 198 502 332 283 188 469 422 257 156 53 394 5 248 314 484 213 105 59 288 468 21 146 266 445 449 178 64 306 427 48 162 230 119 9 414 479 99 223 168 458 294 76 136 30 275 117 233 410 15 189 87 323 456 353 302 192 90 262 166 340 11 247 133 486 321 220 174 290 474 23 252 95 386 451 6 63 312 373 148 277 60 345 466 132 28 205 329 113 235 183 72 370 490 50 281 175 244 17 477 143 107 224 122 296 357 78 200 38 120 187 417 365 256 92 326 397 241 19 311 196 150 380 280 179 360 420 86 264 46 225 347 407 138 31 315 103 115 0 298 70 376 437 211 61 402 350 130 191 35 269 170 292 8 246 80 429 154 338 231 65 303 25 141 207
353 417 481 145 209 268 332 405 74 192 374 491 326 279 456 300 82 256 438 155 390 120 411 359 90 320 502 218 177 239 475 423 92 384 166 234 187 302 139 487 100 443 291 464 251 365 198 151 108 348 66 128 310 428 262 215 299 363 422 486 150 214 278 226 416 369 196 321 503 53 283 11 480 433 259 380 167 340 188 19 144 492 322 444 397 465 247 27 208 156 385 454 406 129 311 29 272 220 118 241 469 193 375 37 331 169 352 305 133 257 439 45 179 248 482 431 318 104 386 452 301 23 377 264 213 447 341 237 420 484 95 327 52 280 403 474 201 41 381 105 174 5 360 81 435 497 276 58 457 419 190 252 46 335 228 343 14 314 86 494 221 394 290 75 368 32 203 267 236 407 312 146 495 382 106 116 468 364 31 436 328 277 451 347 83 432 40 266 330 398 288 10 483 148 103 391 336 460 63 138 265 43 445 225 6 297 424 89 498 161 59 121 356 478 253 315 54 285 399 242 21 373 94 158 293 64 470 376 205 159 446 173 298 132 427 39 500 387 342 455 306 28 437 102 222 115 404 351 85 496 48 329 449 345 412 18 147 211 111 392 124 466 70 202 324 51 282 0 182 361 488 97 162 60 178 12 415 142 316 378 344 467 72 134 440 269 223 230 408 362 191 490 47 164 61 235 20 479 206 379 441 393 119 243 370 35 501 110 172 461 350 414 93 160 50 113 402 69 471 26 210 274 448 181 9 130 77 261 388 339 1 183 245 425 152 99 401 244 131 80 197 499 333 281 185 472 426 255 154 55 396 2 246 308 489 216 107 62 292 462 22 143 270 442 450 175 68 307 429 42 165 229 125 8 413 477 101 219 170 459 295 71 135 34 273 112 232 409 17 194 84 325 458 354 303 195 88 260 163 338 13 249 136 485 319 217 168 289 473 25 258 91 389 453 3 65 309 371 153 275 56 349 463 126 30 207 334 114 231 186 76 366 493 49 286 176 240 16 476 141 109 227 123 294 358 79 199 36 122 184 418 367 254 96 323 395 238 15 313 200 149 383 284 180 357 421 87 263 44 224 346 410 137 33 317 98 117 4 296 73 372 434 212 57 400 355 127 189 38 271 171 287 7 250 78 430 157 337 233 67 304 24 140 204
354 418 482 146 205 269 333 401 72 195 376 495 323 278 458 299 80 254 440 159 386 122 407 363 88 318 499 223 179 244 470 422 96 382 163 236 184 303 134 486 104 446 293 467 248 367 197 150 106 344 64 131 312 431 260 214 298 362 426 485 149 213 277 230 417 364 200 319 500 55 281 13 481 427 264 383 164 338 185 15 145 490 328 447 395 468 249 23 209 154 387 452 408 132 313 31 268 217 116 238 472 191 377 39 332 173 353 301 136 255 436 47 180 246 479 432 321 102 389 451 306 25 374 263 216 441 342 235 421 489 91 326 53 284 405 473 196 40 379 107 168 2 357 83 437 503 279 61 455 416 192 258 44 330 226 347 20 308 87 491 222 396 289 74 369 28 206 266 237 410 309 143 496 380 110 115 462 370 33 438 327 275 453 346 82 433 35 270 329 393 292 11 484 153 98 390 341 456 65 137 259 48 442 224 3 300 420 85 501 167 62 119 351 480 256 317 52 283 404 243 22 371 95 155 288 68 474 372 207 160 444 172 296 126 429 41 502 391 340 461 307 30 434 103 218 117 403 350 90 492 42 334 450 349 411 19 148 212 105 398 120 463 73 201 322 50 280 4 188 359 483 93 165 56 175 10 414 144 320 381 345 465 76 138 435 271 219 229 412 360 189 493 43 166 57 231 18 477 208 384 445 397 125 239 366 38 497 111 174 460 355 413 92 156 49 114 400 63 475 27 211 276 449 177 8 127 81 265 385 336 5 186 247 423 147 101 402 240 129 78 202 498 335 286 187 471 424 252 157 51 392 6 250 311 487 210 109 58 287 466 26 141 272 443 454 176 69 302 430 46 161 225 124 7 419 476 100 220 171 457 297 70 139 29 274 113 234 406 16 190 89 324 459 356 304 193 86 261 162 337 9 251 135 488 315 221 170 291 469 24 253 97 388 448 0 67 314 375 151 273 59 343 464 130 34 204 331 118 233 182 71 365 494 54 282 181 241 14 478 140 108 228 121 295 361 77 198 37 123 183 415 368 257 94 325 394 242 17 310 199 152 378 285 178 358 425 84 262 45 227 348 409 133 32 316 99 112 1 294 75 373 439 215 60 399 352 128 194 36 267 169 290 12 245 79 428 158 339 232 66 305 21 142 203
355 419 478 142 206 270 334 404 73 194 375 493 328 274 461 295 81 258 439 157 387 125 408 358 89 317 503 221 176 242 472 421 97 381 167 233 188 306 136 484 99 445 290 466 247 370 200 148 107 347 65 130 311 429 264 211 297 361 425 489 153 212 276 227 413 367 202 320 501 54 284 12 476 431 261 384 165 341 186 20 140 495 325 443 398 464 250 22 203 159 389 449 410 128 314 30 266 223 113 244 474 192 373 38 329 170 350 303 138 256 437 46 181 249 480 430 316 101 391 450 304 26 371 265 215 446 339 234 426 488 96 322 49 286 399 475 197 37 383 110 173 4 363 79 438 498 273 59 458 414 189 257 48 332 224 345 17 312 90 490 220 397 292 70 365 31 207 269 232 412 313 144 494 379 109 114 467 368 34 434 324 279 454 349 77 428 39 271 333 396 291 7 485 152 104 385 337 455 68 139 260 45 447 230 5 294 422 87 502 162 60 122 353 477 252 321 50 280 402 241 25 376 92 154 289 67 471 377 208 158 442 171 300 131 432 36 497 388 336 459 305 33 440 100 217 118 400 354 84 491 47 335 453 348 406 14 149 216 106 394 119 468 76 198 323 53 281 6 183 357 486 95 166 61 179 8 417 141 315 380 346 463 75 135 436 272 222 228 409 359 195 496 44 161 62 236 16 481 204 378 444 392 123 238 369 41 499 108 169 457 356 418 91 155 55 117 405 64 469 21 213 275 451 175 11 132 78 262 386 338 0 187 246 420 150 103 403 243 127 83 199 500 331 285 182 473 423 254 160 52 395 1 251 309 483 214 111 56 293 465 24 145 267 441 448 180 66 301 433 43 163 226 121 13 415 482 98 218 174 456 296 72 133 28 277 115 231 407 19 191 86 326 460 352 307 190 85 263 164 342 10 245 137 487 318 219 172 287 470 27 255 94 390 452 2 69 310 372 147 278 57 344 462 129 32 209 330 112 237 184 74 364 492 51 283 178 239 15 479 146 105 225 120 298 360 80 196 35 124 185 416 366 253 93 327 393 240 18 308 201 151 382 282 177 362 424 88 259 42 229 343 411 134 29 319 102 116 3 299 71 374 435 210 58 401 351 126 193 40 268 168 288 9 248 82 427 156 340 235 63 302 23 143 205
356 415 479 143 207 271 335 402 76 193 372 496 325 277 459 298 78 257 435 160 389 123 410 362 86 321 498 219 180 240 474 426 94 380 162 237 183 304 138 485 102 444 288 465 246 368 202 149 110 345 68 129 309 432 261 213 296 360 424 488 152 216 275 229 418 370 199 315 502 51 286 9 482 429 263 378 166 337 187 17 146 493 327 441 394 462 251 25 205 157 391 451 412 126 310 33 269 221 115 242 471 189 374 41 333 172 354 306 135 252 438 43 178 250 477 433 319 103 388 453 307 24 376 262 210 445 340 231 425 487 97 323 55 285 401 469 200 35 384 109 170 6 358 82 434 500 278 57 461 417 195 253 45 329 230 346 18 311 84 495 218 392 291 72 364 30 208 270 235 409 314 141 492 383 111 117 466 366 32 440 326 273 448 348 80 427 38 272 334 397 287 13 489 151 99 386 342 458 67 133 264 42 443 227 0 299 421 90 497 164 58 125 350 481 254 316 53 281 403 239 26 375 91 159 292 69 473 373 204 156 447 174 294 130 430 40 499 390 338 460 302 34 439 98 223 112 405 355 88 490 46 331 454 343 407 15 153 215 107 393 122 464 75 196 328 49 284 1 185 363 484 92 161 59 176 11 413 145 318 379 349 468 71 137 437 267 220 225 411 357 194 494 48 163 60 233 19 476 209 382 442 395 124 244 365 36 503 105 168 456 352 419 96 154 54 118 399 65 470 23 212 279 450 179 7 128 83 259 387 341 2 182 249 422 148 100 400 241 132 79 201 501 330 282 184 475 420 258 158 50 398 3 245 313 486 211 108 61 290 463 27 140 268 446 452 181 63 303 428 44 167 224 120 12 416 478 104 217 169 455 300 73 134 31 276 114 236 408 14 192 85 322 457 351 305 191 87 265 165 339 8 248 139 483 317 222 171 293 472 21 256 93 385 449 4 66 308 377 150 274 62 347 467 127 29 203 332 116 232 188 70 367 491 52 280 177 238 20 480 142 106 226 119 297 359 81 197 39 121 186 414 369 255 95 324 396 243 16 312 198 147 381 283 175 361 423 89 260 47 228 344 406 136 28 320 101 113 5 295 74 371 436 214 56 404 353 131 190 37 266 173 289 10 247 77 431 155 336 234 64 301 22 144 206
357 420 483 147 210 273 294 427 98 175 385 476 315 245 490 308 105 231 406 140 378 154 441 371 63 287 469 203 217 266 462 434 70 343 133 238 196 329 126 497 77 399 301 455 259 350 189 161 84 364 91 119 322 413 252 182 330 351 414 477 141 204 267 260 442 372 211 302 448 21 323 28 463 435 274 365 112 386 168 35 127 498 295 428 407 491 224 42 190 162 358 470 421 155 280 49 253 183 134 246 484 218 336 7 316 197 379 309 148 239 392 14 191 275 492 400 324 71 373 499 317 50 366 225 198 415 344 268 429 449 78 331 36 303 436 456 219 29 337 99 205 15 380 56 443 478 232 106 485 393 212 247 0 310 254 387 22 288 92 471 169 422 281 85 359 43 176 261 255 437 296 156 457 388 79 163 479 381 8 430 282 262 486 338 93 423 51 233 325 401 332 44 493 113 86 352 367 500 107 120 240 37 394 269 23 289 444 57 464 142 64 149 374 450 276 311 1 318 408 226 30 345 100 135 319 87 501 360 220 121 409 184 326 143 445 16 494 339 382 472 283 38 402 108 199 150 395 389 101 487 9 290 458 353 416 52 157 170 94 431 164 451 65 177 304 45 333 31 206 346 465 58 128 72 213 2 438 114 297 375 383 473 95 165 424 241 178 248 396 390 207 466 24 158 80 277 3 502 171 361 439 446 136 263 340 46 459 66 214 452 347 410 109 151 17 122 417 102 480 10 221 227 495 185 53 115 73 234 368 354 39 192 270 403 129 59 447 235 137 103 186 488 305 312 222 453 411 271 130 32 418 47 256 334 460 193 60 88 298 503 4 166 228 425 467 200 74 327 397 54 123 278 116 25 404 474 67 215 179 481 284 110 144 18 242 159 249 432 11 172 81 291 468 369 292 201 111 250 152 376 40 243 117 475 335 194 223 313 496 19 229 89 348 482 55 61 320 355 124 257 96 362 489 167 5 187 285 131 264 180 82 391 454 12 299 173 279 33 461 138 75 236 145 306 341 68 208 26 132 216 433 349 265 69 314 440 258 48 307 174 139 356 293 209 370 398 76 272 34 244 377 405 160 27 286 97 146 13 321 62 384 419 181 104 426 342 153 188 6 251 195 328 20 237 90 412 118 363 230 83 300 41 125 202
358 421 484 148 211 274 295 429 99 176 387 478 317 247 493 311 107 233 408 142 381 157 445 375 65 290 472 206 221 270 466 439 73 347 136 242 200 334 130 503 81 404 306 461 264 355 194 167 89 370 97 125 328 419 258 188 329 350 413 476 140 203 266 261 443 373 212 303 449 22 325 30 464 437 276 367 113 389 170 38 128 501 297 431 410 495 227 46 192 165 361 474 425 159 284 54 256 186 138 250 489 223 341 12 320 202 384 314 153 244 398 20 189 273 490 399 322 70 371 498 316 49 365 224 197 414 345 269 430 450 79 332 37 304 438 458 220 31 339 101 207 17 383 59 446 480 234 110 488 397 215 249 4 312 257 391 26 292 96 475 173 426 286 90 363 48 181 265 252 434 294 154 455 385 77 162 477 379 7 428 280 260 485 337 92 422 50 232 324 402 333 45 494 114 87 353 368 502 109 122 241 39 396 271 25 291 447 60 467 144 68 152 376 454 279 313 5 321 412 230 34 349 104 139 315 84 497 357 217 119 406 183 323 141 442 14 491 336 380 471 281 36 400 106 198 149 394 388 100 486 8 289 459 354 417 53 158 171 95 432 166 453 67 179 305 47 335 33 208 348 468 61 131 76 216 6 440 118 300 377 378 469 91 161 420 238 175 246 392 386 204 463 21 155 78 275 0 499 169 359 436 444 135 262 338 44 457 64 213 451 346 409 108 150 16 123 418 103 481 11 222 228 496 187 55 117 75 236 369 356 41 195 272 405 132 62 441 231 133 98 182 483 301 309 218 448 407 267 127 28 415 43 254 331 456 191 56 86 296 500 1 163 226 423 465 199 72 326 395 52 121 277 115 24 403 473 66 214 180 482 285 111 145 19 243 160 251 433 13 174 83 293 462 364 287 196 105 245 147 372 35 239 112 470 330 190 219 310 492 15 225 85 344 479 51 57 318 352 120 255 94 360 487 164 2 184 283 129 263 178 80 390 452 10 298 172 278 32 460 137 74 237 146 307 342 69 209 27 126 210 427 343 259 63 308 435 253 42 302 168 134 351 288 205 366 393 71 268 29 240 374 401 156 23 282 93 143 9 319 58 382 416 177 102 424 340 151 185 3 248 193 327 18 235 88 411 116 362 229 82 299 40 124 201
359 423 487 151 215 279 300 428 100 177 390 481 320 251 491 310 108 234 411 145 384 155 443 374 66 291 475 209 218 268 464 438 74 348 139 239 198 332 128 502 82 405 302 456 262 353 192 166 90 365 92 120 326 417 256 187 331 352 416 480 144 208 272 259 444 375 214 305 454 27 322 29 465 439 278 369 118 385 169 37 129 503 299 433 406 492 226 45 193 167 363 469 422 156 283 53 257 188 133 247 486 220 340 11 321 196 380 311 150 241 397 19 190 276 494 403 327 75 377 497 318 52 368 228 201 419 343 267 431 452 81 335 41 301 435 457 221 32 341 104 203 14 381 58 447 482 237 105 484 394 213 248 5 314 252 386 23 290 95 474 174 420 280 86 360 46 179 264 253 436 297 158 460 391 83 161 478 382 10 432 285 265 483 336 94 424 54 236 328 399 330 43 495 116 89 356 364 498 106 121 242 40 398 266 21 288 445 59 468 146 63 148 373 451 277 312 6 315 407 225 31 347 103 138 316 85 500 361 222 124 412 182 324 142 446 18 496 342 378 470 282 39 404 111 202 147 392 387 102 488 12 293 455 351 415 51 159 173 97 427 162 449 64 178 306 48 329 28 205 345 466 60 132 70 211 0 437 115 298 376 379 471 93 164 425 243 181 245 393 388 206 467 26 160 77 274 1 501 172 362 440 441 134 261 339 47 461 69 210 448 344 408 110 152 20 119 414 99 479 9 223 230 490 183 50 113 72 235 370 350 35 191 269 402 130 61 442 232 135 101 185 489 307 308 219 450 409 270 131 34 413 42 255 333 459 194 62 84 295 499 2 165 229 426 462 197 71 325 396 55 125 273 112 22 401 472 68 216 175 477 281 107 143 17 244 154 246 429 8 170 80 292 463 366 289 199 109 249 153 371 36 240 114 473 334 195 217 309 493 16 227 88 349 476 49 56 319 354 123 258 91 358 485 163 3 186 286 126 260 176 79 389 453 13 294 168 275 30 458 136 76 231 141 303 338 65 207 25 127 212 430 346 263 67 313 434 254 44 304 171 137 355 287 204 367 395 73 271 33 238 372 400 157 24 284 96 140 7 317 57 383 418 180 98 421 337 149 184 4 250 189 323 15 233 87 410 117 357 224 78 296 38 122 200
360 424 488 152 216 275 296 433 103 178 388 477 319 250 492 314 111 235 409 141 383 156 447 373 69 292 473 204 220 267 468 437 71 349 137 241 201 330 132 501 79 400 305 457 265 351 191 165 87 369 95 121 324 414 255 186 335 356 415 479 143 207 271 262 445 376 210 307 453 24 326 32 466 440 273 366 117 390 174 40 130 499 294 430 411 494 225 48 194 163 357 475 420 158 282 50 258 184 139 248 483 222 339 8 317 198 381 312 147 243 396 16 193 277 496 402 325 76 372 502 315 51 370 229 199 418 348 272 427 448 80 334 38 302 439 460 223 34 338 98 209 19 382 60 442 476 233 108 486 398 211 245 3 313 256 385 21 293 93 472 171 423 283 89 361 47 175 260 257 435 298 160 459 389 78 166 482 378 9 429 286 263 487 340 97 425 55 231 323 405 331 46 490 112 88 355 365 503 105 124 244 36 395 268 27 290 446 61 463 140 66 150 377 449 274 308 4 320 406 228 28 344 101 136 321 86 498 362 219 123 410 187 327 146 441 17 493 337 384 469 285 35 401 109 200 151 397 386 99 489 13 287 456 352 419 54 154 168 96 428 167 452 63 181 303 44 332 29 203 347 467 62 127 74 214 5 436 113 295 371 380 474 94 162 426 240 180 251 394 391 205 462 25 157 82 278 6 500 170 358 434 443 133 264 342 42 458 67 215 454 343 407 107 153 15 120 416 104 478 12 217 224 491 188 52 116 70 232 367 353 37 190 266 404 131 56 444 237 138 102 183 485 304 310 221 451 412 269 126 33 417 45 253 329 461 195 57 90 299 497 0 164 227 421 464 196 75 328 393 49 122 279 118 23 399 470 65 212 177 480 280 106 142 20 238 155 247 431 10 173 77 289 465 368 288 202 110 246 149 374 41 242 115 471 333 189 218 311 495 18 230 84 346 481 53 58 316 350 125 254 92 363 484 161 1 185 284 128 259 179 83 387 450 7 300 169 276 31 455 134 73 234 144 301 336 64 206 22 129 213 432 345 261 68 309 438 252 43 306 172 135 354 291 208 364 392 72 270 30 239 375 403 159 26 281 91 145 11 318 59 379 413 176 100 422 341 148 182 2 249 192 322 14 236 85 408 114 359 226 81 297 39 119 197
361 425 489 153 212 276 297 430 101 181 391 480 316 249 494 313 109 232 412 144 379 158 442 377 67 289 471 208 222 272 463 436 75 346 135 243 199 331 127 500 83 403 307 460 263 352 190 164 85 366 93 124 327 416 253 185 334 355 419 478 142 206 270 265 446 371 215 304 450 26 324 34 467 434 279 368 114 388 171 36 131 497 300 432 409 496 228 44 195 161 359 473 423 160 285 52 254 182 137 245 487 219 342 10 318 201 382 308 151 240 393 18 194 274 493 404 328 73 375 501 320 54 367 227 202 413 349 271 428 454 77 333 39 305 440 459 217 33 336 100 204 16 378 62 444 481 236 111 483 395 214 251 1 309 255 390 27 287 94 470 172 424 282 88 362 42 177 259 258 439 295 157 461 387 81 165 476 384 12 431 284 261 488 339 96 426 49 234 322 400 335 47 491 118 84 354 369 499 108 123 238 41 392 267 24 293 441 56 465 145 69 147 372 452 278 310 2 319 411 229 29 343 102 134 317 89 503 358 221 125 408 186 325 140 443 20 495 341 383 475 286 37 399 110 197 152 396 385 104 485 7 291 457 356 418 55 155 169 91 433 163 448 66 180 301 43 330 32 209 344 462 57 129 71 210 3 435 116 299 374 381 472 97 167 421 242 176 250 398 389 203 464 22 159 79 273 4 498 173 363 438 447 139 260 337 45 455 68 216 453 348 406 106 149 14 121 415 98 482 13 218 226 492 184 51 112 74 237 364 351 40 193 268 401 126 58 445 233 136 99 188 484 306 314 223 449 410 266 128 30 414 48 257 332 458 189 59 87 294 502 5 162 230 422 468 198 76 323 394 53 119 275 117 21 405 469 64 213 178 479 283 105 146 15 239 156 248 427 9 168 82 288 466 370 290 200 107 247 148 373 38 244 113 474 329 192 220 312 490 17 224 90 345 477 50 60 321 353 122 252 95 357 486 166 6 183 281 132 262 175 78 386 451 11 296 174 277 28 456 133 72 235 143 302 340 63 205 23 130 211 429 347 264 65 311 437 256 46 303 170 138 350 292 207 365 397 70 269 31 241 376 402 154 25 280 92 141 8 315 61 380 417 179 103 420 338 150 187 0 246 191 326 19 231 86 407 115 360 225 80 298 35 120 196
362 426 485 149 213 277 298 432 102 180 389 479 321 246 496 309 110 237 410 143 380 160 444 372 68 288 474 207 219 271 465 435 76 345 138 240 202 335 129 498 78 402 304 459 261 356 193 162 86 368 94 123 325 415 257 183 333 354 418 482 146 205 269 263 441 374 216 306 451 25 327 33 462 438 275 370 115 391 172 41 126 502 296 429 412 493 229 43 189 166 360 471 424 157 286 51 252 187 135 251 488 221 337 9 315 199 378 310 152 242 394 17 195 278 495 401 323 72 376 500 319 55 364 230 200 417 346 270 433 453 82 329 35 307 434 461 218 30 340 103 208 18 384 57 445 477 231 109 487 392 210 250 6 311 253 388 24 291 97 469 170 425 285 84 358 45 178 262 254 440 299 159 458 386 80 164 481 383 13 427 281 264 489 342 91 421 53 235 326 403 334 42 492 117 90 350 366 497 111 125 239 38 397 272 26 287 443 58 466 141 67 151 375 448 273 314 0 316 409 227 32 348 99 133 318 88 499 363 223 122 407 185 328 145 447 15 490 338 379 473 284 40 405 107 196 153 393 390 98 484 11 292 460 355 413 49 156 174 92 430 161 454 69 176 302 46 331 34 204 343 464 59 130 75 215 1 439 112 294 373 382 470 96 163 422 244 179 249 395 387 209 468 23 154 83 279 2 503 168 357 437 442 137 259 341 48 456 65 212 450 349 411 105 148 19 124 419 100 476 7 220 225 494 182 54 118 71 233 365 352 36 194 267 399 128 60 446 236 134 104 184 486 303 313 217 452 408 268 132 31 416 44 258 330 455 192 61 85 300 501 3 167 224 420 463 201 73 322 398 50 120 276 114 27 400 475 63 211 181 478 282 108 140 14 241 158 245 428 12 169 79 290 467 367 293 197 106 248 150 377 39 238 116 472 332 191 222 308 491 20 226 87 347 480 52 62 317 351 119 256 93 359 483 165 4 188 280 127 265 177 81 385 449 8 297 171 274 29 457 139 70 232 142 305 339 66 203 21 131 214 431 344 260 64 312 436 255 47 301 173 136 353 289 206 369 396 74 266 28 243 371 404 155 22 283 95 144 10 320 56 381 414 175 101 423 336 147 186 5 247 190 324 16 234 89 406 113 361 228 77 295 37 121 198
363 422 486 150 214 278 299 431 104 179 386 482 318 248 495 312 106 236 407 146 382 159 446 376 64 293 470 205 223 269 467 440 72 344 134 244 197 333 131 499 80 401 303 458 260 354 195 163 88 367 96 122 323 418 254 184 332 353 417 481 145 209 268 264 447 377 213 301 452 23 328 31 468 436 277 364 116 387 173 39 132 500 298 427 408 490 230 47 191 164 362 472 426 154 281 55 255 185 136 249 485 217 338 13 319 200 383 313 149 238 395 15 192 279 491 405 326 74 374 503 321 53 369 226 196 416 347 266 432 451 83 330 40 306 437 455 222 28 342 102 206 20 379 61 441 479 235 107 489 396 216 246 2 308 258 389 25 289 91 473 168 421 284 87 357 44 180 263 256 438 300 155 456 390 82 167 480 380 11 433 283 259 484 341 95 420 52 237 327 404 329 48 496 115 85 351 370 501 110 119 243 35 393 270 22 292 442 62 462 143 65 153 371 453 275 309 3 317 410 224 33 346 98 137 320 90 502 359 218 120 411 188 322 144 444 19 492 340 381 474 280 41 403 105 201 148 398 391 103 483 10 288 461 350 414 50 160 172 93 429 165 450 68 175 307 42 334 30 207 349 463 56 126 73 212 4 434 117 296 372 384 475 92 166 423 239 177 247 397 385 208 465 27 156 81 276 5 497 174 360 435 445 138 265 336 43 460 63 211 449 345 412 111 147 18 125 413 101 477 8 219 229 493 186 49 114 76 231 366 355 38 189 271 400 127 57 443 234 139 100 187 487 302 311 220 454 406 272 129 29 419 46 252 335 457 190 58 89 297 498 6 161 225 424 466 202 70 324 392 51 124 274 113 26 402 471 69 210 176 476 286 109 141 16 240 157 250 430 7 171 78 287 464 365 291 198 108 251 151 375 37 241 118 469 331 193 221 314 494 14 228 86 343 478 54 59 315 356 121 253 97 361 488 162 0 182 282 130 261 181 77 388 448 9 295 170 273 34 459 135 71 233 140 304 337 67 204 24 128 215 428 348 262 66 310 439 257 45 305 169 133 352 290 203 368 394 75 267 32 242 373 399 158 21 285 94 142 12 316 60 378 415 178 99 425 339 152 183 1 245 194 325 17 232 84 409 112 358 227 79 294 36 123 199
364 427 490 154 217 238 301 441 91 196 357 455 308 266 462 329 98 259 420 119 371 126 434 350 105 322 483 175 189 231 497 413 63 385 147 252 210 287 161 476 70 406 315 469 273 343 182 140 77 378 84 133 294 399 245 203 323 386 407 470 134 197 260 246 421 379 168 330 491 28 309 35 484 442 224 351 155 372 218 42 148 463 280 414 435 477 239 49 211 127 336 498 392 141 302 7 274 190 162 253 448 204 365 14 295 183 358 316 112 267 428 21 205 254 499 422 303 106 344 485 281 15 387 268 191 436 380 275 393 456 85 317 22 288 429 492 212 50 359 56 219 43 366 92 400 449 247 78 471 443 176 225 29 324 261 337 0 331 71 478 198 415 310 99 373 36 169 232 269 401 318 163 486 367 64 149 500 338 23 408 332 255 479 374 107 437 44 226 289 444 296 30 450 120 93 381 345 493 57 156 276 8 423 240 51 311 430 100 457 113 86 135 388 464 233 282 37 325 394 262 1 352 79 142 333 72 458 382 184 150 431 213 319 164 395 31 472 353 389 451 326 2 416 87 206 143 438 346 65 501 52 283 465 360 445 38 114 177 101 402 157 487 58 220 297 16 304 9 170 375 494 108 121 94 199 45 409 128 290 339 354 495 80 122 446 248 214 277 417 383 185 452 39 136 102 263 53 473 192 347 396 410 115 270 390 3 480 95 207 502 340 403 73 165 10 129 424 109 466 46 171 234 459 221 24 151 59 241 361 368 17 178 227 439 158 66 418 278 159 88 179 467 312 298 200 481 447 249 116 47 432 25 235 284 503 222 74 110 327 453 11 137 256 404 474 172 103 334 411 4 144 271 166 18 397 460 81 186 193 488 291 67 130 54 228 123 242 425 32 215 60 305 482 376 299 223 96 236 131 362 55 264 145 468 313 173 180 306 489 40 279 61 369 496 33 82 292 341 167 243 68 391 461 117 19 201 320 138 229 208 111 355 475 5 335 187 250 26 454 124 89 257 152 285 348 75 194 12 146 195 440 363 244 104 293 426 230 13 328 209 132 377 321 216 342 405 83 258 20 237 370 433 153 48 300 62 160 41 307 90 349 398 188 76 412 384 125 174 27 265 202 286 6 272 69 419 139 356 251 97 314 34 118 181
365 428 491 155 218 239 302 443 92 198 359 456 310 268 464 332 100 262 423 120 374 128 438 353 108 326 487 177 192 234 502 417 66 390 151 256 215 291 166 481 74 411 320 475 279 348 187 145 82 384 90 139 300 405 251 209 322 385 406 469 133 196 259 247 422 380 169 331 492 29 311 37 486 444 226 352 156 375 220 45 150 465 283 416 439 480 241 53 214 129 340 503 397 144 305 11 278 193 167 257 454 208 369 19 299 188 363 321 118 272 433 27 203 252 497 420 301 105 343 484 280 14 386 267 190 435 381 276 394 457 86 318 23 290 431 494 213 52 360 58 221 46 368 95 403 452 248 81 474 447 179 228 32 327 264 341 5 335 75 482 201 419 314 104 377 41 174 237 266 399 315 161 483 364 63 148 498 336 21 407 330 253 478 373 106 436 43 225 288 445 297 31 451 121 94 382 347 495 59 158 277 10 424 242 54 312 432 103 460 116 89 138 391 468 236 285 40 328 398 265 6 356 83 146 329 70 455 378 182 147 427 211 316 162 392 28 470 351 387 449 324 0 415 85 205 142 437 345 64 500 51 282 466 361 446 39 115 178 102 404 159 488 60 222 298 18 306 12 173 376 496 111 124 97 202 48 412 132 293 342 350 490 77 119 441 245 210 274 414 379 183 448 35 134 99 261 50 471 191 344 393 408 113 269 388 1 479 93 206 501 339 402 72 164 9 130 425 110 467 47 172 235 461 223 26 152 61 243 362 370 20 181 230 440 160 69 413 273 154 84 175 462 308 295 197 477 442 246 112 42 429 22 232 281 499 219 71 107 325 450 8 135 255 401 472 170 101 333 409 2 143 270 165 17 396 459 80 185 194 489 292 68 131 55 229 125 244 426 34 216 62 307 476 371 294 217 91 231 126 358 49 260 141 463 309 168 176 303 485 36 275 56 366 493 30 79 289 338 163 240 65 389 458 114 16 199 319 136 227 207 109 354 473 3 334 186 249 25 453 123 88 258 153 286 349 76 195 13 140 189 434 357 238 98 287 421 224 7 323 204 127 372 317 212 337 400 78 254 15 233 367 430 149 44 296 57 157 38 304 87 346 395 184 73 410 383 122 171 24 263 200 284 4 271 67 418 137 355 250 96 313 33 117 180
366 430 494 158 222 243 307 442 93 199 361 460 313 272 463 331 101 263 425 124 377 127 436 352 109 327 489 181 190 232 500 416 67 391 153 253 212 289 164 480 75 412 316 471 276 346 185 144 83 379 85 135 297 403 249 208 324 388 409 473 137 201 265 245 423 382 171 334 496 34 308 36 487 446 228 355 160 371 219 44 151 467 285 419 434 478 240 52 215 131 342 497 393 142 304 10 279 195 161 254 450 206 368 18 300 182 359 318 114 270 432 26 204 255 501 424 305 111 349 483 282 16 390 271 194 440 378 274 395 459 88 320 27 287 428 493 214 54 362 62 217 42 367 94 404 454 251 77 470 444 177 227 33 328 259 336 1 333 73 481 202 413 309 100 375 39 172 236 267 400 319 165 488 369 69 147 499 339 24 411 335 258 476 372 108 439 47 229 293 441 295 29 452 123 96 384 343 491 56 157 278 12 426 238 49 310 431 102 461 118 84 134 387 465 234 284 41 322 392 261 2 354 81 145 330 71 457 383 186 152 433 210 317 163 396 32 475 356 385 448 325 3 418 89 209 140 435 344 66 503 55 286 462 358 443 37 116 180 104 399 155 485 57 221 299 20 301 7 169 374 495 110 125 91 197 43 408 129 291 341 351 492 79 121 447 250 216 273 415 381 184 453 40 139 98 260 51 472 193 348 398 406 112 268 389 4 482 97 203 498 337 401 74 167 13 126 421 106 464 45 173 237 455 218 22 149 58 242 363 364 14 176 226 438 159 68 414 275 156 87 178 468 314 294 198 479 445 248 117 48 427 21 233 283 502 223 76 105 323 449 9 136 257 405 469 168 99 332 410 5 146 266 162 15 394 458 82 188 189 484 288 64 128 53 230 119 239 422 30 213 59 306 477 373 296 220 95 235 132 357 50 262 143 466 312 174 175 302 486 38 277 60 370 490 28 78 290 340 166 244 63 386 456 113 17 200 321 133 224 205 107 353 474 6 329 183 247 23 451 122 90 252 148 281 345 72 192 11 141 191 437 360 241 103 292 420 225 8 326 207 130 376 315 211 338 402 80 256 19 231 365 429 150 46 298 61 154 35 303 86 347 397 187 70 407 380 120 170 25 264 196 280 0 269 65 417 138 350 246 92 311 31 115 179
367 431 495 159 223 244 303 446 96 197 363 458 312 269 467 333 104 260 422 122 376 131 440 354 106 323 486 179 195 236 499 418 64 386 150 254 214 293 163 482 72 407 318 470 278 344 184 146 80 382 88 134 299 401 248 205 328 387 408 472 136 200 264 249 426 383 173 332 490 31 313 39 485 447 230 353 154 377 217 47 149 468 281 417 436 481 238 55 213 132 338 500 395 145 301 13 277 191 164 255 452 209 364 15 298 185 362 319 116 268 427 23 206 258 503 421 306 107 347 489 284 20 389 266 192 437 379 279 396 455 87 321 25 289 432 491 216 53 357 61 222 44 369 91 405 451 246 83 473 441 180 226 28 326 263 342 2 330 74 479 196 416 308 102 374 40 168 235 270 404 317 167 484 370 65 153 501 341 22 410 329 256 480 371 110 438 48 224 292 442 300 33 453 119 95 380 346 496 62 155 275 11 420 243 52 309 433 98 456 115 85 137 390 462 237 283 35 327 393 259 3 351 82 143 334 73 461 381 188 148 429 212 320 165 398 30 474 350 391 450 322 4 414 90 207 144 434 349 68 502 50 280 463 359 444 41 117 175 103 403 160 483 56 218 296 19 307 10 172 372 492 105 120 93 201 42 411 126 288 340 355 493 81 125 445 247 211 276 413 384 186 449 38 138 101 265 49 475 189 345 397 412 114 271 385 5 477 92 208 497 336 400 76 166 8 127 423 111 465 43 174 231 460 219 27 147 57 239 360 366 18 177 229 435 156 63 419 274 157 89 176 466 311 297 202 476 443 250 113 46 430 26 234 286 498 220 70 109 324 454 7 139 252 402 471 171 100 335 406 6 141 272 161 16 392 457 78 187 190 487 287 69 129 51 225 124 240 424 29 210 58 302 478 375 295 221 97 233 130 361 54 261 140 464 314 170 181 304 488 37 273 59 365 494 34 77 291 337 162 241 67 388 459 118 14 198 315 135 228 204 108 356 469 0 331 182 251 24 448 121 86 253 151 282 343 71 193 9 142 194 439 358 242 99 290 425 227 12 325 203 128 373 316 215 339 399 79 257 17 232 368 428 152 45 294 60 158 36 305 84 348 394 183 75 409 378 123 169 21 262 199 285 1 267 66 415 133 352 245 94 310 32 112 178
368 432 496 160 219 240 304 444 94 202 362 459 309 271 465 335 102 261 426 123 372 129 435 356 110 325 485 180 193 237 498 415 68 389 149 257 213 288 162 479 76 410 321 474 277 345 183 143 78 380 86 138 298 402 246 207 327 391 412 471 135 199 263 251 424 378 172 333 493 33 310 41 488 441 229 354 157 374 221 43 152 462 286 418 438 482 242 51 216 126 337 502 394 146 306 9 275 189 166 252 451 205 370 17 296 187 360 315 115 269 429 25 208 253 500 425 307 109 346 487 285 18 388 270 195 434 384 278 392 461 84 319 24 291 433 495 210 55 358 57 218 45 364 97 401 453 250 82 469 445 178 230 30 323 262 340 6 329 72 477 200 417 311 103 376 35 170 231 272 403 316 164 489 366 67 151 497 342 26 409 334 254 481 375 111 440 42 227 287 443 299 32 448 125 91 383 348 492 58 159 273 13 421 239 53 314 427 99 458 117 90 133 386 466 235 281 38 326 397 264 0 350 80 141 331 75 460 379 185 153 430 215 318 161 393 34 473 355 390 454 328 1 413 88 204 145 439 343 69 499 49 284 464 363 447 40 112 176 98 405 156 484 59 223 294 15 302 11 174 373 490 107 122 92 196 46 407 130 292 338 352 494 83 124 442 249 212 279 419 382 182 450 36 137 100 259 54 470 194 349 395 411 118 267 387 2 476 96 209 503 341 399 71 163 7 128 422 105 468 48 168 233 456 220 23 148 60 244 357 365 19 179 225 437 154 65 416 276 158 85 181 463 313 300 201 478 446 245 114 44 428 27 236 282 501 217 73 108 322 452 12 134 258 400 475 169 104 330 408 3 140 268 167 14 398 455 79 184 192 486 290 63 132 50 224 120 241 420 31 211 61 303 480 377 297 222 93 232 127 359 52 265 142 467 308 171 177 305 483 39 274 62 367 491 29 81 293 339 165 238 66 385 457 116 20 197 317 139 226 203 106 351 472 4 332 188 248 21 449 119 87 256 150 280 347 70 191 8 144 190 436 361 243 101 289 423 228 10 324 206 131 371 320 214 336 404 77 255 16 234 369 431 147 47 295 56 155 37 301 89 344 396 186 74 406 381 121 173 22 260 198 283 5 266 64 414 136 353 247 95 312 28 113 175
369 433 492 156 220 241 305 447 95 201 360 457 314 267 468 330 103 265 424 121 373 132 437 351 111 324 488 178 191 235 501 414 69 388 152 255 216 292 165 477 71 409 319 473 275 349 186 141 79 383 87 137 296 400 250 204 326 390 411 475 139 198 262 248 420 381 174 335 494 32 312 40 483 445 225 356 158 376 222 48 147 466 282 415 440 479 243 50 210 130 339 499 396 143 307 8 273 194 163 258 453 207 366 16 294 184 357 317 117 271 430 24 209 256 502 423 302 108 348 486 283 19 385 272 193 439 382 277 398 460 89 315 21 293 427 496 211 51 361 60 223 47 370 93 402 448 245 80 472 442 175 229 34 325 260 338 3 334 76 476 199 418 313 98 372 38 171 233 268 405 320 166 487 365 66 150 503 340 27 406 331 257 482 377 105 435 46 228 290 446 298 28 449 124 97 378 344 490 61 160 274 9 425 244 55 308 429 101 459 112 88 136 389 463 231 286 36 323 395 263 4 355 78 140 332 74 456 384 187 151 428 214 321 167 397 29 469 352 386 452 327 5 419 86 203 146 436 347 63 498 54 285 467 362 441 35 113 181 99 401 154 489 62 219 295 17 303 13 168 371 493 109 123 96 200 44 410 127 287 337 353 491 82 120 443 251 215 278 416 380 188 454 37 133 104 264 52 474 190 343 394 407 116 266 391 6 478 94 205 500 342 404 70 162 12 131 426 107 462 42 170 232 458 217 25 153 56 240 358 367 15 180 224 434 157 67 417 279 155 90 177 464 310 299 196 480 444 247 118 45 431 23 237 280 497 221 75 106 328 451 10 138 253 399 470 173 102 329 412 0 142 269 164 20 393 461 77 183 195 485 289 65 126 49 227 122 238 421 33 212 57 304 481 374 300 218 92 234 128 363 53 259 144 465 311 169 179 301 484 41 276 58 368 495 31 83 288 336 161 242 64 387 455 115 18 202 316 134 230 206 110 350 471 1 333 185 246 22 450 125 84 254 149 284 346 73 189 7 145 192 438 359 239 100 291 422 226 11 322 208 129 375 318 213 341 403 81 252 14 236 364 432 148 43 297 59 159 39 306 85 345 392 182 72 408 379 119 172 26 261 197 281 2 270 68 413 135 354 249 91 309 30 114 176
370 429 493 157 221 242 306 445 97 200 358 461 311 270 466 334 99 264 421 125 375 130 439 355 107 328 484 176 194 233 503 419 65 387 148 258 211 290 167 478 73 408 317 472 274 347 188 142 81 381 89 136 295 404 247 206 325 389 410 474 138 202 261 250 425 384 170 329 495 30 314 38 489 443 227 350 159 373 223 46 153 464 284 413 437 476 244 54 212 128 341 501 398 140 303 12 276 192 165 256 449 203 367 20 297 186 361 320 113 266 431 22 207 257 498 426 304 110 345 488 286 17 391 269 189 438 383 273 397 458 90 316 26 292 430 490 215 49 363 59 220 48 365 96 399 450 249 79 475 446 181 224 31 322 265 339 4 332 70 480 197 414 312 101 371 37 173 234 271 402 321 162 485 368 68 152 502 337 25 412 333 252 477 376 109 434 45 230 291 447 294 34 454 122 92 379 349 494 60 154 279 7 422 241 50 313 428 104 455 114 87 139 385 467 232 280 39 324 396 260 5 353 77 144 335 76 459 380 183 149 432 216 315 166 394 33 471 354 388 453 323 6 417 84 208 141 440 348 67 497 53 281 468 357 442 36 118 179 100 400 158 486 61 217 300 14 305 8 171 377 491 106 119 95 198 47 406 131 289 336 356 496 78 123 444 246 213 275 418 378 187 451 41 135 103 262 55 469 195 346 392 409 117 272 386 0 481 91 204 499 338 405 75 161 11 132 420 108 463 44 169 236 457 222 21 150 62 238 359 369 16 175 228 436 155 64 415 277 160 86 180 465 309 296 199 482 441 251 115 43 433 24 231 285 500 218 72 111 326 448 13 133 254 403 473 174 98 331 407 1 145 267 163 19 395 456 83 182 191 483 293 66 127 52 226 121 243 423 28 214 56 301 479 372 298 219 94 237 129 360 51 263 146 462 310 172 178 307 487 35 278 57 364 492 32 80 287 342 164 239 69 390 460 112 15 196 318 137 225 209 105 352 470 2 330 184 245 27 452 120 85 255 147 283 344 74 190 10 143 193 435 362 240 102 288 424 229 9 327 205 126 374 319 210 340 401 82 253 18 235 366 427 151 42 299 58 156 40 302 88 343 393 185 71 411 382 124 168 23 259 201 282 3 268 63 416 134 351 248 93 308 29 116 177
371 434 497 161 182 245 308 413 77 217 378 483 287 259 476 322 84 238 441 147 343 140 399 385 91 301 462 210 203 273 455 406 98 364 126 266 189 294 119 469 105 427 329 490 252 357 175 133 63 350 70 154 315 420 231 196 316 379 442 463 127 190 253 274 428 336 204 309 470 42 295 49 491 392 267 372 134 358 197 7 155 448 330 435 421 498 260 14 218 112 351 484 414 162 323 21 239 168 148 224 477 183 386 28 302 211 365 280 141 246 407 35 212 232 471 436 331 85 366 478 324 36 359 254 219 393 387 261 400 499 56 310 29 317 443 485 169 43 344 71 176 22 337 106 415 492 268 99 449 422 198 275 15 288 247 373 50 281 78 456 205 429 303 92 380 0 191 225 276 430 289 135 500 352 93 142 450 388 44 423 318 240 493 367 100 444 1 255 282 408 325 37 457 163 57 374 381 464 79 149 226 51 401 233 30 332 394 64 479 156 107 113 345 486 262 296 23 311 437 269 8 338 86 120 297 101 494 346 199 164 416 206 304 114 409 52 487 382 375 501 333 16 395 94 177 157 431 339 108 465 2 319 472 389 438 45 121 184 58 445 128 458 87 213 283 9 290 38 220 353 451 72 143 65 170 31 402 150 326 360 361 480 109 158 403 263 185 270 446 368 171 473 10 151 73 227 39 459 214 390 424 439 165 234 354 24 452 102 221 495 383 396 66 129 3 136 410 59 502 53 178 248 466 192 17 122 95 277 340 347 46 207 241 417 115 80 425 249 144 67 222 460 327 334 215 467 432 228 137 18 404 54 271 305 481 172 88 81 284 488 47 123 278 411 503 186 110 291 418 32 116 242 159 4 447 453 74 193 200 474 312 60 166 11 235 130 256 397 25 179 103 298 489 391 313 208 75 243 124 355 26 279 131 496 285 201 194 320 454 33 236 111 362 461 12 96 335 369 145 229 89 341 475 152 55 180 299 167 250 173 68 348 482 40 306 223 257 5 468 117 82 264 138 292 376 61 187 19 153 181 412 377 272 83 307 419 265 34 300 195 160 342 328 202 349 440 62 251 27 258 384 426 118 41 293 69 125 20 286 104 356 433 209 97 398 363 139 216 13 237 188 314 48 230 76 405 146 370 244 90 321 6 132 174
372 435 498 162 183 246 309 415 78 219 380 485 288 261 479 325 86 240 444 149 345 143 402 389 94 304 465 213 207 277 459 410 102 368 129 271 193 298 123 474 110 432 335 496 257 362 180 138 68 356 76 160 321 426 237 202 315 378 441 462 126 189 252 275 429 337 205 310 471 43 296 51 493 394 269 374 135 360 199 9 157 451 333 438 424 502 263 17 221 115 354 488 418 166 327 25 242 172 152 229 482 187 391 33 306 216 370 286 146 251 412 41 210 231 469 434 329 84 364 477 323 35 358 253 218 392 388 262 401 500 57 311 30 319 445 487 170 45 346 72 178 24 340 109 417 495 270 103 453 425 200 278 18 291 250 376 55 285 82 461 208 433 307 97 384 6 195 230 273 427 287 133 497 350 91 141 448 386 42 421 316 239 492 366 99 443 0 254 281 409 326 38 458 164 58 375 383 466 80 151 227 53 403 235 32 334 397 67 481 159 111 117 348 489 264 299 26 314 440 272 13 342 90 125 294 98 490 343 196 161 413 204 302 112 407 49 484 379 373 499 331 15 393 92 176 156 430 338 107 464 1 318 473 390 439 46 122 185 59 447 130 460 88 215 284 11 292 40 223 355 454 75 145 69 174 34 405 153 328 363 357 476 105 154 399 259 182 267 442 365 168 470 7 148 71 225 36 456 212 387 422 437 163 233 352 23 450 100 220 494 382 395 65 128 2 137 411 60 503 54 179 249 468 194 19 124 96 279 341 349 48 209 244 419 118 83 420 245 140 63 217 455 322 330 211 463 428 224 134 14 400 50 268 303 478 169 85 79 282 486 44 120 276 408 501 184 108 290 416 31 114 241 158 3 446 452 73 192 201 475 313 61 167 12 236 132 258 398 27 181 104 300 483 385 308 203 70 238 119 351 21 274 127 491 280 197 191 317 449 29 232 106 359 457 8 93 332 367 142 226 87 339 472 150 52 177 297 165 248 171 66 347 480 39 305 222 256 4 467 116 81 265 139 293 377 62 188 20 147 175 406 371 266 77 301 414 260 28 295 190 155 336 324 198 344 436 56 247 22 255 381 423 113 37 289 64 121 16 283 101 353 431 206 95 396 361 136 214 10 234 186 312 47 228 74 404 144 369 243 89 320 5 131 173
373 437 501 165 186 250 314 414 79 220 383 488 292 265 477 324 87 241 447 152 349 141 400 388 95 305 468 216 204 275 457 409 103 369 132 267 191 296 121 473 111 433 330 492 255 360 178 137 69 351 71 156 319 424 235 201 317 381 445 466 130 194 258 273 430 339 207 312 475 48 294 50 494 396 271 376 139 357 198 8 158 453 335 440 420 499 262 16 222 117 356 483 415 163 326 24 243 174 147 225 479 184 390 32 307 210 366 282 143 248 411 40 211 233 472 439 334 89 370 476 325 38 361 256 223 398 385 260 402 502 60 313 34 315 442 486 171 47 348 76 175 21 338 108 418 496 272 98 448 423 199 277 19 293 245 372 51 283 80 460 209 427 302 93 382 3 193 229 274 429 290 136 503 355 97 140 449 389 46 425 320 244 490 365 101 446 4 257 286 406 323 36 459 166 61 377 378 463 78 150 228 55 405 231 28 331 395 66 482 160 105 112 344 487 263 298 27 308 435 268 9 340 88 124 295 99 493 347 200 167 419 203 303 113 410 54 489 384 371 498 332 17 397 96 181 154 428 337 109 467 5 321 469 386 436 44 123 187 62 441 127 456 86 214 285 13 287 35 219 352 452 74 146 63 168 29 401 151 327 362 358 478 107 157 404 264 188 266 443 367 170 474 12 153 70 224 37 458 215 391 426 434 162 232 353 25 454 104 217 491 380 394 67 131 6 133 407 56 500 52 180 251 462 190 15 120 94 278 342 343 42 205 240 416 116 82 421 247 142 65 221 461 328 329 212 464 431 227 138 20 399 49 269 304 480 173 90 77 280 485 45 122 279 412 497 183 106 289 417 33 118 238 155 0 444 451 75 195 196 470 310 57 164 10 237 126 253 393 23 177 102 299 484 387 311 206 73 242 125 350 22 276 128 495 284 202 189 316 450 31 234 110 363 455 7 92 333 368 144 230 84 336 471 149 53 179 300 161 246 169 64 346 481 41 301 218 254 1 465 115 83 259 134 288 374 58 185 18 148 176 408 375 270 81 306 413 261 30 297 192 159 341 322 197 345 438 59 249 26 252 379 422 114 39 291 68 119 14 281 100 354 432 208 91 392 359 135 213 11 236 182 309 43 226 72 403 145 364 239 85 318 2 129 172
374 438 502 166 187 251 310 417 82 218 384 487 291 262 481 326 90 239 443 151 348 145 405 390 92 302 464 215 209 279 456 411 100 365 128 268 192 300 120 475 108 428 332 491 256 359 177 139 66 353 74 155 320 423 234 198 321 380 444 465 129 193 257 278 433 340 208 311 469 45 299 53 492 397 272 375 133 363 196 11 156 454 331 439 422 503 259 19 220 118 352 486 416 167 322 27 241 169 150 226 480 188 385 29 305 214 369 283 144 247 406 37 213 237 474 435 335 86 368 482 327 41 360 252 221 394 386 264 403 497 58 314 32 318 447 484 174 46 343 75 179 23 341 105 419 494 267 104 452 420 201 276 14 290 248 377 52 280 81 457 203 431 301 95 381 5 190 228 277 432 288 138 498 356 94 146 451 391 43 424 315 242 495 364 103 445 6 253 285 407 328 40 460 161 59 373 382 468 83 148 225 54 399 236 31 330 398 63 478 158 106 116 347 483 265 297 21 312 436 266 10 336 89 121 298 102 496 345 202 162 415 205 306 115 412 51 488 378 376 500 329 18 392 97 178 159 427 342 111 466 0 316 470 387 437 48 124 182 60 446 132 455 85 211 282 12 293 39 222 351 449 70 142 64 173 28 404 147 324 361 362 479 110 160 402 261 183 269 441 370 172 471 9 152 72 230 35 461 210 388 425 440 164 235 350 26 448 99 223 490 379 393 69 130 1 134 408 61 501 50 181 245 467 191 20 119 93 274 339 344 47 206 243 414 113 77 426 246 143 68 219 459 325 333 216 462 429 229 135 17 401 55 270 307 477 170 84 80 281 489 42 125 273 409 499 185 107 292 413 34 112 244 154 2 442 450 71 194 197 472 308 62 165 8 232 131 255 396 22 175 101 295 485 389 309 207 76 240 123 354 25 275 126 493 286 199 195 319 453 30 231 109 358 458 13 91 334 366 141 227 88 338 473 153 49 176 294 163 249 168 65 349 476 36 303 217 258 3 463 114 79 260 136 289 371 56 186 16 149 180 410 372 271 78 304 418 263 33 296 189 157 337 323 200 346 434 57 250 24 254 383 421 117 38 287 67 122 15 284 98 355 430 204 96 395 357 137 212 7 233 184 313 44 224 73 400 140 367 238 87 317 4 127 171
375 439 503 167 188 247 311 419 81 221 381 484 290 264 478 328 89 242 445 148 347 142 404 387 97 306 466 211 206 274 461 408 99 370 130 270 194 295 125 472 107 429 334 493 258 358 176 136 65 355 73 157 317 421 233 200 320 384 443 464 128 192 256 276 431 341 203 314 474 46 297 54 495 398 266 373 138 361 202 12 159 449 329 437 425 501 261 20 223 113 350 489 413 165 325 22 244 170 153 227 476 186 389 30 303 212 367 284 140 250 410 38 215 234 475 438 332 90 365 480 322 37 363 257 220 397 391 265 399 498 59 312 31 316 446 488 173 48 345 70 181 26 339 110 414 490 269 101 450 426 197 273 17 292 249 371 49 286 79 458 207 430 304 96 383 4 189 224 279 428 291 139 502 353 92 144 454 385 45 422 321 241 494 368 104 447 5 252 280 412 324 39 455 162 60 376 379 467 77 152 230 50 402 232 34 333 396 68 477 154 109 114 349 485 260 294 25 313 434 271 7 337 87 122 300 100 491 348 198 166 417 208 305 118 406 53 486 380 377 497 335 14 394 95 179 158 432 336 106 468 6 315 471 388 440 47 119 183 61 442 131 459 84 216 281 8 289 36 217 354 453 76 141 67 171 33 400 149 323 357 359 481 108 155 405 262 187 272 444 369 169 469 11 150 75 228 41 457 213 386 420 436 161 236 356 21 451 103 222 496 378 392 64 132 0 135 409 62 499 55 175 246 463 195 16 123 91 275 338 346 44 204 238 418 117 78 423 251 145 66 218 456 326 331 214 465 433 226 133 19 403 52 267 301 482 174 86 83 285 483 43 121 277 407 500 182 111 293 415 28 115 243 160 1 441 448 72 191 199 473 309 56 163 13 231 127 254 395 24 180 98 296 487 390 310 209 74 239 120 352 27 278 129 492 283 196 190 318 452 32 237 105 360 460 10 94 330 364 146 225 85 342 470 147 51 178 298 164 245 172 69 344 479 35 307 219 255 2 462 112 80 263 137 287 372 57 184 15 151 177 411 374 268 82 302 416 259 29 299 193 156 340 327 201 343 435 58 248 23 253 382 424 116 40 288 63 124 18 282 102 351 427 205 93 393 362 134 210 9 235 185 308 42 229 71 401 143 366 240 88 319 3 126 168
376 440 499 163 184 248 312 418 80 223 382 486 293 260 482 323 88 244 446 150 344 146 401 386 96 303 467 214 205 278 458 407 104 367 131 269 195 299 122 470 106 431 333 495 254 363 179 134 64 354 72 159 318 422 236 197 319 383 447 468 132 191 255 277 427 338 209 313 472 47 298 55 490 395 268 377 136 362 200 13 154 452 332 436 426 500 264 15 217 116 353 485 417 164 328 23 238 173 149 230 481 185 387 31 301 213 364 281 145 249 408 39 216 235 473 437 330 87 369 479 326 40 357 258 222 396 389 263 405 503 61 308 28 321 441 489 168 44 347 74 180 25 342 107 416 491 266 102 451 421 196 279 20 289 246 374 53 284 83 455 206 432 306 91 379 2 192 226 275 433 292 137 501 351 95 143 453 390 48 420 317 243 496 370 98 442 3 256 283 410 327 35 456 167 62 371 380 462 82 153 224 52 404 237 33 329 393 65 480 155 110 115 346 484 259 300 22 309 438 270 11 341 85 119 296 103 492 349 201 165 414 207 307 117 411 50 483 381 372 502 334 19 398 93 175 160 429 340 105 463 4 320 474 391 434 42 120 188 56 444 126 461 90 212 280 10 288 41 218 350 450 73 144 68 172 30 403 148 322 359 360 477 111 156 400 265 186 271 445 366 174 475 8 147 76 229 38 460 211 385 423 435 166 231 355 27 449 101 219 493 384 397 63 127 5 138 412 57 497 49 177 247 465 189 18 125 92 276 336 345 43 208 239 413 114 81 424 250 141 69 220 457 324 335 210 466 430 225 139 16 402 51 272 302 476 171 89 78 286 487 46 124 274 406 498 187 109 287 419 29 113 240 157 6 443 454 70 190 202 471 311 58 161 7 234 129 252 392 26 176 100 297 488 388 314 204 71 241 121 356 24 273 130 494 282 198 193 315 448 34 233 108 361 459 9 97 331 365 140 228 86 337 469 151 54 181 295 162 251 170 67 343 478 37 304 221 253 0 464 118 77 261 135 291 375 59 182 14 152 178 409 373 267 79 305 415 262 32 294 194 158 339 325 199 348 439 60 245 21 257 378 425 112 36 290 66 123 17 285 99 352 428 203 94 394 358 133 215 12 232 183 310 45 227 75 399 142 368 242 84 316 1 128 169
377 436 500 164 185 249 313 416 83 222 379 489 289 263 480 327 85 243 442 153 346 144 403 391 93 307 463 212 208 276 460 412 101 366 127 272 190 297 124 471 109 430 331 494 253 361 181 135 67 352 75 158 316 425 232 199 318 382 446 467 131 195 254 279 432 342 206 308 473 44 300 52 496 393 270 371 137 359 201 10 160 450 334 434 423 497 265 18 219 114 355 487 419 161 324 26 240 171 151 228 478 182 388 34 304 215 368 285 142 245 409 36 214 236 470 440 333 88 367 481 328 39 362 255 217 395 390 259 404 501 62 309 33 320 444 483 172 42 349 73 177 27 336 111 413 493 271 100 454 424 202 274 16 287 251 375 54 282 77 459 204 428 305 94 378 1 194 227 278 431 293 134 499 354 96 145 452 387 47 426 319 238 491 369 102 441 2 258 284 411 322 41 461 165 56 372 384 465 81 147 229 49 400 234 29 335 392 69 476 157 108 118 343 488 261 295 24 310 439 267 12 339 84 123 299 104 495 344 197 163 418 209 301 116 408 55 485 383 374 503 330 20 396 91 180 155 433 341 110 462 3 317 475 385 435 43 125 186 57 443 129 457 89 210 286 7 291 37 221 356 448 71 140 66 169 32 399 152 325 358 363 482 106 159 401 260 184 268 447 364 173 472 13 149 74 226 40 455 216 389 421 438 167 237 351 22 453 98 218 492 381 398 68 126 4 139 406 58 498 51 176 250 464 193 14 121 97 273 337 348 45 203 242 415 112 79 422 248 146 64 223 458 323 332 213 468 427 230 136 15 405 53 266 306 479 168 87 82 283 484 48 119 275 410 502 188 105 288 414 30 117 239 156 5 445 449 76 189 198 469 314 59 162 9 233 128 257 394 21 178 99 294 486 386 312 205 72 244 122 353 23 277 132 490 281 200 192 321 451 28 235 107 357 456 11 95 329 370 143 224 90 340 474 148 50 175 296 166 247 174 63 345 477 38 302 220 252 6 466 113 78 262 133 290 373 60 183 17 150 179 407 376 269 80 303 417 264 31 298 191 154 338 326 196 347 437 61 246 25 256 380 420 115 35 292 65 120 19 280 103 350 429 207 92 397 360 138 211 8 231 187 311 46 225 70 402 141 365 241 86 315 0 130 170
378 441 462 126 189 252 315 434 84 210 364 469 329 231 497 287 91 273 427 133 350 161 413 343 98 294 490 196 182 259 476 399 105 357 154 245 217 322 140 455 63 420 308 483 238 385 203 119 70 371 77 147 301 406 266 175 309 372 435 498 162 183 246 253 392 358 218 323 477 35 316 42 448 421 239 386 141 379 204 49 112 484 302 407 442 470 267 7 168 148 365 463 428 134 330 14 224 211 127 274 491 197 351 21 280 190 336 295 155 260 414 28 219 261 485 415 288 78 380 471 310 43 337 275 205 429 366 254 443 492 99 281 0 331 393 499 176 15 373 92 212 36 387 71 422 456 225 85 478 400 169 268 50 303 232 359 29 317 106 449 191 436 324 56 344 22 198 247 240 444 325 149 479 345 86 135 493 374 51 394 296 269 500 388 57 401 30 262 311 430 318 1 464 156 107 338 352 450 100 163 233 23 437 276 44 282 408 79 486 120 93 142 367 457 226 332 8 289 423 255 37 381 64 113 304 94 465 389 213 143 402 199 333 157 438 9 451 360 346 487 319 45 445 72 170 164 409 375 58 458 38 326 494 382 395 2 128 220 65 416 114 501 108 184 290 31 297 52 177 339 472 87 150 101 206 16 431 121 283 353 368 459 102 129 410 277 207 263 424 354 221 502 17 115 109 270 24 495 178 340 417 403 151 227 383 53 466 80 185 473 390 439 59 122 46 158 446 73 452 3 192 241 480 171 39 165 66 248 347 361 10 214 234 396 136 95 432 271 123 110 193 474 298 327 172 488 418 242 166 25 425 18 278 291 453 200 103 67 334 481 32 159 235 397 460 215 88 284 447 11 130 249 137 54 411 503 60 179 222 467 305 81 116 4 256 144 228 404 47 186 74 312 496 362 335 180 68 257 138 391 33 229 152 482 306 187 208 285 461 55 250 82 376 489 26 111 299 348 117 264 75 355 454 145 40 223 292 124 279 194 96 341 468 19 313 201 236 12 475 167 61 243 131 320 369 89 173 5 160 202 426 356 237 76 321 412 251 41 286 216 146 370 307 195 384 433 97 230 6 272 342 440 125 13 314 90 153 34 328 69 363 405 174 83 419 349 118 209 48 244 181 300 27 258 104 398 132 377 265 62 293 20 139 188
379 442 463 127 190 253 316 436 85 212 366 471 331 232 500 289 93 276 430 135 352 164 416 346 101 297 494 199 185 263 480 403 109 361 158 249 222 327 144 460 67 425 313 489 243 391 208 124 75 377 83 153 307 412 272 181 308 371 434 497 161 182 245 254 393 359 219 324 478 36 318 44 450 423 240 388 142 382 206 52 114 487 304 409 446 473 270 10 171 151 368 467 432 137 334 18 228 215 131 279 496 201 355 26 285 195 342 300 160 265 419 34 217 259 483 413 287 77 378 470 309 42 336 274 204 428 367 255 444 493 100 282 1 333 395 501 177 16 375 94 214 39 390 73 424 459 227 88 481 404 172 271 54 305 236 362 33 320 111 454 194 440 328 62 349 27 202 251 238 441 322 147 476 343 84 134 491 372 49 392 295 267 499 387 56 400 29 261 310 431 319 2 465 157 108 339 354 452 102 165 234 24 439 278 47 284 411 81 488 123 96 145 369 461 229 335 12 293 426 258 41 384 69 118 301 91 462 385 210 140 399 197 330 155 435 7 448 358 344 485 317 43 443 71 169 163 408 374 57 457 37 325 495 383 396 3 129 221 66 418 116 503 110 186 291 32 299 55 180 341 475 89 152 104 209 20 433 125 286 356 364 455 98 126 406 273 203 260 421 351 218 498 14 112 106 268 22 492 176 337 415 401 149 226 381 51 464 79 184 472 389 438 58 121 45 159 447 74 453 4 193 242 482 173 40 167 68 250 348 363 13 216 237 398 139 97 427 266 119 105 189 469 294 323 168 484 414 239 162 21 422 15 275 288 449 198 99 64 332 479 30 156 233 394 458 213 87 283 445 9 128 248 136 53 410 502 59 178 223 468 306 82 117 5 257 146 230 405 48 188 76 314 490 357 329 175 63 252 133 386 28 224 148 477 302 183 205 281 456 50 247 78 373 486 23 107 296 345 113 262 72 353 451 143 38 220 290 122 277 192 95 340 466 17 312 200 235 11 474 166 60 244 132 321 370 90 174 6 154 196 420 350 231 70 315 407 246 35 280 211 141 365 303 191 380 429 92 225 0 269 338 437 120 8 311 86 150 31 326 65 360 402 170 80 417 347 115 207 46 241 179 298 25 256 103 397 130 376 264 61 292 19 138 187
380 444 465 129 193 257 321 435 86 213 368 474 335 237 498 288 94 277 432 138 356 162 415 345 102 298 496 202 183 261 479 402 110 362 160 246 219 325 143 459 68 426 309 485 240 389 207 123 76 372 78 149 304 410 271 180 310 374 438 502 166 187 251 252 394 360 221 327 482 41 315 43 451 424 242 391 146 378 205 51 115 488 306 412 441 471 269 9 172 152 370 462 429 135 333 17 229 216 126 275 493 199 354 25 286 189 337 296 157 263 418 33 218 262 487 417 291 82 384 469 311 45 340 278 208 433 364 253 445 495 103 285 6 329 392 500 178 18 376 97 210 35 388 72 425 461 230 84 477 401 170 270 55 307 231 358 30 319 109 453 195 434 323 57 346 24 200 250 239 443 326 151 481 348 90 133 492 375 53 397 299 272 497 386 58 403 32 264 314 427 316 0 466 159 111 342 350 448 99 164 235 26 440 273 42 281 409 80 489 125 91 141 366 458 227 334 13 287 421 254 38 383 67 117 302 92 464 390 215 145 405 196 331 156 439 11 454 363 343 484 318 46 447 75 174 161 407 373 59 460 40 328 490 379 393 1 130 223 69 413 112 499 107 185 292 34 294 49 176 338 473 88 153 98 204 15 430 122 284 355 365 456 100 128 411 279 209 259 422 352 220 503 19 118 105 267 23 494 179 341 419 399 148 225 382 54 468 83 182 470 387 437 60 124 48 154 442 71 450 2 194 244 476 168 36 163 65 249 349 357 7 212 233 395 137 96 428 268 120 108 192 475 300 322 169 486 416 241 167 27 420 14 276 290 452 201 104 63 330 478 31 158 236 398 455 211 85 282 446 12 132 245 134 50 408 501 61 181 217 463 303 79 114 3 258 140 224 400 44 184 73 313 491 359 332 177 66 256 139 385 29 226 150 480 305 188 203 280 457 52 248 81 377 483 21 106 297 347 116 265 70 351 449 142 39 222 293 119 274 191 93 339 467 20 308 197 232 8 472 165 62 238 127 317 367 87 171 4 155 198 423 353 234 74 320 406 247 37 283 214 144 369 301 190 381 431 95 228 5 266 336 436 121 10 312 89 147 28 324 64 361 404 173 77 414 344 113 206 47 243 175 295 22 255 101 396 131 371 260 56 289 16 136 186
381 445 466 130 194 258 317 439 89 211 370 472 334 233 503 290 97 274 429 136 355 167 419 347 99 295 493 200 188 264 478 404 107 358 157 247 221 328 142 461 65 421 311 484 242 387 206 125 73 375 81 148 306 408 270 176 314 373 437 501 165 186 250 256 398 361 223 325 476 38 320 46 449 425 244 389 140 384 203 54 113 489 303 410 443 474 266 12 170 153 367 464 431 138 329 20 227 212 128 276 495 202 350 22 284 192 341 297 159 261 413 30 220 265 488 414 292 79 383 475 312 48 339 273 207 430 365 257 446 490 101 286 4 332 397 498 181 17 371 96 215 37 391 70 426 458 224 90 480 399 173 269 49 304 234 363 31 316 110 450 189 438 322 59 345 26 197 249 241 447 324 152 477 349 87 139 494 376 50 396 294 271 502 385 60 402 34 260 313 428 321 5 467 154 109 337 353 454 104 162 232 25 434 279 45 280 412 77 485 122 92 144 368 455 230 333 7 291 422 252 39 379 68 114 305 95 468 388 216 141 400 198 335 158 440 8 453 357 348 486 315 47 442 76 171 166 406 377 61 459 36 323 491 380 394 6 131 217 67 417 118 497 106 183 289 33 300 53 179 336 471 84 149 100 208 14 432 119 281 354 369 457 103 132 409 275 204 262 420 356 222 499 16 117 108 272 21 496 175 338 418 405 150 228 378 55 463 78 187 469 386 436 62 123 44 155 444 75 451 0 195 238 481 169 41 161 64 246 346 359 11 213 236 392 135 91 433 267 121 111 191 473 296 326 174 483 415 243 163 24 423 19 277 293 448 199 98 66 331 482 28 160 231 395 456 214 86 285 441 13 127 251 133 52 407 500 56 180 218 465 301 83 115 1 254 145 226 403 43 182 72 309 492 360 330 178 69 255 137 390 32 225 147 479 307 184 209 283 460 51 245 80 372 487 27 105 298 344 112 263 74 352 452 146 35 219 287 120 278 190 94 342 462 15 310 196 237 10 470 164 57 239 129 318 364 85 172 2 156 201 424 351 235 71 319 411 248 40 282 210 143 366 302 193 382 427 93 229 3 268 340 435 124 9 308 88 151 29 327 63 362 401 168 82 416 343 116 205 42 240 177 299 23 253 102 393 126 374 259 58 288 18 134 185
382 446 467 131 195 254 318 440 88 214 367 470 333 236 499 293 96 278 431 134 354 163 418 344 104 299 495 197 184 260 482 401 106 363 159 248 223 323 146 458 64 422 312 486 244 386 205 122 72 376 80 150 303 407 269 179 313 377 436 500 164 185 249 255 395 362 217 328 481 39 319 47 452 426 238 387 145 383 209 55 116 485 301 408 447 472 268 13 173 149 364 468 427 136 332 15 230 213 132 277 490 200 353 23 281 191 338 298 154 264 417 31 222 263 489 416 289 83 379 473 308 44 342 279 206 432 369 258 441 491 102 284 2 330 396 503 180 20 374 91 216 40 389 74 421 455 226 87 479 405 168 266 53 306 235 357 28 321 107 451 192 437 326 61 347 25 196 246 243 442 327 153 480 346 85 137 496 371 52 393 300 270 501 390 62 404 33 259 309 433 317 3 462 155 110 341 351 453 98 167 237 22 438 275 48 283 410 82 484 119 95 143 370 456 224 329 11 292 420 256 35 380 65 115 307 93 463 391 212 144 403 201 334 160 434 10 450 359 349 483 320 42 444 73 172 165 411 372 56 461 41 322 492 381 398 4 126 218 68 414 117 502 105 188 288 30 296 50 175 340 474 90 148 103 207 19 429 120 280 350 366 460 101 127 412 276 208 265 423 355 219 497 18 114 111 271 27 493 177 336 413 400 147 229 384 49 465 81 186 475 385 435 57 125 43 156 445 76 449 5 189 239 477 174 38 166 63 247 345 360 8 211 231 397 138 92 430 272 124 109 190 471 297 324 171 487 419 240 161 26 424 16 274 287 454 202 100 69 335 476 29 157 234 392 457 210 89 286 443 7 129 250 139 51 406 498 58 176 220 466 302 78 113 6 252 141 225 402 46 187 70 311 494 361 331 181 67 253 135 388 34 228 151 478 304 182 204 282 459 54 251 77 375 488 24 108 295 343 118 261 71 356 448 140 37 221 291 121 273 193 97 337 464 14 314 198 233 9 469 162 59 241 130 315 365 86 170 0 158 199 425 352 232 75 316 409 245 36 285 215 142 368 305 194 378 428 94 227 1 267 339 439 123 12 310 84 152 32 325 66 358 399 169 79 415 348 112 203 45 242 178 294 21 257 99 394 128 373 262 60 290 17 133 183
383 447 468 132 191 255 319 437 87 216 369 473 330 235 501 292 95 275 433 137 351 165 414 349 103 296 492 201 186 265 477 400 111 360 156 250 220 324 141 457 69 424 314 488 241 388 204 121 71 373 79 152 305 409 267 178 312 376 440 499 163 184 248 258 396 357 222 326 479 40 317 48 453 420 243 390 143 381 207 50 117 483 307 411 445 475 271 8 174 147 366 466 430 139 335 16 225 210 130 273 494 198 356 24 282 194 339 294 158 262 415 32 223 260 486 418 293 80 382 472 313 47 338 277 209 427 370 256 442 496 98 283 3 334 398 502 175 19 372 93 211 38 385 76 423 460 229 89 476 402 171 272 51 302 233 361 34 315 108 448 193 439 325 60 348 21 199 245 244 446 323 150 482 344 88 136 490 377 55 395 298 268 503 389 61 405 28 263 308 429 320 4 463 160 105 340 355 449 101 166 231 27 435 274 46 286 406 78 487 124 97 140 365 459 228 331 9 290 425 257 36 378 66 112 303 96 467 386 214 146 401 200 332 154 436 13 452 362 347 489 321 44 441 74 168 167 410 371 62 456 35 327 493 384 397 5 127 219 63 419 113 498 109 187 287 29 295 54 181 337 469 86 151 99 203 17 428 123 285 352 367 458 104 131 407 278 205 264 426 353 217 500 15 116 107 266 25 491 180 342 416 404 153 224 380 52 462 82 188 474 391 434 56 120 42 157 443 70 454 6 190 240 478 170 37 162 67 251 343 358 12 215 232 394 133 94 431 269 122 106 195 470 299 328 173 485 417 238 164 23 421 20 279 289 451 196 102 65 329 480 33 155 237 393 461 212 90 280 444 10 126 247 138 49 412 497 57 177 221 464 304 77 118 0 253 142 227 399 45 183 75 310 495 363 333 179 64 254 134 387 31 230 149 481 301 185 206 284 455 53 246 83 374 484 22 110 300 346 115 259 73 350 450 144 41 218 288 125 276 189 92 336 465 18 311 202 234 7 471 161 58 242 128 316 368 84 169 1 159 197 422 354 236 72 318 408 249 39 281 213 145 364 306 192 379 432 91 226 2 270 341 438 119 11 309 85 148 30 322 68 359 403 172 81 413 345 114 208 43 239 176 297 26 252 100 392 129 375 261 59 291 14 135 182
384 443 464 128 192 256 320 438 90 215 365 475 332 234 502 291 92 279 428 139 353 166 417 348 100 300 491 198 187 262 481 405 108 359 155 251 218 326 145 456 66 423 310 487 239 390 209 120 74 374 82 151 302 411 268 177 311 375 439 503 167 188 247 257 397 363 220 322 480 37 321 45 454 422 241 385 144 380 208 53 118 486 305 406 444 469 272 11 169 150 369 465 433 133 331 19 226 214 129 278 492 196 352 27 283 193 340 299 156 259 416 29 221 264 484 419 290 81 381 474 314 46 341 276 203 431 368 252 447 494 104 280 5 335 394 497 179 14 377 95 213 41 386 75 420 457 228 86 482 403 174 267 52 301 237 360 32 318 105 452 190 435 327 58 343 23 201 248 242 445 328 148 478 347 89 138 495 373 54 398 297 266 498 391 59 399 31 265 312 432 315 6 468 158 106 336 356 451 103 161 236 21 436 277 43 285 407 83 483 121 94 146 364 460 225 330 10 288 424 253 40 382 63 116 306 97 466 387 211 142 404 202 329 159 437 12 449 361 345 488 316 48 446 70 173 162 412 376 60 455 39 324 496 378 392 0 132 222 64 415 115 500 111 182 293 28 298 51 178 342 470 85 147 102 205 18 427 124 282 351 370 461 99 130 408 274 206 261 425 350 223 501 20 113 110 269 26 490 181 339 414 402 152 230 379 50 467 77 183 471 388 440 61 119 47 160 441 72 448 1 191 243 479 172 35 164 69 245 344 362 9 210 235 393 134 93 429 270 125 107 194 472 295 325 170 489 413 244 165 22 426 17 273 292 450 197 101 68 333 477 34 154 232 396 459 216 84 281 442 8 131 246 135 55 409 499 62 175 219 462 307 80 112 2 255 143 229 401 42 185 71 308 493 358 334 176 65 258 136 389 30 227 153 476 303 186 207 286 458 49 249 79 371 485 25 109 294 349 114 260 76 354 453 141 36 217 289 123 275 195 91 338 463 16 309 199 231 13 473 163 56 240 126 319 366 88 168 3 157 200 421 355 233 73 317 410 250 38 284 212 140 367 304 189 383 430 96 224 4 271 337 434 122 7 313 87 149 33 323 67 357 400 171 78 418 346 117 204 44 238 180 296 24 254 98 395 127 372 263 57 287 15 137 184
385 406 469 133 196 259 322 420 105 203 343 497 301 252 483 315 63 266 399 161 364 147 427 378 70 329 455 182 210 245 490 441 77 350 119 273 175 308 154 462 84 413 294 476 231 371 217 126 91 357 98 140 287 434 238 189 302 365 428 491 155 218 239 267 435 386 190 280 484 14 330 21 498 407 253 336 148 351 211 28 162 470 316 392 414 448 274 35 183 134 379 477 442 112 295 42 246 197 141 260 463 168 358 49 309 204 372 323 127 224 421 7 198 268 456 443 310 92 359 492 331 29 380 247 169 422 373 225 436 478 106 288 43 324 415 449 205 0 387 85 191 50 344 99 393 471 261 71 499 429 219 232 22 281 275 366 36 303 56 485 176 400 317 78 337 15 212 254 262 423 332 120 464 374 100 156 486 352 37 444 311 226 457 381 86 394 23 276 318 437 282 51 500 142 64 345 388 479 93 113 269 1 408 255 8 325 401 107 450 135 79 163 338 493 240 289 30 296 430 233 44 367 57 149 326 108 487 353 177 128 438 220 283 150 416 45 465 375 360 494 290 52 431 58 213 121 445 382 94 451 31 297 501 339 402 9 164 206 72 409 143 472 101 170 333 2 319 16 199 389 458 65 114 87 184 38 395 157 304 346 390 502 66 151 417 234 192 241 439 340 214 480 53 129 95 248 46 452 221 368 403 424 158 277 347 10 495 59 178 466 361 446 102 115 39 165 396 80 459 17 185 270 473 207 3 136 109 227 354 383 24 171 263 410 122 73 411 256 166 74 215 481 291 305 193 503 397 278 144 11 447 32 228 327 474 179 81 103 312 460 54 116 242 432 488 222 60 298 404 18 159 235 130 47 425 467 110 172 186 453 334 88 123 25 249 137 271 418 4 200 67 284 475 348 320 187 82 279 145 369 19 257 167 454 299 208 201 335 482 5 264 75 341 468 40 89 285 391 138 236 111 376 496 124 12 173 306 152 243 223 61 362 461 26 292 194 229 55 489 131 68 250 117 313 355 96 180 33 139 209 405 384 251 90 300 433 272 27 321 188 118 363 314 174 377 419 104 237 41 265 356 398 146 6 328 83 132 48 293 97 342 412 202 69 440 370 160 181 20 230 216 307 34 244 62 426 125 349 258 76 286 13 153 195
386 407 470 134 197 260 323 422 106 205 344 499 303 254 486 318 64 269 401 163 367 150 431 382 72 333 458 184 214 248 495 446 80 354 122 278 179 312 159 467 88 418 299 482 236 376 223 131 96 363 104 146 293 440 244 195 301 364 427 490 154 217 238 268 436 387 191 281 485 15 332 23 500 408 255 338 149 353 213 31 164 472 319 395 417 452 277 39 185 136 383 481 447 116 298 47 249 200 145 264 468 173 362 55 313 209 377 328 132 230 426 13 196 266 455 441 308 91 357 491 330 28 379 246 168 421 374 226 437 479 107 289 44 326 416 451 206 2 389 87 192 53 347 102 396 473 263 74 503 432 222 235 25 284 279 369 40 306 61 489 180 405 321 83 342 20 216 258 259 420 329 119 462 371 98 155 484 351 35 442 309 224 456 380 85 393 22 275 317 438 283 52 501 143 65 346 390 480 95 115 270 3 410 256 11 327 404 110 453 137 82 167 341 496 243 292 33 300 433 237 48 370 62 153 322 105 483 350 175 126 434 218 280 148 414 42 463 372 359 492 288 50 429 56 212 120 444 381 93 450 30 296 502 340 403 10 165 207 73 411 144 474 103 172 334 4 320 19 201 391 461 68 117 90 188 41 398 160 307 349 385 497 63 147 413 231 189 239 435 336 211 477 49 127 92 247 43 449 219 366 400 423 156 276 345 8 493 57 177 465 360 445 101 114 38 166 397 81 460 18 186 271 475 208 5 138 111 229 355 384 27 174 265 412 125 76 406 252 161 70 210 476 287 302 190 498 392 274 141 7 443 29 225 324 471 176 78 100 311 457 51 113 240 430 487 220 58 297 402 16 157 234 129 46 424 466 109 171 187 454 335 89 124 26 250 139 272 419 6 202 69 286 469 343 315 182 77 273 140 365 14 253 162 448 295 204 198 331 478 0 261 71 337 464 37 86 282 388 135 233 108 375 494 121 9 170 304 151 241 221 59 361 459 24 291 193 228 54 488 130 67 251 118 314 356 97 181 34 133 203 399 378 245 84 294 428 267 21 316 183 112 358 310 169 373 415 99 232 36 262 352 394 142 1 325 79 128 45 290 94 339 409 199 66 439 368 158 178 17 227 215 305 32 242 60 425 123 348 257 75 285 12 152 194
387 408 472 136 200 264 328 421 107 206 347 503 306 258 484 317 65 270 404 167 370 148 429 381 73 334 461 188 211 247 493 445 81 355 125 274 176 311 157 466 89 419 295 478 233 375 221 130 97 358 99 142 290 439 242 194 303 367 431 495 159 223 244 266 437 389 192 284 489 20 329 22 501 410 256 341 153 350 212 30 165 474 320 398 413 449 276 38 186 138 384 476 443 113 297 46 250 202 140 261 464 170 361 54 314 203 373 325 128 227 425 12 197 269 458 446 312 96 363 490 332 31 383 249 173 426 371 224 438 480 110 292 48 322 414 450 207 4 391 90 189 49 345 101 397 475 265 70 498 430 220 234 26 286 273 365 37 304 59 488 181 399 316 79 339 17 215 257 260 422 333 122 467 376 104 154 485 353 39 447 313 230 455 379 87 396 25 279 321 434 280 50 502 144 68 349 385 477 92 114 271 5 412 252 7 324 402 109 454 139 77 162 337 494 241 291 34 294 428 232 45 368 60 152 323 106 486 354 179 131 440 217 281 149 417 47 468 377 357 491 289 53 432 61 216 119 442 380 95 453 33 300 497 336 400 8 166 208 76 406 141 471 100 171 335 6 315 14 198 388 459 67 118 84 183 36 394 158 305 348 386 499 64 150 418 236 195 238 436 338 213 481 55 132 91 246 44 451 222 369 405 420 155 275 346 11 496 62 175 463 359 444 103 117 41 161 392 78 457 16 187 272 469 204 0 135 108 228 356 378 21 169 262 409 123 75 407 254 163 72 214 482 293 301 191 500 395 277 145 13 441 28 226 326 473 180 83 98 309 456 52 115 243 433 483 218 56 296 403 19 160 231 127 43 423 465 111 174 182 448 331 86 121 24 251 133 267 415 1 199 66 285 470 344 318 184 80 278 146 364 15 255 164 452 298 209 196 330 479 2 263 74 342 462 35 85 283 390 137 237 105 372 492 120 10 172 307 147 239 219 57 360 460 27 287 190 225 51 487 129 69 245 112 310 352 94 178 32 134 205 401 382 248 88 299 427 268 23 319 185 116 362 308 168 374 416 102 235 40 259 351 393 143 3 327 82 126 42 288 93 340 411 201 63 435 366 156 177 18 229 210 302 29 240 58 424 124 343 253 71 282 9 151 193
388 409 473 137 201 265 324 424 111 204 349 501 305 255 488 319 69 267 400 165 369 152 433 383 71 330 457 186 216 250 492 447 79 351 121 275 178 314 156 468 87 414 296 477 235 373 220 132 95 360 103 141 292 437 241 191 307 366 430 494 158 222 243 271 440 390 194 282 483 16 335 24 499 411 258 339 147 356 210 32 163 475 317 396 415 453 273 40 184 139 381 479 445 117 294 48 248 198 143 262 466 174 357 50 312 207 376 326 130 225 420 8 199 272 460 442 313 93 361 496 334 34 382 245 171 423 372 229 439 476 108 293 47 325 418 448 209 3 385 89 193 51 348 98 398 472 260 76 502 427 223 233 21 283 277 370 38 302 60 486 175 402 315 80 338 19 211 256 263 425 331 124 463 377 101 160 487 355 36 446 308 228 459 378 88 395 27 274 320 435 286 55 503 140 66 344 389 482 97 112 268 4 406 257 9 323 405 105 449 136 78 166 340 490 244 290 28 298 429 231 46 365 61 150 327 109 489 352 181 127 436 219 285 151 419 44 467 371 362 493 287 54 428 62 214 123 441 384 96 452 29 295 498 337 401 13 167 203 74 410 146 469 99 168 332 5 321 17 200 386 456 63 113 86 187 35 397 154 303 347 391 500 67 153 416 232 190 240 434 342 215 478 52 131 94 251 42 454 217 367 404 426 157 278 343 12 491 56 180 462 358 443 104 116 37 162 394 82 458 15 188 266 474 205 6 133 107 224 353 380 25 170 264 407 120 70 412 253 164 75 212 480 289 304 195 497 393 279 142 10 444 33 227 328 470 177 77 102 310 461 49 118 238 431 485 221 57 299 399 20 155 237 126 45 421 464 106 173 183 451 329 90 122 23 247 138 269 417 0 196 65 280 471 346 316 185 83 276 144 368 18 254 161 450 300 206 202 333 481 1 259 73 336 465 41 84 284 387 134 234 110 374 495 125 7 169 301 149 242 218 58 363 455 22 288 189 230 53 484 128 64 246 115 311 350 92 179 31 135 208 403 379 249 85 297 432 270 26 318 182 114 359 309 172 375 413 100 236 39 261 354 392 145 2 322 81 129 43 291 91 341 408 197 68 438 364 159 176 14 226 213 306 30 239 59 422 119 345 252 72 281 11 148 192
389 410 474 138 202 261 325 426 110 207 345 498 304 257 485 321 68 271 402 162 368 149 432 380 76 335 459 183 213 246 496 444 78 356 123 277 180 309 160 465 86 415 298 479 237 372 219 129 94 362 102 143 288 435 240 193 306 370 429 493 157 221 242 269 438 391 189 286 488 17 333 25 502 412 252 337 152 354 216 33 166 471 315 394 418 451 275 41 187 135 378 482 441 115 296 43 251 199 146 263 462 172 360 51 310 205 374 327 126 229 424 9 200 270 461 445 311 97 358 495 329 30 384 250 170 425 376 230 434 477 109 291 45 323 417 453 208 6 388 84 195 55 346 103 392 469 262 72 500 433 218 231 24 285 278 364 35 307 57 487 178 401 319 82 340 18 210 253 264 421 334 125 466 375 99 159 489 350 38 443 314 227 458 383 90 397 26 273 316 440 281 53 497 141 67 348 386 481 91 117 272 0 409 254 13 326 403 111 448 133 80 164 342 492 239 287 32 299 427 235 42 366 58 151 328 107 484 355 176 130 439 223 284 153 413 46 464 373 363 490 292 49 430 59 215 122 447 379 92 454 34 294 499 338 405 11 161 204 75 407 145 473 98 174 331 1 318 15 196 390 460 69 112 88 185 40 393 156 302 343 387 503 65 148 419 233 194 244 437 341 212 476 54 128 96 249 48 450 220 365 399 422 154 279 349 7 494 60 179 468 357 442 100 118 36 163 395 83 456 19 182 267 470 209 2 137 105 225 352 382 23 168 259 411 124 71 408 258 167 73 211 478 290 303 192 501 398 276 140 12 446 31 224 322 475 181 79 104 313 455 50 114 241 428 486 217 61 300 400 14 158 236 132 44 420 463 108 169 184 452 330 85 120 27 245 134 268 416 3 201 63 282 472 347 317 188 81 274 142 367 20 256 165 449 297 203 197 332 480 4 265 70 339 467 39 87 280 385 139 232 106 377 491 119 8 171 305 150 238 222 62 359 457 21 293 191 226 52 483 127 66 248 116 308 351 93 177 29 136 206 404 381 247 89 295 431 266 22 320 186 113 361 312 173 371 414 101 234 37 260 353 396 144 5 324 77 131 47 289 95 336 406 198 64 436 369 155 175 16 228 214 301 28 243 56 423 121 344 255 74 283 10 147 190
390 411 475 139 198 262 326 423 108 209 348 502 302 256 487 320 66 268 405 166 365 151 428 384 74 332 456 187 215 251 491 443 82 353 120 279 177 310 155 464 90 417 300 481 234 374 218 128 92 359 100 145 291 438 239 192 305 369 433 492 156 220 241 272 439 385 193 283 486 19 331 27 503 406 257 340 150 352 214 29 167 469 321 397 416 454 278 37 188 133 380 480 444 118 299 45 247 196 144 259 465 169 363 53 311 208 375 322 129 226 422 11 201 267 457 447 314 95 360 494 335 32 381 248 174 420 377 228 435 482 105 290 46 327 419 452 203 5 386 86 190 52 343 104 394 474 264 75 497 431 221 237 23 280 276 368 41 301 58 484 179 403 318 81 341 14 213 252 265 424 330 121 468 373 103 158 483 356 40 445 312 225 460 382 89 398 21 277 315 436 285 54 498 146 63 347 391 478 94 116 266 6 407 253 10 328 399 106 451 138 83 161 336 495 242 288 31 297 432 236 43 364 59 148 324 111 488 351 178 132 437 222 282 147 415 48 466 376 361 496 293 51 427 60 211 124 446 378 97 449 28 298 500 342 404 12 162 205 70 412 142 470 102 173 329 0 316 18 202 387 455 64 115 85 182 39 392 159 306 345 388 501 69 152 414 235 191 243 440 339 210 479 50 130 93 245 47 448 223 370 402 425 160 274 344 9 490 61 181 467 362 441 99 113 35 164 393 77 461 20 183 269 471 206 1 134 110 230 350 379 26 172 261 408 119 72 409 255 165 71 216 477 292 307 194 499 396 273 143 8 442 34 229 325 472 175 80 101 308 459 55 112 244 429 489 219 62 295 401 17 154 232 131 42 426 462 107 170 185 450 333 84 125 22 246 135 270 413 2 197 68 281 473 349 319 186 79 275 141 366 16 258 163 453 294 207 199 334 476 3 260 76 338 463 36 88 286 389 136 231 109 371 493 123 13 168 303 153 240 217 56 358 458 25 289 195 227 49 485 126 65 249 114 309 354 91 176 30 137 204 400 383 250 87 296 430 271 24 317 184 117 357 313 171 372 418 98 233 38 263 355 395 140 4 323 78 127 44 287 96 337 410 200 67 434 367 157 180 15 224 212 304 33 238 57 421 122 346 254 73 284 7 149 189
391 412 471 135 199 263 327 425 109 208 346 500 307 253 489 316 67 272 403 164 366 153 430 379 75 331 460 185 212 249 494 442 83 352 124 276 181 313 158 463 85 416 297 480 232 377 222 127 93 361 101 144 289 436 243 190 304 368 432 496 160 219 240 270 434 388 195 285 487 18 334 26 497 409 254 342 151 355 215 34 161 473 318 393 419 450 279 36 182 137 382 478 446 114 300 44 245 201 142 265 467 171 359 52 308 206 371 324 131 228 423 10 202 271 459 444 309 94 362 493 333 33 378 251 172 424 375 227 440 481 111 287 42 328 413 454 204 1 390 88 194 54 349 100 395 470 259 73 501 428 217 236 27 282 274 367 39 305 62 483 177 404 320 77 336 16 214 255 261 426 335 123 465 372 102 157 488 354 41 441 310 229 461 384 84 392 24 278 319 439 284 49 499 145 69 343 387 476 96 118 267 2 411 258 12 322 400 108 452 134 81 165 339 491 238 293 29 295 431 234 47 369 56 147 325 110 485 356 180 129 435 221 286 152 418 43 462 374 358 495 291 55 433 57 210 125 443 383 91 448 32 299 503 341 399 7 163 209 71 408 140 475 104 169 330 3 317 20 197 385 457 66 116 89 186 37 396 155 301 344 389 498 68 149 415 237 193 242 438 337 216 482 51 126 97 250 45 453 218 364 401 421 159 273 348 13 492 58 176 464 363 447 98 112 40 167 398 79 455 14 184 268 472 203 4 139 106 226 351 381 22 173 260 406 121 74 410 257 162 76 213 479 288 306 189 502 394 275 146 9 445 30 230 323 469 178 82 99 314 458 53 117 239 427 484 223 59 294 405 15 156 233 128 48 422 468 105 168 188 449 332 87 119 21 248 136 266 414 5 198 64 283 474 345 321 183 78 277 143 370 17 252 166 451 296 205 200 329 477 6 262 72 340 466 38 90 281 386 133 235 107 373 490 122 11 174 302 148 244 220 60 357 456 23 290 192 224 50 486 132 63 247 113 312 353 95 175 28 138 207 402 380 246 86 298 429 269 25 315 187 115 360 311 170 376 417 103 231 35 264 350 397 141 0 326 80 130 46 292 92 338 407 196 65 437 365 154 179 19 225 211 303 31 241 61 420 120 347 256 70 280 8 150 191
392 448 112 168 224 280 336 337 281 393 225 169 449 56 394 57 338 450 282 226 113 451 170 58 395 114 339 283 115 340 227 59 452 171 396 172 453 397 284 60 116 228 229 285 117 454 341 61 173 286 230 342 174 118 398 62 231 287 343 399 455 119 175 288 0 176 456 400 232 344 345 401 1 233 120 457 289 402 346 458 2 290 177 121 459 178 403 122 3 347 234 123 291 235 460 179 4 404 180 461 348 292 124 236 5 237 6 125 405 349 181 293 462 350 294 182 63 238 406 183 239 407 7 463 351 295 240 296 464 352 408 8 64 465 9 409 65 184 297 353 410 354 466 185 241 66 10 298 242 67 11 411 467 186 68 187 299 355 468 12 243 356 412 13 69 244 300 188 126 469 413 357 245 70 301 246 358 302 470 14 127 414 415 471 15 71 303 359 247 304 360 72 128 416 472 16 129 17 417 473 73 248 361 474 418 18 130 249 305 74 362 306 250 75 19 475 131 76 251 307 363 419 132 20 189 364 133 476 420 308 77 309 477 421 365 134 21 190 78 310 366 422 478 191 22 479 135 311 23 79 367 423 368 424 24 80 192 480 136 193 25 425 481 137 81 312 138 482 82 26 194 313 369 426 370 195 314 83 27 139 252 84 427 196 140 483 371 372 253 141 484 428 197 28 485 429 254 373 85 29 198 86 374 30 430 486 142 255 143 199 487 375 31 87 431 432 488 200 32 88 256 144 257 33 376 489 145 201 89 202 146 433 90 34 258 377 315 434 91 490 259 203 147 435 35 316 204 148 491 260 261 205 492 92 36 317 436 149 493 262 318 437 93 37 94 438 319 38 494 150 206 207 263 495 151 439 39 95 496 152 208 264 40 96 320 321 41 97 440 153 209 265 378 210 497 98 154 322 266 498 323 42 379 267 211 155 380 43 99 499 212 268 324 325 269 500 156 100 44 381 213 157 45 326 382 501 101 102 502 270 383 46 158 214 271 327 103 159 215 503 47 160 216 384 272 328 48 104 441 329 273 161 105 217 385 162 218 386 49 442 330 274 219 275 443 331 387 50 106 444 51 388 107 163 276 332 389 333 445 164 220 108 52 277 221 109 53 390 446 165 110 166 278 334 447 54 222 335 391 55 111 223 279 167
393 450 114 171 228 285 342 336 282 395 227 172 454 62 392 56 339 452 284 229 118 448 169 57 396 116 341 286 112 337 226 58 453 173 398 168 449 394 283 59 117 230 224 281 113 451 340 60 174 280 225 338 170 115 397 61 232 289 346 403 460 124 181 287 1 177 459 404 236 349 343 400 2 234 123 461 293 399 344 457 3 291 180 125 455 176 401 121 4 348 237 119 288 233 458 178 5 405 175 456 345 290 122 235 6 231 0 120 402 347 179 292 463 352 297 185 67 243 412 182 240 409 10 467 355 300 238 295 465 354 411 12 69 462 7 408 66 186 299 356 406 351 464 184 242 68 13 294 239 64 9 410 468 188 63 183 296 353 466 11 244 350 407 8 65 241 298 187 127 471 416 361 249 75 307 245 359 304 473 18 131 419 413 470 16 73 305 362 251 301 358 71 129 418 475 20 126 14 415 472 74 250 363 469 414 15 128 248 306 76 357 302 247 72 17 474 132 70 246 303 360 417 130 19 190 366 135 480 425 313 83 308 478 423 368 137 26 195 77 309 367 424 481 194 27 476 134 310 24 81 369 426 364 421 22 79 193 482 139 189 21 422 479 136 82 314 133 477 78 23 192 312 370 420 365 191 311 80 25 138 253 85 430 199 144 489 377 371 254 142 487 432 201 34 483 428 255 375 88 33 202 84 372 29 431 488 145 258 140 197 485 374 32 89 433 427 484 198 30 87 257 146 252 28 373 486 143 200 90 196 141 429 86 31 256 376 316 436 93 494 263 208 153 434 36 318 206 151 496 265 259 204 493 94 39 320 440 147 491 261 319 439 96 41 91 435 317 37 495 152 209 203 260 492 149 438 40 97 490 148 205 262 38 95 321 315 35 92 437 150 207 264 379 212 500 101 158 327 272 497 324 44 382 270 215 160 378 42 100 501 214 271 328 322 267 499 157 102 47 384 210 155 43 325 383 503 104 98 498 268 381 45 159 216 266 323 99 156 213 502 48 154 211 380 269 326 46 103 442 331 276 164 109 222 391 161 219 388 52 446 334 279 217 274 444 333 390 54 111 441 49 387 108 165 278 335 385 330 443 163 221 110 55 273 218 106 51 389 447 167 105 162 275 332 445 53 223 329 386 50 107 220 277 166
394 451 115 172 229 286 337 340 285 392 230 170 453 57 397 58 342 448 281 227 117 454 174 59 393 112 338 284 118 341 225 60 450 168 395 169 452 398 282 61 114 224 226 280 116 449 339 62 171 283 228 336 173 113 396 56 237 288 345 402 459 123 180 291 6 178 461 401 231 346 348 403 0 235 125 458 287 405 343 460 1 292 176 122 456 179 399 124 2 349 233 120 290 236 455 181 3 400 177 457 347 293 119 232 4 234 5 121 404 344 175 289 465 356 298 183 68 240 410 187 242 412 9 462 354 296 239 299 466 350 409 13 67 464 11 407 69 185 294 355 411 352 468 182 244 65 7 300 241 63 12 408 463 184 66 188 297 351 467 8 238 353 406 10 64 243 295 186 129 474 415 362 246 76 304 251 360 306 471 17 126 418 417 469 18 72 307 358 250 302 363 75 130 413 473 15 128 19 419 470 71 249 357 475 416 14 132 245 303 73 359 305 248 70 20 472 127 74 247 301 361 414 131 16 193 368 138 479 426 309 78 310 482 424 370 135 25 189 82 311 364 425 477 195 24 481 133 314 26 80 366 421 365 422 23 83 194 476 137 192 27 420 478 134 79 313 139 480 81 21 191 308 367 423 369 190 312 77 22 136 257 86 432 202 143 485 372 374 252 146 488 429 199 33 487 433 253 376 84 30 200 90 375 32 427 489 141 254 145 196 484 373 34 88 430 428 486 201 31 85 258 140 256 29 377 483 142 197 87 198 144 431 89 28 255 371 321 435 94 496 261 207 149 438 41 315 205 152 493 263 262 208 495 97 35 319 434 151 492 264 316 440 91 38 92 439 318 40 490 153 204 209 259 494 148 437 36 96 491 150 203 265 39 93 317 320 37 95 436 147 206 260 380 213 498 102 160 325 271 502 327 43 378 269 216 157 384 45 103 500 210 270 323 326 272 497 159 99 42 383 215 156 46 328 379 499 98 100 503 267 382 48 154 212 268 322 104 158 211 501 44 155 214 381 266 324 47 101 444 335 277 162 110 219 389 166 221 391 51 441 333 275 218 278 445 329 388 55 109 443 53 386 111 164 273 334 390 331 447 161 223 107 49 279 220 105 54 387 442 163 108 167 276 330 446 50 217 332 385 52 106 222 274 165
395 452 116 173 230 281 338 342 284 396 226 168 451 61 393 62 341 453 283 224 115 450 172 56 398 117 340 280 114 336 229 57 449 174 397 171 454 392 286 58 113 225 228 282 118 448 337 59 170 285 227 339 169 112 394 60 236 293 344 401 458 122 179 289 2 180 455 405 235 347 346 404 3 237 119 456 292 403 349 461 4 288 175 120 460 177 400 125 5 345 231 124 287 234 457 176 6 402 181 459 343 291 121 233 0 232 1 123 399 348 178 290 467 354 299 184 64 244 407 185 238 408 13 468 353 298 243 300 462 351 410 11 65 463 10 411 68 188 296 350 412 355 465 186 239 63 8 297 240 69 7 406 466 187 67 182 295 356 464 9 241 352 409 12 66 242 294 183 131 470 418 363 248 72 303 249 362 301 472 15 132 417 416 473 20 74 306 357 246 307 359 73 126 414 474 19 127 18 413 475 76 247 360 471 419 16 129 250 302 70 361 304 251 71 14 469 130 75 245 305 358 415 128 17 195 367 134 482 422 312 80 313 481 426 364 136 23 191 83 308 369 421 479 192 25 480 137 309 22 82 370 420 366 423 27 81 189 477 138 190 26 424 476 139 78 311 135 478 77 24 193 314 365 425 368 194 310 79 21 133 254 88 431 197 146 486 376 377 255 145 485 427 200 31 489 432 258 374 87 28 196 85 371 33 433 484 143 256 144 201 483 372 30 90 429 430 487 202 29 89 252 141 253 34 375 488 140 198 86 199 142 428 84 32 257 373 318 440 96 495 260 205 150 436 39 319 209 149 490 264 263 206 491 91 40 321 437 153 496 259 317 438 95 35 93 434 320 41 492 148 207 208 265 493 147 435 38 92 494 151 204 261 37 97 315 316 36 94 439 152 203 262 382 214 499 104 159 323 269 500 328 47 383 268 213 154 379 44 102 503 216 266 326 327 270 501 155 98 48 380 212 160 42 322 381 502 103 101 497 271 384 43 156 211 272 324 100 157 210 498 46 158 215 378 267 325 45 99 446 333 278 163 106 223 386 164 217 387 55 447 332 277 222 279 441 330 389 53 107 442 52 390 110 167 275 329 391 334 444 165 218 105 50 276 219 111 49 385 445 166 109 161 274 335 443 51 220 331 388 54 108 221 273 162
396 453 117 174 225 282 339 338 283 398 229 171 448 60 395 61 340 449 286 228 112 452 168 62 397 113 337 285 116 342 224 56 454 170 394 173 451 393 280 57 118 227 230 284 115 450 336 58 169 281 226 341 172 114 392 59 235 292 349 400 457 121 178 293 3 175 460 402 233 348 344 405 4 231 124 459 290 401 347 456 5 287 181 123 458 180 404 120 6 343 232 122 289 237 461 177 0 399 179 455 346 288 125 234 1 236 2 119 403 345 176 291 468 351 296 186 69 241 409 184 243 411 8 466 356 294 244 298 463 355 406 9 66 467 13 410 63 187 295 352 407 353 462 188 240 67 12 299 238 65 10 412 464 183 64 185 300 350 465 7 242 354 408 11 68 239 297 182 132 473 414 360 250 71 305 248 357 307 475 16 130 415 418 472 19 76 302 361 245 303 362 74 127 419 469 17 131 15 416 474 70 251 358 470 417 20 126 247 304 75 363 301 246 73 18 471 128 72 249 306 359 413 129 14 191 369 137 477 424 314 79 312 479 420 366 139 24 194 80 313 370 423 476 193 21 482 136 308 27 78 365 425 367 426 25 82 190 478 133 195 23 421 480 138 77 310 134 481 83 22 189 311 368 422 364 192 309 81 26 135 255 87 433 201 141 488 373 376 258 143 483 430 198 32 486 427 256 372 89 34 199 88 377 28 429 487 140 257 146 200 489 371 29 86 428 431 485 196 33 90 253 142 254 31 374 484 144 202 84 197 145 432 85 30 252 375 319 437 95 492 265 204 152 440 40 317 207 147 494 262 260 209 496 93 38 315 439 150 490 263 320 435 97 36 96 436 321 35 493 151 203 205 264 491 153 434 37 94 495 149 206 259 41 92 316 318 39 91 438 148 208 261 383 216 501 103 156 324 267 499 326 48 381 271 210 158 382 47 98 502 211 272 325 323 268 503 160 101 46 378 214 154 44 327 384 498 99 104 500 266 380 42 157 215 269 328 102 155 212 497 45 159 213 379 270 322 43 100 447 330 275 165 111 220 388 163 222 390 50 445 335 273 223 277 442 334 385 51 108 446 55 389 105 166 274 331 386 332 441 167 219 109 54 278 217 107 52 391 443 162 106 164 279 329 444 49 221 333 387 53 110 218 276 161
397 454 118 169 226 283 340 341 280 394 228 174 452 58 398 59 336 451 285 225 116 449 173 60 392 115 342 282 113 339 230 61 448 172 393 170 450 396 281 62 112 229 227 286 114 453 338 56 168 284 224 337 171 117 395 57 234 291 348 405 456 120 177 290 5 179 457 403 237 343 347 399 6 236 121 460 288 404 345 455 0 293 178 124 461 181 402 119 1 344 235 125 292 232 459 175 2 401 176 458 349 289 123 231 3 233 4 122 400 346 180 287 464 353 300 187 66 239 411 188 241 406 11 465 352 299 242 297 468 356 407 10 63 466 12 412 64 182 298 351 408 350 467 183 243 69 9 295 244 68 8 409 462 185 65 186 294 354 463 13 240 355 410 7 67 238 296 184 128 475 417 359 251 74 302 247 363 305 469 19 129 416 419 474 14 75 301 360 248 306 361 70 132 415 470 18 130 20 414 471 72 245 362 472 413 17 131 246 307 71 358 303 249 76 16 473 126 73 250 304 357 418 127 15 192 365 139 481 423 310 82 311 480 422 369 133 27 193 81 314 368 420 482 190 23 478 138 312 21 83 364 424 370 425 26 77 191 479 134 194 22 426 477 135 80 308 136 476 79 25 195 309 366 421 367 189 313 78 24 137 256 90 428 198 145 487 374 375 257 144 486 433 196 29 484 431 252 377 86 32 201 89 373 31 432 483 146 253 142 202 488 376 28 85 427 429 489 197 34 84 255 143 258 30 371 485 141 199 88 200 140 430 87 33 254 372 320 438 92 491 262 209 151 439 37 321 208 150 492 259 264 203 494 95 41 318 435 148 495 265 315 436 94 40 97 437 316 39 496 147 205 206 261 490 152 440 35 93 493 153 207 260 36 91 319 317 38 96 434 149 204 263 384 215 502 100 155 326 268 503 322 45 380 272 214 156 381 46 104 497 213 267 327 328 266 498 158 103 43 382 211 159 48 324 378 500 102 99 501 269 379 47 160 210 270 325 101 154 216 499 42 157 212 383 271 323 44 98 443 332 279 166 108 218 390 167 220 385 53 444 331 278 221 276 447 335 386 52 105 445 54 391 106 161 277 330 387 329 446 162 222 111 51 274 223 110 50 388 441 164 107 165 273 333 442 55 219 334 389 49 109 217 275 163
398 449 113 170 227 284 341 339 286 397 224 173 450 59 396 60 337 454 280 230 114 453 171 61 394 118 336 281 117 338 228 62 451 169 392 174 448 395 285 56 115 226 225 283 112 452 342 57 172 282 229 340 168 116 393 58 233 290 347 404 461 125 176 292 4 181 458 399 234 345 349 402 5 232 122 455 291 400 348 459 6 289 179 119 457 175 405 123 0 346 236 121 293 231 456 180 1 403 178 460 344 287 120 237 2 235 3 124 401 343 177 288 466 355 295 188 65 242 408 186 244 410 12 464 350 297 241 294 467 353 412 7 68 468 8 406 67 183 300 354 409 356 463 187 238 64 11 296 243 66 13 407 465 182 69 184 298 352 462 10 239 351 411 9 63 240 299 185 130 472 419 358 247 73 306 250 361 303 474 20 128 413 414 475 17 70 304 363 249 305 357 76 131 417 471 14 132 16 418 469 75 246 359 473 415 19 127 251 301 72 360 307 245 74 15 470 129 71 248 302 362 416 126 18 194 370 136 478 421 311 81 314 476 425 367 138 22 192 79 312 365 426 480 189 26 477 139 313 25 77 368 422 369 420 21 78 195 481 135 191 24 423 482 133 83 309 137 479 80 27 190 310 364 424 366 193 308 82 23 134 258 89 429 200 142 484 375 373 256 140 489 431 202 30 488 430 257 371 90 31 197 87 376 34 428 485 144 252 141 198 486 377 33 84 432 433 483 199 28 86 254 145 255 32 372 487 146 196 85 201 143 427 88 29 253 374 317 439 97 493 264 206 148 437 38 320 203 153 495 261 265 207 490 96 37 316 438 152 494 260 321 434 92 39 95 440 315 36 491 149 208 204 262 496 150 436 41 91 492 147 209 263 35 94 318 319 40 93 435 151 205 259 381 211 503 99 157 328 270 501 325 46 384 266 212 159 383 48 101 498 215 269 322 324 271 502 154 104 45 379 216 158 47 323 380 497 100 103 499 272 378 44 155 213 267 326 98 160 214 500 43 156 210 382 268 327 42 102 445 334 274 167 107 221 387 165 223 389 54 443 329 276 220 273 446 332 391 49 110 447 50 385 109 162 279 333 388 335 442 166 217 106 53 275 222 108 55 386 444 161 111 163 277 331 441 52 218 330 390 51 105 219 278 164
399 455 119 175 231 287 343 350 294 406 238 182 462 63 413 70 357 469 301 245 126 476 189 77 420 133 364 308 140 371 252 84 483 196 427 203 490 434 315 91 147 259 266 322 154 497 378 98 210 329 273 385 217 161 441 105 224 280 336 392 448 112 168 295 7 183 463 407 239 351 358 414 14 246 127 470 302 421 365 477 21 309 190 134 484 197 428 141 28 372 253 148 316 260 491 204 35 435 211 498 379 323 155 267 42 274 49 162 442 386 218 330 449 337 281 169 56 225 393 176 232 400 0 456 344 288 247 303 471 359 415 15 71 478 22 422 78 191 310 366 429 373 485 198 254 85 29 317 261 92 36 436 492 205 99 212 324 380 499 43 268 387 443 50 106 275 331 219 113 450 394 338 226 57 282 233 345 289 457 1 120 401 408 464 8 64 296 352 240 311 367 79 135 423 479 23 142 30 430 486 86 255 374 493 437 37 149 262 318 93 381 325 269 100 44 500 156 107 276 332 388 444 163 51 170 339 114 451 395 283 58 290 458 402 346 121 2 177 65 297 353 409 465 184 9 472 128 304 16 72 360 416 375 431 31 87 199 487 143 206 38 438 494 150 94 319 157 501 101 45 213 326 382 445 389 220 333 108 52 164 227 59 396 171 115 452 340 347 234 122 459 403 178 3 466 410 241 354 66 10 185 73 361 17 417 473 129 248 136 192 480 368 24 80 424 439 495 207 39 95 263 151 270 46 383 502 158 214 102 221 165 446 109 53 277 390 284 397 60 453 228 172 116 404 4 291 179 123 460 235 242 186 467 67 11 298 411 130 474 249 305 418 74 18 81 425 312 25 481 137 193 200 256 488 144 432 32 88 503 159 215 271 47 103 327 334 54 110 447 166 222 278 341 173 454 61 117 285 229 461 292 5 348 236 180 124 355 12 68 468 187 243 299 306 250 475 131 75 19 362 194 138 26 313 369 482 82 89 489 257 376 33 145 201 264 320 96 152 208 496 40 167 223 391 279 335 55 111 398 286 230 118 62 174 342 125 181 349 6 405 293 237 188 244 412 300 356 13 69 419 20 363 76 132 251 307 370 314 426 139 195 83 27 258 202 90 34 377 433 146 97 153 265 321 440 41 209 328 384 48 104 216 272 160
400 457 121 178 235 292 349 351 296 409 241 186 468 69 414 71 360 473 305 250 132 477 191 79 424 137 369 314 141 373 255 87 488 201 433 204 492 437 319 95 152 265 267 324 156 501 383 103 216 330 275 388 220 165 447 111 225 282 339 396 453 117 174 294 8 184 466 411 243 356 357 415 16 248 130 475 307 420 366 479 24 312 194 139 483 198 430 143 32 376 258 147 317 262 494 207 40 440 210 499 381 326 158 271 48 273 50 163 445 390 222 335 448 338 283 171 60 229 398 175 233 402 3 460 348 293 245 302 472 361 418 19 76 476 21 423 80 193 313 370 427 372 486 199 256 89 34 315 260 93 38 439 496 209 98 211 325 382 502 47 272 385 442 51 108 277 334 223 112 449 395 340 228 61 286 231 344 290 459 4 124 405 406 463 9 66 298 355 244 308 365 78 136 425 482 27 140 28 429 487 88 257 377 490 435 36 150 263 320 97 378 323 268 101 46 503 160 105 274 331 389 446 166 55 168 337 113 452 397 285 62 287 456 401 347 123 5 181 63 295 352 410 467 187 13 469 127 303 17 74 362 419 371 428 29 86 200 489 146 203 35 436 493 151 96 321 154 498 99 44 214 327 384 441 386 219 332 109 54 167 224 56 394 170 116 454 342 343 232 120 458 404 180 6 462 407 240 353 67 12 188 70 358 15 416 474 131 251 133 190 478 367 25 82 426 434 491 205 37 94 264 153 266 42 380 500 157 215 104 217 162 443 107 52 278 391 280 393 57 451 227 173 118 399 0 289 177 122 461 237 238 183 464 65 10 299 412 126 470 247 304 417 75 20 77 421 310 23 480 138 195 196 253 485 142 431 33 90 497 155 212 269 45 102 328 329 49 106 444 164 221 279 336 169 450 58 115 284 230 455 288 1 346 234 179 125 350 7 64 465 185 242 300 301 246 471 128 73 18 363 189 134 22 311 368 481 83 84 484 254 374 31 144 202 259 316 92 149 206 495 41 161 218 387 276 333 53 110 392 281 226 114 59 172 341 119 176 345 2 403 291 236 182 239 408 297 354 11 68 413 14 359 72 129 249 306 364 309 422 135 192 81 26 252 197 85 30 375 432 145 91 148 261 318 438 39 208 322 379 43 100 213 270 159
401 458 122 179 236 293 344 354 299 407 244 184 467 64 418 72 363 470 303 248 131 482 195 80 422 134 367 312 146 376 254 88 486 197 431 205 495 440 318 96 150 260 269 323 159 499 382 104 214 333 278 386 223 163 446 106 230 281 338 395 452 116 173 298 13 185 468 408 238 353 362 417 15 249 132 472 301 426 364 481 23 313 191 136 485 200 427 145 31 377 255 149 319 264 490 209 39 436 213 500 383 328 154 268 47 277 55 164 447 387 217 332 451 342 284 168 61 226 396 180 235 405 2 455 347 289 246 306 473 357 416 20 74 479 25 421 83 192 308 369 432 374 489 196 258 87 28 321 263 91 40 437 491 206 102 216 326 379 503 44 266 389 441 53 107 279 330 222 115 453 393 341 224 62 283 237 346 292 456 3 119 404 410 462 11 65 300 351 243 309 370 82 137 420 480 22 143 33 433 484 85 256 371 496 438 35 153 259 317 95 380 327 270 98 48 501 155 110 275 329 390 442 167 52 172 340 117 450 398 280 56 288 461 403 349 120 4 175 68 296 350 411 463 188 10 474 126 307 19 73 359 414 372 429 30 90 201 483 144 207 41 434 492 148 93 320 160 502 103 42 212 322 381 444 391 218 334 105 50 165 229 57 397 174 114 449 336 345 231 125 460 400 177 5 465 412 239 355 63 8 186 76 360 18 413 475 127 247 138 189 477 366 27 81 423 435 493 208 38 92 265 147 271 43 384 497 156 211 101 219 166 445 111 49 276 385 286 392 58 454 225 171 113 402 6 287 176 124 457 234 240 187 466 69 7 297 406 129 471 250 302 419 70 16 78 424 311 26 476 139 190 202 252 487 141 430 29 89 498 157 210 272 46 100 324 335 51 109 443 161 220 274 337 170 448 59 118 282 228 459 291 0 343 233 181 121 356 9 67 464 182 241 295 304 251 469 130 71 14 361 193 135 24 314 365 478 77 86 488 253 375 34 140 198 261 315 97 151 204 494 37 162 221 388 273 331 54 108 394 285 227 112 60 169 339 123 178 348 1 399 290 232 183 242 409 294 352 12 66 415 17 358 75 128 245 305 368 310 425 133 194 79 21 257 199 84 32 373 428 142 94 152 262 316 439 36 203 325 378 45 99 215 267 158
402 459 123 180 237 288 345 356 298 410 240 183 465 68 415 76 362 474 304 246 129 479 193 78 426 138 368 309 143 372 257 86 485 202 432 207 496 435 321 94 149 261 271 325 160 498 380 102 213 335 277 389 219 162 444 110 229 286 337 394 451 115 172 296 9 187 462 412 242 354 360 418 17 251 126 471 306 424 370 482 25 310 189 135 488 199 429 146 33 374 252 152 315 263 493 205 41 438 216 502 378 327 157 269 43 275 51 166 441 391 221 333 453 340 285 170 57 230 392 178 231 401 6 461 346 291 250 307 469 358 417 18 72 477 24 425 82 195 311 364 433 376 487 200 253 84 30 319 262 97 35 434 495 208 103 210 323 384 500 45 270 388 445 55 109 278 329 218 117 448 397 342 227 58 281 235 348 287 458 0 125 403 409 466 13 67 299 350 239 314 366 80 133 421 481 26 141 32 427 489 90 254 375 492 440 38 151 264 316 91 383 326 272 99 42 497 159 111 273 334 386 443 164 53 174 338 112 454 393 284 59 292 460 405 343 122 1 176 69 294 355 407 464 185 11 473 130 302 15 75 363 413 373 430 34 88 196 484 145 204 40 439 490 153 92 318 156 499 98 46 215 328 379 447 390 223 331 107 49 161 225 60 395 168 118 450 341 349 233 124 456 399 179 2 468 411 244 352 65 7 182 71 357 19 419 470 128 249 137 194 476 365 23 83 422 437 494 209 36 96 259 148 267 48 382 503 154 212 100 220 163 442 105 54 279 387 282 398 61 452 224 169 114 400 3 290 181 120 455 236 241 184 463 63 12 300 408 132 475 245 303 416 73 14 79 420 313 27 478 134 192 201 258 486 140 428 31 85 501 158 211 268 44 104 322 330 50 108 446 167 217 276 339 171 449 62 116 280 226 457 293 4 347 232 177 119 351 8 66 467 188 238 297 305 248 472 127 70 20 359 191 139 21 308 367 480 81 87 483 256 377 29 142 197 265 317 93 150 203 491 39 165 222 385 274 332 52 106 396 283 228 113 56 173 336 121 175 344 5 404 289 234 186 243 406 295 353 10 64 414 16 361 74 131 247 301 369 312 423 136 190 77 22 255 198 89 28 371 431 144 95 147 260 320 436 37 206 324 381 47 101 214 266 155
403 460 124 181 232 289 346 352 297 412 243 185 463 67 416 75 361 471 307 249 127 480 190 83 425 135 366 313 144 377 253 85 489 199 430 208 494 436 316 93 153 263 272 327 158 500 379 101 212 331 276 391 222 164 442 109 228 285 342 393 450 114 171 300 10 182 467 409 240 355 359 419 18 245 131 473 304 423 368 478 26 308 195 137 487 201 432 142 34 371 254 151 318 265 496 206 36 434 215 497 382 324 160 270 44 279 52 161 446 388 219 334 454 336 282 172 62 227 395 177 236 404 1 459 349 287 251 305 470 362 413 16 73 481 27 424 77 194 309 367 428 375 483 202 255 88 33 320 259 94 39 440 493 204 100 214 328 378 501 42 271 390 444 54 111 274 333 217 118 452 392 339 229 56 284 234 343 293 461 2 123 400 411 465 12 69 295 354 238 310 369 81 134 426 476 24 145 29 431 488 84 258 372 491 439 41 147 261 319 96 384 322 267 102 47 499 157 108 278 335 387 441 165 49 169 341 116 448 396 286 57 291 457 399 344 125 3 180 66 299 356 408 462 186 7 475 129 301 20 71 358 418 374 433 32 89 197 485 140 209 37 435 495 152 91 317 155 503 104 43 210 325 383 443 385 221 330 110 55 163 226 58 398 173 112 453 337 348 237 121 455 401 176 4 464 406 242 351 68 13 184 74 363 14 415 472 126 250 139 193 482 364 22 79 421 438 492 203 40 97 260 149 268 45 381 498 159 216 98 218 167 447 106 51 273 389 283 394 59 449 230 168 117 405 5 288 178 119 458 233 239 188 468 64 9 294 410 128 469 248 306 414 76 15 82 422 314 21 479 136 189 198 257 484 146 427 30 87 502 156 213 266 48 99 323 332 53 105 445 162 223 275 340 174 451 60 113 281 224 456 290 6 345 235 175 122 353 11 63 466 183 244 296 302 247 474 132 72 17 357 192 133 23 312 370 477 78 90 486 252 373 28 143 200 262 321 95 148 205 490 38 166 220 386 277 329 50 107 397 280 225 115 61 170 338 120 179 347 0 402 292 231 187 241 407 298 350 8 65 417 19 360 70 130 246 303 365 311 420 138 191 80 25 256 196 86 31 376 429 141 92 150 264 315 437 35 207 326 380 46 103 211 269 154
404 461 125 176 233 290 347 355 295 408 242 188 466 65 419 73 358 472 306 247 130 478 194 81 421 136 370 311 142 375 258 89 484 200 429 206 493 439 317 97 148 264 270 328 157 503 381 99 211 334 274 387 221 167 445 107 227 284 341 398 449 113 170 297 12 186 464 410 244 350 361 413 20 250 128 474 303 425 367 476 22 314 192 138 489 202 431 140 30 373 256 153 320 261 495 203 38 437 212 501 384 325 159 266 46 276 54 165 443 389 223 329 450 339 286 173 59 224 397 181 234 399 4 458 345 292 249 304 475 363 414 17 70 480 26 426 79 189 312 365 430 371 488 197 257 90 31 316 265 96 37 438 490 207 101 215 322 383 498 48 269 391 446 49 110 273 332 220 114 454 396 337 230 60 280 232 349 291 455 5 122 402 412 467 7 68 294 353 241 313 368 77 139 422 477 25 144 34 428 485 87 252 376 494 434 39 152 260 321 92 379 324 271 104 45 502 154 109 279 333 385 447 162 50 171 336 118 453 394 281 61 289 459 400 348 119 6 179 67 300 354 406 468 183 8 471 131 305 14 76 357 417 377 432 33 84 198 486 141 208 36 440 491 149 95 315 158 497 100 47 216 323 380 442 388 217 335 106 53 166 228 62 392 169 117 451 338 346 236 123 457 405 175 0 463 409 238 356 64 11 187 75 359 16 418 469 132 246 135 195 481 369 21 78 420 436 496 204 41 91 262 150 272 44 378 499 155 213 103 222 161 444 108 55 275 386 285 395 56 448 226 174 115 403 1 293 180 121 456 231 243 182 465 66 13 296 407 127 473 251 301 415 72 19 83 423 309 24 482 133 191 199 254 483 145 433 28 86 500 160 214 267 43 98 326 331 52 111 441 163 218 277 342 172 452 57 112 283 225 460 287 2 344 237 178 120 352 10 69 462 184 239 298 307 245 470 129 74 15 360 190 137 27 310 364 479 80 85 487 255 372 32 146 196 263 318 94 147 209 492 35 164 219 390 278 330 51 105 393 282 229 116 58 168 340 124 177 343 3 401 288 235 185 240 411 299 351 9 63 416 18 362 71 126 248 302 366 308 424 134 193 82 23 253 201 88 29 374 427 143 93 151 259 319 435 40 205 327 382 42 102 210 268 156
405 456 120 177 234 291 348 353 300 411 239 187 464 66 417 74 359 475 302 251 128 481 192 82 423 139 365 310 145 374 256 90 487 198 428 209 491 438 320 92 151 262 268 326 155 502 384 100 215 332 279 390 218 166 443 108 226 283 340 397 454 118 169 299 11 188 465 406 241 352 363 416 19 247 129 469 305 422 369 480 27 311 193 133 486 196 433 144 29 375 257 150 321 259 492 208 37 439 214 503 380 322 156 272 45 278 53 167 444 385 220 331 452 341 280 174 58 228 394 179 237 403 5 457 343 290 248 301 474 360 419 14 75 482 23 420 81 190 314 368 431 377 484 201 252 86 32 318 264 95 41 435 494 203 104 213 327 381 497 46 267 386 447 52 105 276 335 221 116 451 398 336 225 59 285 236 347 288 460 6 121 399 407 468 10 63 297 356 242 312 364 83 138 424 478 21 146 31 432 483 89 253 373 495 436 40 148 265 315 94 382 328 266 103 43 498 158 106 277 330 391 445 161 54 173 342 115 449 392 282 60 293 455 404 345 124 0 178 64 298 351 412 466 182 12 470 132 306 18 70 361 415 376 427 28 85 202 488 142 205 39 437 496 147 97 316 159 500 102 48 211 324 378 446 387 222 329 111 51 162 230 61 393 172 113 448 339 344 235 119 461 402 181 1 467 408 243 350 69 9 183 72 362 20 414 471 130 245 134 191 479 370 26 77 425 440 490 206 35 93 261 152 269 47 379 501 160 210 99 223 164 441 110 50 274 388 281 396 62 450 229 170 112 401 2 292 175 125 459 232 244 185 462 68 8 295 409 131 472 246 307 413 71 17 80 426 308 22 477 135 194 197 255 489 143 429 34 84 499 154 216 270 42 101 325 333 55 107 442 165 219 273 338 168 453 56 114 286 227 458 289 3 349 231 176 123 354 13 65 463 186 240 294 303 249 473 126 76 16 358 195 136 25 309 366 476 79 88 485 258 371 30 141 199 260 319 91 153 207 493 36 163 217 389 275 334 49 109 395 284 224 117 57 171 337 122 180 346 4 400 287 233 184 238 410 296 355 7 67 418 15 357 73 127 250 304 367 313 421 137 189 78 24 254 200 87 33 372 430 140 96 149 263 317 434 38 204 323 383 44 98 212 271 157
406 469 133 196 259 322 385 343 301 420 252 203 497 105 399 63 364 483 315 266 161 455 182 70 427 147 378 329 119 350 245 77 490 210 441 175 462 413 308 84 154 273 231 294 126 476 371 91 217 287 238 357 189 140 434 98 239 302 365 428 491 155 218 280 14 190 484 435 267 386 336 407 21 253 148 498 330 392 351 470 28 316 211 162 448 183 414 134 35 379 274 112 295 246 477 197 42 442 168 463 358 309 141 260 49 224 7 127 421 372 204 323 456 359 310 198 92 268 443 169 247 422 29 492 380 331 225 288 478 373 436 43 106 449 0 415 85 205 324 387 393 344 471 191 261 99 50 281 232 71 22 429 499 219 56 176 303 366 485 36 275 337 400 15 78 254 317 212 120 464 423 374 262 100 332 226 352 311 486 37 156 444 394 457 23 86 318 381 276 282 345 64 142 437 500 51 113 1 408 479 93 269 388 450 401 8 135 255 325 107 338 289 240 79 30 493 163 57 233 296 367 430 149 44 177 353 128 487 438 326 108 283 465 416 375 150 45 220 58 290 360 431 494 213 52 451 121 297 31 94 382 445 339 402 9 72 206 501 164 170 2 409 472 143 101 333 114 458 65 16 199 319 389 395 346 184 304 87 38 157 234 66 417 192 151 502 390 340 241 129 480 439 214 53 452 403 248 368 95 46 221 59 347 10 424 495 158 277 115 178 466 361 39 102 446 396 459 185 17 80 270 165 227 3 354 473 136 207 109 171 122 410 73 24 263 383 291 411 74 481 256 215 166 397 11 305 193 144 503 278 228 179 474 81 32 327 447 116 460 242 312 432 103 54 60 404 298 18 488 159 222 172 235 467 130 425 47 110 453 123 186 249 25 88 334 284 4 67 418 137 200 271 348 187 475 82 145 320 279 454 299 19 369 257 208 167 341 5 75 482 201 264 335 285 236 468 138 89 40 391 173 124 12 306 376 496 111 61 461 243 362 26 152 223 229 292 68 131 194 489 55 117 180 355 250 313 33 96 405 300 251 139 90 209 384 118 188 363 27 433 321 272 174 237 419 314 377 41 104 398 6 356 83 146 265 328 342 293 412 132 202 97 48 230 181 69 20 370 440 160 62 125 244 307 426 34 216 286 349 13 76 195 258 153
407 470 134 197 260 323 386 344 303 422 254 205 499 106 401 64 367 486 318 269 163 458 184 72 431 150 382 333 122 354 248 80 495 214 446 179 467 418 312 88 159 278 236 299 131 482 376 96 223 293 244 363 195 146 440 104 238 301 364 427 490 154 217 281 15 191 485 436 268 387 338 408 23 255 149 500 332 395 353 472 31 319 213 164 452 185 417 136 39 383 277 116 298 249 481 200 47 447 173 468 362 313 145 264 55 230 13 132 426 377 209 328 455 357 308 196 91 266 441 168 246 421 28 491 379 330 226 289 479 374 437 44 107 451 2 416 87 206 326 389 396 347 473 192 263 102 53 284 235 74 25 432 503 222 61 180 306 369 489 40 279 342 405 20 83 258 321 216 119 462 420 371 259 98 329 224 351 309 484 35 155 442 393 456 22 85 317 380 275 283 346 65 143 438 501 52 115 3 410 480 95 270 390 453 404 11 137 256 327 110 341 292 243 82 33 496 167 62 237 300 370 433 153 48 175 350 126 483 434 322 105 280 463 414 372 148 42 218 56 288 359 429 492 212 50 450 120 296 30 93 381 444 340 403 10 73 207 502 165 172 4 411 474 144 103 334 117 461 68 19 201 320 391 398 349 188 307 90 41 160 231 63 413 189 147 497 385 336 239 127 477 435 211 49 449 400 247 366 92 43 219 57 345 8 423 493 156 276 114 177 465 360 38 101 445 397 460 186 18 81 271 166 229 5 355 475 138 208 111 174 125 412 76 27 265 384 287 406 70 476 252 210 161 392 7 302 190 141 498 274 225 176 471 78 29 324 443 113 457 240 311 430 100 51 58 402 297 16 487 157 220 171 234 466 129 424 46 109 454 124 187 250 26 89 335 286 6 69 419 139 202 272 343 182 469 77 140 315 273 448 295 14 365 253 204 162 337 0 71 478 198 261 331 282 233 464 135 86 37 388 170 121 9 304 375 494 108 59 459 241 361 24 151 221 228 291 67 130 193 488 54 118 181 356 251 314 34 97 399 294 245 133 84 203 378 112 183 358 21 428 316 267 169 232 415 310 373 36 99 394 1 352 79 142 262 325 339 290 409 128 199 94 45 227 178 66 17 368 439 158 60 123 242 305 425 32 215 285 348 12 75 194 257 152
408 472 136 200 264 328 387 347 306 421 258 206 503 107 404 65 370 484 317 270 167 461 188 73 429 148 381 334 125 355 247 81 493 211 445 176 466 419 311 89 157 274 233 295 130 478 375 97 221 290 242 358 194 142 439 99 244 303 367 431 495 159 223 284 20 192 489 437 266 389 341 410 22 256 153 501 329 398 350 474 30 320 212 165 449 186 413 138 38 384 276 113 297 250 476 202 46 443 170 464 361 314 140 261 54 227 12 128 425 373 203 325 458 363 312 197 96 269 446 173 249 426 31 490 383 332 224 292 480 371 438 48 110 450 4 414 90 207 322 391 397 345 475 189 265 101 49 286 234 70 26 430 498 220 59 181 304 365 488 37 273 339 399 17 79 257 316 215 122 467 422 376 260 104 333 230 353 313 485 39 154 447 396 455 25 87 321 379 279 280 349 68 144 434 502 50 114 5 412 477 92 271 385 454 402 7 139 252 324 109 337 291 241 77 34 494 162 60 232 294 368 428 152 45 179 354 131 486 440 323 106 281 468 417 377 149 47 217 61 289 357 432 491 216 53 453 119 300 33 95 380 442 336 400 8 76 208 497 166 171 6 406 471 141 100 335 118 459 67 14 198 315 388 394 348 183 305 84 36 158 236 64 418 195 150 499 386 338 238 132 481 436 213 55 451 405 246 369 91 44 222 62 346 11 420 496 155 275 117 175 463 359 41 103 444 392 457 187 16 78 272 161 228 0 356 469 135 204 108 169 123 409 75 21 262 378 293 407 72 482 254 214 163 395 13 301 191 145 500 277 226 180 473 83 28 326 441 115 456 243 309 433 98 52 56 403 296 19 483 160 218 174 231 465 127 423 43 111 448 121 182 251 24 86 331 285 1 66 415 133 199 267 344 184 470 80 146 318 278 452 298 15 364 255 209 164 342 2 74 479 196 263 330 283 237 462 137 85 35 390 172 120 10 307 372 492 105 57 460 239 360 27 147 219 225 287 69 129 190 487 51 112 178 352 245 310 32 94 401 299 248 134 88 205 382 116 185 362 23 427 319 268 168 235 416 308 374 40 102 393 3 351 82 143 259 327 340 288 411 126 201 93 42 229 177 63 18 366 435 156 58 124 240 302 424 29 210 282 343 9 71 193 253 151
409 473 137 201 265 324 388 349 305 424 255 204 501 111 400 69 369 488 319 267 165 457 186 71 433 152 383 330 121 351 250 79 492 216 447 178 468 414 314 87 156 275 235 296 132 477 373 95 220 292 241 360 191 141 437 103 243 307 366 430 494 158 222 282 16 194 483 440 271 390 339 411 24 258 147 499 335 396 356 475 32 317 210 163 453 184 415 139 40 381 273 117 294 248 479 198 48 445 174 466 357 312 143 262 50 225 8 130 420 376 207 326 460 361 313 199 93 272 442 171 245 423 34 496 382 334 229 293 476 372 439 47 108 448 3 418 89 209 325 385 398 348 472 193 260 98 51 283 233 76 21 427 502 223 60 175 302 370 486 38 277 338 402 19 80 256 315 211 124 463 425 377 263 101 331 228 355 308 487 36 160 446 395 459 27 88 320 378 274 286 344 66 140 435 503 55 112 4 406 482 97 268 389 449 405 9 136 257 323 105 340 290 244 78 28 490 166 61 231 298 365 429 150 46 181 352 127 489 436 327 109 285 467 419 371 151 44 219 62 287 362 428 493 214 54 452 123 295 29 96 384 441 337 401 13 74 203 498 167 168 5 410 469 146 99 332 113 456 63 17 200 321 386 397 347 187 303 86 35 154 232 67 416 190 153 500 391 342 240 131 478 434 215 52 454 404 251 367 94 42 217 56 343 12 426 491 157 278 116 180 462 358 37 104 443 394 458 188 15 82 266 162 224 6 353 474 133 205 107 170 120 407 70 25 264 380 289 412 75 480 253 212 164 393 10 304 195 142 497 279 227 177 470 77 33 328 444 118 461 238 310 431 102 49 57 399 299 20 485 155 221 173 237 464 126 421 45 106 451 122 183 247 23 90 329 280 0 65 417 138 196 269 346 185 471 83 144 316 276 450 300 18 368 254 206 161 336 1 73 481 202 259 333 284 234 465 134 84 41 387 169 125 7 301 374 495 110 58 455 242 363 22 149 218 230 288 64 128 189 484 53 115 179 350 246 311 31 92 403 297 249 135 85 208 379 114 182 359 26 432 318 270 172 236 413 309 375 39 100 392 2 354 81 145 261 322 341 291 408 129 197 91 43 226 176 68 14 364 438 159 59 119 239 306 422 30 213 281 345 11 72 192 252 148
410 474 138 202 261 325 389 345 304 426 257 207 498 110 402 68 368 485 321 271 162 459 183 76 432 149 380 335 123 356 246 78 496 213 444 180 465 415 309 86 160 277 237 298 129 479 372 94 219 288 240 362 193 143 435 102 242 306 370 429 493 157 221 286 17 189 488 438 269 391 337 412 25 252 152 502 333 394 354 471 33 315 216 166 451 187 418 135 41 378 275 115 296 251 482 199 43 441 172 462 360 310 146 263 51 229 9 126 424 374 205 327 461 358 311 200 97 270 445 170 250 425 30 495 384 329 230 291 477 376 434 45 109 453 6 417 84 208 323 388 392 346 469 195 262 103 55 285 231 72 24 433 500 218 57 178 307 364 487 35 278 340 401 18 82 253 319 210 125 466 421 375 264 99 334 227 350 314 489 38 159 443 397 458 26 90 316 383 273 281 348 67 141 440 497 53 117 0 409 481 91 272 386 448 403 13 133 254 326 111 342 287 239 80 32 492 164 58 235 299 366 427 151 42 176 355 130 484 439 328 107 284 464 413 373 153 46 223 59 292 363 430 490 215 49 454 122 294 34 92 379 447 338 405 11 75 204 499 161 174 1 407 473 145 98 331 112 460 69 15 196 318 390 393 343 185 302 88 40 156 233 65 419 194 148 503 387 341 244 128 476 437 212 54 450 399 249 365 96 48 220 60 349 7 422 494 154 279 118 179 468 357 36 100 442 395 456 182 19 83 267 163 225 2 352 470 137 209 105 168 124 411 71 23 259 382 290 408 73 478 258 211 167 398 12 303 192 140 501 276 224 181 475 79 31 322 446 114 455 241 313 428 104 50 61 400 300 14 486 158 217 169 236 463 132 420 44 108 452 120 184 245 27 85 330 282 3 63 416 134 201 268 347 188 472 81 142 317 274 449 297 20 367 256 203 165 339 4 70 480 197 265 332 280 232 467 139 87 39 385 171 119 8 305 377 491 106 62 457 238 359 21 150 222 226 293 66 127 191 483 52 116 177 351 248 308 29 93 404 295 247 136 89 206 381 113 186 361 22 431 320 266 173 234 414 312 371 37 101 396 5 353 77 144 260 324 336 289 406 131 198 95 47 228 175 64 16 369 436 155 56 121 243 301 423 28 214 283 344 10 74 190 255 147
411 475 139 198 262 326 390 348 302 423 256 209 502 108 405 66 365 487 320 268 166 456 187 74 428 151 384 332 120 353 251 82 491 215 443 177 464 417 310 90 155 279 234 300 128 481 374 92 218 291 239 359 192 145 438 100 241 305 369 433 492 156 220 283 19 193 486 439 272 385 340 406 27 257 150 503 331 397 352 469 29 321 214 167 454 188 416 133 37 380 278 118 299 247 480 196 45 444 169 465 363 311 144 259 53 226 11 129 422 375 208 322 457 360 314 201 95 267 447 174 248 420 32 494 381 335 228 290 482 377 435 46 105 452 5 419 86 203 327 386 394 343 474 190 264 104 52 280 237 75 23 431 497 221 58 179 301 368 484 41 276 341 403 14 81 252 318 213 121 468 424 373 265 103 330 225 356 312 483 40 158 445 398 460 21 89 315 382 277 285 347 63 146 436 498 54 116 6 407 478 94 266 391 451 399 10 138 253 328 106 336 288 242 83 31 495 161 59 236 297 364 432 148 43 178 351 132 488 437 324 111 282 466 415 376 147 48 222 60 293 361 427 496 211 51 449 124 298 28 97 378 446 342 404 12 70 205 500 162 173 0 412 470 142 102 329 115 455 64 18 202 316 387 392 345 182 306 85 39 159 235 69 414 191 152 501 388 339 243 130 479 440 210 50 448 402 245 370 93 47 223 61 344 9 425 490 160 274 113 181 467 362 35 99 441 393 461 183 20 77 269 164 230 1 350 471 134 206 110 172 119 408 72 26 261 379 292 409 71 477 255 216 165 396 8 307 194 143 499 273 229 175 472 80 34 325 442 112 459 244 308 429 101 55 62 401 295 17 489 154 219 170 232 462 131 426 42 107 450 125 185 246 22 84 333 281 2 68 413 135 197 270 349 186 473 79 141 319 275 453 294 16 366 258 207 163 338 3 76 476 199 260 334 286 231 463 136 88 36 389 168 123 13 303 371 493 109 56 458 240 358 25 153 217 227 289 65 126 195 485 49 114 176 354 249 309 30 91 400 296 250 137 87 204 383 117 184 357 24 430 317 271 171 233 418 313 372 38 98 395 4 355 78 140 263 323 337 287 410 127 200 96 44 224 180 67 15 367 434 157 57 122 238 304 421 33 212 284 346 7 73 189 254 149
412 471 135 199 263 327 391 346 307 425 253 208 500 109 403 67 366 489 316 272 164 460 185 75 430 153 379 331 124 352 249 83 494 212 442 181 463 416 313 85 158 276 232 297 127 480 377 93 222 289 243 361 190 144 436 101 240 304 368 432 496 160 219 285 18 195 487 434 270 388 342 409 26 254 151 497 334 393 355 473 34 318 215 161 450 182 419 137 36 382 279 114 300 245 478 201 44 446 171 467 359 308 142 265 52 228 10 131 423 371 206 324 459 362 309 202 94 271 444 172 251 424 33 493 378 333 227 287 481 375 440 42 111 454 1 413 88 204 328 390 395 349 470 194 259 100 54 282 236 73 27 428 501 217 62 177 305 367 483 39 274 336 404 16 77 255 320 214 123 465 426 372 261 102 335 229 354 310 488 41 157 441 392 461 24 84 319 384 278 284 343 69 145 439 499 49 118 2 411 476 96 267 387 452 400 12 134 258 322 108 339 293 238 81 29 491 165 56 234 295 369 431 147 47 180 356 129 485 435 325 110 286 462 418 374 152 43 221 57 291 358 433 495 210 55 448 125 299 32 91 383 443 341 399 7 71 209 503 163 169 3 408 475 140 104 330 116 457 66 20 197 317 385 396 344 186 301 89 37 155 237 68 415 193 149 498 389 337 242 126 482 438 216 51 453 401 250 364 97 45 218 58 348 13 421 492 159 273 112 176 464 363 40 98 447 398 455 184 14 79 268 167 226 4 351 472 139 203 106 173 121 406 74 22 260 381 288 410 76 479 257 213 162 394 9 306 189 146 502 275 230 178 469 82 30 323 445 117 458 239 314 427 99 53 59 405 294 15 484 156 223 168 233 468 128 422 48 105 449 119 188 248 21 87 332 283 5 64 414 136 198 266 345 183 474 78 143 321 277 451 296 17 370 252 205 166 340 6 72 477 200 262 329 281 235 466 133 90 38 386 174 122 11 302 373 490 107 60 456 244 357 23 148 220 224 290 63 132 192 486 50 113 175 353 247 312 28 95 402 298 246 138 86 207 380 115 187 360 25 429 315 269 170 231 417 311 376 35 103 397 0 350 80 141 264 326 338 292 407 130 196 92 46 225 179 65 19 365 437 154 61 120 241 303 420 31 211 280 347 8 70 191 256 150
413 476 140 203 266 329 350 371 322 399 273 189 490 70 434 77 385 455 294 252 154 497 217 84 406 119 357 315 161 378 238 91 469 175 420 182 483 441 301 98 133 231 245 287 147 462 364 105 196 308 259 343 210 126 427 63 274 295 358 421 484 148 211 316 49 197 498 414 224 365 379 428 7 260 162 477 280 442 336 491 14 323 183 141 463 204 392 155 21 386 246 127 309 267 448 218 28 407 190 470 372 330 112 239 35 253 42 134 435 351 168 302 478 387 317 176 99 247 429 212 261 443 22 449 373 303 232 324 485 337 422 50 92 471 36 400 106 198 281 380 436 359 499 169 275 78 0 331 254 56 43 415 456 191 85 219 310 344 492 15 225 366 393 29 71 268 288 205 142 493 408 381 233 107 311 276 367 325 464 30 113 437 430 450 37 79 332 345 269 289 388 100 149 394 486 8 135 44 444 457 64 262 338 500 423 1 163 226 296 86 352 318 255 57 51 479 120 93 240 282 374 401 156 23 206 375 157 472 445 290 65 297 501 431 389 128 38 170 101 304 339 438 458 220 31 494 114 333 45 87 353 402 346 409 16 108 213 451 150 199 52 395 465 121 72 326 164 487 94 2 184 283 360 416 382 177 319 58 9 143 270 73 439 221 136 466 347 361 227 165 495 410 192 46 480 446 234 383 59 17 207 109 368 39 396 502 122 241 158 171 459 354 53 95 417 403 473 214 24 66 277 115 263 10 390 452 129 178 80 185 151 424 102 3 248 340 334 404 81 503 242 200 130 425 54 284 186 159 474 256 249 215 488 110 4 312 397 144 467 271 291 447 60 25 67 432 305 47 453 166 179 222 228 481 123 418 11 103 460 137 172 278 32 74 298 327 18 88 411 116 193 235 355 194 461 89 167 306 264 489 320 12 341 250 223 138 391 26 96 475 173 257 292 313 279 454 152 68 5 376 208 131 33 335 348 468 61 75 496 236 369 55 117 187 243 285 111 145 180 482 19 124 201 362 229 299 40 82 419 328 258 125 97 188 370 153 202 384 20 398 314 244 181 265 426 286 363 48 90 412 34 349 104 139 230 321 377 300 440 118 216 76 6 272 195 62 41 356 405 132 83 160 251 293 433 13 174 307 342 27 69 209 237 146
414 477 141 204 267 330 351 373 324 400 275 191 492 71 437 79 388 457 296 255 156 501 220 87 409 121 360 319 165 383 241 95 473 178 424 186 488 447 305 103 137 235 250 292 152 468 369 111 201 314 265 349 216 132 433 69 273 294 357 420 483 147 210 317 50 198 499 415 225 366 381 430 8 262 163 479 282 445 339 494 16 326 184 143 466 207 396 158 24 390 248 130 312 271 453 222 32 411 194 475 376 335 117 243 40 258 48 139 440 356 174 307 476 385 315 175 98 245 427 211 260 442 21 448 372 302 233 325 486 338 423 51 93 472 38 402 108 199 283 382 439 361 502 171 277 80 3 334 256 60 47 418 460 193 89 223 313 348 496 19 229 370 398 34 76 272 293 209 140 490 406 378 231 105 308 274 365 323 463 28 112 435 429 449 36 78 331 344 268 290 389 101 150 395 487 9 136 46 446 459 66 263 340 503 425 4 166 228 298 88 355 320 257 61 55 482 124 97 244 286 377 405 160 27 203 371 154 469 441 287 63 295 498 428 386 127 35 168 99 303 337 436 456 219 29 493 113 332 44 86 352 401 347 410 17 109 214 452 151 200 54 397 467 123 74 327 167 489 96 5 187 285 362 419 384 181 321 62 13 146 266 70 434 217 133 462 343 358 224 162 491 407 190 42 478 443 232 380 56 15 205 107 367 37 394 500 120 240 157 170 458 353 52 94 416 404 474 215 25 67 278 116 264 12 391 454 131 180 82 188 153 426 104 6 251 342 329 399 77 497 238 196 126 421 49 280 183 155 470 253 247 212 485 106 0 310 393 142 464 269 289 444 57 23 65 431 304 45 451 164 177 221 227 480 122 417 10 102 461 138 173 279 33 75 299 328 20 90 412 118 195 237 350 189 455 84 161 301 259 484 316 7 336 246 218 134 387 22 92 471 169 254 288 311 276 450 149 64 1 374 206 128 31 333 346 465 58 73 495 234 368 53 115 185 242 284 110 144 179 481 18 125 202 363 230 300 41 83 413 322 252 119 91 182 364 148 197 379 14 392 309 239 176 261 422 281 359 43 85 408 30 345 100 135 226 318 375 297 438 114 213 72 2 270 192 59 39 354 403 129 81 159 249 291 432 11 172 306 341 26 68 208 236 145
415 479 143 207 271 335 356 372 325 402 277 193 496 76 435 78 389 459 298 257 160 498 219 86 410 123 362 321 162 380 240 94 474 180 426 183 485 444 304 102 138 237 246 288 149 465 368 110 202 309 261 345 213 129 432 68 275 296 360 424 488 152 216 315 51 199 502 418 229 370 378 429 9 263 166 482 286 441 337 493 17 327 187 146 462 205 394 157 25 391 251 126 310 269 451 221 33 412 189 471 374 333 115 242 41 252 43 135 438 354 172 306 477 388 319 178 103 250 433 210 262 445 24 453 376 307 231 323 487 340 425 55 97 469 35 401 109 200 285 384 434 358 500 170 278 82 6 329 253 57 45 417 461 195 84 218 311 346 495 18 230 364 392 30 72 270 291 208 141 492 409 383 235 111 314 273 366 326 466 32 117 440 427 448 38 80 334 348 272 287 386 99 151 397 489 13 133 42 443 458 67 264 342 497 421 0 164 227 299 90 350 316 254 58 53 481 125 91 239 281 375 403 159 26 204 373 156 473 447 292 69 294 499 430 390 130 40 174 98 302 338 439 460 223 34 490 112 331 46 88 355 405 343 407 15 107 215 454 153 196 49 393 464 122 75 328 161 484 92 1 185 284 363 413 379 176 318 59 11 145 267 71 437 220 137 468 349 357 225 163 494 411 194 48 476 442 233 382 60 19 209 105 365 36 395 503 124 244 154 168 456 352 54 96 419 399 470 212 23 65 279 118 259 7 387 450 128 179 83 182 148 422 100 2 249 341 330 400 79 501 241 201 132 420 50 282 184 158 475 258 245 211 486 108 3 313 398 140 463 268 290 446 61 27 63 428 303 44 452 167 181 217 224 478 120 416 12 104 455 134 169 276 31 73 300 322 14 85 408 114 192 236 351 191 457 87 165 305 265 483 317 8 339 248 222 139 385 21 93 472 171 256 293 308 274 449 150 66 4 377 203 127 29 332 347 467 62 70 491 232 367 52 116 188 238 280 106 142 177 480 20 119 197 359 226 297 39 81 414 324 255 121 95 186 369 147 198 381 16 396 312 243 175 260 423 283 361 47 89 406 28 344 101 136 228 320 371 295 436 113 214 74 5 266 190 56 37 353 404 131 77 155 247 289 431 10 173 301 336 22 64 206 234 144
416 480 144 208 272 331 352 377 327 403 276 190 494 75 436 83 391 460 297 253 158 500 222 85 412 124 361 316 164 379 243 93 471 181 425 185 489 442 307 101 135 232 249 289 153 463 366 109 199 313 263 346 212 127 430 67 279 300 359 423 487 151 215 318 52 201 497 419 228 368 382 432 10 265 161 478 285 446 342 496 18 324 182 142 467 206 393 160 26 388 245 131 308 270 450 219 34 409 195 473 371 334 114 240 36 254 44 137 434 355 171 304 481 390 320 177 100 251 428 214 259 444 27 454 375 305 236 328 483 336 424 54 94 470 39 404 111 202 282 378 440 362 501 172 274 77 1 333 255 62 42 413 459 194 88 217 309 349 493 16 227 367 395 33 73 271 287 204 145 491 411 384 234 108 310 278 369 322 465 29 118 439 431 452 41 81 335 343 267 293 387 102 147 392 488 12 134 47 441 461 69 261 339 499 426 2 165 229 295 84 354 319 258 56 49 476 123 96 238 284 372 400 157 24 209 374 155 475 443 291 66 299 503 433 385 129 37 169 104 301 341 435 457 221 32 495 116 330 43 89 356 399 344 408 20 110 210 448 152 197 55 396 462 125 71 325 163 485 91 3 186 286 358 418 383 180 317 57 7 140 268 74 438 218 139 464 348 363 226 167 492 406 193 45 482 447 237 381 58 14 203 106 364 40 398 498 121 242 159 173 455 351 51 97 415 401 472 216 22 68 273 112 260 13 389 453 126 176 79 184 149 421 98 4 250 337 332 405 82 502 239 198 128 422 53 283 188 156 469 257 248 213 484 105 5 314 394 146 468 266 288 445 59 21 64 427 306 48 449 162 178 223 230 479 119 414 9 99 458 136 168 275 30 76 294 323 15 87 410 117 189 233 353 192 456 90 166 302 262 486 321 11 340 247 220 133 386 23 95 474 174 252 290 312 277 451 148 63 6 373 205 132 28 329 345 466 60 72 490 235 370 50 113 183 244 281 107 143 175 477 17 122 200 357 224 296 38 78 417 326 256 120 92 187 365 150 196 380 19 397 311 241 179 264 420 280 360 46 86 407 31 347 103 138 225 315 376 298 437 115 211 70 0 269 191 61 35 350 402 130 80 154 246 292 429 8 170 303 338 25 65 207 231 141
417 481 145 209 268 332 353 374 326 405 279 192 491 74 438 82 390 456 300 256 155 502 218 90 411 120 359 320 166 384 239 92 475 177 423 187 487 443 302 100 139 234 251 291 151 464 365 108 198 310 262 348 215 128 428 66 278 299 363 422 486 150 214 321 53 196 503 416 226 369 380 433 11 259 167 480 283 444 340 492 19 322 188 144 465 208 397 156 27 385 247 129 311 272 454 220 29 406 193 469 375 331 118 241 37 257 45 133 439 352 169 305 482 386 318 179 104 248 431 213 264 447 23 452 377 301 237 327 484 341 420 52 95 474 41 403 105 201 280 381 435 360 497 174 276 81 5 335 252 58 46 419 457 190 86 221 314 343 494 14 228 368 394 32 75 267 290 203 146 495 407 382 236 106 312 277 364 328 468 31 116 436 432 451 40 83 330 347 266 288 391 103 148 398 483 10 138 43 445 460 63 265 336 498 424 6 161 225 297 89 356 315 253 59 54 478 121 94 242 285 373 399 158 21 205 376 159 470 446 293 64 298 500 427 387 132 39 173 102 306 342 437 455 222 28 496 115 329 48 85 351 404 345 412 18 111 211 449 147 202 51 392 466 124 70 324 162 488 97 0 182 282 361 415 378 178 316 60 12 142 269 72 440 223 134 467 344 362 230 164 490 408 191 47 479 441 235 379 61 20 206 110 370 35 393 501 119 243 160 172 461 350 50 93 414 402 471 210 26 69 274 113 261 9 388 448 130 181 77 183 152 425 99 1 245 339 333 401 80 499 244 197 131 426 55 281 185 154 472 255 246 216 489 107 2 308 396 143 462 270 292 442 62 22 68 429 307 42 450 165 175 219 229 477 125 413 8 101 459 135 170 273 34 71 295 325 17 84 409 112 194 232 354 195 458 88 163 303 260 485 319 13 338 249 217 136 389 25 91 473 168 258 289 309 275 453 153 65 3 371 207 126 30 334 349 463 56 76 493 231 366 49 114 186 240 286 109 141 176 476 16 123 199 358 227 294 36 79 418 323 254 122 96 184 367 149 200 383 15 395 313 238 180 263 421 284 357 44 87 410 33 346 98 137 224 317 372 296 434 117 212 73 4 271 189 57 38 355 400 127 78 157 250 287 430 7 171 304 337 24 67 204 233 140
418 482 146 205 269 333 354 376 323 401 278 195 495 72 440 80 386 458 299 254 159 499 223 88 407 122 363 318 163 382 244 96 470 179 422 184 486 446 303 104 134 236 248 293 150 467 367 106 197 312 260 344 214 131 431 64 277 298 362 426 485 149 213 319 55 200 500 417 230 364 383 427 13 264 164 481 281 447 338 490 15 328 185 145 468 209 395 154 23 387 249 132 313 268 452 217 31 408 191 472 377 332 116 238 39 255 47 136 436 353 173 301 479 389 321 180 102 246 432 216 263 441 25 451 374 306 235 326 489 342 421 53 91 473 40 405 107 196 284 379 437 357 503 168 279 83 2 330 258 61 44 416 455 192 87 222 308 347 491 20 226 369 396 28 74 266 289 206 143 496 410 380 237 110 309 275 370 327 462 33 115 438 433 453 35 82 329 346 270 292 390 98 153 393 484 11 137 48 442 456 65 259 341 501 420 3 167 224 300 85 351 317 256 62 52 480 119 95 243 283 371 404 155 22 207 372 160 474 444 288 68 296 502 429 391 126 41 172 103 307 340 434 461 218 30 492 117 334 42 90 350 403 349 411 19 105 212 450 148 201 50 398 463 120 73 322 165 483 93 4 188 280 359 414 381 175 320 56 10 144 271 76 435 219 138 465 345 360 229 166 493 412 189 43 477 445 231 384 57 18 208 111 366 38 397 497 125 239 156 174 460 355 49 92 413 400 475 211 27 63 276 114 265 8 385 449 127 177 81 186 147 423 101 5 247 336 335 402 78 498 240 202 129 424 51 286 187 157 471 252 250 210 487 109 6 311 392 141 466 272 287 443 58 26 69 430 302 46 454 161 176 220 225 476 124 419 7 100 457 139 171 274 29 70 297 324 16 89 406 113 190 234 356 193 459 86 162 304 261 488 315 9 337 251 221 135 388 24 97 469 170 253 291 314 273 448 151 67 0 375 204 130 34 331 343 464 59 71 494 233 365 54 118 182 241 282 108 140 181 478 14 121 198 361 228 295 37 77 415 325 257 123 94 183 368 152 199 378 17 394 310 242 178 262 425 285 358 45 84 409 32 348 99 133 227 316 373 294 439 112 215 75 1 267 194 60 36 352 399 128 79 158 245 290 428 12 169 305 339 21 66 203 232 142
419 478 142 206 270 334 355 375 328 404 274 194 493 73 439 81 387 461 295 258 157 503 221 89 408 125 358 317 167 381 242 97 472 176 421 188 484 445 306 99 136 233 247 290 148 466 370 107 200 311 264 347 211 130 429 65 276 297 361 425 489 153 212 320 54 202 501 413 227 367 384 431 12 261 165 476 284 443 341 495 20 325 186 140 464 203 398 159 22 389 250 128 314 266 449 223 30 410 192 474 373 329 113 244 38 256 46 138 437 350 170 303 480 391 316 181 101 249 430 215 265 446 26 450 371 304 234 322 488 339 426 49 96 475 37 399 110 197 286 383 438 363 498 173 273 79 4 332 257 59 48 414 458 189 90 220 312 345 490 17 224 365 397 31 70 269 292 207 144 494 412 379 232 109 313 279 368 324 467 34 114 434 428 454 39 77 333 349 271 291 385 104 152 396 485 7 139 45 447 455 68 260 337 502 422 5 162 230 294 87 353 321 252 60 50 477 122 92 241 280 376 402 154 25 208 377 158 471 442 289 67 300 497 432 388 131 36 171 100 305 336 440 459 217 33 491 118 335 47 84 354 400 348 406 14 106 216 453 149 198 53 394 468 119 76 323 166 486 95 6 183 281 357 417 380 179 315 61 8 141 272 75 436 222 135 463 346 359 228 161 496 409 195 44 481 444 236 378 62 16 204 108 369 41 392 499 123 238 155 169 457 356 55 91 418 405 469 213 21 64 275 117 262 11 386 451 132 175 78 187 150 420 103 0 246 338 331 403 83 500 243 199 127 423 52 285 182 160 473 254 251 214 483 111 1 309 395 145 465 267 293 441 56 24 66 433 301 43 448 163 180 218 226 482 121 415 13 98 456 133 174 277 28 72 296 326 19 86 407 115 191 231 352 190 460 85 164 307 263 487 318 10 342 245 219 137 390 27 94 470 172 255 287 310 278 452 147 69 2 372 209 129 32 330 344 462 57 74 492 237 364 51 112 184 239 283 105 146 178 479 15 120 196 360 225 298 35 80 416 327 253 124 93 185 366 151 201 382 18 393 308 240 177 259 424 282 362 42 88 411 29 343 102 134 229 319 374 299 435 116 210 71 3 268 193 58 40 351 401 126 82 156 248 288 427 9 168 302 340 23 63 205 235 143
420 483 147 210 273 294 357 385 315 427 245 175 476 98 406 105 378 490 308 231 140 469 203 63 441 154 371 287 133 343 266 70 462 217 434 196 497 399 329 77 126 238 259 301 161 455 350 84 189 322 252 364 182 119 413 91 267 330 351 414 477 141 204 302 21 211 448 442 260 372 365 435 28 274 112 463 323 428 386 498 35 295 168 127 491 190 407 162 42 358 224 155 280 253 470 183 49 421 218 484 336 316 134 246 7 239 14 148 392 379 197 309 492 373 324 191 71 275 400 198 225 415 50 499 366 317 268 331 449 344 429 36 78 456 29 436 99 219 303 337 443 380 478 205 232 56 15 310 247 106 0 393 485 212 92 169 288 387 471 22 254 359 422 43 85 261 281 176 156 457 437 388 255 79 296 262 381 282 479 8 163 430 423 486 51 93 325 338 233 332 352 86 113 401 493 44 120 37 394 500 107 240 367 464 444 23 142 269 289 57 374 311 276 64 1 450 149 100 226 318 345 408 135 30 220 360 121 501 409 319 87 326 494 445 339 143 16 184 108 283 382 402 472 199 38 487 150 290 9 101 389 395 353 416 52 94 170 458 157 177 45 431 451 164 65 304 128 465 58 31 206 333 346 438 375 213 297 72 2 114 241 95 424 178 165 473 383 390 248 158 466 396 207 24 502 439 277 361 80 3 171 66 340 46 446 459 136 263 151 214 452 347 17 109 410 417 480 221 10 102 227 122 234 53 368 495 115 185 73 192 129 403 59 39 270 354 305 447 103 488 235 186 137 411 32 312 222 130 453 271 256 193 460 60 47 334 418 166 503 228 298 425 88 4 74 397 327 54 467 123 200 215 278 474 116 404 25 67 481 144 179 242 18 110 284 291 11 81 432 159 172 249 369 201 468 111 152 292 250 475 335 40 376 243 194 117 348 19 89 496 223 229 313 320 257 482 124 61 55 355 187 167 5 285 362 489 96 82 454 264 391 12 131 180 279 299 75 138 173 461 33 145 208 341 236 306 26 68 433 314 265 132 69 216 349 139 174 356 48 440 307 258 209 272 398 293 370 34 76 405 27 377 97 160 244 286 384 321 419 146 181 62 13 251 188 104 6 342 426 153 90 118 237 328 412 20 195 300 363 41 83 202 230 125
421 484 148 211 274 295 358 387 317 429 247 176 478 99 408 107 381 493 311 233 142 472 206 65 445 157 375 290 136 347 270 73 466 221 439 200 503 404 334 81 130 242 264 306 167 461 355 89 194 328 258 370 188 125 419 97 266 329 350 413 476 140 203 303 22 212 449 443 261 373 367 437 30 276 113 464 325 431 389 501 38 297 170 128 495 192 410 165 46 361 227 159 284 256 474 186 54 425 223 489 341 320 138 250 12 244 20 153 398 384 202 314 490 371 322 189 70 273 399 197 224 414 49 498 365 316 269 332 450 345 430 37 79 458 31 438 101 220 304 339 446 383 480 207 234 59 17 312 249 110 4 397 488 215 96 173 292 391 475 26 257 363 426 48 90 265 286 181 154 455 434 385 252 77 294 260 379 280 477 7 162 428 422 485 50 92 324 337 232 333 353 87 114 402 494 45 122 39 396 502 109 241 368 467 447 25 144 271 291 60 376 313 279 68 5 454 152 104 230 321 349 412 139 34 217 357 119 497 406 315 84 323 491 442 336 141 14 183 106 281 380 400 471 198 36 486 149 289 8 100 388 394 354 417 53 95 171 459 158 179 47 432 453 166 67 305 131 468 61 33 208 335 348 440 377 216 300 76 6 118 238 91 420 175 161 469 378 386 246 155 463 392 204 21 499 436 275 359 78 0 169 64 338 44 444 457 135 262 150 213 451 346 16 108 409 418 481 222 11 103 228 123 236 55 369 496 117 187 75 195 132 405 62 41 272 356 301 441 98 483 231 182 133 407 28 309 218 127 448 267 254 191 456 56 43 331 415 163 500 226 296 423 86 1 72 395 326 52 465 121 199 214 277 473 115 403 24 66 482 145 180 243 19 111 285 293 13 83 433 160 174 251 364 196 462 105 147 287 245 470 330 35 372 239 190 112 344 15 85 492 219 225 310 318 255 479 120 57 51 352 184 164 2 283 360 487 94 80 452 263 390 10 129 178 278 298 74 137 172 460 32 146 209 342 237 307 27 69 427 308 259 126 63 210 343 134 168 351 42 435 302 253 205 268 393 288 366 29 71 401 23 374 93 156 240 282 382 319 416 143 177 58 9 248 185 102 3 340 424 151 88 116 235 327 411 18 193 299 362 40 82 201 229 124
422 486 150 214 278 299 363 386 318 431 248 179 482 104 407 106 382 495 312 236 146 470 205 64 446 159 376 293 134 344 269 72 467 223 440 197 499 401 333 80 131 244 260 303 163 458 354 88 195 323 254 367 184 122 418 96 268 332 353 417 481 145 209 301 23 213 452 447 264 377 364 436 31 277 116 468 328 427 387 500 39 298 173 132 490 191 408 164 47 362 230 154 281 255 472 185 55 426 217 485 338 319 136 249 13 238 15 149 395 383 200 313 491 374 326 192 74 279 405 196 226 416 53 503 369 321 266 330 451 347 432 40 83 455 28 437 102 222 306 342 441 379 479 206 235 61 20 308 246 107 2 396 489 216 91 168 289 389 473 25 258 357 421 44 87 263 284 180 155 456 438 390 256 82 300 259 380 283 480 11 167 433 420 484 52 95 327 341 237 329 351 85 115 404 496 48 119 35 393 501 110 243 370 462 442 22 143 270 292 62 371 309 275 65 3 453 153 98 224 317 346 410 137 33 218 359 120 502 411 320 90 322 492 444 340 144 19 188 105 280 381 403 474 201 41 483 148 288 10 103 391 398 350 414 50 93 172 461 160 175 42 429 450 165 68 307 126 463 56 30 207 334 349 434 372 212 296 73 4 117 239 92 423 177 166 475 384 385 247 156 465 397 208 27 497 435 276 360 81 5 174 63 336 43 445 460 138 265 147 211 449 345 18 111 412 413 477 219 8 101 229 125 231 49 366 493 114 186 76 189 127 400 57 38 271 355 302 443 100 487 234 187 139 406 29 311 220 129 454 272 252 190 457 58 46 335 419 161 498 225 297 424 89 6 70 392 324 51 466 124 202 210 274 471 113 402 26 69 476 141 176 240 16 109 286 287 7 78 430 157 171 250 365 198 464 108 151 291 251 469 331 37 375 241 193 118 343 14 86 494 221 228 314 315 253 478 121 59 54 356 182 162 0 282 361 488 97 77 448 261 388 9 130 181 273 295 71 135 170 459 34 140 204 337 233 304 24 67 428 310 262 128 66 215 348 133 169 352 45 439 305 257 203 267 394 290 368 32 75 399 21 373 94 158 242 285 378 316 415 142 178 60 12 245 183 99 1 339 425 152 84 112 232 325 409 17 194 294 358 36 79 199 227 123
423 487 151 215 279 300 359 390 320 428 251 177 481 100 411 108 384 491 310 234 145 475 209 66 443 155 374 291 139 348 268 74 464 218 438 198 502 405 332 82 128 239 262 302 166 456 353 90 192 326 256 365 187 120 417 92 272 331 352 416 480 144 208 305 27 214 454 444 259 375 369 439 29 278 118 465 322 433 385 503 37 299 169 129 492 193 406 167 45 363 226 156 283 257 469 188 53 422 220 486 340 321 133 247 11 241 19 150 397 380 196 311 494 377 327 190 75 276 403 201 228 419 52 497 368 318 267 335 452 343 431 41 81 457 32 435 104 221 301 341 447 381 482 203 237 58 14 314 248 105 5 394 484 213 95 174 290 386 474 23 252 360 420 46 86 264 280 179 158 460 436 391 253 83 297 265 382 285 478 10 161 432 424 483 54 94 328 336 236 330 356 89 116 399 495 43 121 40 398 498 106 242 364 468 445 21 146 266 288 59 373 312 277 63 6 451 148 103 225 315 347 407 138 31 222 361 124 500 412 316 85 324 496 446 342 142 18 182 111 282 378 404 470 202 39 488 147 293 12 102 387 392 351 415 51 97 173 455 159 178 48 427 449 162 64 306 132 466 60 28 205 329 345 437 376 211 298 70 0 115 243 93 425 181 164 471 379 388 245 160 467 393 206 26 501 440 274 362 77 1 172 69 339 47 441 461 134 261 152 210 448 344 20 110 408 414 479 223 9 99 230 119 235 50 370 490 113 183 72 191 130 402 61 35 269 350 307 442 101 489 232 185 135 409 34 308 219 131 450 270 255 194 459 62 42 333 413 165 499 229 295 426 84 2 71 396 325 55 462 125 197 216 273 472 112 401 22 68 477 143 175 244 17 107 281 292 8 80 429 154 170 246 366 199 463 109 153 289 249 473 334 36 371 240 195 114 349 16 88 493 217 227 309 319 258 476 123 56 49 354 186 163 3 286 358 485 91 79 453 260 389 13 126 176 275 294 76 136 168 458 30 141 207 338 231 303 25 65 430 313 263 127 67 212 346 137 171 355 44 434 304 254 204 271 395 287 367 33 73 400 24 372 96 157 238 284 383 317 418 140 180 57 7 250 184 98 4 337 421 149 87 117 233 323 410 15 189 296 357 38 78 200 224 122
424 488 152 216 275 296 360 388 319 433 250 178 477 103 409 111 383 492 314 235 141 473 204 69 447 156 373 292 137 349 267 71 468 220 437 201 501 400 330 79 132 241 265 305 165 457 351 87 191 324 255 369 186 121 414 95 271 335 356 415 479 143 207 307 24 210 453 445 262 376 366 440 32 273 117 466 326 430 390 499 40 294 174 130 494 194 411 163 48 357 225 158 282 258 475 184 50 420 222 483 339 317 139 248 8 243 16 147 396 381 198 312 496 372 325 193 76 277 402 199 229 418 51 502 370 315 272 334 448 348 427 38 80 460 34 439 98 223 302 338 442 382 476 209 233 60 19 313 245 108 3 398 486 211 93 171 293 385 472 21 256 361 423 47 89 260 283 175 160 459 435 389 257 78 298 263 378 286 482 9 166 429 425 487 55 97 323 340 231 331 355 88 112 405 490 46 124 36 395 503 105 244 365 463 446 27 140 268 290 61 377 308 274 66 4 449 150 101 228 320 344 406 136 28 219 362 123 498 410 321 86 327 493 441 337 146 17 187 109 285 384 401 469 200 35 489 151 287 13 99 386 397 352 419 54 96 168 456 154 181 44 428 452 167 63 303 127 467 62 29 203 332 347 436 371 214 295 74 5 113 240 94 426 180 162 474 380 391 251 157 462 394 205 25 500 434 278 358 82 6 170 67 342 42 443 458 133 264 153 215 454 343 15 107 407 416 478 217 12 104 224 120 232 52 367 491 116 188 70 190 131 404 56 37 266 353 304 444 102 485 237 183 138 412 33 310 221 126 451 269 253 195 461 57 45 329 417 164 497 227 299 421 90 0 75 393 328 49 464 122 196 212 279 470 118 399 23 65 480 142 177 238 20 106 280 289 10 77 431 155 173 247 368 202 465 110 149 288 246 471 333 41 374 242 189 115 346 18 84 495 218 230 311 316 254 481 125 58 53 350 185 161 1 284 363 484 92 83 450 259 387 7 128 179 276 300 73 134 169 455 31 144 206 336 234 301 22 64 432 309 261 129 68 213 345 135 172 354 43 438 306 252 208 270 392 291 364 30 72 403 26 375 91 159 239 281 379 318 413 145 176 59 11 249 182 100 2 341 422 148 85 114 236 322 408 14 192 297 359 39 81 197 226 119
425 489 153 212 276 297 361 391 316 430 249 181 480 101 412 109 379 494 313 232 144 471 208 67 442 158 377 289 135 346 272 75 463 222 436 199 500 403 331 83 127 243 263 307 164 460 352 85 190 327 253 366 185 124 416 93 270 334 355 419 478 142 206 304 26 215 450 446 265 371 368 434 34 279 114 467 324 432 388 497 36 300 171 131 496 195 409 161 44 359 228 160 285 254 473 182 52 423 219 487 342 318 137 245 10 240 18 151 393 382 201 308 493 375 328 194 73 274 404 202 227 413 54 501 367 320 271 333 454 349 428 39 77 459 33 440 100 217 305 336 444 378 481 204 236 62 16 309 251 111 1 395 483 214 94 172 287 390 470 27 255 362 424 42 88 259 282 177 157 461 439 387 258 81 295 261 384 284 476 12 165 431 426 488 49 96 322 339 234 335 354 84 118 400 491 47 123 41 392 499 108 238 369 465 441 24 145 267 293 56 372 310 278 69 2 452 147 102 229 319 343 411 134 29 221 358 125 503 408 317 89 325 495 443 341 140 20 186 110 286 383 399 475 197 37 485 152 291 7 104 385 396 356 418 55 91 169 457 155 180 43 433 448 163 66 301 129 462 57 32 209 330 344 435 374 210 299 71 3 116 242 97 421 176 167 472 381 389 250 159 464 398 203 22 498 438 273 363 79 4 173 68 337 45 447 455 139 260 149 216 453 348 14 106 406 415 482 218 13 98 226 121 237 51 364 492 112 184 74 193 126 401 58 40 268 351 306 445 99 484 233 188 136 410 30 314 223 128 449 266 257 189 458 59 48 332 414 162 502 230 294 422 87 5 76 394 323 53 468 119 198 213 275 469 117 405 21 64 479 146 178 239 15 105 283 288 9 82 427 156 168 248 370 200 466 107 148 290 247 474 329 38 373 244 192 113 345 17 90 490 220 224 312 321 252 477 122 60 50 353 183 166 6 281 357 486 95 78 451 262 386 11 132 175 277 296 72 133 174 456 28 143 205 340 235 302 23 63 429 311 264 130 65 211 347 138 170 350 46 437 303 256 207 269 397 292 365 31 70 402 25 376 92 154 241 280 380 315 417 141 179 61 8 246 187 103 0 338 420 150 86 115 231 326 407 19 191 298 360 35 80 196 225 120
426 485 149 213 277 298 362 389 321 432 246 180 479 102 410 110 380 496 309 237 143 474 207 68 444 160 372 288 138 345 271 76 465 219 435 202 498 402 335 78 129 240 261 304 162 459 356 86 193 325 257 368 183 123 415 94 269 333 354 418 482 146 205 306 25 216 451 441 263 374 370 438 33 275 115 462 327 429 391 502 41 296 172 126 493 189 412 166 43 360 229 157 286 252 471 187 51 424 221 488 337 315 135 251 9 242 17 152 394 378 199 310 495 376 323 195 72 278 401 200 230 417 55 500 364 319 270 329 453 346 433 35 82 461 30 434 103 218 307 340 445 384 477 208 231 57 18 311 250 109 6 392 487 210 97 170 291 388 469 24 253 358 425 45 84 262 285 178 159 458 440 386 254 80 299 264 383 281 481 13 164 427 421 489 53 91 326 342 235 334 350 90 117 403 492 42 125 38 397 497 111 239 366 466 443 26 141 272 287 58 375 314 273 67 0 448 151 99 227 316 348 409 133 32 223 363 122 499 407 318 88 328 490 447 338 145 15 185 107 284 379 405 473 196 40 484 153 292 11 98 390 393 355 413 49 92 174 460 156 176 46 430 454 161 69 302 130 464 59 34 204 331 343 439 373 215 294 75 1 112 244 96 422 179 163 470 382 387 249 154 468 395 209 23 503 437 279 357 83 2 168 65 341 48 442 456 137 259 148 212 450 349 19 105 411 419 476 220 7 100 225 124 233 54 365 494 118 182 71 194 128 399 60 36 267 352 303 446 104 486 236 184 134 408 31 313 217 132 452 268 258 192 455 61 44 330 416 167 501 224 300 420 85 3 73 398 322 50 463 120 201 211 276 475 114 400 27 63 478 140 181 241 14 108 282 290 12 79 428 158 169 245 367 197 467 106 150 293 248 472 332 39 377 238 191 116 347 20 87 491 222 226 308 317 256 480 119 62 52 351 188 165 4 280 359 483 93 81 449 265 385 8 127 177 274 297 70 139 171 457 29 142 203 339 232 305 21 66 431 312 260 131 64 214 344 136 173 353 47 436 301 255 206 266 396 289 369 28 74 404 22 371 95 155 243 283 381 320 414 144 175 56 10 247 186 101 5 336 423 147 89 113 234 324 406 16 190 295 361 37 77 198 228 121
427 490 154 217 238 301 364 357 308 441 266 196 455 91 420 98 371 462 329 259 119 483 175 105 434 126 350 322 147 385 231 63 497 189 413 210 476 406 287 70 161 252 273 315 140 469 343 77 182 294 245 378 203 133 399 84 260 323 386 407 470 134 197 330 28 168 491 421 246 379 351 442 35 224 155 484 309 414 372 463 42 280 218 148 477 211 435 127 49 336 239 141 302 274 498 190 7 392 204 448 365 295 162 253 14 267 21 112 428 358 183 316 499 344 303 205 106 254 422 191 268 436 15 485 387 281 275 317 456 380 393 22 85 492 50 429 56 212 288 359 400 366 449 219 247 92 43 324 225 78 29 443 471 176 71 198 331 337 478 0 261 373 415 36 99 232 310 169 163 486 401 367 269 64 318 255 338 332 500 23 149 408 437 479 44 107 289 374 226 296 381 93 120 444 450 30 156 8 423 493 57 276 345 457 430 51 113 240 311 100 388 282 233 86 37 464 135 79 262 325 352 394 142 1 184 382 150 458 431 333 72 319 472 395 353 164 31 213 87 326 389 416 451 206 2 501 143 283 52 65 346 438 360 445 38 101 177 465 114 220 16 402 487 157 58 297 121 494 108 9 170 304 375 409 339 199 290 94 45 128 248 80 446 214 122 495 354 383 277 136 452 417 185 39 473 396 263 347 102 53 192 95 390 3 410 480 115 270 165 207 502 340 10 73 403 424 466 171 46 109 234 129 241 24 361 459 151 221 59 178 158 439 66 17 227 368 312 418 88 467 278 179 159 447 47 298 200 116 481 249 235 222 503 74 25 284 432 137 453 256 327 404 110 11 103 411 334 4 474 144 172 186 271 460 166 397 18 81 488 130 193 228 54 67 291 305 32 60 425 123 215 242 376 223 482 96 131 299 236 468 313 55 362 264 173 145 369 40 61 489 180 279 306 292 243 496 167 82 33 341 201 117 19 320 391 461 68 111 475 229 355 5 138 208 250 335 89 124 187 454 26 152 194 348 257 285 12 75 440 293 244 146 104 195 363 132 209 377 13 426 328 230 216 258 405 321 342 20 83 433 48 370 62 153 237 300 349 307 398 160 188 90 41 265 174 76 27 384 412 125 69 139 272 286 419 6 202 314 356 34 97 181 251 118
428 491 155 218 239 302 365 359 310 443 268 198 456 92 423 100 374 464 332 262 120 487 177 108 438 128 353 326 151 390 234 66 502 192 417 215 481 411 291 74 166 256 279 320 145 475 348 82 187 300 251 384 209 139 405 90 259 322 385 406 469 133 196 331 29 169 492 422 247 380 352 444 37 226 156 486 311 416 375 465 45 283 220 150 480 214 439 129 53 340 241 144 305 278 503 193 11 397 208 454 369 299 167 257 19 272 27 118 433 363 188 321 497 343 301 203 105 252 420 190 267 435 14 484 386 280 276 318 457 381 394 23 86 494 52 431 58 213 290 360 403 368 452 221 248 95 46 327 228 81 32 447 474 179 75 201 335 341 482 5 264 377 419 41 104 237 314 174 161 483 399 364 266 63 315 253 336 330 498 21 148 407 436 478 43 106 288 373 225 297 382 94 121 445 451 31 158 10 424 495 59 277 347 460 432 54 116 242 312 103 391 285 236 89 40 468 138 83 265 328 356 398 146 6 182 378 147 455 427 329 70 316 470 392 351 162 28 211 85 324 387 415 449 205 0 500 142 282 51 64 345 437 361 446 39 102 178 466 115 222 18 404 488 159 60 298 124 496 111 12 173 306 376 412 342 202 293 97 48 132 245 77 441 210 119 490 350 379 274 134 448 414 183 35 471 393 261 344 99 50 191 93 388 1 408 479 113 269 164 206 501 339 9 72 402 425 467 172 47 110 235 130 243 26 362 461 152 223 61 181 160 440 69 20 230 370 308 413 84 462 273 175 154 442 42 295 197 112 477 246 232 219 499 71 22 281 429 135 450 255 325 401 107 8 101 409 333 2 472 143 170 185 270 459 165 396 17 80 489 131 194 229 55 68 292 307 34 62 426 125 216 244 371 217 476 91 126 294 231 463 309 49 358 260 168 141 366 36 56 485 176 275 303 289 240 493 163 79 30 338 199 114 16 319 389 458 65 109 473 227 354 3 136 207 249 334 88 123 186 453 25 153 195 349 258 286 13 76 434 287 238 140 98 189 357 127 204 372 7 421 323 224 212 254 400 317 337 15 78 430 44 367 57 149 233 296 346 304 395 157 184 87 38 263 171 73 24 383 410 122 67 137 271 284 418 4 200 313 355 33 96 180 250 117
429 493 157 221 242 306 370 358 311 445 270 200 461 97 421 99 375 466 334 264 125 484 176 107 439 130 355 328 148 387 233 65 503 194 419 211 478 408 290 73 167 258 274 317 142 472 347 81 188 295 247 381 206 136 404 89 261 325 389 410 474 138 202 329 30 170 495 425 250 384 350 443 38 227 159 489 314 413 373 464 46 284 223 153 476 212 437 128 54 341 244 140 303 276 501 192 12 398 203 449 367 297 165 256 20 266 22 113 431 361 186 320 498 345 304 207 110 257 426 189 269 438 17 488 391 286 273 316 458 383 397 26 90 490 49 430 59 215 292 363 399 365 450 220 249 96 48 322 224 79 31 446 475 181 70 197 332 339 480 4 265 371 414 37 101 234 312 173 162 485 402 368 271 68 321 252 337 333 502 25 152 412 434 477 45 109 291 376 230 294 379 92 122 447 454 34 154 7 422 494 60 279 349 455 428 50 114 241 313 104 385 280 232 87 39 467 139 77 260 324 353 396 144 5 183 380 149 459 432 335 76 315 471 394 354 166 33 216 84 323 388 417 453 208 6 497 141 281 53 67 348 440 357 442 36 100 179 468 118 217 14 400 486 158 61 300 119 491 106 8 171 305 377 406 336 198 289 95 47 131 246 78 444 213 123 496 356 378 275 135 451 418 187 41 469 392 262 346 103 55 195 91 386 0 409 481 117 272 161 204 499 338 11 75 405 420 463 169 44 108 236 132 238 21 359 457 150 222 62 175 155 436 64 16 228 369 309 415 86 465 277 180 160 441 43 296 199 115 482 251 231 218 500 72 24 285 433 133 448 254 326 403 111 13 98 407 331 1 473 145 174 182 267 456 163 395 19 83 483 127 191 226 52 66 293 301 28 56 423 121 214 243 372 219 479 94 129 298 237 462 310 51 360 263 172 146 364 35 57 487 178 278 307 287 239 492 164 80 32 342 196 112 15 318 390 460 69 105 470 225 352 2 137 209 245 330 85 120 184 452 27 147 190 344 255 283 10 74 435 288 240 143 102 193 362 126 205 374 9 424 327 229 210 253 401 319 340 18 82 427 42 366 58 151 235 299 343 302 393 156 185 88 40 259 168 71 23 382 411 124 63 134 268 282 416 3 201 308 351 29 93 177 248 116
430 494 158 222 243 307 366 361 313 442 272 199 460 93 425 101 377 463 331 263 124 489 181 109 436 127 352 327 153 391 232 67 500 190 416 212 480 412 289 75 164 253 276 316 144 471 346 83 185 297 249 379 208 135 403 85 265 324 388 409 473 137 201 334 34 171 496 423 245 382 355 446 36 228 160 487 308 419 371 467 44 285 219 151 478 215 434 131 52 342 240 142 304 279 497 195 10 393 206 450 368 300 161 254 18 270 26 114 432 359 182 318 501 349 305 204 111 255 424 194 271 440 16 483 390 282 274 320 459 378 395 27 88 493 54 428 62 214 287 362 404 367 454 217 251 94 42 328 227 77 33 444 470 177 73 202 333 336 481 1 259 375 413 39 100 236 309 172 165 488 400 369 267 69 319 258 339 335 499 24 147 411 439 476 47 108 293 372 229 295 384 96 123 441 452 29 157 12 426 491 56 278 343 461 431 49 118 238 310 102 387 284 234 84 41 465 134 81 261 322 354 392 145 2 186 383 152 457 433 330 71 317 475 396 356 163 32 210 89 325 385 418 448 209 3 503 140 286 55 66 344 435 358 443 37 104 180 462 116 221 20 399 485 155 57 299 125 495 110 7 169 301 374 408 341 197 291 91 43 129 250 79 447 216 121 492 351 381 273 139 453 415 184 40 472 398 260 348 98 51 193 97 389 4 406 482 112 268 167 203 498 337 13 74 401 421 464 173 45 106 237 126 242 22 363 455 149 218 58 176 159 438 68 14 226 364 314 414 87 468 275 178 156 445 48 294 198 117 479 248 233 223 502 76 21 283 427 136 449 257 323 405 105 9 99 410 332 5 469 146 168 188 266 458 162 394 15 82 484 128 189 230 53 64 288 306 30 59 422 119 213 239 373 220 477 95 132 296 235 466 312 50 357 262 174 143 370 38 60 486 175 277 302 290 244 490 166 78 28 340 200 113 17 321 386 456 63 107 474 224 353 6 133 205 247 329 90 122 183 451 23 148 192 345 252 281 11 72 437 292 241 141 103 191 360 130 207 376 8 420 326 225 211 256 402 315 338 19 80 429 46 365 61 150 231 298 347 303 397 154 187 86 35 264 170 70 25 380 407 120 65 138 269 280 417 0 196 311 350 31 92 179 246 115
431 495 159 223 244 303 367 363 312 446 269 197 458 96 422 104 376 467 333 260 122 486 179 106 440 131 354 323 150 386 236 64 499 195 418 214 482 407 293 72 163 254 278 318 146 470 344 80 184 299 248 382 205 134 401 88 264 328 387 408 472 136 200 332 31 173 490 426 249 383 353 447 39 230 154 485 313 417 377 468 47 281 217 149 481 213 436 132 55 338 238 145 301 277 500 191 13 395 209 452 364 298 164 255 15 268 23 116 427 362 185 319 503 347 306 206 107 258 421 192 266 437 20 489 389 284 279 321 455 379 396 25 87 491 53 432 61 216 289 357 405 369 451 222 246 91 44 326 226 83 28 441 473 180 74 196 330 342 479 2 263 374 416 40 102 235 308 168 167 484 404 370 270 65 317 256 341 329 501 22 153 410 438 480 48 110 292 371 224 300 380 95 119 442 453 33 155 11 420 496 62 275 346 456 433 52 115 243 309 98 390 283 237 85 35 462 137 82 259 327 351 393 143 3 188 381 148 461 429 334 73 320 474 398 350 165 30 212 90 322 391 414 450 207 4 502 144 280 50 68 349 434 359 444 41 103 175 463 117 218 19 403 483 160 56 296 120 492 105 10 172 307 372 411 340 201 288 93 42 126 247 81 445 211 125 493 355 384 276 138 449 413 186 38 475 397 265 345 101 49 189 92 385 5 412 477 114 271 166 208 497 336 8 76 400 423 465 174 43 111 231 127 239 27 360 460 147 219 57 177 156 435 63 18 229 366 311 419 89 466 274 176 157 443 46 297 202 113 476 250 234 220 498 70 26 286 430 139 454 252 324 402 109 7 100 406 335 6 471 141 171 187 272 457 161 392 16 78 487 129 190 225 51 69 287 302 29 58 424 124 210 240 375 221 478 97 130 295 233 464 314 54 361 261 170 140 365 37 59 488 181 273 304 291 241 494 162 77 34 337 198 118 14 315 388 459 67 108 469 228 356 0 135 204 251 331 86 121 182 448 24 151 193 343 253 282 9 71 439 290 242 142 99 194 358 128 203 373 12 425 325 227 215 257 399 316 339 17 79 428 45 368 60 152 232 294 348 305 394 158 183 84 36 262 169 75 21 378 409 123 66 133 267 285 415 1 199 310 352 32 94 178 245 112
432 496 160 219 240 304 368 362 309 444 271 202 459 94 426 102 372 465 335 261 123 485 180 110 435 129 356 325 149 389 237 68 498 193 415 213 479 410 288 76 162 257 277 321 143 474 345 78 183 298 246 380 207 138 402 86 263 327 391 412 471 135 199 333 33 172 493 424 251 378 354 441 41 229 157 488 310 418 374 462 43 286 221 152 482 216 438 126 51 337 242 146 306 275 502 189 9 394 205 451 370 296 166 252 17 269 25 115 429 360 187 315 500 346 307 208 109 253 425 195 270 434 18 487 388 285 278 319 461 384 392 24 84 495 55 433 57 210 291 358 401 364 453 218 250 97 45 323 230 82 30 445 469 178 72 200 329 340 477 6 262 376 417 35 103 231 311 170 164 489 403 366 272 67 316 254 342 334 497 26 151 409 440 481 42 111 287 375 227 299 383 91 125 443 448 32 159 13 421 492 58 273 348 458 427 53 117 239 314 99 386 281 235 90 38 466 133 80 264 326 350 397 141 0 185 379 153 460 430 331 75 318 473 393 355 161 34 215 88 328 390 413 454 204 1 499 145 284 49 69 343 439 363 447 40 98 176 464 112 223 15 405 484 156 59 294 122 490 107 11 174 302 373 407 338 196 292 92 46 130 249 83 442 212 124 494 352 382 279 137 450 419 182 36 470 395 259 349 100 54 194 96 387 2 411 476 118 267 163 209 503 341 7 71 399 422 468 168 48 105 233 128 244 23 357 456 148 220 60 179 154 437 65 19 225 365 313 416 85 463 276 181 158 446 44 300 201 114 478 245 236 217 501 73 27 282 428 134 452 258 322 400 108 12 104 408 330 3 475 140 169 184 268 455 167 398 14 79 486 132 192 224 50 63 290 303 31 61 420 120 211 241 377 222 480 93 127 297 232 467 308 52 359 265 171 142 367 39 62 483 177 274 305 293 238 491 165 81 29 339 197 116 20 317 385 457 66 106 472 226 351 4 139 203 248 332 87 119 188 449 21 150 191 347 256 280 8 70 436 289 243 144 101 190 361 131 206 371 10 423 324 228 214 255 404 320 336 16 77 431 47 369 56 147 234 295 344 301 396 155 186 89 37 260 173 74 22 381 406 121 64 136 266 283 414 5 198 312 353 28 95 175 247 113
433 492 156 220 241 305 369 360 314 447 267 201 457 95 424 103 373 468 330 265 121 488 178 111 437 132 351 324 152 388 235 69 501 191 414 216 477 409 292 71 165 255 275 319 141 473 349 79 186 296 250 383 204 137 400 87 262 326 390 411 475 139 198 335 32 174 494 420 248 381 356 445 40 225 158 483 312 415 376 466 48 282 222 147 479 210 440 130 50 339 243 143 307 273 499 194 8 396 207 453 366 294 163 258 16 271 24 117 430 357 184 317 502 348 302 209 108 256 423 193 272 439 19 486 385 283 277 315 460 382 398 21 89 496 51 427 60 211 293 361 402 370 448 223 245 93 47 325 229 80 34 442 472 175 76 199 334 338 476 3 260 372 418 38 98 233 313 171 166 487 405 365 268 66 320 257 340 331 503 27 150 406 435 482 46 105 290 377 228 298 378 97 124 446 449 28 160 9 425 490 61 274 344 459 429 55 112 244 308 101 389 286 231 88 36 463 136 78 263 323 355 395 140 4 187 384 151 456 428 332 74 321 469 397 352 167 29 214 86 327 386 419 452 203 5 498 146 285 54 63 347 436 362 441 35 99 181 467 113 219 17 401 489 154 62 295 123 493 109 13 168 303 371 410 337 200 287 96 44 127 251 82 443 215 120 491 353 380 278 133 454 416 188 37 474 394 264 343 104 52 190 94 391 6 407 478 116 266 162 205 500 342 12 70 404 426 462 170 42 107 232 131 240 25 358 458 153 217 56 180 157 434 67 15 224 367 310 417 90 464 279 177 155 444 45 299 196 118 480 247 237 221 497 75 23 280 431 138 451 253 328 399 106 10 102 412 329 0 470 142 173 183 269 461 164 393 20 77 485 126 195 227 49 65 289 304 33 57 421 122 212 238 374 218 481 92 128 300 234 465 311 53 363 259 169 144 368 41 58 484 179 276 301 288 242 495 161 83 31 336 202 115 18 316 387 455 64 110 471 230 350 1 134 206 246 333 84 125 185 450 22 149 189 346 254 284 7 73 438 291 239 145 100 192 359 129 208 375 11 422 322 226 213 252 403 318 341 14 81 432 43 364 59 148 236 297 345 306 392 159 182 85 39 261 172 72 26 379 408 119 68 135 270 281 413 2 197 309 354 30 91 176 249 114
434 497 161 182 245 308 371 378 287 413 259 217 483 77 441 84 343 476 322 238 147 462 210 91 399 140 385 301 126 364 273 98 455 203 406 189 469 427 294 105 119 266 252 329 133 490 357 63 175 315 231 350 196 154 420 70 253 316 379 442 463 127 190 309 42 204 470 428 274 336 372 392 49 267 134 491 295 435 358 448 7 330 197 155 498 218 421 112 14 351 260 162 323 239 484 168 21 414 183 477 386 302 148 224 28 246 35 141 407 365 211 280 471 366 331 212 85 232 436 219 254 393 36 478 359 324 261 310 499 387 400 29 56 485 43 443 71 169 317 344 415 337 492 176 268 106 22 288 275 99 15 422 449 198 78 205 281 373 456 50 247 380 429 0 92 225 303 191 135 500 430 352 276 93 289 240 388 318 450 44 142 423 444 493 1 100 282 367 255 325 374 57 163 408 457 37 149 51 401 464 79 226 381 479 394 30 156 233 332 64 345 296 262 107 23 486 113 86 269 311 338 437 120 8 199 346 164 494 416 297 101 304 487 409 382 114 52 206 94 333 375 395 501 177 16 465 157 319 2 108 339 431 389 438 45 58 184 472 121 213 9 445 458 128 87 283 143 451 72 38 220 290 353 402 360 170 326 65 31 150 263 109 403 185 158 480 361 368 270 151 473 446 171 10 459 424 227 390 73 39 214 102 354 24 439 452 165 234 129 221 495 383 3 66 396 410 502 178 53 59 248 136 277 17 340 466 122 192 95 207 115 417 80 46 241 347 327 425 67 460 249 222 144 432 18 334 215 137 467 228 271 172 481 88 54 305 404 123 488 278 284 411 81 47 110 418 291 32 503 116 186 193 242 453 159 447 4 74 474 166 200 235 11 60 312 298 25 103 397 130 179 256 391 208 489 75 124 313 243 496 285 26 355 279 201 131 362 33 111 454 194 236 320 335 229 461 145 96 12 369 180 152 55 299 341 475 89 68 482 250 348 40 167 173 257 306 82 117 223 468 5 138 187 376 264 292 19 61 412 307 272 153 83 181 377 160 195 342 34 419 300 265 202 251 440 328 349 27 62 426 41 384 69 118 258 293 356 286 433 125 209 104 20 237 216 97 13 363 398 139 76 146 230 314 405 48 188 321 370 6 90 174 244 132
435 498 162 183 246 309 372 380 288 415 261 219 485 78 444 86 345 479 325 240 149 465 213 94 402 143 389 304 129 368 277 102 459 207 410 193 474 432 298 110 123 271 257 335 138 496 362 68 180 321 237 356 202 160 426 76 252 315 378 441 462 126 189 310 43 205 471 429 275 337 374 394 51 269 135 493 296 438 360 451 9 333 199 157 502 221 424 115 17 354 263 166 327 242 488 172 25 418 187 482 391 306 152 229 33 251 41 146 412 370 216 286 469 364 329 210 84 231 434 218 253 392 35 477 358 323 262 311 500 388 401 30 57 487 45 445 72 170 319 346 417 340 495 178 270 109 24 291 278 103 18 425 453 200 82 208 285 376 461 55 250 384 433 6 97 230 307 195 133 497 427 350 273 91 287 239 386 316 448 42 141 421 443 492 0 99 281 366 254 326 375 58 164 409 458 38 151 53 403 466 80 227 383 481 397 32 159 235 334 67 348 299 264 111 26 489 117 90 272 314 342 440 125 13 196 343 161 490 413 294 98 302 484 407 379 112 49 204 92 331 373 393 499 176 15 464 156 318 1 107 338 430 390 439 46 59 185 473 122 215 11 447 460 130 88 284 145 454 75 40 223 292 355 405 363 174 328 69 34 153 259 105 399 182 154 476 357 365 267 148 470 442 168 7 456 422 225 387 71 36 212 100 352 23 437 450 163 233 128 220 494 382 2 65 395 411 503 179 54 60 249 137 279 19 341 468 124 194 96 209 118 419 83 48 244 349 322 420 63 455 245 217 140 428 14 330 211 134 463 224 268 169 478 85 50 303 400 120 486 276 282 408 79 44 108 416 290 31 501 114 184 192 241 452 158 446 3 73 475 167 201 236 12 61 313 300 27 104 398 132 181 258 385 203 483 70 119 308 238 491 280 21 351 274 197 127 359 29 106 449 191 232 317 332 226 457 142 93 8 367 177 150 52 297 339 472 87 66 480 248 347 39 165 171 256 305 81 116 222 467 4 139 188 377 265 293 20 62 406 301 266 147 77 175 371 155 190 336 28 414 295 260 198 247 436 324 344 22 56 423 37 381 64 113 255 289 353 283 431 121 206 101 16 234 214 95 10 361 396 136 74 144 228 312 404 47 186 320 369 5 89 173 243 131
436 500 164 185 249 313 377 379 289 416 263 222 489 83 442 85 346 480 327 243 153 463 212 93 403 144 391 307 127 366 276 101 460 208 412 190 471 430 297 109 124 272 253 331 135 494 361 67 181 316 232 352 199 158 425 75 254 318 382 446 467 131 195 308 44 206 473 432 279 342 371 393 52 270 137 496 300 434 359 450 10 334 201 160 497 219 423 114 18 355 265 161 324 240 487 171 26 419 182 478 388 304 151 228 34 245 36 142 409 368 215 285 470 367 333 214 88 236 440 217 255 395 39 481 362 328 259 309 501 390 404 33 62 483 42 444 73 172 320 349 413 336 493 177 271 111 27 287 274 100 16 424 454 202 77 204 282 375 459 54 251 378 428 1 94 227 305 194 134 499 431 354 278 96 293 238 387 319 452 47 145 426 441 491 2 102 284 369 258 322 372 56 165 411 461 41 147 49 400 465 81 229 384 476 392 29 157 234 335 69 343 295 261 108 24 488 118 84 267 310 339 439 123 12 197 344 163 495 418 299 104 301 485 408 383 116 55 209 91 330 374 396 503 180 20 462 155 317 3 110 341 433 385 435 43 57 186 475 125 210 7 443 457 129 89 286 140 448 71 37 221 291 356 399 358 169 325 66 32 152 260 106 401 184 159 482 363 364 268 149 472 447 173 13 455 421 226 389 74 40 216 98 351 22 438 453 167 237 126 218 492 381 4 68 398 406 498 176 51 58 250 139 273 14 337 464 121 193 97 203 112 415 79 45 242 348 323 422 64 458 248 223 146 427 15 332 213 136 468 230 266 168 479 87 53 306 405 119 484 275 283 410 82 48 105 414 288 30 502 117 188 189 239 449 156 445 5 76 469 162 198 233 9 59 314 294 21 99 394 128 178 257 386 205 486 72 122 312 244 490 281 23 353 277 200 132 357 28 107 451 192 235 321 329 224 456 143 95 11 370 175 148 50 296 340 474 90 63 477 247 345 38 166 174 252 302 78 113 220 466 6 133 183 373 262 290 17 60 407 303 269 150 80 179 376 154 191 338 31 417 298 264 196 246 437 326 347 25 61 420 35 380 65 115 256 292 350 280 429 120 207 103 19 231 211 92 8 360 397 138 70 141 225 311 402 46 187 315 365 0 86 170 241 130
437 501 165 186 250 314 373 383 292 414 265 220 488 79 447 87 349 477 324 241 152 468 216 95 400 141 388 305 132 369 275 103 457 204 409 191 473 433 296 111 121 267 255 330 137 492 360 69 178 319 235 351 201 156 424 71 258 317 381 445 466 130 194 312 48 207 475 430 273 339 376 396 50 271 139 494 294 440 357 453 8 335 198 158 499 222 420 117 16 356 262 163 326 243 483 174 24 415 184 479 390 307 147 225 32 248 40 143 411 366 210 282 472 370 334 211 89 233 439 223 256 398 38 476 361 325 260 313 502 385 402 34 60 486 47 442 76 171 315 348 418 338 496 175 272 108 21 293 277 98 19 423 448 199 80 209 283 372 460 51 245 382 427 3 93 229 302 193 136 503 429 355 274 97 290 244 389 320 449 46 140 425 446 490 4 101 286 365 257 323 377 61 166 406 459 36 150 55 405 463 78 228 378 482 395 28 160 231 331 66 344 298 263 105 27 487 112 88 268 308 340 435 124 9 200 347 167 493 419 295 99 303 489 410 384 113 54 203 96 332 371 397 498 181 17 467 154 321 5 109 337 428 386 436 44 62 187 469 123 214 13 441 456 127 86 285 146 452 74 35 219 287 352 401 362 168 327 63 29 151 264 107 404 188 157 478 358 367 266 153 474 443 170 12 458 426 224 391 70 37 215 104 353 25 434 454 162 232 131 217 491 380 6 67 394 407 500 180 52 56 251 133 278 15 342 462 120 190 94 205 116 416 82 42 240 343 328 421 65 461 247 221 142 431 20 329 212 138 464 227 269 173 480 90 49 304 399 122 485 279 280 412 77 45 106 417 289 33 497 118 183 195 238 451 155 444 0 75 470 164 196 237 10 57 310 299 23 102 393 126 177 253 387 206 484 73 125 311 242 495 284 22 350 276 202 128 363 31 110 450 189 234 316 333 230 455 144 92 7 368 179 149 53 300 336 471 84 64 481 246 346 41 161 169 254 301 83 115 218 465 1 134 185 374 259 288 18 58 408 306 270 148 81 176 375 159 192 341 30 413 297 261 197 249 438 322 345 26 59 422 39 379 68 114 252 291 354 281 432 119 208 100 14 236 213 91 11 359 392 135 72 145 226 309 403 43 182 318 364 2 85 172 239 129
438 502 166 187 251 310 374 384 291 417 262 218 487 82 443 90 348 481 326 239 151 464 215 92 405 145 390 302 128 365 279 100 456 209 411 192 475 428 300 108 120 268 256 332 139 491 359 66 177 320 234 353 198 155 423 74 257 321 380 444 465 129 193 311 45 208 469 433 278 340 375 397 53 272 133 492 299 439 363 454 11 331 196 156 503 220 422 118 19 352 259 167 322 241 486 169 27 416 188 480 385 305 150 226 29 247 37 144 406 369 214 283 474 368 335 213 86 237 435 221 252 394 41 482 360 327 264 314 497 386 403 32 58 484 46 447 75 174 318 343 419 341 494 179 267 105 23 290 276 104 14 420 452 201 81 203 280 377 457 52 248 381 431 5 95 228 301 190 138 498 432 356 277 94 288 242 391 315 451 43 146 424 445 495 6 103 285 364 253 328 373 59 161 407 460 40 148 54 399 468 83 225 382 478 398 31 158 236 330 63 347 297 265 106 21 483 116 89 266 312 336 436 121 10 202 345 162 496 415 298 102 306 488 412 378 115 51 205 97 329 376 392 500 178 18 466 159 316 0 111 342 427 387 437 48 60 182 470 124 211 12 446 455 132 85 282 142 449 70 39 222 293 351 404 361 173 324 64 28 147 261 110 402 183 160 479 362 370 269 152 471 441 172 9 461 425 230 388 72 35 210 99 350 26 440 448 164 235 130 223 490 379 1 69 393 408 501 181 50 61 245 134 274 20 339 467 119 191 93 206 113 414 77 47 243 344 325 426 68 459 246 219 143 429 17 333 216 135 462 229 270 170 477 84 55 307 401 125 489 273 281 409 80 42 107 413 292 34 499 112 185 194 244 450 154 442 2 71 472 165 197 232 8 62 308 295 22 101 396 131 175 255 389 207 485 76 123 309 240 493 286 25 354 275 199 126 358 30 109 453 195 231 319 334 227 458 141 91 13 366 176 153 49 294 338 473 88 65 476 249 349 36 163 168 258 303 79 114 217 463 3 136 186 371 260 289 16 56 410 304 271 149 78 180 372 157 189 337 33 418 296 263 200 250 434 323 346 24 57 421 38 383 67 117 254 287 355 284 430 122 204 98 15 233 212 96 7 357 395 137 73 140 224 313 400 44 184 317 367 4 87 171 238 127
439 503 167 188 247 311 375 381 290 419 264 221 484 81 445 89 347 478 328 242 148 466 211 97 404 142 387 306 130 370 274 99 461 206 408 194 472 429 295 107 125 270 258 334 136 493 358 65 176 317 233 355 200 157 421 73 256 320 384 443 464 128 192 314 46 203 474 431 276 341 373 398 54 266 138 495 297 437 361 449 12 329 202 159 501 223 425 113 20 350 261 165 325 244 489 170 22 413 186 476 389 303 153 227 30 250 38 140 410 367 212 284 475 365 332 215 90 234 438 220 257 397 37 480 363 322 265 312 498 391 399 31 59 488 48 446 70 173 316 345 414 339 490 181 269 110 26 292 273 101 17 426 450 197 79 207 286 371 458 49 249 383 430 4 96 224 304 189 139 502 428 353 279 92 291 241 385 321 454 45 144 422 447 494 5 104 280 368 252 324 376 60 162 412 455 39 152 50 402 467 77 230 379 477 396 34 154 232 333 68 349 294 260 109 25 485 114 87 271 313 337 434 122 7 198 348 166 491 417 300 100 305 486 406 380 118 53 208 95 335 377 394 497 179 14 468 158 315 6 106 336 432 388 440 47 61 183 471 119 216 8 442 459 131 84 281 141 453 76 36 217 289 354 400 357 171 323 67 33 149 262 108 405 187 155 481 359 369 272 150 469 444 169 11 457 420 228 386 75 41 213 103 356 21 436 451 161 236 132 222 496 378 0 64 392 409 499 175 55 62 246 135 275 16 338 463 123 195 91 204 117 418 78 44 238 346 326 423 66 456 251 218 145 433 19 331 214 133 465 226 267 174 482 86 52 301 403 121 483 277 285 407 83 43 111 415 293 28 500 115 182 191 243 448 160 441 1 72 473 163 199 231 13 56 309 296 24 98 395 127 180 254 390 209 487 74 120 310 239 492 283 27 352 278 196 129 360 32 105 452 190 237 318 330 225 460 146 94 10 364 178 147 51 298 342 470 85 69 479 245 344 35 164 172 255 307 80 112 219 462 2 137 184 372 263 287 15 57 411 302 268 151 82 177 374 156 193 340 29 416 299 259 201 248 435 327 343 23 58 424 40 382 63 116 253 288 351 282 427 124 205 102 18 235 210 93 9 362 393 134 71 143 229 308 401 42 185 319 366 3 88 168 240 126
440 499 163 184 248 312 376 382 293 418 260 223 486 80 446 88 344 482 323 244 150 467 214 96 401 146 386 303 131 367 278 104 458 205 407 195 470 431 299 106 122 269 254 333 134 495 363 64 179 318 236 354 197 159 422 72 255 319 383 447 468 132 191 313 47 209 472 427 277 338 377 395 55 268 136 490 298 436 362 452 13 332 200 154 500 217 426 116 15 353 264 164 328 238 485 173 23 417 185 481 387 301 149 230 31 249 39 145 408 364 213 281 473 369 330 216 87 235 437 222 258 396 40 479 357 326 263 308 503 389 405 28 61 489 44 441 74 168 321 347 416 342 491 180 266 107 25 289 279 102 20 421 451 196 83 206 284 374 455 53 246 379 432 2 91 226 306 192 137 501 433 351 275 95 292 243 390 317 453 48 143 420 442 496 3 98 283 370 256 327 371 62 167 410 456 35 153 52 404 462 82 224 380 480 393 33 155 237 329 65 346 300 259 110 22 484 115 85 270 309 341 438 119 11 201 349 165 492 414 296 103 307 483 411 381 117 50 207 93 334 372 398 502 175 19 463 160 320 4 105 340 429 391 434 42 56 188 474 120 212 10 444 461 126 90 280 144 450 73 41 218 288 350 403 359 172 322 68 30 148 265 111 400 186 156 477 360 366 271 147 475 445 174 8 460 423 229 385 76 38 211 101 355 27 435 449 166 231 127 219 493 384 5 63 397 412 497 177 49 57 247 138 276 18 336 465 125 189 92 208 114 413 81 43 239 345 324 424 69 457 250 220 141 430 16 335 210 139 466 225 272 171 476 89 51 302 402 124 487 274 286 406 78 46 109 419 287 29 498 113 187 190 240 454 157 443 6 70 471 161 202 234 7 58 311 297 26 100 392 129 176 252 388 204 488 71 121 314 241 494 282 24 356 273 198 130 361 34 108 448 193 233 315 331 228 459 140 97 9 365 181 151 54 295 337 469 86 67 478 251 343 37 162 170 253 304 77 118 221 464 0 135 182 375 261 291 14 59 409 305 267 152 79 178 373 158 194 339 32 415 294 262 199 245 439 325 348 21 60 425 36 378 66 112 257 290 352 285 428 123 203 99 17 232 215 94 12 358 394 133 75 142 227 310 399 45 183 316 368 1 84 169 242 128
441 462 126 189 252 315 378 364 329 434 231 210 469 84 427 91 350 497 287 273 133 490 196 98 413 161 343 294 154 357 259 105 476 182 399 217 455 420 322 63 140 245 238 308 119 483 385 70 203 301 266 371 175 147 406 77 246 309 372 435 498 162 183 323 35 218 477 392 253 358 386 421 42 239 141 448 316 407 379 484 49 302 204 112 470 168 442 148 7 365 267 134 330 224 463 211 14 428 197 491 351 280 127 274 21 260 28 155 414 336 190 295 485 380 288 219 78 261 415 205 275 429 43 471 337 310 254 281 492 366 443 0 99 499 15 393 92 176 331 373 422 387 456 212 225 71 36 303 268 85 50 400 478 169 106 191 317 359 449 29 232 344 436 22 56 247 324 198 149 479 444 345 240 86 325 269 374 296 493 51 135 394 401 500 30 57 311 388 262 318 338 107 156 430 464 1 163 23 437 450 100 233 352 486 408 44 120 276 282 79 367 332 226 93 8 457 142 64 255 289 381 423 113 37 213 389 143 465 402 304 94 333 451 438 360 157 9 199 72 319 346 445 487 170 45 458 164 326 38 58 375 409 382 395 2 65 220 494 128 184 31 416 501 114 108 290 150 472 87 52 177 297 339 431 353 206 283 101 16 121 277 102 410 207 129 459 368 354 263 115 502 424 221 17 495 417 270 340 109 24 178 80 383 53 403 466 151 227 122 185 473 390 46 59 439 446 452 192 3 73 241 158 248 39 347 480 165 171 66 214 136 396 95 10 234 361 298 432 110 474 271 193 123 418 25 327 172 166 488 242 278 200 453 103 18 291 425 159 481 235 334 397 67 32 88 447 284 11 460 130 215 179 249 503 137 411 54 60 467 116 222 256 4 81 305 312 47 74 404 144 186 228 362 180 496 68 138 335 257 482 306 33 391 229 187 152 376 55 82 461 208 250 285 299 264 489 117 111 26 348 223 145 40 292 355 454 75 96 468 279 341 19 124 194 236 313 61 167 201 475 12 131 173 369 243 320 5 89 426 321 237 160 76 202 356 146 216 370 41 412 286 251 195 230 433 307 384 6 97 440 13 342 90 125 272 314 363 328 405 153 174 69 34 244 209 83 48 349 419 118 104 132 258 300 398 27 181 293 377 20 62 188 265 139
442 463 127 190 253 316 379 366 331 436 232 212 471 85 430 93 352 500 289 276 135 494 199 101 416 164 346 297 158 361 263 109 480 185 403 222 460 425 327 67 144 249 243 313 124 489 391 75 208 307 272 377 181 153 412 83 245 308 371 434 497 161 182 324 36 219 478 393 254 359 388 423 44 240 142 450 318 409 382 487 52 304 206 114 473 171 446 151 10 368 270 137 334 228 467 215 18 432 201 496 355 285 131 279 26 265 34 160 419 342 195 300 483 378 287 217 77 259 413 204 274 428 42 470 336 309 255 282 493 367 444 1 100 501 16 395 94 177 333 375 424 390 459 214 227 73 39 305 271 88 54 404 481 172 111 194 320 362 454 33 236 349 440 27 62 251 328 202 147 476 441 343 238 84 322 267 372 295 491 49 134 392 400 499 29 56 310 387 261 319 339 108 157 431 465 2 165 24 439 452 102 234 354 488 411 47 123 278 284 81 369 335 229 96 12 461 145 69 258 293 384 426 118 41 210 385 140 462 399 301 91 330 448 435 358 155 7 197 71 317 344 443 485 169 43 457 163 325 37 57 374 408 383 396 3 66 221 495 129 186 32 418 503 116 110 291 152 475 89 55 180 299 341 433 356 209 286 104 20 125 273 98 406 203 126 455 364 351 260 112 498 421 218 14 492 415 268 337 106 22 176 79 381 51 401 464 149 226 121 184 472 389 45 58 438 447 453 193 4 74 242 159 250 40 348 482 167 173 68 216 139 398 97 13 237 363 294 427 105 469 266 189 119 414 21 323 168 162 484 239 275 198 449 99 15 288 422 156 479 233 332 394 64 30 87 445 283 9 458 128 213 178 248 502 136 410 53 59 468 117 223 257 5 82 306 314 48 76 405 146 188 230 357 175 490 63 133 329 252 477 302 28 386 224 183 148 373 50 78 456 205 247 281 296 262 486 113 107 23 345 220 143 38 290 353 451 72 95 466 277 340 17 122 192 235 312 60 166 200 474 11 132 174 370 244 321 6 90 420 315 231 154 70 196 350 141 211 365 35 407 280 246 191 225 429 303 380 0 92 437 8 338 86 120 269 311 360 326 402 150 170 65 31 241 207 80 46 347 417 115 103 130 256 298 397 25 179 292 376 19 61 187 264 138
443 464 128 192 256 320 384 365 332 438 234 215 475 90 428 92 353 502 291 279 139 491 198 100 417 166 348 300 155 359 262 108 481 187 405 218 456 423 326 66 145 251 239 310 120 487 390 74 209 302 268 374 177 151 411 82 247 311 375 439 503 167 188 322 37 220 480 397 257 363 385 422 45 241 144 454 321 406 380 486 53 305 208 118 469 169 444 150 11 369 272 133 331 226 465 214 19 433 196 492 352 283 129 278 27 259 29 156 416 340 193 299 484 381 290 221 81 264 419 203 276 431 46 474 341 314 252 280 494 368 447 5 104 497 14 394 95 179 335 377 420 386 457 213 228 75 41 301 267 86 52 403 482 174 105 190 318 360 452 32 237 343 435 23 58 248 327 201 148 478 445 347 242 89 328 266 373 297 495 54 138 398 399 498 31 59 312 391 265 315 336 106 158 432 468 6 161 21 436 451 103 236 356 483 407 43 121 277 285 83 364 330 225 94 10 460 146 63 253 288 382 424 116 40 211 387 142 466 404 306 97 329 449 437 361 159 12 202 70 316 345 446 488 173 48 455 162 324 39 60 376 412 378 392 0 64 222 496 132 182 28 415 500 115 111 293 147 470 85 51 178 298 342 427 351 205 282 102 18 124 274 99 408 206 130 461 370 350 261 113 501 425 223 20 490 414 269 339 110 26 181 77 379 50 402 467 152 230 119 183 471 388 47 61 440 441 448 191 1 72 243 160 245 35 344 479 164 172 69 210 134 393 93 9 235 362 295 429 107 472 270 194 125 413 22 325 170 165 489 244 273 197 450 101 17 292 426 154 477 232 333 396 68 34 84 442 281 8 459 131 216 175 246 499 135 409 55 62 462 112 219 255 2 80 307 308 42 71 401 143 185 229 358 176 493 65 136 334 258 476 303 30 389 227 186 153 371 49 79 458 207 249 286 294 260 485 114 109 25 349 217 141 36 289 354 453 76 91 463 275 338 16 123 195 231 309 56 163 199 473 13 126 168 366 240 319 3 88 421 317 233 157 73 200 355 140 212 367 38 410 284 250 189 224 430 304 383 4 96 434 7 337 87 122 271 313 357 323 400 149 171 67 33 238 204 78 44 346 418 117 98 127 254 296 395 24 180 287 372 15 57 184 263 137
444 465 129 193 257 321 380 368 335 435 237 213 474 86 432 94 356 498 288 277 138 496 202 102 415 162 345 298 160 362 261 110 479 183 402 219 459 426 325 68 143 246 240 309 123 485 389 76 207 304 271 372 180 149 410 78 251 310 374 438 502 166 187 327 41 221 482 394 252 360 391 424 43 242 146 451 315 412 378 488 51 306 205 115 471 172 441 152 9 370 269 135 333 229 462 216 17 429 199 493 354 286 126 275 25 263 33 157 418 337 189 296 487 384 291 218 82 262 417 208 278 433 45 469 340 311 253 285 495 364 445 6 103 500 18 392 97 178 329 376 425 388 461 210 230 72 35 307 270 84 55 401 477 170 109 195 319 358 453 30 231 346 434 24 57 250 323 200 151 481 443 348 239 90 326 272 375 299 492 53 133 397 403 497 32 58 314 386 264 316 342 111 159 427 466 0 164 26 440 448 99 235 350 489 409 42 125 273 281 80 366 334 227 91 13 458 141 67 254 287 383 421 117 38 215 390 145 464 405 302 92 331 454 439 363 156 11 196 75 318 343 447 484 174 46 460 161 328 40 59 373 407 379 393 1 69 223 490 130 185 34 413 499 112 107 292 153 473 88 49 176 294 338 430 355 204 284 98 15 122 279 100 411 209 128 456 365 352 259 118 503 422 220 19 494 419 267 341 105 23 179 83 382 54 399 468 148 225 124 182 470 387 48 60 437 442 450 194 2 71 244 154 249 36 349 476 163 168 65 212 137 395 96 7 233 357 300 428 108 475 268 192 120 416 27 322 169 167 486 241 276 201 452 104 14 290 420 158 478 236 330 398 63 31 85 446 282 12 455 132 211 181 245 501 134 408 50 61 463 114 217 258 3 79 303 313 44 73 400 140 184 224 359 177 491 66 139 332 256 480 305 29 385 226 188 150 377 52 81 457 203 248 280 297 265 483 116 106 21 347 222 142 39 293 351 449 70 93 467 274 339 20 119 191 232 308 62 165 197 472 8 127 171 367 238 317 4 87 423 320 234 155 74 198 353 144 214 369 37 406 283 247 190 228 431 301 381 5 95 436 10 336 89 121 266 312 361 324 404 147 173 64 28 243 206 77 47 344 414 113 101 131 255 295 396 22 175 289 371 16 56 186 260 136
445 466 130 194 258 317 381 370 334 439 233 211 472 89 429 97 355 503 290 274 136 493 200 99 419 167 347 295 157 358 264 107 478 188 404 221 461 421 328 65 142 247 242 311 125 484 387 73 206 306 270 375 176 148 408 81 250 314 373 437 501 165 186 325 38 223 476 398 256 361 389 425 46 244 140 449 320 410 384 489 54 303 203 113 474 170 443 153 12 367 266 138 329 227 464 212 20 431 202 495 350 284 128 276 22 261 30 159 413 341 192 297 488 383 292 220 79 265 414 207 273 430 48 475 339 312 257 286 490 365 446 4 101 498 17 397 96 181 332 371 426 391 458 215 224 70 37 304 269 90 49 399 480 173 110 189 316 363 450 31 234 345 438 26 59 249 322 197 152 477 447 349 241 87 324 271 376 294 494 50 139 396 402 502 34 60 313 385 260 321 337 109 154 428 467 5 162 25 434 454 104 232 353 485 412 45 122 279 280 77 368 333 230 92 7 455 144 68 252 291 379 422 114 39 216 388 141 468 400 305 95 335 453 440 357 158 8 198 76 315 348 442 486 171 47 459 166 323 36 61 377 406 380 394 6 67 217 491 131 183 33 417 497 118 106 289 149 471 84 53 179 300 336 432 354 208 281 100 14 119 275 103 409 204 132 457 369 356 262 117 499 420 222 16 496 418 272 338 108 21 175 78 378 55 405 463 150 228 123 187 469 386 44 62 436 444 451 195 0 75 238 155 246 41 346 481 161 169 64 213 135 392 91 11 236 359 296 433 111 473 267 191 121 415 24 326 174 163 483 243 277 199 448 98 19 293 423 160 482 231 331 395 66 28 86 441 285 13 456 127 214 180 251 500 133 407 52 56 465 115 218 254 1 83 301 309 43 72 403 145 182 226 360 178 492 69 137 330 255 479 307 32 390 225 184 147 372 51 80 460 209 245 283 298 263 487 112 105 27 344 219 146 35 287 352 452 74 94 462 278 342 15 120 190 237 310 57 164 196 470 10 129 172 364 239 318 2 85 424 319 235 156 71 201 351 143 210 366 40 411 282 248 193 229 427 302 382 3 93 435 9 340 88 124 268 308 362 327 401 151 168 63 29 240 205 82 42 343 416 116 102 126 253 299 393 23 177 288 374 18 58 185 259 134
446 467 131 195 254 318 382 367 333 440 236 214 470 88 431 96 354 499 293 278 134 495 197 104 418 163 344 299 159 363 260 106 482 184 401 223 458 422 323 64 146 248 244 312 122 486 386 72 205 303 269 376 179 150 407 80 249 313 377 436 500 164 185 328 39 217 481 395 255 362 387 426 47 238 145 452 319 408 383 485 55 301 209 116 472 173 447 149 13 364 268 136 332 230 468 213 15 427 200 490 353 281 132 277 23 264 31 154 417 338 191 298 489 379 289 222 83 263 416 206 279 432 44 473 342 308 258 284 491 369 441 2 102 503 20 396 91 180 330 374 421 389 455 216 226 74 40 306 266 87 53 405 479 168 107 192 321 357 451 28 235 347 437 25 61 246 326 196 153 480 442 346 243 85 327 270 371 300 496 52 137 393 404 501 33 62 309 390 259 317 341 110 155 433 462 3 167 22 438 453 98 237 351 484 410 48 119 275 283 82 370 329 224 95 11 456 143 65 256 292 380 420 115 35 212 391 144 463 403 307 93 334 450 434 359 160 10 201 73 320 349 444 483 172 42 461 165 322 41 56 372 411 381 398 4 68 218 492 126 188 30 414 502 117 105 288 148 474 90 50 175 296 340 429 350 207 280 103 19 120 276 101 412 208 127 460 366 355 265 114 497 423 219 18 493 413 271 336 111 27 177 81 384 49 400 465 147 229 125 186 475 385 43 57 435 445 449 189 5 76 239 156 247 38 345 477 166 174 63 211 138 397 92 8 231 360 297 430 109 471 272 190 124 419 26 324 171 161 487 240 274 202 454 100 16 287 424 157 476 234 335 392 69 29 89 443 286 7 457 129 210 176 250 498 139 406 51 58 466 113 220 252 6 78 302 311 46 70 402 141 187 225 361 181 494 67 135 331 253 478 304 34 388 228 182 151 375 54 77 459 204 251 282 295 261 488 118 108 24 343 221 140 37 291 356 448 71 97 464 273 337 14 121 193 233 314 59 162 198 469 9 130 170 365 241 315 0 86 425 316 232 158 75 199 352 142 215 368 36 409 285 245 194 227 428 305 378 1 94 439 12 339 84 123 267 310 358 325 399 152 169 66 32 242 203 79 45 348 415 112 99 128 257 294 394 21 178 290 373 17 60 183 262 133
447 468 132 191 255 319 383 369 330 437 235 216 473 87 433 95 351 501 292 275 137 492 201 103 414 165 349 296 156 360 265 111 477 186 400 220 457 424 324 69 141 250 241 314 121 488 388 71 204 305 267 373 178 152 409 79 248 312 376 440 499 163 184 326 40 222 479 396 258 357 390 420 48 243 143 453 317 411 381 483 50 307 207 117 475 174 445 147 8 366 271 139 335 225 466 210 16 430 198 494 356 282 130 273 24 262 32 158 415 339 194 294 486 382 293 223 80 260 418 209 277 427 47 472 338 313 256 283 496 370 442 3 98 502 19 398 93 175 334 372 423 385 460 211 229 76 38 302 272 89 51 402 476 171 108 193 315 361 448 34 233 348 439 21 60 245 325 199 150 482 446 344 244 88 323 268 377 298 490 55 136 395 405 503 28 61 308 389 263 320 340 105 160 429 463 4 166 27 435 449 101 231 355 487 406 46 124 274 286 78 365 331 228 97 9 459 140 66 257 290 378 425 112 36 214 386 146 467 401 303 96 332 452 436 362 154 13 200 74 321 347 441 489 168 44 456 167 327 35 62 371 410 384 397 5 63 219 493 127 187 29 419 498 113 109 287 151 469 86 54 181 295 337 428 352 203 285 99 17 123 278 104 407 205 131 458 367 353 264 116 500 426 217 15 491 416 266 342 107 25 180 82 380 52 404 462 153 224 120 188 474 391 42 56 434 443 454 190 6 70 240 157 251 37 343 478 162 170 67 215 133 394 94 12 232 358 299 431 106 470 269 195 122 417 23 328 173 164 485 238 279 196 451 102 20 289 421 155 480 237 329 393 65 33 90 444 280 10 461 126 212 177 247 497 138 412 49 57 464 118 221 253 0 77 304 310 45 75 399 142 183 227 363 179 495 64 134 333 254 481 301 31 387 230 185 149 374 53 83 455 206 246 284 300 259 484 115 110 22 346 218 144 41 288 350 450 73 92 465 276 336 18 125 189 234 311 58 161 202 471 7 128 169 368 242 316 1 84 422 318 236 159 72 197 354 145 213 364 39 408 281 249 192 226 432 306 379 2 91 438 11 341 85 119 270 309 359 322 403 148 172 68 30 239 208 81 43 345 413 114 100 129 252 297 392 26 176 291 375 14 59 182 261 135
448 112 168 224 280 336 392 225 449 337 56 393 169 281 282 338 113 394 57 450 226 339 283 395 170 451 58 114 396 171 340 452 227 115 59 453 60 228 397 116 284 172 117 229 61 285 454 173 341 174 398 286 62 342 118 230 175 231 287 343 399 455 119 400 344 456 232 0 288 176 457 233 401 120 289 1 345 121 402 290 458 177 346 2 178 3 459 347 122 234 403 235 460 4 123 404 179 291 292 348 124 5 180 461 236 349 293 405 181 6 237 125 294 406 63 462 238 350 182 351 463 295 407 183 7 239 296 8 352 240 464 64 408 409 184 9 353 65 465 297 241 466 66 410 10 185 354 186 411 298 467 67 242 11 468 243 355 187 12 299 68 69 356 244 13 188 412 300 357 245 469 70 126 301 413 414 302 127 358 470 246 14 71 415 303 15 247 471 359 360 16 472 416 304 128 72 473 248 361 17 417 73 129 305 130 418 74 474 18 249 250 475 19 362 131 75 306 132 307 76 419 251 20 363 420 476 308 133 77 189 364 477 21 365 190 421 134 309 191 366 78 478 310 22 422 79 479 423 367 23 311 135 424 24 80 136 480 368 192 137 312 193 425 25 481 81 369 194 313 482 82 138 26 314 139 370 27 426 195 83 483 427 140 371 196 84 252 141 372 28 428 253 484 197 373 198 429 29 485 254 85 255 430 486 86 142 374 30 87 143 199 487 431 31 375 488 32 256 88 200 144 432 201 376 89 257 489 33 145 433 258 34 377 146 90 202 147 315 490 203 434 259 91 204 260 435 35 491 316 148 492 317 36 436 205 92 261 437 262 93 493 37 149 318 319 494 38 150 94 206 438 95 207 439 263 151 495 39 152 40 496 320 96 264 208 265 440 209 97 321 153 41 210 98 378 154 266 497 322 267 211 323 498 42 155 379 324 499 268 99 380 212 43 156 381 325 44 500 269 100 501 326 382 101 157 45 213 383 158 502 46 214 102 270 103 271 47 503 327 215 159 216 48 272 160 384 104 328 273 385 105 441 217 329 161 330 442 274 386 162 49 218 275 50 331 219 443 106 387 388 163 51 332 107 444 276 220 445 108 389 52 164 333 165 390 277 446 109 221 53 447 222 334 166 54 278 110 111 335 223 55 167 391 279
449 113 170 227 284 341 398 224 450 339 59 397 173 286 280 337 114 396 60 454 230 336 281 394 171 453 61 118 392 169 338 451 228 117 62 448 56 226 395 115 285 174 112 225 57 283 452 172 342 168 393 282 58 340 116 229 176 233 290 347 404 461 125 399 345 458 234 4 292 181 455 232 402 122 291 5 349 119 400 289 459 179 348 6 175 0 457 346 123 236 405 231 456 1 121 403 180 293 287 344 120 2 178 460 237 343 288 401 177 3 235 124 295 408 65 466 242 355 188 350 464 297 410 186 12 244 294 7 353 241 467 68 412 406 183 8 354 67 468 300 238 463 64 409 11 187 356 182 407 296 465 66 243 13 462 239 352 184 10 298 69 63 351 240 9 185 411 299 358 247 472 73 130 306 419 413 303 128 361 474 250 20 70 414 304 17 249 475 363 357 14 471 417 305 131 76 469 246 359 16 418 75 132 301 127 415 72 473 19 251 245 470 15 360 129 74 307 126 302 71 416 248 18 362 421 478 311 136 81 194 370 476 22 367 192 425 138 314 189 365 79 480 312 26 426 77 477 422 368 25 313 139 420 21 78 135 481 369 195 133 309 191 423 24 482 83 364 190 310 479 80 137 27 308 134 366 23 424 193 82 484 429 142 375 200 89 258 140 373 30 431 256 489 202 371 197 430 31 488 257 90 252 428 485 87 144 376 34 84 141 198 486 432 33 377 483 28 254 86 199 145 433 196 372 85 255 487 32 146 427 253 29 374 143 88 201 148 317 493 206 439 264 97 203 261 437 38 495 320 153 490 316 37 438 207 96 265 434 260 92 494 39 152 321 315 491 36 149 95 208 440 91 204 436 262 150 496 41 147 35 492 318 94 263 209 259 435 205 93 319 151 40 211 99 381 157 270 503 328 266 212 325 501 46 159 384 322 498 269 101 383 215 48 154 379 324 45 502 271 104 497 323 380 100 158 47 216 378 155 499 44 213 103 272 98 267 43 500 326 214 160 210 42 268 156 382 102 327 274 387 107 445 221 334 167 329 443 276 389 165 54 223 273 49 332 220 446 110 391 385 162 50 333 109 447 279 217 442 106 388 53 166 335 161 386 275 444 108 222 55 441 218 331 163 52 277 111 105 330 219 51 164 390 278
450 114 171 228 285 342 393 227 454 336 62 395 172 282 284 339 118 392 56 452 229 341 286 396 169 448 57 116 398 173 337 453 226 112 58 449 59 230 394 117 283 168 113 224 60 281 451 174 340 170 397 280 61 338 115 225 181 232 289 346 403 460 124 404 349 459 236 1 287 177 461 234 400 123 293 2 343 125 399 291 457 180 344 3 176 4 455 348 121 237 401 233 458 5 119 405 178 288 290 345 122 6 175 456 235 347 292 402 179 0 231 120 297 412 67 463 243 352 185 355 467 300 409 182 10 240 295 12 354 238 465 69 411 408 186 7 356 66 462 299 242 464 68 406 13 184 351 188 410 294 468 64 239 9 466 244 353 183 11 296 63 65 350 241 8 187 407 298 361 249 471 75 127 307 416 419 304 131 359 473 245 18 73 413 305 16 251 470 362 358 20 475 418 301 129 71 472 250 363 14 415 74 126 306 128 414 76 469 15 248 247 474 17 357 132 72 302 130 303 70 417 246 19 360 425 480 313 135 83 190 366 478 26 368 195 423 137 308 194 367 77 481 309 27 424 81 476 426 369 24 310 134 421 22 79 139 482 364 193 136 314 189 422 21 479 82 370 192 312 477 78 133 23 311 138 365 25 420 191 80 489 430 144 377 199 85 253 142 371 34 432 254 487 201 375 202 428 33 483 255 88 258 431 488 84 145 372 29 89 140 197 485 433 32 374 484 30 257 87 198 146 427 200 373 90 252 486 28 143 429 256 31 376 141 86 196 153 316 494 208 436 263 93 206 265 434 36 496 318 151 493 320 39 440 204 94 259 439 261 96 491 41 147 319 317 495 37 152 91 209 435 97 203 438 260 149 492 40 148 38 490 321 95 262 205 264 437 207 92 315 150 35 212 101 379 158 272 500 327 270 215 324 497 44 160 382 328 501 271 100 378 214 42 157 384 322 47 499 267 102 503 325 383 104 155 43 210 381 159 498 45 216 98 268 99 266 48 502 323 213 156 211 46 269 154 380 103 326 276 391 109 442 222 331 164 334 446 279 388 161 52 219 274 54 333 217 444 111 390 387 165 49 335 108 441 278 221 443 110 385 55 163 330 167 389 273 447 106 218 51 445 223 332 162 53 275 105 107 329 220 50 166 386 277
451 115 172 229 286 337 394 230 453 340 57 392 170 285 281 342 117 397 58 448 227 338 284 393 174 454 59 112 395 168 341 450 225 118 60 452 61 224 398 114 282 169 116 226 62 280 449 171 339 173 396 283 56 336 113 228 180 237 288 345 402 459 123 401 346 461 231 6 291 178 458 235 403 125 287 0 348 122 405 292 460 176 343 1 179 2 456 349 124 233 399 236 455 3 120 400 181 290 293 347 119 4 177 457 232 344 289 404 175 5 234 121 298 410 68 465 240 356 183 354 462 296 412 187 9 242 299 13 350 239 466 67 409 407 185 11 355 69 464 294 244 468 65 411 7 182 352 184 408 300 463 63 241 12 467 238 351 188 8 297 66 64 353 243 10 186 406 295 362 246 474 76 129 304 415 418 306 126 360 471 251 17 72 417 307 18 250 469 358 363 15 473 413 302 130 75 470 249 357 19 419 71 128 303 132 416 73 475 14 245 248 472 20 359 127 70 305 131 301 74 414 247 16 361 426 479 309 138 78 193 368 482 25 370 189 424 135 310 195 364 82 477 311 24 425 80 481 421 366 26 314 133 422 23 83 137 476 365 194 134 313 192 420 27 478 79 367 191 308 480 81 139 21 312 136 369 22 423 190 77 485 432 143 372 202 86 257 146 374 33 429 252 488 199 376 200 433 30 487 253 84 254 427 489 90 141 375 32 88 145 196 484 430 34 373 486 31 258 85 201 140 428 197 377 87 256 483 29 142 431 255 28 371 144 89 198 149 321 496 207 435 261 94 205 263 438 41 493 315 152 495 319 35 434 208 97 262 440 264 91 492 38 151 316 318 490 40 153 92 204 439 96 209 437 259 148 494 36 150 39 491 317 93 265 203 260 436 206 95 320 147 37 213 102 380 160 271 498 325 269 216 327 502 43 157 378 323 500 270 103 384 210 45 159 383 326 42 497 272 99 499 328 379 98 156 46 215 382 154 503 48 212 100 267 104 268 44 501 322 211 158 214 47 266 155 381 101 324 277 389 110 444 219 335 162 333 441 275 391 166 51 221 278 55 329 218 445 109 388 386 164 53 334 111 443 273 223 447 107 390 49 161 331 163 387 279 442 105 220 54 446 217 330 167 50 276 108 106 332 222 52 165 385 274
452 116 173 230 281 338 395 226 451 342 61 396 168 284 283 341 115 393 62 453 224 340 280 398 172 450 56 117 397 174 336 449 229 114 57 454 58 225 392 113 286 171 118 228 59 282 448 170 337 169 394 285 60 339 112 227 179 236 293 344 401 458 122 405 347 455 235 2 289 180 456 237 404 119 292 3 346 120 403 288 461 175 349 4 177 5 460 345 125 231 400 234 457 6 124 402 176 287 291 343 121 0 181 459 233 348 290 399 178 1 232 123 299 407 64 467 244 354 184 353 468 298 408 185 13 238 300 11 351 243 462 65 410 411 188 10 350 68 463 296 239 465 63 412 8 186 355 187 406 297 466 69 240 7 464 241 356 182 9 295 67 66 352 242 12 183 409 294 363 248 470 72 131 303 418 417 301 132 362 472 249 15 74 416 306 20 246 473 357 359 19 474 414 307 126 73 475 247 360 18 413 76 127 302 129 419 70 471 16 250 251 469 14 361 130 71 304 128 305 75 415 245 17 358 422 482 312 134 80 195 367 481 23 364 191 426 136 313 192 369 83 479 308 25 421 82 480 420 370 22 309 137 423 27 81 138 477 366 189 139 311 190 424 26 476 78 365 193 314 478 77 135 24 310 133 368 21 425 194 79 486 431 146 376 197 88 254 145 377 31 427 255 485 200 374 196 432 28 489 258 87 256 433 484 85 143 371 33 90 144 201 483 429 30 372 487 29 252 89 202 141 430 198 375 86 253 488 34 140 428 257 32 373 142 84 199 150 318 495 205 440 260 96 209 264 436 39 490 319 149 491 321 40 437 206 91 263 438 259 95 496 35 153 317 320 492 41 148 93 207 434 92 208 435 265 147 493 38 151 37 494 315 97 261 204 262 439 203 94 316 152 36 214 104 382 159 269 499 323 268 213 328 500 47 154 383 326 503 266 102 379 216 44 155 380 327 48 501 270 98 502 322 381 103 160 42 212 384 156 497 43 211 101 271 100 272 46 498 324 210 157 215 45 267 158 378 99 325 278 386 106 446 223 333 163 332 447 277 387 164 55 217 279 53 330 222 441 107 389 390 167 52 329 110 442 275 218 444 105 391 50 165 334 166 385 276 445 111 219 49 443 220 335 161 51 274 109 108 331 221 54 162 388 273
453 117 174 225 282 339 396 229 448 338 60 398 171 283 286 340 112 395 61 449 228 337 285 397 168 452 62 113 394 170 342 454 224 116 56 451 57 227 393 118 280 173 115 230 58 284 450 169 336 172 392 281 59 341 114 226 178 235 292 349 400 457 121 402 348 460 233 3 293 175 459 231 405 124 290 4 344 123 401 287 456 181 347 5 180 6 458 343 120 232 404 237 461 0 122 399 177 289 288 346 125 1 179 455 234 345 291 403 176 2 236 119 296 409 69 468 241 351 186 356 466 294 411 184 8 243 298 9 355 244 463 66 406 410 187 13 352 63 467 295 240 462 67 407 12 188 353 183 412 299 464 65 238 10 465 242 350 185 7 300 64 68 354 239 11 182 408 297 360 250 473 71 132 305 414 415 307 130 357 475 248 16 76 418 302 19 245 472 361 362 17 469 419 303 127 74 474 251 358 15 416 70 131 304 126 417 75 470 20 247 246 471 18 363 128 73 301 129 306 72 413 249 14 359 424 477 314 137 79 191 369 479 24 366 194 420 139 312 193 370 80 476 313 21 423 78 482 425 365 27 308 136 426 25 82 133 478 367 190 138 310 195 421 23 480 77 368 189 311 481 83 134 22 309 135 364 26 422 192 81 488 433 141 373 201 87 255 143 376 32 430 258 483 198 372 199 427 34 486 256 89 257 429 487 88 140 377 28 86 146 200 489 428 29 371 485 33 253 90 196 142 431 202 374 84 254 484 31 144 432 252 30 375 145 85 197 152 319 492 204 437 265 95 207 262 440 40 494 317 147 496 315 38 439 209 93 260 435 263 97 490 36 150 320 321 493 35 151 96 203 436 94 205 434 264 153 491 37 149 41 495 316 92 259 206 261 438 208 91 318 148 39 216 103 383 156 267 501 324 271 210 326 499 48 158 381 325 502 272 98 382 211 47 160 378 323 46 503 268 101 498 327 384 99 154 44 214 380 157 500 42 215 104 266 102 269 45 497 328 212 155 213 43 270 159 379 100 322 275 388 111 447 220 330 165 335 445 273 390 163 50 222 277 51 334 223 442 108 385 389 166 55 331 105 446 274 219 441 109 386 54 167 332 162 391 278 443 107 217 52 444 221 329 164 49 279 106 110 333 218 53 161 387 276
454 118 169 226 283 340 397 228 452 341 58 394 174 280 285 336 116 398 59 451 225 342 282 392 173 449 60 115 393 172 339 448 230 113 61 450 62 229 396 112 281 170 114 227 56 286 453 168 338 171 395 284 57 337 117 224 177 234 291 348 405 456 120 403 343 457 237 5 290 179 460 236 399 121 288 6 347 124 404 293 455 178 345 0 181 1 461 344 119 235 402 232 459 2 125 401 175 292 289 349 123 3 176 458 231 346 287 400 180 4 233 122 300 411 66 464 239 353 187 352 465 299 406 188 11 241 297 10 356 242 468 63 407 412 182 12 351 64 466 298 243 467 69 408 9 183 350 185 409 295 462 68 244 8 463 240 354 186 13 294 65 67 355 238 7 184 410 296 359 251 475 74 128 302 417 416 305 129 363 469 247 19 75 419 301 14 248 474 360 361 18 470 415 306 132 70 471 245 362 20 414 72 130 307 131 413 71 472 17 246 249 473 16 358 126 76 303 127 304 73 418 250 15 357 423 481 310 139 82 192 365 480 27 369 193 422 133 311 190 368 81 482 314 23 420 83 478 424 364 21 312 138 425 26 77 134 479 370 191 135 308 194 426 22 477 80 366 195 309 476 79 136 25 313 137 367 24 421 189 78 487 428 145 374 198 90 256 144 375 29 433 257 486 196 377 201 431 32 484 252 86 253 432 483 89 146 373 31 85 142 202 488 427 28 376 489 34 255 84 197 143 429 199 371 88 258 485 30 141 430 254 33 372 140 87 200 151 320 491 209 438 262 92 208 259 439 37 492 321 150 494 318 41 435 203 95 264 436 265 94 495 40 148 315 316 496 39 147 97 205 437 93 206 440 261 152 490 35 153 36 493 319 91 260 207 263 434 204 96 317 149 38 215 100 384 155 268 502 326 272 214 322 503 45 156 380 327 497 267 104 381 213 46 158 382 328 43 498 266 103 500 324 378 102 159 48 211 379 160 501 47 210 99 269 101 270 42 499 325 216 154 212 44 271 157 383 98 323 279 390 108 443 218 332 166 331 444 278 385 167 53 220 276 52 335 221 447 105 386 391 161 54 330 106 445 277 222 446 111 387 51 162 329 164 388 274 441 110 223 50 442 219 333 165 55 273 107 109 334 217 49 163 389 275
455 119 175 231 287 343 399 238 462 350 63 406 182 294 301 357 126 413 70 469 245 364 308 420 189 476 77 133 427 196 371 483 252 140 84 490 91 259 434 147 315 203 154 266 98 322 497 210 378 217 441 329 105 385 161 273 168 224 280 336 392 448 112 407 351 463 239 7 295 183 470 246 414 127 302 14 358 134 421 309 477 190 365 21 197 28 484 372 141 253 428 260 491 35 148 435 204 316 323 379 155 42 211 498 267 386 330 442 218 49 274 162 281 393 56 449 225 337 169 344 456 288 400 176 0 232 303 15 359 247 471 71 415 422 191 22 366 78 478 310 254 485 85 429 29 198 373 205 436 317 492 92 261 36 499 268 380 212 43 324 99 106 387 275 50 219 443 331 338 226 450 57 113 282 394 401 289 120 345 457 233 1 64 408 296 8 240 464 352 367 23 479 423 311 135 79 486 255 374 30 430 86 142 318 149 437 93 493 37 262 269 500 44 381 156 100 325 163 332 107 444 276 51 388 395 451 283 114 58 170 339 458 2 346 177 402 121 290 184 353 65 465 297 9 409 72 472 416 360 16 304 128 431 31 87 143 487 375 199 150 319 206 438 38 494 94 382 213 326 501 101 157 45 333 164 389 52 445 220 108 452 396 115 340 171 59 227 122 347 3 403 234 459 178 354 185 410 10 466 241 66 248 417 473 73 129 361 17 80 136 192 480 424 24 368 495 39 263 95 207 151 439 214 383 102 270 502 46 158 446 277 53 390 165 109 221 116 284 453 172 397 228 60 179 235 404 4 460 291 123 467 298 11 411 186 67 242 418 249 74 474 18 130 305 312 481 25 137 81 193 425 88 200 432 256 144 488 32 159 47 503 327 103 271 215 278 447 222 110 334 166 54 173 61 341 117 229 454 285 236 180 292 461 5 124 348 299 468 243 68 355 187 12 131 362 306 19 475 250 75 482 313 369 82 138 26 194 376 145 489 33 201 89 257 96 264 40 496 320 208 152 223 55 279 167 391 111 335 230 342 62 398 174 286 118 293 405 237 349 125 6 181 244 13 300 188 412 69 356 363 132 20 307 76 419 251 195 426 83 370 27 139 314 146 377 258 433 90 202 34 440 209 321 153 41 265 97 104 328 216 48 160 384 272
456 120 177 234 291 348 405 239 464 353 66 411 187 300 302 359 128 417 74 475 251 365 310 423 192 481 82 139 428 198 374 487 256 145 90 491 92 262 438 151 320 209 155 268 100 326 502 215 384 218 443 332 108 390 166 279 169 226 283 340 397 454 118 406 352 465 241 11 299 188 469 247 416 129 305 19 363 133 422 311 480 193 369 27 196 29 486 375 144 257 433 259 492 37 150 439 208 321 322 380 156 45 214 503 272 385 331 444 220 53 278 167 280 394 58 452 228 341 174 343 457 290 403 179 5 237 301 14 360 248 474 75 419 420 190 23 368 81 482 314 252 484 86 431 32 201 377 203 435 318 494 95 264 41 497 267 381 213 46 327 104 105 386 276 52 221 447 335 336 225 451 59 116 285 398 399 288 121 347 460 236 6 63 407 297 10 242 468 356 364 21 478 424 312 138 83 483 253 373 31 432 89 146 315 148 436 94 495 40 265 266 498 43 382 158 103 328 161 330 106 445 277 54 391 392 449 282 115 60 173 342 455 0 345 178 404 124 293 182 351 64 466 298 12 412 70 470 415 361 18 306 132 427 28 85 142 488 376 202 147 316 205 437 39 496 97 378 211 324 500 102 159 48 329 162 387 51 446 222 111 448 393 113 339 172 61 230 119 344 1 402 235 461 181 350 183 408 9 467 243 69 245 414 471 72 130 362 20 77 134 191 479 425 26 370 490 35 261 93 206 152 440 210 379 99 269 501 47 160 441 274 50 388 164 110 223 112 281 450 170 396 229 62 175 232 401 2 459 292 125 462 295 8 409 185 68 244 413 246 71 472 17 131 307 308 477 22 135 80 194 426 84 197 429 255 143 489 34 154 42 499 325 101 270 216 273 442 219 107 333 165 55 168 56 338 114 227 453 286 231 176 289 458 3 123 349 294 463 240 65 354 186 13 126 358 303 16 473 249 76 476 309 366 79 136 25 195 371 141 485 30 199 88 258 91 260 36 493 319 207 153 217 49 275 163 389 109 334 224 337 57 395 171 284 117 287 400 233 346 122 4 180 238 7 296 184 410 67 355 357 127 15 304 73 418 250 189 421 78 367 24 137 313 140 372 254 430 87 200 33 434 204 317 149 38 263 96 98 323 212 44 157 383 271
457 121 178 235 292 349 400 241 468 351 69 409 186 296 305 360 132 414 71 473 250 369 314 424 191 477 79 137 433 201 373 488 255 141 87 492 95 265 437 152 319 204 156 267 103 324 501 216 383 220 447 330 111 388 165 275 174 225 282 339 396 453 117 411 356 466 243 8 294 184 475 248 415 130 307 16 357 139 420 312 479 194 366 24 198 32 483 376 143 258 430 262 494 40 147 440 207 317 326 381 158 48 210 499 271 390 335 445 222 50 273 163 283 398 60 448 229 338 171 348 460 293 402 175 3 233 302 19 361 245 472 76 418 423 193 21 370 80 476 313 256 486 89 427 34 199 372 209 439 315 496 93 260 38 502 272 382 211 47 325 98 108 385 277 51 223 442 334 340 228 449 61 112 286 395 405 290 124 344 459 231 4 66 406 298 9 244 463 355 365 27 482 425 308 136 78 487 257 377 28 429 88 140 320 150 435 97 490 36 263 268 503 46 378 160 101 323 166 331 105 446 274 55 389 397 452 285 113 62 168 337 456 5 347 181 401 123 287 187 352 63 467 295 13 410 74 469 419 362 17 303 127 428 29 86 146 489 371 200 151 321 203 436 35 493 96 384 214 327 498 99 154 44 332 167 386 54 441 219 109 454 394 116 342 170 56 224 120 343 6 404 232 458 180 353 188 407 12 462 240 67 251 416 474 70 131 358 15 82 133 190 478 426 25 367 491 37 264 94 205 153 434 215 380 104 266 500 42 157 443 278 52 391 162 107 217 118 280 451 173 393 227 57 177 237 399 0 461 289 122 464 299 10 412 183 65 238 417 247 75 470 20 126 304 310 480 23 138 77 195 421 90 196 431 253 142 485 33 155 45 497 328 102 269 212 279 444 221 106 329 164 49 169 58 336 115 230 450 284 234 179 288 455 1 125 346 300 465 242 64 350 185 7 128 363 301 18 471 246 73 481 311 368 83 134 22 189 374 144 484 31 202 84 254 92 259 41 495 316 206 149 218 53 276 161 387 110 333 226 341 59 392 172 281 114 291 403 236 345 119 2 176 239 11 297 182 408 68 354 359 129 14 306 72 413 249 192 422 81 364 26 135 309 145 375 252 432 85 197 30 438 208 318 148 39 261 91 100 322 213 43 159 379 270
458 122 179 236 293 344 401 244 467 354 64 407 184 299 303 363 131 418 72 470 248 367 312 422 195 482 80 134 431 197 376 486 254 146 88 495 96 260 440 150 318 205 159 269 104 323 499 214 382 223 446 333 106 386 163 278 173 230 281 338 395 452 116 408 353 468 238 13 298 185 472 249 417 132 301 15 362 136 426 313 481 191 364 23 200 31 485 377 145 255 427 264 490 39 149 436 209 319 328 383 154 47 213 500 268 387 332 447 217 55 277 164 284 396 61 451 226 342 168 347 455 289 405 180 2 235 306 20 357 246 473 74 416 421 192 25 369 83 479 308 258 489 87 432 28 196 374 206 437 321 491 91 263 40 503 266 379 216 44 326 102 107 389 279 53 222 441 330 341 224 453 62 115 283 393 404 292 119 346 456 237 3 65 410 300 11 243 462 351 370 22 480 420 309 137 82 484 256 371 33 433 85 143 317 153 438 95 496 35 259 270 501 48 380 155 98 327 167 329 110 442 275 52 390 398 450 280 117 56 172 340 461 4 349 175 403 120 288 188 350 68 463 296 10 411 73 474 414 359 19 307 126 429 30 90 144 483 372 201 148 320 207 434 41 492 93 381 212 322 502 103 160 42 334 165 391 50 444 218 105 449 397 114 336 174 57 229 125 345 5 400 231 460 177 355 186 412 8 465 239 63 247 413 475 76 127 360 18 81 138 189 477 423 27 366 493 38 265 92 208 147 435 211 384 101 271 497 43 156 445 276 49 385 166 111 219 113 286 454 171 392 225 58 176 234 402 6 457 287 124 466 297 7 406 187 69 240 419 250 70 471 16 129 302 311 476 26 139 78 190 424 89 202 430 252 141 487 29 157 46 498 324 100 272 210 274 443 220 109 335 161 51 170 59 337 118 228 448 282 233 181 291 459 0 121 343 295 464 241 67 356 182 9 130 361 304 14 469 251 71 478 314 365 77 135 24 193 375 140 488 34 198 86 253 97 261 37 494 315 204 151 221 54 273 162 388 108 331 227 339 60 394 169 285 112 290 399 232 348 123 1 178 242 12 294 183 409 66 352 358 128 17 305 75 415 245 194 425 79 368 21 133 310 142 373 257 428 84 199 32 439 203 316 152 36 262 94 99 325 215 45 158 378 267
459 123 180 237 288 345 402 240 465 356 68 410 183 298 304 362 129 415 76 474 246 368 309 426 193 479 78 138 432 202 372 485 257 143 86 496 94 261 435 149 321 207 160 271 102 325 498 213 380 219 444 335 110 389 162 277 172 229 286 337 394 451 115 412 354 462 242 9 296 187 471 251 418 126 306 17 360 135 424 310 482 189 370 25 199 33 488 374 146 252 429 263 493 41 152 438 205 315 327 378 157 43 216 502 269 391 333 441 221 51 275 166 285 392 57 453 230 340 170 346 461 291 401 178 6 231 307 18 358 250 469 72 417 425 195 24 364 82 477 311 253 487 84 433 30 200 376 208 434 319 495 97 262 35 500 270 384 210 45 323 103 109 388 278 55 218 445 329 342 227 448 58 117 281 397 403 287 125 348 458 235 0 67 409 299 13 239 466 350 366 26 481 421 314 133 80 489 254 375 32 427 90 141 316 151 440 91 492 38 264 272 497 42 383 159 99 326 164 334 111 443 273 53 386 393 454 284 112 59 174 338 460 1 343 176 405 122 292 185 355 69 464 294 11 407 75 473 413 363 15 302 130 430 34 88 145 484 373 196 153 318 204 439 40 490 92 379 215 328 499 98 156 46 331 161 390 49 447 223 107 450 395 118 341 168 60 225 124 349 2 399 233 456 179 352 182 411 7 468 244 65 249 419 470 71 128 357 19 83 137 194 476 422 23 365 494 36 259 96 209 148 437 212 382 100 267 503 48 154 442 279 54 387 163 105 220 114 282 452 169 398 224 61 181 236 400 3 455 290 120 463 300 12 408 184 63 241 416 245 73 475 14 132 303 313 478 27 134 79 192 420 85 201 428 258 140 486 31 158 44 501 322 104 268 211 276 446 217 108 330 167 50 171 62 339 116 226 449 280 232 177 293 457 4 119 347 297 467 238 66 351 188 8 127 359 305 20 472 248 70 480 308 367 81 139 21 191 377 142 483 29 197 87 256 93 265 39 491 317 203 150 222 52 274 165 385 106 332 228 336 56 396 173 283 113 289 404 234 344 121 5 175 243 10 295 186 406 64 353 361 131 16 301 74 414 247 190 423 77 369 22 136 312 144 371 255 431 89 198 28 436 206 320 147 37 260 95 101 324 214 47 155 381 266
460 124 181 232 289 346 403 243 463 352 67 412 185 297 307 361 127 416 75 471 249 366 313 425 190 480 83 135 430 199 377 489 253 144 85 494 93 263 436 153 316 208 158 272 101 327 500 212 379 222 442 331 109 391 164 276 171 228 285 342 393 450 114 409 355 467 240 10 300 182 473 245 419 131 304 18 359 137 423 308 478 195 368 26 201 34 487 371 142 254 432 265 496 36 151 434 206 318 324 382 160 44 215 497 270 388 334 446 219 52 279 161 282 395 62 454 227 336 172 349 459 287 404 177 1 236 305 16 362 251 470 73 413 424 194 27 367 77 481 309 255 483 88 428 33 202 375 204 440 320 493 94 259 39 501 271 378 214 42 328 100 111 390 274 54 217 444 333 339 229 452 56 118 284 392 400 293 123 343 461 234 2 69 411 295 12 238 465 354 369 24 476 426 310 134 81 488 258 372 29 431 84 145 319 147 439 96 491 41 261 267 499 47 384 157 102 322 165 335 108 441 278 49 387 396 448 286 116 57 169 341 457 3 344 180 399 125 291 186 356 66 462 299 7 408 71 475 418 358 20 301 129 433 32 89 140 485 374 197 152 317 209 435 37 495 91 383 210 325 503 104 155 43 330 163 385 55 443 221 110 453 398 112 337 173 58 226 121 348 4 401 237 455 176 351 184 406 13 464 242 68 250 415 472 74 126 363 14 79 139 193 482 421 22 364 492 40 260 97 203 149 438 216 381 98 268 498 45 159 447 273 51 389 167 106 218 117 283 449 168 394 230 59 178 233 405 5 458 288 119 468 294 9 410 188 64 239 414 248 76 469 15 128 306 314 479 21 136 82 189 422 87 198 427 257 146 484 30 156 48 502 323 99 266 213 275 445 223 105 332 162 53 174 60 340 113 224 451 281 235 175 290 456 6 122 345 296 466 244 63 353 183 11 132 357 302 17 474 247 72 477 312 370 78 133 23 192 373 143 486 28 200 90 252 95 262 38 490 321 205 148 220 50 277 166 386 107 329 225 338 61 397 170 280 115 292 402 231 347 120 0 179 241 8 298 187 407 65 350 360 130 19 303 70 417 246 191 420 80 365 25 138 311 141 376 256 429 86 196 31 437 207 315 150 35 264 92 103 326 211 46 154 380 269
461 125 176 233 290 347 404 242 466 355 65 408 188 295 306 358 130 419 73 472 247 370 311 421 194 478 81 136 429 200 375 484 258 142 89 493 97 264 439 148 317 206 157 270 99 328 503 211 381 221 445 334 107 387 167 274 170 227 284 341 398 449 113 410 350 464 244 12 297 186 474 250 413 128 303 20 361 138 425 314 476 192 367 22 202 30 489 373 140 256 431 261 495 38 153 437 203 320 325 384 159 46 212 501 266 389 329 443 223 54 276 165 286 397 59 450 224 339 173 345 458 292 399 181 4 234 304 17 363 249 475 70 414 426 189 26 365 79 480 312 257 488 90 430 31 197 371 207 438 316 490 96 265 37 498 269 383 215 48 322 101 110 391 273 49 220 446 332 337 230 454 60 114 280 396 402 291 122 349 455 232 5 68 412 294 7 241 467 353 368 25 477 422 313 139 77 485 252 376 34 428 87 144 321 152 434 92 494 39 260 271 502 45 379 154 104 324 162 333 109 447 279 50 385 394 453 281 118 61 171 336 459 6 348 179 400 119 289 183 354 67 468 300 8 406 76 471 417 357 14 305 131 432 33 84 141 486 377 198 149 315 208 440 36 491 95 380 216 323 497 100 158 47 335 166 388 53 442 217 106 451 392 117 338 169 62 228 123 346 0 405 236 457 175 356 187 409 11 463 238 64 246 418 469 75 132 359 16 78 135 195 481 420 21 369 496 41 262 91 204 150 436 213 378 103 272 499 44 155 444 275 55 386 161 108 222 115 285 448 174 395 226 56 180 231 403 1 456 293 121 465 296 13 407 182 66 243 415 251 72 473 19 127 301 309 482 24 133 83 191 423 86 199 433 254 145 483 28 160 43 500 326 98 267 214 277 441 218 111 331 163 52 172 57 342 112 225 452 283 237 178 287 460 2 120 344 298 462 239 69 352 184 10 129 360 307 15 470 245 74 479 310 364 80 137 27 190 372 146 487 32 196 85 255 94 263 35 492 318 209 147 219 51 278 164 390 105 330 229 340 58 393 168 282 116 288 401 235 343 124 3 177 240 9 299 185 411 63 351 362 126 18 302 71 416 248 193 424 82 366 23 134 308 143 374 253 427 88 201 29 435 205 319 151 40 259 93 102 327 210 42 156 382 268
462 126 189 252 315 378 441 231 469 364 84 434 210 329 287 350 133 427 91 497 273 343 294 413 196 490 98 161 399 182 357 476 259 154 105 455 63 245 420 140 322 217 119 238 70 308 483 203 385 175 406 301 77 371 147 266 183 246 309 372 435 498 162 392 358 477 253 35 323 218 448 239 421 141 316 42 386 112 407 302 484 204 379 49 168 7 470 365 148 267 442 224 463 14 134 428 211 330 280 351 127 21 197 491 274 336 295 414 190 28 260 155 288 415 78 485 261 380 219 337 471 310 429 205 43 275 281 0 366 254 492 99 443 393 176 15 373 92 499 331 225 456 71 422 36 212 387 169 400 303 478 85 268 50 449 232 359 191 29 317 106 56 344 247 22 198 436 324 345 240 479 86 149 325 444 394 296 135 374 493 269 51 57 401 311 30 262 500 388 338 1 464 430 318 156 107 450 233 352 23 437 100 163 282 120 408 79 486 44 276 226 457 8 367 142 93 332 113 289 64 423 255 37 381 402 465 304 143 94 213 389 451 9 360 199 438 157 333 170 346 72 487 319 45 445 58 458 409 375 38 326 164 395 2 65 128 494 382 220 114 290 184 416 31 501 108 339 177 297 472 87 150 52 283 121 353 16 431 206 101 459 410 129 368 207 102 277 115 354 17 424 263 502 221 340 178 417 24 495 270 109 227 403 466 80 151 383 53 59 122 185 473 439 46 390 452 3 241 73 192 158 446 171 347 66 248 480 39 165 396 234 10 361 136 95 214 123 298 474 193 432 271 110 172 242 418 25 488 327 166 453 291 18 425 200 103 278 397 235 67 481 32 159 334 284 460 11 130 88 215 447 60 179 411 249 137 503 54 116 4 467 305 81 256 222 228 404 186 74 312 144 47 180 68 362 138 257 496 335 229 187 306 482 33 152 391 285 461 250 82 376 208 55 117 348 299 26 489 264 111 454 292 355 75 145 40 223 341 124 468 19 194 96 279 61 236 12 475 313 201 167 173 5 243 131 369 89 320 237 356 76 426 202 321 160 286 412 251 370 146 41 216 230 6 307 195 433 97 384 342 125 13 314 90 440 272 174 405 69 363 34 153 328 118 349 244 419 83 209 48 398 181 300 132 27 258 104 62 293 188 20 139 377 265
463 127 190 253 316 379 442 232 471 366 85 436 212 331 289 352 135 430 93 500 276 346 297 416 199 494 101 164 403 185 361 480 263 158 109 460 67 249 425 144 327 222 124 243 75 313 489 208 391 181 412 307 83 377 153 272 182 245 308 371 434 497 161 393 359 478 254 36 324 219 450 240 423 142 318 44 388 114 409 304 487 206 382 52 171 10 473 368 151 270 446 228 467 18 137 432 215 334 285 355 131 26 201 496 279 342 300 419 195 34 265 160 287 413 77 483 259 378 217 336 470 309 428 204 42 274 282 1 367 255 493 100 444 395 177 16 375 94 501 333 227 459 73 424 39 214 390 172 404 305 481 88 271 54 454 236 362 194 33 320 111 62 349 251 27 202 440 328 343 238 476 84 147 322 441 392 295 134 372 491 267 49 56 400 310 29 261 499 387 339 2 465 431 319 157 108 452 234 354 24 439 102 165 284 123 411 81 488 47 278 229 461 12 369 145 96 335 118 293 69 426 258 41 384 399 462 301 140 91 210 385 448 7 358 197 435 155 330 169 344 71 485 317 43 443 57 457 408 374 37 325 163 396 3 66 129 495 383 221 116 291 186 418 32 503 110 341 180 299 475 89 152 55 286 125 356 20 433 209 104 455 406 126 364 203 98 273 112 351 14 421 260 498 218 337 176 415 22 492 268 106 226 401 464 79 149 381 51 58 121 184 472 438 45 389 453 4 242 74 193 159 447 173 348 68 250 482 40 167 398 237 13 363 139 97 216 119 294 469 189 427 266 105 168 239 414 21 484 323 162 449 288 15 422 198 99 275 394 233 64 479 30 156 332 283 458 9 128 87 213 445 59 178 410 248 136 502 53 117 5 468 306 82 257 223 230 405 188 76 314 146 48 175 63 357 133 252 490 329 224 183 302 477 28 148 386 281 456 247 78 373 205 50 113 345 296 23 486 262 107 451 290 353 72 143 38 220 340 122 466 17 192 95 277 60 235 11 474 312 200 166 174 6 244 132 370 90 321 231 350 70 420 196 315 154 280 407 246 365 141 35 211 225 0 303 191 429 92 380 338 120 8 311 86 437 269 170 402 65 360 31 150 326 115 347 241 417 80 207 46 397 179 298 130 25 256 103 61 292 187 19 138 376 264
464 128 192 256 320 384 443 234 475 365 90 438 215 332 291 353 139 428 92 502 279 348 300 417 198 491 100 166 405 187 359 481 262 155 108 456 66 251 423 145 326 218 120 239 74 310 487 209 390 177 411 302 82 374 151 268 188 247 311 375 439 503 167 397 363 480 257 37 322 220 454 241 422 144 321 45 385 118 406 305 486 208 380 53 169 11 469 369 150 272 444 226 465 19 133 433 214 331 283 352 129 27 196 492 278 340 299 416 193 29 259 156 290 419 81 484 264 381 221 341 474 314 431 203 46 276 280 5 368 252 494 104 447 394 179 14 377 95 497 335 228 457 75 420 41 213 386 174 403 301 482 86 267 52 452 237 360 190 32 318 105 58 343 248 23 201 435 327 347 242 478 89 148 328 445 398 297 138 373 495 266 54 59 399 312 31 265 498 391 336 6 468 432 315 158 106 451 236 356 21 436 103 161 285 121 407 83 483 43 277 225 460 10 364 146 94 330 116 288 63 424 253 40 382 404 466 306 142 97 211 387 449 12 361 202 437 159 329 173 345 70 488 316 48 446 60 455 412 376 39 324 162 392 0 64 132 496 378 222 115 293 182 415 28 500 111 342 178 298 470 85 147 51 282 124 351 18 427 205 102 461 408 130 370 206 99 274 113 350 20 425 261 501 223 339 181 414 26 490 269 110 230 402 467 77 152 379 50 61 119 183 471 440 47 388 448 1 243 72 191 160 441 172 344 69 245 479 35 164 393 235 9 362 134 93 210 125 295 472 194 429 270 107 170 244 413 22 489 325 165 450 292 17 426 197 101 273 396 232 68 477 34 154 333 281 459 8 131 84 216 442 62 175 409 246 135 499 55 112 2 462 307 80 255 219 229 401 185 71 308 143 42 176 65 358 136 258 493 334 227 186 303 476 30 153 389 286 458 249 79 371 207 49 114 349 294 25 485 260 109 453 289 354 76 141 36 217 338 123 463 16 195 91 275 56 231 13 473 309 199 163 168 3 240 126 366 88 319 233 355 73 421 200 317 157 284 410 250 367 140 38 212 224 4 304 189 430 96 383 337 122 7 313 87 434 271 171 400 67 357 33 149 323 117 346 238 418 78 204 44 395 180 296 127 24 254 98 57 287 184 15 137 372 263
465 129 193 257 321 380 444 237 474 368 86 435 213 335 288 356 138 432 94 498 277 345 298 415 202 496 102 162 402 183 362 479 261 160 110 459 68 246 426 143 325 219 123 240 76 309 485 207 389 180 410 304 78 372 149 271 187 251 310 374 438 502 166 394 360 482 252 41 327 221 451 242 424 146 315 43 391 115 412 306 488 205 378 51 172 9 471 370 152 269 441 229 462 17 135 429 216 333 286 354 126 25 199 493 275 337 296 418 189 33 263 157 291 417 82 487 262 384 218 340 469 311 433 208 45 278 285 6 364 253 495 103 445 392 178 18 376 97 500 329 230 461 72 425 35 210 388 170 401 307 477 84 270 55 453 231 358 195 30 319 109 57 346 250 24 200 434 323 348 239 481 90 151 326 443 397 299 133 375 492 272 53 58 403 314 32 264 497 386 342 0 466 427 316 159 111 448 235 350 26 440 99 164 281 125 409 80 489 42 273 227 458 13 366 141 91 334 117 287 67 421 254 38 383 405 464 302 145 92 215 390 454 11 363 196 439 156 331 174 343 75 484 318 46 447 59 460 407 373 40 328 161 393 1 69 130 490 379 223 112 292 185 413 34 499 107 338 176 294 473 88 153 49 284 122 355 15 430 204 98 456 411 128 365 209 100 279 118 352 19 422 259 503 220 341 179 419 23 494 267 105 225 399 468 83 148 382 54 60 124 182 470 437 48 387 450 2 244 71 194 154 442 168 349 65 249 476 36 163 395 233 7 357 137 96 212 120 300 475 192 428 268 108 169 241 416 27 486 322 167 452 290 14 420 201 104 276 398 236 63 478 31 158 330 282 455 12 132 85 211 446 61 181 408 245 134 501 50 114 3 463 303 79 258 217 224 400 184 73 313 140 44 177 66 359 139 256 491 332 226 188 305 480 29 150 385 280 457 248 81 377 203 52 116 347 297 21 483 265 106 449 293 351 70 142 39 222 339 119 467 20 191 93 274 62 232 8 472 308 197 165 171 4 238 127 367 87 317 234 353 74 423 198 320 155 283 406 247 369 144 37 214 228 5 301 190 431 95 381 336 121 10 312 89 436 266 173 404 64 361 28 147 324 113 344 243 414 77 206 47 396 175 295 131 22 255 101 56 289 186 16 136 371 260
466 130 194 258 317 381 445 233 472 370 89 439 211 334 290 355 136 429 97 503 274 347 295 419 200 493 99 167 404 188 358 478 264 157 107 461 65 247 421 142 328 221 125 242 73 311 484 206 387 176 408 306 81 375 148 270 186 250 314 373 437 501 165 398 361 476 256 38 325 223 449 244 425 140 320 46 389 113 410 303 489 203 384 54 170 12 474 367 153 266 443 227 464 20 138 431 212 329 284 350 128 22 202 495 276 341 297 413 192 30 261 159 292 414 79 488 265 383 220 339 475 312 430 207 48 273 286 4 365 257 490 101 446 397 181 17 371 96 498 332 224 458 70 426 37 215 391 173 399 304 480 90 269 49 450 234 363 189 31 316 110 59 345 249 26 197 438 322 349 241 477 87 152 324 447 396 294 139 376 494 271 50 60 402 313 34 260 502 385 337 5 467 428 321 154 109 454 232 353 25 434 104 162 280 122 412 77 485 45 279 230 455 7 368 144 92 333 114 291 68 422 252 39 379 400 468 305 141 95 216 388 453 8 357 198 440 158 335 171 348 76 486 315 47 442 61 459 406 377 36 323 166 394 6 67 131 491 380 217 118 289 183 417 33 497 106 336 179 300 471 84 149 53 281 119 354 14 432 208 100 457 409 132 369 204 103 275 117 356 16 420 262 499 222 338 175 418 21 496 272 108 228 405 463 78 150 378 55 62 123 187 469 436 44 386 451 0 238 75 195 155 444 169 346 64 246 481 41 161 392 236 11 359 135 91 213 121 296 473 191 433 267 111 174 243 415 24 483 326 163 448 293 19 423 199 98 277 395 231 66 482 28 160 331 285 456 13 127 86 214 441 56 180 407 251 133 500 52 115 1 465 301 83 254 218 226 403 182 72 309 145 43 178 69 360 137 255 492 330 225 184 307 479 32 147 390 283 460 245 80 372 209 51 112 344 298 27 487 263 105 452 287 352 74 146 35 219 342 120 462 15 190 94 278 57 237 10 470 310 196 164 172 2 239 129 364 85 318 235 351 71 424 201 319 156 282 411 248 366 143 40 210 229 3 302 193 427 93 382 340 124 9 308 88 435 268 168 401 63 362 29 151 327 116 343 240 416 82 205 42 393 177 299 126 23 253 102 58 288 185 18 134 374 259
467 131 195 254 318 382 446 236 470 367 88 440 214 333 293 354 134 431 96 499 278 344 299 418 197 495 104 163 401 184 363 482 260 159 106 458 64 248 422 146 323 223 122 244 72 312 486 205 386 179 407 303 80 376 150 269 185 249 313 377 436 500 164 395 362 481 255 39 328 217 452 238 426 145 319 47 387 116 408 301 485 209 383 55 173 13 472 364 149 268 447 230 468 15 136 427 213 332 281 353 132 23 200 490 277 338 298 417 191 31 264 154 289 416 83 489 263 379 222 342 473 308 432 206 44 279 284 2 369 258 491 102 441 396 180 20 374 91 503 330 226 455 74 421 40 216 389 168 405 306 479 87 266 53 451 235 357 192 28 321 107 61 347 246 25 196 437 326 346 243 480 85 153 327 442 393 300 137 371 496 270 52 62 404 309 33 259 501 390 341 3 462 433 317 155 110 453 237 351 22 438 98 167 283 119 410 82 484 48 275 224 456 11 370 143 95 329 115 292 65 420 256 35 380 403 463 307 144 93 212 391 450 10 359 201 434 160 334 172 349 73 483 320 42 444 56 461 411 372 41 322 165 398 4 68 126 492 381 218 117 288 188 414 30 502 105 340 175 296 474 90 148 50 280 120 350 19 429 207 103 460 412 127 366 208 101 276 114 355 18 423 265 497 219 336 177 413 27 493 271 111 229 400 465 81 147 384 49 57 125 186 475 435 43 385 449 5 239 76 189 156 445 174 345 63 247 477 38 166 397 231 8 360 138 92 211 124 297 471 190 430 272 109 171 240 419 26 487 324 161 454 287 16 424 202 100 274 392 234 69 476 29 157 335 286 457 7 129 89 210 443 58 176 406 250 139 498 51 113 6 466 302 78 252 220 225 402 187 70 311 141 46 181 67 361 135 253 494 331 228 182 304 478 34 151 388 282 459 251 77 375 204 54 118 343 295 24 488 261 108 448 291 356 71 140 37 221 337 121 464 14 193 97 273 59 233 9 469 314 198 162 170 0 241 130 365 86 315 232 352 75 425 199 316 158 285 409 245 368 142 36 215 227 1 305 194 428 94 378 339 123 12 310 84 439 267 169 399 66 358 32 152 325 112 348 242 415 79 203 45 394 178 294 128 21 257 99 60 290 183 17 133 373 262
468 132 191 255 319 383 447 235 473 369 87 437 216 330 292 351 137 433 95 501 275 349 296 414 201 492 103 165 400 186 360 477 265 156 111 457 69 250 424 141 324 220 121 241 71 314 488 204 388 178 409 305 79 373 152 267 184 248 312 376 440 499 163 396 357 479 258 40 326 222 453 243 420 143 317 48 390 117 411 307 483 207 381 50 174 8 475 366 147 271 445 225 466 16 139 430 210 335 282 356 130 24 198 494 273 339 294 415 194 32 262 158 293 418 80 486 260 382 223 338 472 313 427 209 47 277 283 3 370 256 496 98 442 398 175 19 372 93 502 334 229 460 76 423 38 211 385 171 402 302 476 89 272 51 448 233 361 193 34 315 108 60 348 245 21 199 439 325 344 244 482 88 150 323 446 395 298 136 377 490 268 55 61 405 308 28 263 503 389 340 4 463 429 320 160 105 449 231 355 27 435 101 166 286 124 406 78 487 46 274 228 459 9 365 140 97 331 112 290 66 425 257 36 378 401 467 303 146 96 214 386 452 13 362 200 436 154 332 168 347 74 489 321 44 441 62 456 410 371 35 327 167 397 5 63 127 493 384 219 113 287 187 419 29 498 109 337 181 295 469 86 151 54 285 123 352 17 428 203 99 458 407 131 367 205 104 278 116 353 15 426 264 500 217 342 180 416 25 491 266 107 224 404 462 82 153 380 52 56 120 188 474 434 42 391 454 6 240 70 190 157 443 170 343 67 251 478 37 162 394 232 12 358 133 94 215 122 299 470 195 431 269 106 173 238 417 23 485 328 164 451 289 20 421 196 102 279 393 237 65 480 33 155 329 280 461 10 126 90 212 444 57 177 412 247 138 497 49 118 0 464 304 77 253 221 227 399 183 75 310 142 45 179 64 363 134 254 495 333 230 185 301 481 31 149 387 284 455 246 83 374 206 53 115 346 300 22 484 259 110 450 288 350 73 144 41 218 336 125 465 18 189 92 276 58 234 7 471 311 202 161 169 1 242 128 368 84 316 236 354 72 422 197 318 159 281 408 249 364 145 39 213 226 2 306 192 432 91 379 341 119 11 309 85 438 270 172 403 68 359 30 148 322 114 345 239 413 81 208 43 392 176 297 129 26 252 100 59 291 182 14 135 375 261
469 133 196 259 322 385 406 252 497 343 105 420 203 301 315 364 161 399 63 483 266 378 329 427 182 455 70 147 441 210 350 490 245 119 77 462 84 273 413 154 308 175 126 231 91 294 476 217 371 189 434 287 98 357 140 238 218 239 302 365 428 491 155 435 386 484 267 14 280 190 498 253 407 148 330 21 336 162 392 316 470 211 351 28 183 35 448 379 134 274 414 246 477 42 112 442 197 295 309 358 141 49 168 463 260 372 323 421 204 7 224 127 310 443 92 456 268 359 198 380 492 331 422 169 29 247 288 43 373 225 478 106 436 415 205 0 387 85 449 324 261 471 99 393 50 191 344 219 429 281 499 71 232 22 485 275 366 176 36 303 56 78 337 254 15 212 400 317 374 262 464 100 120 332 423 444 311 156 352 486 226 37 86 394 318 23 276 457 381 345 51 500 437 282 142 64 479 269 388 1 408 93 113 325 135 401 107 450 8 255 240 493 30 338 163 79 289 149 296 57 430 233 44 367 438 487 326 128 108 177 353 465 45 375 220 416 150 283 213 360 58 494 290 52 431 94 451 445 382 31 297 121 402 9 72 164 501 339 206 143 333 170 409 2 472 101 389 199 319 458 65 114 16 304 157 346 38 395 184 87 502 417 151 390 192 66 234 129 340 53 439 241 480 214 368 221 403 46 452 248 95 277 424 495 59 158 347 10 102 115 178 466 446 39 361 459 17 270 80 185 165 396 207 354 109 227 473 3 136 410 263 24 383 122 73 171 166 291 481 215 411 256 74 193 278 397 11 503 305 144 474 327 32 447 179 81 228 432 242 103 460 54 116 312 298 488 18 159 60 222 404 110 172 425 235 130 467 47 123 25 453 334 88 249 186 271 418 200 67 284 137 4 187 82 348 145 279 475 320 257 208 299 454 19 167 369 335 482 264 75 341 201 5 138 391 285 40 468 236 89 496 306 376 111 124 12 173 362 152 461 26 223 61 243 68 229 55 489 292 194 131 180 33 250 117 355 96 313 251 384 90 405 209 300 139 321 433 272 363 118 27 188 237 41 314 174 419 104 377 356 146 6 328 83 398 265 202 412 97 342 48 132 293 160 370 230 440 69 181 20 426 216 307 125 34 244 62 76 286 195 13 153 349 258
470 134 197 260 323 386 407 254 499 344 106 422 205 303 318 367 163 401 64 486 269 382 333 431 184 458 72 150 446 214 354 495 248 122 80 467 88 278 418 159 312 179 131 236 96 299 482 223 376 195 440 293 104 363 146 244 217 238 301 364 427 490 154 436 387 485 268 15 281 191 500 255 408 149 332 23 338 164 395 319 472 213 353 31 185 39 452 383 136 277 417 249 481 47 116 447 200 298 313 362 145 55 173 468 264 377 328 426 209 13 230 132 308 441 91 455 266 357 196 379 491 330 421 168 28 246 289 44 374 226 479 107 437 416 206 2 389 87 451 326 263 473 102 396 53 192 347 222 432 284 503 74 235 25 489 279 369 180 40 306 61 83 342 258 20 216 405 321 371 259 462 98 119 329 420 442 309 155 351 484 224 35 85 393 317 22 275 456 380 346 52 501 438 283 143 65 480 270 390 3 410 95 115 327 137 404 110 453 11 256 243 496 33 341 167 82 292 153 300 62 433 237 48 370 434 483 322 126 105 175 350 463 42 372 218 414 148 280 212 359 56 492 288 50 429 93 450 444 381 30 296 120 403 10 73 165 502 340 207 144 334 172 411 4 474 103 391 201 320 461 68 117 19 307 160 349 41 398 188 90 497 413 147 385 189 63 231 127 336 49 435 239 477 211 366 219 400 43 449 247 92 276 423 493 57 156 345 8 101 114 177 465 445 38 360 460 18 271 81 186 166 397 208 355 111 229 475 5 138 412 265 27 384 125 76 174 161 287 476 210 406 252 70 190 274 392 7 498 302 141 471 324 29 443 176 78 225 430 240 100 457 51 113 311 297 487 16 157 58 220 402 109 171 424 234 129 466 46 124 26 454 335 89 250 187 272 419 202 69 286 139 6 182 77 343 140 273 469 315 253 204 295 448 14 162 365 331 478 261 71 337 198 0 135 388 282 37 464 233 86 494 304 375 108 121 9 170 361 151 459 24 221 59 241 67 228 54 488 291 193 130 181 34 251 118 356 97 314 245 378 84 399 203 294 133 316 428 267 358 112 21 183 232 36 310 169 415 99 373 352 142 1 325 79 394 262 199 409 94 339 45 128 290 158 368 227 439 66 178 17 425 215 305 123 32 242 60 75 285 194 12 152 348 257
471 135 199 263 327 391 412 253 500 346 109 425 208 307 316 366 164 403 67 489 272 379 331 430 185 460 75 153 442 212 352 494 249 124 83 463 85 276 416 158 313 181 127 232 93 297 480 222 377 190 436 289 101 361 144 243 219 240 304 368 432 496 160 434 388 487 270 18 285 195 497 254 409 151 334 26 342 161 393 318 473 215 355 34 182 36 450 382 137 279 419 245 478 44 114 446 201 300 308 359 142 52 171 467 265 371 324 423 206 10 228 131 309 444 94 459 271 362 202 378 493 333 424 172 33 251 287 42 375 227 481 111 440 413 204 1 390 88 454 328 259 470 100 395 54 194 349 217 428 282 501 73 236 27 483 274 367 177 39 305 62 77 336 255 16 214 404 320 372 261 465 102 123 335 426 441 310 157 354 488 229 41 84 392 319 24 278 461 384 343 49 499 439 284 145 69 476 267 387 2 411 96 118 322 134 400 108 452 12 258 238 491 29 339 165 81 293 147 295 56 431 234 47 369 435 485 325 129 110 180 356 462 43 374 221 418 152 286 210 358 57 495 291 55 433 91 448 443 383 32 299 125 399 7 71 163 503 341 209 140 330 169 408 3 475 104 385 197 317 457 66 116 20 301 155 344 37 396 186 89 498 415 149 389 193 68 237 126 337 51 438 242 482 216 364 218 401 45 453 250 97 273 421 492 58 159 348 13 98 112 176 464 447 40 363 455 14 268 79 184 167 398 203 351 106 226 472 4 139 406 260 22 381 121 74 173 162 288 479 213 410 257 76 189 275 394 9 502 306 146 469 323 30 445 178 82 230 427 239 99 458 53 117 314 294 484 15 156 59 223 405 105 168 422 233 128 468 48 119 21 449 332 87 248 188 266 414 198 64 283 136 5 183 78 345 143 277 474 321 252 205 296 451 17 166 370 329 477 262 72 340 200 6 133 386 281 38 466 235 90 490 302 373 107 122 11 174 357 148 456 23 220 60 244 63 224 50 486 290 192 132 175 28 247 113 353 95 312 246 380 86 402 207 298 138 315 429 269 360 115 25 187 231 35 311 170 417 103 376 350 141 0 326 80 397 264 196 407 92 338 46 130 292 154 365 225 437 65 179 19 420 211 303 120 31 241 61 70 280 191 8 150 347 256
472 136 200 264 328 387 408 258 503 347 107 421 206 306 317 370 167 404 65 484 270 381 334 429 188 461 73 148 445 211 355 493 247 125 81 466 89 274 419 157 311 176 130 233 97 295 478 221 375 194 439 290 99 358 142 242 223 244 303 367 431 495 159 437 389 489 266 20 284 192 501 256 410 153 329 22 341 165 398 320 474 212 350 30 186 38 449 384 138 276 413 250 476 46 113 443 202 297 314 361 140 54 170 464 261 373 325 425 203 12 227 128 312 446 96 458 269 363 197 383 490 332 426 173 31 249 292 48 371 224 480 110 438 414 207 4 391 90 450 322 265 475 101 397 49 189 345 220 430 286 498 70 234 26 488 273 365 181 37 304 59 79 339 257 17 215 399 316 376 260 467 104 122 333 422 447 313 154 353 485 230 39 87 396 321 25 279 455 379 349 50 502 434 280 144 68 477 271 385 5 412 92 114 324 139 402 109 454 7 252 241 494 34 337 162 77 291 152 294 60 428 232 45 368 440 486 323 131 106 179 354 468 47 377 217 417 149 281 216 357 61 491 289 53 432 95 453 442 380 33 300 119 400 8 76 166 497 336 208 141 335 171 406 6 471 100 388 198 315 459 67 118 14 305 158 348 36 394 183 84 499 418 150 386 195 64 236 132 338 55 436 238 481 213 369 222 405 44 451 246 91 275 420 496 62 155 346 11 103 117 175 463 444 41 359 457 16 272 78 187 161 392 204 356 108 228 469 0 135 409 262 21 378 123 75 169 163 293 482 214 407 254 72 191 277 395 13 500 301 145 473 326 28 441 180 83 226 433 243 98 456 52 115 309 296 483 19 160 56 218 403 111 174 423 231 127 465 43 121 24 448 331 86 251 182 267 415 199 66 285 133 1 184 80 344 146 278 470 318 255 209 298 452 15 164 364 330 479 263 74 342 196 2 137 390 283 35 462 237 85 492 307 372 105 120 10 172 360 147 460 27 219 57 239 69 225 51 487 287 190 129 178 32 245 112 352 94 310 248 382 88 401 205 299 134 319 427 268 362 116 23 185 235 40 308 168 416 102 374 351 143 3 327 82 393 259 201 411 93 340 42 126 288 156 366 229 435 63 177 18 424 210 302 124 29 240 58 71 282 193 9 151 343 253
473 137 201 265 324 388 409 255 501 349 111 424 204 305 319 369 165 400 69 488 267 383 330 433 186 457 71 152 447 216 351 492 250 121 79 468 87 275 414 156 314 178 132 235 95 296 477 220 373 191 437 292 103 360 141 241 222 243 307 366 430 494 158 440 390 483 271 16 282 194 499 258 411 147 335 24 339 163 396 317 475 210 356 32 184 40 453 381 139 273 415 248 479 48 117 445 198 294 312 357 143 50 174 466 262 376 326 420 207 8 225 130 313 442 93 460 272 361 199 382 496 334 423 171 34 245 293 47 372 229 476 108 439 418 209 3 385 89 448 325 260 472 98 398 51 193 348 223 427 283 502 76 233 21 486 277 370 175 38 302 60 80 338 256 19 211 402 315 377 263 463 101 124 331 425 446 308 160 355 487 228 36 88 395 320 27 274 459 378 344 55 503 435 286 140 66 482 268 389 4 406 97 112 323 136 405 105 449 9 257 244 490 28 340 166 78 290 150 298 61 429 231 46 365 436 489 327 127 109 181 352 467 44 371 219 419 151 285 214 362 62 493 287 54 428 96 452 441 384 29 295 123 401 13 74 167 498 337 203 146 332 168 410 5 469 99 386 200 321 456 63 113 17 303 154 347 35 397 187 86 500 416 153 391 190 67 232 131 342 52 434 240 478 215 367 217 404 42 454 251 94 278 426 491 56 157 343 12 104 116 180 462 443 37 358 458 15 266 82 188 162 394 205 353 107 224 474 6 133 407 264 25 380 120 70 170 164 289 480 212 412 253 75 195 279 393 10 497 304 142 470 328 33 444 177 77 227 431 238 102 461 49 118 310 299 485 20 155 57 221 399 106 173 421 237 126 464 45 122 23 451 329 90 247 183 269 417 196 65 280 138 0 185 83 346 144 276 471 316 254 206 300 450 18 161 368 333 481 259 73 336 202 1 134 387 284 41 465 234 84 495 301 374 110 125 7 169 363 149 455 22 218 58 242 64 230 53 484 288 189 128 179 31 246 115 350 92 311 249 379 85 403 208 297 135 318 432 270 359 114 26 182 236 39 309 172 413 100 375 354 145 2 322 81 392 261 197 408 91 341 43 129 291 159 364 226 438 68 176 14 422 213 306 119 30 239 59 72 281 192 11 148 345 252
474 138 202 261 325 389 410 257 498 345 110 426 207 304 321 368 162 402 68 485 271 380 335 432 183 459 76 149 444 213 356 496 246 123 78 465 86 277 415 160 309 180 129 237 94 298 479 219 372 193 435 288 102 362 143 240 221 242 306 370 429 493 157 438 391 488 269 17 286 189 502 252 412 152 333 25 337 166 394 315 471 216 354 33 187 41 451 378 135 275 418 251 482 43 115 441 199 296 310 360 146 51 172 462 263 374 327 424 205 9 229 126 311 445 97 461 270 358 200 384 495 329 425 170 30 250 291 45 376 230 477 109 434 417 208 6 388 84 453 323 262 469 103 392 55 195 346 218 433 285 500 72 231 24 487 278 364 178 35 307 57 82 340 253 18 210 401 319 375 264 466 99 125 334 421 443 314 159 350 489 227 38 90 397 316 26 273 458 383 348 53 497 440 281 141 67 481 272 386 0 409 91 117 326 133 403 111 448 13 254 239 492 32 342 164 80 287 151 299 58 427 235 42 366 439 484 328 130 107 176 355 464 46 373 223 413 153 284 215 363 59 490 292 49 430 92 454 447 379 34 294 122 405 11 75 161 499 338 204 145 331 174 407 1 473 98 390 196 318 460 69 112 15 302 156 343 40 393 185 88 503 419 148 387 194 65 233 128 341 54 437 244 476 212 365 220 399 48 450 249 96 279 422 494 60 154 349 7 100 118 179 468 442 36 357 456 19 267 83 182 163 395 209 352 105 225 470 2 137 411 259 23 382 124 71 168 167 290 478 211 408 258 73 192 276 398 12 501 303 140 475 322 31 446 181 79 224 428 241 104 455 50 114 313 300 486 14 158 61 217 400 108 169 420 236 132 463 44 120 27 452 330 85 245 184 268 416 201 63 282 134 3 188 81 347 142 274 472 317 256 203 297 449 20 165 367 332 480 265 70 339 197 4 139 385 280 39 467 232 87 491 305 377 106 119 8 171 359 150 457 21 222 62 238 66 226 52 483 293 191 127 177 29 248 116 351 93 308 247 381 89 404 206 295 136 320 431 266 361 113 22 186 234 37 312 173 414 101 371 353 144 5 324 77 396 260 198 406 95 336 47 131 289 155 369 228 436 64 175 16 423 214 301 121 28 243 56 74 283 190 10 147 344 255
475 139 198 262 326 390 411 256 502 348 108 423 209 302 320 365 166 405 66 487 268 384 332 428 187 456 74 151 443 215 353 491 251 120 82 464 90 279 417 155 310 177 128 234 92 300 481 218 374 192 438 291 100 359 145 239 220 241 305 369 433 492 156 439 385 486 272 19 283 193 503 257 406 150 331 27 340 167 397 321 469 214 352 29 188 37 454 380 133 278 416 247 480 45 118 444 196 299 311 363 144 53 169 465 259 375 322 422 208 11 226 129 314 447 95 457 267 360 201 381 494 335 420 174 32 248 290 46 377 228 482 105 435 419 203 5 386 86 452 327 264 474 104 394 52 190 343 221 431 280 497 75 237 23 484 276 368 179 41 301 58 81 341 252 14 213 403 318 373 265 468 103 121 330 424 445 312 158 356 483 225 40 89 398 315 21 277 460 382 347 54 498 436 285 146 63 478 266 391 6 407 94 116 328 138 399 106 451 10 253 242 495 31 336 161 83 288 148 297 59 432 236 43 364 437 488 324 132 111 178 351 466 48 376 222 415 147 282 211 361 60 496 293 51 427 97 449 446 378 28 298 124 404 12 70 162 500 342 205 142 329 173 412 0 470 102 387 202 316 455 64 115 18 306 159 345 39 392 182 85 501 414 152 388 191 69 235 130 339 50 440 243 479 210 370 223 402 47 448 245 93 274 425 490 61 160 344 9 99 113 181 467 441 35 362 461 20 269 77 183 164 393 206 350 110 230 471 1 134 408 261 26 379 119 72 172 165 292 477 216 409 255 71 194 273 396 8 499 307 143 472 325 34 442 175 80 229 429 244 101 459 55 112 308 295 489 17 154 62 219 401 107 170 426 232 131 462 42 125 22 450 333 84 246 185 270 413 197 68 281 135 2 186 79 349 141 275 473 319 258 207 294 453 16 163 366 334 476 260 76 338 199 3 136 389 286 36 463 231 88 493 303 371 109 123 13 168 358 153 458 25 217 56 240 65 227 49 485 289 195 126 176 30 249 114 354 91 309 250 383 87 400 204 296 137 317 430 271 357 117 24 184 233 38 313 171 418 98 372 355 140 4 323 78 395 263 200 410 96 337 44 127 287 157 367 224 434 67 180 15 421 212 304 122 33 238 57 73 284 189 7 149 346 254
476 140 203 266 329 350 413 273 490 371 70 399 189 322 294 385 154 434 77 455 252 357 315 406 217 497 84 119 420 175 378 469 238 161 91 483 98 231 441 133 301 182 147 245 105 287 462 196 364 210 427 308 63 343 126 259 211 274 295 358 421 484 148 414 365 498 224 49 316 197 477 260 428 162 280 7 379 141 442 323 491 183 336 14 204 21 463 386 155 246 392 267 448 28 127 407 218 309 330 372 112 35 190 470 239 351 302 435 168 42 253 134 317 429 99 478 247 387 176 373 449 303 443 212 22 261 324 50 337 232 485 92 422 400 198 36 380 106 471 281 275 499 78 436 0 169 359 191 415 331 456 56 254 43 492 225 344 219 15 310 85 71 366 268 29 205 393 288 381 233 493 107 142 311 408 437 325 113 367 464 276 30 79 430 332 37 269 450 345 388 8 486 394 289 149 100 457 262 338 44 444 64 135 296 163 423 86 500 1 226 255 479 51 352 120 57 318 156 282 93 401 240 23 374 445 472 290 157 65 206 375 501 38 389 170 431 128 297 220 339 101 458 304 31 438 87 494 402 353 45 333 114 409 16 108 150 451 346 213 121 326 199 395 52 465 72 360 184 283 487 94 164 2 319 143 382 9 416 177 58 466 439 136 347 221 73 270 165 361 46 410 227 495 192 383 207 446 17 480 234 59 241 396 502 109 122 368 39 95 158 171 459 417 53 354 473 24 277 66 214 115 403 178 390 80 263 452 10 129 424 248 3 340 151 102 185 130 334 503 200 404 242 81 186 256 425 54 474 284 159 488 312 4 397 215 110 249 447 271 60 467 25 144 291 305 453 47 166 67 179 432 103 222 418 228 123 481 11 137 32 460 298 74 278 172 235 411 193 88 327 116 18 194 89 355 167 264 461 306 250 223 320 489 12 138 341 292 475 257 96 391 173 26 152 376 313 5 454 279 68 468 335 348 61 131 33 208 369 117 496 55 187 75 236 111 243 19 482 285 180 145 201 40 229 124 362 82 299 258 370 97 419 188 328 125 314 398 244 384 153 20 202 265 48 286 181 426 90 363 349 139 34 321 104 412 230 216 440 76 377 6 118 300 132 356 272 405 62 195 41 433 174 293 160 13 251 83 69 307 209 27 146 342 237
477 141 204 267 330 351 414 275 492 373 71 400 191 324 296 388 156 437 79 457 255 360 319 409 220 501 87 121 424 178 383 473 241 165 95 488 103 235 447 137 305 186 152 250 111 292 468 201 369 216 433 314 69 349 132 265 210 273 294 357 420 483 147 415 366 499 225 50 317 198 479 262 430 163 282 8 381 143 445 326 494 184 339 16 207 24 466 390 158 248 396 271 453 32 130 411 222 312 335 376 117 40 194 475 243 356 307 440 174 48 258 139 315 427 98 476 245 385 175 372 448 302 442 211 21 260 325 51 338 233 486 93 423 402 199 38 382 108 472 283 277 502 80 439 3 171 361 193 418 334 460 60 256 47 496 229 348 223 19 313 89 76 370 272 34 209 398 293 378 231 490 105 140 308 406 435 323 112 365 463 274 28 78 429 331 36 268 449 344 389 9 487 395 290 150 101 459 263 340 46 446 66 136 298 166 425 88 503 4 228 257 482 55 355 124 61 320 160 286 97 405 244 27 377 441 469 287 154 63 203 371 498 35 386 168 428 127 295 219 337 99 456 303 29 436 86 493 401 352 44 332 113 410 17 109 151 452 347 214 123 327 200 397 54 467 74 362 187 285 489 96 167 5 321 146 384 13 419 181 62 462 434 133 343 217 70 266 162 358 42 407 224 491 190 380 205 443 15 478 232 56 240 394 500 107 120 367 37 94 157 170 458 416 52 353 474 25 278 67 215 116 404 180 391 82 264 454 12 131 426 251 6 342 153 104 188 126 329 497 196 399 238 77 183 253 421 49 470 280 155 485 310 0 393 212 106 247 444 269 57 464 23 142 289 304 451 45 164 65 177 431 102 221 417 227 122 480 10 138 33 461 299 75 279 173 237 412 195 90 328 118 20 189 84 350 161 259 455 301 246 218 316 484 7 134 336 288 471 254 92 387 169 22 149 374 311 1 450 276 64 465 333 346 58 128 31 206 368 115 495 53 185 73 234 110 242 18 481 284 179 144 202 41 230 125 363 83 300 252 364 91 413 182 322 119 309 392 239 379 148 14 197 261 43 281 176 422 85 359 345 135 30 318 100 408 226 213 438 72 375 2 114 297 129 354 270 403 59 192 39 432 172 291 159 11 249 81 68 306 208 26 145 341 236
478 142 206 270 334 355 419 274 493 375 73 404 194 328 295 387 157 439 81 461 258 358 317 408 221 503 89 125 421 176 381 472 242 167 97 484 99 233 445 136 306 188 148 247 107 290 466 200 370 211 429 311 65 347 130 264 212 276 297 361 425 489 153 413 367 501 227 54 320 202 476 261 431 165 284 12 384 140 443 325 495 186 341 20 203 22 464 389 159 250 398 266 449 30 128 410 223 314 329 373 113 38 192 474 244 350 303 437 170 46 256 138 316 430 101 480 249 391 181 371 450 304 446 215 26 265 322 49 339 234 488 96 426 399 197 37 383 110 475 286 273 498 79 438 4 173 363 189 414 332 458 59 257 48 490 224 345 220 17 312 90 70 365 269 31 207 397 292 379 232 494 109 144 313 412 434 324 114 368 467 279 34 77 428 333 39 271 454 349 385 7 485 396 291 152 104 455 260 337 45 447 68 139 294 162 422 87 502 5 230 252 477 50 353 122 60 321 154 280 92 402 241 25 376 442 471 289 158 67 208 377 497 36 388 171 432 131 300 217 336 100 459 305 33 440 84 491 400 354 47 335 118 406 14 106 149 453 348 216 119 323 198 394 53 468 76 357 183 281 486 95 166 6 315 141 380 8 417 179 61 463 436 135 346 222 75 272 161 359 44 409 228 496 195 378 204 444 16 481 236 62 238 392 499 108 123 369 41 91 155 169 457 418 55 356 469 21 275 64 213 117 405 175 386 78 262 451 11 132 420 246 0 338 150 103 187 127 331 500 199 403 243 83 182 254 423 52 473 285 160 483 309 1 395 214 111 251 441 267 56 465 24 145 293 301 448 43 163 66 180 433 98 218 415 226 121 482 13 133 28 456 296 72 277 174 231 407 191 86 326 115 19 190 85 352 164 263 460 307 245 219 318 487 10 137 342 287 470 255 94 390 172 27 147 372 310 2 452 278 69 462 330 344 57 129 32 209 364 112 492 51 184 74 237 105 239 15 479 283 178 146 196 35 225 120 360 80 298 253 366 93 416 185 327 124 308 393 240 382 151 18 201 259 42 282 177 424 88 362 343 134 29 319 102 411 229 210 435 71 374 3 116 299 126 351 268 401 58 193 40 427 168 288 156 9 248 82 63 302 205 23 143 340 235
479 143 207 271 335 356 415 277 496 372 76 402 193 325 298 389 160 435 78 459 257 362 321 410 219 498 86 123 426 180 380 474 240 162 94 485 102 237 444 138 304 183 149 246 110 288 465 202 368 213 432 309 68 345 129 261 216 275 296 360 424 488 152 418 370 502 229 51 315 199 482 263 429 166 286 9 378 146 441 327 493 187 337 17 205 25 462 391 157 251 394 269 451 33 126 412 221 310 333 374 115 41 189 471 242 354 306 438 172 43 252 135 319 433 103 477 250 388 178 376 453 307 445 210 24 262 323 55 340 231 487 97 425 401 200 35 384 109 469 285 278 500 82 434 6 170 358 195 417 329 461 57 253 45 495 230 346 218 18 311 84 72 364 270 30 208 392 291 383 235 492 111 141 314 409 440 326 117 366 466 273 32 80 427 334 38 272 448 348 386 13 489 397 287 151 99 458 264 342 42 443 67 133 299 164 421 90 497 0 227 254 481 53 350 125 58 316 159 281 91 403 239 26 375 447 473 292 156 69 204 373 499 40 390 174 430 130 294 223 338 98 460 302 34 439 88 490 405 355 46 331 112 407 15 107 153 454 343 215 122 328 196 393 49 464 75 363 185 284 484 92 161 1 318 145 379 11 413 176 59 468 437 137 349 220 71 267 163 357 48 411 225 494 194 382 209 442 19 476 233 60 244 395 503 105 124 365 36 96 154 168 456 419 54 352 470 23 279 65 212 118 399 179 387 83 259 450 7 128 422 249 2 341 148 100 182 132 330 501 201 400 241 79 184 258 420 50 475 282 158 486 313 3 398 211 108 245 446 268 61 463 27 140 290 303 452 44 167 63 181 428 104 217 416 224 120 478 12 134 31 455 300 73 276 169 236 408 192 85 322 114 14 191 87 351 165 265 457 305 248 222 317 483 8 139 339 293 472 256 93 385 171 21 150 377 308 4 449 274 66 467 332 347 62 127 29 203 367 116 491 52 188 70 232 106 238 20 480 280 177 142 197 39 226 119 359 81 297 255 369 95 414 186 324 121 312 396 243 381 147 16 198 260 47 283 175 423 89 361 344 136 28 320 101 406 228 214 436 74 371 5 113 295 131 353 266 404 56 190 37 431 173 289 155 10 247 77 64 301 206 22 144 336 234
480 144 208 272 331 352 416 276 494 377 75 403 190 327 297 391 158 436 83 460 253 361 316 412 222 500 85 124 425 181 379 471 243 164 93 489 101 232 442 135 307 185 153 249 109 289 463 199 366 212 430 313 67 346 127 263 215 279 300 359 423 487 151 419 368 497 228 52 318 201 478 265 432 161 285 10 382 142 446 324 496 182 342 18 206 26 467 388 160 245 393 270 450 34 131 409 219 308 334 371 114 36 195 473 240 355 304 434 171 44 254 137 320 428 100 481 251 390 177 375 454 305 444 214 27 259 328 54 336 236 483 94 424 404 202 39 378 111 470 282 274 501 77 440 1 172 362 194 413 333 459 62 255 42 493 227 349 217 16 309 88 73 367 271 33 204 395 287 384 234 491 108 145 310 411 439 322 118 369 465 278 29 81 431 335 41 267 452 343 387 12 488 392 293 147 102 461 261 339 47 441 69 134 295 165 426 84 499 2 229 258 476 49 354 123 56 319 157 284 96 400 238 24 372 443 475 291 155 66 209 374 503 37 385 169 433 129 299 221 341 104 457 301 32 435 89 495 399 356 43 330 116 408 20 110 152 448 344 210 125 325 197 396 55 462 71 358 186 286 485 91 163 3 317 140 383 7 418 180 57 464 438 139 348 218 74 268 167 363 45 406 226 492 193 381 203 447 14 482 237 58 242 398 498 106 121 364 40 97 159 173 455 415 51 351 472 22 273 68 216 112 401 176 389 79 260 453 13 126 421 250 4 337 149 98 184 128 332 502 198 405 239 82 188 257 422 53 469 283 156 484 314 5 394 213 105 248 445 266 59 468 21 146 288 306 449 48 162 64 178 427 99 223 414 230 119 479 9 136 30 458 294 76 275 168 233 410 189 87 323 117 15 192 90 353 166 262 456 302 247 220 321 486 11 133 340 290 474 252 95 386 174 23 148 373 312 6 451 277 63 466 329 345 60 132 28 205 370 113 490 50 183 72 235 107 244 17 477 281 175 143 200 38 224 122 357 78 296 256 365 92 417 187 326 120 311 397 241 380 150 19 196 264 46 280 179 420 86 360 347 138 31 315 103 407 225 211 437 70 376 0 115 298 130 350 269 402 61 191 35 429 170 292 154 8 246 80 65 303 207 25 141 338 231
481 145 209 268 332 353 417 279 491 374 74 405 192 326 300 390 155 438 82 456 256 359 320 411 218 502 90 120 423 177 384 475 239 166 92 487 100 234 443 139 302 187 151 251 108 291 464 198 365 215 428 310 66 348 128 262 214 278 299 363 422 486 150 416 369 503 226 53 321 196 480 259 433 167 283 11 380 144 444 322 492 188 340 19 208 27 465 385 156 247 397 272 454 29 129 406 220 311 331 375 118 37 193 469 241 352 305 439 169 45 257 133 318 431 104 482 248 386 179 377 452 301 447 213 23 264 327 52 341 237 484 95 420 403 201 41 381 105 474 280 276 497 81 435 5 174 360 190 419 335 457 58 252 46 494 228 343 221 14 314 86 75 368 267 32 203 394 290 382 236 495 106 146 312 407 436 328 116 364 468 277 31 83 432 330 40 266 451 347 391 10 483 398 288 148 103 460 265 336 43 445 63 138 297 161 424 89 498 6 225 253 478 54 356 121 59 315 158 285 94 399 242 21 373 446 470 293 159 64 205 376 500 39 387 173 427 132 298 222 342 102 455 306 28 437 85 496 404 351 48 329 115 412 18 111 147 449 345 211 124 324 202 392 51 466 70 361 182 282 488 97 162 0 316 142 378 12 415 178 60 467 440 134 344 223 72 269 164 362 47 408 230 490 191 379 206 441 20 479 235 61 243 393 501 110 119 370 35 93 160 172 461 414 50 350 471 26 274 69 210 113 402 181 388 77 261 448 9 130 425 245 1 339 152 99 183 131 333 499 197 401 244 80 185 255 426 55 472 281 154 489 308 2 396 216 107 246 442 270 62 462 22 143 292 307 450 42 165 68 175 429 101 219 413 229 125 477 8 135 34 459 295 71 273 170 232 409 194 84 325 112 17 195 88 354 163 260 458 303 249 217 319 485 13 136 338 289 473 258 91 389 168 25 153 371 309 3 453 275 65 463 334 349 56 126 30 207 366 114 493 49 186 76 231 109 240 16 476 286 176 141 199 36 227 123 358 79 294 254 367 96 418 184 323 122 313 395 238 383 149 15 200 263 44 284 180 421 87 357 346 137 33 317 98 410 224 212 434 73 372 4 117 296 127 355 271 400 57 189 38 430 171 287 157 7 250 78 67 304 204 24 140 337 233
482 146 205 269 333 354 418 278 495 376 72 401 195 323 299 386 159 440 80 458 254 363 318 407 223 499 88 122 422 179 382 470 244 163 96 486 104 236 446 134 303 184 150 248 106 293 467 197 367 214 431 312 64 344 131 260 213 277 298 362 426 485 149 417 364 500 230 55 319 200 481 264 427 164 281 13 383 145 447 328 490 185 338 15 209 23 468 387 154 249 395 268 452 31 132 408 217 313 332 377 116 39 191 472 238 353 301 436 173 47 255 136 321 432 102 479 246 389 180 374 451 306 441 216 25 263 326 53 342 235 489 91 421 405 196 40 379 107 473 284 279 503 83 437 2 168 357 192 416 330 455 61 258 44 491 226 347 222 20 308 87 74 369 266 28 206 396 289 380 237 496 110 143 309 410 438 327 115 370 462 275 33 82 433 329 35 270 453 346 390 11 484 393 292 153 98 456 259 341 48 442 65 137 300 167 420 85 501 3 224 256 480 52 351 119 62 317 155 283 95 404 243 22 371 444 474 288 160 68 207 372 502 41 391 172 429 126 296 218 340 103 461 307 30 434 90 492 403 350 42 334 117 411 19 105 148 450 349 212 120 322 201 398 50 463 73 359 188 280 483 93 165 4 320 144 381 10 414 175 56 465 435 138 345 219 76 271 166 360 43 412 229 493 189 384 208 445 18 477 231 57 239 397 497 111 125 366 38 92 156 174 460 413 49 355 475 27 276 63 211 114 400 177 385 81 265 449 8 127 423 247 5 336 147 101 186 129 335 498 202 402 240 78 187 252 424 51 471 286 157 487 311 6 392 210 109 250 443 272 58 466 26 141 287 302 454 46 161 69 176 430 100 220 419 225 124 476 7 139 29 457 297 70 274 171 234 406 190 89 324 113 16 193 86 356 162 261 459 304 251 221 315 488 9 135 337 291 469 253 97 388 170 24 151 375 314 0 448 273 67 464 331 343 59 130 34 204 365 118 494 54 182 71 233 108 241 14 478 282 181 140 198 37 228 121 361 77 295 257 368 94 415 183 325 123 310 394 242 378 152 17 199 262 45 285 178 425 84 358 348 133 32 316 99 409 227 215 439 75 373 1 112 294 128 352 267 399 60 194 36 428 169 290 158 12 245 79 66 305 203 21 142 339 232
483 147 210 273 294 357 420 245 476 385 98 427 175 315 308 378 140 406 105 490 231 371 287 441 203 469 63 154 434 217 343 462 266 133 70 497 77 238 399 126 329 196 161 259 84 301 455 189 350 182 413 322 91 364 119 252 204 267 330 351 414 477 141 442 372 448 260 21 302 211 463 274 435 112 323 28 365 127 428 295 498 168 386 35 190 42 491 358 162 224 407 253 470 49 155 421 183 280 316 336 134 7 218 484 246 379 309 392 197 14 239 148 324 400 71 492 275 373 191 366 499 317 415 198 50 225 331 36 344 268 449 78 429 436 219 29 337 99 456 303 232 478 56 443 15 205 380 212 393 310 485 106 247 0 471 254 387 169 22 288 92 85 359 261 43 176 422 281 388 255 457 79 156 296 437 430 282 163 381 479 262 8 93 423 325 51 233 486 338 352 44 493 401 332 113 86 500 240 367 37 394 107 120 289 142 444 57 464 23 269 276 450 1 374 149 64 311 135 318 100 408 226 30 345 409 501 319 121 87 220 360 494 16 339 184 445 143 326 199 382 108 472 283 38 402 101 487 395 389 9 290 150 416 52 94 157 458 353 170 164 304 177 431 45 451 65 346 206 333 465 58 128 31 297 114 375 2 438 213 72 473 424 165 383 178 95 241 158 390 24 396 248 466 207 361 171 439 3 502 277 80 263 446 459 66 136 340 46 109 151 214 452 410 17 347 480 10 227 102 221 122 417 185 368 73 234 495 53 115 403 270 39 354 129 59 192 137 305 488 186 447 235 103 222 271 411 32 453 312 130 460 334 47 418 193 60 256 425 228 88 503 4 166 298 327 467 54 123 74 200 397 67 215 404 278 116 474 25 144 18 481 284 110 242 179 249 432 172 81 291 159 11 201 111 369 152 250 468 292 243 194 335 475 40 117 376 313 496 229 89 348 223 19 124 355 320 55 482 257 61 489 285 362 96 167 5 187 391 131 454 12 180 82 264 75 279 33 461 299 173 138 208 26 236 145 341 68 306 265 349 69 433 216 314 132 307 440 258 356 139 48 174 272 34 293 209 398 76 370 377 160 27 286 97 405 244 181 419 62 384 13 146 321 153 342 251 426 104 188 6 412 195 328 118 20 237 90 83 300 202 41 125 363 230
484 148 211 274 295 358 421 247 478 387 99 429 176 317 311 381 142 408 107 493 233 375 290 445 206 472 65 157 439 221 347 466 270 136 73 503 81 242 404 130 334 200 167 264 89 306 461 194 355 188 419 328 97 370 125 258 203 266 329 350 413 476 140 443 373 449 261 22 303 212 464 276 437 113 325 30 367 128 431 297 501 170 389 38 192 46 495 361 165 227 410 256 474 54 159 425 186 284 320 341 138 12 223 489 250 384 314 398 202 20 244 153 322 399 70 490 273 371 189 365 498 316 414 197 49 224 332 37 345 269 450 79 430 438 220 31 339 101 458 304 234 480 59 446 17 207 383 215 397 312 488 110 249 4 475 257 391 173 26 292 96 90 363 265 48 181 426 286 385 252 455 77 154 294 434 428 280 162 379 477 260 7 92 422 324 50 232 485 337 353 45 494 402 333 114 87 502 241 368 39 396 109 122 291 144 447 60 467 25 271 279 454 5 376 152 68 313 139 321 104 412 230 34 349 406 497 315 119 84 217 357 491 14 336 183 442 141 323 198 380 106 471 281 36 400 100 486 394 388 8 289 149 417 53 95 158 459 354 171 166 305 179 432 47 453 67 348 208 335 468 61 131 33 300 118 377 6 440 216 76 469 420 161 378 175 91 238 155 386 21 392 246 463 204 359 169 436 0 499 275 78 262 444 457 64 135 338 44 108 150 213 451 409 16 346 481 11 228 103 222 123 418 187 369 75 236 496 55 117 405 272 41 356 132 62 195 133 301 483 182 441 231 98 218 267 407 28 448 309 127 456 331 43 415 191 56 254 423 226 86 500 1 163 296 326 465 52 121 72 199 395 66 214 403 277 115 473 24 145 19 482 285 111 243 180 251 433 174 83 293 160 13 196 105 364 147 245 462 287 239 190 330 470 35 112 372 310 492 225 85 344 219 15 120 352 318 51 479 255 57 487 283 360 94 164 2 184 390 129 452 10 178 80 263 74 278 32 460 298 172 137 209 27 237 146 342 69 307 259 343 63 427 210 308 126 302 435 253 351 134 42 168 268 29 288 205 393 71 366 374 156 23 282 93 401 240 177 416 58 382 9 143 319 151 340 248 424 102 185 3 411 193 327 116 18 235 88 82 299 201 40 124 362 229
485 149 213 277 298 362 426 246 479 389 102 432 180 321 309 380 143 410 110 496 237 372 288 444 207 474 68 160 435 219 345 465 271 138 76 498 78 240 402 129 335 202 162 261 86 304 459 193 356 183 415 325 94 368 123 257 205 269 333 354 418 482 146 441 374 451 263 25 306 216 462 275 438 115 327 33 370 126 429 296 502 172 391 41 189 43 493 360 166 229 412 252 471 51 157 424 187 286 315 337 135 9 221 488 251 378 310 394 199 17 242 152 323 401 72 495 278 376 195 364 500 319 417 200 55 230 329 35 346 270 453 82 433 434 218 30 340 103 461 307 231 477 57 445 18 208 384 210 392 311 487 109 250 6 469 253 388 170 24 291 97 84 358 262 45 178 425 285 386 254 458 80 159 299 440 427 281 164 383 481 264 13 91 421 326 53 235 489 342 350 42 492 403 334 117 90 497 239 366 38 397 111 125 287 141 443 58 466 26 272 273 448 0 375 151 67 314 133 316 99 409 227 32 348 407 499 318 122 88 223 363 490 15 338 185 447 145 328 196 379 107 473 284 40 405 98 484 393 390 11 292 153 413 49 92 156 460 355 174 161 302 176 430 46 454 69 343 204 331 464 59 130 34 294 112 373 1 439 215 75 470 422 163 382 179 96 244 154 387 23 395 249 468 209 357 168 437 2 503 279 83 259 442 456 65 137 341 48 105 148 212 450 411 19 349 476 7 225 100 220 124 419 182 365 71 233 494 54 118 399 267 36 352 128 60 194 134 303 486 184 446 236 104 217 268 408 31 452 313 132 455 330 44 416 192 61 258 420 224 85 501 3 167 300 322 463 50 120 73 201 398 63 211 400 276 114 475 27 140 14 478 282 108 241 181 245 428 169 79 290 158 12 197 106 367 150 248 467 293 238 191 332 472 39 116 377 308 491 226 87 347 222 20 119 351 317 52 480 256 62 483 280 359 93 165 4 188 385 127 449 8 177 81 265 70 274 29 457 297 171 139 203 21 232 142 339 66 305 260 344 64 431 214 312 131 301 436 255 353 136 47 173 266 28 289 206 396 74 369 371 155 22 283 95 404 243 175 414 56 381 10 144 320 147 336 247 423 101 186 5 406 190 324 113 16 234 89 77 295 198 37 121 361 228
486 150 214 278 299 363 422 248 482 386 104 431 179 318 312 382 146 407 106 495 236 376 293 446 205 470 64 159 440 223 344 467 269 134 72 499 80 244 401 131 333 197 163 260 88 303 458 195 354 184 418 323 96 367 122 254 209 268 332 353 417 481 145 447 377 452 264 23 301 213 468 277 436 116 328 31 364 132 427 298 500 173 387 39 191 47 490 362 164 230 408 255 472 55 154 426 185 281 319 338 136 13 217 485 249 383 313 395 200 15 238 149 326 405 74 491 279 374 192 369 503 321 416 196 53 226 330 40 347 266 451 83 432 437 222 28 342 102 455 306 235 479 61 441 20 206 379 216 396 308 489 107 246 2 473 258 389 168 25 289 91 87 357 263 44 180 421 284 390 256 456 82 155 300 438 433 283 167 380 480 259 11 95 420 327 52 237 484 341 351 48 496 404 329 115 85 501 243 370 35 393 110 119 292 143 442 62 462 22 270 275 453 3 371 153 65 309 137 317 98 410 224 33 346 411 502 320 120 90 218 359 492 19 340 188 444 144 322 201 381 105 474 280 41 403 103 483 398 391 10 288 148 414 50 93 160 461 350 172 165 307 175 429 42 450 68 349 207 334 463 56 126 30 296 117 372 4 434 212 73 475 423 166 384 177 92 239 156 385 27 397 247 465 208 360 174 435 5 497 276 81 265 445 460 63 138 336 43 111 147 211 449 412 18 345 477 8 229 101 219 125 413 186 366 76 231 493 49 114 400 271 38 355 127 57 189 139 302 487 187 443 234 100 220 272 406 29 454 311 129 457 335 46 419 190 58 252 424 225 89 498 6 161 297 324 466 51 124 70 202 392 69 210 402 274 113 471 26 141 16 476 286 109 240 176 250 430 171 78 287 157 7 198 108 365 151 251 464 291 241 193 331 469 37 118 375 314 494 228 86 343 221 14 121 356 315 54 478 253 59 488 282 361 97 162 0 182 388 130 448 9 181 77 261 71 273 34 459 295 170 135 204 24 233 140 337 67 304 262 348 66 428 215 310 128 305 439 257 352 133 45 169 267 32 290 203 394 75 368 373 158 21 285 94 399 242 178 415 60 378 12 142 316 152 339 245 425 99 183 1 409 194 325 112 17 232 84 79 294 199 36 123 358 227
487 151 215 279 300 359 423 251 481 390 100 428 177 320 310 384 145 411 108 491 234 374 291 443 209 475 66 155 438 218 348 464 268 139 74 502 82 239 405 128 332 198 166 262 90 302 456 192 353 187 417 326 92 365 120 256 208 272 331 352 416 480 144 444 375 454 259 27 305 214 465 278 439 118 322 29 369 129 433 299 503 169 385 37 193 45 492 363 167 226 406 257 469 53 156 422 188 283 321 340 133 11 220 486 247 380 311 397 196 19 241 150 327 403 75 494 276 377 190 368 497 318 419 201 52 228 335 41 343 267 452 81 431 435 221 32 341 104 457 301 237 482 58 447 14 203 381 213 394 314 484 105 248 5 474 252 386 174 23 290 95 86 360 264 46 179 420 280 391 253 460 83 158 297 436 432 285 161 382 478 265 10 94 424 328 54 236 483 336 356 43 495 399 330 116 89 498 242 364 40 398 106 121 288 146 445 59 468 21 266 277 451 6 373 148 63 312 138 315 103 407 225 31 347 412 500 316 124 85 222 361 496 18 342 182 446 142 324 202 378 111 470 282 39 404 102 488 392 387 12 293 147 415 51 97 159 455 351 173 162 306 178 427 48 449 64 345 205 329 466 60 132 28 298 115 376 0 437 211 70 471 425 164 379 181 93 243 160 388 26 393 245 467 206 362 172 440 1 501 274 77 261 441 461 69 134 339 47 110 152 210 448 408 20 344 479 9 230 99 223 119 414 183 370 72 235 490 50 113 402 269 35 350 130 61 191 135 307 489 185 442 232 101 219 270 409 34 450 308 131 459 333 42 413 194 62 255 426 229 84 499 2 165 295 325 462 55 125 71 197 396 68 216 401 273 112 472 22 143 17 477 281 107 244 175 246 429 170 80 292 154 8 199 109 366 153 249 463 289 240 195 334 473 36 114 371 309 493 227 88 349 217 16 123 354 319 49 476 258 56 485 286 358 91 163 3 186 389 126 453 13 176 79 260 76 275 30 458 294 168 136 207 25 231 141 338 65 303 263 346 67 430 212 313 127 304 434 254 355 137 44 171 271 33 287 204 395 73 367 372 157 24 284 96 400 238 180 418 57 383 7 140 317 149 337 250 421 98 184 4 410 189 323 117 15 233 87 78 296 200 38 122 357 224
488 152 216 275 296 360 424 250 477 388 103 433 178 319 314 383 141 409 111 492 235 373 292 447 204 473 69 156 437 220 349 468 267 137 71 501 79 241 400 132 330 201 165 265 87 305 457 191 351 186 414 324 95 369 121 255 207 271 335 356 415 479 143 445 376 453 262 24 307 210 466 273 440 117 326 32 366 130 430 294 499 174 390 40 194 48 494 357 163 225 411 258 475 50 158 420 184 282 317 339 139 8 222 483 248 381 312 396 198 16 243 147 325 402 76 496 277 372 193 370 502 315 418 199 51 229 334 38 348 272 448 80 427 439 223 34 338 98 460 302 233 476 60 442 19 209 382 211 398 313 486 108 245 3 472 256 385 171 21 293 93 89 361 260 47 175 423 283 389 257 459 78 160 298 435 429 286 166 378 482 263 9 97 425 323 55 231 487 340 355 46 490 405 331 112 88 503 244 365 36 395 105 124 290 140 446 61 463 27 268 274 449 4 377 150 66 308 136 320 101 406 228 28 344 410 498 321 123 86 219 362 493 17 337 187 441 146 327 200 384 109 469 285 35 401 99 489 397 386 13 287 151 419 54 96 154 456 352 168 167 303 181 428 44 452 63 347 203 332 467 62 127 29 295 113 371 5 436 214 74 474 426 162 380 180 94 240 157 391 25 394 251 462 205 358 170 434 6 500 278 82 264 443 458 67 133 342 42 107 153 215 454 407 15 343 478 12 224 104 217 120 416 188 367 70 232 491 52 116 404 266 37 353 131 56 190 138 304 485 183 444 237 102 221 269 412 33 451 310 126 461 329 45 417 195 57 253 421 227 90 497 0 164 299 328 464 49 122 75 196 393 65 212 399 279 118 470 23 142 20 480 280 106 238 177 247 431 173 77 289 155 10 202 110 368 149 246 465 288 242 189 333 471 41 115 374 311 495 230 84 346 218 18 125 350 316 53 481 254 58 484 284 363 92 161 1 185 387 128 450 7 179 83 259 73 276 31 455 300 169 134 206 22 234 144 336 64 301 261 345 68 432 213 309 129 306 438 252 354 135 43 172 270 30 291 208 392 72 364 375 159 26 281 91 403 239 176 413 59 379 11 145 318 148 341 249 422 100 182 2 408 192 322 114 14 236 85 81 297 197 39 119 359 226
489 153 212 276 297 361 425 249 480 391 101 430 181 316 313 379 144 412 109 494 232 377 289 442 208 471 67 158 436 222 346 463 272 135 75 500 83 243 403 127 331 199 164 263 85 307 460 190 352 185 416 327 93 366 124 253 206 270 334 355 419 478 142 446 371 450 265 26 304 215 467 279 434 114 324 34 368 131 432 300 497 171 388 36 195 44 496 359 161 228 409 254 473 52 160 423 182 285 318 342 137 10 219 487 245 382 308 393 201 18 240 151 328 404 73 493 274 375 194 367 501 320 413 202 54 227 333 39 349 271 454 77 428 440 217 33 336 100 459 305 236 481 62 444 16 204 378 214 395 309 483 111 251 1 470 255 390 172 27 287 94 88 362 259 42 177 424 282 387 258 461 81 157 295 439 431 284 165 384 476 261 12 96 426 322 49 234 488 339 354 47 491 400 335 118 84 499 238 369 41 392 108 123 293 145 441 56 465 24 267 278 452 2 372 147 69 310 134 319 102 411 229 29 343 408 503 317 125 89 221 358 495 20 341 186 443 140 325 197 383 110 475 286 37 399 104 485 396 385 7 291 152 418 55 91 155 457 356 169 163 301 180 433 43 448 66 344 209 330 462 57 129 32 299 116 374 3 435 210 71 472 421 167 381 176 97 242 159 389 22 398 250 464 203 363 173 438 4 498 273 79 260 447 455 68 139 337 45 106 149 216 453 406 14 348 482 13 226 98 218 121 415 184 364 74 237 492 51 112 401 268 40 351 126 58 193 136 306 484 188 445 233 99 223 266 410 30 449 314 128 458 332 48 414 189 59 257 422 230 87 502 5 162 294 323 468 53 119 76 198 394 64 213 405 275 117 469 21 146 15 479 283 105 239 178 248 427 168 82 288 156 9 200 107 370 148 247 466 290 244 192 329 474 38 113 373 312 490 224 90 345 220 17 122 353 321 50 477 252 60 486 281 357 95 166 6 183 386 132 451 11 175 78 262 72 277 28 456 296 174 133 205 23 235 143 340 63 302 264 347 65 429 211 311 130 303 437 256 350 138 46 170 269 31 292 207 397 70 365 376 154 25 280 92 402 241 179 417 61 380 8 141 315 150 338 246 420 103 187 0 407 191 326 115 19 231 86 80 298 196 35 120 360 225
490 154 217 238 301 364 427 266 455 357 91 441 196 308 329 371 119 420 98 462 259 350 322 434 175 483 105 126 413 189 385 497 231 147 63 476 70 252 406 161 287 210 140 273 77 315 469 182 343 203 399 294 84 378 133 245 197 260 323 386 407 470 134 421 379 491 246 28 330 168 484 224 442 155 309 35 351 148 414 280 463 218 372 42 211 49 477 336 127 239 435 274 498 7 141 392 190 302 295 365 162 14 204 448 253 358 316 428 183 21 267 112 303 422 106 499 254 344 205 387 485 281 436 191 15 268 317 22 380 275 456 85 393 429 212 50 359 56 492 288 247 449 92 400 43 219 366 176 443 324 471 78 225 29 478 261 337 198 0 331 71 99 373 232 36 169 415 310 367 269 486 64 163 318 401 408 332 149 338 500 255 23 107 437 289 44 226 479 374 381 30 450 444 296 120 93 493 276 345 8 423 57 156 311 113 430 100 457 51 240 233 464 37 388 135 86 282 142 325 79 394 262 1 352 431 458 333 150 72 184 382 472 31 353 213 395 164 319 206 389 87 451 326 2 416 65 501 438 346 52 283 143 445 38 101 114 465 360 177 157 297 220 402 16 487 58 375 170 304 494 108 121 9 290 128 339 45 409 199 94 495 446 122 354 214 80 248 136 383 39 417 277 452 185 347 192 396 53 473 263 102 270 410 480 95 115 390 3 73 165 207 502 403 10 340 466 46 234 109 171 129 424 221 361 59 241 459 24 151 439 227 17 368 158 66 178 159 312 467 179 418 278 88 200 249 447 47 481 298 116 503 284 25 432 222 74 235 404 256 110 453 11 137 327 334 474 4 144 103 172 411 81 186 397 271 166 460 18 130 54 488 291 67 228 193 242 425 215 60 305 123 32 223 96 376 131 236 482 299 264 173 313 468 55 145 362 306 489 279 61 369 180 40 167 341 292 33 496 243 82 461 320 391 68 117 19 201 355 138 475 5 208 111 229 89 250 26 454 335 187 124 194 12 257 152 348 75 285 244 363 104 440 195 293 146 328 426 230 377 132 13 209 258 20 321 216 405 83 342 370 153 48 300 62 433 237 188 398 90 349 41 160 307 125 384 265 412 76 174 27 419 202 286 139 6 272 69 97 314 181 34 118 356 251
491 155 218 239 302 365 428 268 456 359 92 443 198 310 332 374 120 423 100 464 262 353 326 438 177 487 108 128 417 192 390 502 234 151 66 481 74 256 411 166 291 215 145 279 82 320 475 187 348 209 405 300 90 384 139 251 196 259 322 385 406 469 133 422 380 492 247 29 331 169 486 226 444 156 311 37 352 150 416 283 465 220 375 45 214 53 480 340 129 241 439 278 503 11 144 397 193 305 299 369 167 19 208 454 257 363 321 433 188 27 272 118 301 420 105 497 252 343 203 386 484 280 435 190 14 267 318 23 381 276 457 86 394 431 213 52 360 58 494 290 248 452 95 403 46 221 368 179 447 327 474 81 228 32 482 264 341 201 5 335 75 104 377 237 41 174 419 314 364 266 483 63 161 315 399 407 330 148 336 498 253 21 106 436 288 43 225 478 373 382 31 451 445 297 121 94 495 277 347 10 424 59 158 312 116 432 103 460 54 242 236 468 40 391 138 89 285 146 328 83 398 265 6 356 427 455 329 147 70 182 378 470 28 351 211 392 162 316 205 387 85 449 324 0 415 64 500 437 345 51 282 142 446 39 102 115 466 361 178 159 298 222 404 18 488 60 376 173 306 496 111 124 12 293 132 342 48 412 202 97 490 441 119 350 210 77 245 134 379 35 414 274 448 183 344 191 393 50 471 261 99 269 408 479 93 113 388 1 72 164 206 501 402 9 339 467 47 235 110 172 130 425 223 362 61 243 461 26 152 440 230 20 370 160 69 181 154 308 462 175 413 273 84 197 246 442 42 477 295 112 499 281 22 429 219 71 232 401 255 107 450 8 135 325 333 472 2 143 101 170 409 80 185 396 270 165 459 17 131 55 489 292 68 229 194 244 426 216 62 307 125 34 217 91 371 126 231 476 294 260 168 309 463 49 141 358 303 485 275 56 366 176 36 163 338 289 30 493 240 79 458 319 389 65 114 16 199 354 136 473 3 207 109 227 88 249 25 453 334 186 123 195 13 258 153 349 76 286 238 357 98 434 189 287 140 323 421 224 372 127 7 204 254 15 317 212 400 78 337 367 149 44 296 57 430 233 184 395 87 346 38 157 304 122 383 263 410 73 171 24 418 200 284 137 4 271 67 96 313 180 33 117 355 250
492 156 220 241 305 369 433 267 457 360 95 447 201 314 330 373 121 424 103 468 265 351 324 437 178 488 111 132 414 191 388 501 235 152 69 477 71 255 409 165 292 216 141 275 79 319 473 186 349 204 400 296 87 383 137 250 198 262 326 390 411 475 139 420 381 494 248 32 335 174 483 225 445 158 312 40 356 147 415 282 466 222 376 48 210 50 479 339 130 243 440 273 499 8 143 396 194 307 294 366 163 16 207 453 258 357 317 430 184 24 271 117 302 423 108 502 256 348 209 385 486 283 439 193 19 272 315 21 382 277 460 89 398 427 211 51 361 60 496 293 245 448 93 402 47 223 370 175 442 325 472 80 229 34 476 260 338 199 3 334 76 98 372 233 38 171 418 313 365 268 487 66 166 320 405 406 331 150 340 503 257 27 105 435 290 46 228 482 377 378 28 449 446 298 124 97 490 274 344 9 425 61 160 308 112 429 101 459 55 244 231 463 36 389 136 88 286 140 323 78 395 263 4 355 428 456 332 151 74 187 384 469 29 352 214 397 167 321 203 386 86 452 327 5 419 63 498 436 347 54 285 146 441 35 99 113 467 362 181 154 295 219 401 17 489 62 371 168 303 493 109 123 13 287 127 337 44 410 200 96 491 443 120 353 215 82 251 133 380 37 416 278 454 188 343 190 394 52 474 264 104 266 407 478 94 116 391 6 70 162 205 500 404 12 342 462 42 232 107 170 131 426 217 358 56 240 458 25 153 434 224 15 367 157 67 180 155 310 464 177 417 279 90 196 247 444 45 480 299 118 497 280 23 431 221 75 237 399 253 106 451 10 138 328 329 470 0 142 102 173 412 77 183 393 269 164 461 20 126 49 485 289 65 227 195 238 421 212 57 304 122 33 218 92 374 128 234 481 300 259 169 311 465 53 144 363 301 484 276 58 368 179 41 161 336 288 31 495 242 83 455 316 387 64 115 18 202 350 134 471 1 206 110 230 84 246 22 450 333 185 125 189 7 254 149 346 73 284 239 359 100 438 192 291 145 322 422 226 375 129 11 208 252 14 318 213 403 81 341 364 148 43 297 59 432 236 182 392 85 345 39 159 306 119 379 261 408 72 172 26 413 197 281 135 2 270 68 91 309 176 30 114 354 249
493 157 221 242 306 370 429 270 461 358 97 445 200 311 334 375 125 421 99 466 264 355 328 439 176 484 107 130 419 194 387 503 233 148 65 478 73 258 408 167 290 211 142 274 81 317 472 188 347 206 404 295 89 381 136 247 202 261 325 389 410 474 138 425 384 495 250 30 329 170 489 227 443 159 314 38 350 153 413 284 464 223 373 46 212 54 476 341 128 244 437 276 501 12 140 398 192 303 297 367 165 20 203 449 256 361 320 431 186 22 266 113 304 426 110 498 257 345 207 391 488 286 438 189 17 269 316 26 383 273 458 90 397 430 215 49 363 59 490 292 249 450 96 399 48 220 365 181 446 322 475 79 224 31 480 265 339 197 4 332 70 101 371 234 37 173 414 312 368 271 485 68 162 321 402 412 333 152 337 502 252 25 109 434 291 45 230 477 376 379 34 454 447 294 122 92 494 279 349 7 422 60 154 313 114 428 104 455 50 241 232 467 39 385 139 87 280 144 324 77 396 260 5 353 432 459 335 149 76 183 380 471 33 354 216 394 166 315 208 388 84 453 323 6 417 67 497 440 348 53 281 141 442 36 100 118 468 357 179 158 300 217 400 14 486 61 377 171 305 491 106 119 8 289 131 336 47 406 198 95 496 444 123 356 213 78 246 135 378 41 418 275 451 187 346 195 392 55 469 262 103 272 409 481 91 117 386 0 75 161 204 499 405 11 338 463 44 236 108 169 132 420 222 359 62 238 457 21 150 436 228 16 369 155 64 175 160 309 465 180 415 277 86 199 251 441 43 482 296 115 500 285 24 433 218 72 231 403 254 111 448 13 133 326 331 473 1 145 98 174 407 83 182 395 267 163 456 19 127 52 483 293 66 226 191 243 423 214 56 301 121 28 219 94 372 129 237 479 298 263 172 310 462 51 146 360 307 487 278 57 364 178 35 164 342 287 32 492 239 80 460 318 390 69 112 15 196 352 137 470 2 209 105 225 85 245 27 452 330 184 120 190 10 255 147 344 74 283 240 362 102 435 193 288 143 327 424 229 374 126 9 205 253 18 319 210 401 82 340 366 151 42 299 58 427 235 185 393 88 343 40 156 302 124 382 259 411 71 168 23 416 201 282 134 3 268 63 93 308 177 29 116 351 248
494 158 222 243 307 366 430 272 460 361 93 442 199 313 331 377 124 425 101 463 263 352 327 436 181 489 109 127 416 190 391 500 232 153 67 480 75 253 412 164 289 212 144 276 83 316 471 185 346 208 403 297 85 379 135 249 201 265 324 388 409 473 137 423 382 496 245 34 334 171 487 228 446 160 308 36 355 151 419 285 467 219 371 44 215 52 478 342 131 240 434 279 497 10 142 393 195 304 300 368 161 18 206 450 254 359 318 432 182 26 270 114 305 424 111 501 255 349 204 390 483 282 440 194 16 271 320 27 378 274 459 88 395 428 214 54 362 62 493 287 251 454 94 404 42 217 367 177 444 328 470 77 227 33 481 259 336 202 1 333 73 100 375 236 39 172 413 309 369 267 488 69 165 319 400 411 335 147 339 499 258 24 108 439 293 47 229 476 372 384 29 452 441 295 123 96 491 278 343 12 426 56 157 310 118 431 102 461 49 238 234 465 41 387 134 84 284 145 322 81 392 261 2 354 433 457 330 152 71 186 383 475 32 356 210 396 163 317 209 385 89 448 325 3 418 66 503 435 344 55 286 140 443 37 104 116 462 358 180 155 299 221 399 20 485 57 374 169 301 495 110 125 7 291 129 341 43 408 197 91 492 447 121 351 216 79 250 139 381 40 415 273 453 184 348 193 398 51 472 260 98 268 406 482 97 112 389 4 74 167 203 498 401 13 337 464 45 237 106 173 126 421 218 363 58 242 455 22 149 438 226 14 364 159 68 176 156 314 468 178 414 275 87 198 248 445 48 479 294 117 502 283 21 427 223 76 233 405 257 105 449 9 136 323 332 469 5 146 99 168 410 82 188 394 266 162 458 15 128 53 484 288 64 230 189 239 422 213 59 306 119 30 220 95 373 132 235 477 296 262 174 312 466 50 143 357 302 486 277 60 370 175 38 166 340 290 28 490 244 78 456 321 386 63 113 17 200 353 133 474 6 205 107 224 90 247 23 451 329 183 122 192 11 252 148 345 72 281 241 360 103 437 191 292 141 326 420 225 376 130 8 207 256 19 315 211 402 80 338 365 150 46 298 61 429 231 187 397 86 347 35 154 303 120 380 264 407 70 170 25 417 196 280 138 0 269 65 92 311 179 31 115 350 246
495 159 223 244 303 367 431 269 458 363 96 446 197 312 333 376 122 422 104 467 260 354 323 440 179 486 106 131 418 195 386 499 236 150 64 482 72 254 407 163 293 214 146 278 80 318 470 184 344 205 401 299 88 382 134 248 200 264 328 387 408 472 136 426 383 490 249 31 332 173 485 230 447 154 313 39 353 149 417 281 468 217 377 47 213 55 481 338 132 238 436 277 500 13 145 395 191 301 298 364 164 15 209 452 255 362 319 427 185 23 268 116 306 421 107 503 258 347 206 389 489 284 437 192 20 266 321 25 379 279 455 87 396 432 216 53 357 61 491 289 246 451 91 405 44 222 369 180 441 326 473 83 226 28 479 263 342 196 2 330 74 102 374 235 40 168 416 308 370 270 484 65 167 317 404 410 329 153 341 501 256 22 110 438 292 48 224 480 371 380 33 453 442 300 119 95 496 275 346 11 420 62 155 309 115 433 98 456 52 243 237 462 35 390 137 85 283 143 327 82 393 259 3 351 429 461 334 148 73 188 381 474 30 350 212 398 165 320 207 391 90 450 322 4 414 68 502 434 349 50 280 144 444 41 103 117 463 359 175 160 296 218 403 19 483 56 372 172 307 492 105 120 10 288 126 340 42 411 201 93 493 445 125 355 211 81 247 138 384 38 413 276 449 186 345 189 397 49 475 265 101 271 412 477 92 114 385 5 76 166 208 497 400 8 336 465 43 231 111 174 127 423 219 360 57 239 460 27 147 435 229 18 366 156 63 177 157 311 466 176 419 274 89 202 250 443 46 476 297 113 498 286 26 430 220 70 234 402 252 109 454 7 139 324 335 471 6 141 100 171 406 78 187 392 272 161 457 16 129 51 487 287 69 225 190 240 424 210 58 302 124 29 221 97 375 130 233 478 295 261 170 314 464 54 140 361 304 488 273 59 365 181 37 162 337 291 34 494 241 77 459 315 388 67 118 14 198 356 135 469 0 204 108 228 86 251 24 448 331 182 121 193 9 253 151 343 71 282 242 358 99 439 194 290 142 325 425 227 373 128 12 203 257 17 316 215 399 79 339 368 152 45 294 60 428 232 183 394 84 348 36 158 305 123 378 262 409 75 169 21 415 199 285 133 1 267 66 94 310 178 32 112 352 245
496 160 219 240 304 368 432 271 459 362 94 444 202 309 335 372 123 426 102 465 261 356 325 435 180 485 110 129 415 193 389 498 237 149 68 479 76 257 410 162 288 213 143 277 78 321 474 183 345 207 402 298 86 380 138 246 199 263 327 391 412 471 135 424 378 493 251 33 333 172 488 229 441 157 310 41 354 152 418 286 462 221 374 43 216 51 482 337 126 242 438 275 502 9 146 394 189 306 296 370 166 17 205 451 252 360 315 429 187 25 269 115 307 425 109 500 253 346 208 388 487 285 434 195 18 270 319 24 384 278 461 84 392 433 210 55 358 57 495 291 250 453 97 401 45 218 364 178 445 323 469 82 230 30 477 262 340 200 6 329 72 103 376 231 35 170 417 311 366 272 489 67 164 316 403 409 334 151 342 497 254 26 111 440 287 42 227 481 375 383 32 448 443 299 125 91 492 273 348 13 421 58 159 314 117 427 99 458 53 239 235 466 38 386 133 90 281 141 326 80 397 264 0 350 430 460 331 153 75 185 379 473 34 355 215 393 161 318 204 390 88 454 328 1 413 69 499 439 343 49 284 145 447 40 98 112 464 363 176 156 294 223 405 15 484 59 373 174 302 490 107 122 11 292 130 338 46 407 196 92 494 442 124 352 212 83 249 137 382 36 419 279 450 182 349 194 395 54 470 259 100 267 411 476 96 118 387 2 71 163 209 503 399 7 341 468 48 233 105 168 128 422 220 357 60 244 456 23 148 437 225 19 365 154 65 179 158 313 463 181 416 276 85 201 245 446 44 478 300 114 501 282 27 428 217 73 236 400 258 108 452 12 134 322 330 475 3 140 104 169 408 79 184 398 268 167 455 14 132 50 486 290 63 224 192 241 420 211 61 303 120 31 222 93 377 127 232 480 297 265 171 308 467 52 142 359 305 483 274 62 367 177 39 165 339 293 29 491 238 81 457 317 385 66 116 20 197 351 139 472 4 203 106 226 87 248 21 449 332 188 119 191 8 256 150 347 70 280 243 361 101 436 190 289 144 324 423 228 371 131 10 206 255 16 320 214 404 77 336 369 147 47 295 56 431 234 186 396 89 344 37 155 301 121 381 260 406 74 173 22 414 198 283 136 5 266 64 95 312 175 28 113 353 247
497 161 182 245 308 371 434 259 483 378 77 413 217 287 322 343 147 441 84 476 238 385 301 399 210 462 91 140 406 203 364 455 273 126 98 469 105 266 427 119 294 189 133 252 63 329 490 175 357 196 420 315 70 350 154 231 190 253 316 379 442 463 127 428 336 470 274 42 309 204 491 267 392 134 295 49 372 155 435 330 448 197 358 7 218 14 498 351 112 260 421 239 484 21 162 414 168 323 302 386 148 28 183 477 224 365 280 407 211 35 246 141 331 436 85 471 232 366 212 359 478 324 393 219 36 254 310 29 387 261 499 56 400 443 169 43 344 71 485 317 268 492 106 415 22 176 337 198 422 288 449 99 275 15 456 247 373 205 50 281 78 92 380 225 0 191 429 303 352 276 500 93 135 289 430 423 318 142 388 450 240 44 100 444 282 1 255 493 367 374 37 457 408 325 163 57 464 226 381 51 401 79 149 332 156 394 64 479 30 233 262 486 23 345 113 107 296 120 311 86 437 269 8 338 416 494 297 164 101 199 346 487 52 382 206 409 114 304 177 375 94 501 333 16 395 108 465 431 339 2 319 157 438 45 58 121 472 389 184 128 283 213 445 9 458 87 353 220 290 451 72 143 38 326 150 360 31 402 170 65 480 403 158 361 185 109 263 151 368 10 446 270 473 171 390 214 424 39 459 227 73 234 439 452 102 165 354 24 66 129 221 495 396 3 383 502 53 248 59 178 136 410 192 340 95 277 466 17 122 417 241 46 347 115 80 207 144 327 460 222 425 249 67 215 228 432 18 467 334 137 481 305 54 404 172 88 271 411 278 81 488 47 123 284 291 503 32 116 110 186 418 74 193 447 242 159 453 4 166 11 474 312 60 235 200 256 397 179 103 298 130 25 208 75 391 124 243 489 313 279 201 285 496 26 131 355 320 454 236 111 362 194 33 145 369 335 12 461 229 96 475 299 341 89 152 55 180 348 167 482 40 173 68 250 82 257 5 468 306 223 117 187 19 264 138 376 61 292 272 377 83 412 181 307 153 300 419 265 342 160 34 195 251 27 328 202 440 62 349 384 118 41 293 69 426 258 209 433 104 356 20 125 286 139 363 237 398 97 216 13 405 188 314 146 48 230 76 90 321 174 6 132 370 244
498 162 183 246 309 372 435 261 485 380 78 415 219 288 325 345 149 444 86 479 240 389 304 402 213 465 94 143 410 207 368 459 277 129 102 474 110 271 432 123 298 193 138 257 68 335 496 180 362 202 426 321 76 356 160 237 189 252 315 378 441 462 126 429 337 471 275 43 310 205 493 269 394 135 296 51 374 157 438 333 451 199 360 9 221 17 502 354 115 263 424 242 488 25 166 418 172 327 306 391 152 33 187 482 229 370 286 412 216 41 251 146 329 434 84 469 231 364 210 358 477 323 392 218 35 253 311 30 388 262 500 57 401 445 170 45 346 72 487 319 270 495 109 417 24 178 340 200 425 291 453 103 278 18 461 250 376 208 55 285 82 97 384 230 6 195 433 307 350 273 497 91 133 287 427 421 316 141 386 448 239 42 99 443 281 0 254 492 366 375 38 458 409 326 164 58 466 227 383 53 403 80 151 334 159 397 67 481 32 235 264 489 26 348 117 111 299 125 314 90 440 272 13 342 413 490 294 161 98 196 343 484 49 379 204 407 112 302 176 373 92 499 331 15 393 107 464 430 338 1 318 156 439 46 59 122 473 390 185 130 284 215 447 11 460 88 355 223 292 454 75 145 40 328 153 363 34 405 174 69 476 399 154 357 182 105 259 148 365 7 442 267 470 168 387 212 422 36 456 225 71 233 437 450 100 163 352 23 65 128 220 494 395 2 382 503 54 249 60 179 137 411 194 341 96 279 468 19 124 419 244 48 349 118 83 209 140 322 455 217 420 245 63 211 224 428 14 463 330 134 478 303 50 400 169 85 268 408 276 79 486 44 120 282 290 501 31 114 108 184 416 73 192 446 241 158 452 3 167 12 475 313 61 236 201 258 398 181 104 300 132 27 203 70 385 119 238 483 308 274 197 280 491 21 127 351 317 449 232 106 359 191 29 142 367 332 8 457 226 93 472 297 339 87 150 52 177 347 165 480 39 171 66 248 81 256 4 467 305 222 116 188 20 265 139 377 62 293 266 371 77 406 175 301 147 295 414 260 336 155 28 190 247 22 324 198 436 56 344 381 113 37 289 64 423 255 206 431 101 353 16 121 283 136 361 234 396 95 214 10 404 186 312 144 47 228 74 89 320 173 5 131 369 243
499 163 184 248 312 376 440 260 486 382 80 418 223 293 323 344 150 446 88 482 244 386 303 401 214 467 96 146 407 205 367 458 278 131 104 470 106 269 431 122 299 195 134 254 64 333 495 179 363 197 422 318 72 354 159 236 191 255 319 383 447 468 132 427 338 472 277 47 313 209 490 268 395 136 298 55 377 154 436 332 452 200 362 13 217 15 500 353 116 264 426 238 485 23 164 417 173 328 301 387 149 31 185 481 230 364 281 408 213 39 249 145 330 437 87 473 235 369 216 357 479 326 396 222 40 258 308 28 389 263 503 61 405 441 168 44 347 74 489 321 266 491 107 416 25 180 342 196 421 289 451 102 279 20 455 246 374 206 53 284 83 91 379 226 2 192 432 306 351 275 501 95 137 292 433 420 317 143 390 453 243 48 98 442 283 3 256 496 370 371 35 456 410 327 167 62 462 224 380 52 404 82 153 329 155 393 65 480 33 237 259 484 22 346 115 110 300 119 309 85 438 270 11 341 414 492 296 165 103 201 349 483 50 381 207 411 117 307 175 372 93 502 334 19 398 105 463 429 340 4 320 160 434 42 56 120 474 391 188 126 280 212 444 10 461 90 350 218 288 450 73 144 41 322 148 359 30 403 172 68 477 400 156 360 186 111 265 147 366 8 445 271 475 174 385 211 423 38 460 229 76 231 435 449 101 166 355 27 63 127 219 493 397 5 384 497 49 247 57 177 138 412 189 336 92 276 465 18 125 413 239 43 345 114 81 208 141 324 457 220 424 250 69 210 225 430 16 466 335 139 476 302 51 402 171 89 272 406 274 78 487 46 124 286 287 498 29 113 109 187 419 70 190 443 240 157 454 6 161 7 471 311 58 234 202 252 392 176 100 297 129 26 204 71 388 121 241 488 314 273 198 282 494 24 130 356 315 448 233 108 361 193 34 140 365 331 9 459 228 97 469 295 337 86 151 54 181 343 162 478 37 170 67 251 77 253 0 464 304 221 118 182 14 261 135 375 59 291 267 373 79 409 178 305 152 294 415 262 339 158 32 194 245 21 325 199 439 60 348 378 112 36 290 66 425 257 203 428 99 352 17 123 285 133 358 232 394 94 215 12 399 183 310 142 45 227 75 84 316 169 1 128 368 242
500 164 185 249 313 377 436 263 489 379 83 416 222 289 327 346 153 442 85 480 243 391 307 403 212 463 93 144 412 208 366 460 276 127 101 471 109 272 430 124 297 190 135 253 67 331 494 181 361 199 425 316 75 352 158 232 195 254 318 382 446 467 131 432 342 473 279 44 308 206 496 270 393 137 300 52 371 160 434 334 450 201 359 10 219 18 497 355 114 265 423 240 487 26 161 419 171 324 304 388 151 34 182 478 228 368 285 409 215 36 245 142 333 440 88 470 236 367 214 362 481 328 395 217 39 255 309 33 390 259 501 62 404 444 172 42 349 73 483 320 271 493 111 413 27 177 336 202 424 287 454 100 274 16 459 251 375 204 54 282 77 94 378 227 1 194 428 305 354 278 499 96 134 293 431 426 319 145 387 452 238 47 102 441 284 2 258 491 369 372 41 461 411 322 165 56 465 229 384 49 400 81 147 335 157 392 69 476 29 234 261 488 24 343 118 108 295 123 310 84 439 267 12 339 418 495 299 163 104 197 344 485 55 383 209 408 116 301 180 374 91 503 330 20 396 110 462 433 341 3 317 155 435 43 57 125 475 385 186 129 286 210 443 7 457 89 356 221 291 448 71 140 37 325 152 358 32 399 169 66 482 401 159 363 184 106 260 149 364 13 447 268 472 173 389 216 421 40 455 226 74 237 438 453 98 167 351 22 68 126 218 492 398 4 381 498 51 250 58 176 139 406 193 337 97 273 464 14 121 415 242 45 348 112 79 203 146 323 458 223 422 248 64 213 230 427 15 468 332 136 479 306 53 405 168 87 266 410 275 82 484 48 119 283 288 502 30 117 105 188 414 76 189 445 239 156 449 5 162 9 469 314 59 233 198 257 394 178 99 294 128 21 205 72 386 122 244 486 312 277 200 281 490 23 132 353 321 451 235 107 357 192 28 143 370 329 11 456 224 95 474 296 340 90 148 50 175 345 166 477 38 174 63 247 78 252 6 466 302 220 113 183 17 262 133 373 60 290 269 376 80 407 179 303 150 298 417 264 338 154 31 191 246 25 326 196 437 61 347 380 115 35 292 65 420 256 207 429 103 350 19 120 280 138 360 231 397 92 211 8 402 187 311 141 46 225 70 86 315 170 0 130 365 241
501 165 186 250 314 373 437 265 488 383 79 414 220 292 324 349 152 447 87 477 241 388 305 400 216 468 95 141 409 204 369 457 275 132 103 473 111 267 433 121 296 191 137 255 69 330 492 178 360 201 424 319 71 351 156 235 194 258 317 381 445 466 130 430 339 475 273 48 312 207 494 271 396 139 294 50 376 158 440 335 453 198 357 8 222 16 499 356 117 262 420 243 483 24 163 415 174 326 307 390 147 32 184 479 225 366 282 411 210 40 248 143 334 439 89 472 233 370 211 361 476 325 398 223 38 256 313 34 385 260 502 60 402 442 171 47 348 76 486 315 272 496 108 418 21 175 338 199 423 293 448 98 277 19 460 245 372 209 51 283 80 93 382 229 3 193 427 302 355 274 503 97 136 290 429 425 320 140 389 449 244 46 101 446 286 4 257 490 365 377 36 459 406 323 166 61 463 228 378 55 405 78 150 331 160 395 66 482 28 231 263 487 27 344 112 105 298 124 308 88 435 268 9 340 419 493 295 167 99 200 347 489 54 384 203 410 113 303 181 371 96 498 332 17 397 109 467 428 337 5 321 154 436 44 62 123 469 386 187 127 285 214 441 13 456 86 352 219 287 452 74 146 35 327 151 362 29 401 168 63 478 404 157 358 188 107 264 153 367 12 443 266 474 170 391 215 426 37 458 224 70 232 434 454 104 162 353 25 67 131 217 491 394 6 380 500 52 251 56 180 133 407 190 342 94 278 462 15 120 416 240 42 343 116 82 205 142 328 461 221 421 247 65 212 227 431 20 464 329 138 480 304 49 399 173 90 269 412 279 77 485 45 122 280 289 497 33 118 106 183 417 75 195 444 238 155 451 0 164 10 470 310 57 237 196 253 393 177 102 299 126 23 206 73 387 125 242 484 311 276 202 284 495 22 128 350 316 450 234 110 363 189 31 144 368 333 7 455 230 92 471 300 336 84 149 53 179 346 161 481 41 169 64 246 83 254 1 465 301 218 115 185 18 259 134 374 58 288 270 375 81 408 176 306 148 297 413 261 341 159 30 192 249 26 322 197 438 59 345 379 114 39 291 68 422 252 208 432 100 354 14 119 281 135 359 236 392 91 213 11 403 182 309 145 43 226 72 85 318 172 2 129 364 239
502 166 187 251 310 374 438 262 487 384 82 417 218 291 326 348 151 443 90 481 239 390 302 405 215 464 92 145 411 209 365 456 279 128 100 475 108 268 428 120 300 192 139 256 66 332 491 177 359 198 423 320 74 353 155 234 193 257 321 380 444 465 129 433 340 469 278 45 311 208 492 272 397 133 299 53 375 156 439 331 454 196 363 11 220 19 503 352 118 259 422 241 486 27 167 416 169 322 305 385 150 29 188 480 226 369 283 406 214 37 247 144 335 435 86 474 237 368 213 360 482 327 394 221 41 252 314 32 386 264 497 58 403 447 174 46 343 75 484 318 267 494 105 419 23 179 341 201 420 290 452 104 276 14 457 248 377 203 52 280 81 95 381 228 5 190 431 301 356 277 498 94 138 288 432 424 315 146 391 451 242 43 103 445 285 6 253 495 364 373 40 460 407 328 161 59 468 225 382 54 399 83 148 330 158 398 63 478 31 236 265 483 21 347 116 106 297 121 312 89 436 266 10 336 415 496 298 162 102 202 345 488 51 378 205 412 115 306 178 376 97 500 329 18 392 111 466 427 342 0 316 159 437 48 60 124 470 387 182 132 282 211 446 12 455 85 351 222 293 449 70 142 39 324 147 361 28 404 173 64 479 402 160 362 183 110 261 152 370 9 441 269 471 172 388 210 425 35 461 230 72 235 440 448 99 164 350 26 69 130 223 490 393 1 379 501 50 245 61 181 134 408 191 339 93 274 467 20 119 414 243 47 344 113 77 206 143 325 459 219 426 246 68 216 229 429 17 462 333 135 477 307 55 401 170 84 270 409 273 80 489 42 125 281 292 499 34 112 107 185 413 71 194 442 244 154 450 2 165 8 472 308 62 232 197 255 396 175 101 295 131 22 207 76 389 123 240 485 309 275 199 286 493 25 126 354 319 453 231 109 358 195 30 141 366 334 13 458 227 91 473 294 338 88 153 49 176 349 163 476 36 168 65 249 79 258 3 463 303 217 114 186 16 260 136 371 56 289 271 372 78 410 180 304 149 296 418 263 337 157 33 189 250 24 323 200 434 57 346 383 117 38 287 67 421 254 204 430 98 355 15 122 284 137 357 233 395 96 212 7 400 184 313 140 44 224 73 87 317 171 4 127 367 238
503 167 188 247 311 375 439 264 484 381 81 419 221 290 328 347 148 445 89 478 242 387 306 404 211 466 97 142 408 206 370 461 274 130 99 472 107 270 429 125 295 194 136 258 65 334 493 176 358 200 421 317 73 355 157 233 192 256 320 384 443 464 128 431 341 474 276 46 314 203 495 266 398 138 297 54 373 159 437 329 449 202 361 12 223 20 501 350 113 261 425 244 489 22 165 413 170 325 303 389 153 30 186 476 227 367 284 410 212 38 250 140 332 438 90 475 234 365 215 363 480 322 397 220 37 257 312 31 391 265 498 59 399 446 173 48 345 70 488 316 269 490 110 414 26 181 339 197 426 292 450 101 273 17 458 249 371 207 49 286 79 96 383 224 4 189 430 304 353 279 502 92 139 291 428 422 321 144 385 454 241 45 104 447 280 5 252 494 368 376 39 455 412 324 162 60 467 230 379 50 402 77 152 333 154 396 68 477 34 232 260 485 25 349 114 109 294 122 313 87 434 271 7 337 417 491 300 166 100 198 348 486 53 380 208 406 118 305 179 377 95 497 335 14 394 106 468 432 336 6 315 158 440 47 61 119 471 388 183 131 281 216 442 8 459 84 354 217 289 453 76 141 36 323 149 357 33 400 171 67 481 405 155 359 187 108 262 150 369 11 444 272 469 169 386 213 420 41 457 228 75 236 436 451 103 161 356 21 64 132 222 496 392 0 378 499 55 246 62 175 135 409 195 338 91 275 463 16 123 418 238 44 346 117 78 204 145 326 456 218 423 251 66 214 226 433 19 465 331 133 482 301 52 403 174 86 267 407 277 83 483 43 121 285 293 500 28 115 111 182 415 72 191 441 243 160 448 1 163 13 473 309 56 231 199 254 395 180 98 296 127 24 209 74 390 120 239 487 310 278 196 283 492 27 129 352 318 452 237 105 360 190 32 146 364 330 10 460 225 94 470 298 342 85 147 51 178 344 164 479 35 172 69 245 80 255 2 462 307 219 112 184 15 263 137 372 57 287 268 374 82 411 177 302 151 299 416 259 340 156 29 193 248 23 327 201 435 58 343 382 116 40 288 63 424 253 205 427 102 351 18 124 282 134 362 235 393 93 210 9 401 185 308 143 42 229 71 88 319 168 3 126 366 240
10
0 62
0 95 339
0 239 383 489
0 52 193 197 410 440
0 125 235 287 348 403 458
0 58 133 239 334 383 440 489
0 72 137 185 258 320 385 394 498
0 7 57 70 115 140 180 211 298 317 376 383 418 437
0 52 57 83 154 166 193 197 234 245 306 319 373 381 410 440 454 463
0 13 26 32 38 42 53 58 67 80 90 91 99 111 117 125 133 141 151 159 164 227 235 239 254 264 272 273 281 287 299 314 316 326 334 342 348 350 366 375 383 386 397 403 409 421 427 440 443 448 458 466 481 489 492 497
