221
1 2 3 4 5 6 7 8 9 10 11 12 13 14 15 16 17 18 19 20 21 22 23 24 25 26 27 28 29 30 31 32 33 34 35 36 37 38 39 40 41 42 43 44 45 46 47 48 49 50 51 52 53 54 55 56 57 58 59 60 61 62 63 64 65 66 67 68 69 70 71 72 73 74 75 76 77 78 79 80 81 82 83 84 85 86 87 88 89 90 91 92 93 94 95 96 97 98 99 100 101 102 103 104 105 106 107 108 109 110 111 112 113 114 115 116 117 118 119 120 121 122 123 124 125 126 127 128 129 130 131 132 133 134 135 136 137 138 139 140 141 142 143 144 145 146 147 148 149 150 151 152 153 154 155 156 157 158 159 160 161 162 163 164 165 166 167 168 169 170 171 172 173 174 175 176 177 178 179 180 181 182 183 184 185 186 187 188 189 190 191 192 193 194 195 196 197 198 199 200 201 202 203 204 205 206 207 208 209 210 211 212 213 214 215 216 217 218 219 220 221
2 4 5 7 8 9 11 12 13 14 16 17 18 19 20 22 23 24 25 26 27 29 30 31 32 33 34 35 37 38 39 40 41 42 43 44 46 47 48 49 50 51 52 53 54 56 57 58 59 60 61 62 63 64 65 67 68 69 70 71 72 73 74 75 76 77 79 80 81 82 83 84 85 86 87 88 89 90 1 92 93 94 95 96 97 98 99 100 101 102 103 3 105 106 107 108 109 110 111 112 113 114 115 116 6 118 119 120 121 122 123 124 125 126 127 128 129 10 131 132 133 134 135 136 137 138 139 140 141 142 15 144 145 146 147 148 149 150 151 152 153 154 155 21 156 157 158 159 160 161 162 163 164 165 166 28 167 168 169 170 171 172 173 174 175 176 36 177 178 179 180 181 182 183 184 185 45 186 187 188 189 190 191 192 193 55 194 195 196 197 198 199 200 66 201 202 203 204 205 206 78 207 208 209 210 211 91 212 213 214 215 104 216 217 218 117 219 220 130 221 143
3 5 6 8 9 10 12 13 14 15 17 18 19 20 21 23 24 25 26 27 28 30 31 32 33 34 35 36 38 39 40 41 42 43 44 45 47 48 49 50 51 52 53 54 55 57 58 59 60 61 62 63 64 65 66 68 69 70 71 72 73 74 75 76 77 78 80 81 82 83 84 85 86 87 88 89 90 91 92 93 94 95 96 97 98 99 100 101 102 103 104 105 106 107 108 109 110 111 112 113 114 115 116 117 118 119 120 121 122 123 124 125 126 127 128 129 130 131 132 133 134 135 136 137 138 139 140 141 142 143 144 145 146 147 148 149 150 151 152 153 154 155 1 156 157 158 159 160 161 162 163 164 165 166 2 167 168 169 170 171 172 173 174 175 176 4 177 178 179 180 181 182 183 184 185 7 186 187 188 189 190 191 192 193 11 194 195 196 197 198 199 200 16 201 202 203 204 205 206 22 207 208 209 210 211 29 212 213 214 215 37 216 217 218 46 219 220 56 221 67 79
4 7 8 11 12 13 16 17 18 19 22 23 24 25 26 29 30 31 32 33 34 37 38 39 40 41 42 43 46 47 48 49 50 51 52 53 56 57 58 59 60 61 62 63 64 67 68 69 70 71 72 73 74 75 76 79 80 81 82 83 84 85 86 87 88 89 1 92 93 94 95 96 97 98 99 100 101 102 2 3 105 106 107 108 109 110 111 112 113 114 115 5 6 118 119 120 121 122 123 124 125 126 127 128 9 10 131 132 133 134 135 136 137 138 139 140 141 14 15 144 145 146 147 148 149 150 151 152 153 154 20 21 156 157 158 159 160 161 162 163 164 165 166 27 28 167 168 169 170 171 172 173 174 175 176 35 36 177 178 179 180 181 182 183 184 185 44 45 186 187 188 189 190 191 192 193 54 55 194 195 196 197 198 199 200 65 66 201 202 203 204 205 206 77 78 207 208 209 210 211 90 91 212 213 214 215 103 104 216 217 218 116 117 219 220 129 130 221 142 143 155
5 8 9 12 13 14 17 18 19 20 23 24 25 26 27 30 31 32 33 34 35 38 39 40 41 42 43 44 47 48 49 50 51 52 53 54 57 58 59 60 61 62 63 64 65 68 69 70 71 72 73 74 75 76 77 80 81 82 83 84 85 86 87 88 89 90 92 93 94 95 96 97 98 99 100 101 102 103 3 105 106 107 108 109 110 111 112 113 114 115 116 6 118 119 120 121 122 123 124 125 126 127 128 129 10 131 132 133 134 135 136 137 138 139 140 141 142 15 144 145 146 147 148 149 150 151 152 153 154 155 21 156 157 158 159 160 161 162 163 164 165 166 2 28 167 168 169 170 171 172 173 174 175 176 4 36 177 178 179 180 181 182 183 184 185 7 45 186 187 188 189 190 191 192 193 11 55 194 195 196 197 198 199 200 16 66 201 202 203 204 205 206 22 78 207 208 209 210 211 29 91 212 213 214 215 37 104 216 217 218 46 117 219 220 56 130 221 67 143 79 1
6 9 10 13 14 15 18 19 20 21 24 25 26 27 28 31 32 33 34 35 36 39 40 41 42 43 44 45 48 49 50 51 52 53 54 55 58 59 60 61 62 63 64 65 66 69 70 71 72 73 74 75 76 77 78 81 82 83 84 85 86 87 88 89 90 91 93 94 95 96 97 98 99 100 101 102 103 104 105 106 107 108 109 110 111 112 113 114 115 116 117 118 119 120 121 122 123 124 125 126 127 128 129 130 131 132 133 134 135 136 137 138 139 140 141 142 143 144 145 146 147 148 149 150 151 152 153 154 155 1 156 157 158 159 160 161 162 163 164 165 166 2 3 167 168 169 170 171 172 173 174 175 176 4 5 177 178 179 180 181 182 183 184 185 7 8 186 187 188 189 190 191 192 193 11 12 194 195 196 197 198 199 200 16 17 201 202 203 204 205 206 22 23 207 208 209 210 211 29 30 212 213 214 215 37 38 216 217 218 46 47 219 220 56 57 221 67 68 79 80 92
7 11 12 16 17 18 22 23 24 25 29 30 31 32 33 37 38 39 40 41 42 46 47 48 49 50 51 52 56 57 58 59 60 61 62 63 67 68 69 70 71 72 73 74 75 79 80 81 82 83 84 85 86 87 88 1 92 93 94 95 96 97 98 99 100 101 2 3 105 106 107 108 109 110 111 112 113 114 4 5 6 118 119 120 121 122 123 124 125 126 127 8 9 10 131 132 133 134 135 136 137 138 139 140 13 14 15 144 145 146 147 148 149 150 151 152 153 19 20 21 156 157 158 159 160 161 162 163 164 165 26 27 28 167 168 169 170 171 172 173 174 175 176 34 35 36 177 178 179 180 181 182 183 184 185 43 44 45 186 187 188 189 190 191 192 193 53 54 55 194 195 196 197 198 199 200 64 65 66 201 202 203 204 205 206 76 77 78 207 208 209 210 211 89 90 91 212 213 214 215 102 103 104 216 217 218 115 116 117 219 220 128 129 130 221 141 142 143 154 155 166
8 12 13 17 18 19 23 24 25 26 30 31 32 33 34 38 39 40 41 42 43 47 48 49 50 51 52 53 57 58 59 60 61 62 63 64 68 69 70 71 72 73 74 75 76 80 81 82 83 84 85 86 87 88 89 92 93 94 95 96 97 98 99 100 101 102 3 105 106 107 108 109 110 111 112 113 114 115 5 6 118 119 120 121 122 123 124 125 126 127 128 9 10 131 132 133 134 135 136 137 138 139 140 141 14 15 144 145 146 147 148 149 150 151 152 153 154 20 21 156 157 158 159 160 161 162 163 164 165 166 27 28 167 168 169 170 171 172 173 174 175 176 4 35 36 177 178 179 180 181 182 183 184 185 7 44 45 186 187 188 189 190 191 192 193 11 54 55 194 195 196 197 198 199 200 16 65 66 201 202 203 204 205 206 22 77 78 207 208 209 210 211 29 90 91 212 213 214 215 37 103 104 216 217 218 46 116 117 219 220 56 129 130 221 67 142 143 79 155 1 2
9 13 14 18 19 20 24 25 26 27 31 32 33 34 35 39 40 41 42 43 44 48 49 50 51 52 53 54 58 59 60 61 62 63 64 65 69 70 71 72 73 74 75 76 77 81 82 83 84 85 86 87 88 89 90 93 94 95 96 97 98 99 100 101 102 103 105 106 107 108 109 110 111 112 113 114 115 116 6 118 119 120 121 122 123 124 125 126 127 128 129 10 131 132 133 134 135 136 137 138 139 140 141 142 15 144 145 146 147 148 149 150 151 152 153 154 155 21 156 157 158 159 160 161 162 163 164 165 166 2 28 167 168 169 170 171 172 173 174 175 176 4 5 36 177 178 179 180 181 182 183 184 185 7 8 45 186 187 188 189 190 191 192 193 11 12 55 194 195 196 197 198 199 200 16 17 66 201 202 203 204 205 206 22 23 78 207 208 209 210 211 29 30 91 212 213 214 215 37 38 104 216 217 218 46 47 117 219 220 56 57 130 221 67 68 143 79 80 1 92 3
10 14 15 19 20 21 25 26 27 28 32 33 34 35 36 40 41 42 43 44 45 49 50 51 52 53 54 55 59 60 61 62 63 64 65 66 70 71 72 73 74 75 76 77 78 82 83 84 85 86 87 88 89 90 91 94 95 96 97 98 99 100 101 102 103 104 106 107 108 109 110 111 112 113 114 115 116 117 118 119 120 121 122 123 124 125 126 127 128 129 130 131 132 133 134 135 136 137 138 139 140 141 142 143 144 145 146 147 148 149 150 151 152 153 154 155 1 156 157 158 159 160 161 162 163 164 165 166 2 3 167 168 169 170 171 172 173 174 175 176 4 5 6 177 178 179 180 181 182 183 184 185 7 8 9 186 187 188 189 190 191 192 193 11 12 13 194 195 196 197 198 199 200 16 17 18 201 202 203 204 205 206 22 23 24 207 208 209 210 211 29 30 31 212 213 214 215 37 38 39 216 217 218 46 47 48 219 220 56 57 58 221 67 68 69 79 80 81 92 93 105
11 16 17 22 23 24 29 30 31 32 37 38 39 40 41 46 47 48 49 50 51 56 57 58 59 60 61 62 67 68 69 70 71 72 73 74 79 80 81 82 83 84 85 86 87 1 92 93 94 95 96 97 98 99 100 2 3 105 106 107 108 109 110 111 112 113 4 5 6 118 119 120 121 122 123 124 125 126 7 8 9 10 131 132 133 134 135 136 137 138 139 12 13 14 15 144 145 146 147 148 149 150 151 152 18 19 20 21 156 157 158 159 160 161 162 163 164 25 26 27 28 167 168 169 170 171 172 173 174 175 33 34 35 36 177 178 179 180 181 182 183 184 185 42 43 44 45 186 187 188 189 190 191 192 193 52 53 54 55 194 195 196 197 198 199 200 63 64 65 66 201 202 203 204 205 206 75 76 77 78 207 208 209 210 211 88 89 90 91 212 213 214 215 101 102 103 104 216 217 218 114 115 116 117 219 220 127 128 129 130 221 140 141 142 143 153 154 155 165 166 176
12 17 18 23 24 25 30 31 32 33 38 39 40 41 42 47 48 49 50 51 52 57 58 59 60 61 62 63 68 69 70 71 72 73 74 75 80 81 82 83 84 85 86 87 88 92 93 94 95 96 97 98 99 100 101 3 105 106 107 108 109 110 111 112 113 114 5 6 118 119 120 121 122 123 124 125 126 127 8 9 10 131 132 133 134 135 136 137 138 139 140 13 14 15 144 145 146 147 148 149 150 151 152 153 19 20 21 156 157 158 159 160 161 162 163 164 165 26 27 28 167 168 169 170 171 172 173 174 175 176 34 35 36 177 178 179 180 181 182 183 184 185 7 43 44 45 186 187 188 189 190 191 192 193 11 53 54 55 194 195 196 197 198 199 200 16 64 65 66 201 202 203 204 205 206 22 76 77 78 207 208 209 210 211 29 89 90 91 212 213 214 215 37 102 103 104 216 217 218 46 115 116 117 219 220 56 128 129 130 221 67 141 142 143 79 154 155 1 166 2 4
13 18 19 24 25 26 31 32 33 34 39 40 41 42 43 48 49 50 51 52 53 58 59 60 61 62 63 64 69 70 71 72 73 74 75 76 81 82 83 84 85 86 87 88 89 93 94 95 96 97 98 99 100 101 102 105 106 107 108 109 110 111 112 113 114 115 6 118 119 120 121 122 123 124 125 126 127 128 9 10 131 132 133 134 135 136 137 138 139 140 141 14 15 144 145 146 147 148 149 150 151 152 153 154 20 21 156 157 158 159 160 161 162 163 164 165 166 27 28 167 168 169 170 171 172 173 174 175 176 4 35 36 177 178 179 180 181 182 183 184 185 7 8 44 45 186 187 188 189 190 191 192 193 11 12 54 55 194 195 196 197 198 199 200 16 17 65 66 201 202 203 204 205 206 22 23 77 78 207 208 209 210 211 29 30 90 91 212 213 214 215 37 38 103 104 216 217 218 46 47 116 117 219 220 56 57 129 130 221 67 68 142 143 79 80 155 1 92 2 3 5
14 19 20 25 26 27 32 33 34 35 40 41 42 43 44 49 50 51 52 53 54 59 60 61 62 63 64 65 70 71 72 73 74 75 76 77 82 83 84 85 86 87 88 89 90 94 95 96 97 98 99 100 101 102 103 106 107 108 109 110 111 112 113 114 115 116 118 119 120 121 122 123 124 125 126 127 128 129 10 131 132 133 134 135 136 137 138 139 140 141 142 15 144 145 146 147 148 149 150 151 152 153 154 155 21 156 157 158 159 160 161 162 163 164 165 166 2 28 167 168 169 170 171 172 173 174 175 176 4 5 36 177 178 179 180 181 182 183 184 185 7 8 9 45 186 187 188 189 190 191 192 193 11 12 13 55 194 195 196 197 198 199 200 16 17 18 66 201 202 203 204 205 206 22 23 24 78 207 208 209 210 211 29 30 31 91 212 213 214 215 37 38 39 104 216 217 218 46 47 48 117 219 220 56 57 58 130 221 67 68 69 143 79 80 81 1 92 93 3 105 6
15 20 21 26 27 28 33 34 35 36 41 42 43 44 45 50 51 52 53 54 55 60 61 62 63 64 65 66 71 72 73 74 75 76 77 78 83 84 85 86 87 88 89 90 91 95 96 97 98 99 100 101 102 103 104 107 108 109 110 111 112 113 114 115 116 117 119 120 121 122 123 124 125 126 127 128 129 130 131 132 133 134 135 136 137 138 139 140 141 142 143 144 145 146 147 148 149 150 151 152 153 154 155 1 156 157 158 159 160 161 162 163 164 165 166 2 3 167 168 169 170 171 172 173 174 175 176 4 5 6 177 178 179 180 181 182 183 184 185 7 8 9 10 186 187 188 189 190 191 192 193 11 12 13 14 194 195 196 197 198 199 200 16 17 18 19 201 202 203 204 205 206 22 23 24 25 207 208 209 210 211 29 30 31 32 212 213 214 215 37 38 39 40 216 217 218 46 47 48 49 219 220 56 57 58 59 221 67 68 69 70 79 80 81 82 92 93 94 105 106 118
16 22 23 29 30 31 37 38 39 40 46 47 48 49 50 56 57 58 59 60 61 67 68 69 70 71 72 73 79 80 81 82 83 84 85 86 1 92 93 94 95 96 97 98 99 2 3 105 106 107 108 109 110 111 112 4 5 6 118 119 120 121 122 123 124 125 7 8 9 10 131 132 133 134 135 136 137 138 11 12 13 14 15 144 145 146 147 148 149 150 151 17 18 19 20 21 156 157 158 159 160 161 162 163 24 25 26 27 28 167 168 169 170 171 172 173 174 32 33 34 35 36 177 178 179 180 181 182 183 184 41 42 43 44 45 186 187 188 189 190 191 192 193 51 52 53 54 55 194 195 196 197 198 199 200 62 63 64 65 66 201 202 203 204 205 206 74 75 76 77 78 207 208 209 210 211 87 88 89 90 91 212 213 214 215 100 101 102 103 104 216 217 218 113 114 115 116 117 219 220 126 127 128 129 130 221 139 140 141 142 143 152 153 154 155 164 165 166 175 176 185
17 23 24 30 31 32 38 39 40 41 47 48 49 50 51 57 58 59 60 61 62 68 69 70 71 72 73 74 80 81 82 83 84 85 86 87 92 93 94 95 96 97 98 99 100 3 105 106 107 108 109 110 111 112 113 5 6 118 119 120 121 122 123 124 125 126 8 9 10 131 132 133 134 135 136 137 138 139 12 13 14 15 144 145 146 147 148 149 150 151 152 18 19 20 21 156 157 158 159 160 161 162 163 164 25 26 27 28 167 168 169 170 171 172 173 174 175 33 34 35 36 177 178 179 180 181 182 183 184 185 42 43 44 45 186 187 188 189 190 191 192 193 11 52 53 54 55 194 195 196 197 198 199 200 16 63 64 65 66 201 202 203 204 205 206 22 75 76 77 78 207 208 209 210 211 29 88 89 90 91 212 213 214 215 37 101 102 103 104 216 217 218 46 114 115 116 117 219 220 56 127 128 129 130 221 67 140 141 142 143 79 153 154 155 1 165 166 2 176 4 7
18 24 25 31 32 33 39 40 41 42 48 49 50 51 52 58 59 60 61 62 63 69 70 71 72 73 74 75 81 82 83 84 85 86 87 88 93 94 95 96 97 98 99 100 101 105 106 107 108 109 110 111 112 113 114 6 118 119 120 121 122 123 124 125 126 127 9 10 131 132 133 134 135 136 137 138 139 140 13 14 15 144 145 146 147 148 149 150 151 152 153 19 20 21 156 157 158 159 160 161 162 163 164 165 26 27 28 167 168 169 170 171 172 173 174 175 176 34 35 36 177 178 179 180 181 182 183 184 185 7 43 44 45 186 187 188 189 190 191 192 193 11 12 53 54 55 194 195 196 197 198 199 200 16 17 64 65 66 201 202 203 204 205 206 22 23 76 77 78 207 208 209 210 211 29 30 89 90 91 212 213 214 215 37 38 102 103 104 216 217 218 46 47 115 116 117 219 220 56 57 128 129 130 221 67 68 141 142 143 79 80 154 155 1 92 166 2 3 4 5 8
19 25 26 32 33 34 40 41 42 43 49 50 51 52 53 59 60 61 62 63 64 70 71 72 73 74 75 76 82 83 84 85 86 87 88 89 94 95 96 97 98 99 100 101 102 106 107 108 109 110 111 112 113 114 115 118 119 120 121 122 123 124 125 126 127 128 10 131 132 133 134 135 136 137 138 139 140 141 14 15 144 145 146 147 148 149 150 151 152 153 154 20 21 156 157 158 159 160 161 162 163 164 165 166 27 28 167 168 169 170 171 172 173 174 175 176 4 35 36 177 178 179 180 181 182 183 184 185 7 8 44 45 186 187 188 189 190 191 192 193 11 12 13 54 55 194 195 196 197 198 199 200 16 17 18 65 66 201 202 203 204 205 206 22 23 24 77 78 207 208 209 210 211 29 30 31 90 91 212 213 214 215 37 38 39 103 104 216 217 218 46 47 48 116 117 219 220 56 57 58 129 130 221 67 68 69 142 143 79 80 81 155 1 92 93 2 3 105 5 6 9
20 26 27 33 34 35 41 42 43 44 50 51 52 53 54 60 61 62 63 64 65 71 72 73 74 75 76 77 83 84 85 86 87 88 89 90 95 96 97 98 99 100 101 102 103 107 108 109 110 111 112 113 114 115 116 119 120 121 122 123 124 125 126 127 128 129 131 132 133 134 135 136 137 138 139 140 141 142 15 144 145 146 147 148 149 150 151 152 153 154 155 21 156 157 158 159 160 161 162 163 164 165 166 2 28 167 168 169 170 171 172 173 174 175 176 4 5 36 177 178 179 180 181 182 183 184 185 7 8 9 45 186 187 188 189 190 191 192 193 11 12 13 14 55 194 195 196 197 198 199 200 16 17 18 19 66 201 202 203 204 205 206 22 23 24 25 78 207 208 209 210 211 29 30 31 32 91 212 213 214 215 37 38 39 40 104 216 217 218 46 47 48 49 117 219 220 56 57 58 59 130 221 67 68 69 70 143 79 80 81 82 1 92 93 94 3 105 106 6 118 10
21 27 28 34 35 36 42 43 44 45 51 52 53 54 55 61 62 63 64 65 66 72 73 74 75 76 77 78 84 85 86 87 88 89 90 91 96 97 98 99 100 101 102 103 104 108 109 110 111 112 113 114 115 116 117 120 121 122 123 124 125 126 127 128 129 130 132 133 134 135 136 137 138 139 140 141 142 143 144 145 146 147 148 149 150 151 152 153 154 155 1 156 157 158 159 160 161 162 163 164 165 166 2 3 167 168 169 170 171 172 173 174 175 176 4 5 6 177 178 179 180 181 182 183 184 185 7 8 9 10 186 187 188 189 190 191 192 193 11 12 13 14 15 194 195 196 197 198 199 200 16 17 18 19 20 201 202 203 204 205 206 22 23 24 25 26 207 208 209 210 211 29 30 31 32 33 212 213 214 215 37 38 39 40 41 216 217 218 46 47 48 49 50 219 220 56 57 58 59 60 221 67 68 69 70 71 79 80 81 82 83 92 93 94 95 105 106 107 118 119 131
22 29 30 37 38 39 46 47 48 49 56 57 58 59 60 67 68 69 70 71 72 79 80 81 82 83 84 85 1 92 93 94 95 96 97 98 2 3 105 106 107 108 109 110 111 4 5 6 118 119 120 121 122 123 124 7 8 9 10 131 132 133 134 135 136 137 11 12 13 14 15 144 145 146 147 148 149 150 16 17 18 19 20 21 156 157 158 159 160 161 162 23 24 25 26 27 28 167 168 169 170 171 172 173 31 32 33 34 35 36 177 178 179 180 181 182 183 40 41 42 43 44 45 186 187 188 189 190 191 192 50 51 52 53 54 55 194 195 196 197 198 199 200 61 62 63 64 65 66 201 202 203 204 205 206 73 74 75 76 77 78 207 208 209 210 211 86 87 88 89 90 91 212 213 214 215 99 100 101 102 103 104 216 217 218 112 113 114 115 116 117 219 220 125 126 127 128 129 130 221 138 139 140 141 142 143 151 152 153 154 155 163 164 165 166 174 175 176 184 185 193
23 30 31 38 39 40 47 48 49 50 57 58 59 60 61 68 69 70 71 72 73 80 81 82 83 84 85 86 92 93 94 95 96 97 98 99 3 105 106 107 108 109 110 111 112 5 6 118 119 120 121 122 123 124 125 8 9 10 131 132 133 134 135 136 137 138 12 13 14 15 144 145 146 147 148 149 150 151 17 18 19 20 21 156 157 158 159 160 161 162 163 24 25 26 27 28 167 168 169 170 171 172 173 174 32 33 34 35 36 177 178 179 180 181 182 183 184 41 42 43 44 45 186 187 188 189 190 191 192 193 51 52 53 54 55 194 195 196 197 198 199 200 16 62 63 64 65 66 201 202 203 204 205 206 22 74 75 76 77 78 207 208 209 210 211 29 87 88 89 90 91 212 213 214 215 37 100 101 102 103 104 216 217 218 46 113 114 115 116 117 219 220 56 126 127 128 129 130 221 67 139 140 141 142 143 79 152 153 154 155 1 164 165 166 2 175 176 4 185 7 11
24 31 32 39 40 41 48 49 50 51 58 59 60 61 62 69 70 71 72 73 74 81 82 83 84 85 86 87 93 94 95 96 97 98 99 100 105 106 107 108 109 110 111 112 113 6 118 119 120 121 122 123 124 125 126 9 10 131 132 133 134 135 136 137 138 139 13 14 15 144 145 146 147 148 149 150 151 152 18 19 20 21 156 157 158 159 160 161 162 163 164 25 26 27 28 167 168 169 170 171 172 173 174 175 33 34 35 36 177 178 179 180 181 182 183 184 185 42 43 44 45 186 187 188 189 190 191 192 193 11 52 53 54 55 194 195 196 197 198 199 200 16 17 63 64 65 66 201 202 203 204 205 206 22 23 75 76 77 78 207 208 209 210 211 29 30 88 89 90 91 212 213 214 215 37 38 101 102 103 104 216 217 218 46 47 114 115 116 117 219 220 56 57 127 128 129 130 221 67 68 140 141 142 143 79 80 153 154 155 1 92 165 166 2 3 176 4 5 7 8 12
25 32 33 40 41 42 49 50 51 52 59 60 61 62 63 70 71 72 73 74 75 82 83 84 85 86 87 88 94 95 96 97 98 99 100 101 106 107 108 109 110 111 112 113 114 118 119 120 121 122 123 124 125 126 127 10 131 132 133 134 135 136 137 138 139 140 14 15 144 145 146 147 148 149 150 151 152 153 19 20 21 156 157 158 159 160 161 162 163 164 165 26 27 28 167 168 169 170 171 172 173 174 175 176 34 35 36 177 178 179 180 181 182 183 184 185 7 43 44 45 186 187 188 189 190 191 192 193 11 12 53 54 55 194 195 196 197 198 199 200 16 17 18 64 65 66 201 202 203 204 205 206 22 23 24 76 77 78 207 208 209 210 211 29 30 31 89 90 91 212 213 214 215 37 38 39 102 103 104 216 217 218 46 47 48 115 116 117 219 220 56 57 58 128 129 130 221 67 68 69 141 142 143 79 80 81 154 155 1 92 93 166 2 3 105 4 5 6 8 9 13
26 33 34 41 42 43 50 51 52 53 60 61 62 63 64 71 72 73 74 75 76 83 84 85 86 87 88 89 95 96 97 98 99 100 101 102 107 108 109 110 111 112 113 114 115 119 120 121 122 123 124 125 126 127 128 131 132 133 134 135 136 137 138 139 140 141 15 144 145 146 147 148 149 150 151 152 153 154 20 21 156 157 158 159 160 161 162 163 164 165 166 27 28 167 168 169 170 171 172 173 174 175 176 4 35 36 177 178 179 180 181 182 183 184 185 7 8 44 45 186 187 188 189 190 191 192 193 11 12 13 54 55 194 195 196 197 198 199 200 16 17 18 19 65 66 201 202 203 204 205 206 22 23 24 25 77 78 207 208 209 210 211 29 30 31 32 90 91 212 213 214 215 37 38 39 40 103 104 216 217 218 46 47 48 49 116 117 219 220 56 57 58 59 129 130 221 67 68 69 70 142 143 79 80 81 82 155 1 92 93 94 2 3 105 106 5 6 118 9 10 14
27 34 35 42 43 44 51 52 53 54 61 62 63 64 65 72 73 74 75 76 77 84 85 86 87 88 89 90 96 97 98 99 100 101 102 103 108 109 110 111 112 113 114 115 116 120 121 122 123 124 125 126 127 128 129 132 133 134 135 136 137 138 139 140 141 142 144 145 146 147 148 149 150 151 152 153 154 155 21 156 157 158 159 160 161 162 163 164 165 166 2 28 167 168 169 170 171 172 173 174 175 176 4 5 36 177 178 179 180 181 182 183 184 185 7 8 9 45 186 187 188 189 190 191 192 193 11 12 13 14 55 194 195 196 197 198 199 200 16 17 18 19 20 66 201 202 203 204 205 206 22 23 24 25 26 78 207 208 209 210 211 29 30 31 32 33 91 212 213 214 215 37 38 39 40 41 104 216 217 218 46 47 48 49 50 117 219 220 56 57 58 59 60 130 221 67 68 69 70 71 143 79 80 81 82 83 1 92 93 94 95 3 105 106 107 6 118 119 10 131 15
28 35 36 43 44 45 52 53 54 55 62 63 64 65 66 73 74 75 76 77 78 85 86 87 88 89 90 91 97 98 99 100 101 102 103 104 109 110 111 112 113 114 115 116 117 121 122 123 124 125 126 127 128 129 130 133 134 135 136 137 138 139 140 141 142 143 145 146 147 148 149 150 151 152 153 154 155 1 156 157 158 159 160 161 162 163 164 165 166 2 3 167 168 169 170 171 172 173 174 175 176 4 5 6 177 178 179 180 181 182 183 184 185 7 8 9 10 186 187 188 189 190 191 192 193 11 12 13 14 15 194 195 196 197 198 199 200 16 17 18 19 20 21 201 202 203 204 205 206 22 23 24 25 26 27 207 208 209 210 211 29 30 31 32 33 34 212 213 214 215 37 38 39 40 41 42 216 217 218 46 47 48 49 50 51 219 220 56 57 58 59 60 61 221 67 68 69 70 71 72 79 80 81 82 83 84 92 93 94 95 96 105 106 107 108 118 119 120 131 132 144
29 37 38 46 47 48 56 57 58 59 67 68 69 70 71 79 80 81 82 83 84 1 92 93 94 95 96 97 2 3 105 106 107 108 109 110 4 5 6 118 119 120 121 122 123 7 8 9 10 131 132 133 134 135 136 11 12 13 14 15 144 145 146 147 148 149 16 17 18 19 20 21 156 157 158 159 160 161 22 23 24 25 26 27 28 167 168 169 170 171 172 30 31 32 33 34 35 36 177 178 179 180 181 182 39 40 41 42 43 44 45 186 187 188 189 190 191 49 50 51 52 53 54 55 194 195 196 197 198 199 60 61 62 63 64 65 66 201 202 203 204 205 206 72 73 74 75 76 77 78 207 208 209 210 211 85 86 87 88 89 90 91 212 213 214 215 98 99 100 101 102 103 104 216 217 218 111 112 113 114 115 116 117 219 220 124 125 126 127 128 129 130 221 137 138 139 140 141 142 143 150 151 152 153 154 155 162 163 164 165 166 173 174 175 176 183 184 185 192 193 200
30 38 39 47 48 49 57 58 59 60 68 69 70 71 72 80 81 82 83 84 85 92 93 94 95 96 97 98 3 105 106 107 108 109 110 111 5 6 118 119 120 121 122 123 124 8 9 10 131 132 133 134 135 136 137 12 13 14 15 144 145 146 147 148 149 150 17 18 19 20 21 156 157 158 159 160 161 162 23 24 25 26 27 28 167 168 169 170 171 172 173 31 32 33 34 35 36 177 178 179 180 181 182 183 40 41 42 43 44 45 186 187 188 189 190 191 192 50 51 52 53 54 55 194 195 196 197 198 199 200 61 62 63 64 65 66 201 202 203 204 205 206 22 73 74 75 76 77 78 207 208 209 210 211 29 86 87 88 89 90 91 212 213 214 215 37 99 100 101 102 103 104 216 217 218 46 112 113 114 115 116 117 219 220 56 125 126 127 128 129 130 221 67 138 139 140 141 142 143 79 151 152 153 154 155 1 163 164 165 166 2 174 175 176 4 184 185 7 193 11 16
31 39 40 48 49 50 58 59 60 61 69 70 71 72 73 81 82 83 84 85 86 93 94 95 96 97 98 99 105 106 107 108 109 110 111 112 6 118 119 120 121 122 123 124 125 9 10 131 132 133 134 135 136 137 138 13 14 15 144 145 146 147 148 149 150 151 18 19 20 21 156 157 158 159 160 161 162 163 24 25 26 27 28 167 168 169 170 171 172 173 174 32 33 34 35 36 177 178 179 180 181 182 183 184 41 42 43 44 45 186 187 188 189 190 191 192 193 51 52 53 54 55 194 195 196 197 198 199 200 16 62 63 64 65 66 201 202 203 204 205 206 22 23 74 75 76 77 78 207 208 209 210 211 29 30 87 88 89 90 91 212 213 214 215 37 38 100 101 102 103 104 216 217 218 46 47 113 114 115 116 117 219 220 56 57 126 127 128 129 130 221 67 68 139 140 141 142 143 79 80 152 153 154 155 1 92 164 165 166 2 3 175 176 4 5 185 7 8 11 12 17
32 40 41 49 50 51 59 60 61 62 70 71 72 73 74 82 83 84 85 86 87 94 95 96 97 98 99 100 106 107 108 109 110 111 112 113 118 119 120 121 122 123 124 125 126 10 131 132 133 134 135 136 137 138 139 14 15 144 145 146 147 148 149 150 151 152 19 20 21 156 157 158 159 160 161 162 163 164 25 26 27 28 167 168 169 170 171 172 173 174 175 33 34 35 36 177 178 179 180 181 182 183 184 185 42 43 44 45 186 187 188 189 190 191 192 193 11 52 53 54 55 194 195 196 197 198 199 200 16 17 63 64 65 66 201 202 203 204 205 206 22 23 24 75 76 77 78 207 208 209 210 211 29 30 31 88 89 90 91 212 213 214 215 37 38 39 101 102 103 104 216 217 218 46 47 48 114 115 116 117 219 220 56 57 58 127 128 129 130 221 67 68 69 140 141 142 143 79 80 81 153 154 155 1 92 93 165 166 2 3 105 176 4 5 6 7 8 9 12 13 18
33 41 42 50 51 52 60 61 62 63 71 72 73 74 75 83 84 85 86 87 88 95 96 97 98 99 100 101 107 108 109 110 111 112 113 114 119 120 121 122 123 124 125 126 127 131 132 133 134 135 136 137 138 139 140 15 144 145 146 147 148 149 150 151 152 153 20 21 156 157 158 159 160 161 162 163 164 165 26 27 28 167 168 169 170 171 172 173 174 175 176 34 35 36 177 178 179 180 181 182 183 184 185 7 43 44 45 186 187 188 189 190 191 192 193 11 12 53 54 55 194 195 196 197 198 199 200 16 17 18 64 65 66 201 202 203 204 205 206 22 23 24 25 76 77 78 207 208 209 210 211 29 30 31 32 89 90 91 212 213 214 215 37 38 39 40 102 103 104 216 217 218 46 47 48 49 115 116 117 219 220 56 57 58 59 128 129 130 221 67 68 69 70 141 142 143 79 80 81 82 154 155 1 92 93 94 166 2 3 105 106 4 5 6 118 8 9 10 13 14 19
34 42 43 51 52 53 61 62 63 64 72 73 74 75 76 84 85 86 87 88 89 96 97 98 99 100 101 102 108 109 110 111 112 113 114 115 120 121 122 123 124 125 126 127 128 132 133 134 135 136 137 138 139 140 141 144 145 146 147 148 149 150 151 152 153 154 21 156 157 158 159 160 161 162 163 164 165 166 27 28 167 168 169 170 171 172 173 174 175 176 4 35 36 177 178 179 180 181 182 183 184 185 7 8 44 45 186 187 188 189 190 191 192 193 11 12 13 54 55 194 195 196 197 198 199 200 16 17 18 19 65 66 201 202 203 204 205 206 22 23 24 25 26 77 78 207 208 209 210 211 29 30 31 32 33 90 91 212 213 214 215 37 38 39 40 41 103 104 216 217 218 46 47 48 49 50 116 117 219 220 56 57 58 59 60 129 130 221 67 68 69 70 71 142 143 79 80 81 82 83 155 1 92 93 94 95 2 3 105 106 107 5 6 118 119 9 10 131 14 15 20
35 43 44 52 53 54 62 63 64 65 73 74 75 76 77 85 86 87 88 89 90 97 98 99 100 101 102 103 109 110 111 112 113 114 115 116 121 122 123 124 125 126 127 128 129 133 134 135 136 137 138 139 140 141 142 145 146 147 148 149 150 151 152 153 154 155 156 157 158 159 160 161 162 163 164 165 166 2 28 167 168 169 170 171 172 173 174 175 176 4 5 36 177 178 179 180 181 182 183 184 185 7 8 9 45 186 187 188 189 190 191 192 193 11 12 13 14 55 194 195 196 197 198 199 200 16 17 18 19 20 66 201 202 203 204 205 206 22 23 24 25 26 27 78 207 208 209 210 211 29 30 31 32 33 34 91 212 213 214 215 37 38 39 40 41 42 104 216 217 218 46 47 48 49 50 51 117 219 220 56 57 58 59 60 61 130 221 67 68 69 70 71 72 143 79 80 81 82 83 84 1 92 93 94 95 96 3 105 106 107 108 6 118 119 120 10 131 132 15 144 21
36 44 45 53 54 55 63 64 65 66 74 75 76 77 78 86 87 88 89 90 91 98 99 100 101 102 103 104 110 111 112 113 114 115 116 117 122 123 124 125 126 127 128 129 130 134 135 136 137 138 139 140 141 142 143 146 147 148 149 150 151 152 153 154 155 1 157 158 159 160 161 162 163 164 165 166 2 3 167 168 169 170 171 172 173 174 175 176 4 5 6 177 178 179 180 181 182 183 184 185 7 8 9 10 186 187 188 189 190 191 192 193 11 12 13 14 15 194 195 196 197 198 199 200 16 17 18 19 20 21 201 202 203 204 205 206 22 23 24 25 26 27 28 207 208 209 210 211 29 30 31 32 33 34 35 212 213 214 215 37 38 39 40 41 42 43 216 217 218 46 47 48 49 50 51 52 219 220 56 57 58 59 60 61 62 221 67 68 69 70 71 72 73 79 80 81 82 83 84 85 92 93 94 95 96 97 105 106 107 108 109 118 119 120 121 131 132 133 144 145 156
37 46 47 56 57 58 67 68 69 70 79 80 81 82 83 1 92 93 94 95 96 2 3 105 106 107 108 109 4 5 6 118 119 120 121 122 7 8 9 10 131 132 133 134 135 11 12 13 14 15 144 145 146 147 148 16 17 18 19 20 21 156 157 158 159 160 22 23 24 25 26 27 28 167 168 169 170 171 29 30 31 32 33 34 35 36 177 178 179 180 181 38 39 40 41 42 43 44 45 186 187 188 189 190 48 49 50 51 52 53 54 55 194 195 196 197 198 59 60 61 62 63 64 65 66 201 202 203 204 205 71 72 73 74 75 76 77 78 207 208 209 210 211 84 85 86 87 88 89 90 91 212 213 214 215 97 98 99 100 101 102 103 104 216 217 218 110 111 112 113 114 115 116 117 219 220 123 124 125 126 127 128 129 130 221 136 137 138 139 140 141 142 143 149 150 151 152 153 154 155 161 162 163 164 165 166 172 173 174 175 176 182 183 184 185 191 192 193 199 200 206
38 47 48 57 58 59 68 69 70 71 80 81 82 83 84 92 93 94 95 96 97 3 105 106 107 108 109 110 5 6 118 119 120 121 122 123 8 9 10 131 132 133 134 135 136 12 13 14 15 144 145 146 147 148 149 17 18 19 20 21 156 157 158 159 160 161 23 24 25 26 27 28 167 168 169 170 171 172 30 31 32 33 34 35 36 177 178 179 180 181 182 39 40 41 42 43 44 45 186 187 188 189 190 191 49 50 51 52 53 54 55 194 195 196 197 198 199 60 61 62 63 64 65 66 201 202 203 204 205 206 72 73 74 75 76 77 78 207 208 209 210 211 29 85 86 87 88 89 90 91 212 213 214 215 37 98 99 100 101 102 103 104 216 217 218 46 111 112 113 114 115 116 117 219 220 56 124 125 126 127 128 129 130 221 67 137 138 139 140 141 142 143 79 150 151 152 153 154 155 1 162 163 164 165 166 2 173 174 175 176 4 183 184 185 7 192 193 11 200 16 22
39 48 49 58 59 60 69 70 71 72 81 82 83 84 85 93 94 95 96 97 98 105 106 107 108 109 110 111 6 118 119 120 121 122 123 124 9 10 131 132 133 134 135 136 137 13 14 15 144 145 146 147 148 149 150 18 19 20 21 156 157 158 159 160 161 162 24 25 26 27 28 167 168 169 170 171 172 173 31 32 33 34 35 36 177 178 179 180 181 182 183 40 41 42 43 44 45 186 187 188 189 190 191 192 50 51 52 53 54 55 194 195 196 197 198 199 200 61 62 63 64 65 66 201 202 203 204 205 206 22 73 74 75 76 77 78 207 208 209 210 211 29 30 86 87 88 89 90 91 212 213 214 215 37 38 99 100 101 102 103 104 216 217 218 46 47 112 113 114 115 116 117 219 220 56 57 125 126 127 128 129 130 221 67 68 138 139 140 141 142 143 79 80 151 152 153 154 155 1 92 163 164 165 166 2 3 174 175 176 4 5 184 185 7 8 193 11 12 16 17 23
40 49 50 59 60 61 70 71 72 73 82 83 84 85 86 94 95 96 97 98 99 106 107 108 109 110 111 112 118 119 120 121 122 123 124 125 10 131 132 133 134 135 136 137 138 14 15 144 145 146 147 148 149 150 151 19 20 21 156 157 158 159 160 161 162 163 25 26 27 28 167 168 169 170 171 172 173 174 32 33 34 35 36 177 178 179 180 181 182 183 184 41 42 43 44 45 186 187 188 189 190 191 192 193 51 52 53 54 55 194 195 196 197 198 199 200 16 62 63 64 65 66 201 202 203 204 205 206 22 23 74 75 76 77 78 207 208 209 210 211 29 30 31 87 88 89 90 91 212 213 214 215 37 38 39 100 101 102 103 104 216 217 218 46 47 48 113 114 115 116 117 219 220 56 57 58 126 127 128 129 130 221 67 68 69 139 140 141 142 143 79 80 81 152 153 154 155 1 92 93 164 165 166 2 3 105 175 176 4 5 6 185 7 8 9 11 12 13 17 18 24
41 50 51 60 61 62 71 72 73 74 83 84 85 86 87 95 96 97 98 99 100 107 108 109 110 111 112 113 119 120 121 122 123 124 125 126 131 132 133 134 135 136 137 138 139 15 144 145 146 147 148 149 150 151 152 20 21 156 157 158 159 160 161 162 163 164 26 27 28 167 168 169 170 171 172 173 174 175 33 34 35 36 177 178 179 180 181 182 183 184 185 42 43 44 45 186 187 188 189 190 191 192 193 11 52 53 54 55 194 195 196 197 198 199 200 16 17 63 64 65 66 201 202 203 204 205 206 22 23 24 75 76 77 78 207 208 209 210 211 29 30 31 32 88 89 90 91 212 213 214 215 37 38 39 40 101 102 103 104 216 217 218 46 47 48 49 114 115 116 117 219 220 56 57 58 59 127 128 129 130 221 67 68 69 70 140 141 142 143 79 80 81 82 153 154 155 1 92 93 94 165 166 2 3 105 106 176 4 5 6 118 7 8 9 10 12 13 14 18 19 25
42 51 52 61 62 63 72 73 74 75 84 85 86 87 88 96 97 98 99 100 101 108 109 110 111 112 113 114 120 121 122 123 124 125 126 127 132 133 134 135 136 137 138 139 140 144 145 146 147 148 149 150 151 152 153 21 156 157 158 159 160 161 162 163 164 165 27 28 167 168 169 170 171 172 173 174 175 176 34 35 36 177 178 179 180 181 182 183 184 185 7 43 44 45 186 187 188 189 190 191 192 193 11 12 53 54 55 194 195 196 197 198 199 200 16 17 18 64 65 66 201 202 203 204 205 206 22 23 24 25 76 77 78 207 208 209 210 211 29 30 31 32 33 89 90 91 212 213 214 215 37 38 39 40 41 102 103 104 216 217 218 46 47 48 49 50 115 116 117 219 220 56 57 58 59 60 128 129 130 221 67 68 69 70 71 141 142 143 79 80 81 82 83 154 155 1 92 93 94 95 166 2 3 105 106 107 4 5 6 118 119 8 9 10 131 13 14 15 19 20 26
43 52 53 62 63 64 73 74 75 76 85 86 87 88 89 97 98 99 100 101 102 109 110 111 112 113 114 115 121 122 123 124 125 126 127 128 133 134 135 136 137 138 139 140 141 145 146 147 148 149 150 151 152 153 154 156 157 158 159 160 161 162 163 164 165 166 28 167 168 169 170 171 172 173 174 175 176 4 35 36 177 178 179 180 181 182 183 184 185 7 8 44 45 186 187 188 189 190 191 192 193 11 12 13 54 55 194 195 196 197 198 199 200 16 17 18 19 65 66 201 202 203 204 205 206 22 23 24 25 26 77 78 207 208 209 210 211 29 30 31 32 33 34 90 91 212 213 214 215 37 38 39 40 41 42 103 104 216 217 218 46 47 48 49 50 51 116 117 219 220 56 57 58 59 60 61 129 130 221 67 68 69 70 71 72 142 143 79 80 81 82 83 84 155 1 92 93 94 95 96 2 3 105 106 107 108 5 6 118 119 120 9 10 131 132 14 15 144 20 21 27
44 53 54 63 64 65 74 75 76 77 86 87 88 89 90 98 99 100 101 102 103 110 111 112 113 114 115 116 122 123 124 125 126 127 128 129 134 135 136 137 138 139 140 141 142 146 147 148 149 150 151 152 153 154 155 157 158 159 160 161 162 163 164 165 166 2 167 168 169 170 171 172 173 174 175 176 4 5 36 177 178 179 180 181 182 183 184 185 7 8 9 45 186 187 188 189 190 191 192 193 11 12 13 14 55 194 195 196 197 198 199 200 16 17 18 19 20 66 201 202 203 204 205 206 22 23 24 25 26 27 78 207 208 209 210 211 29 30 31 32 33 34 35 91 212 213 214 215 37 38 39 40 41 42 43 104 216 217 218 46 47 48 49 50 51 52 117 219 220 56 57 58 59 60 61 62 130 221 67 68 69 70 71 72 73 143 79 80 81 82 83 84 85 1 92 93 94 95 96 97 3 105 106 107 108 109 6 118 119 120 121 10 131 132 133 15 144 145 21 156 28
45 54 55 64 65 66 75 76 77 78 87 88 89 90 91 99 100 101 102 103 104 111 112 113 114 115 116 117 123 124 125 126 127 128 129 130 135 136 137 138 139 140 141 142 143 147 148 149 150 151 152 153 154 155 1 158 159 160 161 162 163 164 165 166 2 3 168 169 170 171 172 173 174 175 176 4 5 6 177 178 179 180 181 182 183 184 185 7 8 9 10 186 187 188 189 190 191 192 193 11 12 13 14 15 194 195 196 197 198 199 200 16 17 18 19 20 21 201 202 203 204 205 206 22 23 24 25 26 27 28 207 208 209 210 211 29 30 31 32 33 34 35 36 212 213 214 215 37 38 39 40 41 42 43 44 216 217 218 46 47 48 49 50 51 52 53 219 220 56 57 58 59 60 61 62 63 221 67 68 69 70 71 72 73 74 79 80 81 82 83 84 85 86 92 93 94 95 96 97 98 105 106 107 108 109 110 118 119 120 121 122 131 132 133 134 144 145 146 156 157 167
46 56 57 67 68 69 79 80 81 82 1 92 93 94 95 2 3 105 106 107 108 4 5 6 118 119 120 121 7 8 9 10 131 132 133 134 11 12 13 14 15 144 145 146 147 16 17 18 19 20 21 156 157 158 159 22 23 24 25 26 27 28 167 168 169 170 29 30 31 32 33 34 35 36 177 178 179 180 37 38 39 40 41 42 43 44 45 186 187 188 189 47 48 49 50 51 52 53 54 55 194 195 196 197 58 59 60 61 62 63 64 65 66 201 202 203 204 70 71 72 73 74 75 76 77 78 207 208 209 210 83 84 85 86 87 88 89 90 91 212 213 214 215 96 97 98 99 100 101 102 103 104 216 217 218 109 110 111 112 113 114 115 116 117 219 220 122 123 124 125 126 127 128 129 130 221 135 136 137 138 139 140 141 142 143 148 149 150 151 152 153 154 155 160 161 162 163 164 165 166 171 172 173 174 175 176 181 182 183 184 185 190 191 192 193 198 199 200 205 206 211
47 57 58 68 69 70 80 81 82 83 92 93 94 95 96 3 105 106 107 108 109 5 6 118 119 120 121 122 8 9 10 131 132 133 134 135 12 13 14 15 144 145 146 147 148 17 18 19 20 21 156 157 158 159 160 23 24 25 26 27 28 167 168 169 170 171 30 31 32 33 34 35 36 177 178 179 180 181 38 39 40 41 42 43 44 45 186 187 188 189 190 48 49 50 51 52 53 54 55 194 195 196 197 198 59 60 61 62 63 64 65 66 201 202 203 204 205 71 72 73 74 75 76 77 78 207 208 209 210 211 84 85 86 87 88 89 90 91 212 213 214 215 37 97 98 99 100 101 102 103 104 216 217 218 46 110 111 112 113 114 115 116 117 219 220 56 123 124 125 126 127 128 129 130 221 67 136 137 138 139 140 141 142 143 79 149 150 151 152 153 154 155 1 161 162 163 164 165 166 2 172 173 174 175 176 4 182 183 184 185 7 191 192 193 11 199 200 16 206 22 29
48 58 59 69 70 71 81 82 83 84 93 94 95 96 97 105 106 107 108 109 110 6 118 119 120 121 122 123 9 10 131 132 133 134 135 136 13 14 15 144 145 146 147 148 149 18 19 20 21 156 157 158 159 160 161 24 25 26 27 28 167 168 169 170 171 172 31 32 33 34 35 36 177 178 179 180 181 182 39 40 41 42 43 44 45 186 187 188 189 190 191 49 50 51 52 53 54 55 194 195 196 197 198 199 60 61 62 63 64 65 66 201 202 203 204 205 206 72 73 74 75 76 77 78 207 208 209 210 211 29 85 86 87 88 89 90 91 212 213 214 215 37 38 98 99 100 101 102 103 104 216 217 218 46 47 111 112 113 114 115 116 117 219 220 56 57 124 125 126 127 128 129 130 221 67 68 137 138 139 140 141 142 143 79 80 150 151 152 153 154 155 1 92 162 163 164 165 166 2 3 173 174 175 176 4 5 183 184 185 7 8 192 193 11 12 200 16 17 22 23 30
49 59 60 70 71 72 82 83 84 85 94 95 96 97 98 106 107 108 109 110 111 118 119 120 121 122 123 124 10 131 132 133 134 135 136 137 14 15 144 145 146 147 148 149 150 19 20 21 156 157 158 159 160 161 162 25 26 27 28 167 168 169 170 171 172 173 32 33 34 35 36 177 178 179 180 181 182 183 40 41 42 43 44 45 186 187 188 189 190 191 192 50 51 52 53 54 55 194 195 196 197 198 199 200 61 62 63 64 65 66 201 202 203 204 205 206 22 73 74 75 76 77 78 207 208 209 210 211 29 30 86 87 88 89 90 91 212 213 214 215 37 38 39 99 100 101 102 103 104 216 217 218 46 47 48 112 113 114 115 116 117 219 220 56 57 58 125 126 127 128 129 130 221 67 68 69 138 139 140 141 142 143 79 80 81 151 152 153 154 155 1 92 93 163 164 165 166 2 3 105 174 175 176 4 5 6 184 185 7 8 9 193 11 12 13 16 17 18 23 24 31
50 60 61 71 72 73 83 84 85 86 95 96 97 98 99 107 108 109 110 111 112 119 120 121 122 123 124 125 131 132 133 134 135 136 137 138 15 144 145 146 147 148 149 150 151 20 21 156 157 158 159 160 161 162 163 26 27 28 167 168 169 170 171 172 173 174 33 34 35 36 177 178 179 180 181 182 183 184 41 42 43 44 45 186 187 188 189 190 191 192 193 51 52 53 54 55 194 195 196 197 198 199 200 16 62 63 64 65 66 201 202 203 204 205 206 22 23 74 75 76 77 78 207 208 209 210 211 29 30 31 87 88 89 90 91 212 213 214 215 37 38 39 40 100 101 102 103 104 216 217 218 46 47 48 49 113 114 115 116 117 219 220 56 57 58 59 126 127 128 129 130 221 67 68 69 70 139 140 141 142 143 79 80 81 82 152 153 154 155 1 92 93 94 164 165 166 2 3 105 106 175 176 4 5 6 118 185 7 8 9 10 11 12 13 14 17 18 19 24 25 32
51 61 62 72 73 74 84 85 86 87 96 97 98 99 100 108 109 110 111 112 113 120 121 122 123 124 125 126 132 133 134 135 136 137 138 139 144 145 146 147 148 149 150 151 152 21 156 157 158 159 160 161 162 163 164 27 28 167 168 169 170 171 172 173 174 175 34 35 36 177 178 179 180 181 182 183 184 185 42 43 44 45 186 187 188 189 190 191 192 193 11 52 53 54 55 194 195 196 197 198 199 200 16 17 63 64 65 66 201 202 203 204 205 206 22 23 24 75 76 77 78 207 208 209 210 211 29 30 31 32 88 89 90 91 212 213 214 215 37 38 39 40 41 101 102 103 104 216 217 218 46 47 48 49 50 114 115 116 117 219 220 56 57 58 59 60 127 128 129 130 221 67 68 69 70 71 140 141 142 143 79 80 81 82 83 153 154 155 1 92 93 94 95 165 166 2 3 105 106 107 176 4 5 6 118 119 7 8 9 10 131 12 13 14 15 18 19 20 25 26 33
52 62 63 73 74 75 85 86 87 88 97 98 99 100 101 109 110 111 112 113 114 121 122 123 124 125 126 127 133 134 135 136 137 138 139 140 145 146 147 148 149 150 151 152 153 156 157 158 159 160 161 162 163 164 165 28 167 168 169 170 171 172 173 174 175 176 35 36 177 178 179 180 181 182 183 184 185 7 43 44 45 186 187 188 189 190 191 192 193 11 12 53 54 55 194 195 196 197 198 199 200 16 17 18 64 65 66 201 202 203 204 205 206 22 23 24 25 76 77 78 207 208 209 210 211 29 30 31 32 33 89 90 91 212 213 214 215 37 38 39 40 41 42 102 103 104 216 217 218 46 47 48 49 50 51 115 116 117 219 220 56 57 58 59 60 61 128 129 130 221 67 68 69 70 71 72 141 142 143 79 80 81 82 83 84 154 155 1 92 93 94 95 96 166 2 3 105 106 107 108 4 5 6 118 119 120 8 9 10 131 132 13 14 15 144 19 20 21 26 27 34
53 63 64 74 75 76 86 87 88 89 98 99 100 101 102 110 111 112 113 114 115 122 123 124 125 126 127 128 134 135 136 137 138 139 140 141 146 147 148 149 150 151 152 153 154 157 158 159 160 161 162 163 164 165 166 167 168 169 170 171 172 173 174 175 176 4 36 177 178 179 180 181 182 183 184 185 7 8 44 45 186 187 188 189 190 191 192 193 11 12 13 54 55 194 195 196 197 198 199 200 16 17 18 19 65 66 201 202 203 204 205 206 22 23 24 25 26 77 78 207 208 209 210 211 29 30 31 32 33 34 90 91 212 213 214 215 37 38 39 40 41 42 43 103 104 216 217 218 46 47 48 49 50 51 52 116 117 219 220 56 57 58 59 60 61 62 129 130 221 67 68 69 70 71 72 73 142 143 79 80 81 82 83 84 85 155 1 92 93 94 95 96 97 2 3 105 106 107 108 109 5 6 118 119 120 121 9 10 131 132 133 14 15 144 145 20 21 156 27 28 35
54 64 65 75 76 77 87 88 89 90 99 100 101 102 103 111 112 113 114 115 116 123 124 125 126 127 128 129 135 136 137 138 139 140 141 142 147 148 149 150 151 152 153 154 155 158 159 160 161 162 163 164 165 166 2 168 169 170 171 172 173 174 175 176 4 5 177 178 179 180 181 182 183 184 185 7 8 9 45 186 187 188 189 190 191 192 193 11 12 13 14 55 194 195 196 197 198 199 200 16 17 18 19 20 66 201 202 203 204 205 206 22 23 24 25 26 27 78 207 208 209 210 211 29 30 31 32 33 34 35 91 212 213 214 215 37 38 39 40 41 42 43 44 104 216 217 218 46 47 48 49 50 51 52 53 117 219 220 56 57 58 59 60 61 62 63 130 221 67 68 69 70 71 72 73 74 143 79 80 81 82 83 84 85 86 1 92 93 94 95 96 97 98 3 105 106 107 108 109 110 6 118 119 120 121 122 10 131 132 133 134 15 144 145 146 21 156 157 28 167 36
55 65 66 76 77 78 88 89 90 91 100 101 102 103 104 112 113 114 115 116 117 124 125 126 127 128 129 130 136 137 138 139 140 141 142 143 148 149 150 151 152 153 154 155 1 159 160 161 162 163 164 165 166 2 3 169 170 171 172 173 174 175 176 4 5 6 178 179 180 181 182 183 184 185 7 8 9 10 186 187 188 189 190 191 192 193 11 12 13 14 15 194 195 196 197 198 199 200 16 17 18 19 20 21 201 202 203 204 205 206 22 23 24 25 26 27 28 207 208 209 210 211 29 30 31 32 33 34 35 36 212 213 214 215 37 38 39 40 41 42 43 44 45 216 217 218 46 47 48 49 50 51 52 53 54 219 220 56 57 58 59 60 61 62 63 64 221 67 68 69 70 71 72 73 74 75 79 80 81 82 83 84 85 86 87 92 93 94 95 96 97 98 99 105 106 107 108 109 110 111 118 119 120 121 122 123 131 132 133 134 135 144 145 146 147 156 157 158 167 168 177
56 67 68 79 80 81 1 92 93 94 2 3 105 106 107 4 5 6 118 119 120 7 8 9 10 131 132 133 11 12 13 14 15 144 145 146 16 17 18 19 20 21 156 157 158 22 23 24 25 26 27 28 167 168 169 29 30 31 32 33 34 35 36 177 178 179 37 38 39 40 41 42 43 44 45 186 187 188 46 47 48 49 50 51 52 53 54 55 194 195 196 57 58 59 60 61 62 63 64 65 66 201 202 203 69 70 71 72 73 74 75 76 77 78 207 208 209 82 83 84 85 86 87 88 89 90 91 212 213 214 95 96 97 98 99 100 101 102 103 104 216 217 218 108 109 110 111 112 113 114 115 116 117 219 220 121 122 123 124 125 126 127 128 129 130 221 134 135 136 137 138 139 140 141 142 143 147 148 149 150 151 152 153 154 155 159 160 161 162 163 164 165 166 170 171 172 173 174 175 176 180 181 182 183 184 185 189 190 191 192 193 197 198 199 200 204 205 206 210 211 215
57 68 69 80 81 82 92 93 94 95 3 105 106 107 108 5 6 118 119 120 121 8 9 10 131 132 133 134 12 13 14 15 144 145 146 147 17 18 19 20 21 156 157 158 159 23 24 25 26 27 28 167 168 169 170 30 31 32 33 34 35 36 177 178 179 180 38 39 40 41 42 43 44 45 186 187 188 189 47 48 49 50 51 52 53 54 55 194 195 196 197 58 59 60 61 62 63 64 65 66 201 202 203 204 70 71 72 73 74 75 76 77 78 207 208 209 210 83 84 85 86 87 88 89 90 91 212 213 214 215 96 97 98 99 100 101 102 103 104 216 217 218 46 109 110 111 112 113 114 115 116 117 219 220 56 122 123 124 125 126 127 128 129 130 221 67 135 136 137 138 139 140 141 142 143 79 148 149 150 151 152 153 154 155 1 160 161 162 163 164 165 166 2 171 172 173 174 175 176 4 181 182 183 184 185 7 190 191 192 193 11 198 199 200 16 205 206 22 211 29 37
58 69 70 81 82 83 93 94 95 96 105 106 107 108 109 6 118 119 120 121 122 9 10 131 132 133 134 135 13 14 15 144 145 146 147 148 18 19 20 21 156 157 158 159 160 24 25 26 27 28 167 168 169 170 171 31 32 33 34 35 36 177 178 179 180 181 39 40 41 42 43 44 45 186 187 188 189 190 48 49 50 51 52 53 54 55 194 195 196 197 198 59 60 61 62 63 64 65 66 201 202 203 204 205 71 72 73 74 75 76 77 78 207 208 209 210 211 84 85 86 87 88 89 90 91 212 213 214 215 37 97 98 99 100 101 102 103 104 216 217 218 46 47 110 111 112 113 114 115 116 117 219 220 56 57 123 124 125 126 127 128 129 130 221 67 68 136 137 138 139 140 141 142 143 79 80 149 150 151 152 153 154 155 1 92 161 162 163 164 165 166 2 3 172 173 174 175 176 4 5 182 183 184 185 7 8 191 192 193 11 12 199 200 16 17 206 22 23 29 30 38
59 70 71 82 83 84 94 95 96 97 106 107 108 109 110 118 119 120 121 122 123 10 131 132 133 134 135 136 14 15 144 145 146 147 148 149 19 20 21 156 157 158 159 160 161 25 26 27 28 167 168 169 170 171 172 32 33 34 35 36 177 178 179 180 181 182 40 41 42 43 44 45 186 187 188 189 190 191 49 50 51 52 53 54 55 194 195 196 197 198 199 60 61 62 63 64 65 66 201 202 203 204 205 206 72 73 74 75 76 77 78 207 208 209 210 211 29 85 86 87 88 89 90 91 212 213 214 215 37 38 98 99 100 101 102 103 104 216 217 218 46 47 48 111 112 113 114 115 116 117 219 220 56 57 58 124 125 126 127 128 129 130 221 67 68 69 137 138 139 140 141 142 143 79 80 81 150 151 152 153 154 155 1 92 93 162 163 164 165 166 2 3 105 173 174 175 176 4 5 6 183 184 185 7 8 9 192 193 11 12 13 200 16 17 18 22 23 24 30 31 39
60 71 72 83 84 85 95 96 97 98 107 108 109 110 111 119 120 121 122 123 124 131 132 133 134 135 136 137 15 144 145 146 147 148 149 150 20 21 156 157 158 159 160 161 162 26 27 28 167 168 169 170 171 172 173 33 34 35 36 177 178 179 180 181 182 183 41 42 43 44 45 186 187 188 189 190 191 192 50 51 52 53 54 55 194 195 196 197 198 199 200 61 62 63 64 65 66 201 202 203 204 205 206 22 73 74 75 76 77 78 207 208 209 210 211 29 30 86 87 88 89 90 91 212 213 214 215 37 38 39 99 100 101 102 103 104 216 217 218 46 47 48 49 112 113 114 115 116 117 219 220 56 57 58 59 125 126 127 128 129 130 221 67 68 69 70 138 139 140 141 142 143 79 80 81 82 151 152 153 154 155 1 92 93 94 163 164 165 166 2 3 105 106 174 175 176 4 5 6 118 184 185 7 8 9 10 193 11 12 13 14 16 17 18 19 23 24 25 31 32 40
61 72 73 84 85 86 96 97 98 99 108 109 110 111 112 120 121 122 123 124 125 132 133 134 135 136 137 138 144 145 146 147 148 149 150 151 21 156 157 158 159 160 161 162 163 27 28 167 168 169 170 171 172 173 174 34 35 36 177 178 179 180 181 182 183 184 42 43 44 45 186 187 188 189 190 191 192 193 51 52 53 54 55 194 195 196 197 198 199 200 16 62 63 64 65 66 201 202 203 204 205 206 22 23 74 75 76 77 78 207 208 209 210 211 29 30 31 87 88 89 90 91 212 213 214 215 37 38 39 40 100 101 102 103 104 216 217 218 46 47 48 49 50 113 114 115 116 117 219 220 56 57 58 59 60 126 127 128 129 130 221 67 68 69 70 71 139 140 141 142 143 79 80 81 82 83 152 153 154 155 1 92 93 94 95 164 165 166 2 3 105 106 107 175 176 4 5 6 118 119 185 7 8 9 10 131 11 12 13 14 15 17 18 19 20 24 25 26 32 33 41
62 73 74 85 86 87 97 98 99 100 109 110 111 112 113 121 122 123 124 125 126 133 134 135 136 137 138 139 145 146 147 148 149 150 151 152 156 157 158 159 160 161 162 163 164 28 167 168 169 170 171 172 173 174 175 35 36 177 178 179 180 181 182 183 184 185 43 44 45 186 187 188 189 190 191 192 193 11 52 53 54 55 194 195 196 197 198 199 200 16 17 63 64 65 66 201 202 203 204 205 206 22 23 24 75 76 77 78 207 208 209 210 211 29 30 31 32 88 89 90 91 212 213 214 215 37 38 39 40 41 101 102 103 104 216 217 218 46 47 48 49 50 51 114 115 116 117 219 220 56 57 58 59 60 61 127 128 129 130 221 67 68 69 70 71 72 140 141 142 143 79 80 81 82 83 84 153 154 155 1 92 93 94 95 96 165 166 2 3 105 106 107 108 176 4 5 6 118 119 120 7 8 9 10 131 132 12 13 14 15 144 18 19 20 21 25 26 27 33 34 42
63 74 75 86 87 88 98 99 100 101 110 111 112 113 114 122 123 124 125 126 127 134 135 136 137 138 139 140 146 147 148 149 150 151 152 153 157 158 159 160 161 162 163 164 165 167 168 169 170 171 172 173 174 175 176 36 177 178 179 180 181 182 183 184 185 7 44 45 186 187 188 189 190 191 192 193 11 12 53 54 55 194 195 196 197 198 199 200 16 17 18 64 65 66 201 202 203 204 205 206 22 23 24 25 76 77 78 207 208 209 210 211 29 30 31 32 33 89 90 91 212 213 214 215 37 38 39 40 41 42 102 103 104 216 217 218 46 47 48 49 50 51 52 115 116 117 219 220 56 57 58 59 60 61 62 128 129 130 221 67 68 69 70 71 72 73 141 142 143 79 80 81 82 83 84 85 154 155 1 92 93 94 95 96 97 166 2 3 105 106 107 108 109 4 5 6 118 119 120 121 8 9 10 131 132 133 13 14 15 144 145 19 20 21 156 26 27 28 34 35 43
64 75 76 87 88 89 99 100 101 102 111 112 113 114 115 123 124 125 126 127 128 135 136 137 138 139 140 141 147 148 149 150 151 152 153 154 158 159 160 161 162 163 164 165 166 168 169 170 171 172 173 174 175 176 4 177 178 179 180 181 182 183 184 185 7 8 45 186 187 188 189 190 191 192 193 11 12 13 54 55 194 195 196 197 198 199 200 16 17 18 19 65 66 201 202 203 204 205 206 22 23 24 25 26 77 78 207 208 209 210 211 29 30 31 32 33 34 90 91 212 213 214 215 37 38 39 40 41 42 43 103 104 216 217 218 46 47 48 49 50 51 52 53 116 117 219 220 56 57 58 59 60 61 62 63 129 130 221 67 68 69 70 71 72 73 74 142 143 79 80 81 82 83 84 85 86 155 1 92 93 94 95 96 97 98 2 3 105 106 107 108 109 110 5 6 118 119 120 121 122 9 10 131 132 133 134 14 15 144 145 146 20 21 156 157 27 28 167 35 36 44
65 76 77 88 89 90 100 101 102 103 112 113 114 115 116 124 125 126 127 128 129 136 137 138 139 140 141 142 148 149 150 151 152 153 154 155 159 160 161 162 163 164 165 166 2 169 170 171 172 173 174 175 176 4 5 178 179 180 181 182 183 184 185 7 8 9 186 187 188 189 190 191 192 193 11 12 13 14 55 194 195 196 197 198 199 200 16 17 18 19 20 66 201 202 203 204 205 206 22 23 24 25 26 27 78 207 208 209 210 211 29 30 31 32 33 34 35 91 212 213 214 215 37 38 39 40 41 42 43 44 104 216 217 218 46 47 48 49 50 51 52 53 54 117 219 220 56 57 58 59 60 61 62 63 64 130 221 67 68 69 70 71 72 73 74 75 143 79 80 81 82 83 84 85 86 87 1 92 93 94 95 96 97 98 99 3 105 106 107 108 109 110 111 6 118 119 120 121 122 123 10 131 132 133 134 135 15 144 145 146 147 21 156 157 158 28 167 168 36 177 45
66 77 78 89 90 91 101 102 103 104 113 114 115 116 117 125 126 127 128 129 130 137 138 139 140 141 142 143 149 150 151 152 153 154 155 1 160 161 162 163 164 165 166 2 3 170 171 172 173 174 175 176 4 5 6 179 180 181 182 183 184 185 7 8 9 10 187 188 189 190 191 192 193 11 12 13 14 15 194 195 196 197 198 199 200 16 17 18 19 20 21 201 202 203 204 205 206 22 23 24 25 26 27 28 207 208 209 210 211 29 30 31 32 33 34 35 36 212 213 214 215 37 38 39 40 41 42 43 44 45 216 217 218 46 47 48 49 50 51 52 53 54 55 219 220 56 57 58 59 60 61 62 63 64 65 221 67 68 69 70 71 72 73 74 75 76 79 80 81 82 83 84 85 86 87 88 92 93 94 95 96 97 98 99 100 105 106 107 108 109 110 111 112 118 119 120 121 122 123 124 131 132 133 134 135 136 144 145 146 147 148 156 157 158 159 167 168 169 177 178 186
67 79 80 1 92 93 2 3 105 106 4 5 6 118 119 7 8 9 10 131 132 11 12 13 14 15 144 145 16 17 18 19 20 21 156 157 22 23 24 25 26 27 28 167 168 29 30 31 32 33 34 35 36 177 178 37 38 39 40 41 42 43 44 45 186 187 46 47 48 49 50 51 52 53 54 55 194 195 56 57 58 59 60 61 62 63 64 65 66 201 202 68 69 70 71 72 73 74 75 76 77 78 207 208 81 82 83 84 85 86 87 88 89 90 91 212 213 94 95 96 97 98 99 100 101 102 103 104 216 217 107 108 109 110 111 112 113 114 115 116 117 219 220 120 121 122 123 124 125 126 127 128 129 130 221 133 134 135 136 137 138 139 140 141 142 143 146 147 148 149 150 151 152 153 154 155 158 159 160 161 162 163 164 165 166 169 170 171 172 173 174 175 176 179 180 181 182 183 184 185 188 189 190 191 192 193 196 197 198 199 200 203 204 205 206 209 210 211 214 215 218
68 80 81 92 93 94 3 105 106 107 5 6 118 119 120 8 9 10 131 132 133 12 13 14 15 144 145 146 17 18 19 20 21 156 157 158 23 24 25 26 27 28 167 168 169 30 31 32 33 34 35 36 177 178 179 38 39 40 41 42 43 44 45 186 187 188 47 48 49 50 51 52 53 54 55 194 195 196 57 58 59 60 61 62 63 64 65 66 201 202 203 69 70 71 72 73 74 75 76 77 78 207 208 209 82 83 84 85 86 87 88 89 90 91 212 213 214 95 96 97 98 99 100 101 102 103 104 216 217 218 108 109 110 111 112 113 114 115 116 117 219 220 56 121 122 123 124 125 126 127 128 129 130 221 67 134 135 136 137 138 139 140 141 142 143 79 147 148 149 150 151 152 153 154 155 1 159 160 161 162 163 164 165 166 2 170 171 172 173 174 175 176 4 180 181 182 183 184 185 7 189 190 191 192 193 11 197 198 199 200 16 204 205 206 22 210 211 29 215 37 46
69 81 82 93 94 95 105 106 107 108 6 118 119 120 121 9 10 131 132 133 134 13 14 15 144 145 146 147 18 19 20 21 156 157 158 159 24 25 26 27 28 167 168 169 170 31 32 33 34 35 36 177 178 179 180 39 40 41 42 43 44 45 186 187 188 189 48 49 50 51 52 53 54 55 194 195 196 197 58 59 60 61 62 63 64 65 66 201 202 203 204 70 71 72 73 74 75 76 77 78 207 208 209 210 83 84 85 86 87 88 89 90 91 212 213 214 215 96 97 98 99 100 101 102 103 104 216 217 218 46 109 110 111 112 113 114 115 116 117 219 220 56 57 122 123 124 125 126 127 128 129 130 221 67 68 135 136 137 138 139 140 141 142 143 79 80 148 149 150 151 152 153 154 155 1 92 160 161 162 163 164 165 166 2 3 171 172 173 174 175 176 4 5 181 182 183 184 185 7 8 190 191 192 193 11 12 198 199 200 16 17 205 206 22 23 211 29 30 37 38 47
70 82 83 94 95 96 106 107 108 109 118 119 120 121 122 10 131 132 133 134 135 14 15 144 145 146 147 148 19 20 21 156 157 158 159 160 25 26 27 28 167 168 169 170 171 32 33 34 35 36 177 178 179 180 181 40 41 42 43 44 45 186 187 188 189 190 49 50 51 52 53 54 55 194 195 196 197 198 59 60 61 62 63 64 65 66 201 202 203 204 205 71 72 73 74 75 76 77 78 207 208 209 210 211 84 85 86 87 88 89 90 91 212 213 214 215 37 97 98 99 100 101 102 103 104 216 217 218 46 47 110 111 112 113 114 115 116 117 219 220 56 57 58 123 124 125 126 127 128 129 130 221 67 68 69 136 137 138 139 140 141 142 143 79 80 81 149 150 151 152 153 154 155 1 92 93 161 162 163 164 165 166 2 3 105 172 173 174 175 176 4 5 6 182 183 184 185 7 8 9 191 192 193 11 12 13 199 200 16 17 18 206 22 23 24 29 30 31 38 39 48
71 83 84 95 96 97 107 108 109 110 119 120 121 122 123 131 132 133 134 135 136 15 144 145 146 147 148 149 20 21 156 157 158 159 160 161 26 27 28 167 168 169 170 171 172 33 34 35 36 177 178 179 180 181 182 41 42 43 44 45 186 187 188 189 190 191 50 51 52 53 54 55 194 195 196 197 198 199 60 61 62 63 64 65 66 201 202 203 204 205 206 72 73 74 75 76 77 78 207 208 209 210 211 29 85 86 87 88 89 90 91 212 213 214 215 37 38 98 99 100 101 102 103 104 216 217 218 46 47 48 111 112 113 114 115 116 117 219 220 56 57 58 59 124 125 126 127 128 129 130 221 67 68 69 70 137 138 139 140 141 142 143 79 80 81 82 150 151 152 153 154 155 1 92 93 94 162 163 164 165 166 2 3 105 106 173 174 175 176 4 5 6 118 183 184 185 7 8 9 10 192 193 11 12 13 14 200 16 17 18 19 22 23 24 25 30 31 32 39 40 49
72 84 85 96 97 98 108 109 110 111 120 121 122 123 124 132 133 134 135 136 137 144 145 146 147 148 149 150 21 156 157 158 159 160 161 162 27 28 167 168 169 170 171 172 173 34 35 36 177 178 179 180 181 182 183 42 43 44 45 186 187 188 189 190 191 192 51 52 53 54 55 194 195 196 197 198 199 200 61 62 63 64 65 66 201 202 203 204 205 206 22 73 74 75 76 77 78 207 208 209 210 211 29 30 86 87 88 89 90 91 212 213 214 215 37 38 39 99 100 101 102 103 104 216 217 218 46 47 48 49 112 113 114 115 116 117 219 220 56 57 58 59 60 125 126 127 128 129 130 221 67 68 69 70 71 138 139 140 141 142 143 79 80 81 82 83 151 152 153 154 155 1 92 93 94 95 163 164 165 166 2 3 105 106 107 174 175 176 4 5 6 118 119 184 185 7 8 9 10 131 193 11 12 13 14 15 16 17 18 19 20 23 24 25 26 31 32 33 40 41 50
73 85 86 97 98 99 109 110 111 112 121 122 123 124 125 133 134 135 136 137 138 145 146 147 148 149 150 151 156 157 158 159 160 161 162 163 28 167 168 169 170 171 172 173 174 35 36 177 178 179 180 181 182 183 184 43 44 45 186 187 188 189 190 191 192 193 52 53 54 55 194 195 196 197 198 199 200 16 62 63 64 65 66 201 202 203 204 205 206 22 23 74 75 76 77 78 207 208 209 210 211 29 30 31 87 88 89 90 91 212 213 214 215 37 38 39 40 100 101 102 103 104 216 217 218 46 47 48 49 50 113 114 115 116 117 219 220 56 57 58 59 60 61 126 127 128 129 130 221 67 68 69 70 71 72 139 140 141 142 143 79 80 81 82 83 84 152 153 154 155 1 92 93 94 95 96 164 165 166 2 3 105 106 107 108 175 176 4 5 6 118 119 120 185 7 8 9 10 131 132 11 12 13 14 15 144 17 18 19 20 21 24 25 26 27 32 33 34 41 42 51
74 86 87 98 99 100 110 111 112 113 122 123 124 125 126 134 135 136 137 138 139 146 147 148 149 150 151 152 157 158 159 160 161 162 163 164 167 168 169 170 171 172 173 174 175 36 177 178 179 180 181 182 183 184 185 44 45 186 187 188 189 190 191 192 193 11 53 54 55 194 195 196 197 198 199 200 16 17 63 64 65 66 201 202 203 204 205 206 22 23 24 75 76 77 78 207 208 209 210 211 29 30 31 32 88 89 90 91 212 213 214 215 37 38 39 40 41 101 102 103 104 216 217 218 46 47 48 49 50 51 114 115 116 117 219 220 56 57 58 59 60 61 62 127 128 129 130 221 67 68 69 70 71 72 73 140 141 142 143 79 80 81 82 83 84 85 153 154 155 1 92 93 94 95 96 97 165 166 2 3 105 106 107 108 109 176 4 5 6 118 119 120 121 7 8 9 10 131 132 133 12 13 14 15 144 145 18 19 20 21 156 25 26 27 28 33 34 35 42 43 52
75 87 88 99 100 101 111 112 113 114 123 124 125 126 127 135 136 137 138 139 140 147 148 149 150 151 152 153 158 159 160 161 162 163 164 165 168 169 170 171 172 173 174 175 176 177 178 179 180 181 182 183 184 185 7 45 186 187 188 189 190 191 192 193 11 12 54 55 194 195 196 197 198 199 200 16 17 18 64 65 66 201 202 203 204 205 206 22 23 24 25 76 77 78 207 208 209 210 211 29 30 31 32 33 89 90 91 212 213 214 215 37 38 39 40 41 42 102 103 104 216 217 218 46 47 48 49 50 51 52 115 116 117 219 220 56 57 58 59 60 61 62 63 128 129 130 221 67 68 69 70 71 72 73 74 141 142 143 79 80 81 82 83 84 85 86 154 155 1 92 93 94 95 96 97 98 166 2 3 105 106 107 108 109 110 4 5 6 118 119 120 121 122 8 9 10 131 132 133 134 13 14 15 144 145 146 19 20 21 156 157 26 27 28 167 34 35 36 43 44 53
76 88 89 100 101 102 112 113 114 115 124 125 126 127 128 136 137 138 139 140 141 148 149 150 151 152 153 154 159 160 161 162 163 164 165 166 169 170 171 172 173 174 175 176 4 178 179 180 181 182 183 184 185 7 8 186 187 188 189 190 191 192 193 11 12 13 55 194 195 196 197 198 199 200 16 17 18 19 65 66 201 202 203 204 205 206 22 23 24 25 26 77 78 207 208 209 210 211 29 30 31 32 33 34 90 91 212 213 214 215 37 38 39 40 41 42 43 103 104 216 217 218 46 47 48 49 50 51 52 53 116 117 219 220 56 57 58 59 60 61 62 63 64 129 130 221 67 68 69 70 71 72 73 74 75 142 143 79 80 81 82 83 84 85 86 87 155 1 92 93 94 95 96 97 98 99 2 3 105 106 107 108 109 110 111 5 6 118 119 120 121 122 123 9 10 131 132 133 134 135 14 15 144 145 146 147 20 21 156 157 158 27 28 167 168 35 36 177 44 45 54
77 89 90 101 102 103 113 114 115 116 125 126 127 128 129 137 138 139 140 141 142 149 150 151 152 153 154 155 160 161 162 163 164 165 166 2 170 171 172 173 174 175 176 4 5 179 180 181 182 183 184 185 7 8 9 187 188 189 190 191 192 193 11 12 13 14 194 195 196 197 198 199 200 16 17 18 19 20 66 201 202 203 204 205 206 22 23 24 25 26 27 78 207 208 209 210 211 29 30 31 32 33 34 35 91 212 213 214 215 37 38 39 40 41 42 43 44 104 216 217 218 46 47 48 49 50 51 52 53 54 117 219 220 56 57 58 59 60 61 62 63 64 65 130 221 67 68 69 70 71 72 73 74 75 76 143 79 80 81 82 83 84 85 86 87 88 1 92 93 94 95 96 97 98 99 100 3 105 106 107 108 109 110 111 112 6 118 119 120 121 122 123 124 10 131 132 133 134 135 136 15 144 145 146 147 148 21 156 157 158 159 28 167 168 169 36 177 178 45 186 55
78 90 91 102 103 104 114 115 116 117 126 127 128 129 130 138 139 140 141 142 143 150 151 152 153 154 155 1 161 162 163 164 165 166 2 3 171 172 173 174 175 176 4 5 6 180 181 182 183 184 185 7 8 9 10 188 189 190 191 192 193 11 12 13 14 15 195 196 197 198 199 200 16 17 18 19 20 21 201 202 203 204 205 206 22 23 24 25 26 27 28 207 208 209 210 211 29 30 31 32 33 34 35 36 212 213 214 215 37 38 39 40 41 42 43 44 45 216 217 218 46 47 48 49 50 51 52 53 54 55 219 220 56 57 58 59 60 61 62 63 64 65 66 221 67 68 69 70 71 72 73 74 75 76 77 79 80 81 82 83 84 85 86 87 88 89 92 93 94 95 96 97 98 99 100 101 105 106 107 108 109 110 111 112 113 118 119 120 121 122 123 124 125 131 132 133 134 135 136 137 144 145 146 147 148 149 156 157 158 159 160 167 168 169 170 177 178 179 186 187 194
79 1 92 2 3 105 4 5 6 118 7 8 9 10 131 11 12 13 14 15 144 16 17 18 19 20 21 156 22 23 24 25 26 27 28 167 29 30 31 32 33 34 35 36 177 37 38 39 40 41 42 43 44 45 186 46 47 48 49 50 51 52 53 54 55 194 56 57 58 59 60 61 62 63 64 65 66 201 67 68 69 70 71 72 73 74 75 76 77 78 207 80 81 82 83 84 85 86 87 88 89 90 91 212 93 94 95 96 97 98 99 100 101 102 103 104 216 106 107 108 109 110 111 112 113 114 115 116 117 219 119 120 121 122 123 124 125 126 127 128 129 130 221 132 133 134 135 136 137 138 139 140 141 142 143 145 146 147 148 149 150 151 152 153 154 155 157 158 159 160 161 162 163 164 165 166 168 169 170 171 172 173 174 175 176 178 179 180 181 182 183 184 185 187 188 189 190 191 192 193 195 196 197 198 199 200 202 203 204 205 206 208 209 210 211 213 214 215 217 218 220
80 92 93 3 105 106 5 6 118 119 8 9 10 131 132 12 13 14 15 144 145 17 18 19 20 21 156 157 23 24 25 26 27 28 167 168 30 31 32 33 34 35 36 177 178 38 39 40 41 42 43 44 45 186 187 47 48 49 50 51 52 53 54 55 194 195 57 58 59 60 61 62 63 64 65 66 201 202 68 69 70 71 72 73 74 75 76 77 78 207 208 81 82 83 84 85 86 87 88 89 90 91 212 213 94 95 96 97 98 99 100 101 102 103 104 216 217 107 108 109 110 111 112 113 114 115 116 117 219 220 120 121 122 123 124 125 126 127 128 129 130 221 67 133 134 135 136 137 138 139 140 141 142 143 79 146 147 148 149 150 151 152 153 154 155 1 158 159 160 161 162 163 164 165 166 2 169 170 171 172 173 174 175 176 4 179 180 181 182 183 184 185 7 188 189 190 191 192 193 11 196 197 198 199 200 16 203 204 205 206 22 209 210 211 29 214 215 37 218 46 56
81 93 94 105 106 107 6 118 119 120 9 10 131 132 133 13 14 15 144 145 146 18 19 20 21 156 157 158 24 25 26 27 28 167 168 169 31 32 33 34 35 36 177 178 179 39 40 41 42 43 44 45 186 187 188 48 49 50 51 52 53 54 55 194 195 196 58 59 60 61 62 63 64 65 66 201 202 203 69 70 71 72 73 74 75 76 77 78 207 208 209 82 83 84 85 86 87 88 89 90 91 212 213 214 95 96 97 98 99 100 101 102 103 104 216 217 218 108 109 110 111 112 113 114 115 116 117 219 220 56 121 122 123 124 125 126 127 128 129 130 221 67 68 134 135 136 137 138 139 140 141 142 143 79 80 147 148 149 150 151 152 153 154 155 1 92 159 160 161 162 163 164 165 166 2 3 170 171 172 173 174 175 176 4 5 180 181 182 183 184 185 7 8 189 190 191 192 193 11 12 197 198 199 200 16 17 204 205 206 22 23 210 211 29 30 215 37 38 46 47 57
82 94 95 106 107 108 118 119 120 121 10 131 132 133 134 14 15 144 145 146 147 19 20 21 156 157 158 159 25 26 27 28 167 168 169 170 32 33 34 35 36 177 178 179 180 40 41 42 43 44 45 186 187 188 189 49 50 51 52 53 54 55 194 195 196 197 59 60 61 62 63 64 65 66 201 202 203 204 70 71 72 73 74 75 76 77 78 207 208 209 210 83 84 85 86 87 88 89 90 91 212 213 214 215 96 97 98 99 100 101 102 103 104 216 217 218 46 109 110 111 112 113 114 115 116 117 219 220 56 57 122 123 124 125 126 127 128 129 130 221 67 68 69 135 136 137 138 139 140 141 142 143 79 80 81 148 149 150 151 152 153 154 155 1 92 93 160 161 162 163 164 165 166 2 3 105 171 172 173 174 175 176 4 5 6 181 182 183 184 185 7 8 9 190 191 192 193 11 12 13 198 199 200 16 17 18 205 206 22 23 24 211 29 30 31 37 38 39 47 48 58
83 95 96 107 108 109 119 120 121 122 131 132 133 134 135 15 144 145 146 147 148 20 21 156 157 158 159 160 26 27 28 167 168 169 170 171 33 34 35 36 177 178 179 180 181 41 42 43 44 45 186 187 188 189 190 50 51 52 53 54 55 194 195 196 197 198 60 61 62 63 64 65 66 201 202 203 204 205 71 72 73 74 75 76 77 78 207 208 209 210 211 84 85 86 87 88 89 90 91 212 213 214 215 37 97 98 99 100 101 102 103 104 216 217 218 46 47 110 111 112 113 114 115 116 117 219 220 56 57 58 123 124 125 126 127 128 129 130 221 67 68 69 70 136 137 138 139 140 141 142 143 79 80 81 82 149 150 151 152 153 154 155 1 92 93 94 161 162 163 164 165 166 2 3 105 106 172 173 174 175 176 4 5 6 118 182 183 184 185 7 8 9 10 191 192 193 11 12 13 14 199 200 16 17 18 19 206 22 23 24 25 29 30 31 32 38 39 40 48 49 59
84 96 97 108 109 110 120 121 122 123 132 133 134 135 136 144 145 146 147 148 149 21 156 157 158 159 160 161 27 28 167 168 169 170 171 172 34 35 36 177 178 179 180 181 182 42 43 44 45 186 187 188 189 190 191 51 52 53 54 55 194 195 196 197 198 199 61 62 63 64 65 66 201 202 203 204 205 206 72 73 74 75 76 77 78 207 208 209 210 211 29 85 86 87 88 89 90 91 212 213 214 215 37 38 98 99 100 101 102 103 104 216 217 218 46 47 48 111 112 113 114 115 116 117 219 220 56 57 58 59 124 125 126 127 128 129 130 221 67 68 69 70 71 137 138 139 140 141 142 143 79 80 81 82 83 150 151 152 153 154 155 1 92 93 94 95 162 163 164 165 166 2 3 105 106 107 173 174 175 176 4 5 6 118 119 183 184 185 7 8 9 10 131 192 193 11 12 13 14 15 200 16 17 18 19 20 22 23 24 25 26 30 31 32 33 39 40 41 49 50 60
85 97 98 109 110 111 121 122 123 124 133 134 135 136 137 145 146 147 148 149 150 156 157 158 159 160 161 162 28 167 168 169 170 171 172 173 35 36 177 178 179 180 181 182 183 43 44 45 186 187 188 189 190 191 192 52 53 54 55 194 195 196 197 198 199 200 62 63 64 65 66 201 202 203 204 205 206 22 73 74 75 76 77 78 207 208 209 210 211 29 30 86 87 88 89 90 91 212 213 214 215 37 38 39 99 100 101 102 103 104 216 217 218 46 47 48 49 112 113 114 115 116 117 219 220 56 57 58 59 60 125 126 127 128 129 130 221 67 68 69 70 71 72 138 139 140 141 142 143 79 80 81 82 83 84 151 152 153 154 155 1 92 93 94 95 96 163 164 165 166 2 3 105 106 107 108 174 175 176 4 5 6 118 119 120 184 185 7 8 9 10 131 132 193 11 12 13 14 15 144 16 17 18 19 20 21 23 24 25 26 27 31 32 33 34 40 41 42 50 51 61
86 98 99 110 111 112 122 123 124 125 134 135 136 137 138 146 147 148 149 150 151 157 158 159 160 161 162 163 167 168 169 170 171 172 173 174 36 177 178 179 180 181 182 183 184 44 45 186 187 188 189 190 191 192 193 53 54 55 194 195 196 197 198 199 200 16 63 64 65 66 201 202 203 204 205 206 22 23 74 75 76 77 78 207 208 209 210 211 29 30 31 87 88 89 90 91 212 213 214 215 37 38 39 40 100 101 102 103 104 216 217 218 46 47 48 49 50 113 114 115 116 117 219 220 56 57 58 59 60 61 126 127 128 129 130 221 67 68 69 70 71 72 73 139 140 141 142 143 79 80 81 82 83 84 85 152 153 154 155 1 92 93 94 95 96 97 164 165 166 2 3 105 106 107 108 109 175 176 4 5 6 118 119 120 121 185 7 8 9 10 131 132 133 11 12 13 14 15 144 145 17 18 19 20 21 156 24 25 26 27 28 32 33 34 35 41 42 43 51 52 62
87 99 100 111 112 113 123 124 125 126 135 136 137 138 139 147 148 149 150 151 152 158 159 160 161 162 163 164 168 169 170 171 172 173 174 175 177 178 179 180 181 182 183 184 185 45 186 187 188 189 190 191 192 193 11 54 55 194 195 196 197 198 199 200 16 17 64 65 66 201 202 203 204 205 206 22 23 24 75 76 77 78 207 208 209 210 211 29 30 31 32 88 89 90 91 212 213 214 215 37 38 39 40 41 101 102 103 104 216 217 218 46 47 48 49 50 51 114 115 116 117 219 220 56 57 58 59 60 61 62 127 128 129 130 221 67 68 69 70 71 72 73 74 140 141 142 143 79 80 81 82 83 84 85 86 153 154 155 1 92 93 94 95 96 97 98 165 166 2 3 105 106 107 108 109 110 176 4 5 6 118 119 120 121 122 7 8 9 10 131 132 133 134 12 13 14 15 144 145 146 18 19 20 21 156 157 25 26 27 28 167 33 34 35 36 42 43 44 52 53 63
88 100 101 112 113 114 124 125 126 127 136 137 138 139 140 148 149 150 151 152 153 159 160 161 162 163 164 165 169 170 171 172 173 174 175 176 178 179 180 181 182 183 184 185 7 186 187 188 189 190 191 192 193 11 12 55 194 195 196 197 198 199 200 16 17 18 65 66 201 202 203 204 205 206 22 23 24 25 76 77 78 207 208 209 210 211 29 30 31 32 33 89 90 91 212 213 214 215 37 38 39 40 41 42 102 103 104 216 217 218 46 47 48 49 50 51 52 115 116 117 219 220 56 57 58 59 60 61 62 63 128 129 130 221 67 68 69 70 71 72 73 74 75 141 142 143 79 80 81 82 83 84 85 86 87 154 155 1 92 93 94 95 96 97 98 99 166 2 3 105 106 107 108 109 110 111 4 5 6 118 119 120 121 122 123 8 9 10 131 132 133 134 135 13 14 15 144 145 146 147 19 20 21 156 157 158 26 27 28 167 168 34 35 36 177 43 44 45 53 54 64
89 101 102 113 114 115 125 126 127 128 137 138 139 140 141 149 150 151 152 153 154 160 161 162 163 164 165 166 170 171 172 173 174 175 176 4 179 180 181 182 183 184 185 7 8 187 188 189 190 191 192 193 11 12 13 194 195 196 197 198 199 200 16 17 18 19 66 201 202 203 204 205 206 22 23 24 25 26 77 78 207 208 209 210 211 29 30 31 32 33 34 90 91 212 213 214 215 37 38 39 40 41 42 43 103 104 216 217 218 46 47 48 49 50 51 52 53 116 117 219 220 56 57 58 59 60 61 62 63 64 129 130 221 67 68 69 70 71 72 73 74 75 76 142 143 79 80 81 82 83 84 85 86 87 88 155 1 92 93 94 95 96 97 98 99 100 2 3 105 106 107 108 109 110 111 112 5 6 118 119 120 121 122 123 124 9 10 131 132 133 134 135 136 14 15 144 145 146 147 148 20 21 156 157 158 159 27 28 167 168 169 35 36 177 178 44 45 186 54 55 65
90 102 103 114 115 116 126 127 128 129 138 139 140 141 142 150 151 152 153 154 155 161 162 163 164 165 166 2 171 172 173 174 175 176 4 5 180 181 182 183 184 185 7 8 9 188 189 190 191 192 193 11 12 13 14 195 196 197 198 199 200 16 17 18 19 20 201 202 203 204 205 206 22 23 24 25 26 27 78 207 208 209 210 211 29 30 31 32 33 34 35 91 212 213 214 215 37 38 39 40 41 42 43 44 104 216 217 218 46 47 48 49 50 51 52 53 54 117 219 220 56 57 58 59 60 61 62 63 64 65 130 221 67 68 69 70 71 72 73 74 75 76 77 143 79 80 81 82 83 84 85 86 87 88 89 1 92 93 94 95 96 97 98 99 100 101 3 105 106 107 108 109 110 111 112 113 6 118 119 120 121 122 123 124 125 10 131 132 133 134 135 136 137 15 144 145 146 147 148 149 21 156 157 158 159 160 28 167 168 169 170 36 177 178 179 45 186 187 55 194 66
91 103 104 115 116 117 127 128 129 130 139 140 141 142 143 151 152 153 154 155 1 162 163 164 165 166 2 3 172 173 174 175 176 4 5 6 181 182 183 184 185 7 8 9 10 189 190 191 192 193 11 12 13 14 15 196 197 198 199 200 16 17 18 19 20 21 202 203 204 205 206 22 23 24 25 26 27 28 207 208 209 210 211 29 30 31 32 33 34 35 36 212 213 214 215 37 38 39 40 41 42 43 44 45 216 217 218 46 47 48 49 50 51 52 53 54 55 219 220 56 57 58 59 60 61 62 63 64 65 66 221 67 68 69 70 71 72 73 74 75 76 77 78 79 80 81 82 83 84 85 86 87 88 89 90 92 93 94 95 96 97 98 99 100 101 102 105 106 107 108 109 110 111 112 113 114 118 119 120 121 122 123 124 125 126 131 132 133 134 135 136 137 138 144 145 146 147 148 149 150 156 157 158 159 160 161 167 168 169 170 171 177 178 179 180 186 187 188 194 195 201
92 3 105 5 6 118 8 9 10 131 12 13 14 15 144 17 18 19 20 21 156 23 24 25 26 27 28 167 30 31 32 33 34 35 36 177 38 39 40 41 42 43 44 45 186 47 48 49 50 51 52 53 54 55 194 57 58 59 60 61 62 63 64 65 66 201 68 69 70 71 72 73 74 75 76 77 78 207 80 81 82 83 84 85 86 87 88 89 90 91 212 93 94 95 96 97 98 99 100 101 102 103 104 216 106 107 108 109 110 111 112 113 114 115 116 117 219 119 120 121 122 123 124 125 126 127 128 129 130 221 132 133 134 135 136 137 138 139 140 141 142 143 79 145 146 147 148 149 150 151 152 153 154 155 1 157 158 159 160 161 162 163 164 165 166 2 168 169 170 171 172 173 174 175 176 4 178 179 180 181 182 183 184 185 7 187 188 189 190 191 192 193 11 195 196 197 198 199 200 16 202 203 204 205 206 22 208 209 210 211 29 213 214 215 37 217 218 46 220 56 67
93 105 106 6 118 119 9 10 131 132 13 14 15 144 145 18 19 20 21 156 157 24 25 26 27 28 167 168 31 32 33 34 35 36 177 178 39 40 41 42 43 44 45 186 187 48 49 50 51 52 53 54 55 194 195 58 59 60 61 62 63 64 65 66 201 202 69 70 71 72 73 74 75 76 77 78 207 208 81 82 83 84 85 86 87 88 89 90 91 212 213 94 95 96 97 98 99 100 101 102 103 104 216 217 107 108 109 110 111 112 113 114 115 116 117 219 220 120 121 122 123 124 125 126 127 128 129 130 221 67 133 134 135 136 137 138 139 140 141 142 143 79 80 146 147 148 149 150 151 152 153 154 155 1 92 158 159 160 161 162 163 164 165 166 2 3 169 170 171 172 173 174 175 176 4 5 179 180 181 182 183 184 185 7 8 188 189 190 191 192 193 11 12 196 197 198 199 200 16 17 203 204 205 206 22 23 209 210 211 29 30 214 215 37 38 218 46 47 56 57 68
94 106 107 118 119 120 10 131 132 133 14 15 144 145 146 19 20 21 156 157 158 25 26 27 28 167 168 169 32 33 34 35 36 177 178 179 40 41 42 43 44 45 186 187 188 49 50 51 52 53 54 55 194 195 196 59 60 61 62 63 64 65 66 201 202 203 70 71 72 73 74 75 76 77 78 207 208 209 82 83 84 85 86 87 88 89 90 91 212 213 214 95 96 97 98 99 100 101 102 103 104 216 217 218 108 109 110 111 112 113 114 115 116 117 219 220 56 121 122 123 124 125 126 127 128 129 130 221 67 68 134 135 136 137 138 139 140 141 142 143 79 80 81 147 148 149 150 151 152 153 154 155 1 92 93 159 160 161 162 163 164 165 166 2 3 105 170 171 172 173 174 175 176 4 5 6 180 181 182 183 184 185 7 8 9 189 190 191 192 193 11 12 13 197 198 199 200 16 17 18 204 205 206 22 23 24 210 211 29 30 31 215 37 38 39 46 47 48 57 58 69
95 107 108 119 120 121 131 132 133 134 15 144 145 146 147 20 21 156 157 158 159 26 27 28 167 168 169 170 33 34 35 36 177 178 179 180 41 42 43 44 45 186 187 188 189 50 51 52 53 54 55 194 195 196 197 60 61 62 63 64 65 66 201 202 203 204 71 72 73 74 75 76 77 78 207 208 209 210 83 84 85 86 87 88 89 90 91 212 213 214 215 96 97 98 99 100 101 102 103 104 216 217 218 46 109 110 111 112 113 114 115 116 117 219 220 56 57 122 123 124 125 126 127 128 129 130 221 67 68 69 135 136 137 138 139 140 141 142 143 79 80 81 82 148 149 150 151 152 153 154 155 1 92 93 94 160 161 162 163 164 165 166 2 3 105 106 171 172 173 174 175 176 4 5 6 118 181 182 183 184 185 7 8 9 10 190 191 192 193 11 12 13 14 198 199 200 16 17 18 19 205 206 22 23 24 25 211 29 30 31 32 37 38 39 40 47 48 49 58 59 70
96 108 109 120 121 122 132 133 134 135 144 145 146 147 148 21 156 157 158 159 160 27 28 167 168 169 170 171 34 35 36 177 178 179 180 181 42 43 44 45 186 187 188 189 190 51 52 53 54 55 194 195 196 197 198 61 62 63 64 65 66 201 202 203 204 205 72 73 74 75 76 77 78 207 208 209 210 211 84 85 86 87 88 89 90 91 212 213 214 215 37 97 98 99 100 101 102 103 104 216 217 218 46 47 110 111 112 113 114 115 116 117 219 220 56 57 58 123 124 125 126 127 128 129 130 221 67 68 69 70 136 137 138 139 140 141 142 143 79 80 81 82 83 149 150 151 152 153 154 155 1 92 93 94 95 161 162 163 164 165 166 2 3 105 106 107 172 173 174 175 176 4 5 6 118 119 182 183 184 185 7 8 9 10 131 191 192 193 11 12 13 14 15 199 200 16 17 18 19 20 206 22 23 24 25 26 29 30 31 32 33 38 39 40 41 48 49 50 59 60 71
97 109 110 121 122 123 133 134 135 136 145 146 147 148 149 156 157 158 159 160 161 28 167 168 169 170 171 172 35 36 177 178 179 180 181 182 43 44 45 186 187 188 189 190 191 52 53 54 55 194 195 196 197 198 199 62 63 64 65 66 201 202 203 204 205 206 73 74 75 76 77 78 207 208 209 210 211 29 85 86 87 88 89 90 91 212 213 214 215 37 38 98 99 100 101 102 103 104 216 217 218 46 47 48 111 112 113 114 115 116 117 219 220 56 57 58 59 124 125 126 127 128 129 130 221 67 68 69 70 71 137 138 139 140 141 142 143 79 80 81 82 83 84 150 151 152 153 154 155 1 92 93 94 95 96 162 163 164 165 166 2 3 105 106 107 108 173 174 175 176 4 5 6 118 119 120 183 184 185 7 8 9 10 131 132 192 193 11 12 13 14 15 144 200 16 17 18 19 20 21 22 23 24 25 26 27 30 31 32 33 34 39 40 41 42 49 50 51 60 61 72
98 110 111 122 123 124 134 135 136 137 146 147 148 149 150 157 158 159 160 161 162 167 168 169 170 171 172 173 36 177 178 179 180 181 182 183 44 45 186 187 188 189 190 191 192 53 54 55 194 195 196 197 198 199 200 63 64 65 66 201 202 203 204 205 206 22 74 75 76 77 78 207 208 209 210 211 29 30 86 87 88 89 90 91 212 213 214 215 37 38 39 99 100 101 102 103 104 216 217 218 46 47 48 49 112 113 114 115 116 117 219 220 56 57 58 59 60 125 126 127 128 129 130 221 67 68 69 70 71 72 138 139 140 141 142 143 79 80 81 82 83 84 85 151 152 153 154 155 1 92 93 94 95 96 97 163 164 165 166 2 3 105 106 107 108 109 174 175 176 4 5 6 118 119 120 121 184 185 7 8 9 10 131 132 133 193 11 12 13 14 15 144 145 16 17 18 19 20 21 156 23 24 25 26 27 28 31 32 33 34 35 40 41 42 43 50 51 52 61 62 73
99 111 112 123 124 125 135 136 137 138 147 148 149 150 151 158 159 160 161 162 163 168 169 170 171 172 173 174 177 178 179 180 181 182 183 184 45 186 187 188 189 190 191 192 193 54 55 194 195 196 197 198 199 200 16 64 65 66 201 202 203 204 205 206 22 23 75 76 77 78 207 208 209 210 211 29 30 31 87 88 89 90 91 212 213 214 215 37 38 39 40 100 101 102 103 104 216 217 218 46 47 48 49 50 113 114 115 116 117 219 220 56 57 58 59 60 61 126 127 128 129 130 221 67 68 69 70 71 72 73 139 140 141 142 143 79 80 81 82 83 84 85 86 152 153 154 155 1 92 93 94 95 96 97 98 164 165 166 2 3 105 106 107 108 109 110 175 176 4 5 6 118 119 120 121 122 185 7 8 9 10 131 132 133 134 11 12 13 14 15 144 145 146 17 18 19 20 21 156 157 24 25 26 27 28 167 32 33 34 35 36 41 42 43 44 51 52 53 62 63 74
100 112 113 124 125 126 136 137 138 139 148 149 150 151 152 159 160 161 162 163 164 169 170 171 172 173 174 175 178 179 180 181 182 183 184 185 186 187 188 189 190 191 192 193 11 55 194 195 196 197 198 199 200 16 17 65 66 201 202 203 204 205 206 22 23 24 76 77 78 207 208 209 210 211 29 30 31 32 88 89 90 91 212 213 214 215 37 38 39 40 41 101 102 103 104 216 217 218 46 47 48 49 50 51 114 115 116 117 219 220 56 57 58 59 60 61 62 127 128 129 130 221 67 68 69 70 71 72 73 74 140 141 142 143 79 80 81 82 83 84 85 86 87 153 154 155 1 92 93 94 95 96 97 98 99 165 166 2 3 105 106 107 108 109 110 111 176 4 5 6 118 119 120 121 122 123 7 8 9 10 131 132 133 134 135 12 13 14 15 144 145 146 147 18 19 20 21 156 157 158 25 26 27 28 167 168 33 34 35 36 177 42 43 44 45 52 53 54 63 64 75
101 113 114 125 126 127 137 138 139 140 149 150 151 152 153 160 161 162 163 164 165 170 171 172 173 174 175 176 179 180 181 182 183 184 185 7 187 188 189 190 191 192 193 11 12 194 195 196 197 198 199 200 16 17 18 66 201 202 203 204 205 206 22 23 24 25 77 78 207 208 209 210 211 29 30 31 32 33 89 90 91 212 213 214 215 37 38 39 40 41 42 102 103 104 216 217 218 46 47 48 49 50 51 52 115 116 117 219 220 56 57 58 59 60 61 62 63 128 129 130 221 67 68 69 70 71 72 73 74 75 141 142 143 79 80 81 82 83 84 85 86 87 88 154 155 1 92 93 94 95 96 97 98 99 100 166 2 3 105 106 107 108 109 110 111 112 4 5 6 118 119 120 121 122 123 124 8 9 10 131 132 133 134 135 136 13 14 15 144 145 146 147 148 19 20 21 156 157 158 159 26 27 28 167 168 169 34 35 36 177 178 43 44 45 186 53 54 55 64 65 76
102 114 115 126 127 128 138 139 140 141 150 151 152 153 154 161 162 163 164 165 166 171 172 173 174 175 176 4 180 181 182 183 184 185 7 8 188 189 190 191 192 193 11 12 13 195 196 197 198 199 200 16 17 18 19 201 202 203 204 205 206 22 23 24 25 26 78 207 208 209 210 211 29 30 31 32 33 34 90 91 212 213 214 215 37 38 39 40 41 42 43 103 104 216 217 218 46 47 48 49 50 51 52 53 116 117 219 220 56 57 58 59 60 61 62 63 64 129 130 221 67 68 69 70 71 72 73 74 75 76 142 143 79 80 81 82 83 84 85 86 87 88 89 155 1 92 93 94 95 96 97 98 99 100 101 2 3 105 106 107 108 109 110 111 112 113 5 6 118 119 120 121 122 123 124 125 9 10 131 132 133 134 135 136 137 14 15 144 145 146 147 148 149 20 21 156 157 158 159 160 27 28 167 168 169 170 35 36 177 178 179 44 45 186 187 54 55 194 65 66 77
103 115 116 127 128 129 139 140 141 142 151 152 153 154 155 162 163 164 165 166 2 172 173 174 175 176 4 5 181 182 183 184 185 7 8 9 189 190 191 192 193 11 12 13 14 196 197 198 199 200 16 17 18 19 20 202 203 204 205 206 22 23 24 25 26 27 207 208 209 210 211 29 30 31 32 33 34 35 91 212 213 214 215 37 38 39 40 41 42 43 44 104 216 217 218 46 47 48 49 50 51 52 53 54 117 219 220 56 57 58 59 60 61 62 63 64 65 130 221 67 68 69 70 71 72 73 74 75 76 77 143 79 80 81 82 83 84 85 86 87 88 89 90 1 92 93 94 95 96 97 98 99 100 101 102 3 105 106 107 108 109 110 111 112 113 114 6 118 119 120 121 122 123 124 125 126 10 131 132 133 134 135 136 137 138 15 144 145 146 147 148 149 150 21 156 157 158 159 160 161 28 167 168 169 170 171 36 177 178 179 180 45 186 187 188 55 194 195 66 201 78
104 116 117 128 129 130 140 141 142 143 152 153 154 155 1 163 164 165 166 2 3 173 174 175 176 4 5 6 182 183 184 185 7 8 9 10 190 191 192 193 11 12 13 14 15 197 198 199 200 16 17 18 19 20 21 203 204 205 206 22 23 24 25 26 27 28 208 209 210 211 29 30 31 32 33 34 35 36 212 213 214 215 37 38 39 40 41 42 43 44 45 216 217 218 46 47 48 49 50 51 52 53 54 55 219 220 56 57 58 59 60 61 62 63 64 65 66 221 67 68 69 70 71 72 73 74 75 76 77 78 79 80 81 82 83 84 85 86 87 88 89 90 91 92 93 94 95 96 97 98 99 100 101 102 103 105 106 107 108 109 110 111 112 113 114 115 118 119 120 121 122 123 124 125 126 127 131 132 133 134 135 136 137 138 139 144 145 146 147 148 149 150 151 156 157 158 159 160 161 162 167 168 169 170 171 172 177 178 179 180 181 186 187 188 189 194 195 196 201 202 207
105 6 118 9 10 131 13 14 15 144 18 19 20 21 156 24 25 26 27 28 167 31 32 33 34 35 36 177 39 40 41 42 43 44 45 186 48 49 50 51 52 53 54 55 194 58 59 60 61 62 63 64 65 66 201 69 70 71 72 73 74 75 76 77 78 207 81 82 83 84 85 86 87 88 89 90 91 212 93 94 95 96 97 98 99 100 101 102 103 104 216 106 107 108 109 110 111 112 113 114 115 116 117 219 119 120 121 122 123 124 125 126 127 128 129 130 221 132 133 134 135 136 137 138 139 140 141 142 143 79 145 146 147 148 149 150 151 152 153 154 155 1 92 157 158 159 160 161 162 163 164 165 166 2 3 168 169 170 171 172 173 174 175 176 4 5 178 179 180 181 182 183 184 185 7 8 187 188 189 190 191 192 193 11 12 195 196 197 198 199 200 16 17 202 203 204 205 206 22 23 208 209 210 211 29 30 213 214 215 37 38 217 218 46 47 220 56 57 67 68 80
106 118 119 10 131 132 14 15 144 145 19 20 21 156 157 25 26 27 28 167 168 32 33 34 35 36 177 178 40 41 42 43 44 45 186 187 49 50 51 52 53 54 55 194 195 59 60 61 62 63 64 65 66 201 202 70 71 72 73 74 75 76 77 78 207 208 82 83 84 85 86 87 88 89 90 91 212 213 94 95 96 97 98 99 100 101 102 103 104 216 217 107 108 109 110 111 112 113 114 115 116 117 219 220 120 121 122 123 124 125 126 127 128 129 130 221 67 133 134 135 136 137 138 139 140 141 142 143 79 80 146 147 148 149 150 151 152 153 154 155 1 92 93 158 159 160 161 162 163 164 165 166 2 3 105 169 170 171 172 173 174 175 176 4 5 6 179 180 181 182 183 184 185 7 8 9 188 189 190 191 192 193 11 12 13 196 197 198 199 200 16 17 18 203 204 205 206 22 23 24 209 210 211 29 30 31 214 215 37 38 39 218 46 47 48 56 57 58 68 69 81
107 119 120 131 132 133 15 144 145 146 20 21 156 157 158 26 27 28 167 168 169 33 34 35 36 177 178 179 41 42 43 44 45 186 187 188 50 51 52 53 54 55 194 195 196 60 61 62 63 64 65 66 201 202 203 71 72 73 74 75 76 77 78 207 208 209 83 84 85 86 87 88 89 90 91 212 213 214 95 96 97 98 99 100 101 102 103 104 216 217 218 108 109 110 111 112 113 114 115 116 117 219 220 56 121 122 123 124 125 126 127 128 129 130 221 67 68 134 135 136 137 138 139 140 141 142 143 79 80 81 147 148 149 150 151 152 153 154 155 1 92 93 94 159 160 161 162 163 164 165 166 2 3 105 106 170 171 172 173 174 175 176 4 5 6 118 180 181 182 183 184 185 7 8 9 10 189 190 191 192 193 11 12 13 14 197 198 199 200 16 17 18 19 204 205 206 22 23 24 25 210 211 29 30 31 32 215 37 38 39 40 46 47 48 49 57 58 59 69 70 82
108 120 121 132 133 134 144 145 146 147 21 156 157 158 159 27 28 167 168 169 170 34 35 36 177 178 179 180 42 43 44 45 186 187 188 189 51 52 53 54 55 194 195 196 197 61 62 63 64 65 66 201 202 203 204 72 73 74 75 76 77 78 207 208 209 210 84 85 86 87 88 89 90 91 212 213 214 215 96 97 98 99 100 101 102 103 104 216 217 218 46 109 110 111 112 113 114 115 116 117 219 220 56 57 122 123 124 125 126 127 128 129 130 221 67 68 69 135 136 137 138 139 140 141 142 143 79 80 81 82 148 149 150 151 152 153 154 155 1 92 93 94 95 160 161 162 163 164 165 166 2 3 105 106 107 171 172 173 174 175 176 4 5 6 118 119 181 182 183 184 185 7 8 9 10 131 190 191 192 193 11 12 13 14 15 198 199 200 16 17 18 19 20 205 206 22 23 24 25 26 211 29 30 31 32 33 37 38 39 40 41 47 48 49 50 58 59 60 70 71 83
109 121 122 133 134 135 145 146 147 148 156 157 158 159 160 28 167 168 169 170 171 35 36 177 178 179 180 181 43 44 45 186 187 188 189 190 52 53 54 55 194 195 196 197 198 62 63 64 65 66 201 202 203 204 205 73 74 75 76 77 78 207 208 209 210 211 85 86 87 88 89 90 91 212 213 214 215 37 97 98 99 100 101 102 103 104 216 217 218 46 47 110 111 112 113 114 115 116 117 219 220 56 57 58 123 124 125 126 127 128 129 130 221 67 68 69 70 136 137 138 139 140 141 142 143 79 80 81 82 83 149 150 151 152 153 154 155 1 92 93 94 95 96 161 162 163 164 165 166 2 3 105 106 107 108 172 173 174 175 176 4 5 6 118 119 120 182 183 184 185 7 8 9 10 131 132 191 192 193 11 12 13 14 15 144 199 200 16 17 18 19 20 21 206 22 23 24 25 26 27 29 30 31 32 33 34 38 39 40 41 42 48 49 50 51 59 60 61 71 72 84
110 122 123 134 135 136 146 147 148 149 157 158 159 160 161 167 168 169 170 171 172 36 177 178 179 180 181 182 44 45 186 187 188 189 190 191 53 54 55 194 195 196 197 198 199 63 64 65 66 201 202 203 204 205 206 74 75 76 77 78 207 208 209 210 211 29 86 87 88 89 90 91 212 213 214 215 37 38 98 99 100 101 102 103 104 216 217 218 46 47 48 111 112 113 114 115 116 117 219 220 56 57 58 59 124 125 126 127 128 129 130 221 67 68 69 70 71 137 138 139 140 141 142 143 79 80 81 82 83 84 150 151 152 153 154 155 1 92 93 94 95 96 97 162 163 164 165 166 2 3 105 106 107 108 109 173 174 175 176 4 5 6 118 119 120 121 183 184 185 7 8 9 10 131 132 133 192 193 11 12 13 14 15 144 145 200 16 17 18 19 20 21 156 22 23 24 25 26 27 28 30 31 32 33 34 35 39 40 41 42 43 49 50 51 52 60 61 62 72 73 85
111 123 124 135 136 137 147 148 149 150 158 159 160 161 162 168 169 170 171 172 173 177 178 179 180 181 182 183 45 186 187 188 189 190 191 192 54 55 194 195 196 197 198 199 200 64 65 66 201 202 203 204 205 206 22 75 76 77 78 207 208 209 210 211 29 30 87 88 89 90 91 212 213 214 215 37 38 39 99 100 101 102 103 104 216 217 218 46 47 48 49 112 113 114 115 116 117 219 220 56 57 58 59 60 125 126 127 128 129 130 221 67 68 69 70 71 72 138 139 140 141 142 143 79 80 81 82 83 84 85 151 152 153 154 155 1 92 93 94 95 96 97 98 163 164 165 166 2 3 105 106 107 108 109 110 174 175 176 4 5 6 118 119 120 121 122 184 185 7 8 9 10 131 132 133 134 193 11 12 13 14 15 144 145 146 16 17 18 19 20 21 156 157 23 24 25 26 27 28 167 31 32 33 34 35 36 40 41 42 43 44 50 51 52 53 61 62 63 73 74 86
112 124 125 136 137 138 148 149 150 151 159 160 161 162 163 169 170 171 172 173 174 178 179 180 181 182 183 184 186 187 188 189 190 191 192 193 55 194 195 196 197 198 199 200 16 65 66 201 202 203 204 205 206 22 23 76 77 78 207 208 209 210 211 29 30 31 88 89 90 91 212 213 214 215 37 38 39 40 100 101 102 103 104 216 217 218 46 47 48 49 50 113 114 115 116 117 219 220 56 57 58 59 60 61 126 127 128 129 130 221 67 68 69 70 71 72 73 139 140 141 142 143 79 80 81 82 83 84 85 86 152 153 154 155 1 92 93 94 95 96 97 98 99 164 165 166 2 3 105 106 107 108 109 110 111 175 176 4 5 6 118 119 120 121 122 123 185 7 8 9 10 131 132 133 134 135 11 12 13 14 15 144 145 146 147 17 18 19 20 21 156 157 158 24 25 26 27 28 167 168 32 33 34 35 36 177 41 42 43 44 45 51 52 53 54 62 63 64 74 75 87
113 125 126 137 138 139 149 150 151 152 160 161 162 163 164 170 171 172 173 174 175 179 180 181 182 183 184 185 187 188 189 190 191 192 193 11 194 195 196 197 198 199 200 16 17 66 201 202 203 204 205 206 22 23 24 77 78 207 208 209 210 211 29 30 31 32 89 90 91 212 213 214 215 37 38 39 40 41 101 102 103 104 216 217 218 46 47 48 49 50 51 114 115 116 117 219 220 56 57 58 59 60 61 62 127 128 129 130 221 67 68 69 70 71 72 73 74 140 141 142 143 79 80 81 82 83 84 85 86 87 153 154 155 1 92 93 94 95 96 97 98 99 100 165 166 2 3 105 106 107 108 109 110 111 112 176 4 5 6 118 119 120 121 122 123 124 7 8 9 10 131 132 133 134 135 136 12 13 14 15 144 145 146 147 148 18 19 20 21 156 157 158 159 25 26 27 28 167 168 169 33 34 35 36 177 178 42 43 44 45 186 52 53 54 55 63 64 65 75 76 88
114 126 127 138 139 140 150 151 152 153 161 162 163 164 165 171 172 173 174 175 176 180 181 182 183 184 185 7 188 189 190 191 192 193 11 12 195 196 197 198 199 200 16 17 18 201 202 203 204 205 206 22 23 24 25 78 207 208 209 210 211 29 30 31 32 33 90 91 212 213 214 215 37 38 39 40 41 42 102 103 104 216 217 218 46 47 48 49 50 51 52 115 116 117 219 220 56 57 58 59 60 61 62 63 128 129 130 221 67 68 69 70 71 72 73 74 75 141 142 143 79 80 81 82 83 84 85 86 87 88 154 155 1 92 93 94 95 96 97 98 99 100 101 166 2 3 105 106 107 108 109 110 111 112 113 4 5 6 118 119 120 121 122 123 124 125 8 9 10 131 132 133 134 135 136 137 13 14 15 144 145 146 147 148 149 19 20 21 156 157 158 159 160 26 27 28 167 168 169 170 34 35 36 177 178 179 43 44 45 186 187 53 54 55 194 64 65 66 76 77 89
115 127 128 139 140 141 151 152 153 154 162 163 164 165 166 172 173 174 175 176 4 181 182 183 184 185 7 8 189 190 191 192 193 11 12 13 196 197 198 199 200 16 17 18 19 202 203 204 205 206 22 23 24 25 26 207 208 209 210 211 29 30 31 32 33 34 91 212 213 214 215 37 38 39 40 41 42 43 103 104 216 217 218 46 47 48 49 50 51 52 53 116 117 219 220 56 57 58 59 60 61 62 63 64 129 130 221 67 68 69 70 71 72 73 74 75 76 142 143 79 80 81 82 83 84 85 86 87 88 89 155 1 92 93 94 95 96 97 98 99 100 101 102 2 3 105 106 107 108 109 110 111 112 113 114 5 6 118 119 120 121 122 123 124 125 126 9 10 131 132 133 134 135 136 137 138 14 15 144 145 146 147 148 149 150 20 21 156 157 158 159 160 161 27 28 167 168 169 170 171 35 36 177 178 179 180 44 45 186 187 188 54 55 194 195 65 66 201 77 78 90
116 128 129 140 141 142 152 153 154 155 163 164 165 166 2 173 174 175 176 4 5 182 183 184 185 7 8 9 190 191 192 193 11 12 13 14 197 198 199 200 16 17 18 19 20 203 204 205 206 22 23 24 25 26 27 208 209 210 211 29 30 31 32 33 34 35 212 213 214 215 37 38 39 40 41 42 43 44 104 216 217 218 46 47 48 49 50 51 52 53 54 117 219 220 56 57 58 59 60 61 62 63 64 65 130 221 67 68 69 70 71 72 73 74 75 76 77 143 79 80 81 82 83 84 85 86 87 88 89 90 1 92 93 94 95 96 97 98 99 100 101 102 103 3 105 106 107 108 109 110 111 112 113 114 115 6 118 119 120 121 122 123 124 125 126 127 10 131 132 133 134 135 136 137 138 139 15 144 145 146 147 148 149 150 151 21 156 157 158 159 160 161 162 28 167 168 169 170 171 172 36 177 178 179 180 181 45 186 187 188 189 55 194 195 196 66 201 202 78 207 91
117 129 130 141 142 143 153 154 155 1 164 165 166 2 3 174 175 176 4 5 6 183 184 185 7 8 9 10 191 192 193 11 12 13 14 15 198 199 200 16 17 18 19 20 21 204 205 206 22 23 24 25 26 27 28 209 210 211 29 30 31 32 33 34 35 36 213 214 215 37 38 39 40 41 42 43 44 45 216 217 218 46 47 48 49 50 51 52 53 54 55 219 220 56 57 58 59 60 61 62 63 64 65 66 221 67 68 69 70 71 72 73 74 75 76 77 78 79 80 81 82 83 84 85 86 87 88 89 90 91 92 93 94 95 96 97 98 99 100 101 102 103 104 105 106 107 108 109 110 111 112 113 114 115 116 118 119 120 121 122 123 124 125 126 127 128 131 132 133 134 135 136 137 138 139 140 144 145 146 147 148 149 150 151 152 156 157 158 159 160 161 162 163 167 168 169 170 171 172 173 177 178 179 180 181 182 186 187 188 189 190 194 195 196 197 201 202 203 207 208 212
118 10 131 14 15 144 19 20 21 156 25 26 27 28 167 32 33 34 35 36 177 40 41 42 43 44 45 186 49 50 51 52 53 54 55 194 59 60 61 62 63 64 65 66 201 70 71 72 73 74 75 76 77 78 207 82 83 84 85 86 87 88 89 90 91 212 94 95 96 97 98 99 100 101 102 103 104 216 106 107 108 109 110 111 112 113 114 115 116 117 219 119 120 121 122 123 124 125 126 127 128 129 130 221 132 133 134 135 136 137 138 139 140 141 142 143 79 145 146 147 148 149 150 151 152 153 154 155 1 92 157 158 159 160 161 162 163 164 165 166 2 3 105 168 169 170 171 172 173 174 175 176 4 5 6 178 179 180 181 182 183 184 185 7 8 9 187 188 189 190 191 192 193 11 12 13 195 196 197 198 199 200 16 17 18 202 203 204 205 206 22 23 24 208 209 210 211 29 30 31 213 214 215 37 38 39 217 218 46 47 48 220 56 57 58 67 68 69 80 81 93
119 131 132 15 144 145 20 21 156 157 26 27 28 167 168 33 34 35 36 177 178 41 42 43 44 45 186 187 50 51 52 53 54 55 194 195 60 61 62 63 64 65 66 201 202 71 72 73 74 75 76 77 78 207 208 83 84 85 86 87 88 89 90 91 212 213 95 96 97 98 99 100 101 102 103 104 216 217 107 108 109 110 111 112 113 114 115 116 117 219 220 120 121 122 123 124 125 126 127 128 129 130 221 67 133 134 135 136 137 138 139 140 141 142 143 79 80 146 147 148 149 150 151 152 153 154 155 1 92 93 158 159 160 161 162 163 164 165 166 2 3 105 106 169 170 171 172 173 174 175 176 4 5 6 118 179 180 181 182 183 184 185 7 8 9 10 188 189 190 191 192 193 11 12 13 14 196 197 198 199 200 16 17 18 19 203 204 205 206 22 23 24 25 209 210 211 29 30 31 32 214 215 37 38 39 40 218 46 47 48 49 56 57 58 59 68 69 70 81 82 94
120 132 133 144 145 146 21 156 157 158 27 28 167 168 169 34 35 36 177 178 179 42 43 44 45 186 187 188 51 52 53 54 55 194 195 196 61 62 63 64 65 66 201 202 203 72 73 74 75 76 77 78 207 208 209 84 85 86 87 88 89 90 91 212 213 214 96 97 98 99 100 101 102 103 104 216 217 218 108 109 110 111 112 113 114 115 116 117 219 220 56 121 122 123 124 125 126 127 128 129 130 221 67 68 134 135 136 137 138 139 140 141 142 143 79 80 81 147 148 149 150 151 152 153 154 155 1 92 93 94 159 160 161 162 163 164 165 166 2 3 105 106 107 170 171 172 173 174 175 176 4 5 6 118 119 180 181 182 183 184 185 7 8 9 10 131 189 190 191 192 193 11 12 13 14 15 197 198 199 200 16 17 18 19 20 204 205 206 22 23 24 25 26 210 211 29 30 31 32 33 215 37 38 39 40 41 46 47 48 49 50 57 58 59 60 69 70 71 82 83 95
121 133 134 145 146 147 156 157 158 159 28 167 168 169 170 35 36 177 178 179 180 43 44 45 186 187 188 189 52 53 54 55 194 195 196 197 62 63 64 65 66 201 202 203 204 73 74 75 76 77 78 207 208 209 210 85 86 87 88 89 90 91 212 213 214 215 97 98 99 100 101 102 103 104 216 217 218 46 109 110 111 112 113 114 115 116 117 219 220 56 57 122 123 124 125 126 127 128 129 130 221 67 68 69 135 136 137 138 139 140 141 142 143 79 80 81 82 148 149 150 151 152 153 154 155 1 92 93 94 95 160 161 162 163 164 165 166 2 3 105 106 107 108 171 172 173 174 175 176 4 5 6 118 119 120 181 182 183 184 185 7 8 9 10 131 132 190 191 192 193 11 12 13 14 15 144 198 199 200 16 17 18 19 20 21 205 206 22 23 24 25 26 27 211 29 30 31 32 33 34 37 38 39 40 41 42 47 48 49 50 51 58 59 60 61 70 71 72 83 84 96
122 134 135 146 147 148 157 158 159 160 167 168 169 170 171 36 177 178 179 180 181 44 45 186 187 188 189 190 53 54 55 194 195 196 197 198 63 64 65 66 201 202 203 204 205 74 75 76 77 78 207 208 209 210 211 86 87 88 89 90 91 212 213 214 215 37 98 99 100 101 102 103 104 216 217 218 46 47 110 111 112 113 114 115 116 117 219 220 56 57 58 123 124 125 126 127 128 129 130 221 67 68 69 70 136 137 138 139 140 141 142 143 79 80 81 82 83 149 150 151 152 153 154 155 1 92 93 94 95 96 161 162 163 164 165 166 2 3 105 106 107 108 109 172 173 174 175 176 4 5 6 118 119 120 121 182 183 184 185 7 8 9 10 131 132 133 191 192 193 11 12 13 14 15 144 145 199 200 16 17 18 19 20 21 156 206 22 23 24 25 26 27 28 29 30 31 32 33 34 35 38 39 40 41 42 43 48 49 50 51 52 59 60 61 62 71 72 73 84 85 97
123 135 136 147 148 149 158 159 160 161 168 169 170 171 172 177 178 179 180 181 182 45 186 187 188 189 190 191 54 55 194 195 196 197 198 199 64 65 66 201 202 203 204 205 206 75 76 77 78 207 208 209 210 211 29 87 88 89 90 91 212 213 214 215 37 38 99 100 101 102 103 104 216 217 218 46 47 48 111 112 113 114 115 116 117 219 220 56 57 58 59 124 125 126 127 128 129 130 221 67 68 69 70 71 137 138 139 140 141 142 143 79 80 81 82 83 84 150 151 152 153 154 155 1 92 93 94 95 96 97 162 163 164 165 166 2 3 105 106 107 108 109 110 173 174 175 176 4 5 6 118 119 120 121 122 183 184 185 7 8 9 10 131 132 133 134 192 193 11 12 13 14 15 144 145 146 200 16 17 18 19 20 21 156 157 22 23 24 25 26 27 28 167 30 31 32 33 34 35 36 39 40 41 42 43 44 49 50 51 52 53 60 61 62 63 72 73 74 85 86 98
124 136 137 148 149 150 159 160 161 162 169 170 171 172 173 178 179 180 181 182 183 186 187 188 189 190 191 192 55 194 195 196 197 198 199 200 65 66 201 202 203 204 205 206 22 76 77 78 207 208 209 210 211 29 30 88 89 90 91 212 213 214 215 37 38 39 100 101 102 103 104 216 217 218 46 47 48 49 112 113 114 115 116 117 219 220 56 57 58 59 60 125 126 127 128 129 130 221 67 68 69 70 71 72 138 139 140 141 142 143 79 80 81 82 83 84 85 151 152 153 154 155 1 92 93 94 95 96 97 98 163 164 165 166 2 3 105 106 107 108 109 110 111 174 175 176 4 5 6 118 119 120 121 122 123 184 185 7 8 9 10 131 132 133 134 135 193 11 12 13 14 15 144 145 146 147 16 17 18 19 20 21 156 157 158 23 24 25 26 27 28 167 168 31 32 33 34 35 36 177 40 41 42 43 44 45 50 51 52 53 54 61 62 63 64 73 74 75 86 87 99
125 137 138 149 150 151 160 161 162 163 170 171 172 173 174 179 180 181 182 183 184 187 188 189 190 191 192 193 194 195 196 197 198 199 200 16 66 201 202 203 204 205 206 22 23 77 78 207 208 209 210 211 29 30 31 89 90 91 212 213 214 215 37 38 39 40 101 102 103 104 216 217 218 46 47 48 49 50 113 114 115 116 117 219 220 56 57 58 59 60 61 126 127 128 129 130 221 67 68 69 70 71 72 73 139 140 141 142 143 79 80 81 82 83 84 85 86 152 153 154 155 1 92 93 94 95 96 97 98 99 164 165 166 2 3 105 106 107 108 109 110 111 112 175 176 4 5 6 118 119 120 121 122 123 124 185 7 8 9 10 131 132 133 134 135 136 11 12 13 14 15 144 145 146 147 148 17 18 19 20 21 156 157 158 159 24 25 26 27 28 167 168 169 32 33 34 35 36 177 178 41 42 43 44 45 186 51 52 53 54 55 62 63 64 65 74 75 76 87 88 100
126 138 139 150 151 152 161 162 163 164 171 172 173 174 175 180 181 182 183 184 185 188 189 190 191 192 193 11 195 196 197 198 199 200 16 17 201 202 203 204 205 206 22 23 24 78 207 208 209 210 211 29 30 31 32 90 91 212 213 214 215 37 38 39 40 41 102 103 104 216 217 218 46 47 48 49 50 51 114 115 116 117 219 220 56 57 58 59 60 61 62 127 128 129 130 221 67 68 69 70 71 72 73 74 140 141 142 143 79 80 81 82 83 84 85 86 87 153 154 155 1 92 93 94 95 96 97 98 99 100 165 166 2 3 105 106 107 108 109 110 111 112 113 176 4 5 6 118 119 120 121 122 123 124 125 7 8 9 10 131 132 133 134 135 136 137 12 13 14 15 144 145 146 147 148 149 18 19 20 21 156 157 158 159 160 25 26 27 28 167 168 169 170 33 34 35 36 177 178 179 42 43 44 45 186 187 52 53 54 55 194 63 64 65 66 75 76 77 88 89 101
127 139 140 151 152 153 162 163 164 165 172 173 174 175 176 181 182 183 184 185 7 189 190 191 192 193 11 12 196 197 198 199 200 16 17 18 202 203 204 205 206 22 23 24 25 207 208 209 210 211 29 30 31 32 33 91 212 213 214 215 37 38 39 40 41 42 103 104 216 217 218 46 47 48 49 50 51 52 115 116 117 219 220 56 57 58 59 60 61 62 63 128 129 130 221 67 68 69 70 71 72 73 74 75 141 142 143 79 80 81 82 83 84 85 86 87 88 154 155 1 92 93 94 95 96 97 98 99 100 101 166 2 3 105 106 107 108 109 110 111 112 113 114 4 5 6 118 119 120 121 122 123 124 125 126 8 9 10 131 132 133 134 135 136 137 138 13 14 15 144 145 146 147 148 149 150 19 20 21 156 157 158 159 160 161 26 27 28 167 168 169 170 171 34 35 36 177 178 179 180 43 44 45 186 187 188 53 54 55 194 195 64 65 66 201 76 77 78 89 90 102
128 140 141 152 153 154 163 164 165 166 173 174 175 176 4 182 183 184 185 7 8 190 191 192 193 11 12 13 197 198 199 200 16 17 18 19 203 204 205 206 22 23 24 25 26 208 209 210 211 29 30 31 32 33 34 212 213 214 215 37 38 39 40 41 42 43 104 216 217 218 46 47 48 49 50 51 52 53 116 117 219 220 56 57 58 59 60 61 62 63 64 129 130 221 67 68 69 70 71 72 73 74 75 76 142 143 79 80 81 82 83 84 85 86 87 88 89 155 1 92 93 94 95 96 97 98 99 100 101 102 2 3 105 106 107 108 109 110 111 112 113 114 115 5 6 118 119 120 121 122 123 124 125 126 127 9 10 131 132 133 134 135 136 137 138 139 14 15 144 145 146 147 148 149 150 151 20 21 156 157 158 159 160 161 162 27 28 167 168 169 170 171 172 35 36 177 178 179 180 181 44 45 186 187 188 189 54 55 194 195 196 65 66 201 202 77 78 207 90 91 103
129 141 142 153 154 155 164 165 166 2 174 175 176 4 5 183 184 185 7 8 9 191 192 193 11 12 13 14 198 199 200 16 17 18 19 20 204 205 206 22 23 24 25 26 27 209 210 211 29 30 31 32 33 34 35 213 214 215 37 38 39 40 41 42 43 44 216 217 218 46 47 48 49 50 51 52 53 54 117 219 220 56 57 58 59 60 61 62 63 64 65 130 221 67 68 69 70 71 72 73 74 75 76 77 143 79 80 81 82 83 84 85 86 87 88 89 90 1 92 93 94 95 96 97 98 99 100 101 102 103 3 105 106 107 108 109 110 111 112 113 114 115 116 6 118 119 120 121 122 123 124 125 126 127 128 10 131 132 133 134 135 136 137 138 139 140 15 144 145 146 147 148 149 150 151 152 21 156 157 158 159 160 161 162 163 28 167 168 169 170 171 172 173 36 177 178 179 180 181 182 45 186 187 188 189 190 55 194 195 196 197 66 201 202 203 78 207 208 91 212 104
130 142 143 154 155 1 165 166 2 3 175 176 4 5 6 184 185 7 8 9 10 192 193 11 12 13 14 15 199 200 16 17 18 19 20 21 205 206 22 23 24 25 26 27 28 210 211 29 30 31 32 33 34 35 36 214 215 37 38 39 40 41 42 43 44 45 217 218 46 47 48 49 50 51 52 53 54 55 219 220 56 57 58 59 60 61 62 63 64 65 66 221 67 68 69 70 71 72 73 74 75 76 77 78 79 80 81 82 83 84 85 86 87 88 89 90 91 92 93 94 95 96 97 98 99 100 101 102 103 104 105 106 107 108 109 110 111 112 113 114 115 116 117 118 119 120 121 122 123 124 125 126 127 128 129 131 132 133 134 135 136 137 138 139 140 141 144 145 146 147 148 149 150 151 152 153 156 157 158 159 160 161 162 163 164 167 168 169 170 171 172 173 174 177 178 179 180 181 182 183 186 187 188 189 190 191 194 195 196 197 198 201 202 203 204 207 208 209 212 213 216
131 15 144 20 21 156 26 27 28 167 33 34 35 36 177 41 42 43 44 45 186 50 51 52 53 54 55 194 60 61 62 63 64 65 66 201 71 72 73 74 75 76 77 78 207 83 84 85 86 87 88 89 90 91 212 95 96 97 98 99 100 101 102 103 104 216 107 108 109 110 111 112 113 114 115 116 117 219 119 120 121 122 123 124 125 126 127 128 129 130 221 132 133 134 135 136 137 138 139 140 141 142 143 79 145 146 147 148 149 150 151 152 153 154 155 1 92 157 158 159 160 161 162 163 164 165 166 2 3 105 168 169 170 171 172 173 174 175 176 4 5 6 118 178 179 180 181 182 183 184 185 7 8 9 10 187 188 189 190 191 192 193 11 12 13 14 195 196 197 198 199 200 16 17 18 19 202 203 204 205 206 22 23 24 25 208 209 210 211 29 30 31 32 213 214 215 37 38 39 40 217 218 46 47 48 49 220 56 57 58 59 67 68 69 70 80 81 82 93 94 106
132 144 145 21 156 157 27 28 167 168 34 35 36 177 178 42 43 44 45 186 187 51 52 53 54 55 194 195 61 62 63 64 65 66 201 202 72 73 74 75 76 77 78 207 208 84 85 86 87 88 89 90 91 212 213 96 97 98 99 100 101 102 103 104 216 217 108 109 110 111 112 113 114 115 116 117 219 220 120 121 122 123 124 125 126 127 128 129 130 221 67 133 134 135 136 137 138 139 140 141 142 143 79 80 146 147 148 149 150 151 152 153 154 155 1 92 93 158 159 160 161 162 163 164 165 166 2 3 105 106 169 170 171 172 173 174 175 176 4 5 6 118 119 179 180 181 182 183 184 185 7 8 9 10 131 188 189 190 191 192 193 11 12 13 14 15 196 197 198 199 200 16 17 18 19 20 203 204 205 206 22 23 24 25 26 209 210 211 29 30 31 32 33 214 215 37 38 39 40 41 218 46 47 48 49 50 56 57 58 59 60 68 69 70 71 81 82 83 94 95 107
133 145 146 156 157 158 28 167 168 169 35 36 177 178 179 43 44 45 186 187 188 52 53 54 55 194 195 196 62 63 64 65 66 201 202 203 73 74 75 76 77 78 207 208 209 85 86 87 88 89 90 91 212 213 214 97 98 99 100 101 102 103 104 216 217 218 109 110 111 112 113 114 115 116 117 219 220 56 121 122 123 124 125 126 127 128 129 130 221 67 68 134 135 136 137 138 139 140 141 142 143 79 80 81 147 148 149 150 151 152 153 154 155 1 92 93 94 159 160 161 162 163 164 165 166 2 3 105 106 107 170 171 172 173 174 175 176 4 5 6 118 119 120 180 181 182 183 184 185 7 8 9 10 131 132 189 190 191 192 193 11 12 13 14 15 144 197 198 199 200 16 17 18 19 20 21 204 205 206 22 23 24 25 26 27 210 211 29 30 31 32 33 34 215 37 38 39 40 41 42 46 47 48 49 50 51 57 58 59 60 61 69 70 71 72 82 83 84 95 96 108
134 146 147 157 158 159 167 168 169 170 36 177 178 179 180 44 45 186 187 188 189 53 54 55 194 195 196 197 63 64 65 66 201 202 203 204 74 75 76 77 78 207 208 209 210 86 87 88 89 90 91 212 213 214 215 98 99 100 101 102 103 104 216 217 218 46 110 111 112 113 114 115 116 117 219 220 56 57 122 123 124 125 126 127 128 129 130 221 67 68 69 135 136 137 138 139 140 141 142 143 79 80 81 82 148 149 150 151 152 153 154 155 1 92 93 94 95 160 161 162 163 164 165 166 2 3 105 106 107 108 171 172 173 174 175 176 4 5 6 118 119 120 121 181 182 183 184 185 7 8 9 10 131 132 133 190 191 192 193 11 12 13 14 15 144 145 198 199 200 16 17 18 19 20 21 156 205 206 22 23 24 25 26 27 28 211 29 30 31 32 33 34 35 37 38 39 40 41 42 43 47 48 49 50 51 52 58 59 60 61 62 70 71 72 73 83 84 85 96 97 109
135 147 148 158 159 160 168 169 170 171 177 178 179 180 181 45 186 187 188 189 190 54 55 194 195 196 197 198 64 65 66 201 202 203 204 205 75 76 77 78 207 208 209 210 211 87 88 89 90 91 212 213 214 215 37 99 100 101 102 103 104 216 217 218 46 47 111 112 113 114 115 116 117 219 220 56 57 58 123 124 125 126 127 128 129 130 221 67 68 69 70 136 137 138 139 140 141 142 143 79 80 81 82 83 149 150 151 152 153 154 155 1 92 93 94 95 96 161 162 163 164 165 166 2 3 105 106 107 108 109 172 173 174 175 176 4 5 6 118 119 120 121 122 182 183 184 185 7 8 9 10 131 132 133 134 191 192 193 11 12 13 14 15 144 145 146 199 200 16 17 18 19 20 21 156 157 206 22 23 24 25 26 27 28 167 29 30 31 32 33 34 35 36 38 39 40 41 42 43 44 48 49 50 51 52 53 59 60 61 62 63 71 72 73 74 84 85 86 97 98 110
136 148 149 159 160 161 169 170 171 172 178 179 180 181 182 186 187 188 189 190 191 55 194 195 196 197 198 199 65 66 201 202 203 204 205 206 76 77 78 207 208 209 210 211 29 88 89 90 91 212 213 214 215 37 38 100 101 102 103 104 216 217 218 46 47 48 112 113 114 115 116 117 219 220 56 57 58 59 124 125 126 127 128 129 130 221 67 68 69 70 71 137 138 139 140 141 142 143 79 80 81 82 83 84 150 151 152 153 154 155 1 92 93 94 95 96 97 162 163 164 165 166 2 3 105 106 107 108 109 110 173 174 175 176 4 5 6 118 119 120 121 122 123 183 184 185 7 8 9 10 131 132 133 134 135 192 193 11 12 13 14 15 144 145 146 147 200 16 17 18 19 20 21 156 157 158 22 23 24 25 26 27 28 167 168 30 31 32 33 34 35 36 177 39 40 41 42 43 44 45 49 50 51 52 53 54 60 61 62 63 64 72 73 74 75 85 86 87 98 99 111
137 149 150 160 161 162 170 171 172 173 179 180 181 182 183 187 188 189 190 191 192 194 195 196 197 198 199 200 66 201 202 203 204 205 206 22 77 78 207 208 209 210 211 29 30 89 90 91 212 213 214 215 37 38 39 101 102 103 104 216 217 218 46 47 48 49 113 114 115 116 117 219 220 56 57 58 59 60 125 126 127 128 129 130 221 67 68 69 70 71 72 138 139 140 141 142 143 79 80 81 82 83 84 85 151 152 153 154 155 1 92 93 94 95 96 97 98 163 164 165 166 2 3 105 106 107 108 109 110 111 174 175 176 4 5 6 118 119 120 121 122 123 124 184 185 7 8 9 10 131 132 133 134 135 136 193 11 12 13 14 15 144 145 146 147 148 16 17 18 19 20 21 156 157 158 159 23 24 25 26 27 28 167 168 169 31 32 33 34 35 36 177 178 40 41 42 43 44 45 186 50 51 52 53 54 55 61 62 63 64 65 73 74 75 76 86 87 88 99 100 112
138 150 151 161 162 163 171 172 173 174 180 181 182 183 184 188 189 190 191 192 193 195 196 197 198 199 200 16 201 202 203 204 205 206 22 23 78 207 208 209 210 211 29 30 31 90 91 212 213 214 215 37 38 39 40 102 103 104 216 217 218 46 47 48 49 50 114 115 116 117 219 220 56 57 58 59 60 61 126 127 128 129 130 221 67 68 69 70 71 72 73 139 140 141 142 143 79 80 81 82 83 84 85 86 152 153 154 155 1 92 93 94 95 96 97 98 99 164 165 166 2 3 105 106 107 108 109 110 111 112 175 176 4 5 6 118 119 120 121 122 123 124 125 185 7 8 9 10 131 132 133 134 135 136 137 11 12 13 14 15 144 145 146 147 148 149 17 18 19 20 21 156 157 158 159 160 24 25 26 27 28 167 168 169 170 32 33 34 35 36 177 178 179 41 42 43 44 45 186 187 51 52 53 54 55 194 62 63 64 65 66 74 75 76 77 87 88 89 100 101 113
139 151 152 162 163 164 172 173 174 175 181 182 183 184 185 189 190 191 192 193 11 196 197 198 199 200 16 17 202 203 204 205 206 22 23 24 207 208 209 210 211 29 30 31 32 91 212 213 214 215 37 38 39 40 41 103 104 216 217 218 46 47 48 49 50 51 115 116 117 219 220 56 57 58 59 60 61 62 127 128 129 130 221 67 68 69 70 71 72 73 74 140 141 142 143 79 80 81 82 83 84 85 86 87 153 154 155 1 92 93 94 95 96 97 98 99 100 165 166 2 3 105 106 107 108 109 110 111 112 113 176 4 5 6 118 119 120 121 122 123 124 125 126 7 8 9 10 131 132 133 134 135 136 137 138 12 13 14 15 144 145 146 147 148 149 150 18 19 20 21 156 157 158 159 160 161 25 26 27 28 167 168 169 170 171 33 34 35 36 177 178 179 180 42 43 44 45 186 187 188 52 53 54 55 194 195 63 64 65 66 201 75 76 77 78 88 89 90 101 102 114
140 152 153 163 164 165 173 174 175 176 182 183 184 185 7 190 191 192 193 11 12 197 198 199 200 16 17 18 203 204 205 206 22 23 24 25 208 209 210 211 29 30 31 32 33 212 213 214 215 37 38 39 40 41 42 104 216 217 218 46 47 48 49 50 51 52 116 117 219 220 56 57 58 59 60 61 62 63 128 129 130 221 67 68 69 70 71 72 73 74 75 141 142 143 79 80 81 82 83 84 85 86 87 88 154 155 1 92 93 94 95 96 97 98 99 100 101 166 2 3 105 106 107 108 109 110 111 112 113 114 4 5 6 118 119 120 121 122 123 124 125 126 127 8 9 10 131 132 133 134 135 136 137 138 139 13 14 15 144 145 146 147 148 149 150 151 19 20 21 156 157 158 159 160 161 162 26 27 28 167 168 169 170 171 172 34 35 36 177 178 179 180 181 43 44 45 186 187 188 189 53 54 55 194 195 196 64 65 66 201 202 76 77 78 207 89 90 91 102 103 115
141 153 154 164 165 166 174 175 176 4 183 184 185 7 8 191 192 193 11 12 13 198 199 200 16 17 18 19 204 205 206 22 23 24 25 26 209 210 211 29 30 31 32 33 34 213 214 215 37 38 39 40 41 42 43 216 217 218 46 47 48 49 50 51 52 53 117 219 220 56 57 58 59 60 61 62 63 64 129 130 221 67 68 69 70 71 72 73 74 75 76 142 143 79 80 81 82 83 84 85 86 87 88 89 155 1 92 93 94 95 96 97 98 99 100 101 102 2 3 105 106 107 108 109 110 111 112 113 114 115 5 6 118 119 120 121 122 123 124 125 126 127 128 9 10 131 132 133 134 135 136 137 138 139 140 14 15 144 145 146 147 148 149 150 151 152 20 21 156 157 158 159 160 161 162 163 27 28 167 168 169 170 171 172 173 35 36 177 178 179 180 181 182 44 45 186 187 188 189 190 54 55 194 195 196 197 65 66 201 202 203 77 78 207 208 90 91 212 103 104 116
142 154 155 165 166 2 175 176 4 5 184 185 7 8 9 192 193 11 12 13 14 199 200 16 17 18 19 20 205 206 22 23 24 25 26 27 210 211 29 30 31 32 33 34 35 214 215 37 38 39 40 41 42 43 44 217 218 46 47 48 49 50 51 52 53 54 219 220 56 57 58 59 60 61 62 63 64 65 130 221 67 68 69 70 71 72 73 74 75 76 77 143 79 80 81 82 83 84 85 86 87 88 89 90 1 92 93 94 95 96 97 98 99 100 101 102 103 3 105 106 107 108 109 110 111 112 113 114 115 116 6 118 119 120 121 122 123 124 125 126 127 128 129 10 131 132 133 134 135 136 137 138 139 140 141 15 144 145 146 147 148 149 150 151 152 153 21 156 157 158 159 160 161 162 163 164 28 167 168 169 170 171 172 173 174 36 177 178 179 180 181 182 183 45 186 187 188 189 190 191 55 194 195 196 197 198 66 201 202 203 204 78 207 208 209 91 212 213 104 216 117
143 155 1 166 2 3 176 4 5 6 185 7 8 9 10 193 11 12 13 14 15 200 16 17 18 19 20 21 206 22 23 24 25 26 27 28 211 29 30 31 32 33 34 35 36 215 37 38 39 40 41 42 43 44 45 218 46 47 48 49 50 51 52 53 54 55 220 56 57 58 59 60 61 62 63 64 65 66 221 67 68 69 70 71 72 73 74 75 76 77 78 79 80 81 82 83 84 85 86 87 88 89 90 91 92 93 94 95 96 97 98 99 100 101 102 103 104 105 106 107 108 109 110 111 112 113 114 115 116 117 118 119 120 121 122 123 124 125 126 127 128 129 130 131 132 133 134 135 136 137 138 139 140 141 142 144 145 146 147 148 149 150 151 152 153 154 156 157 158 159 160 161 162 163 164 165 167 168 169 170 171 172 173 174 175 177 178 179 180 181 182 183 184 186 187 188 189 190 191 192 194 195 196 197 198 199 201 202 203 204 205 207 208 209 210 212 213 214 216 217 219
144 21 156 27 28 167 34 35 36 177 42 43 44 45 186 51 52 53 54 55 194 61 62 63 64 65 66 201 72 73 74 75 76 77 78 207 84 85 86 87 88 89 90 91 212 96 97 98 99 100 101 102 103 104 216 108 109 110 111 112 113 114 115 116 117 219 120 121 122 123 124 125 126 127 128 129 130 221 132 133 134 135 136 137 138 139 140 141 142 143 79 145 146 147 148 149 150 151 152 153 154 155 1 92 157 158 159 160 161 162 163 164 165 166 2 3 105 168 169 170 171 172 173 174 175 176 4 5 6 118 178 179 180 181 182 183 184 185 7 8 9 10 131 187 188 189 190 191 192 193 11 12 13 14 15 195 196 197 198 199 200 16 17 18 19 20 202 203 204 205 206 22 23 24 25 26 208 209 210 211 29 30 31 32 33 213 214 215 37 38 39 40 41 217 218 46 47 48 49 50 220 56 57 58 59 60 67 68 69 70 71 80 81 82 83 93 94 95 106 107 119
145 156 157 28 167 168 35 36 177 178 43 44 45 186 187 52 53 54 55 194 195 62 63 64 65 66 201 202 73 74 75 76 77 78 207 208 85 86 87 88 89 90 91 212 213 97 98 99 100 101 102 103 104 216 217 109 110 111 112 113 114 115 116 117 219 220 121 122 123 124 125 126 127 128 129 130 221 67 133 134 135 136 137 138 139 140 141 142 143 79 80 146 147 148 149 150 151 152 153 154 155 1 92 93 158 159 160 161 162 163 164 165 166 2 3 105 106 169 170 171 172 173 174 175 176 4 5 6 118 119 179 180 181 182 183 184 185 7 8 9 10 131 132 188 189 190 191 192 193 11 12 13 14 15 144 196 197 198 199 200 16 17 18 19 20 21 203 204 205 206 22 23 24 25 26 27 209 210 211 29 30 31 32 33 34 214 215 37 38 39 40 41 42 218 46 47 48 49 50 51 56 57 58 59 60 61 68 69 70 71 72 81 82 83 84 94 95 96 107 108 120
146 157 158 167 168 169 36 177 178 179 44 45 186 187 188 53 54 55 194 195 196 63 64 65 66 201 202 203 74 75 76 77 78 207 208 209 86 87 88 89 90 91 212 213 214 98 99 100 101 102 103 104 216 217 218 110 111 112 113 114 115 116 117 219 220 56 122 123 124 125 126 127 128 129 130 221 67 68 134 135 136 137 138 139 140 141 142 143 79 80 81 147 148 149 150 151 152 153 154 155 1 92 93 94 159 160 161 162 163 164 165 166 2 3 105 106 107 170 171 172 173 174 175 176 4 5 6 118 119 120 180 181 182 183 184 185 7 8 9 10 131 132 133 189 190 191 192 193 11 12 13 14 15 144 145 197 198 199 200 16 17 18 19 20 21 156 204 205 206 22 23 24 25 26 27 28 210 211 29 30 31 32 33 34 35 215 37 38 39 40 41 42 43 46 47 48 49 50 51 52 57 58 59 60 61 62 69 70 71 72 73 82 83 84 85 95 96 97 108 109 121
147 158 159 168 169 170 177 178 179 180 45 186 187 188 189 54 55 194 195 196 197 64 65 66 201 202 203 204 75 76 77 78 207 208 209 210 87 88 89 90 91 212 213 214 215 99 100 101 102 103 104 216 217 218 46 111 112 113 114 115 116 117 219 220 56 57 123 124 125 126 127 128 129 130 221 67 68 69 135 136 137 138 139 140 141 142 143 79 80 81 82 148 149 150 151 152 153 154 155 1 92 93 94 95 160 161 162 163 164 165 166 2 3 105 106 107 108 171 172 173 174 175 176 4 5 6 118 119 120 121 181 182 183 184 185 7 8 9 10 131 132 133 134 190 191 192 193 11 12 13 14 15 144 145 146 198 199 200 16 17 18 19 20 21 156 157 205 206 22 23 24 25 26 27 28 167 211 29 30 31 32 33 34 35 36 37 38 39 40 41 42 43 44 47 48 49 50 51 52 53 58 59 60 61 62 63 70 71 72 73 74 83 84 85 86 96 97 98 109 110 122
148 159 160 169 170 171 178 179 180 181 186 187 188 189 190 55 194 195 196 197 198 65 66 201 202 203 204 205 76 77 78 207 208 209 210 211 88 89 90 91 212 213 214 215 37 100 101 102 103 104 216 217 218 46 47 112 113 114 115 116 117 219 220 56 57 58 124 125 126 127 128 129 130 221 67 68 69 70 136 137 138 139 140 141 142 143 79 80 81 82 83 149 150 151 152 153 154 155 1 92 93 94 95 96 161 162 163 164 165 166 2 3 105 106 107 108 109 172 173 174 175 176 4 5 6 118 119 120 121 122 182 183 184 185 7 8 9 10 131 132 133 134 135 191 192 193 11 12 13 14 15 144 145 146 147 199 200 16 17 18 19 20 21 156 157 158 206 22 23 24 25 26 27 28 167 168 29 30 31 32 33 34 35 36 177 38 39 40 41 42 43 44 45 48 49 50 51 52 53 54 59 60 61 62 63 64 71 72 73 74 75 84 85 86 87 97 98 99 110 111 123
149 160 161 170 171 172 179 180 181 182 187 188 189 190 191 194 195 196 197 198 199 66 201 202 203 204 205 206 77 78 207 208 209 210 211 29 89 90 91 212 213 214 215 37 38 101 102 103 104 216 217 218 46 47 48 113 114 115 116 117 219 220 56 57 58 59 125 126 127 128 129 130 221 67 68 69 70 71 137 138 139 140 141 142 143 79 80 81 82 83 84 150 151 152 153 154 155 1 92 93 94 95 96 97 162 163 164 165 166 2 3 105 106 107 108 109 110 173 174 175 176 4 5 6 118 119 120 121 122 123 183 184 185 7 8 9 10 131 132 133 134 135 136 192 193 11 12 13 14 15 144 145 146 147 148 200 16 17 18 19 20 21 156 157 158 159 22 23 24 25 26 27 28 167 168 169 30 31 32 33 34 35 36 177 178 39 40 41 42 43 44 45 186 49 50 51 52 53 54 55 60 61 62 63 64 65 72 73 74 75 76 85 86 87 88 98 99 100 111 112 124
150 161 162 171 172 173 180 181 182 183 188 189 190 191 192 195 196 197 198 199 200 201 202 203 204 205 206 22 78 207 208 209 210 211 29 30 90 91 212 213 214 215 37 38 39 102 103 104 216 217 218 46 47 48 49 114 115 116 117 219 220 56 57 58 59 60 126 127 128 129 130 221 67 68 69 70 71 72 138 139 140 141 142 143 79 80 81 82 83 84 85 151 152 153 154 155 1 92 93 94 95 96 97 98 163 164 165 166 2 3 105 106 107 108 109 110 111 174 175 176 4 5 6 118 119 120 121 122 123 124 184 185 7 8 9 10 131 132 133 134 135 136 137 193 11 12 13 14 15 144 145 146 147 148 149 16 17 18 19 20 21 156 157 158 159 160 23 24 25 26 27 28 167 168 169 170 31 32 33 34 35 36 177 178 179 40 41 42 43 44 45 186 187 50 51 52 53 54 55 194 61 62 63 64 65 66 73 74 75 76 77 86 87 88 89 99 100 101 112 113 125
151 162 163 172 173 174 181 182 183 184 189 190 191 192 193 196 197 198 199 200 16 202 203 204 205 206 22 23 207 208 209 210 211 29 30 31 91 212 213 214 215 37 38 39 40 103 104 216 217 218 46 47 48 49 50 115 116 117 219 220 56 57 58 59 60 61 127 128 129 130 221 67 68 69 70 71 72 73 139 140 141 142 143 79 80 81 82 83 84 85 86 152 153 154 155 1 92 93 94 95 96 97 98 99 164 165 166 2 3 105 106 107 108 109 110 111 112 175 176 4 5 6 118 119 120 121 122 123 124 125 185 7 8 9 10 131 132 133 134 135 136 137 138 11 12 13 14 15 144 145 146 147 148 149 150 17 18 19 20 21 156 157 158 159 160 161 24 25 26 27 28 167 168 169 170 171 32 33 34 35 36 177 178 179 180 41 42 43 44 45 186 187 188 51 52 53 54 55 194 195 62 63 64 65 66 201 74 75 76 77 78 87 88 89 90 100 101 102 113 114 126
152 163 164 173 174 175 182 183 184 185 190 191 192 193 11 197 198 199 200 16 17 203 204 205 206 22 23 24 208 209 210 211 29 30 31 32 212 213 214 215 37 38 39 40 41 104 216 217 218 46 47 48 49 50 51 116 117 219 220 56 57 58 59 60 61 62 128 129 130 221 67 68 69 70 71 72 73 74 140 141 142 143 79 80 81 82 83 84 85 86 87 153 154 155 1 92 93 94 95 96 97 98 99 100 165 166 2 3 105 106 107 108 109 110 111 112 113 176 4 5 6 118 119 120 121 122 123 124 125 126 7 8 9 10 131 132 133 134 135 136 137 138 139 12 13 14 15 144 145 146 147 148 149 150 151 18 19 20 21 156 157 158 159 160 161 162 25 26 27 28 167 168 169 170 171 172 33 34 35 36 177 178 179 180 181 42 43 44 45 186 187 188 189 52 53 54 55 194 195 196 63 64 65 66 201 202 75 76 77 78 207 88 89 90 91 101 102 103 114 115 127
153 164 165 174 175 176 183 184 185 7 191 192 193 11 12 198 199 200 16 17 18 204 205 206 22 23 24 25 209 210 211 29 30 31 32 33 213 214 215 37 38 39 40 41 42 216 217 218 46 47 48 49 50 51 52 117 219 220 56 57 58 59 60 61 62 63 129 130 221 67 68 69 70 71 72 73 74 75 141 142 143 79 80 81 82 83 84 85 86 87 88 154 155 1 92 93 94 95 96 97 98 99 100 101 166 2 3 105 106 107 108 109 110 111 112 113 114 4 5 6 118 119 120 121 122 123 124 125 126 127 8 9 10 131 132 133 134 135 136 137 138 139 140 13 14 15 144 145 146 147 148 149 150 151 152 19 20 21 156 157 158 159 160 161 162 163 26 27 28 167 168 169 170 171 172 173 34 35 36 177 178 179 180 181 182 43 44 45 186 187 188 189 190 53 54 55 194 195 196 197 64 65 66 201 202 203 76 77 78 207 208 89 90 91 212 102 103 104 115 116 128
154 165 166 175 176 4 184 185 7 8 192 193 11 12 13 199 200 16 17 18 19 205 206 22 23 24 25 26 210 211 29 30 31 32 33 34 214 215 37 38 39 40 41 42 43 217 218 46 47 48 49 50 51 52 53 219 220 56 57 58 59 60 61 62 63 64 130 221 67 68 69 70 71 72 73 74 75 76 142 143 79 80 81 82 83 84 85 86 87 88 89 155 1 92 93 94 95 96 97 98 99 100 101 102 2 3 105 106 107 108 109 110 111 112 113 114 115 5 6 118 119 120 121 122 123 124 125 126 127 128 9 10 131 132 133 134 135 136 137 138 139 140 141 14 15 144 145 146 147 148 149 150 151 152 153 20 21 156 157 158 159 160 161 162 163 164 27 28 167 168 169 170 171 172 173 174 35 36 177 178 179 180 181 182 183 44 45 186 187 188 189 190 191 54 55 194 195 196 197 198 65 66 201 202 203 204 77 78 207 208 209 90 91 212 213 103 104 216 116 117 129
155 166 2 176 4 5 185 7 8 9 193 11 12 13 14 200 16 17 18 19 20 206 22 23 24 25 26 27 211 29 30 31 32 33 34 35 215 37 38 39 40 41 42 43 44 218 46 47 48 49 50 51 52 53 54 220 56 57 58 59 60 61 62 63 64 65 221 67 68 69 70 71 72 73 74 75 76 77 143 79 80 81 82 83 84 85 86 87 88 89 90 1 92 93 94 95 96 97 98 99 100 101 102 103 3 105 106 107 108 109 110 111 112 113 114 115 116 6 118 119 120 121 122 123 124 125 126 127 128 129 10 131 132 133 134 135 136 137 138 139 140 141 142 15 144 145 146 147 148 149 150 151 152 153 154 21 156 157 158 159 160 161 162 163 164 165 28 167 168 169 170 171 172 173 174 175 36 177 178 179 180 181 182 183 184 45 186 187 188 189 190 191 192 55 194 195 196 197 198 199 66 201 202 203 204 205 78 207 208 209 210 91 212 213 214 104 216 217 117 219 130
156 28 167 35 36 177 43 44 45 186 52 53 54 55 194 62 63 64 65 66 201 73 74 75 76 77 78 207 85 86 87 88 89 90 91 212 97 98 99 100 101 102 103 104 216 109 110 111 112 113 114 115 116 117 219 121 122 123 124 125 126 127 128 129 130 221 133 134 135 136 137 138 139 140 141 142 143 79 145 146 147 148 149 150 151 152 153 154 155 1 92 157 158 159 160 161 162 163 164 165 166 2 3 105 168 169 170 171 172 173 174 175 176 4 5 6 118 178 179 180 181 182 183 184 185 7 8 9 10 131 187 188 189 190 191 192 193 11 12 13 14 15 144 195 196 197 198 199 200 16 17 18 19 20 21 202 203 204 205 206 22 23 24 25 26 27 208 209 210 211 29 30 31 32 33 34 213 214 215 37 38 39 40 41 42 217 218 46 47 48 49 50 51 220 56 57 58 59 60 61 67 68 69 70 71 72 80 81 82 83 84 93 94 95 96 106 107 108 119 120 132
157 167 168 36 177 178 44 45 186 187 53 54 55 194 195 63 64 65 66 201 202 74 75 76 77 78 207 208 86 87 88 89 90 91 212 213 98 99 100 101 102 103 104 216 217 110 111 112 113 114 115 116 117 219 220 122 123 124 125 126 127 128 129 130 221 67 134 135 136 137 138 139 140 141 142 143 79 80 146 147 148 149 150 151 152 153 154 155 1 92 93 158 159 160 161 162 163 164 165 166 2 3 105 106 169 170 171 172 173 174 175 176 4 5 6 118 119 179 180 181 182 183 184 185 7 8 9 10 131 132 188 189 190 191 192 193 11 12 13 14 15 144 145 196 197 198 199 200 16 17 18 19 20 21 156 203 204 205 206 22 23 24 25 26 27 28 209 210 211 29 30 31 32 33 34 35 214 215 37 38 39 40 41 42 43 218 46 47 48 49 50 51 52 56 57 58 59 60 61 62 68 69 70 71 72 73 81 82 83 84 85 94 95 96 97 107 108 109 120 121 133
158 168 169 177 178 179 45 186 187 188 54 55 194 195 196 64 65 66 201 202 203 75 76 77 78 207 208 209 87 88 89 90 91 212 213 214 99 100 101 102 103 104 216 217 218 111 112 113 114 115 116 117 219 220 56 123 124 125 126 127 128 129 130 221 67 68 135 136 137 138 139 140 141 142 143 79 80 81 147 148 149 150 151 152 153 154 155 1 92 93 94 159 160 161 162 163 164 165 166 2 3 105 106 107 170 171 172 173 174 175 176 4 5 6 118 119 120 180 181 182 183 184 185 7 8 9 10 131 132 133 189 190 191 192 193 11 12 13 14 15 144 145 146 197 198 199 200 16 17 18 19 20 21 156 157 204 205 206 22 23 24 25 26 27 28 167 210 211 29 30 31 32 33 34 35 36 215 37 38 39 40 41 42 43 44 46 47 48 49 50 51 52 53 57 58 59 60 61 62 63 69 70 71 72 73 74 82 83 84 85 86 95 96 97 98 108 109 110 121 122 134
159 169 170 178 179 180 186 187 188 189 55 194 195 196 197 65 66 201 202 203 204 76 77 78 207 208 209 210 88 89 90 91 212 213 214 215 100 101 102 103 104 216 217 218 46 112 113 114 115 116 117 219 220 56 57 124 125 126 127 128 129 130 221 67 68 69 136 137 138 139 140 141 142 143 79 80 81 82 148 149 150 151 152 153 154 155 1 92 93 94 95 160 161 162 163 164 165 166 2 3 105 106 107 108 171 172 173 174 175 176 4 5 6 118 119 120 121 181 182 183 184 185 7 8 9 10 131 132 133 134 190 191 192 193 11 12 13 14 15 144 145 146 147 198 199 200 16 17 18 19 20 21 156 157 158 205 206 22 23 24 25 26 27 28 167 168 211 29 30 31 32 33 34 35 36 177 37 38 39 40 41 42 43 44 45 47 48 49 50 51 52 53 54 58 59 60 61 62 63 64 70 71 72 73 74 75 83 84 85 86 87 96 97 98 99 109 110 111 122 123 135
160 170 171 179 180 181 187 188 189 190 194 195 196 197 198 66 201 202 203 204 205 77 78 207 208 209 210 211 89 90 91 212 213 214 215 37 101 102 103 104 216 217 218 46 47 113 114 115 116 117 219 220 56 57 58 125 126 127 128 129 130 221 67 68 69 70 137 138 139 140 141 142 143 79 80 81 82 83 149 150 151 152 153 154 155 1 92 93 94 95 96 161 162 163 164 165 166 2 3 105 106 107 108 109 172 173 174 175 176 4 5 6 118 119 120 121 122 182 183 184 185 7 8 9 10 131 132 133 134 135 191 192 193 11 12 13 14 15 144 145 146 147 148 199 200 16 17 18 19 20 21 156 157 158 159 206 22 23 24 25 26 27 28 167 168 169 29 30 31 32 33 34 35 36 177 178 38 39 40 41 42 43 44 45 186 48 49 50 51 52 53 54 55 59 60 61 62 63 64 65 71 72 73 74 75 76 84 85 86 87 88 97 98 99 100 110 111 112 123 124 136
161 171 172 180 181 182 188 189 190 191 195 196 197 198 199 201 202 203 204 205 206 78 207 208 209 210 211 29 90 91 212 213 214 215 37 38 102 103 104 216 217 218 46 47 48 114 115 116 117 219 220 56 57 58 59 126 127 128 129 130 221 67 68 69 70 71 138 139 140 141 142 143 79 80 81 82 83 84 150 151 152 153 154 155 1 92 93 94 95 96 97 162 163 164 165 166 2 3 105 106 107 108 109 110 173 174 175 176 4 5 6 118 119 120 121 122 123 183 184 185 7 8 9 10 131 132 133 134 135 136 192 193 11 12 13 14 15 144 145 146 147 148 149 200 16 17 18 19 20 21 156 157 158 159 160 22 23 24 25 26 27 28 167 168 169 170 30 31 32 33 34 35 36 177 178 179 39 40 41 42 43 44 45 186 187 49 50 51 52 53 54 55 194 60 61 62 63 64 65 66 72 73 74 75 76 77 85 86 87 88 89 98 99 100 101 111 112 113 124 125 137
162 172 173 181 182 183 189 190 191 192 196 197 198 199 200 202 203 204 205 206 22 207 208 209 210 211 29 30 91 212 213 214 215 37 38 39 103 104 216 217 218 46 47 48 49 115 116 117 219 220 56 57 58 59 60 127 128 129 130 221 67 68 69 70 71 72 139 140 141 142 143 79 80 81 82 83 84 85 151 152 153 154 155 1 92 93 94 95 96 97 98 163 164 165 166 2 3 105 106 107 108 109 110 111 174 175 176 4 5 6 118 119 120 121 122 123 124 184 185 7 8 9 10 131 132 133 134 135 136 137 193 11 12 13 14 15 144 145 146 147 148 149 150 16 17 18 19 20 21 156 157 158 159 160 161 23 24 25 26 27 28 167 168 169 170 171 31 32 33 34 35 36 177 178 179 180 40 41 42 43 44 45 186 187 188 50 51 52 53 54 55 194 195 61 62 63 64 65 66 201 73 74 75 76 77 78 86 87 88 89 90 99 100 101 102 112 113 114 125 126 138
163 173 174 182 183 184 190 191 192 193 197 198 199 200 16 203 204 205 206 22 23 208 209 210 211 29 30 31 212 213 214 215 37 38 39 40 104 216 217 218 46 47 48 49 50 116 117 219 220 56 57 58 59 60 61 128 129 130 221 67 68 69 70 71 72 73 140 141 142 143 79 80 81 82 83 84 85 86 152 153 154 155 1 92 93 94 95 96 97 98 99 164 165 166 2 3 105 106 107 108 109 110 111 112 175 176 4 5 6 118 119 120 121 122 123 124 125 185 7 8 9 10 131 132 133 134 135 136 137 138 11 12 13 14 15 144 145 146 147 148 149 150 151 17 18 19 20 21 156 157 158 159 160 161 162 24 25 26 27 28 167 168 169 170 171 172 32 33 34 35 36 177 178 179 180 181 41 42 43 44 45 186 187 188 189 51 52 53 54 55 194 195 196 62 63 64 65 66 201 202 74 75 76 77 78 207 87 88 89 90 91 100 101 102 103 113 114 115 126 127 139
164 174 175 183 184 185 191 192 193 11 198 199 200 16 17 204 205 206 22 23 24 209 210 211 29 30 31 32 213 214 215 37 38 39 40 41 216 217 218 46 47 48 49 50 51 117 219 220 56 57 58 59 60 61 62 129 130 221 67 68 69 70 71 72 73 74 141 142 143 79 80 81 82 83 84 85 86 87 153 154 155 1 92 93 94 95 96 97 98 99 100 165 166 2 3 105 106 107 108 109 110 111 112 113 176 4 5 6 118 119 120 121 122 123 124 125 126 7 8 9 10 131 132 133 134 135 136 137 138 139 12 13 14 15 144 145 146 147 148 149 150 151 152 18 19 20 21 156 157 158 159 160 161 162 163 25 26 27 28 167 168 169 170 171 172 173 33 34 35 36 177 178 179 180 181 182 42 43 44 45 186 187 188 189 190 52 53 54 55 194 195 196 197 63 64 65 66 201 202 203 75 76 77 78 207 208 88 89 90 91 212 101 102 103 104 114 115 116 127 128 140
165 175 176 184 185 7 192 193 11 12 199 200 16 17 18 205 206 22 23 24 25 210 211 29 30 31 32 33 214 215 37 38 39 40 41 42 217 218 46 47 48 49 50 51 52 219 220 56 57 58 59 60 61 62 63 130 221 67 68 69 70 71 72 73 74 75 142 143 79 80 81 82 83 84 85 86 87 88 154 155 1 92 93 94 95 96 97 98 99 100 101 166 2 3 105 106 107 108 109 110 111 112 113 114 4 5 6 118 119 120 121 122 123 124 125 126 127 8 9 10 131 132 133 134 135 136 137 138 139 140 13 14 15 144 145 146 147 148 149 150 151 152 153 19 20 21 156 157 158 159 160 161 162 163 164 26 27 28 167 168 169 170 171 172 173 174 34 35 36 177 178 179 180 181 182 183 43 44 45 186 187 188 189 190 191 53 54 55 194 195 196 197 198 64 65 66 201 202 203 204 76 77 78 207 208 209 89 90 91 212 213 102 103 104 216 115 116 117 128 129 141
166 176 4 185 7 8 193 11 12 13 200 16 17 18 19 206 22 23 24 25 26 211 29 30 31 32 33 34 215 37 38 39 40 41 42 43 218 46 47 48 49 50 51 52 53 220 56 57 58 59 60 61 62 63 64 221 67 68 69 70 71 72 73 74 75 76 143 79 80 81 82 83 84 85 86 87 88 89 155 1 92 93 94 95 96 97 98 99 100 101 102 2 3 105 106 107 108 109 110 111 112 113 114 115 5 6 118 119 120 121 122 123 124 125 126 127 128 9 10 131 132 133 134 135 136 137 138 139 140 141 14 15 144 145 146 147 148 149 150 151 152 153 154 20 21 156 157 158 159 160 161 162 163 164 165 27 28 167 168 169 170 171 172 173 174 175 35 36 177 178 179 180 181 182 183 184 44 45 186 187 188 189 190 191 192 54 55 194 195 196 197 198 199 65 66 201 202 203 204 205 77 78 207 208 209 210 90 91 212 213 214 103 104 216 217 116 117 219 129 130 142
167 36 177 44 45 186 53 54 55 194 63 64 65 66 201 74 75 76 77 78 207 86 87 88 89 90 91 212 98 99 100 101 102 103 104 216 110 111 112 113 114 115 116 117 219 122 123 124 125 126 127 128 129 130 221 134 135 136 137 138 139 140 141 142 143 79 146 147 148 149 150 151 152 153 154 155 1 92 157 158 159 160 161 162 163 164 165 166 2 3 105 168 169 170 171 172 173 174 175 176 4 5 6 118 178 179 180 181 182 183 184 185 7 8 9 10 131 187 188 189 190 191 192 193 11 12 13 14 15 144 195 196 197 198 199 200 16 17 18 19 20 21 156 202 203 204 205 206 22 23 24 25 26 27 28 208 209 210 211 29 30 31 32 33 34 35 213 214 215 37 38 39 40 41 42 43 217 218 46 47 48 49 50 51 52 220 56 57 58 59 60 61 62 67 68 69 70 71 72 73 80 81 82 83 84 85 93 94 95 96 97 106 107 108 109 119 120 121 132 133 145
168 177 178 45 186 187 54 55 194 195 64 65 66 201 202 75 76 77 78 207 208 87 88 89 90 91 212 213 99 100 101 102 103 104 216 217 111 112 113 114 115 116 117 219 220 123 124 125 126 127 128 129 130 221 67 135 136 137 138 139 140 141 142 143 79 80 147 148 149 150 151 152 153 154 155 1 92 93 158 159 160 161 162 163 164 165 166 2 3 105 106 169 170 171 172 173 174 175 176 4 5 6 118 119 179 180 181 182 183 184 185 7 8 9 10 131 132 188 189 190 191 192 193 11 12 13 14 15 144 145 196 197 198 199 200 16 17 18 19 20 21 156 157 203 204 205 206 22 23 24 25 26 27 28 167 209 210 211 29 30 31 32 33 34 35 36 214 215 37 38 39 40 41 42 43 44 218 46 47 48 49 50 51 52 53 56 57 58 59 60 61 62 63 68 69 70 71 72 73 74 81 82 83 84 85 86 94 95 96 97 98 107 108 109 110 120 121 122 133 134 146
169 178 179 186 187 188 55 194 195 196 65 66 201 202 203 76 77 78 207 208 209 88 89 90 91 212 213 214 100 101 102 103 104 216 217 218 112 113 114 115 116 117 219 220 56 124 125 126 127 128 129 130 221 67 68 136 137 138 139 140 141 142 143 79 80 81 148 149 150 151 152 153 154 155 1 92 93 94 159 160 161 162 163 164 165 166 2 3 105 106 107 170 171 172 173 174 175 176 4 5 6 118 119 120 180 181 182 183 184 185 7 8 9 10 131 132 133 189 190 191 192 193 11 12 13 14 15 144 145 146 197 198 199 200 16 17 18 19 20 21 156 157 158 204 205 206 22 23 24 25 26 27 28 167 168 210 211 29 30 31 32 33 34 35 36 177 215 37 38 39 40 41 42 43 44 45 46 47 48 49 50 51 52 53 54 57 58 59 60 61 62 63 64 69 70 71 72 73 74 75 82 83 84 85 86 87 95 96 97 98 99 108 109 110 111 121 122 123 134 135 147
170 179 180 187 188 189 194 195 196 197 66 201 202 203 204 77 78 207 208 209 210 89 90 91 212 213 214 215 101 102 103 104 216 217 218 46 113 114 115 116 117 219 220 56 57 125 126 127 128 129 130 221 67 68 69 137 138 139 140 141 142 143 79 80 81 82 149 150 151 152 153 154 155 1 92 93 94 95 160 161 162 163 164 165 166 2 3 105 106 107 108 171 172 173 174 175 176 4 5 6 118 119 120 121 181 182 183 184 185 7 8 9 10 131 132 133 134 190 191 192 193 11 12 13 14 15 144 145 146 147 198 199 200 16 17 18 19 20 21 156 157 158 159 205 206 22 23 24 25 26 27 28 167 168 169 211 29 30 31 32 33 34 35 36 177 178 37 38 39 40 41 42 43 44 45 186 47 48 49 50 51 52 53 54 55 58 59 60 61 62 63 64 65 70 71 72 73 74 75 76 83 84 85 86 87 88 96 97 98 99 100 109 110 111 112 122 123 124 135 136 148
171 180 181 188 189 190 195 196 197 198 201 202 203 204 205 78 207 208 209 210 211 90 91 212 213 214 215 37 102 103 104 216 217 218 46 47 114 115 116 117 219 220 56 57 58 126 127 128 129 130 221 67 68 69 70 138 139 140 141 142 143 79 80 81 82 83 150 151 152 153 154 155 1 92 93 94 95 96 161 162 163 164 165 166 2 3 105 106 107 108 109 172 173 174 175 176 4 5 6 118 119 120 121 122 182 183 184 185 7 8 9 10 131 132 133 134 135 191 192 193 11 12 13 14 15 144 145 146 147 148 199 200 16 17 18 19 20 21 156 157 158 159 160 206 22 23 24 25 26 27 28 167 168 169 170 29 30 31 32 33 34 35 36 177 178 179 38 39 40 41 42 43 44 45 186 187 48 49 50 51 52 53 54 55 194 59 60 61 62 63 64 65 66 71 72 73 74 75 76 77 84 85 86 87 88 89 97 98 99 100 101 110 111 112 113 123 124 125 136 137 149
172 181 182 189 190 191 196 197 198 199 202 203 204 205 206 207 208 209 210 211 29 91 212 213 214 215 37 38 103 104 216 217 218 46 47 48 115 116 117 219 220 56 57 58 59 127 128 129 130 221 67 68 69 70 71 139 140 141 142 143 79 80 81 82 83 84 151 152 153 154 155 1 92 93 94 95 96 97 162 163 164 165 166 2 3 105 106 107 108 109 110 173 174 175 176 4 5 6 118 119 120 121 122 123 183 184 185 7 8 9 10 131 132 133 134 135 136 192 193 11 12 13 14 15 144 145 146 147 148 149 200 16 17 18 19 20 21 156 157 158 159 160 161 22 23 24 25 26 27 28 167 168 169 170 171 30 31 32 33 34 35 36 177 178 179 180 39 40 41 42 43 44 45 186 187 188 49 50 51 52 53 54 55 194 195 60 61 62 63 64 65 66 201 72 73 74 75 76 77 78 85 86 87 88 89 90 98 99 100 101 102 111 112 113 114 124 125 126 137 138 150
173 182 183 190 191 192 197 198 199 200 203 204 205 206 22 208 209 210 211 29 30 212 213 214 215 37 38 39 104 216 217 218 46 47 48 49 116 117 219 220 56 57 58 59 60 128 129 130 221 67 68 69 70 71 72 140 141 142 143 79 80 81 82 83 84 85 152 153 154 155 1 92 93 94 95 96 97 98 163 164 165 166 2 3 105 106 107 108 109 110 111 174 175 176 4 5 6 118 119 120 121 122 123 124 184 185 7 8 9 10 131 132 133 134 135 136 137 193 11 12 13 14 15 144 145 146 147 148 149 150 16 17 18 19 20 21 156 157 158 159 160 161 162 23 24 25 26 27 28 167 168 169 170 171 172 31 32 33 34 35 36 177 178 179 180 181 40 41 42 43 44 45 186 187 188 189 50 51 52 53 54 55 194 195 196 61 62 63 64 65 66 201 202 73 74 75 76 77 78 207 86 87 88 89 90 91 99 100 101 102 103 112 113 114 115 125 126 127 138 139 151
174 183 184 191 192 193 198 199 200 16 204 205 206 22 23 209 210 211 29 30 31 213 214 215 37 38 39 40 216 217 218 46 47 48 49 50 117 219 220 56 57 58 59 60 61 129 130 221 67 68 69 70 71 72 73 141 142 143 79 80 81 82 83 84 85 86 153 154 155 1 92 93 94 95 96 97 98 99 164 165 166 2 3 105 106 107 108 109 110 111 112 175 176 4 5 6 118 119 120 121 122 123 124 125 185 7 8 9 10 131 132 133 134 135 136 137 138 11 12 13 14 15 144 145 146 147 148 149 150 151 17 18 19 20 21 156 157 158 159 160 161 162 163 24 25 26 27 28 167 168 169 170 171 172 173 32 33 34 35 36 177 178 179 180 181 182 41 42 43 44 45 186 187 188 189 190 51 52 53 54 55 194 195 196 197 62 63 64 65 66 201 202 203 74 75 76 77 78 207 208 87 88 89 90 91 212 100 101 102 103 104 113 114 115 116 126 127 128 139 140 152
175 184 185 192 193 11 199 200 16 17 205 206 22 23 24 210 211 29 30 31 32 214 215 37 38 39 40 41 217 218 46 47 48 49 50 51 219 220 56 57 58 59 60 61 62 130 221 67 68 69 70 71 72 73 74 142 143 79 80 81 82 83 84 85 86 87 154 155 1 92 93 94 95 96 97 98 99 100 165 166 2 3 105 106 107 108 109 110 111 112 113 176 4 5 6 118 119 120 121 122 123 124 125 126 7 8 9 10 131 132 133 134 135 136 137 138 139 12 13 14 15 144 145 146 147 148 149 150 151 152 18 19 20 21 156 157 158 159 160 161 162 163 164 25 26 27 28 167 168 169 170 171 172 173 174 33 34 35 36 177 178 179 180 181 182 183 42 43 44 45 186 187 188 189 190 191 52 53 54 55 194 195 196 197 198 63 64 65 66 201 202 203 204 75 76 77 78 207 208 209 88 89 90 91 212 213 101 102 103 104 216 114 115 116 117 127 128 129 140 141 153
176 185 7 193 11 12 200 16 17 18 206 22 23 24 25 211 29 30 31 32 33 215 37 38 39 40 41 42 218 46 47 48 49 50 51 52 220 56 57 58 59 60 61 62 63 221 67 68 69 70 71 72 73 74 75 143 79 80 81 82 83 84 85 86 87 88 155 1 92 93 94 95 96 97 98 99 100 101 166 2 3 105 106 107 108 109 110 111 112 113 114 4 5 6 118 119 120 121 122 123 124 125 126 127 8 9 10 131 132 133 134 135 136 137 138 139 140 13 14 15 144 145 146 147 148 149 150 151 152 153 19 20 21 156 157 158 159 160 161 162 163 164 165 26 27 28 167 168 169 170 171 172 173 174 175 34 35 36 177 178 179 180 181 182 183 184 43 44 45 186 187 188 189 190 191 192 53 54 55 194 195 196 197 198 199 64 65 66 201 202 203 204 205 76 77 78 207 208 209 210 89 90 91 212 213 214 102 103 104 216 217 115 116 117 219 128 129 130 141 142 154
177 45 186 54 55 194 64 65 66 201 75 76 77 78 207 87 88 89 90 91 212 99 100 101 102 103 104 216 111 112 113 114 115 116 117 219 123 124 125 126 127 128 129 130 221 135 136 137 138 139 140 141 142 143 79 147 148 149 150 151 152 153 154 155 1 92 158 159 160 161 162 163 164 165 166 2 3 105 168 169 170 171 172 173 174 175 176 4 5 6 118 178 179 180 181 182 183 184 185 7 8 9 10 131 187 188 189 190 191 192 193 11 12 13 14 15 144 195 196 197 198 199 200 16 17 18 19 20 21 156 202 203 204 205 206 22 23 24 25 26 27 28 167 208 209 210 211 29 30 31 32 33 34 35 36 213 214 215 37 38 39 40 41 42 43 44 217 218 46 47 48 49 50 51 52 53 220 56 57 58 59 60 61 62 63 67 68 69 70 71 72 73 74 80 81 82 83 84 85 86 93 94 95 96 97 98 106 107 108 109 110 119 120 121 122 132 133 134 145 146 157
178 186 187 55 194 195 65 66 201 202 76 77 78 207 208 88 89 90 91 212 213 100 101 102 103 104 216 217 112 113 114 115 116 117 219 220 124 125 126 127 128 129 130 221 67 136 137 138 139 140 141 142 143 79 80 148 149 150 151 152 153 154 155 1 92 93 159 160 161 162 163 164 165 166 2 3 105 106 169 170 171 172 173 174 175 176 4 5 6 118 119 179 180 181 182 183 184 185 7 8 9 10 131 132 188 189 190 191 192 193 11 12 13 14 15 144 145 196 197 198 199 200 16 17 18 19 20 21 156 157 203 204 205 206 22 23 24 25 26 27 28 167 168 209 210 211 29 30 31 32 33 34 35 36 177 214 215 37 38 39 40 41 42 43 44 45 218 46 47 48 49 50 51 52 53 54 56 57 58 59 60 61 62 63 64 68 69 70 71 72 73 74 75 81 82 83 84 85 86 87 94 95 96 97 98 99 107 108 109 110 111 120 121 122 123 133 134 135 146 147 158
179 187 188 194 195 196 66 201 202 203 77 78 207 208 209 89 90 91 212 213 214 101 102 103 104 216 217 218 113 114 115 116 117 219 220 56 125 126 127 128 129 130 221 67 68 137 138 139 140 141 142 143 79 80 81 149 150 151 152 153 154 155 1 92 93 94 160 161 162 163 164 165 166 2 3 105 106 107 170 171 172 173 174 175 176 4 5 6 118 119 120 180 181 182 183 184 185 7 8 9 10 131 132 133 189 190 191 192 193 11 12 13 14 15 144 145 146 197 198 199 200 16 17 18 19 20 21 156 157 158 204 205 206 22 23 24 25 26 27 28 167 168 169 210 211 29 30 31 32 33 34 35 36 177 178 215 37 38 39 40 41 42 43 44 45 186 46 47 48 49 50 51 52 53 54 55 57 58 59 60 61 62 63 64 65 69 70 71 72 73 74 75 76 82 83 84 85 86 87 88 95 96 97 98 99 100 108 109 110 111 112 121 122 123 124 134 135 136 147 148 159
180 188 189 195 196 197 201 202 203 204 78 207 208 209 210 90 91 212 213 214 215 102 103 104 216 217 218 46 114 115 116 117 219 220 56 57 126 127 128 129 130 221 67 68 69 138 139 140 141 142 143 79 80 81 82 150 151 152 153 154 155 1 92 93 94 95 161 162 163 164 165 166 2 3 105 106 107 108 171 172 173 174 175 176 4 5 6 118 119 120 121 181 182 183 184 185 7 8 9 10 131 132 133 134 190 191 192 193 11 12 13 14 15 144 145 146 147 198 199 200 16 17 18 19 20 21 156 157 158 159 205 206 22 23 24 25 26 27 28 167 168 169 170 211 29 30 31 32 33 34 35 36 177 178 179 37 38 39 40 41 42 43 44 45 186 187 47 48 49 50 51 52 53 54 55 194 58 59 60 61 62 63 64 65 66 70 71 72 73 74 75 76 77 83 84 85 86 87 88 89 96 97 98 99 100 101 109 110 111 112 113 122 123 124 125 135 136 137 148 149 160
181 189 190 196 197 198 202 203 204 205 207 208 209 210 211 91 212 213 214 215 37 103 104 216 217 218 46 47 115 116 117 219 220 56 57 58 127 128 129 130 221 67 68 69 70 139 140 141 142 143 79 80 81 82 83 151 152 153 154 155 1 92 93 94 95 96 162 163 164 165 166 2 3 105 106 107 108 109 172 173 174 175 176 4 5 6 118 119 120 121 122 182 183 184 185 7 8 9 10 131 132 133 134 135 191 192 193 11 12 13 14 15 144 145 146 147 148 199 200 16 17 18 19 20 21 156 157 158 159 160 206 22 23 24 25 26 27 28 167 168 169 170 171 29 30 31 32 33 34 35 36 177 178 179 180 38 39 40 41 42 43 44 45 186 187 188 48 49 50 51 52 53 54 55 194 195 59 60 61 62 63 64 65 66 201 71 72 73 74 75 76 77 78 84 85 86 87 88 89 90 97 98 99 100 101 102 110 111 112 113 114 123 124 125 126 136 137 138 149 150 161
182 190 191 197 198 199 203 204 205 206 208 209 210 211 29 212 213 214 215 37 38 104 216 217 218 46 47 48 116 117 219 220 56 57 58 59 128 129 130 221 67 68 69 70 71 140 141 142 143 79 80 81 82 83 84 152 153 154 155 1 92 93 94 95 96 97 163 164 165 166 2 3 105 106 107 108 109 110 173 174 175 176 4 5 6 118 119 120 121 122 123 183 184 185 7 8 9 10 131 132 133 134 135 136 192 193 11 12 13 14 15 144 145 146 147 148 149 200 16 17 18 19 20 21 156 157 158 159 160 161 22 23 24 25 26 27 28 167 168 169 170 171 172 30 31 32 33 34 35 36 177 178 179 180 181 39 40 41 42 43 44 45 186 187 188 189 49 50 51 52 53 54 55 194 195 196 60 61 62 63 64 65 66 201 202 72 73 74 75 76 77 78 207 85 86 87 88 89 90 91 98 99 100 101 102 103 111 112 113 114 115 124 125 126 127 137 138 139 150 151 162
183 191 192 198 199 200 204 205 206 22 209 210 211 29 30 213 214 215 37 38 39 216 217 218 46 47 48 49 117 219 220 56 57 58 59 60 129 130 221 67 68 69 70 71 72 141 142 143 79 80 81 82 83 84 85 153 154 155 1 92 93 94 95 96 97 98 164 165 166 2 3 105 106 107 108 109 110 111 174 175 176 4 5 6 118 119 120 121 122 123 124 184 185 7 8 9 10 131 132 133 134 135 136 137 193 11 12 13 14 15 144 145 146 147 148 149 150 16 17 18 19 20 21 156 157 158 159 160 161 162 23 24 25 26 27 28 167 168 169 170 171 172 173 31 32 33 34 35 36 177 178 179 180 181 182 40 41 42 43 44 45 186 187 188 189 190 50 51 52 53 54 55 194 195 196 197 61 62 63 64 65 66 201 202 203 73 74 75 76 77 78 207 208 86 87 88 89 90 91 212 99 100 101 102 103 104 112 113 114 115 116 125 126 127 128 138 139 140 151 152 163
184 192 193 199 200 16 205 206 22 23 210 211 29 30 31 214 215 37 38 39 40 217 218 46 47 48 49 50 219 220 56 57 58 59 60 61 130 221 67 68 69 70 71 72 73 142 143 79 80 81 82 83 84 85 86 154 155 1 92 93 94 95 96 97 98 99 165 166 2 3 105 106 107 108 109 110 111 112 175 176 4 5 6 118 119 120 121 122 123 124 125 185 7 8 9 10 131 132 133 134 135 136 137 138 11 12 13 14 15 144 145 146 147 148 149 150 151 17 18 19 20 21 156 157 158 159 160 161 162 163 24 25 26 27 28 167 168 169 170 171 172 173 174 32 33 34 35 36 177 178 179 180 181 182 183 41 42 43 44 45 186 187 188 189 190 191 51 52 53 54 55 194 195 196 197 198 62 63 64 65 66 201 202 203 204 74 75 76 77 78 207 208 209 87 88 89 90 91 212 213 100 101 102 103 104 216 113 114 115 116 117 126 127 128 129 139 140 141 152 153 164
185 193 11 200 16 17 206 22 23 24 211 29 30 31 32 215 37 38 39 40 41 218 46 47 48 49 50 51 220 56 57 58 59 60 61 62 221 67 68 69 70 71 72 73 74 143 79 80 81 82 83 84 85 86 87 155 1 92 93 94 95 96 97 98 99 100 166 2 3 105 106 107 108 109 110 111 112 113 176 4 5 6 118 119 120 121 122 123 124 125 126 7 8 9 10 131 132 133 134 135 136 137 138 139 12 13 14 15 144 145 146 147 148 149 150 151 152 18 19 20 21 156 157 158 159 160 161 162 163 164 25 26 27 28 167 168 169 170 171 172 173 174 175 33 34 35 36 177 178 179 180 181 182 183 184 42 43 44 45 186 187 188 189 190 191 192 52 53 54 55 194 195 196 197 198 199 63 64 65 66 201 202 203 204 205 75 76 77 78 207 208 209 210 88 89 90 91 212 213 214 101 102 103 104 216 217 114 115 116 117 219 127 128 129 130 140 141 142 153 154 165
186 55 194 65 66 201 76 77 78 207 88 89 90 91 212 100 101 102 103 104 216 112 113 114 115 116 117 219 124 125 126 127 128 129 130 221 136 137 138 139 140 141 142 143 79 148 149 150 151 152 153 154 155 1 92 159 160 161 162 163 164 165 166 2 3 105 169 170 171 172 173 174 175 176 4 5 6 118 178 179 180 181 182 183 184 185 7 8 9 10 131 187 188 189 190 191 192 193 11 12 13 14 15 144 195 196 197 198 199 200 16 17 18 19 20 21 156 202 203 204 205 206 22 23 24 25 26 27 28 167 208 209 210 211 29 30 31 32 33 34 35 36 177 213 214 215 37 38 39 40 41 42 43 44 45 217 218 46 47 48 49 50 51 52 53 54 220 56 57 58 59 60 61 62 63 64 67 68 69 70 71 72 73 74 75 80 81 82 83 84 85 86 87 93 94 95 96 97 98 99 106 107 108 109 110 111 119 120 121 122 123 132 133 134 135 145 146 147 157 158 168
187 194 195 66 201 202 77 78 207 208 89 90 91 212 213 101 102 103 104 216 217 113 114 115 116 117 219 220 125 126 127 128 129 130 221 67 137 138 139 140 141 142 143 79 80 149 150 151 152 153 154 155 1 92 93 160 161 162 163 164 165 166 2 3 105 106 170 171 172 173 174 175 176 4 5 6 118 119 179 180 181 182 183 184 185 7 8 9 10 131 132 188 189 190 191 192 193 11 12 13 14 15 144 145 196 197 198 199 200 16 17 18 19 20 21 156 157 203 204 205 206 22 23 24 25 26 27 28 167 168 209 210 211 29 30 31 32 33 34 35 36 177 178 214 215 37 38 39 40 41 42 43 44 45 186 218 46 47 48 49 50 51 52 53 54 55 56 57 58 59 60 61 62 63 64 65 68 69 70 71 72 73 74 75 76 81 82 83 84 85 86 87 88 94 95 96 97 98 99 100 107 108 109 110 111 112 120 121 122 123 124 133 134 135 136 146 147 148 158 159 169
188 195 196 201 202 203 78 207 208 209 90 91 212 213 214 102 103 104 216 217 218 114 115 116 117 219 220 56 126 127 128 129 130 221 67 68 138 139 140 141 142 143 79 80 81 150 151 152 153 154 155 1 92 93 94 161 162 163 164 165 166 2 3 105 106 107 171 172 173 174 175 176 4 5 6 118 119 120 180 181 182 183 184 185 7 8 9 10 131 132 133 189 190 191 192 193 11 12 13 14 15 144 145 146 197 198 199 200 16 17 18 19 20 21 156 157 158 204 205 206 22 23 24 25 26 27 28 167 168 169 210 211 29 30 31 32 33 34 35 36 177 178 179 215 37 38 39 40 41 42 43 44 45 186 187 46 47 48 49 50 51 52 53 54 55 194 57 58 59 60 61 62 63 64 65 66 69 70 71 72 73 74 75 76 77 82 83 84 85 86 87 88 89 95 96 97 98 99 100 101 108 109 110 111 112 113 121 122 123 124 125 134 135 136 137 147 148 149 159 160 170
189 196 197 202 203 204 207 208 209 210 91 212 213 214 215 103 104 216 217 218 46 115 116 117 219 220 56 57 127 128 129 130 221 67 68 69 139 140 141 142 143 79 80 81 82 151 152 153 154 155 1 92 93 94 95 162 163 164 165 166 2 3 105 106 107 108 172 173 174 175 176 4 5 6 118 119 120 121 181 182 183 184 185 7 8 9 10 131 132 133 134 190 191 192 193 11 12 13 14 15 144 145 146 147 198 199 200 16 17 18 19 20 21 156 157 158 159 205 206 22 23 24 25 26 27 28 167 168 169 170 211 29 30 31 32 33 34 35 36 177 178 179 180 37 38 39 40 41 42 43 44 45 186 187 188 47 48 49 50 51 52 53 54 55 194 195 58 59 60 61 62 63 64 65 66 201 70 71 72 73 74 75 76 77 78 83 84 85 86 87 88 89 90 96 97 98 99 100 101 102 109 110 111 112 113 114 122 123 124 125 126 135 136 137 138 148 149 150 160 161 171
190 197 198 203 204 205 208 209 210 211 212 213 214 215 37 104 216 217 218 46 47 116 117 219 220 56 57 58 128 129 130 221 67 68 69 70 140 141 142 143 79 80 81 82 83 152 153 154 155 1 92 93 94 95 96 163 164 165 166 2 3 105 106 107 108 109 173 174 175 176 4 5 6 118 119 120 121 122 182 183 184 185 7 8 9 10 131 132 133 134 135 191 192 193 11 12 13 14 15 144 145 146 147 148 199 200 16 17 18 19 20 21 156 157 158 159 160 206 22 23 24 25 26 27 28 167 168 169 170 171 29 30 31 32 33 34 35 36 177 178 179 180 181 38 39 40 41 42 43 44 45 186 187 188 189 48 49 50 51 52 53 54 55 194 195 196 59 60 61 62 63 64 65 66 201 202 71 72 73 74 75 76 77 78 207 84 85 86 87 88 89 90 91 97 98 99 100 101 102 103 110 111 112 113 114 115 123 124 125 126 127 136 137 138 139 149 150 151 161 162 172
191 198 199 204 205 206 209 210 211 29 213 214 215 37 38 216 217 218 46 47 48 117 219 220 56 57 58 59 129 130 221 67 68 69 70 71 141 142 143 79 80 81 82 83 84 153 154 155 1 92 93 94 95 96 97 164 165 166 2 3 105 106 107 108 109 110 174 175 176 4 5 6 118 119 120 121 122 123 183 184 185 7 8 9 10 131 132 133 134 135 136 192 193 11 12 13 14 15 144 145 146 147 148 149 200 16 17 18 19 20 21 156 157 158 159 160 161 22 23 24 25 26 27 28 167 168 169 170 171 172 30 31 32 33 34 35 36 177 178 179 180 181 182 39 40 41 42 43 44 45 186 187 188 189 190 49 50 51 52 53 54 55 194 195 196 197 60 61 62 63 64 65 66 201 202 203 72 73 74 75 76 77 78 207 208 85 86 87 88 89 90 91 212 98 99 100 101 102 103 104 111 112 113 114 115 116 124 125 126 127 128 137 138 139 140 150 151 152 162 163 173
192 199 200 205 206 22 210 211 29 30 214 215 37 38 39 217 218 46 47 48 49 219 220 56 57 58 59 60 130 221 67 68 69 70 71 72 142 143 79 80 81 82 83 84 85 154 155 1 92 93 94 95 96 97 98 165 166 2 3 105 106 107 108 109 110 111 175 176 4 5 6 118 119 120 121 122 123 124 184 185 7 8 9 10 131 132 133 134 135 136 137 193 11 12 13 14 15 144 145 146 147 148 149 150 16 17 18 19 20 21 156 157 158 159 160 161 162 23 24 25 26 27 28 167 168 169 170 171 172 173 31 32 33 34 35 36 177 178 179 180 181 182 183 40 41 42 43 44 45 186 187 188 189 190 191 50 51 52 53 54 55 194 195 196 197 198 61 62 63 64 65 66 201 202 203 204 73 74 75 76 77 78 207 208 209 86 87 88 89 90 91 212 213 99 100 101 102 103 104 216 112 113 114 115 116 117 125 126 127 128 129 138 139 140 141 151 152 153 163 164 174
193 200 16 206 22 23 211 29 30 31 215 37 38 39 40 218 46 47 48 49 50 220 56 57 58 59 60 61 221 67 68 69 70 71 72 73 143 79 80 81 82 83 84 85 86 155 1 92 93 94 95 96 97 98 99 166 2 3 105 106 107 108 109 110 111 112 176 4 5 6 118 119 120 121 122 123 124 125 185 7 8 9 10 131 132 133 134 135 136 137 138 11 12 13 14 15 144 145 146 147 148 149 150 151 17 18 19 20 21 156 157 158 159 160 161 162 163 24 25 26 27 28 167 168 169 170 171 172 173 174 32 33 34 35 36 177 178 179 180 181 182 183 184 41 42 43 44 45 186 187 188 189 190 191 192 51 52 53 54 55 194 195 196 197 198 199 62 63 64 65 66 201 202 203 204 205 74 75 76 77 78 207 208 209 210 87 88 89 90 91 212 213 214 100 101 102 103 104 216 217 113 114 115 116 117 219 126 127 128 129 130 139 140 141 142 152 153 154 164 165 175
194 66 201 77 78 207 89 90 91 212 101 102 103 104 216 113 114 115 116 117 219 125 126 127 128 129 130 221 137 138 139 140 141 142 143 79 149 150 151 152 153 154 155 1 92 160 161 162 163 164 165 166 2 3 105 170 171 172 173 174 175 176 4 5 6 118 179 180 181 182 183 184 185 7 8 9 10 131 187 188 189 190 191 192 193 11 12 13 14 15 144 195 196 197 198 199 200 16 17 18 19 20 21 156 202 203 204 205 206 22 23 24 25 26 27 28 167 208 209 210 211 29 30 31 32 33 34 35 36 177 213 214 215 37 38 39 40 41 42 43 44 45 186 217 218 46 47 48 49 50 51 52 53 54 55 220 56 57 58 59 60 61 62 63 64 65 67 68 69 70 71 72 73 74 75 76 80 81 82 83 84 85 86 87 88 93 94 95 96 97 98 99 100 106 107 108 109 110 111 112 119 120 121 122 123 124 132 133 134 135 136 145 146 147 148 157 158 159 168 169 178
195 201 202 78 207 208 90 91 212 213 102 103 104 216 217 114 115 116 117 219 220 126 127 128 129 130 221 67 138 139 140 141 142 143 79 80 150 151 152 153 154 155 1 92 93 161 162 163 164 165 166 2 3 105 106 171 172 173 174 175 176 4 5 6 118 119 180 181 182 183 184 185 7 8 9 10 131 132 188 189 190 191 192 193 11 12 13 14 15 144 145 196 197 198 199 200 16 17 18 19 20 21 156 157 203 204 205 206 22 23 24 25 26 27 28 167 168 209 210 211 29 30 31 32 33 34 35 36 177 178 214 215 37 38 39 40 41 42 43 44 45 186 187 218 46 47 48 49 50 51 52 53 54 55 194 56 57 58 59 60 61 62 63 64 65 66 68 69 70 71 72 73 74 75 76 77 81 82 83 84 85 86 87 88 89 94 95 96 97 98 99 100 101 107 108 109 110 111 112 113 120 121 122 123 124 125 133 134 135 136 137 146 147 148 149 158 159 160 169 170 179
196 202 203 207 208 209 91 212 213 214 103 104 216 217 218 115 116 117 219 220 56 127 128 129 130 221 67 68 139 140 141 142 143 79 80 81 151 152 153 154 155 1 92 93 94 162 163 164 165 166 2 3 105 106 107 172 173 174 175 176 4 5 6 118 119 120 181 182 183 184 185 7 8 9 10 131 132 133 189 190 191 192 193 11 12 13 14 15 144 145 146 197 198 199 200 16 17 18 19 20 21 156 157 158 204 205 206 22 23 24 25 26 27 28 167 168 169 210 211 29 30 31 32 33 34 35 36 177 178 179 215 37 38 39 40 41 42 43 44 45 186 187 188 46 47 48 49 50 51 52 53 54 55 194 195 57 58 59 60 61 62 63 64 65 66 201 69 70 71 72 73 74 75 76 77 78 82 83 84 85 86 87 88 89 90 95 96 97 98 99 100 101 102 108 109 110 111 112 113 114 121 122 123 124 125 126 134 135 136 137 138 147 148 149 150 159 160 161 170 171 180
197 203 204 208 209 210 212 213 214 215 104 216 217 218 46 116 117 219 220 56 57 128 129 130 221 67 68 69 140 141 142 143 79 80 81 82 152 153 154 155 1 92 93 94 95 163 164 165 166 2 3 105 106 107 108 173 174 175 176 4 5 6 118 119 120 121 182 183 184 185 7 8 9 10 131 132 133 134 190 191 192 193 11 12 13 14 15 144 145 146 147 198 199 200 16 17 18 19 20 21 156 157 158 159 205 206 22 23 24 25 26 27 28 167 168 169 170 211 29 30 31 32 33 34 35 36 177 178 179 180 37 38 39 40 41 42 43 44 45 186 187 188 189 47 48 49 50 51 52 53 54 55 194 195 196 58 59 60 61 62 63 64 65 66 201 202 70 71 72 73 74 75 76 77 78 207 83 84 85 86 87 88 89 90 91 96 97 98 99 100 101 102 103 109 110 111 112 113 114 115 122 123 124 125 126 127 135 136 137 138 139 148 149 150 151 160 161 162 171 172 181
198 204 205 209 210 211 213 214 215 37 216 217 218 46 47 117 219 220 56 57 58 129 130 221 67 68 69 70 141 142 143 79 80 81 82 83 153 154 155 1 92 93 94 95 96 164 165 166 2 3 105 106 107 108 109 174 175 176 4 5 6 118 119 120 121 122 183 184 185 7 8 9 10 131 132 133 134 135 191 192 193 11 12 13 14 15 144 145 146 147 148 199 200 16 17 18 19 20 21 156 157 158 159 160 206 22 23 24 25 26 27 28 167 168 169 170 171 29 30 31 32 33 34 35 36 177 178 179 180 181 38 39 40 41 42 43 44 45 186 187 188 189 190 48 49 50 51 52 53 54 55 194 195 196 197 59 60 61 62 63 64 65 66 201 202 203 71 72 73 74 75 76 77 78 207 208 84 85 86 87 88 89 90 91 212 97 98 99 100 101 102 103 104 110 111 112 113 114 115 116 123 124 125 126 127 128 136 137 138 139 140 149 150 151 152 161 162 163 172 173 182
199 205 206 210 211 29 214 215 37 38 217 218 46 47 48 219 220 56 57 58 59 130 221 67 68 69 70 71 142 143 79 80 81 82 83 84 154 155 1 92 93 94 95 96 97 165 166 2 3 105 106 107 108 109 110 175 176 4 5 6 118 119 120 121 122 123 184 185 7 8 9 10 131 132 133 134 135 136 192 193 11 12 13 14 15 144 145 146 147 148 149 200 16 17 18 19 20 21 156 157 158 159 160 161 22 23 24 25 26 27 28 167 168 169 170 171 172 30 31 32 33 34 35 36 177 178 179 180 181 182 39 40 41 42 43 44 45 186 187 188 189 190 191 49 50 51 52 53 54 55 194 195 196 197 198 60 61 62 63 64 65 66 201 202 203 204 72 73 74 75 76 77 78 207 208 209 85 86 87 88 89 90 91 212 213 98 99 100 101 102 103 104 216 111 112 113 114 115 116 117 124 125 126 127 128 129 137 138 139 140 141 150 151 152 153 162 163 164 173 174 183
200 206 22 211 29 30 215 37 38 39 218 46 47 48 49 220 56 57 58 59 60 221 67 68 69 70 71 72 143 79 80 81 82 83 84 85 155 1 92 93 94 95 96 97 98 166 2 3 105 106 107 108 109 110 111 176 4 5 6 118 119 120 121 122 123 124 185 7 8 9 10 131 132 133 134 135 136 137 193 11 12 13 14 15 144 145 146 147 148 149 150 16 17 18 19 20 21 156 157 158 159 160 161 162 23 24 25 26 27 28 167 168 169 170 171 172 173 31 32 33 34 35 36 177 178 179 180 181 182 183 40 41 42 43 44 45 186 187 188 189 190 191 192 50 51 52 53 54 55 194 195 196 197 198 199 61 62 63 64 65 66 201 202 203 204 205 73 74 75 76 77 78 207 208 209 210 86 87 88 89 90 91 212 213 214 99 100 101 102 103 104 216 217 112 113 114 115 116 117 219 125 126 127 128 129 130 138 139 140 141 142 151 152 153 154 163 164 165 174 175 184
201 78 207 90 91 212 102 103 104 216 114 115 116 117 219 126 127 128 129 130 221 138 139 140 141 142 143 79 150 151 152 153 154 155 1 92 161 162 163 164 165 166 2 3 105 171 172 173 174 175 176 4 5 6 118 180 181 182 183 184 185 7 8 9 10 131 188 189 190 191 192 193 11 12 13 14 15 144 195 196 197 198 199 200 16 17 18 19 20 21 156 202 203 204 205 206 22 23 24 25 26 27 28 167 208 209 210 211 29 30 31 32 33 34 35 36 177 213 214 215 37 38 39 40 41 42 43 44 45 186 217 218 46 47 48 49 50 51 52 53 54 55 194 220 56 57 58 59 60 61 62 63 64 65 66 67 68 69 70 71 72 73 74 75 76 77 80 81 82 83 84 85 86 87 88 89 93 94 95 96 97 98 99 100 101 106 107 108 109 110 111 112 113 119 120 121 122 123 124 125 132 133 134 135 136 137 145 146 147 148 149 157 158 159 160 168 169 170 178 179 187
202 207 208 91 212 213 103 104 216 217 115 116 117 219 220 127 128 129 130 221 67 139 140 141 142 143 79 80 151 152 153 154 155 1 92 93 162 163 164 165 166 2 3 105 106 172 173 174 175 176 4 5 6 118 119 181 182 183 184 185 7 8 9 10 131 132 189 190 191 192 193 11 12 13 14 15 144 145 196 197 198 199 200 16 17 18 19 20 21 156 157 203 204 205 206 22 23 24 25 26 27 28 167 168 209 210 211 29 30 31 32 33 34 35 36 177 178 214 215 37 38 39 40 41 42 43 44 45 186 187 218 46 47 48 49 50 51 52 53 54 55 194 195 56 57 58 59 60 61 62 63 64 65 66 201 68 69 70 71 72 73 74 75 76 77 78 81 82 83 84 85 86 87 88 89 90 94 95 96 97 98 99 100 101 102 107 108 109 110 111 112 113 114 120 121 122 123 124 125 126 133 134 135 136 137 138 146 147 148 149 150 158 159 160 161 169 170 171 179 180 188
203 208 209 212 213 214 104 216 217 218 116 117 219 220 56 128 129 130 221 67 68 140 141 142 143 79 80 81 152 153 154 155 1 92 93 94 163 164 165 166 2 3 105 106 107 173 174 175 176 4 5 6 118 119 120 182 183 184 185 7 8 9 10 131 132 133 190 191 192 193 11 12 13 14 15 144 145 146 197 198 199 200 16 17 18 19 20 21 156 157 158 204 205 206 22 23 24 25 26 27 28 167 168 169 210 211 29 30 31 32 33 34 35 36 177 178 179 215 37 38 39 40 41 42 43 44 45 186 187 188 46 47 48 49 50 51 52 53 54 55 194 195 196 57 58 59 60 61 62 63 64 65 66 201 202 69 70 71 72 73 74 75 76 77 78 207 82 83 84 85 86 87 88 89 90 91 95 96 97 98 99 100 101 102 103 108 109 110 111 112 113 114 115 121 122 123 124 125 126 127 134 135 136 137 138 139 147 148 149 150 151 159 160 161 162 170 171 172 180 181 189
204 209 210 213 214 215 216 217 218 46 117 219 220 56 57 129 130 221 67 68 69 141 142 143 79 80 81 82 153 154 155 1 92 93 94 95 164 165 166 2 3 105 106 107 108 174 175 176 4 5 6 118 119 120 121 183 184 185 7 8 9 10 131 132 133 134 191 192 193 11 12 13 14 15 144 145 146 147 198 199 200 16 17 18 19 20 21 156 157 158 159 205 206 22 23 24 25 26 27 28 167 168 169 170 211 29 30 31 32 33 34 35 36 177 178 179 180 37 38 39 40 41 42 43 44 45 186 187 188 189 47 48 49 50 51 52 53 54 55 194 195 196 197 58 59 60 61 62 63 64 65 66 201 202 203 70 71 72 73 74 75 76 77 78 207 208 83 84 85 86 87 88 89 90 91 212 96 97 98 99 100 101 102 103 104 109 110 111 112 113 114 115 116 122 123 124 125 126 127 128 135 136 137 138 139 140 148 149 150 151 152 160 161 162 163 171 172 173 181 182 190
205 210 211 214 215 37 217 218 46 47 219 220 56 57 58 130 221 67 68 69 70 142 143 79 80 81 82 83 154 155 1 92 93 94 95 96 165 166 2 3 105 106 107 108 109 175 176 4 5 6 118 119 120 121 122 184 185 7 8 9 10 131 132 133 134 135 192 193 11 12 13 14 15 144 145 146 147 148 199 200 16 17 18 19 20 21 156 157 158 159 160 206 22 23 24 25 26 27 28 167 168 169 170 171 29 30 31 32 33 34 35 36 177 178 179 180 181 38 39 40 41 42 43 44 45 186 187 188 189 190 48 49 50 51 52 53 54 55 194 195 196 197 198 59 60 61 62 63 64 65 66 201 202 203 204 71 72 73 74 75 76 77 78 207 208 209 84 85 86 87 88 89 90 91 212 213 97 98 99 100 101 102 103 104 216 110 111 112 113 114 115 116 117 123 124 125 126 127 128 129 136 137 138 139 140 141 149 150 151 152 153 161 162 163 164 172 173 174 182 183 191
206 211 29 215 37 38 218 46 47 48 220 56 57 58 59 221 67 68 69 70 71 143 79 80 81 82 83 84 155 1 92 93 94 95 96 97 166 2 3 105 106 107 108 109 110 176 4 5 6 118 119 120 121 122 123 185 7 8 9 10 131 132 133 134 135 136 193 11 12 13 14 15 144 145 146 147 148 149 200 16 17 18 19 20 21 156 157 158 159 160 161 22 23 24 25 26 27 28 167 168 169 170 171 172 30 31 32 33 34 35 36 177 178 179 180 181 182 39 40 41 42 43 44 45 186 187 188 189 190 191 49 50 51 52 53 54 55 194 195 196 197 198 199 60 61 62 63 64 65 66 201 202 203 204 205 72 73 74 75 76 77 78 207 208 209 210 85 86 87 88 89 90 91 212 213 214 98 99 100 101 102 103 104 216 217 111 112 113 114 115 116 117 219 124 125 126 127 128 129 130 137 138 139 140 141 142 150 151 152 153 154 162 163 164 165 173 174 175 183 184 192
207 91 212 103 104 216 115 116 117 219 127 128 129 130 221 139 140 141 142 143 79 151 152 153 154 155 1 92 162 163 164 165 166 2 3 105 172 173 174 175 176 4 5 6 118 181 182 183 184 185 7 8 9 10 131 189 190 191 192 193 11 12 13 14 15 144 196 197 198 199 200 16 17 18 19 20 21 156 202 203 204 205 206 22 23 24 25 26 27 28 167 208 209 210 211 29 30 31 32 33 34 35 36 177 213 214 215 37 38 39 40 41 42 43 44 45 186 217 218 46 47 48 49 50 51 52 53 54 55 194 220 56 57 58 59 60 61 62 63 64 65 66 201 67 68 69 70 71 72 73 74 75 76 77 78 80 81 82 83 84 85 86 87 88 89 90 93 94 95 96 97 98 99 100 101 102 106 107 108 109 110 111 112 113 114 119 120 121 122 123 124 125 126 132 133 134 135 136 137 138 145 146 147 148 149 150 157 158 159 160 161 168 169 170 171 178 179 180 187 188 195
208 212 213 104 216 217 116 117 219 220 128 129 130 221 67 140 141 142 143 79 80 152 153 154 155 1 92 93 163 164 165 166 2 3 105 106 173 174 175 176 4 5 6 118 119 182 183 184 185 7 8 9 10 131 132 190 191 192 193 11 12 13 14 15 144 145 197 198 199 200 16 17 18 19 20 21 156 157 203 204 205 206 22 23 24 25 26 27 28 167 168 209 210 211 29 30 31 32 33 34 35 36 177 178 214 215 37 38 39 40 41 42 43 44 45 186 187 218 46 47 48 49 50 51 52 53 54 55 194 195 56 57 58 59 60 61 62 63 64 65 66 201 202 68 69 70 71 72 73 74 75 76 77 78 207 81 82 83 84 85 86 87 88 89 90 91 94 95 96 97 98 99 100 101 102 103 107 108 109 110 111 112 113 114 115 120 121 122 123 124 125 126 127 133 134 135 136 137 138 139 146 147 148 149 150 151 158 159 160 161 162 169 170 171 172 179 180 181 188 189 196
209 213 214 216 217 218 117 219 220 56 129 130 221 67 68 141 142 143 79 80 81 153 154 155 1 92 93 94 164 165 166 2 3 105 106 107 174 175 176 4 5 6 118 119 120 183 184 185 7 8 9 10 131 132 133 191 192 193 11 12 13 14 15 144 145 146 198 199 200 16 17 18 19 20 21 156 157 158 204 205 206 22 23 24 25 26 27 28 167 168 169 210 211 29 30 31 32 33 34 35 36 177 178 179 215 37 38 39 40 41 42 43 44 45 186 187 188 46 47 48 49 50 51 52 53 54 55 194 195 196 57 58 59 60 61 62 63 64 65 66 201 202 203 69 70 71 72 73 74 75 76 77 78 207 208 82 83 84 85 86 87 88 89 90 91 212 95 96 97 98 99 100 101 102 103 104 108 109 110 111 112 113 114 115 116 121 122 123 124 125 126 127 128 134 135 136 137 138 139 140 147 148 149 150 151 152 159 160 161 162 163 170 171 172 173 180 181 182 189 190 197
210 214 215 217 218 46 219 220 56 57 130 221 67 68 69 142 143 79 80 81 82 154 155 1 92 93 94 95 165 166 2 3 105 106 107 108 175 176 4 5 6 118 119 120 121 184 185 7 8 9 10 131 132 133 134 192 193 11 12 13 14 15 144 145 146 147 199 200 16 17 18 19 20 21 156 157 158 159 205 206 22 23 24 25 26 27 28 167 168 169 170 211 29 30 31 32 33 34 35 36 177 178 179 180 37 38 39 40 41 42 43 44 45 186 187 188 189 47 48 49 50 51 52 53 54 55 194 195 196 197 58 59 60 61 62 63 64 65 66 201 202 203 204 70 71 72 73 74 75 76 77 78 207 208 209 83 84 85 86 87 88 89 90 91 212 213 96 97 98 99 100 101 102 103 104 216 109 110 111 112 113 114 115 116 117 122 123 124 125 126 127 128 129 135 136 137 138 139 140 141 148 149 150 151 152 153 160 161 162 163 164 171 172 173 174 181 182 183 190 191 198
211 215 37 218 46 47 220 56 57 58 221 67 68 69 70 143 79 80 81 82 83 155 1 92 93 94 95 96 166 2 3 105 106 107 108 109 176 4 5 6 118 119 120 121 122 185 7 8 9 10 131 132 133 134 135 193 11 12 13 14 15 144 145 146 147 148 200 16 17 18 19 20 21 156 157 158 159 160 206 22 23 24 25 26 27 28 167 168 169 170 171 29 30 31 32 33 34 35 36 177 178 179 180 181 38 39 40 41 42 43 44 45 186 187 188 189 190 48 49 50 51 52 53 54 55 194 195 196 197 198 59 60 61 62 63 64 65 66 201 202 203 204 205 71 72 73 74 75 76 77 78 207 208 209 210 84 85 86 87 88 89 90 91 212 213 214 97 98 99 100 101 102 103 104 216 217 110 111 112 113 114 115 116 117 219 123 124 125 126 127 128 129 130 136 137 138 139 140 141 142 149 150 151 152 153 154 161 162 163 164 165 172 173 174 175 182 183 184 191 192 199
212 104 216 116 117 219 128 129 130 221 140 141 142 143 79 152 153 154 155 1 92 163 164 165 166 2 3 105 173 174 175 176 4 5 6 118 182 183 184 185 7 8 9 10 131 190 191 192 193 11 12 13 14 15 144 197 198 199 200 16 17 18 19 20 21 156 203 204 205 206 22 23 24 25 26 27 28 167 208 209 210 211 29 30 31 32 33 34 35 36 177 213 214 215 37 38 39 40 41 42 43 44 45 186 217 218 46 47 48 49 50 51 52 53 54 55 194 220 56 57 58 59 60 61 62 63 64 65 66 201 67 68 69 70 71 72 73 74 75 76 77 78 207 80 81 82 83 84 85 86 87 88 89 90 91 93 94 95 96 97 98 99 100 101 102 103 106 107 108 109 110 111 112 113 114 115 119 120 121 122 123 124 125 126 127 132 133 134 135 136 137 138 139 145 146 147 148 149 150 151 157 158 159 160 161 162 168 169 170 171 172 178 179 180 181 187 188 189 195 196 202
213 216 217 117 219 220 129 130 221 67 141 142 143 79 80 153 154 155 1 92 93 164 165 166 2 3 105 106 174 175 176 4 5 6 118 119 183 184 185 7 8 9 10 131 132 191 192 193 11 12 13 14 15 144 145 198 199 200 16 17 18 19 20 21 156 157 204 205 206 22 23 24 25 26 27 28 167 168 209 210 211 29 30 31 32 33 34 35 36 177 178 214 215 37 38 39 40 41 42 43 44 45 186 187 218 46 47 48 49 50 51 52 53 54 55 194 195 56 57 58 59 60 61 62 63 64 65 66 201 202 68 69 70 71 72 73 74 75 76 77 78 207 208 81 82 83 84 85 86 87 88 89 90 91 212 94 95 96 97 98 99 100 101 102 103 104 107 108 109 110 111 112 113 114 115 116 120 121 122 123 124 125 126 127 128 133 134 135 136 137 138 139 140 146 147 148 149 150 151 152 158 159 160 161 162 163 169 170 171 172 173 179 180 181 182 188 189 190 196 197 203
214 217 218 219 220 56 130 221 67 68 142 143 79 80 81 154 155 1 92 93 94 165 166 2 3 105 106 107 175 176 4 5 6 118 119 120 184 185 7 8 9 10 131 132 133 192 193 11 12 13 14 15 144 145 146 199 200 16 17 18 19 20 21 156 157 158 205 206 22 23 24 25 26 27 28 167 168 169 210 211 29 30 31 32 33 34 35 36 177 178 179 215 37 38 39 40 41 42 43 44 45 186 187 188 46 47 48 49 50 51 52 53 54 55 194 195 196 57 58 59 60 61 62 63 64 65 66 201 202 203 69 70 71 72 73 74 75 76 77 78 207 208 209 82 83 84 85 86 87 88 89 90 91 212 213 95 96 97 98 99 100 101 102 103 104 216 108 109 110 111 112 113 114 115 116 117 121 122 123 124 125 126 127 128 129 134 135 136 137 138 139 140 141 147 148 149 150 151 152 153 159 160 161 162 163 164 170 171 172 173 174 180 181 182 183 189 190 191 197 198 204
215 218 46 220 56 57 221 67 68 69 143 79 80 81 82 155 1 92 93 94 95 166 2 3 105 106 107 108 176 4 5 6 118 119 120 121 185 7 8 9 10 131 132 133 134 193 11 12 13 14 15 144 145 146 147 200 16 17 18 19 20 21 156 157 158 159 206 22 23 24 25 26 27 28 167 168 169 170 211 29 30 31 32 33 34 35 36 177 178 179 180 37 38 39 40 41 42 43 44 45 186 187 188 189 47 48 49 50 51 52 53 54 55 194 195 196 197 58 59 60 61 62 63 64 65 66 201 202 203 204 70 71 72 73 74 75 76 77 78 207 208 209 210 83 84 85 86 87 88 89 90 91 212 213 214 96 97 98 99 100 101 102 103 104 216 217 109 110 111 112 113 114 115 116 117 219 122 123 124 125 126 127 128 129 130 135 136 137 138 139 140 141 142 148 149 150 151 152 153 154 160 161 162 163 164 165 171 172 173 174 175 181 182 183 184 190 191 192 198 199 205
216 117 219 129 130 221 141 142 143 79 153 154 155 1 92 164 165 166 2 3 105 174 175 176 4 5 6 118 183 184 185 7 8 9 10 131 191 192 193 11 12 13 14 15 144 198 199 200 16 17 18 19 20 21 156 204 205 206 22 23 24 25 26 27 28 167 209 210 211 29 30 31 32 33 34 35 36 177 213 214 215 37 38 39 40 41 42 43 44 45 186 217 218 46 47 48 49 50 51 52 53 54 55 194 220 56 57 58 59 60 61 62 63 64 65 66 201 67 68 69 70 71 72 73 74 75 76 77 78 207 80 81 82 83 84 85 86 87 88 89 90 91 212 93 94 95 96 97 98 99 100 101 102 103 104 106 107 108 109 110 111 112 113 114 115 116 119 120 121 122 123 124 125 126 127 128 132 133 134 135 136 137 138 139 140 145 146 147 148 149 150 151 152 157 158 159 160 161 162 163 168 169 170 171 172 173 178 179 180 181 182 187 188 189 190 195 196 197 202 203 208
217 219 220 130 221 67 142 143 79 80 154 155 1 92 93 165 166 2 3 105 106 175 176 4 5 6 118 119 184 185 7 8 9 10 131 132 192 193 11 12 13 14 15 144 145 199 200 16 17 18 19 20 21 156 157 205 206 22 23 24 25 26 27 28 167 168 210 211 29 30 31 32 33 34 35 36 177 178 214 215 37 38 39 40 41 42 43 44 45 186 187 218 46 47 48 49 50 51 52 53 54 55 194 195 56 57 58 59 60 61 62 63 64 65 66 201 202 68 69 70 71 72 73 74 75 76 77 78 207 208 81 82 83 84 85 86 87 88 89 90 91 212 213 94 95 96 97 98 99 100 101 102 103 104 216 107 108 109 110 111 112 113 114 115 116 117 120 121 122 123 124 125 126 127 128 129 133 134 135 136 137 138 139 140 141 146 147 148 149 150 151 152 153 158 159 160 161 162 163 164 169 170 171 172 173 174 179 180 181 182 183 188 189 190 191 196 197 198 203 204 209
218 220 56 221 67 68 143 79 80 81 155 1 92 93 94 166 2 3 105 106 107 176 4 5 6 118 119 120 185 7 8 9 10 131 132 133 193 11 12 13 14 15 144 145 146 200 16 17 18 19 20 21 156 157 158 206 22 23 24 25 26 27 28 167 168 169 211 29 30 31 32 33 34 35 36 177 178 179 215 37 38 39 40 41 42 43 44 45 186 187 188 46 47 48 49 50 51 52 53 54 55 194 195 196 57 58 59 60 61 62 63 64 65 66 201 202 203 69 70 71 72 73 74 75 76 77 78 207 208 209 82 83 84 85 86 87 88 89 90 91 212 213 214 95 96 97 98 99 100 101 102 103 104 216 217 108 109 110 111 112 113 114 115 116 117 219 121 122 123 124 125 126 127 128 129 130 134 135 136 137 138 139 140 141 142 147 148 149 150 151 152 153 154 159 160 161 162 163 164 165 170 171 172 173 174 175 180 181 182 183 184 189 190 191 192 197 198 199 204 205 210
219 130 221 142 143 79 154 155 1 92 165 166 2 3 105 175 176 4 5 6 118 184 185 7 8 9 10 131 192 193 11 12 13 14 15 144 199 200 16 17 18 19 20 21 156 205 206 22 23 24 25 26 27 28 167 210 211 29 30 31 32 33 34 35 36 177 214 215 37 38 39 40 41 42 43 44 45 186 217 218 46 47 48 49 50 51 52 53 54 55 194 220 56 57 58 59 60 61 62 63 64 65 66 201 67 68 69 70 71 72 73 74 75 76 77 78 207 80 81 82 83 84 85 86 87 88 89 90 91 212 93 94 95 96 97 98 99 100 101 102 103 104 216 106 107 108 109 110 111 112 113 114 115 116 117 119 120 121 122 123 124 125 126 127 128 129 132 133 134 135 136 137 138 139 140 141 145 146 147 148 149 150 151 152 153 157 158 159 160 161 162 163 164 168 169 170 171 172 173 174 178 179 180 181 182 183 187 188 189 190 191 195 196 197 198 202 203 204 208 209 213
220 221 67 143 79 80 155 1 92 93 166 2 3 105 106 176 4 5 6 118 119 185 7 8 9 10 131 132 193 11 12 13 14 15 144 145 200 16 17 18 19 20 21 156 157 206 22 23 24 25 26 27 28 167 168 211 29 30 31 32 33 34 35 36 177 178 215 37 38 39 40 41 42 43 44 45 186 187 218 46 47 48 49 50 51 52 53 54 55 194 195 56 57 58 59 60 61 62 63 64 65 66 201 202 68 69 70 71 72 73 74 75 76 77 78 207 208 81 82 83 84 85 86 87 88 89 90 91 212 213 94 95 96 97 98 99 100 101 102 103 104 216 217 107 108 109 110 111 112 113 114 115 116 117 219 120 121 122 123 124 125 126 127 128 129 130 133 134 135 136 137 138 139 140 141 142 146 147 148 149 150 151 152 153 154 158 159 160 161 162 163 164 165 169 170 171 172 173 174 175 179 180 181 182 183 184 188 189 190 191 192 196 197 198 199 203 204 205 209 210 214
221 143 79 155 1 92 166 2 3 105 176 4 5 6 118 185 7 8 9 10 131 193 11 12 13 14 15 144 200 16 17 18 19 20 21 156 206 22 23 24 25 26 27 28 167 211 29 30 31 32 33 34 35 36 177 215 37 38 39 40 41 42 43 44 45 186 218 46 47 48 49 50 51 52 53 54 55 194 220 56 57 58 59 60 61 62 63 64 65 66 201 67 68 69 70 71 72 73 74 75 76 77 78 207 80 81 82 83 84 85 86 87 88 89 90 91 212 93 94 95 96 97 98 99 100 101 102 103 104 216 106 107 108 109 110 111 112 113 114 115 116 117 219 119 120 121 122 123 124 125 126 127 128 129 130 132 133 134 135 136 137 138 139 140 141 142 145 146 147 148 149 150 151 152 153 154 157 158 159 160 161 162 163 164 165 168 169 170 171 172 173 174 175 178 179 180 181 182 183 184 187 188 189 190 191 192 195 196 197 198 199 202 203 204 205 208 209 210 213 214 217
