287
1 2 3 4 5 6 7 8 9 10 11 12 13 14 15 16 17 18 19 20 21 22 23 24 25 26 27 28 29 30 31 32 33 34 35 36 37 38 39 40 41 42 43 44 45 46 47 48 49 50 51 52 53 54 55 56 57 58 59 60 61 62 63 64 65 66 67 68 69 70 71 72 73 74 75 76 77 78 79 80 81 82 83 84 85 86 87 88 89 90 91 92 93 94 95 96 97 98 99 100 101 102 103 104 105 106 107 108 109 110 111 112 113 114 115 116 117 118 119 120 121 122 123 124 125 126 127 128 129 130 131 132 133 134 135 136 137 138 139 140 141 142 143 144 145 146 147 148 149 150 151 152 153 154 155 156 157 158 159 160 161 162 163 164 165 166 167 168 169 170 171 172 173 174 175 176 177 178 179 180 181 182 183 184 185 186 187 188 189 190 191 192 193 194 195 196 197 198 199 200 201 202 203 204 205 206 207 208 209 210 211 212 213 214 215 216 217 218 219 220 221 222 223 224 225 226 227 228 229 230 231 232 233 234 235 236 237 238 239 240 241 242 243 244 245 246 247 248 249 250 251 252 253 254 255 256 257 258 259 260 261 262 263 264 265 266 267 268 269 270 271 272 273 274 275 276 277 278 279 280 281 282 283 284 285 286 287
2 4 5 7 8 9 11 12 13 14 16 17 18 19 20 22 23 24 25 26 27 1 29 30 31 32 33 34 3 36 37 38 39 40 41 6 43 44 45 46 47 48 10 50 51 52 53 54 55 15 57 58 59 60 61 62 21 64 65 66 67 68 69 28 71 72 73 74 75 76 35 78 79 80 81 82 83 42 85 86 87 88 89 90 49 92 93 94 95 96 97 56 99 100 101 102 103 104 63 106 107 108 109 110 111 70 113 114 115 116 117 118 77 120 121 122 123 124 125 84 127 128 129 130 131 132 91 134 135 136 137 138 139 98 141 142 143 144 145 146 105 148 149 150 151 152 153 112 155 156 157 158 159 160 119 162 163 164 165 166 167 126 169 170 171 172 173 174 133 176 177 178 179 180 181 140 183 184 185 186 187 188 147 190 191 192 193 194 195 154 197 198 199 200 201 202 161 204 205 206 207 208 209 168 211 212 213 214 215 216 175 218 219 220 221 222 223 182 225 226 227 228 229 230 189 232 233 234 235 236 237 196 239 240 241 242 243 244 203 246 247 248 249 250 251 210 253 254 255 256 257 258 217 260 261 262 263 264 265 224 267 268 269 270 271 272 231 273 274 275 276 277 238 278 279 280 281 245 282 283 284 252 285 286 259 287 266
3 5 6 8 9 10 12 13 14 15 17 18 19 20 21 23 24 25 26 27 28 29 30 31 32 33 34 35 36 37 38 39 40 41 42 43 44 45 46 47 48 49 50 51 52 53 54 55 56 57 58 59 60 61 62 63 64 65 66 67 68 69 70 71 72 73 74 75 76 77 78 79 80 81 82 83 84 85 86 87 88 89 90 91 92 93 94 95 96 97 98 99 100 101 102 103 104 105 106 107 108 109 110 111 112 113 114 115 116 117 118 119 120 121 122 123 124 125 126 127 128 129 130 131 132 133 134 135 136 137 138 139 140 141 142 143 144 145 146 147 148 149 150 151 152 153 154 155 156 157 158 159 160 161 162 163 164 165 166 167 168 169 170 171 172 173 174 175 176 177 178 179 180 181 182 183 184 185 186 187 188 189 190 191 192 193 194 195 196 197 198 199 200 201 202 203 204 205 206 207 208 209 210 211 212 213 214 215 216 217 218 219 220 221 222 223 224 225 226 227 228 229 230 231 232 233 234 235 236 237 238 239 240 241 242 243 244 245 246 247 248 249 250 251 252 253 254 255 256 257 258 259 260 261 262 263 264 265 266 267 268 269 270 271 272 1 273 274 275 276 277 2 278 279 280 281 4 282 283 284 7 285 286 11 287 16 22
4 7 8 11 12 13 16 17 18 19 22 23 24 25 26 1 29 30 31 32 33 2 3 36 37 38 39 40 5 6 43 44 45 46 47 9 10 50 51 52 53 54 14 15 57 58 59 60 61 20 21 64 65 66 67 68 27 28 71 72 73 74 75 34 35 78 79 80 81 82 41 42 85 86 87 88 89 48 49 92 93 94 95 96 55 56 99 100 101 102 103 62 63 106 107 108 109 110 69 70 113 114 115 116 117 76 77 120 121 122 123 124 83 84 127 128 129 130 131 90 91 134 135 136 137 138 97 98 141 142 143 144 145 104 105 148 149 150 151 152 111 112 155 156 157 158 159 118 119 162 163 164 165 166 125 126 169 170 171 172 173 132 133 176 177 178 179 180 139 140 183 184 185 186 187 146 147 190 191 192 193 194 153 154 197 198 199 200 201 160 161 204 205 206 207 208 167 168 211 212 213 214 215 174 175 218 219 220 221 222 181 182 225 226 227 228 229 188 189 232 233 234 235 236 195 196 239 240 241 242 243 202 203 246 247 248 249 250 209 210 253 254 255 256 257 216 217 260 261 262 263 264 223 224 267 268 269 270 271 230 231 273 274 275 276 277 237 238 278 279 280 281 244 245 282 283 284 251 252 285 286 258 259 287 265 266 272
5 8 9 12 13 14 17 18 19 20 23 24 25 26 27 29 30 31 32 33 34 3 36 37 38 39 40 41 6 43 44 45 46 47 48 10 50 51 52 53 54 55 15 57 58 59 60 61 62 21 64 65 66 67 68 69 28 71 72 73 74 75 76 35 78 79 80 81 82 83 42 85 86 87 88 89 90 49 92 93 94 95 96 97 56 99 100 101 102 103 104 63 106 107 108 109 110 111 70 113 114 115 116 117 118 77 120 121 122 123 124 125 84 127 128 129 130 131 132 91 134 135 136 137 138 139 98 141 142 143 144 145 146 105 148 149 150 151 152 153 112 155 156 157 158 159 160 119 162 163 164 165 166 167 126 169 170 171 172 173 174 133 176 177 178 179 180 181 140 183 184 185 186 187 188 147 190 191 192 193 194 195 154 197 198 199 200 201 202 161 204 205 206 207 208 209 168 211 212 213 214 215 216 175 218 219 220 221 222 223 182 225 226 227 228 229 230 189 232 233 234 235 236 237 196 239 240 241 242 243 244 203 246 247 248 249 250 251 210 253 254 255 256 257 258 217 260 261 262 263 264 265 224 267 268 269 270 271 272 231 273 274 275 276 277 2 238 278 279 280 281 4 245 282 283 284 7 252 285 286 11 259 287 16 266 22 1
6 9 10 13 14 15 18 19 20 21 24 25 26 27 28 30 31 32 33 34 35 36 37 38 39 40 41 42 43 44 45 46 47 48 49 50 51 52 53 54 55 56 57 58 59 60 61 62 63 64 65 66 67 68 69 70 71 72 73 74 75 76 77 78 79 80 81 82 83 84 85 86 87 88 89 90 91 92 93 94 95 96 97 98 99 100 101 102 103 104 105 106 107 108 109 110 111 112 113 114 115 116 117 118 119 120 121 122 123 124 125 126 127 128 129 130 131 132 133 134 135 136 137 138 139 140 141 142 143 144 145 146 147 148 149 150 151 152 153 154 155 156 157 158 159 160 161 162 163 164 165 166 167 168 169 170 171 172 173 174 175 176 177 178 179 180 181 182 183 184 185 186 187 188 189 190 191 192 193 194 195 196 197 198 199 200 201 202 203 204 205 206 207 208 209 210 211 212 213 214 215 216 217 218 219 220 221 222 223 224 225 226 227 228 229 230 231 232 233 234 235 236 237 238 239 240 241 242 243 244 245 246 247 248 249 250 251 252 253 254 255 256 257 258 259 260 261 262 263 264 265 266 267 268 269 270 271 272 1 273 274 275 276 277 2 3 278 279 280 281 4 5 282 283 284 7 8 285 286 11 12 287 16 17 22 23 29
7 11 12 16 17 18 22 23 24 25 1 29 30 31 32 2 3 36 37 38 39 4 5 6 43 44 45 46 8 9 10 50 51 52 53 13 14 15 57 58 59 60 19 20 21 64 65 66 67 26 27 28 71 72 73 74 33 34 35 78 79 80 81 40 41 42 85 86 87 88 47 48 49 92 93 94 95 54 55 56 99 100 101 102 61 62 63 106 107 108 109 68 69 70 113 114 115 116 75 76 77 120 121 122 123 82 83 84 127 128 129 130 89 90 91 134 135 136 137 96 97 98 141 142 143 144 103 104 105 148 149 150 151 110 111 112 155 156 157 158 117 118 119 162 163 164 165 124 125 126 169 170 171 172 131 132 133 176 177 178 179 138 139 140 183 184 185 186 145 146 147 190 191 192 193 152 153 154 197 198 199 200 159 160 161 204 205 206 207 166 167 168 211 212 213 214 173 174 175 218 219 220 221 180 181 182 225 226 227 228 187 188 189 232 233 234 235 194 195 196 239 240 241 242 201 202 203 246 247 248 249 208 209 210 253 254 255 256 215 216 217 260 261 262 263 222 223 224 267 268 269 270 229 230 231 273 274 275 276 236 237 238 278 279 280 281 243 244 245 282 283 284 250 251 252 285 286 257 258 259 287 264 265 266 271 272 277
8 12 13 17 18 19 23 24 25 26 29 30 31 32 33 3 36 37 38 39 40 5 6 43 44 45 46 47 9 10 50 51 52 53 54 14 15 57 58 59 60 61 20 21 64 65 66 67 68 27 28 71 72 73 74 75 34 35 78 79 80 81 82 41 42 85 86 87 88 89 48 49 92 93 94 95 96 55 56 99 100 101 102 103 62 63 106 107 108 109 110 69 70 113 114 115 116 117 76 77 120 121 122 123 124 83 84 127 128 129 130 131 90 91 134 135 136 137 138 97 98 141 142 143 144 145 104 105 148 149 150 151 152 111 112 155 156 157 158 159 118 119 162 163 164 165 166 125 126 169 170 171 172 173 132 133 176 177 178 179 180 139 140 183 184 185 186 187 146 147 190 191 192 193 194 153 154 197 198 199 200 201 160 161 204 205 206 207 208 167 168 211 212 213 214 215 174 175 218 219 220 221 222 181 182 225 226 227 228 229 188 189 232 233 234 235 236 195 196 239 240 241 242 243 202 203 246 247 248 249 250 209 210 253 254 255 256 257 216 217 260 261 262 263 264 223 224 267 268 269 270 271 230 231 273 274 275 276 277 237 238 278 279 280 281 4 244 245 282 283 284 7 251 252 285 286 11 258 259 287 16 265 266 22 272 1 2
9 13 14 18 19 20 24 25 26 27 30 31 32 33 34 36 37 38 39 40 41 6 43 44 45 46 47 48 10 50 51 52 53 54 55 15 57 58 59 60 61 62 21 64 65 66 67 68 69 28 71 72 73 74 75 76 35 78 79 80 81 82 83 42 85 86 87 88 89 90 49 92 93 94 95 96 97 56 99 100 101 102 103 104 63 106 107 108 109 110 111 70 113 114 115 116 117 118 77 120 121 122 123 124 125 84 127 128 129 130 131 132 91 134 135 136 137 138 139 98 141 142 143 144 145 146 105 148 149 150 151 152 153 112 155 156 157 158 159 160 119 162 163 164 165 166 167 126 169 170 171 172 173 174 133 176 177 178 179 180 181 140 183 184 185 186 187 188 147 190 191 192 193 194 195 154 197 198 199 200 201 202 161 204 205 206 207 208 209 168 211 212 213 214 215 216 175 218 219 220 221 222 223 182 225 226 227 228 229 230 189 232 233 234 235 236 237 196 239 240 241 242 243 244 203 246 247 248 249 250 251 210 253 254 255 256 257 258 217 260 261 262 263 264 265 224 267 268 269 270 271 272 231 273 274 275 276 277 2 238 278 279 280 281 4 5 245 282 283 284 7 8 252 285 286 11 12 259 287 16 17 266 22 23 1 29 3
10 14 15 19 20 21 25 26 27 28 31 32 33 34 35 37 38 39 40 41 42 43 44 45 46 47 48 49 50 51 52 53 54 55 56 57 58 59 60 61 62 63 64 65 66 67 68 69 70 71 72 73 74 75 76 77 78 79 80 81 82 83 84 85 86 87 88 89 90 91 92 93 94 95 96 97 98 99 100 101 102 103 104 105 106 107 108 109 110 111 112 113 114 115 116 117 118 119 120 121 122 123 124 125 126 127 128 129 130 131 132 133 134 135 136 137 138 139 140 141 142 143 144 145 146 147 148 149 150 151 152 153 154 155 156 157 158 159 160 161 162 163 164 165 166 167 168 169 170 171 172 173 174 175 176 177 178 179 180 181 182 183 184 185 186 187 188 189 190 191 192 193 194 195 196 197 198 199 200 201 202 203 204 205 206 207 208 209 210 211 212 213 214 215 216 217 218 219 220 221 222 223 224 225 226 227 228 229 230 231 232 233 234 235 236 237 238 239 240 241 242 243 244 245 246 247 248 249 250 251 252 253 254 255 256 257 258 259 260 261 262 263 264 265 266 267 268 269 270 271 272 1 273 274 275 276 277 2 3 278 279 280 281 4 5 6 282 283 284 7 8 9 285 286 11 12 13 287 16 17 18 22 23 24 29 30 36
11 16 17 22 23 24 1 29 30 31 2 3 36 37 38 4 5 6 43 44 45 7 8 9 10 50 51 52 12 13 14 15 57 58 59 18 19 20 21 64 65 66 25 26 27 28 71 72 73 32 33 34 35 78 79 80 39 40 41 42 85 86 87 46 47 48 49 92 93 94 53 54 55 56 99 100 101 60 61 62 63 106 107 108 67 68 69 70 113 114 115 74 75 76 77 120 121 122 81 82 83 84 127 128 129 88 89 90 91 134 135 136 95 96 97 98 141 142 143 102 103 104 105 148 149 150 109 110 111 112 155 156 157 116 117 118 119 162 163 164 123 124 125 126 169 170 171 130 131 132 133 176 177 178 137 138 139 140 183 184 185 144 145 146 147 190 191 192 151 152 153 154 197 198 199 158 159 160 161 204 205 206 165 166 167 168 211 212 213 172 173 174 175 218 219 220 179 180 181 182 225 226 227 186 187 188 189 232 233 234 193 194 195 196 239 240 241 200 201 202 203 246 247 248 207 208 209 210 253 254 255 214 215 216 217 260 261 262 221 222 223 224 267 268 269 228 229 230 231 273 274 275 235 236 237 238 278 279 280 242 243 244 245 282 283 284 249 250 251 252 285 286 256 257 258 259 287 263 264 265 266 270 271 272 276 277 281
12 17 18 23 24 25 29 30 31 32 3 36 37 38 39 5 6 43 44 45 46 8 9 10 50 51 52 53 13 14 15 57 58 59 60 19 20 21 64 65 66 67 26 27 28 71 72 73 74 33 34 35 78 79 80 81 40 41 42 85 86 87 88 47 48 49 92 93 94 95 54 55 56 99 100 101 102 61 62 63 106 107 108 109 68 69 70 113 114 115 116 75 76 77 120 121 122 123 82 83 84 127 128 129 130 89 90 91 134 135 136 137 96 97 98 141 142 143 144 103 104 105 148 149 150 151 110 111 112 155 156 157 158 117 118 119 162 163 164 165 124 125 126 169 170 171 172 131 132 133 176 177 178 179 138 139 140 183 184 185 186 145 146 147 190 191 192 193 152 153 154 197 198 199 200 159 160 161 204 205 206 207 166 167 168 211 212 213 214 173 174 175 218 219 220 221 180 181 182 225 226 227 228 187 188 189 232 233 234 235 194 195 196 239 240 241 242 201 202 203 246 247 248 249 208 209 210 253 254 255 256 215 216 217 260 261 262 263 222 223 224 267 268 269 270 229 230 231 273 274 275 276 236 237 238 278 279 280 281 243 244 245 282 283 284 7 250 251 252 285 286 11 257 258 259 287 16 264 265 266 22 271 272 1 277 2 4
13 18 19 24 25 26 30 31 32 33 36 37 38 39 40 6 43 44 45 46 47 9 10 50 51 52 53 54 14 15 57 58 59 60 61 20 21 64 65 66 67 68 27 28 71 72 73 74 75 34 35 78 79 80 81 82 41 42 85 86 87 88 89 48 49 92 93 94 95 96 55 56 99 100 101 102 103 62 63 106 107 108 109 110 69 70 113 114 115 116 117 76 77 120 121 122 123 124 83 84 127 128 129 130 131 90 91 134 135 136 137 138 97 98 141 142 143 144 145 104 105 148 149 150 151 152 111 112 155 156 157 158 159 118 119 162 163 164 165 166 125 126 169 170 171 172 173 132 133 176 177 178 179 180 139 140 183 184 185 186 187 146 147 190 191 192 193 194 153 154 197 198 199 200 201 160 161 204 205 206 207 208 167 168 211 212 213 214 215 174 175 218 219 220 221 222 181 182 225 226 227 228 229 188 189 232 233 234 235 236 195 196 239 240 241 242 243 202 203 246 247 248 249 250 209 210 253 254 255 256 257 216 217 260 261 262 263 264 223 224 267 268 269 270 271 230 231 273 274 275 276 277 237 238 278 279 280 281 4 244 245 282 283 284 7 8 251 252 285 286 11 12 258 259 287 16 17 265 266 22 23 272 1 29 2 3 5
14 19 20 25 26 27 31 32 33 34 37 38 39 40 41 43 44 45 46 47 48 10 50 51 52 53 54 55 15 57 58 59 60 61 62 21 64 65 66 67 68 69 28 71 72 73 74 75 76 35 78 79 80 81 82 83 42 85 86 87 88 89 90 49 92 93 94 95 96 97 56 99 100 101 102 103 104 63 106 107 108 109 110 111 70 113 114 115 116 117 118 77 120 121 122 123 124 125 84 127 128 129 130 131 132 91 134 135 136 137 138 139 98 141 142 143 144 145 146 105 148 149 150 151 152 153 112 155 156 157 158 159 160 119 162 163 164 165 166 167 126 169 170 171 172 173 174 133 176 177 178 179 180 181 140 183 184 185 186 187 188 147 190 191 192 193 194 195 154 197 198 199 200 201 202 161 204 205 206 207 208 209 168 211 212 213 214 215 216 175 218 219 220 221 222 223 182 225 226 227 228 229 230 189 232 233 234 235 236 237 196 239 240 241 242 243 244 203 246 247 248 249 250 251 210 253 254 255 256 257 258 217 260 261 262 263 264 265 224 267 268 269 270 271 272 231 273 274 275 276 277 2 238 278 279 280 281 4 5 245 282 283 284 7 8 9 252 285 286 11 12 13 259 287 16 17 18 266 22 23 24 1 29 30 3 36 6
15 20 21 26 27 28 32 33 34 35 38 39 40 41 42 44 45 46 47 48 49 50 51 52 53 54 55 56 57 58 59 60 61 62 63 64 65 66 67 68 69 70 71 72 73 74 75 76 77 78 79 80 81 82 83 84 85 86 87 88 89 90 91 92 93 94 95 96 97 98 99 100 101 102 103 104 105 106 107 108 109 110 111 112 113 114 115 116 117 118 119 120 121 122 123 124 125 126 127 128 129 130 131 132 133 134 135 136 137 138 139 140 141 142 143 144 145 146 147 148 149 150 151 152 153 154 155 156 157 158 159 160 161 162 163 164 165 166 167 168 169 170 171 172 173 174 175 176 177 178 179 180 181 182 183 184 185 186 187 188 189 190 191 192 193 194 195 196 197 198 199 200 201 202 203 204 205 206 207 208 209 210 211 212 213 214 215 216 217 218 219 220 221 222 223 224 225 226 227 228 229 230 231 232 233 234 235 236 237 238 239 240 241 242 243 244 245 246 247 248 249 250 251 252 253 254 255 256 257 258 259 260 261 262 263 264 265 266 267 268 269 270 271 272 1 273 274 275 276 277 2 3 278 279 280 281 4 5 6 282 283 284 7 8 9 10 285 286 11 12 13 14 287 16 17 18 19 22 23 24 25 29 30 31 36 37 43
16 22 23 1 29 30 2 3 36 37 4 5 6 43 44 7 8 9 10 50 51 11 12 13 14 15 57 58 17 18 19 20 21 64 65 24 25 26 27 28 71 72 31 32 33 34 35 78 79 38 39 40 41 42 85 86 45 46 47 48 49 92 93 52 53 54 55 56 99 100 59 60 61 62 63 106 107 66 67 68 69 70 113 114 73 74 75 76 77 120 121 80 81 82 83 84 127 128 87 88 89 90 91 134 135 94 95 96 97 98 141 142 101 102 103 104 105 148 149 108 109 110 111 112 155 156 115 116 117 118 119 162 163 122 123 124 125 126 169 170 129 130 131 132 133 176 177 136 137 138 139 140 183 184 143 144 145 146 147 190 191 150 151 152 153 154 197 198 157 158 159 160 161 204 205 164 165 166 167 168 211 212 171 172 173 174 175 218 219 178 179 180 181 182 225 226 185 186 187 188 189 232 233 192 193 194 195 196 239 240 199 200 201 202 203 246 247 206 207 208 209 210 253 254 213 214 215 216 217 260 261 220 221 222 223 224 267 268 227 228 229 230 231 273 274 234 235 236 237 238 278 279 241 242 243 244 245 282 283 248 249 250 251 252 285 286 255 256 257 258 259 287 262 263 264 265 266 269 270 271 272 275 276 277 280 281 284
17 23 24 29 30 31 3 36 37 38 5 6 43 44 45 8 9 10 50 51 52 12 13 14 15 57 58 59 18 19 20 21 64 65 66 25 26 27 28 71 72 73 32 33 34 35 78 79 80 39 40 41 42 85 86 87 46 47 48 49 92 93 94 53 54 55 56 99 100 101 60 61 62 63 106 107 108 67 68 69 70 113 114 115 74 75 76 77 120 121 122 81 82 83 84 127 128 129 88 89 90 91 134 135 136 95 96 97 98 141 142 143 102 103 104 105 148 149 150 109 110 111 112 155 156 157 116 117 118 119 162 163 164 123 124 125 126 169 170 171 130 131 132 133 176 177 178 137 138 139 140 183 184 185 144 145 146 147 190 191 192 151 152 153 154 197 198 199 158 159 160 161 204 205 206 165 166 167 168 211 212 213 172 173 174 175 218 219 220 179 180 181 182 225 226 227 186 187 188 189 232 233 234 193 194 195 196 239 240 241 200 201 202 203 246 247 248 207 208 209 210 253 254 255 214 215 216 217 260 261 262 221 222 223 224 267 268 269 228 229 230 231 273 274 275 235 236 237 238 278 279 280 242 243 244 245 282 283 284 249 250 251 252 285 286 11 256 257 258 259 287 16 263 264 265 266 22 270 271 272 1 276 277 2 281 4 7
18 24 25 30 31 32 36 37 38 39 6 43 44 45 46 9 10 50 51 52 53 13 14 15 57 58 59 60 19 20 21 64 65 66 67 26 27 28 71 72 73 74 33 34 35 78 79 80 81 40 41 42 85 86 87 88 47 48 49 92 93 94 95 54 55 56 99 100 101 102 61 62 63 106 107 108 109 68 69 70 113 114 115 116 75 76 77 120 121 122 123 82 83 84 127 128 129 130 89 90 91 134 135 136 137 96 97 98 141 142 143 144 103 104 105 148 149 150 151 110 111 112 155 156 157 158 117 118 119 162 163 164 165 124 125 126 169 170 171 172 131 132 133 176 177 178 179 138 139 140 183 184 185 186 145 146 147 190 191 192 193 152 153 154 197 198 199 200 159 160 161 204 205 206 207 166 167 168 211 212 213 214 173 174 175 218 219 220 221 180 181 182 225 226 227 228 187 188 189 232 233 234 235 194 195 196 239 240 241 242 201 202 203 246 247 248 249 208 209 210 253 254 255 256 215 216 217 260 261 262 263 222 223 224 267 268 269 270 229 230 231 273 274 275 276 236 237 238 278 279 280 281 243 244 245 282 283 284 7 250 251 252 285 286 11 12 257 258 259 287 16 17 264 265 266 22 23 271 272 1 29 277 2 3 4 5 8
19 25 26 31 32 33 37 38 39 40 43 44 45 46 47 10 50 51 52 53 54 14 15 57 58 59 60 61 20 21 64 65 66 67 68 27 28 71 72 73 74 75 34 35 78 79 80 81 82 41 42 85 86 87 88 89 48 49 92 93 94 95 96 55 56 99 100 101 102 103 62 63 106 107 108 109 110 69 70 113 114 115 116 117 76 77 120 121 122 123 124 83 84 127 128 129 130 131 90 91 134 135 136 137 138 97 98 141 142 143 144 145 104 105 148 149 150 151 152 111 112 155 156 157 158 159 118 119 162 163 164 165 166 125 126 169 170 171 172 173 132 133 176 177 178 179 180 139 140 183 184 185 186 187 146 147 190 191 192 193 194 153 154 197 198 199 200 201 160 161 204 205 206 207 208 167 168 211 212 213 214 215 174 175 218 219 220 221 222 181 182 225 226 227 228 229 188 189 232 233 234 235 236 195 196 239 240 241 242 243 202 203 246 247 248 249 250 209 210 253 254 255 256 257 216 217 260 261 262 263 264 223 224 267 268 269 270 271 230 231 273 274 275 276 277 237 238 278 279 280 281 4 244 245 282 283 284 7 8 251 252 285 286 11 12 13 258 259 287 16 17 18 265 266 22 23 24 272 1 29 30 2 3 36 5 6 9
20 26 27 32 33 34 38 39 40 41 44 45 46 47 48 50 51 52 53 54 55 15 57 58 59 60 61 62 21 64 65 66 67 68 69 28 71 72 73 74 75 76 35 78 79 80 81 82 83 42 85 86 87 88 89 90 49 92 93 94 95 96 97 56 99 100 101 102 103 104 63 106 107 108 109 110 111 70 113 114 115 116 117 118 77 120 121 122 123 124 125 84 127 128 129 130 131 132 91 134 135 136 137 138 139 98 141 142 143 144 145 146 105 148 149 150 151 152 153 112 155 156 157 158 159 160 119 162 163 164 165 166 167 126 169 170 171 172 173 174 133 176 177 178 179 180 181 140 183 184 185 186 187 188 147 190 191 192 193 194 195 154 197 198 199 200 201 202 161 204 205 206 207 208 209 168 211 212 213 214 215 216 175 218 219 220 221 222 223 182 225 226 227 228 229 230 189 232 233 234 235 236 237 196 239 240 241 242 243 244 203 246 247 248 249 250 251 210 253 254 255 256 257 258 217 260 261 262 263 264 265 224 267 268 269 270 271 272 231 273 274 275 276 277 2 238 278 279 280 281 4 5 245 282 283 284 7 8 9 252 285 286 11 12 13 14 259 287 16 17 18 19 266 22 23 24 25 1 29 30 31 3 36 37 6 43 10
21 27 28 33 34 35 39 40 41 42 45 46 47 48 49 51 52 53 54 55 56 57 58 59 60 61 62 63 64 65 66 67 68 69 70 71 72 73 74 75 76 77 78 79 80 81 82 83 84 85 86 87 88 89 90 91 92 93 94 95 96 97 98 99 100 101 102 103 104 105 106 107 108 109 110 111 112 113 114 115 116 117 118 119 120 121 122 123 124 125 126 127 128 129 130 131 132 133 134 135 136 137 138 139 140 141 142 143 144 145 146 147 148 149 150 151 152 153 154 155 156 157 158 159 160 161 162 163 164 165 166 167 168 169 170 171 172 173 174 175 176 177 178 179 180 181 182 183 184 185 186 187 188 189 190 191 192 193 194 195 196 197 198 199 200 201 202 203 204 205 206 207 208 209 210 211 212 213 214 215 216 217 218 219 220 221 222 223 224 225 226 227 228 229 230 231 232 233 234 235 236 237 238 239 240 241 242 243 244 245 246 247 248 249 250 251 252 253 254 255 256 257 258 259 260 261 262 263 264 265 266 267 268 269 270 271 272 1 273 274 275 276 277 2 3 278 279 280 281 4 5 6 282 283 284 7 8 9 10 285 286 11 12 13 14 15 287 16 17 18 19 20 22 23 24 25 26 29 30 31 32 36 37 38 43 44 50
22 1 29 2 3 36 4 5 6 43 7 8 9 10 50 11 12 13 14 15 57 16 17 18 19 20 21 64 23 24 25 26 27 28 71 30 31 32 33 34 35 78 37 38 39 40 41 42 85 44 45 46 47 48 49 92 51 52 53 54 55 56 99 58 59 60 61 62 63 106 65 66 67 68 69 70 113 72 73 74 75 76 77 120 79 80 81 82 83 84 127 86 87 88 89 90 91 134 93 94 95 96 97 98 141 100 101 102 103 104 105 148 107 108 109 110 111 112 155 114 115 116 117 118 119 162 121 122 123 124 125 126 169 128 129 130 131 132 133 176 135 136 137 138 139 140 183 142 143 144 145 146 147 190 149 150 151 152 153 154 197 156 157 158 159 160 161 204 163 164 165 166 167 168 211 170 171 172 173 174 175 218 177 178 179 180 181 182 225 184 185 186 187 188 189 232 191 192 193 194 195 196 239 198 199 200 201 202 203 246 205 206 207 208 209 210 253 212 213 214 215 216 217 260 219 220 221 222 223 224 267 226 227 228 229 230 231 273 233 234 235 236 237 238 278 240 241 242 243 244 245 282 247 248 249 250 251 252 285 254 255 256 257 258 259 287 261 262 263 264 265 266 268 269 270 271 272 274 275 276 277 279 280 281 283 284 286
23 29 30 3 36 37 5 6 43 44 8 9 10 50 51 12 13 14 15 57 58 17 18 19 20 21 64 65 24 25 26 27 28 71 72 31 32 33 34 35 78 79 38 39 40 41 42 85 86 45 46 47 48 49 92 93 52 53 54 55 56 99 100 59 60 61 62 63 106 107 66 67 68 69 70 113 114 73 74 75 76 77 120 121 80 81 82 83 84 127 128 87 88 89 90 91 134 135 94 95 96 97 98 141 142 101 102 103 104 105 148 149 108 109 110 111 112 155 156 115 116 117 118 119 162 163 122 123 124 125 126 169 170 129 130 131 132 133 176 177 136 137 138 139 140 183 184 143 144 145 146 147 190 191 150 151 152 153 154 197 198 157 158 159 160 161 204 205 164 165 166 167 168 211 212 171 172 173 174 175 218 219 178 179 180 181 182 225 226 185 186 187 188 189 232 233 192 193 194 195 196 239 240 199 200 201 202 203 246 247 206 207 208 209 210 253 254 213 214 215 216 217 260 261 220 221 222 223 224 267 268 227 228 229 230 231 273 274 234 235 236 237 238 278 279 241 242 243 244 245 282 283 248 249 250 251 252 285 286 255 256 257 258 259 287 16 262 263 264 265 266 22 269 270 271 272 1 275 276 277 2 280 281 4 284 7 11
24 30 31 36 37 38 6 43 44 45 9 10 50 51 52 13 14 15 57 58 59 18 19 20 21 64 65 66 25 26 27 28 71 72 73 32 33 34 35 78 79 80 39 40 41 42 85 86 87 46 47 48 49 92 93 94 53 54 55 56 99 100 101 60 61 62 63 106 107 108 67 68 69 70 113 114 115 74 75 76 77 120 121 122 81 82 83 84 127 128 129 88 89 90 91 134 135 136 95 96 97 98 141 142 143 102 103 104 105 148 149 150 109 110 111 112 155 156 157 116 117 118 119 162 163 164 123 124 125 126 169 170 171 130 131 132 133 176 177 178 137 138 139 140 183 184 185 144 145 146 147 190 191 192 151 152 153 154 197 198 199 158 159 160 161 204 205 206 165 166 167 168 211 212 213 172 173 174 175 218 219 220 179 180 181 182 225 226 227 186 187 188 189 232 233 234 193 194 195 196 239 240 241 200 201 202 203 246 247 248 207 208 209 210 253 254 255 214 215 216 217 260 261 262 221 222 223 224 267 268 269 228 229 230 231 273 274 275 235 236 237 238 278 279 280 242 243 244 245 282 283 284 249 250 251 252 285 286 11 256 257 258 259 287 16 17 263 264 265 266 22 23 270 271 272 1 29 276 277 2 3 281 4 5 7 8 12
25 31 32 37 38 39 43 44 45 46 10 50 51 52 53 14 15 57 58 59 60 19 20 21 64 65 66 67 26 27 28 71 72 73 74 33 34 35 78 79 80 81 40 41 42 85 86 87 88 47 48 49 92 93 94 95 54 55 56 99 100 101 102 61 62 63 106 107 108 109 68 69 70 113 114 115 116 75 76 77 120 121 122 123 82 83 84 127 128 129 130 89 90 91 134 135 136 137 96 97 98 141 142 143 144 103 104 105 148 149 150 151 110 111 112 155 156 157 158 117 118 119 162 163 164 165 124 125 126 169 170 171 172 131 132 133 176 177 178 179 138 139 140 183 184 185 186 145 146 147 190 191 192 193 152 153 154 197 198 199 200 159 160 161 204 205 206 207 166 167 168 211 212 213 214 173 174 175 218 219 220 221 180 181 182 225 226 227 228 187 188 189 232 233 234 235 194 195 196 239 240 241 242 201 202 203 246 247 248 249 208 209 210 253 254 255 256 215 216 217 260 261 262 263 222 223 224 267 268 269 270 229 230 231 273 274 275 276 236 237 238 278 279 280 281 243 244 245 282 283 284 7 250 251 252 285 286 11 12 257 258 259 287 16 17 18 264 265 266 22 23 24 271 272 1 29 30 277 2 3 36 4 5 6 8 9 13
26 32 33 38 39 40 44 45 46 47 50 51 52 53 54 15 57 58 59 60 61 20 21 64 65 66 67 68 27 28 71 72 73 74 75 34 35 78 79 80 81 82 41 42 85 86 87 88 89 48 49 92 93 94 95 96 55 56 99 100 101 102 103 62 63 106 107 108 109 110 69 70 113 114 115 116 117 76 77 120 121 122 123 124 83 84 127 128 129 130 131 90 91 134 135 136 137 138 97 98 141 142 143 144 145 104 105 148 149 150 151 152 111 112 155 156 157 158 159 118 119 162 163 164 165 166 125 126 169 170 171 172 173 132 133 176 177 178 179 180 139 140 183 184 185 186 187 146 147 190 191 192 193 194 153 154 197 198 199 200 201 160 161 204 205 206 207 208 167 168 211 212 213 214 215 174 175 218 219 220 221 222 181 182 225 226 227 228 229 188 189 232 233 234 235 236 195 196 239 240 241 242 243 202 203 246 247 248 249 250 209 210 253 254 255 256 257 216 217 260 261 262 263 264 223 224 267 268 269 270 271 230 231 273 274 275 276 277 237 238 278 279 280 281 4 244 245 282 283 284 7 8 251 252 285 286 11 12 13 258 259 287 16 17 18 19 265 266 22 23 24 25 272 1 29 30 31 2 3 36 37 5 6 43 9 10 14
27 33 34 39 40 41 45 46 47 48 51 52 53 54 55 57 58 59 60 61 62 21 64 65 66 67 68 69 28 71 72 73 74 75 76 35 78 79 80 81 82 83 42 85 86 87 88 89 90 49 92 93 94 95 96 97 56 99 100 101 102 103 104 63 106 107 108 109 110 111 70 113 114 115 116 117 118 77 120 121 122 123 124 125 84 127 128 129 130 131 132 91 134 135 136 137 138 139 98 141 142 143 144 145 146 105 148 149 150 151 152 153 112 155 156 157 158 159 160 119 162 163 164 165 166 167 126 169 170 171 172 173 174 133 176 177 178 179 180 181 140 183 184 185 186 187 188 147 190 191 192 193 194 195 154 197 198 199 200 201 202 161 204 205 206 207 208 209 168 211 212 213 214 215 216 175 218 219 220 221 222 223 182 225 226 227 228 229 230 189 232 233 234 235 236 237 196 239 240 241 242 243 244 203 246 247 248 249 250 251 210 253 254 255 256 257 258 217 260 261 262 263 264 265 224 267 268 269 270 271 272 231 273 274 275 276 277 2 238 278 279 280 281 4 5 245 282 283 284 7 8 9 252 285 286 11 12 13 14 259 287 16 17 18 19 20 266 22 23 24 25 26 1 29 30 31 32 3 36 37 38 6 43 44 10 50 15
28 34 35 40 41 42 46 47 48 49 52 53 54 55 56 58 59 60 61 62 63 64 65 66 67 68 69 70 71 72 73 74 75 76 77 78 79 80 81 82 83 84 85 86 87 88 89 90 91 92 93 94 95 96 97 98 99 100 101 102 103 104 105 106 107 108 109 110 111 112 113 114 115 116 117 118 119 120 121 122 123 124 125 126 127 128 129 130 131 132 133 134 135 136 137 138 139 140 141 142 143 144 145 146 147 148 149 150 151 152 153 154 155 156 157 158 159 160 161 162 163 164 165 166 167 168 169 170 171 172 173 174 175 176 177 178 179 180 181 182 183 184 185 186 187 188 189 190 191 192 193 194 195 196 197 198 199 200 201 202 203 204 205 206 207 208 209 210 211 212 213 214 215 216 217 218 219 220 221 222 223 224 225 226 227 228 229 230 231 232 233 234 235 236 237 238 239 240 241 242 243 244 245 246 247 248 249 250 251 252 253 254 255 256 257 258 259 260 261 262 263 264 265 266 267 268 269 270 271 272 1 273 274 275 276 277 2 3 278 279 280 281 4 5 6 282 283 284 7 8 9 10 285 286 11 12 13 14 15 287 16 17 18 19 20 21 22 23 24 25 26 27 29 30 31 32 33 36 37 38 39 43 44 45 50 51 57
29 3 36 5 6 43 8 9 10 50 12 13 14 15 57 17 18 19 20 21 64 23 24 25 26 27 28 71 30 31 32 33 34 35 78 37 38 39 40 41 42 85 44 45 46 47 48 49 92 51 52 53 54 55 56 99 58 59 60 61 62 63 106 65 66 67 68 69 70 113 72 73 74 75 76 77 120 79 80 81 82 83 84 127 86 87 88 89 90 91 134 93 94 95 96 97 98 141 100 101 102 103 104 105 148 107 108 109 110 111 112 155 114 115 116 117 118 119 162 121 122 123 124 125 126 169 128 129 130 131 132 133 176 135 136 137 138 139 140 183 142 143 144 145 146 147 190 149 150 151 152 153 154 197 156 157 158 159 160 161 204 163 164 165 166 167 168 211 170 171 172 173 174 175 218 177 178 179 180 181 182 225 184 185 186 187 188 189 232 191 192 193 194 195 196 239 198 199 200 201 202 203 246 205 206 207 208 209 210 253 212 213 214 215 216 217 260 219 220 221 222 223 224 267 226 227 228 229 230 231 273 233 234 235 236 237 238 278 240 241 242 243 244 245 282 247 248 249 250 251 252 285 254 255 256 257 258 259 287 261 262 263 264 265 266 22 268 269 270 271 272 1 274 275 276 277 2 279 280 281 4 283 284 7 286 11 16
30 36 37 6 43 44 9 10 50 51 13 14 15 57 58 18 19 20 21 64 65 24 25 26 27 28 71 72 31 32 33 34 35 78 79 38 39 40 41 42 85 86 45 46 47 48 49 92 93 52 53 54 55 56 99 100 59 60 61 62 63 106 107 66 67 68 69 70 113 114 73 74 75 76 77 120 121 80 81 82 83 84 127 128 87 88 89 90 91 134 135 94 95 96 97 98 141 142 101 102 103 104 105 148 149 108 109 110 111 112 155 156 115 116 117 118 119 162 163 122 123 124 125 126 169 170 129 130 131 132 133 176 177 136 137 138 139 140 183 184 143 144 145 146 147 190 191 150 151 152 153 154 197 198 157 158 159 160 161 204 205 164 165 166 167 168 211 212 171 172 173 174 175 218 219 178 179 180 181 182 225 226 185 186 187 188 189 232 233 192 193 194 195 196 239 240 199 200 201 202 203 246 247 206 207 208 209 210 253 254 213 214 215 216 217 260 261 220 221 222 223 224 267 268 227 228 229 230 231 273 274 234 235 236 237 238 278 279 241 242 243 244 245 282 283 248 249 250 251 252 285 286 255 256 257 258 259 287 16 262 263 264 265 266 22 23 269 270 271 272 1 29 275 276 277 2 3 280 281 4 5 284 7 8 11 12 17
31 37 38 43 44 45 10 50 51 52 14 15 57 58 59 19 20 21 64 65 66 25 26 27 28 71 72 73 32 33 34 35 78 79 80 39 40 41 42 85 86 87 46 47 48 49 92 93 94 53 54 55 56 99 100 101 60 61 62 63 106 107 108 67 68 69 70 113 114 115 74 75 76 77 120 121 122 81 82 83 84 127 128 129 88 89 90 91 134 135 136 95 96 97 98 141 142 143 102 103 104 105 148 149 150 109 110 111 112 155 156 157 116 117 118 119 162 163 164 123 124 125 126 169 170 171 130 131 132 133 176 177 178 137 138 139 140 183 184 185 144 145 146 147 190 191 192 151 152 153 154 197 198 199 158 159 160 161 204 205 206 165 166 167 168 211 212 213 172 173 174 175 218 219 220 179 180 181 182 225 226 227 186 187 188 189 232 233 234 193 194 195 196 239 240 241 200 201 202 203 246 247 248 207 208 209 210 253 254 255 214 215 216 217 260 261 262 221 222 223 224 267 268 269 228 229 230 231 273 274 275 235 236 237 238 278 279 280 242 243 244 245 282 283 284 249 250 251 252 285 286 11 256 257 258 259 287 16 17 263 264 265 266 22 23 24 270 271 272 1 29 30 276 277 2 3 36 281 4 5 6 7 8 9 12 13 18
32 38 39 44 45 46 50 51 52 53 15 57 58 59 60 20 21 64 65 66 67 26 27 28 71 72 73 74 33 34 35 78 79 80 81 40 41 42 85 86 87 88 47 48 49 92 93 94 95 54 55 56 99 100 101 102 61 62 63 106 107 108 109 68 69 70 113 114 115 116 75 76 77 120 121 122 123 82 83 84 127 128 129 130 89 90 91 134 135 136 137 96 97 98 141 142 143 144 103 104 105 148 149 150 151 110 111 112 155 156 157 158 117 118 119 162 163 164 165 124 125 126 169 170 171 172 131 132 133 176 177 178 179 138 139 140 183 184 185 186 145 146 147 190 191 192 193 152 153 154 197 198 199 200 159 160 161 204 205 206 207 166 167 168 211 212 213 214 173 174 175 218 219 220 221 180 181 182 225 226 227 228 187 188 189 232 233 234 235 194 195 196 239 240 241 242 201 202 203 246 247 248 249 208 209 210 253 254 255 256 215 216 217 260 261 262 263 222 223 224 267 268 269 270 229 230 231 273 274 275 276 236 237 238 278 279 280 281 243 244 245 282 283 284 7 250 251 252 285 286 11 12 257 258 259 287 16 17 18 264 265 266 22 23 24 25 271 272 1 29 30 31 277 2 3 36 37 4 5 6 43 8 9 10 13 14 19
33 39 40 45 46 47 51 52 53 54 57 58 59 60 61 21 64 65 66 67 68 27 28 71 72 73 74 75 34 35 78 79 80 81 82 41 42 85 86 87 88 89 48 49 92 93 94 95 96 55 56 99 100 101 102 103 62 63 106 107 108 109 110 69 70 113 114 115 116 117 76 77 120 121 122 123 124 83 84 127 128 129 130 131 90 91 134 135 136 137 138 97 98 141 142 143 144 145 104 105 148 149 150 151 152 111 112 155 156 157 158 159 118 119 162 163 164 165 166 125 126 169 170 171 172 173 132 133 176 177 178 179 180 139 140 183 184 185 186 187 146 147 190 191 192 193 194 153 154 197 198 199 200 201 160 161 204 205 206 207 208 167 168 211 212 213 214 215 174 175 218 219 220 221 222 181 182 225 226 227 228 229 188 189 232 233 234 235 236 195 196 239 240 241 242 243 202 203 246 247 248 249 250 209 210 253 254 255 256 257 216 217 260 261 262 263 264 223 224 267 268 269 270 271 230 231 273 274 275 276 277 237 238 278 279 280 281 4 244 245 282 283 284 7 8 251 252 285 286 11 12 13 258 259 287 16 17 18 19 265 266 22 23 24 25 26 272 1 29 30 31 32 2 3 36 37 38 5 6 43 44 9 10 50 14 15 20
34 40 41 46 47 48 52 53 54 55 58 59 60 61 62 64 65 66 67 68 69 28 71 72 73 74 75 76 35 78 79 80 81 82 83 42 85 86 87 88 89 90 49 92 93 94 95 96 97 56 99 100 101 102 103 104 63 106 107 108 109 110 111 70 113 114 115 116 117 118 77 120 121 122 123 124 125 84 127 128 129 130 131 132 91 134 135 136 137 138 139 98 141 142 143 144 145 146 105 148 149 150 151 152 153 112 155 156 157 158 159 160 119 162 163 164 165 166 167 126 169 170 171 172 173 174 133 176 177 178 179 180 181 140 183 184 185 186 187 188 147 190 191 192 193 194 195 154 197 198 199 200 201 202 161 204 205 206 207 208 209 168 211 212 213 214 215 216 175 218 219 220 221 222 223 182 225 226 227 228 229 230 189 232 233 234 235 236 237 196 239 240 241 242 243 244 203 246 247 248 249 250 251 210 253 254 255 256 257 258 217 260 261 262 263 264 265 224 267 268 269 270 271 272 231 273 274 275 276 277 2 238 278 279 280 281 4 5 245 282 283 284 7 8 9 252 285 286 11 12 13 14 259 287 16 17 18 19 20 266 22 23 24 25 26 27 1 29 30 31 32 33 3 36 37 38 39 6 43 44 45 10 50 51 15 57 21
35 41 42 47 48 49 53 54 55 56 59 60 61 62 63 65 66 67 68 69 70 71 72 73 74 75 76 77 78 79 80 81 82 83 84 85 86 87 88 89 90 91 92 93 94 95 96 97 98 99 100 101 102 103 104 105 106 107 108 109 110 111 112 113 114 115 116 117 118 119 120 121 122 123 124 125 126 127 128 129 130 131 132 133 134 135 136 137 138 139 140 141 142 143 144 145 146 147 148 149 150 151 152 153 154 155 156 157 158 159 160 161 162 163 164 165 166 167 168 169 170 171 172 173 174 175 176 177 178 179 180 181 182 183 184 185 186 187 188 189 190 191 192 193 194 195 196 197 198 199 200 201 202 203 204 205 206 207 208 209 210 211 212 213 214 215 216 217 218 219 220 221 222 223 224 225 226 227 228 229 230 231 232 233 234 235 236 237 238 239 240 241 242 243 244 245 246 247 248 249 250 251 252 253 254 255 256 257 258 259 260 261 262 263 264 265 266 267 268 269 270 271 272 1 273 274 275 276 277 2 3 278 279 280 281 4 5 6 282 283 284 7 8 9 10 285 286 11 12 13 14 15 287 16 17 18 19 20 21 22 23 24 25 26 27 28 29 30 31 32 33 34 36 37 38 39 40 43 44 45 46 50 51 52 57 58 64
36 6 43 9 10 50 13 14 15 57 18 19 20 21 64 24 25 26 27 28 71 30 31 32 33 34 35 78 37 38 39 40 41 42 85 44 45 46 47 48 49 92 51 52 53 54 55 56 99 58 59 60 61 62 63 106 65 66 67 68 69 70 113 72 73 74 75 76 77 120 79 80 81 82 83 84 127 86 87 88 89 90 91 134 93 94 95 96 97 98 141 100 101 102 103 104 105 148 107 108 109 110 111 112 155 114 115 116 117 118 119 162 121 122 123 124 125 126 169 128 129 130 131 132 133 176 135 136 137 138 139 140 183 142 143 144 145 146 147 190 149 150 151 152 153 154 197 156 157 158 159 160 161 204 163 164 165 166 167 168 211 170 171 172 173 174 175 218 177 178 179 180 181 182 225 184 185 186 187 188 189 232 191 192 193 194 195 196 239 198 199 200 201 202 203 246 205 206 207 208 209 210 253 212 213 214 215 216 217 260 219 220 221 222 223 224 267 226 227 228 229 230 231 273 233 234 235 236 237 238 278 240 241 242 243 244 245 282 247 248 249 250 251 252 285 254 255 256 257 258 259 287 261 262 263 264 265 266 22 268 269 270 271 272 1 29 274 275 276 277 2 3 279 280 281 4 5 283 284 7 8 286 11 12 16 17 23
37 43 44 10 50 51 14 15 57 58 19 20 21 64 65 25 26 27 28 71 72 31 32 33 34 35 78 79 38 39 40 41 42 85 86 45 46 47 48 49 92 93 52 53 54 55 56 99 100 59 60 61 62 63 106 107 66 67 68 69 70 113 114 73 74 75 76 77 120 121 80 81 82 83 84 127 128 87 88 89 90 91 134 135 94 95 96 97 98 141 142 101 102 103 104 105 148 149 108 109 110 111 112 155 156 115 116 117 118 119 162 163 122 123 124 125 126 169 170 129 130 131 132 133 176 177 136 137 138 139 140 183 184 143 144 145 146 147 190 191 150 151 152 153 154 197 198 157 158 159 160 161 204 205 164 165 166 167 168 211 212 171 172 173 174 175 218 219 178 179 180 181 182 225 226 185 186 187 188 189 232 233 192 193 194 195 196 239 240 199 200 201 202 203 246 247 206 207 208 209 210 253 254 213 214 215 216 217 260 261 220 221 222 223 224 267 268 227 228 229 230 231 273 274 234 235 236 237 238 278 279 241 242 243 244 245 282 283 248 249 250 251 252 285 286 255 256 257 258 259 287 16 262 263 264 265 266 22 23 269 270 271 272 1 29 30 275 276 277 2 3 36 280 281 4 5 6 284 7 8 9 11 12 13 17 18 24
38 44 45 50 51 52 15 57 58 59 20 21 64 65 66 26 27 28 71 72 73 32 33 34 35 78 79 80 39 40 41 42 85 86 87 46 47 48 49 92 93 94 53 54 55 56 99 100 101 60 61 62 63 106 107 108 67 68 69 70 113 114 115 74 75 76 77 120 121 122 81 82 83 84 127 128 129 88 89 90 91 134 135 136 95 96 97 98 141 142 143 102 103 104 105 148 149 150 109 110 111 112 155 156 157 116 117 118 119 162 163 164 123 124 125 126 169 170 171 130 131 132 133 176 177 178 137 138 139 140 183 184 185 144 145 146 147 190 191 192 151 152 153 154 197 198 199 158 159 160 161 204 205 206 165 166 167 168 211 212 213 172 173 174 175 218 219 220 179 180 181 182 225 226 227 186 187 188 189 232 233 234 193 194 195 196 239 240 241 200 201 202 203 246 247 248 207 208 209 210 253 254 255 214 215 216 217 260 261 262 221 222 223 224 267 268 269 228 229 230 231 273 274 275 235 236 237 238 278 279 280 242 243 244 245 282 283 284 249 250 251 252 285 286 11 256 257 258 259 287 16 17 263 264 265 266 22 23 24 270 271 272 1 29 30 31 276 277 2 3 36 37 281 4 5 6 43 7 8 9 10 12 13 14 18 19 25
39 45 46 51 52 53 57 58 59 60 21 64 65 66 67 27 28 71 72 73 74 33 34 35 78 79 80 81 40 41 42 85 86 87 88 47 48 49 92 93 94 95 54 55 56 99 100 101 102 61 62 63 106 107 108 109 68 69 70 113 114 115 116 75 76 77 120 121 122 123 82 83 84 127 128 129 130 89 90 91 134 135 136 137 96 97 98 141 142 143 144 103 104 105 148 149 150 151 110 111 112 155 156 157 158 117 118 119 162 163 164 165 124 125 126 169 170 171 172 131 132 133 176 177 178 179 138 139 140 183 184 185 186 145 146 147 190 191 192 193 152 153 154 197 198 199 200 159 160 161 204 205 206 207 166 167 168 211 212 213 214 173 174 175 218 219 220 221 180 181 182 225 226 227 228 187 188 189 232 233 234 235 194 195 196 239 240 241 242 201 202 203 246 247 248 249 208 209 210 253 254 255 256 215 216 217 260 261 262 263 222 223 224 267 268 269 270 229 230 231 273 274 275 276 236 237 238 278 279 280 281 243 244 245 282 283 284 7 250 251 252 285 286 11 12 257 258 259 287 16 17 18 264 265 266 22 23 24 25 271 272 1 29 30 31 32 277 2 3 36 37 38 4 5 6 43 44 8 9 10 50 13 14 15 19 20 26
40 46 47 52 53 54 58 59 60 61 64 65 66 67 68 28 71 72 73 74 75 34 35 78 79 80 81 82 41 42 85 86 87 88 89 48 49 92 93 94 95 96 55 56 99 100 101 102 103 62 63 106 107 108 109 110 69 70 113 114 115 116 117 76 77 120 121 122 123 124 83 84 127 128 129 130 131 90 91 134 135 136 137 138 97 98 141 142 143 144 145 104 105 148 149 150 151 152 111 112 155 156 157 158 159 118 119 162 163 164 165 166 125 126 169 170 171 172 173 132 133 176 177 178 179 180 139 140 183 184 185 186 187 146 147 190 191 192 193 194 153 154 197 198 199 200 201 160 161 204 205 206 207 208 167 168 211 212 213 214 215 174 175 218 219 220 221 222 181 182 225 226 227 228 229 188 189 232 233 234 235 236 195 196 239 240 241 242 243 202 203 246 247 248 249 250 209 210 253 254 255 256 257 216 217 260 261 262 263 264 223 224 267 268 269 270 271 230 231 273 274 275 276 277 237 238 278 279 280 281 4 244 245 282 283 284 7 8 251 252 285 286 11 12 13 258 259 287 16 17 18 19 265 266 22 23 24 25 26 272 1 29 30 31 32 33 2 3 36 37 38 39 5 6 43 44 45 9 10 50 51 14 15 57 20 21 27
41 47 48 53 54 55 59 60 61 62 65 66 67 68 69 71 72 73 74 75 76 35 78 79 80 81 82 83 42 85 86 87 88 89 90 49 92 93 94 95 96 97 56 99 100 101 102 103 104 63 106 107 108 109 110 111 70 113 114 115 116 117 118 77 120 121 122 123 124 125 84 127 128 129 130 131 132 91 134 135 136 137 138 139 98 141 142 143 144 145 146 105 148 149 150 151 152 153 112 155 156 157 158 159 160 119 162 163 164 165 166 167 126 169 170 171 172 173 174 133 176 177 178 179 180 181 140 183 184 185 186 187 188 147 190 191 192 193 194 195 154 197 198 199 200 201 202 161 204 205 206 207 208 209 168 211 212 213 214 215 216 175 218 219 220 221 222 223 182 225 226 227 228 229 230 189 232 233 234 235 236 237 196 239 240 241 242 243 244 203 246 247 248 249 250 251 210 253 254 255 256 257 258 217 260 261 262 263 264 265 224 267 268 269 270 271 272 231 273 274 275 276 277 2 238 278 279 280 281 4 5 245 282 283 284 7 8 9 252 285 286 11 12 13 14 259 287 16 17 18 19 20 266 22 23 24 25 26 27 1 29 30 31 32 33 34 3 36 37 38 39 40 6 43 44 45 46 10 50 51 52 15 57 58 21 64 28
42 48 49 54 55 56 60 61 62 63 66 67 68 69 70 72 73 74 75 76 77 78 79 80 81 82 83 84 85 86 87 88 89 90 91 92 93 94 95 96 97 98 99 100 101 102 103 104 105 106 107 108 109 110 111 112 113 114 115 116 117 118 119 120 121 122 123 124 125 126 127 128 129 130 131 132 133 134 135 136 137 138 139 140 141 142 143 144 145 146 147 148 149 150 151 152 153 154 155 156 157 158 159 160 161 162 163 164 165 166 167 168 169 170 171 172 173 174 175 176 177 178 179 180 181 182 183 184 185 186 187 188 189 190 191 192 193 194 195 196 197 198 199 200 201 202 203 204 205 206 207 208 209 210 211 212 213 214 215 216 217 218 219 220 221 222 223 224 225 226 227 228 229 230 231 232 233 234 235 236 237 238 239 240 241 242 243 244 245 246 247 248 249 250 251 252 253 254 255 256 257 258 259 260 261 262 263 264 265 266 267 268 269 270 271 272 1 273 274 275 276 277 2 3 278 279 280 281 4 5 6 282 283 284 7 8 9 10 285 286 11 12 13 14 15 287 16 17 18 19 20 21 22 23 24 25 26 27 28 29 30 31 32 33 34 35 36 37 38 39 40 41 43 44 45 46 47 50 51 52 53 57 58 59 64 65 71
43 10 50 14 15 57 19 20 21 64 25 26 27 28 71 31 32 33 34 35 78 37 38 39 40 41 42 85 44 45 46 47 48 49 92 51 52 53 54 55 56 99 58 59 60 61 62 63 106 65 66 67 68 69 70 113 72 73 74 75 76 77 120 79 80 81 82 83 84 127 86 87 88 89 90 91 134 93 94 95 96 97 98 141 100 101 102 103 104 105 148 107 108 109 110 111 112 155 114 115 116 117 118 119 162 121 122 123 124 125 126 169 128 129 130 131 132 133 176 135 136 137 138 139 140 183 142 143 144 145 146 147 190 149 150 151 152 153 154 197 156 157 158 159 160 161 204 163 164 165 166 167 168 211 170 171 172 173 174 175 218 177 178 179 180 181 182 225 184 185 186 187 188 189 232 191 192 193 194 195 196 239 198 199 200 201 202 203 246 205 206 207 208 209 210 253 212 213 214 215 216 217 260 219 220 221 222 223 224 267 226 227 228 229 230 231 273 233 234 235 236 237 238 278 240 241 242 243 244 245 282 247 248 249 250 251 252 285 254 255 256 257 258 259 287 261 262 263 264 265 266 22 268 269 270 271 272 1 29 274 275 276 277 2 3 36 279 280 281 4 5 6 283 284 7 8 9 286 11 12 13 16 17 18 23 24 30
44 50 51 15 57 58 20 21 64 65 26 27 28 71 72 32 33 34 35 78 79 38 39 40 41 42 85 86 45 46 47 48 49 92 93 52 53 54 55 56 99 100 59 60 61 62 63 106 107 66 67 68 69 70 113 114 73 74 75 76 77 120 121 80 81 82 83 84 127 128 87 88 89 90 91 134 135 94 95 96 97 98 141 142 101 102 103 104 105 148 149 108 109 110 111 112 155 156 115 116 117 118 119 162 163 122 123 124 125 126 169 170 129 130 131 132 133 176 177 136 137 138 139 140 183 184 143 144 145 146 147 190 191 150 151 152 153 154 197 198 157 158 159 160 161 204 205 164 165 166 167 168 211 212 171 172 173 174 175 218 219 178 179 180 181 182 225 226 185 186 187 188 189 232 233 192 193 194 195 196 239 240 199 200 201 202 203 246 247 206 207 208 209 210 253 254 213 214 215 216 217 260 261 220 221 222 223 224 267 268 227 228 229 230 231 273 274 234 235 236 237 238 278 279 241 242 243 244 245 282 283 248 249 250 251 252 285 286 255 256 257 258 259 287 16 262 263 264 265 266 22 23 269 270 271 272 1 29 30 275 276 277 2 3 36 37 280 281 4 5 6 43 284 7 8 9 10 11 12 13 14 17 18 19 24 25 31
45 51 52 57 58 59 21 64 65 66 27 28 71 72 73 33 34 35 78 79 80 39 40 41 42 85 86 87 46 47 48 49 92 93 94 53 54 55 56 99 100 101 60 61 62 63 106 107 108 67 68 69 70 113 114 115 74 75 76 77 120 121 122 81 82 83 84 127 128 129 88 89 90 91 134 135 136 95 96 97 98 141 142 143 102 103 104 105 148 149 150 109 110 111 112 155 156 157 116 117 118 119 162 163 164 123 124 125 126 169 170 171 130 131 132 133 176 177 178 137 138 139 140 183 184 185 144 145 146 147 190 191 192 151 152 153 154 197 198 199 158 159 160 161 204 205 206 165 166 167 168 211 212 213 172 173 174 175 218 219 220 179 180 181 182 225 226 227 186 187 188 189 232 233 234 193 194 195 196 239 240 241 200 201 202 203 246 247 248 207 208 209 210 253 254 255 214 215 216 217 260 261 262 221 222 223 224 267 268 269 228 229 230 231 273 274 275 235 236 237 238 278 279 280 242 243 244 245 282 283 284 249 250 251 252 285 286 11 256 257 258 259 287 16 17 263 264 265 266 22 23 24 270 271 272 1 29 30 31 276 277 2 3 36 37 38 281 4 5 6 43 44 7 8 9 10 50 12 13 14 15 18 19 20 25 26 32
46 52 53 58 59 60 64 65 66 67 28 71 72 73 74 34 35 78 79 80 81 40 41 42 85 86 87 88 47 48 49 92 93 94 95 54 55 56 99 100 101 102 61 62 63 106 107 108 109 68 69 70 113 114 115 116 75 76 77 120 121 122 123 82 83 84 127 128 129 130 89 90 91 134 135 136 137 96 97 98 141 142 143 144 103 104 105 148 149 150 151 110 111 112 155 156 157 158 117 118 119 162 163 164 165 124 125 126 169 170 171 172 131 132 133 176 177 178 179 138 139 140 183 184 185 186 145 146 147 190 191 192 193 152 153 154 197 198 199 200 159 160 161 204 205 206 207 166 167 168 211 212 213 214 173 174 175 218 219 220 221 180 181 182 225 226 227 228 187 188 189 232 233 234 235 194 195 196 239 240 241 242 201 202 203 246 247 248 249 208 209 210 253 254 255 256 215 216 217 260 261 262 263 222 223 224 267 268 269 270 229 230 231 273 274 275 276 236 237 238 278 279 280 281 243 244 245 282 283 284 7 250 251 252 285 286 11 12 257 258 259 287 16 17 18 264 265 266 22 23 24 25 271 272 1 29 30 31 32 277 2 3 36 37 38 39 4 5 6 43 44 45 8 9 10 50 51 13 14 15 57 19 20 21 26 27 33
47 53 54 59 60 61 65 66 67 68 71 72 73 74 75 35 78 79 80 81 82 41 42 85 86 87 88 89 48 49 92 93 94 95 96 55 56 99 100 101 102 103 62 63 106 107 108 109 110 69 70 113 114 115 116 117 76 77 120 121 122 123 124 83 84 127 128 129 130 131 90 91 134 135 136 137 138 97 98 141 142 143 144 145 104 105 148 149 150 151 152 111 112 155 156 157 158 159 118 119 162 163 164 165 166 125 126 169 170 171 172 173 132 133 176 177 178 179 180 139 140 183 184 185 186 187 146 147 190 191 192 193 194 153 154 197 198 199 200 201 160 161 204 205 206 207 208 167 168 211 212 213 214 215 174 175 218 219 220 221 222 181 182 225 226 227 228 229 188 189 232 233 234 235 236 195 196 239 240 241 242 243 202 203 246 247 248 249 250 209 210 253 254 255 256 257 216 217 260 261 262 263 264 223 224 267 268 269 270 271 230 231 273 274 275 276 277 237 238 278 279 280 281 4 244 245 282 283 284 7 8 251 252 285 286 11 12 13 258 259 287 16 17 18 19 265 266 22 23 24 25 26 272 1 29 30 31 32 33 2 3 36 37 38 39 40 5 6 43 44 45 46 9 10 50 51 52 14 15 57 58 20 21 64 27 28 34
48 54 55 60 61 62 66 67 68 69 72 73 74 75 76 78 79 80 81 82 83 42 85 86 87 88 89 90 49 92 93 94 95 96 97 56 99 100 101 102 103 104 63 106 107 108 109 110 111 70 113 114 115 116 117 118 77 120 121 122 123 124 125 84 127 128 129 130 131 132 91 134 135 136 137 138 139 98 141 142 143 144 145 146 105 148 149 150 151 152 153 112 155 156 157 158 159 160 119 162 163 164 165 166 167 126 169 170 171 172 173 174 133 176 177 178 179 180 181 140 183 184 185 186 187 188 147 190 191 192 193 194 195 154 197 198 199 200 201 202 161 204 205 206 207 208 209 168 211 212 213 214 215 216 175 218 219 220 221 222 223 182 225 226 227 228 229 230 189 232 233 234 235 236 237 196 239 240 241 242 243 244 203 246 247 248 249 250 251 210 253 254 255 256 257 258 217 260 261 262 263 264 265 224 267 268 269 270 271 272 231 273 274 275 276 277 2 238 278 279 280 281 4 5 245 282 283 284 7 8 9 252 285 286 11 12 13 14 259 287 16 17 18 19 20 266 22 23 24 25 26 27 1 29 30 31 32 33 34 3 36 37 38 39 40 41 6 43 44 45 46 47 10 50 51 52 53 15 57 58 59 21 64 65 28 71 35
49 55 56 61 62 63 67 68 69 70 73 74 75 76 77 79 80 81 82 83 84 85 86 87 88 89 90 91 92 93 94 95 96 97 98 99 100 101 102 103 104 105 106 107 108 109 110 111 112 113 114 115 116 117 118 119 120 121 122 123 124 125 126 127 128 129 130 131 132 133 134 135 136 137 138 139 140 141 142 143 144 145 146 147 148 149 150 151 152 153 154 155 156 157 158 159 160 161 162 163 164 165 166 167 168 169 170 171 172 173 174 175 176 177 178 179 180 181 182 183 184 185 186 187 188 189 190 191 192 193 194 195 196 197 198 199 200 201 202 203 204 205 206 207 208 209 210 211 212 213 214 215 216 217 218 219 220 221 222 223 224 225 226 227 228 229 230 231 232 233 234 235 236 237 238 239 240 241 242 243 244 245 246 247 248 249 250 251 252 253 254 255 256 257 258 259 260 261 262 263 264 265 266 267 268 269 270 271 272 1 273 274 275 276 277 2 3 278 279 280 281 4 5 6 282 283 284 7 8 9 10 285 286 11 12 13 14 15 287 16 17 18 19 20 21 22 23 24 25 26 27 28 29 30 31 32 33 34 35 36 37 38 39 40 41 42 43 44 45 46 47 48 50 51 52 53 54 57 58 59 60 64 65 66 71 72 78
50 15 57 20 21 64 26 27 28 71 32 33 34 35 78 38 39 40 41 42 85 44 45 46 47 48 49 92 51 52 53 54 55 56 99 58 59 60 61 62 63 106 65 66 67 68 69 70 113 72 73 74 75 76 77 120 79 80 81 82 83 84 127 86 87 88 89 90 91 134 93 94 95 96 97 98 141 100 101 102 103 104 105 148 107 108 109 110 111 112 155 114 115 116 117 118 119 162 121 122 123 124 125 126 169 128 129 130 131 132 133 176 135 136 137 138 139 140 183 142 143 144 145 146 147 190 149 150 151 152 153 154 197 156 157 158 159 160 161 204 163 164 165 166 167 168 211 170 171 172 173 174 175 218 177 178 179 180 181 182 225 184 185 186 187 188 189 232 191 192 193 194 195 196 239 198 199 200 201 202 203 246 205 206 207 208 209 210 253 212 213 214 215 216 217 260 219 220 221 222 223 224 267 226 227 228 229 230 231 273 233 234 235 236 237 238 278 240 241 242 243 244 245 282 247 248 249 250 251 252 285 254 255 256 257 258 259 287 261 262 263 264 265 266 22 268 269 270 271 272 1 29 274 275 276 277 2 3 36 279 280 281 4 5 6 43 283 284 7 8 9 10 286 11 12 13 14 16 17 18 19 23 24 25 30 31 37
51 57 58 21 64 65 27 28 71 72 33 34 35 78 79 39 40 41 42 85 86 45 46 47 48 49 92 93 52 53 54 55 56 99 100 59 60 61 62 63 106 107 66 67 68 69 70 113 114 73 74 75 76 77 120 121 80 81 82 83 84 127 128 87 88 89 90 91 134 135 94 95 96 97 98 141 142 101 102 103 104 105 148 149 108 109 110 111 112 155 156 115 116 117 118 119 162 163 122 123 124 125 126 169 170 129 130 131 132 133 176 177 136 137 138 139 140 183 184 143 144 145 146 147 190 191 150 151 152 153 154 197 198 157 158 159 160 161 204 205 164 165 166 167 168 211 212 171 172 173 174 175 218 219 178 179 180 181 182 225 226 185 186 187 188 189 232 233 192 193 194 195 196 239 240 199 200 201 202 203 246 247 206 207 208 209 210 253 254 213 214 215 216 217 260 261 220 221 222 223 224 267 268 227 228 229 230 231 273 274 234 235 236 237 238 278 279 241 242 243 244 245 282 283 248 249 250 251 252 285 286 255 256 257 258 259 287 16 262 263 264 265 266 22 23 269 270 271 272 1 29 30 275 276 277 2 3 36 37 280 281 4 5 6 43 44 284 7 8 9 10 50 11 12 13 14 15 17 18 19 20 24 25 26 31 32 38
52 58 59 64 65 66 28 71 72 73 34 35 78 79 80 40 41 42 85 86 87 46 47 48 49 92 93 94 53 54 55 56 99 100 101 60 61 62 63 106 107 108 67 68 69 70 113 114 115 74 75 76 77 120 121 122 81 82 83 84 127 128 129 88 89 90 91 134 135 136 95 96 97 98 141 142 143 102 103 104 105 148 149 150 109 110 111 112 155 156 157 116 117 118 119 162 163 164 123 124 125 126 169 170 171 130 131 132 133 176 177 178 137 138 139 140 183 184 185 144 145 146 147 190 191 192 151 152 153 154 197 198 199 158 159 160 161 204 205 206 165 166 167 168 211 212 213 172 173 174 175 218 219 220 179 180 181 182 225 226 227 186 187 188 189 232 233 234 193 194 195 196 239 240 241 200 201 202 203 246 247 248 207 208 209 210 253 254 255 214 215 216 217 260 261 262 221 222 223 224 267 268 269 228 229 230 231 273 274 275 235 236 237 238 278 279 280 242 243 244 245 282 283 284 249 250 251 252 285 286 11 256 257 258 259 287 16 17 263 264 265 266 22 23 24 270 271 272 1 29 30 31 276 277 2 3 36 37 38 281 4 5 6 43 44 45 7 8 9 10 50 51 12 13 14 15 57 18 19 20 21 25 26 27 32 33 39
53 59 60 65 66 67 71 72 73 74 35 78 79 80 81 41 42 85 86 87 88 47 48 49 92 93 94 95 54 55 56 99 100 101 102 61 62 63 106 107 108 109 68 69 70 113 114 115 116 75 76 77 120 121 122 123 82 83 84 127 128 129 130 89 90 91 134 135 136 137 96 97 98 141 142 143 144 103 104 105 148 149 150 151 110 111 112 155 156 157 158 117 118 119 162 163 164 165 124 125 126 169 170 171 172 131 132 133 176 177 178 179 138 139 140 183 184 185 186 145 146 147 190 191 192 193 152 153 154 197 198 199 200 159 160 161 204 205 206 207 166 167 168 211 212 213 214 173 174 175 218 219 220 221 180 181 182 225 226 227 228 187 188 189 232 233 234 235 194 195 196 239 240 241 242 201 202 203 246 247 248 249 208 209 210 253 254 255 256 215 216 217 260 261 262 263 222 223 224 267 268 269 270 229 230 231 273 274 275 276 236 237 238 278 279 280 281 243 244 245 282 283 284 7 250 251 252 285 286 11 12 257 258 259 287 16 17 18 264 265 266 22 23 24 25 271 272 1 29 30 31 32 277 2 3 36 37 38 39 4 5 6 43 44 45 46 8 9 10 50 51 52 13 14 15 57 58 19 20 21 64 26 27 28 33 34 40
54 60 61 66 67 68 72 73 74 75 78 79 80 81 82 42 85 86 87 88 89 48 49 92 93 94 95 96 55 56 99 100 101 102 103 62 63 106 107 108 109 110 69 70 113 114 115 116 117 76 77 120 121 122 123 124 83 84 127 128 129 130 131 90 91 134 135 136 137 138 97 98 141 142 143 144 145 104 105 148 149 150 151 152 111 112 155 156 157 158 159 118 119 162 163 164 165 166 125 126 169 170 171 172 173 132 133 176 177 178 179 180 139 140 183 184 185 186 187 146 147 190 191 192 193 194 153 154 197 198 199 200 201 160 161 204 205 206 207 208 167 168 211 212 213 214 215 174 175 218 219 220 221 222 181 182 225 226 227 228 229 188 189 232 233 234 235 236 195 196 239 240 241 242 243 202 203 246 247 248 249 250 209 210 253 254 255 256 257 216 217 260 261 262 263 264 223 224 267 268 269 270 271 230 231 273 274 275 276 277 237 238 278 279 280 281 4 244 245 282 283 284 7 8 251 252 285 286 11 12 13 258 259 287 16 17 18 19 265 266 22 23 24 25 26 272 1 29 30 31 32 33 2 3 36 37 38 39 40 5 6 43 44 45 46 47 9 10 50 51 52 53 14 15 57 58 59 20 21 64 65 27 28 71 34 35 41
55 61 62 67 68 69 73 74 75 76 79 80 81 82 83 85 86 87 88 89 90 49 92 93 94 95 96 97 56 99 100 101 102 103 104 63 106 107 108 109 110 111 70 113 114 115 116 117 118 77 120 121 122 123 124 125 84 127 128 129 130 131 132 91 134 135 136 137 138 139 98 141 142 143 144 145 146 105 148 149 150 151 152 153 112 155 156 157 158 159 160 119 162 163 164 165 166 167 126 169 170 171 172 173 174 133 176 177 178 179 180 181 140 183 184 185 186 187 188 147 190 191 192 193 194 195 154 197 198 199 200 201 202 161 204 205 206 207 208 209 168 211 212 213 214 215 216 175 218 219 220 221 222 223 182 225 226 227 228 229 230 189 232 233 234 235 236 237 196 239 240 241 242 243 244 203 246 247 248 249 250 251 210 253 254 255 256 257 258 217 260 261 262 263 264 265 224 267 268 269 270 271 272 231 273 274 275 276 277 2 238 278 279 280 281 4 5 245 282 283 284 7 8 9 252 285 286 11 12 13 14 259 287 16 17 18 19 20 266 22 23 24 25 26 27 1 29 30 31 32 33 34 3 36 37 38 39 40 41 6 43 44 45 46 47 48 10 50 51 52 53 54 15 57 58 59 60 21 64 65 66 28 71 72 35 78 42
56 62 63 68 69 70 74 75 76 77 80 81 82 83 84 86 87 88 89 90 91 92 93 94 95 96 97 98 99 100 101 102 103 104 105 106 107 108 109 110 111 112 113 114 115 116 117 118 119 120 121 122 123 124 125 126 127 128 129 130 131 132 133 134 135 136 137 138 139 140 141 142 143 144 145 146 147 148 149 150 151 152 153 154 155 156 157 158 159 160 161 162 163 164 165 166 167 168 169 170 171 172 173 174 175 176 177 178 179 180 181 182 183 184 185 186 187 188 189 190 191 192 193 194 195 196 197 198 199 200 201 202 203 204 205 206 207 208 209 210 211 212 213 214 215 216 217 218 219 220 221 222 223 224 225 226 227 228 229 230 231 232 233 234 235 236 237 238 239 240 241 242 243 244 245 246 247 248 249 250 251 252 253 254 255 256 257 258 259 260 261 262 263 264 265 266 267 268 269 270 271 272 1 273 274 275 276 277 2 3 278 279 280 281 4 5 6 282 283 284 7 8 9 10 285 286 11 12 13 14 15 287 16 17 18 19 20 21 22 23 24 25 26 27 28 29 30 31 32 33 34 35 36 37 38 39 40 41 42 43 44 45 46 47 48 49 50 51 52 53 54 55 57 58 59 60 61 64 65 66 67 71 72 73 78 79 85
57 21 64 27 28 71 33 34 35 78 39 40 41 42 85 45 46 47 48 49 92 51 52 53 54 55 56 99 58 59 60 61 62 63 106 65 66 67 68 69 70 113 72 73 74 75 76 77 120 79 80 81 82 83 84 127 86 87 88 89 90 91 134 93 94 95 96 97 98 141 100 101 102 103 104 105 148 107 108 109 110 111 112 155 114 115 116 117 118 119 162 121 122 123 124 125 126 169 128 129 130 131 132 133 176 135 136 137 138 139 140 183 142 143 144 145 146 147 190 149 150 151 152 153 154 197 156 157 158 159 160 161 204 163 164 165 166 167 168 211 170 171 172 173 174 175 218 177 178 179 180 181 182 225 184 185 186 187 188 189 232 191 192 193 194 195 196 239 198 199 200 201 202 203 246 205 206 207 208 209 210 253 212 213 214 215 216 217 260 219 220 221 222 223 224 267 226 227 228 229 230 231 273 233 234 235 236 237 238 278 240 241 242 243 244 245 282 247 248 249 250 251 252 285 254 255 256 257 258 259 287 261 262 263 264 265 266 22 268 269 270 271 272 1 29 274 275 276 277 2 3 36 279 280 281 4 5 6 43 283 284 7 8 9 10 50 286 11 12 13 14 15 16 17 18 19 20 23 24 25 26 30 31 32 37 38 44
58 64 65 28 71 72 34 35 78 79 40 41 42 85 86 46 47 48 49 92 93 52 53 54 55 56 99 100 59 60 61 62 63 106 107 66 67 68 69 70 113 114 73 74 75 76 77 120 121 80 81 82 83 84 127 128 87 88 89 90 91 134 135 94 95 96 97 98 141 142 101 102 103 104 105 148 149 108 109 110 111 112 155 156 115 116 117 118 119 162 163 122 123 124 125 126 169 170 129 130 131 132 133 176 177 136 137 138 139 140 183 184 143 144 145 146 147 190 191 150 151 152 153 154 197 198 157 158 159 160 161 204 205 164 165 166 167 168 211 212 171 172 173 174 175 218 219 178 179 180 181 182 225 226 185 186 187 188 189 232 233 192 193 194 195 196 239 240 199 200 201 202 203 246 247 206 207 208 209 210 253 254 213 214 215 216 217 260 261 220 221 222 223 224 267 268 227 228 229 230 231 273 274 234 235 236 237 238 278 279 241 242 243 244 245 282 283 248 249 250 251 252 285 286 255 256 257 258 259 287 16 262 263 264 265 266 22 23 269 270 271 272 1 29 30 275 276 277 2 3 36 37 280 281 4 5 6 43 44 284 7 8 9 10 50 51 11 12 13 14 15 57 17 18 19 20 21 24 25 26 27 31 32 33 38 39 45
59 65 66 71 72 73 35 78 79 80 41 42 85 86 87 47 48 49 92 93 94 53 54 55 56 99 100 101 60 61 62 63 106 107 108 67 68 69 70 113 114 115 74 75 76 77 120 121 122 81 82 83 84 127 128 129 88 89 90 91 134 135 136 95 96 97 98 141 142 143 102 103 104 105 148 149 150 109 110 111 112 155 156 157 116 117 118 119 162 163 164 123 124 125 126 169 170 171 130 131 132 133 176 177 178 137 138 139 140 183 184 185 144 145 146 147 190 191 192 151 152 153 154 197 198 199 158 159 160 161 204 205 206 165 166 167 168 211 212 213 172 173 174 175 218 219 220 179 180 181 182 225 226 227 186 187 188 189 232 233 234 193 194 195 196 239 240 241 200 201 202 203 246 247 248 207 208 209 210 253 254 255 214 215 216 217 260 261 262 221 222 223 224 267 268 269 228 229 230 231 273 274 275 235 236 237 238 278 279 280 242 243 244 245 282 283 284 249 250 251 252 285 286 11 256 257 258 259 287 16 17 263 264 265 266 22 23 24 270 271 272 1 29 30 31 276 277 2 3 36 37 38 281 4 5 6 43 44 45 7 8 9 10 50 51 52 12 13 14 15 57 58 18 19 20 21 64 25 26 27 28 32 33 34 39 40 46
60 66 67 72 73 74 78 79 80 81 42 85 86 87 88 48 49 92 93 94 95 54 55 56 99 100 101 102 61 62 63 106 107 108 109 68 69 70 113 114 115 116 75 76 77 120 121 122 123 82 83 84 127 128 129 130 89 90 91 134 135 136 137 96 97 98 141 142 143 144 103 104 105 148 149 150 151 110 111 112 155 156 157 158 117 118 119 162 163 164 165 124 125 126 169 170 171 172 131 132 133 176 177 178 179 138 139 140 183 184 185 186 145 146 147 190 191 192 193 152 153 154 197 198 199 200 159 160 161 204 205 206 207 166 167 168 211 212 213 214 173 174 175 218 219 220 221 180 181 182 225 226 227 228 187 188 189 232 233 234 235 194 195 196 239 240 241 242 201 202 203 246 247 248 249 208 209 210 253 254 255 256 215 216 217 260 261 262 263 222 223 224 267 268 269 270 229 230 231 273 274 275 276 236 237 238 278 279 280 281 243 244 245 282 283 284 7 250 251 252 285 286 11 12 257 258 259 287 16 17 18 264 265 266 22 23 24 25 271 272 1 29 30 31 32 277 2 3 36 37 38 39 4 5 6 43 44 45 46 8 9 10 50 51 52 53 13 14 15 57 58 59 19 20 21 64 65 26 27 28 71 33 34 35 40 41 47
61 67 68 73 74 75 79 80 81 82 85 86 87 88 89 49 92 93 94 95 96 55 56 99 100 101 102 103 62 63 106 107 108 109 110 69 70 113 114 115 116 117 76 77 120 121 122 123 124 83 84 127 128 129 130 131 90 91 134 135 136 137 138 97 98 141 142 143 144 145 104 105 148 149 150 151 152 111 112 155 156 157 158 159 118 119 162 163 164 165 166 125 126 169 170 171 172 173 132 133 176 177 178 179 180 139 140 183 184 185 186 187 146 147 190 191 192 193 194 153 154 197 198 199 200 201 160 161 204 205 206 207 208 167 168 211 212 213 214 215 174 175 218 219 220 221 222 181 182 225 226 227 228 229 188 189 232 233 234 235 236 195 196 239 240 241 242 243 202 203 246 247 248 249 250 209 210 253 254 255 256 257 216 217 260 261 262 263 264 223 224 267 268 269 270 271 230 231 273 274 275 276 277 237 238 278 279 280 281 4 244 245 282 283 284 7 8 251 252 285 286 11 12 13 258 259 287 16 17 18 19 265 266 22 23 24 25 26 272 1 29 30 31 32 33 2 3 36 37 38 39 40 5 6 43 44 45 46 47 9 10 50 51 52 53 54 14 15 57 58 59 60 20 21 64 65 66 27 28 71 72 34 35 78 41 42 48
62 68 69 74 75 76 80 81 82 83 86 87 88 89 90 92 93 94 95 96 97 56 99 100 101 102 103 104 63 106 107 108 109 110 111 70 113 114 115 116 117 118 77 120 121 122 123 124 125 84 127 128 129 130 131 132 91 134 135 136 137 138 139 98 141 142 143 144 145 146 105 148 149 150 151 152 153 112 155 156 157 158 159 160 119 162 163 164 165 166 167 126 169 170 171 172 173 174 133 176 177 178 179 180 181 140 183 184 185 186 187 188 147 190 191 192 193 194 195 154 197 198 199 200 201 202 161 204 205 206 207 208 209 168 211 212 213 214 215 216 175 218 219 220 221 222 223 182 225 226 227 228 229 230 189 232 233 234 235 236 237 196 239 240 241 242 243 244 203 246 247 248 249 250 251 210 253 254 255 256 257 258 217 260 261 262 263 264 265 224 267 268 269 270 271 272 231 273 274 275 276 277 2 238 278 279 280 281 4 5 245 282 283 284 7 8 9 252 285 286 11 12 13 14 259 287 16 17 18 19 20 266 22 23 24 25 26 27 1 29 30 31 32 33 34 3 36 37 38 39 40 41 6 43 44 45 46 47 48 10 50 51 52 53 54 55 15 57 58 59 60 61 21 64 65 66 67 28 71 72 73 35 78 79 42 85 49
63 69 70 75 76 77 81 82 83 84 87 88 89 90 91 93 94 95 96 97 98 99 100 101 102 103 104 105 106 107 108 109 110 111 112 113 114 115 116 117 118 119 120 121 122 123 124 125 126 127 128 129 130 131 132 133 134 135 136 137 138 139 140 141 142 143 144 145 146 147 148 149 150 151 152 153 154 155 156 157 158 159 160 161 162 163 164 165 166 167 168 169 170 171 172 173 174 175 176 177 178 179 180 181 182 183 184 185 186 187 188 189 190 191 192 193 194 195 196 197 198 199 200 201 202 203 204 205 206 207 208 209 210 211 212 213 214 215 216 217 218 219 220 221 222 223 224 225 226 227 228 229 230 231 232 233 234 235 236 237 238 239 240 241 242 243 244 245 246 247 248 249 250 251 252 253 254 255 256 257 258 259 260 261 262 263 264 265 266 267 268 269 270 271 272 1 273 274 275 276 277 2 3 278 279 280 281 4 5 6 282 283 284 7 8 9 10 285 286 11 12 13 14 15 287 16 17 18 19 20 21 22 23 24 25 26 27 28 29 30 31 32 33 34 35 36 37 38 39 40 41 42 43 44 45 46 47 48 49 50 51 52 53 54 55 56 57 58 59 60 61 62 64 65 66 67 68 71 72 73 74 78 79 80 85 86 92
64 28 71 34 35 78 40 41 42 85 46 47 48 49 92 52 53 54 55 56 99 58 59 60 61 62 63 106 65 66 67 68 69 70 113 72 73 74 75 76 77 120 79 80 81 82 83 84 127 86 87 88 89 90 91 134 93 94 95 96 97 98 141 100 101 102 103 104 105 148 107 108 109 110 111 112 155 114 115 116 117 118 119 162 121 122 123 124 125 126 169 128 129 130 131 132 133 176 135 136 137 138 139 140 183 142 143 144 145 146 147 190 149 150 151 152 153 154 197 156 157 158 159 160 161 204 163 164 165 166 167 168 211 170 171 172 173 174 175 218 177 178 179 180 181 182 225 184 185 186 187 188 189 232 191 192 193 194 195 196 239 198 199 200 201 202 203 246 205 206 207 208 209 210 253 212 213 214 215 216 217 260 219 220 221 222 223 224 267 226 227 228 229 230 231 273 233 234 235 236 237 238 278 240 241 242 243 244 245 282 247 248 249 250 251 252 285 254 255 256 257 258 259 287 261 262 263 264 265 266 22 268 269 270 271 272 1 29 274 275 276 277 2 3 36 279 280 281 4 5 6 43 283 284 7 8 9 10 50 286 11 12 13 14 15 57 16 17 18 19 20 21 23 24 25 26 27 30 31 32 33 37 38 39 44 45 51
65 71 72 35 78 79 41 42 85 86 47 48 49 92 93 53 54 55 56 99 100 59 60 61 62 63 106 107 66 67 68 69 70 113 114 73 74 75 76 77 120 121 80 81 82 83 84 127 128 87 88 89 90 91 134 135 94 95 96 97 98 141 142 101 102 103 104 105 148 149 108 109 110 111 112 155 156 115 116 117 118 119 162 163 122 123 124 125 126 169 170 129 130 131 132 133 176 177 136 137 138 139 140 183 184 143 144 145 146 147 190 191 150 151 152 153 154 197 198 157 158 159 160 161 204 205 164 165 166 167 168 211 212 171 172 173 174 175 218 219 178 179 180 181 182 225 226 185 186 187 188 189 232 233 192 193 194 195 196 239 240 199 200 201 202 203 246 247 206 207 208 209 210 253 254 213 214 215 216 217 260 261 220 221 222 223 224 267 268 227 228 229 230 231 273 274 234 235 236 237 238 278 279 241 242 243 244 245 282 283 248 249 250 251 252 285 286 255 256 257 258 259 287 16 262 263 264 265 266 22 23 269 270 271 272 1 29 30 275 276 277 2 3 36 37 280 281 4 5 6 43 44 284 7 8 9 10 50 51 11 12 13 14 15 57 58 17 18 19 20 21 64 24 25 26 27 28 31 32 33 34 38 39 40 45 46 52
66 72 73 78 79 80 42 85 86 87 48 49 92 93 94 54 55 56 99 100 101 60 61 62 63 106 107 108 67 68 69 70 113 114 115 74 75 76 77 120 121 122 81 82 83 84 127 128 129 88 89 90 91 134 135 136 95 96 97 98 141 142 143 102 103 104 105 148 149 150 109 110 111 112 155 156 157 116 117 118 119 162 163 164 123 124 125 126 169 170 171 130 131 132 133 176 177 178 137 138 139 140 183 184 185 144 145 146 147 190 191 192 151 152 153 154 197 198 199 158 159 160 161 204 205 206 165 166 167 168 211 212 213 172 173 174 175 218 219 220 179 180 181 182 225 226 227 186 187 188 189 232 233 234 193 194 195 196 239 240 241 200 201 202 203 246 247 248 207 208 209 210 253 254 255 214 215 216 217 260 261 262 221 222 223 224 267 268 269 228 229 230 231 273 274 275 235 236 237 238 278 279 280 242 243 244 245 282 283 284 249 250 251 252 285 286 11 256 257 258 259 287 16 17 263 264 265 266 22 23 24 270 271 272 1 29 30 31 276 277 2 3 36 37 38 281 4 5 6 43 44 45 7 8 9 10 50 51 52 12 13 14 15 57 58 59 18 19 20 21 64 65 25 26 27 28 71 32 33 34 35 39 40 41 46 47 53
67 73 74 79 80 81 85 86 87 88 49 92 93 94 95 55 56 99 100 101 102 61 62 63 106 107 108 109 68 69 70 113 114 115 116 75 76 77 120 121 122 123 82 83 84 127 128 129 130 89 90 91 134 135 136 137 96 97 98 141 142 143 144 103 104 105 148 149 150 151 110 111 112 155 156 157 158 117 118 119 162 163 164 165 124 125 126 169 170 171 172 131 132 133 176 177 178 179 138 139 140 183 184 185 186 145 146 147 190 191 192 193 152 153 154 197 198 199 200 159 160 161 204 205 206 207 166 167 168 211 212 213 214 173 174 175 218 219 220 221 180 181 182 225 226 227 228 187 188 189 232 233 234 235 194 195 196 239 240 241 242 201 202 203 246 247 248 249 208 209 210 253 254 255 256 215 216 217 260 261 262 263 222 223 224 267 268 269 270 229 230 231 273 274 275 276 236 237 238 278 279 280 281 243 244 245 282 283 284 7 250 251 252 285 286 11 12 257 258 259 287 16 17 18 264 265 266 22 23 24 25 271 272 1 29 30 31 32 277 2 3 36 37 38 39 4 5 6 43 44 45 46 8 9 10 50 51 52 53 13 14 15 57 58 59 60 19 20 21 64 65 66 26 27 28 71 72 33 34 35 78 40 41 42 47 48 54
68 74 75 80 81 82 86 87 88 89 92 93 94 95 96 56 99 100 101 102 103 62 63 106 107 108 109 110 69 70 113 114 115 116 117 76 77 120 121 122 123 124 83 84 127 128 129 130 131 90 91 134 135 136 137 138 97 98 141 142 143 144 145 104 105 148 149 150 151 152 111 112 155 156 157 158 159 118 119 162 163 164 165 166 125 126 169 170 171 172 173 132 133 176 177 178 179 180 139 140 183 184 185 186 187 146 147 190 191 192 193 194 153 154 197 198 199 200 201 160 161 204 205 206 207 208 167 168 211 212 213 214 215 174 175 218 219 220 221 222 181 182 225 226 227 228 229 188 189 232 233 234 235 236 195 196 239 240 241 242 243 202 203 246 247 248 249 250 209 210 253 254 255 256 257 216 217 260 261 262 263 264 223 224 267 268 269 270 271 230 231 273 274 275 276 277 237 238 278 279 280 281 4 244 245 282 283 284 7 8 251 252 285 286 11 12 13 258 259 287 16 17 18 19 265 266 22 23 24 25 26 272 1 29 30 31 32 33 2 3 36 37 38 39 40 5 6 43 44 45 46 47 9 10 50 51 52 53 54 14 15 57 58 59 60 61 20 21 64 65 66 67 27 28 71 72 73 34 35 78 79 41 42 85 48 49 55
69 75 76 81 82 83 87 88 89 90 93 94 95 96 97 99 100 101 102 103 104 63 106 107 108 109 110 111 70 113 114 115 116 117 118 77 120 121 122 123 124 125 84 127 128 129 130 131 132 91 134 135 136 137 138 139 98 141 142 143 144 145 146 105 148 149 150 151 152 153 112 155 156 157 158 159 160 119 162 163 164 165 166 167 126 169 170 171 172 173 174 133 176 177 178 179 180 181 140 183 184 185 186 187 188 147 190 191 192 193 194 195 154 197 198 199 200 201 202 161 204 205 206 207 208 209 168 211 212 213 214 215 216 175 218 219 220 221 222 223 182 225 226 227 228 229 230 189 232 233 234 235 236 237 196 239 240 241 242 243 244 203 246 247 248 249 250 251 210 253 254 255 256 257 258 217 260 261 262 263 264 265 224 267 268 269 270 271 272 231 273 274 275 276 277 2 238 278 279 280 281 4 5 245 282 283 284 7 8 9 252 285 286 11 12 13 14 259 287 16 17 18 19 20 266 22 23 24 25 26 27 1 29 30 31 32 33 34 3 36 37 38 39 40 41 6 43 44 45 46 47 48 10 50 51 52 53 54 55 15 57 58 59 60 61 62 21 64 65 66 67 68 28 71 72 73 74 35 78 79 80 42 85 86 49 92 56
70 76 77 82 83 84 88 89 90 91 94 95 96 97 98 100 101 102 103 104 105 106 107 108 109 110 111 112 113 114 115 116 117 118 119 120 121 122 123 124 125 126 127 128 129 130 131 132 133 134 135 136 137 138 139 140 141 142 143 144 145 146 147 148 149 150 151 152 153 154 155 156 157 158 159 160 161 162 163 164 165 166 167 168 169 170 171 172 173 174 175 176 177 178 179 180 181 182 183 184 185 186 187 188 189 190 191 192 193 194 195 196 197 198 199 200 201 202 203 204 205 206 207 208 209 210 211 212 213 214 215 216 217 218 219 220 221 222 223 224 225 226 227 228 229 230 231 232 233 234 235 236 237 238 239 240 241 242 243 244 245 246 247 248 249 250 251 252 253 254 255 256 257 258 259 260 261 262 263 264 265 266 267 268 269 270 271 272 1 273 274 275 276 277 2 3 278 279 280 281 4 5 6 282 283 284 7 8 9 10 285 286 11 12 13 14 15 287 16 17 18 19 20 21 22 23 24 25 26 27 28 29 30 31 32 33 34 35 36 37 38 39 40 41 42 43 44 45 46 47 48 49 50 51 52 53 54 55 56 57 58 59 60 61 62 63 64 65 66 67 68 69 71 72 73 74 75 78 79 80 81 85 86 87 92 93 99
71 35 78 41 42 85 47 48 49 92 53 54 55 56 99 59 60 61 62 63 106 65 66 67 68 69 70 113 72 73 74 75 76 77 120 79 80 81 82 83 84 127 86 87 88 89 90 91 134 93 94 95 96 97 98 141 100 101 102 103 104 105 148 107 108 109 110 111 112 155 114 115 116 117 118 119 162 121 122 123 124 125 126 169 128 129 130 131 132 133 176 135 136 137 138 139 140 183 142 143 144 145 146 147 190 149 150 151 152 153 154 197 156 157 158 159 160 161 204 163 164 165 166 167 168 211 170 171 172 173 174 175 218 177 178 179 180 181 182 225 184 185 186 187 188 189 232 191 192 193 194 195 196 239 198 199 200 201 202 203 246 205 206 207 208 209 210 253 212 213 214 215 216 217 260 219 220 221 222 223 224 267 226 227 228 229 230 231 273 233 234 235 236 237 238 278 240 241 242 243 244 245 282 247 248 249 250 251 252 285 254 255 256 257 258 259 287 261 262 263 264 265 266 22 268 269 270 271 272 1 29 274 275 276 277 2 3 36 279 280 281 4 5 6 43 283 284 7 8 9 10 50 286 11 12 13 14 15 57 16 17 18 19 20 21 64 23 24 25 26 27 28 30 31 32 33 34 37 38 39 40 44 45 46 51 52 58
72 78 79 42 85 86 48 49 92 93 54 55 56 99 100 60 61 62 63 106 107 66 67 68 69 70 113 114 73 74 75 76 77 120 121 80 81 82 83 84 127 128 87 88 89 90 91 134 135 94 95 96 97 98 141 142 101 102 103 104 105 148 149 108 109 110 111 112 155 156 115 116 117 118 119 162 163 122 123 124 125 126 169 170 129 130 131 132 133 176 177 136 137 138 139 140 183 184 143 144 145 146 147 190 191 150 151 152 153 154 197 198 157 158 159 160 161 204 205 164 165 166 167 168 211 212 171 172 173 174 175 218 219 178 179 180 181 182 225 226 185 186 187 188 189 232 233 192 193 194 195 196 239 240 199 200 201 202 203 246 247 206 207 208 209 210 253 254 213 214 215 216 217 260 261 220 221 222 223 224 267 268 227 228 229 230 231 273 274 234 235 236 237 238 278 279 241 242 243 244 245 282 283 248 249 250 251 252 285 286 255 256 257 258 259 287 16 262 263 264 265 266 22 23 269 270 271 272 1 29 30 275 276 277 2 3 36 37 280 281 4 5 6 43 44 284 7 8 9 10 50 51 11 12 13 14 15 57 58 17 18 19 20 21 64 65 24 25 26 27 28 71 31 32 33 34 35 38 39 40 41 45 46 47 52 53 59
73 79 80 85 86 87 49 92 93 94 55 56 99 100 101 61 62 63 106 107 108 67 68 69 70 113 114 115 74 75 76 77 120 121 122 81 82 83 84 127 128 129 88 89 90 91 134 135 136 95 96 97 98 141 142 143 102 103 104 105 148 149 150 109 110 111 112 155 156 157 116 117 118 119 162 163 164 123 124 125 126 169 170 171 130 131 132 133 176 177 178 137 138 139 140 183 184 185 144 145 146 147 190 191 192 151 152 153 154 197 198 199 158 159 160 161 204 205 206 165 166 167 168 211 212 213 172 173 174 175 218 219 220 179 180 181 182 225 226 227 186 187 188 189 232 233 234 193 194 195 196 239 240 241 200 201 202 203 246 247 248 207 208 209 210 253 254 255 214 215 216 217 260 261 262 221 222 223 224 267 268 269 228 229 230 231 273 274 275 235 236 237 238 278 279 280 242 243 244 245 282 283 284 249 250 251 252 285 286 11 256 257 258 259 287 16 17 263 264 265 266 22 23 24 270 271 272 1 29 30 31 276 277 2 3 36 37 38 281 4 5 6 43 44 45 7 8 9 10 50 51 52 12 13 14 15 57 58 59 18 19 20 21 64 65 66 25 26 27 28 71 72 32 33 34 35 78 39 40 41 42 46 47 48 53 54 60
74 80 81 86 87 88 92 93 94 95 56 99 100 101 102 62 63 106 107 108 109 68 69 70 113 114 115 116 75 76 77 120 121 122 123 82 83 84 127 128 129 130 89 90 91 134 135 136 137 96 97 98 141 142 143 144 103 104 105 148 149 150 151 110 111 112 155 156 157 158 117 118 119 162 163 164 165 124 125 126 169 170 171 172 131 132 133 176 177 178 179 138 139 140 183 184 185 186 145 146 147 190 191 192 193 152 153 154 197 198 199 200 159 160 161 204 205 206 207 166 167 168 211 212 213 214 173 174 175 218 219 220 221 180 181 182 225 226 227 228 187 188 189 232 233 234 235 194 195 196 239 240 241 242 201 202 203 246 247 248 249 208 209 210 253 254 255 256 215 216 217 260 261 262 263 222 223 224 267 268 269 270 229 230 231 273 274 275 276 236 237 238 278 279 280 281 243 244 245 282 283 284 7 250 251 252 285 286 11 12 257 258 259 287 16 17 18 264 265 266 22 23 24 25 271 272 1 29 30 31 32 277 2 3 36 37 38 39 4 5 6 43 44 45 46 8 9 10 50 51 52 53 13 14 15 57 58 59 60 19 20 21 64 65 66 67 26 27 28 71 72 73 33 34 35 78 79 40 41 42 85 47 48 49 54 55 61
75 81 82 87 88 89 93 94 95 96 99 100 101 102 103 63 106 107 108 109 110 69 70 113 114 115 116 117 76 77 120 121 122 123 124 83 84 127 128 129 130 131 90 91 134 135 136 137 138 97 98 141 142 143 144 145 104 105 148 149 150 151 152 111 112 155 156 157 158 159 118 119 162 163 164 165 166 125 126 169 170 171 172 173 132 133 176 177 178 179 180 139 140 183 184 185 186 187 146 147 190 191 192 193 194 153 154 197 198 199 200 201 160 161 204 205 206 207 208 167 168 211 212 213 214 215 174 175 218 219 220 221 222 181 182 225 226 227 228 229 188 189 232 233 234 235 236 195 196 239 240 241 242 243 202 203 246 247 248 249 250 209 210 253 254 255 256 257 216 217 260 261 262 263 264 223 224 267 268 269 270 271 230 231 273 274 275 276 277 237 238 278 279 280 281 4 244 245 282 283 284 7 8 251 252 285 286 11 12 13 258 259 287 16 17 18 19 265 266 22 23 24 25 26 272 1 29 30 31 32 33 2 3 36 37 38 39 40 5 6 43 44 45 46 47 9 10 50 51 52 53 54 14 15 57 58 59 60 61 20 21 64 65 66 67 68 27 28 71 72 73 74 34 35 78 79 80 41 42 85 86 48 49 92 55 56 62
76 82 83 88 89 90 94 95 96 97 100 101 102 103 104 106 107 108 109 110 111 70 113 114 115 116 117 118 77 120 121 122 123 124 125 84 127 128 129 130 131 132 91 134 135 136 137 138 139 98 141 142 143 144 145 146 105 148 149 150 151 152 153 112 155 156 157 158 159 160 119 162 163 164 165 166 167 126 169 170 171 172 173 174 133 176 177 178 179 180 181 140 183 184 185 186 187 188 147 190 191 192 193 194 195 154 197 198 199 200 201 202 161 204 205 206 207 208 209 168 211 212 213 214 215 216 175 218 219 220 221 222 223 182 225 226 227 228 229 230 189 232 233 234 235 236 237 196 239 240 241 242 243 244 203 246 247 248 249 250 251 210 253 254 255 256 257 258 217 260 261 262 263 264 265 224 267 268 269 270 271 272 231 273 274 275 276 277 2 238 278 279 280 281 4 5 245 282 283 284 7 8 9 252 285 286 11 12 13 14 259 287 16 17 18 19 20 266 22 23 24 25 26 27 1 29 30 31 32 33 34 3 36 37 38 39 40 41 6 43 44 45 46 47 48 10 50 51 52 53 54 55 15 57 58 59 60 61 62 21 64 65 66 67 68 69 28 71 72 73 74 75 35 78 79 80 81 42 85 86 87 49 92 93 56 99 63
77 83 84 89 90 91 95 96 97 98 101 102 103 104 105 107 108 109 110 111 112 113 114 115 116 117 118 119 120 121 122 123 124 125 126 127 128 129 130 131 132 133 134 135 136 137 138 139 140 141 142 143 144 145 146 147 148 149 150 151 152 153 154 155 156 157 158 159 160 161 162 163 164 165 166 167 168 169 170 171 172 173 174 175 176 177 178 179 180 181 182 183 184 185 186 187 188 189 190 191 192 193 194 195 196 197 198 199 200 201 202 203 204 205 206 207 208 209 210 211 212 213 214 215 216 217 218 219 220 221 222 223 224 225 226 227 228 229 230 231 232 233 234 235 236 237 238 239 240 241 242 243 244 245 246 247 248 249 250 251 252 253 254 255 256 257 258 259 260 261 262 263 264 265 266 267 268 269 270 271 272 1 273 274 275 276 277 2 3 278 279 280 281 4 5 6 282 283 284 7 8 9 10 285 286 11 12 13 14 15 287 16 17 18 19 20 21 22 23 24 25 26 27 28 29 30 31 32 33 34 35 36 37 38 39 40 41 42 43 44 45 46 47 48 49 50 51 52 53 54 55 56 57 58 59 60 61 62 63 64 65 66 67 68 69 70 71 72 73 74 75 76 78 79 80 81 82 85 86 87 88 92 93 94 99 100 106
78 42 85 48 49 92 54 55 56 99 60 61 62 63 106 66 67 68 69 70 113 72 73 74 75 76 77 120 79 80 81 82 83 84 127 86 87 88 89 90 91 134 93 94 95 96 97 98 141 100 101 102 103 104 105 148 107 108 109 110 111 112 155 114 115 116 117 118 119 162 121 122 123 124 125 126 169 128 129 130 131 132 133 176 135 136 137 138 139 140 183 142 143 144 145 146 147 190 149 150 151 152 153 154 197 156 157 158 159 160 161 204 163 164 165 166 167 168 211 170 171 172 173 174 175 218 177 178 179 180 181 182 225 184 185 186 187 188 189 232 191 192 193 194 195 196 239 198 199 200 201 202 203 246 205 206 207 208 209 210 253 212 213 214 215 216 217 260 219 220 221 222 223 224 267 226 227 228 229 230 231 273 233 234 235 236 237 238 278 240 241 242 243 244 245 282 247 248 249 250 251 252 285 254 255 256 257 258 259 287 261 262 263 264 265 266 22 268 269 270 271 272 1 29 274 275 276 277 2 3 36 279 280 281 4 5 6 43 283 284 7 8 9 10 50 286 11 12 13 14 15 57 16 17 18 19 20 21 64 23 24 25 26 27 28 71 30 31 32 33 34 35 37 38 39 40 41 44 45 46 47 51 52 53 58 59 65
79 85 86 49 92 93 55 56 99 100 61 62 63 106 107 67 68 69 70 113 114 73 74 75 76 77 120 121 80 81 82 83 84 127 128 87 88 89 90 91 134 135 94 95 96 97 98 141 142 101 102 103 104 105 148 149 108 109 110 111 112 155 156 115 116 117 118 119 162 163 122 123 124 125 126 169 170 129 130 131 132 133 176 177 136 137 138 139 140 183 184 143 144 145 146 147 190 191 150 151 152 153 154 197 198 157 158 159 160 161 204 205 164 165 166 167 168 211 212 171 172 173 174 175 218 219 178 179 180 181 182 225 226 185 186 187 188 189 232 233 192 193 194 195 196 239 240 199 200 201 202 203 246 247 206 207 208 209 210 253 254 213 214 215 216 217 260 261 220 221 222 223 224 267 268 227 228 229 230 231 273 274 234 235 236 237 238 278 279 241 242 243 244 245 282 283 248 249 250 251 252 285 286 255 256 257 258 259 287 16 262 263 264 265 266 22 23 269 270 271 272 1 29 30 275 276 277 2 3 36 37 280 281 4 5 6 43 44 284 7 8 9 10 50 51 11 12 13 14 15 57 58 17 18 19 20 21 64 65 24 25 26 27 28 71 72 31 32 33 34 35 78 38 39 40 41 42 45 46 47 48 52 53 54 59 60 66
80 86 87 92 93 94 56 99 100 101 62 63 106 107 108 68 69 70 113 114 115 74 75 76 77 120 121 122 81 82 83 84 127 128 129 88 89 90 91 134 135 136 95 96 97 98 141 142 143 102 103 104 105 148 149 150 109 110 111 112 155 156 157 116 117 118 119 162 163 164 123 124 125 126 169 170 171 130 131 132 133 176 177 178 137 138 139 140 183 184 185 144 145 146 147 190 191 192 151 152 153 154 197 198 199 158 159 160 161 204 205 206 165 166 167 168 211 212 213 172 173 174 175 218 219 220 179 180 181 182 225 226 227 186 187 188 189 232 233 234 193 194 195 196 239 240 241 200 201 202 203 246 247 248 207 208 209 210 253 254 255 214 215 216 217 260 261 262 221 222 223 224 267 268 269 228 229 230 231 273 274 275 235 236 237 238 278 279 280 242 243 244 245 282 283 284 249 250 251 252 285 286 11 256 257 258 259 287 16 17 263 264 265 266 22 23 24 270 271 272 1 29 30 31 276 277 2 3 36 37 38 281 4 5 6 43 44 45 7 8 9 10 50 51 52 12 13 14 15 57 58 59 18 19 20 21 64 65 66 25 26 27 28 71 72 73 32 33 34 35 78 79 39 40 41 42 85 46 47 48 49 53 54 55 60 61 67
81 87 88 93 94 95 99 100 101 102 63 106 107 108 109 69 70 113 114 115 116 75 76 77 120 121 122 123 82 83 84 127 128 129 130 89 90 91 134 135 136 137 96 97 98 141 142 143 144 103 104 105 148 149 150 151 110 111 112 155 156 157 158 117 118 119 162 163 164 165 124 125 126 169 170 171 172 131 132 133 176 177 178 179 138 139 140 183 184 185 186 145 146 147 190 191 192 193 152 153 154 197 198 199 200 159 160 161 204 205 206 207 166 167 168 211 212 213 214 173 174 175 218 219 220 221 180 181 182 225 226 227 228 187 188 189 232 233 234 235 194 195 196 239 240 241 242 201 202 203 246 247 248 249 208 209 210 253 254 255 256 215 216 217 260 261 262 263 222 223 224 267 268 269 270 229 230 231 273 274 275 276 236 237 238 278 279 280 281 243 244 245 282 283 284 7 250 251 252 285 286 11 12 257 258 259 287 16 17 18 264 265 266 22 23 24 25 271 272 1 29 30 31 32 277 2 3 36 37 38 39 4 5 6 43 44 45 46 8 9 10 50 51 52 53 13 14 15 57 58 59 60 19 20 21 64 65 66 67 26 27 28 71 72 73 74 33 34 35 78 79 80 40 41 42 85 86 47 48 49 92 54 55 56 61 62 68
82 88 89 94 95 96 100 101 102 103 106 107 108 109 110 70 113 114 115 116 117 76 77 120 121 122 123 124 83 84 127 128 129 130 131 90 91 134 135 136 137 138 97 98 141 142 143 144 145 104 105 148 149 150 151 152 111 112 155 156 157 158 159 118 119 162 163 164 165 166 125 126 169 170 171 172 173 132 133 176 177 178 179 180 139 140 183 184 185 186 187 146 147 190 191 192 193 194 153 154 197 198 199 200 201 160 161 204 205 206 207 208 167 168 211 212 213 214 215 174 175 218 219 220 221 222 181 182 225 226 227 228 229 188 189 232 233 234 235 236 195 196 239 240 241 242 243 202 203 246 247 248 249 250 209 210 253 254 255 256 257 216 217 260 261 262 263 264 223 224 267 268 269 270 271 230 231 273 274 275 276 277 237 238 278 279 280 281 4 244 245 282 283 284 7 8 251 252 285 286 11 12 13 258 259 287 16 17 18 19 265 266 22 23 24 25 26 272 1 29 30 31 32 33 2 3 36 37 38 39 40 5 6 43 44 45 46 47 9 10 50 51 52 53 54 14 15 57 58 59 60 61 20 21 64 65 66 67 68 27 28 71 72 73 74 75 34 35 78 79 80 81 41 42 85 86 87 48 49 92 93 55 56 99 62 63 69
83 89 90 95 96 97 101 102 103 104 107 108 109 110 111 113 114 115 116 117 118 77 120 121 122 123 124 125 84 127 128 129 130 131 132 91 134 135 136 137 138 139 98 141 142 143 144 145 146 105 148 149 150 151 152 153 112 155 156 157 158 159 160 119 162 163 164 165 166 167 126 169 170 171 172 173 174 133 176 177 178 179 180 181 140 183 184 185 186 187 188 147 190 191 192 193 194 195 154 197 198 199 200 201 202 161 204 205 206 207 208 209 168 211 212 213 214 215 216 175 218 219 220 221 222 223 182 225 226 227 228 229 230 189 232 233 234 235 236 237 196 239 240 241 242 243 244 203 246 247 248 249 250 251 210 253 254 255 256 257 258 217 260 261 262 263 264 265 224 267 268 269 270 271 272 231 273 274 275 276 277 2 238 278 279 280 281 4 5 245 282 283 284 7 8 9 252 285 286 11 12 13 14 259 287 16 17 18 19 20 266 22 23 24 25 26 27 1 29 30 31 32 33 34 3 36 37 38 39 40 41 6 43 44 45 46 47 48 10 50 51 52 53 54 55 15 57 58 59 60 61 62 21 64 65 66 67 68 69 28 71 72 73 74 75 76 35 78 79 80 81 82 42 85 86 87 88 49 92 93 94 56 99 100 63 106 70
84 90 91 96 97 98 102 103 104 105 108 109 110 111 112 114 115 116 117 118 119 120 121 122 123 124 125 126 127 128 129 130 131 132 133 134 135 136 137 138 139 140 141 142 143 144 145 146 147 148 149 150 151 152 153 154 155 156 157 158 159 160 161 162 163 164 165 166 167 168 169 170 171 172 173 174 175 176 177 178 179 180 181 182 183 184 185 186 187 188 189 190 191 192 193 194 195 196 197 198 199 200 201 202 203 204 205 206 207 208 209 210 211 212 213 214 215 216 217 218 219 220 221 222 223 224 225 226 227 228 229 230 231 232 233 234 235 236 237 238 239 240 241 242 243 244 245 246 247 248 249 250 251 252 253 254 255 256 257 258 259 260 261 262 263 264 265 266 267 268 269 270 271 272 1 273 274 275 276 277 2 3 278 279 280 281 4 5 6 282 283 284 7 8 9 10 285 286 11 12 13 14 15 287 16 17 18 19 20 21 22 23 24 25 26 27 28 29 30 31 32 33 34 35 36 37 38 39 40 41 42 43 44 45 46 47 48 49 50 51 52 53 54 55 56 57 58 59 60 61 62 63 64 65 66 67 68 69 70 71 72 73 74 75 76 77 78 79 80 81 82 83 85 86 87 88 89 92 93 94 95 99 100 101 106 107 113
85 49 92 55 56 99 61 62 63 106 67 68 69 70 113 73 74 75 76 77 120 79 80 81 82 83 84 127 86 87 88 89 90 91 134 93 94 95 96 97 98 141 100 101 102 103 104 105 148 107 108 109 110 111 112 155 114 115 116 117 118 119 162 121 122 123 124 125 126 169 128 129 130 131 132 133 176 135 136 137 138 139 140 183 142 143 144 145 146 147 190 149 150 151 152 153 154 197 156 157 158 159 160 161 204 163 164 165 166 167 168 211 170 171 172 173 174 175 218 177 178 179 180 181 182 225 184 185 186 187 188 189 232 191 192 193 194 195 196 239 198 199 200 201 202 203 246 205 206 207 208 209 210 253 212 213 214 215 216 217 260 219 220 221 222 223 224 267 226 227 228 229 230 231 273 233 234 235 236 237 238 278 240 241 242 243 244 245 282 247 248 249 250 251 252 285 254 255 256 257 258 259 287 261 262 263 264 265 266 22 268 269 270 271 272 1 29 274 275 276 277 2 3 36 279 280 281 4 5 6 43 283 284 7 8 9 10 50 286 11 12 13 14 15 57 16 17 18 19 20 21 64 23 24 25 26 27 28 71 30 31 32 33 34 35 78 37 38 39 40 41 42 44 45 46 47 48 51 52 53 54 58 59 60 65 66 72
86 92 93 56 99 100 62 63 106 107 68 69 70 113 114 74 75 76 77 120 121 80 81 82 83 84 127 128 87 88 89 90 91 134 135 94 95 96 97 98 141 142 101 102 103 104 105 148 149 108 109 110 111 112 155 156 115 116 117 118 119 162 163 122 123 124 125 126 169 170 129 130 131 132 133 176 177 136 137 138 139 140 183 184 143 144 145 146 147 190 191 150 151 152 153 154 197 198 157 158 159 160 161 204 205 164 165 166 167 168 211 212 171 172 173 174 175 218 219 178 179 180 181 182 225 226 185 186 187 188 189 232 233 192 193 194 195 196 239 240 199 200 201 202 203 246 247 206 207 208 209 210 253 254 213 214 215 216 217 260 261 220 221 222 223 224 267 268 227 228 229 230 231 273 274 234 235 236 237 238 278 279 241 242 243 244 245 282 283 248 249 250 251 252 285 286 255 256 257 258 259 287 16 262 263 264 265 266 22 23 269 270 271 272 1 29 30 275 276 277 2 3 36 37 280 281 4 5 6 43 44 284 7 8 9 10 50 51 11 12 13 14 15 57 58 17 18 19 20 21 64 65 24 25 26 27 28 71 72 31 32 33 34 35 78 79 38 39 40 41 42 85 45 46 47 48 49 52 53 54 55 59 60 61 66 67 73
87 93 94 99 100 101 63 106 107 108 69 70 113 114 115 75 76 77 120 121 122 81 82 83 84 127 128 129 88 89 90 91 134 135 136 95 96 97 98 141 142 143 102 103 104 105 148 149 150 109 110 111 112 155 156 157 116 117 118 119 162 163 164 123 124 125 126 169 170 171 130 131 132 133 176 177 178 137 138 139 140 183 184 185 144 145 146 147 190 191 192 151 152 153 154 197 198 199 158 159 160 161 204 205 206 165 166 167 168 211 212 213 172 173 174 175 218 219 220 179 180 181 182 225 226 227 186 187 188 189 232 233 234 193 194 195 196 239 240 241 200 201 202 203 246 247 248 207 208 209 210 253 254 255 214 215 216 217 260 261 262 221 222 223 224 267 268 269 228 229 230 231 273 274 275 235 236 237 238 278 279 280 242 243 244 245 282 283 284 249 250 251 252 285 286 11 256 257 258 259 287 16 17 263 264 265 266 22 23 24 270 271 272 1 29 30 31 276 277 2 3 36 37 38 281 4 5 6 43 44 45 7 8 9 10 50 51 52 12 13 14 15 57 58 59 18 19 20 21 64 65 66 25 26 27 28 71 72 73 32 33 34 35 78 79 80 39 40 41 42 85 86 46 47 48 49 92 53 54 55 56 60 61 62 67 68 74
88 94 95 100 101 102 106 107 108 109 70 113 114 115 116 76 77 120 121 122 123 82 83 84 127 128 129 130 89 90 91 134 135 136 137 96 97 98 141 142 143 144 103 104 105 148 149 150 151 110 111 112 155 156 157 158 117 118 119 162 163 164 165 124 125 126 169 170 171 172 131 132 133 176 177 178 179 138 139 140 183 184 185 186 145 146 147 190 191 192 193 152 153 154 197 198 199 200 159 160 161 204 205 206 207 166 167 168 211 212 213 214 173 174 175 218 219 220 221 180 181 182 225 226 227 228 187 188 189 232 233 234 235 194 195 196 239 240 241 242 201 202 203 246 247 248 249 208 209 210 253 254 255 256 215 216 217 260 261 262 263 222 223 224 267 268 269 270 229 230 231 273 274 275 276 236 237 238 278 279 280 281 243 244 245 282 283 284 7 250 251 252 285 286 11 12 257 258 259 287 16 17 18 264 265 266 22 23 24 25 271 272 1 29 30 31 32 277 2 3 36 37 38 39 4 5 6 43 44 45 46 8 9 10 50 51 52 53 13 14 15 57 58 59 60 19 20 21 64 65 66 67 26 27 28 71 72 73 74 33 34 35 78 79 80 81 40 41 42 85 86 87 47 48 49 92 93 54 55 56 99 61 62 63 68 69 75
89 95 96 101 102 103 107 108 109 110 113 114 115 116 117 77 120 121 122 123 124 83 84 127 128 129 130 131 90 91 134 135 136 137 138 97 98 141 142 143 144 145 104 105 148 149 150 151 152 111 112 155 156 157 158 159 118 119 162 163 164 165 166 125 126 169 170 171 172 173 132 133 176 177 178 179 180 139 140 183 184 185 186 187 146 147 190 191 192 193 194 153 154 197 198 199 200 201 160 161 204 205 206 207 208 167 168 211 212 213 214 215 174 175 218 219 220 221 222 181 182 225 226 227 228 229 188 189 232 233 234 235 236 195 196 239 240 241 242 243 202 203 246 247 248 249 250 209 210 253 254 255 256 257 216 217 260 261 262 263 264 223 224 267 268 269 270 271 230 231 273 274 275 276 277 237 238 278 279 280 281 4 244 245 282 283 284 7 8 251 252 285 286 11 12 13 258 259 287 16 17 18 19 265 266 22 23 24 25 26 272 1 29 30 31 32 33 2 3 36 37 38 39 40 5 6 43 44 45 46 47 9 10 50 51 52 53 54 14 15 57 58 59 60 61 20 21 64 65 66 67 68 27 28 71 72 73 74 75 34 35 78 79 80 81 82 41 42 85 86 87 88 48 49 92 93 94 55 56 99 100 62 63 106 69 70 76
90 96 97 102 103 104 108 109 110 111 114 115 116 117 118 120 121 122 123 124 125 84 127 128 129 130 131 132 91 134 135 136 137 138 139 98 141 142 143 144 145 146 105 148 149 150 151 152 153 112 155 156 157 158 159 160 119 162 163 164 165 166 167 126 169 170 171 172 173 174 133 176 177 178 179 180 181 140 183 184 185 186 187 188 147 190 191 192 193 194 195 154 197 198 199 200 201 202 161 204 205 206 207 208 209 168 211 212 213 214 215 216 175 218 219 220 221 222 223 182 225 226 227 228 229 230 189 232 233 234 235 236 237 196 239 240 241 242 243 244 203 246 247 248 249 250 251 210 253 254 255 256 257 258 217 260 261 262 263 264 265 224 267 268 269 270 271 272 231 273 274 275 276 277 2 238 278 279 280 281 4 5 245 282 283 284 7 8 9 252 285 286 11 12 13 14 259 287 16 17 18 19 20 266 22 23 24 25 26 27 1 29 30 31 32 33 34 3 36 37 38 39 40 41 6 43 44 45 46 47 48 10 50 51 52 53 54 55 15 57 58 59 60 61 62 21 64 65 66 67 68 69 28 71 72 73 74 75 76 35 78 79 80 81 82 83 42 85 86 87 88 89 49 92 93 94 95 56 99 100 101 63 106 107 70 113 77
91 97 98 103 104 105 109 110 111 112 115 116 117 118 119 121 122 123 124 125 126 127 128 129 130 131 132 133 134 135 136 137 138 139 140 141 142 143 144 145 146 147 148 149 150 151 152 153 154 155 156 157 158 159 160 161 162 163 164 165 166 167 168 169 170 171 172 173 174 175 176 177 178 179 180 181 182 183 184 185 186 187 188 189 190 191 192 193 194 195 196 197 198 199 200 201 202 203 204 205 206 207 208 209 210 211 212 213 214 215 216 217 218 219 220 221 222 223 224 225 226 227 228 229 230 231 232 233 234 235 236 237 238 239 240 241 242 243 244 245 246 247 248 249 250 251 252 253 254 255 256 257 258 259 260 261 262 263 264 265 266 267 268 269 270 271 272 1 273 274 275 276 277 2 3 278 279 280 281 4 5 6 282 283 284 7 8 9 10 285 286 11 12 13 14 15 287 16 17 18 19 20 21 22 23 24 25 26 27 28 29 30 31 32 33 34 35 36 37 38 39 40 41 42 43 44 45 46 47 48 49 50 51 52 53 54 55 56 57 58 59 60 61 62 63 64 65 66 67 68 69 70 71 72 73 74 75 76 77 78 79 80 81 82 83 84 85 86 87 88 89 90 92 93 94 95 96 99 100 101 102 106 107 108 113 114 120
92 56 99 62 63 106 68 69 70 113 74 75 76 77 120 80 81 82 83 84 127 86 87 88 89 90 91 134 93 94 95 96 97 98 141 100 101 102 103 104 105 148 107 108 109 110 111 112 155 114 115 116 117 118 119 162 121 122 123 124 125 126 169 128 129 130 131 132 133 176 135 136 137 138 139 140 183 142 143 144 145 146 147 190 149 150 151 152 153 154 197 156 157 158 159 160 161 204 163 164 165 166 167 168 211 170 171 172 173 174 175 218 177 178 179 180 181 182 225 184 185 186 187 188 189 232 191 192 193 194 195 196 239 198 199 200 201 202 203 246 205 206 207 208 209 210 253 212 213 214 215 216 217 260 219 220 221 222 223 224 267 226 227 228 229 230 231 273 233 234 235 236 237 238 278 240 241 242 243 244 245 282 247 248 249 250 251 252 285 254 255 256 257 258 259 287 261 262 263 264 265 266 22 268 269 270 271 272 1 29 274 275 276 277 2 3 36 279 280 281 4 5 6 43 283 284 7 8 9 10 50 286 11 12 13 14 15 57 16 17 18 19 20 21 64 23 24 25 26 27 28 71 30 31 32 33 34 35 78 37 38 39 40 41 42 85 44 45 46 47 48 49 51 52 53 54 55 58 59 60 61 65 66 67 72 73 79
93 99 100 63 106 107 69 70 113 114 75 76 77 120 121 81 82 83 84 127 128 87 88 89 90 91 134 135 94 95 96 97 98 141 142 101 102 103 104 105 148 149 108 109 110 111 112 155 156 115 116 117 118 119 162 163 122 123 124 125 126 169 170 129 130 131 132 133 176 177 136 137 138 139 140 183 184 143 144 145 146 147 190 191 150 151 152 153 154 197 198 157 158 159 160 161 204 205 164 165 166 167 168 211 212 171 172 173 174 175 218 219 178 179 180 181 182 225 226 185 186 187 188 189 232 233 192 193 194 195 196 239 240 199 200 201 202 203 246 247 206 207 208 209 210 253 254 213 214 215 216 217 260 261 220 221 222 223 224 267 268 227 228 229 230 231 273 274 234 235 236 237 238 278 279 241 242 243 244 245 282 283 248 249 250 251 252 285 286 255 256 257 258 259 287 16 262 263 264 265 266 22 23 269 270 271 272 1 29 30 275 276 277 2 3 36 37 280 281 4 5 6 43 44 284 7 8 9 10 50 51 11 12 13 14 15 57 58 17 18 19 20 21 64 65 24 25 26 27 28 71 72 31 32 33 34 35 78 79 38 39 40 41 42 85 86 45 46 47 48 49 92 52 53 54 55 56 59 60 61 62 66 67 68 73 74 80
94 100 101 106 107 108 70 113 114 115 76 77 120 121 122 82 83 84 127 128 129 88 89 90 91 134 135 136 95 96 97 98 141 142 143 102 103 104 105 148 149 150 109 110 111 112 155 156 157 116 117 118 119 162 163 164 123 124 125 126 169 170 171 130 131 132 133 176 177 178 137 138 139 140 183 184 185 144 145 146 147 190 191 192 151 152 153 154 197 198 199 158 159 160 161 204 205 206 165 166 167 168 211 212 213 172 173 174 175 218 219 220 179 180 181 182 225 226 227 186 187 188 189 232 233 234 193 194 195 196 239 240 241 200 201 202 203 246 247 248 207 208 209 210 253 254 255 214 215 216 217 260 261 262 221 222 223 224 267 268 269 228 229 230 231 273 274 275 235 236 237 238 278 279 280 242 243 244 245 282 283 284 249 250 251 252 285 286 11 256 257 258 259 287 16 17 263 264 265 266 22 23 24 270 271 272 1 29 30 31 276 277 2 3 36 37 38 281 4 5 6 43 44 45 7 8 9 10 50 51 52 12 13 14 15 57 58 59 18 19 20 21 64 65 66 25 26 27 28 71 72 73 32 33 34 35 78 79 80 39 40 41 42 85 86 87 46 47 48 49 92 93 53 54 55 56 99 60 61 62 63 67 68 69 74 75 81
95 101 102 107 108 109 113 114 115 116 77 120 121 122 123 83 84 127 128 129 130 89 90 91 134 135 136 137 96 97 98 141 142 143 144 103 104 105 148 149 150 151 110 111 112 155 156 157 158 117 118 119 162 163 164 165 124 125 126 169 170 171 172 131 132 133 176 177 178 179 138 139 140 183 184 185 186 145 146 147 190 191 192 193 152 153 154 197 198 199 200 159 160 161 204 205 206 207 166 167 168 211 212 213 214 173 174 175 218 219 220 221 180 181 182 225 226 227 228 187 188 189 232 233 234 235 194 195 196 239 240 241 242 201 202 203 246 247 248 249 208 209 210 253 254 255 256 215 216 217 260 261 262 263 222 223 224 267 268 269 270 229 230 231 273 274 275 276 236 237 238 278 279 280 281 243 244 245 282 283 284 7 250 251 252 285 286 11 12 257 258 259 287 16 17 18 264 265 266 22 23 24 25 271 272 1 29 30 31 32 277 2 3 36 37 38 39 4 5 6 43 44 45 46 8 9 10 50 51 52 53 13 14 15 57 58 59 60 19 20 21 64 65 66 67 26 27 28 71 72 73 74 33 34 35 78 79 80 81 40 41 42 85 86 87 88 47 48 49 92 93 94 54 55 56 99 100 61 62 63 106 68 69 70 75 76 82
96 102 103 108 109 110 114 115 116 117 120 121 122 123 124 84 127 128 129 130 131 90 91 134 135 136 137 138 97 98 141 142 143 144 145 104 105 148 149 150 151 152 111 112 155 156 157 158 159 118 119 162 163 164 165 166 125 126 169 170 171 172 173 132 133 176 177 178 179 180 139 140 183 184 185 186 187 146 147 190 191 192 193 194 153 154 197 198 199 200 201 160 161 204 205 206 207 208 167 168 211 212 213 214 215 174 175 218 219 220 221 222 181 182 225 226 227 228 229 188 189 232 233 234 235 236 195 196 239 240 241 242 243 202 203 246 247 248 249 250 209 210 253 254 255 256 257 216 217 260 261 262 263 264 223 224 267 268 269 270 271 230 231 273 274 275 276 277 237 238 278 279 280 281 4 244 245 282 283 284 7 8 251 252 285 286 11 12 13 258 259 287 16 17 18 19 265 266 22 23 24 25 26 272 1 29 30 31 32 33 2 3 36 37 38 39 40 5 6 43 44 45 46 47 9 10 50 51 52 53 54 14 15 57 58 59 60 61 20 21 64 65 66 67 68 27 28 71 72 73 74 75 34 35 78 79 80 81 82 41 42 85 86 87 88 89 48 49 92 93 94 95 55 56 99 100 101 62 63 106 107 69 70 113 76 77 83
97 103 104 109 110 111 115 116 117 118 121 122 123 124 125 127 128 129 130 131 132 91 134 135 136 137 138 139 98 141 142 143 144 145 146 105 148 149 150 151 152 153 112 155 156 157 158 159 160 119 162 163 164 165 166 167 126 169 170 171 172 173 174 133 176 177 178 179 180 181 140 183 184 185 186 187 188 147 190 191 192 193 194 195 154 197 198 199 200 201 202 161 204 205 206 207 208 209 168 211 212 213 214 215 216 175 218 219 220 221 222 223 182 225 226 227 228 229 230 189 232 233 234 235 236 237 196 239 240 241 242 243 244 203 246 247 248 249 250 251 210 253 254 255 256 257 258 217 260 261 262 263 264 265 224 267 268 269 270 271 272 231 273 274 275 276 277 2 238 278 279 280 281 4 5 245 282 283 284 7 8 9 252 285 286 11 12 13 14 259 287 16 17 18 19 20 266 22 23 24 25 26 27 1 29 30 31 32 33 34 3 36 37 38 39 40 41 6 43 44 45 46 47 48 10 50 51 52 53 54 55 15 57 58 59 60 61 62 21 64 65 66 67 68 69 28 71 72 73 74 75 76 35 78 79 80 81 82 83 42 85 86 87 88 89 90 49 92 93 94 95 96 56 99 100 101 102 63 106 107 108 70 113 114 77 120 84
98 104 105 110 111 112 116 117 118 119 122 123 124 125 126 128 129 130 131 132 133 134 135 136 137 138 139 140 141 142 143 144 145 146 147 148 149 150 151 152 153 154 155 156 157 158 159 160 161 162 163 164 165 166 167 168 169 170 171 172 173 174 175 176 177 178 179 180 181 182 183 184 185 186 187 188 189 190 191 192 193 194 195 196 197 198 199 200 201 202 203 204 205 206 207 208 209 210 211 212 213 214 215 216 217 218 219 220 221 222 223 224 225 226 227 228 229 230 231 232 233 234 235 236 237 238 239 240 241 242 243 244 245 246 247 248 249 250 251 252 253 254 255 256 257 258 259 260 261 262 263 264 265 266 267 268 269 270 271 272 1 273 274 275 276 277 2 3 278 279 280 281 4 5 6 282 283 284 7 8 9 10 285 286 11 12 13 14 15 287 16 17 18 19 20 21 22 23 24 25 26 27 28 29 30 31 32 33 34 35 36 37 38 39 40 41 42 43 44 45 46 47 48 49 50 51 52 53 54 55 56 57 58 59 60 61 62 63 64 65 66 67 68 69 70 71 72 73 74 75 76 77 78 79 80 81 82 83 84 85 86 87 88 89 90 91 92 93 94 95 96 97 99 100 101 102 103 106 107 108 109 113 114 115 120 121 127
99 63 106 69 70 113 75 76 77 120 81 82 83 84 127 87 88 89 90 91 134 93 94 95 96 97 98 141 100 101 102 103 104 105 148 107 108 109 110 111 112 155 114 115 116 117 118 119 162 121 122 123 124 125 126 169 128 129 130 131 132 133 176 135 136 137 138 139 140 183 142 143 144 145 146 147 190 149 150 151 152 153 154 197 156 157 158 159 160 161 204 163 164 165 166 167 168 211 170 171 172 173 174 175 218 177 178 179 180 181 182 225 184 185 186 187 188 189 232 191 192 193 194 195 196 239 198 199 200 201 202 203 246 205 206 207 208 209 210 253 212 213 214 215 216 217 260 219 220 221 222 223 224 267 226 227 228 229 230 231 273 233 234 235 236 237 238 278 240 241 242 243 244 245 282 247 248 249 250 251 252 285 254 255 256 257 258 259 287 261 262 263 264 265 266 22 268 269 270 271 272 1 29 274 275 276 277 2 3 36 279 280 281 4 5 6 43 283 284 7 8 9 10 50 286 11 12 13 14 15 57 16 17 18 19 20 21 64 23 24 25 26 27 28 71 30 31 32 33 34 35 78 37 38 39 40 41 42 85 44 45 46 47 48 49 92 51 52 53 54 55 56 58 59 60 61 62 65 66 67 68 72 73 74 79 80 86
100 106 107 70 113 114 76 77 120 121 82 83 84 127 128 88 89 90 91 134 135 94 95 96 97 98 141 142 101 102 103 104 105 148 149 108 109 110 111 112 155 156 115 116 117 118 119 162 163 122 123 124 125 126 169 170 129 130 131 132 133 176 177 136 137 138 139 140 183 184 143 144 145 146 147 190 191 150 151 152 153 154 197 198 157 158 159 160 161 204 205 164 165 166 167 168 211 212 171 172 173 174 175 218 219 178 179 180 181 182 225 226 185 186 187 188 189 232 233 192 193 194 195 196 239 240 199 200 201 202 203 246 247 206 207 208 209 210 253 254 213 214 215 216 217 260 261 220 221 222 223 224 267 268 227 228 229 230 231 273 274 234 235 236 237 238 278 279 241 242 243 244 245 282 283 248 249 250 251 252 285 286 255 256 257 258 259 287 16 262 263 264 265 266 22 23 269 270 271 272 1 29 30 275 276 277 2 3 36 37 280 281 4 5 6 43 44 284 7 8 9 10 50 51 11 12 13 14 15 57 58 17 18 19 20 21 64 65 24 25 26 27 28 71 72 31 32 33 34 35 78 79 38 39 40 41 42 85 86 45 46 47 48 49 92 93 52 53 54 55 56 99 59 60 61 62 63 66 67 68 69 73 74 75 80 81 87
101 107 108 113 114 115 77 120 121 122 83 84 127 128 129 89 90 91 134 135 136 95 96 97 98 141 142 143 102 103 104 105 148 149 150 109 110 111 112 155 156 157 116 117 118 119 162 163 164 123 124 125 126 169 170 171 130 131 132 133 176 177 178 137 138 139 140 183 184 185 144 145 146 147 190 191 192 151 152 153 154 197 198 199 158 159 160 161 204 205 206 165 166 167 168 211 212 213 172 173 174 175 218 219 220 179 180 181 182 225 226 227 186 187 188 189 232 233 234 193 194 195 196 239 240 241 200 201 202 203 246 247 248 207 208 209 210 253 254 255 214 215 216 217 260 261 262 221 222 223 224 267 268 269 228 229 230 231 273 274 275 235 236 237 238 278 279 280 242 243 244 245 282 283 284 249 250 251 252 285 286 11 256 257 258 259 287 16 17 263 264 265 266 22 23 24 270 271 272 1 29 30 31 276 277 2 3 36 37 38 281 4 5 6 43 44 45 7 8 9 10 50 51 52 12 13 14 15 57 58 59 18 19 20 21 64 65 66 25 26 27 28 71 72 73 32 33 34 35 78 79 80 39 40 41 42 85 86 87 46 47 48 49 92 93 94 53 54 55 56 99 100 60 61 62 63 106 67 68 69 70 74 75 76 81 82 88
102 108 109 114 115 116 120 121 122 123 84 127 128 129 130 90 91 134 135 136 137 96 97 98 141 142 143 144 103 104 105 148 149 150 151 110 111 112 155 156 157 158 117 118 119 162 163 164 165 124 125 126 169 170 171 172 131 132 133 176 177 178 179 138 139 140 183 184 185 186 145 146 147 190 191 192 193 152 153 154 197 198 199 200 159 160 161 204 205 206 207 166 167 168 211 212 213 214 173 174 175 218 219 220 221 180 181 182 225 226 227 228 187 188 189 232 233 234 235 194 195 196 239 240 241 242 201 202 203 246 247 248 249 208 209 210 253 254 255 256 215 216 217 260 261 262 263 222 223 224 267 268 269 270 229 230 231 273 274 275 276 236 237 238 278 279 280 281 243 244 245 282 283 284 7 250 251 252 285 286 11 12 257 258 259 287 16 17 18 264 265 266 22 23 24 25 271 272 1 29 30 31 32 277 2 3 36 37 38 39 4 5 6 43 44 45 46 8 9 10 50 51 52 53 13 14 15 57 58 59 60 19 20 21 64 65 66 67 26 27 28 71 72 73 74 33 34 35 78 79 80 81 40 41 42 85 86 87 88 47 48 49 92 93 94 95 54 55 56 99 100 101 61 62 63 106 107 68 69 70 113 75 76 77 82 83 89
103 109 110 115 116 117 121 122 123 124 127 128 129 130 131 91 134 135 136 137 138 97 98 141 142 143 144 145 104 105 148 149 150 151 152 111 112 155 156 157 158 159 118 119 162 163 164 165 166 125 126 169 170 171 172 173 132 133 176 177 178 179 180 139 140 183 184 185 186 187 146 147 190 191 192 193 194 153 154 197 198 199 200 201 160 161 204 205 206 207 208 167 168 211 212 213 214 215 174 175 218 219 220 221 222 181 182 225 226 227 228 229 188 189 232 233 234 235 236 195 196 239 240 241 242 243 202 203 246 247 248 249 250 209 210 253 254 255 256 257 216 217 260 261 262 263 264 223 224 267 268 269 270 271 230 231 273 274 275 276 277 237 238 278 279 280 281 4 244 245 282 283 284 7 8 251 252 285 286 11 12 13 258 259 287 16 17 18 19 265 266 22 23 24 25 26 272 1 29 30 31 32 33 2 3 36 37 38 39 40 5 6 43 44 45 46 47 9 10 50 51 52 53 54 14 15 57 58 59 60 61 20 21 64 65 66 67 68 27 28 71 72 73 74 75 34 35 78 79 80 81 82 41 42 85 86 87 88 89 48 49 92 93 94 95 96 55 56 99 100 101 102 62 63 106 107 108 69 70 113 114 76 77 120 83 84 90
104 110 111 116 117 118 122 123 124 125 128 129 130 131 132 134 135 136 137 138 139 98 141 142 143 144 145 146 105 148 149 150 151 152 153 112 155 156 157 158 159 160 119 162 163 164 165 166 167 126 169 170 171 172 173 174 133 176 177 178 179 180 181 140 183 184 185 186 187 188 147 190 191 192 193 194 195 154 197 198 199 200 201 202 161 204 205 206 207 208 209 168 211 212 213 214 215 216 175 218 219 220 221 222 223 182 225 226 227 228 229 230 189 232 233 234 235 236 237 196 239 240 241 242 243 244 203 246 247 248 249 250 251 210 253 254 255 256 257 258 217 260 261 262 263 264 265 224 267 268 269 270 271 272 231 273 274 275 276 277 2 238 278 279 280 281 4 5 245 282 283 284 7 8 9 252 285 286 11 12 13 14 259 287 16 17 18 19 20 266 22 23 24 25 26 27 1 29 30 31 32 33 34 3 36 37 38 39 40 41 6 43 44 45 46 47 48 10 50 51 52 53 54 55 15 57 58 59 60 61 62 21 64 65 66 67 68 69 28 71 72 73 74 75 76 35 78 79 80 81 82 83 42 85 86 87 88 89 90 49 92 93 94 95 96 97 56 99 100 101 102 103 63 106 107 108 109 70 113 114 115 77 120 121 84 127 91
105 111 112 117 118 119 123 124 125 126 129 130 131 132 133 135 136 137 138 139 140 141 142 143 144 145 146 147 148 149 150 151 152 153 154 155 156 157 158 159 160 161 162 163 164 165 166 167 168 169 170 171 172 173 174 175 176 177 178 179 180 181 182 183 184 185 186 187 188 189 190 191 192 193 194 195 196 197 198 199 200 201 202 203 204 205 206 207 208 209 210 211 212 213 214 215 216 217 218 219 220 221 222 223 224 225 226 227 228 229 230 231 232 233 234 235 236 237 238 239 240 241 242 243 244 245 246 247 248 249 250 251 252 253 254 255 256 257 258 259 260 261 262 263 264 265 266 267 268 269 270 271 272 1 273 274 275 276 277 2 3 278 279 280 281 4 5 6 282 283 284 7 8 9 10 285 286 11 12 13 14 15 287 16 17 18 19 20 21 22 23 24 25 26 27 28 29 30 31 32 33 34 35 36 37 38 39 40 41 42 43 44 45 46 47 48 49 50 51 52 53 54 55 56 57 58 59 60 61 62 63 64 65 66 67 68 69 70 71 72 73 74 75 76 77 78 79 80 81 82 83 84 85 86 87 88 89 90 91 92 93 94 95 96 97 98 99 100 101 102 103 104 106 107 108 109 110 113 114 115 116 120 121 122 127 128 134
106 70 113 76 77 120 82 83 84 127 88 89 90 91 134 94 95 96 97 98 141 100 101 102 103 104 105 148 107 108 109 110 111 112 155 114 115 116 117 118 119 162 121 122 123 124 125 126 169 128 129 130 131 132 133 176 135 136 137 138 139 140 183 142 143 144 145 146 147 190 149 150 151 152 153 154 197 156 157 158 159 160 161 204 163 164 165 166 167 168 211 170 171 172 173 174 175 218 177 178 179 180 181 182 225 184 185 186 187 188 189 232 191 192 193 194 195 196 239 198 199 200 201 202 203 246 205 206 207 208 209 210 253 212 213 214 215 216 217 260 219 220 221 222 223 224 267 226 227 228 229 230 231 273 233 234 235 236 237 238 278 240 241 242 243 244 245 282 247 248 249 250 251 252 285 254 255 256 257 258 259 287 261 262 263 264 265 266 22 268 269 270 271 272 1 29 274 275 276 277 2 3 36 279 280 281 4 5 6 43 283 284 7 8 9 10 50 286 11 12 13 14 15 57 16 17 18 19 20 21 64 23 24 25 26 27 28 71 30 31 32 33 34 35 78 37 38 39 40 41 42 85 44 45 46 47 48 49 92 51 52 53 54 55 56 99 58 59 60 61 62 63 65 66 67 68 69 72 73 74 75 79 80 81 86 87 93
107 113 114 77 120 121 83 84 127 128 89 90 91 134 135 95 96 97 98 141 142 101 102 103 104 105 148 149 108 109 110 111 112 155 156 115 116 117 118 119 162 163 122 123 124 125 126 169 170 129 130 131 132 133 176 177 136 137 138 139 140 183 184 143 144 145 146 147 190 191 150 151 152 153 154 197 198 157 158 159 160 161 204 205 164 165 166 167 168 211 212 171 172 173 174 175 218 219 178 179 180 181 182 225 226 185 186 187 188 189 232 233 192 193 194 195 196 239 240 199 200 201 202 203 246 247 206 207 208 209 210 253 254 213 214 215 216 217 260 261 220 221 222 223 224 267 268 227 228 229 230 231 273 274 234 235 236 237 238 278 279 241 242 243 244 245 282 283 248 249 250 251 252 285 286 255 256 257 258 259 287 16 262 263 264 265 266 22 23 269 270 271 272 1 29 30 275 276 277 2 3 36 37 280 281 4 5 6 43 44 284 7 8 9 10 50 51 11 12 13 14 15 57 58 17 18 19 20 21 64 65 24 25 26 27 28 71 72 31 32 33 34 35 78 79 38 39 40 41 42 85 86 45 46 47 48 49 92 93 52 53 54 55 56 99 100 59 60 61 62 63 106 66 67 68 69 70 73 74 75 76 80 81 82 87 88 94
108 114 115 120 121 122 84 127 128 129 90 91 134 135 136 96 97 98 141 142 143 102 103 104 105 148 149 150 109 110 111 112 155 156 157 116 117 118 119 162 163 164 123 124 125 126 169 170 171 130 131 132 133 176 177 178 137 138 139 140 183 184 185 144 145 146 147 190 191 192 151 152 153 154 197 198 199 158 159 160 161 204 205 206 165 166 167 168 211 212 213 172 173 174 175 218 219 220 179 180 181 182 225 226 227 186 187 188 189 232 233 234 193 194 195 196 239 240 241 200 201 202 203 246 247 248 207 208 209 210 253 254 255 214 215 216 217 260 261 262 221 222 223 224 267 268 269 228 229 230 231 273 274 275 235 236 237 238 278 279 280 242 243 244 245 282 283 284 249 250 251 252 285 286 11 256 257 258 259 287 16 17 263 264 265 266 22 23 24 270 271 272 1 29 30 31 276 277 2 3 36 37 38 281 4 5 6 43 44 45 7 8 9 10 50 51 52 12 13 14 15 57 58 59 18 19 20 21 64 65 66 25 26 27 28 71 72 73 32 33 34 35 78 79 80 39 40 41 42 85 86 87 46 47 48 49 92 93 94 53 54 55 56 99 100 101 60 61 62 63 106 107 67 68 69 70 113 74 75 76 77 81 82 83 88 89 95
109 115 116 121 122 123 127 128 129 130 91 134 135 136 137 97 98 141 142 143 144 103 104 105 148 149 150 151 110 111 112 155 156 157 158 117 118 119 162 163 164 165 124 125 126 169 170 171 172 131 132 133 176 177 178 179 138 139 140 183 184 185 186 145 146 147 190 191 192 193 152 153 154 197 198 199 200 159 160 161 204 205 206 207 166 167 168 211 212 213 214 173 174 175 218 219 220 221 180 181 182 225 226 227 228 187 188 189 232 233 234 235 194 195 196 239 240 241 242 201 202 203 246 247 248 249 208 209 210 253 254 255 256 215 216 217 260 261 262 263 222 223 224 267 268 269 270 229 230 231 273 274 275 276 236 237 238 278 279 280 281 243 244 245 282 283 284 7 250 251 252 285 286 11 12 257 258 259 287 16 17 18 264 265 266 22 23 24 25 271 272 1 29 30 31 32 277 2 3 36 37 38 39 4 5 6 43 44 45 46 8 9 10 50 51 52 53 13 14 15 57 58 59 60 19 20 21 64 65 66 67 26 27 28 71 72 73 74 33 34 35 78 79 80 81 40 41 42 85 86 87 88 47 48 49 92 93 94 95 54 55 56 99 100 101 102 61 62 63 106 107 108 68 69 70 113 114 75 76 77 120 82 83 84 89 90 96
110 116 117 122 123 124 128 129 130 131 134 135 136 137 138 98 141 142 143 144 145 104 105 148 149 150 151 152 111 112 155 156 157 158 159 118 119 162 163 164 165 166 125 126 169 170 171 172 173 132 133 176 177 178 179 180 139 140 183 184 185 186 187 146 147 190 191 192 193 194 153 154 197 198 199 200 201 160 161 204 205 206 207 208 167 168 211 212 213 214 215 174 175 218 219 220 221 222 181 182 225 226 227 228 229 188 189 232 233 234 235 236 195 196 239 240 241 242 243 202 203 246 247 248 249 250 209 210 253 254 255 256 257 216 217 260 261 262 263 264 223 224 267 268 269 270 271 230 231 273 274 275 276 277 237 238 278 279 280 281 4 244 245 282 283 284 7 8 251 252 285 286 11 12 13 258 259 287 16 17 18 19 265 266 22 23 24 25 26 272 1 29 30 31 32 33 2 3 36 37 38 39 40 5 6 43 44 45 46 47 9 10 50 51 52 53 54 14 15 57 58 59 60 61 20 21 64 65 66 67 68 27 28 71 72 73 74 75 34 35 78 79 80 81 82 41 42 85 86 87 88 89 48 49 92 93 94 95 96 55 56 99 100 101 102 103 62 63 106 107 108 109 69 70 113 114 115 76 77 120 121 83 84 127 90 91 97
111 117 118 123 124 125 129 130 131 132 135 136 137 138 139 141 142 143 144 145 146 105 148 149 150 151 152 153 112 155 156 157 158 159 160 119 162 163 164 165 166 167 126 169 170 171 172 173 174 133 176 177 178 179 180 181 140 183 184 185 186 187 188 147 190 191 192 193 194 195 154 197 198 199 200 201 202 161 204 205 206 207 208 209 168 211 212 213 214 215 216 175 218 219 220 221 222 223 182 225 226 227 228 229 230 189 232 233 234 235 236 237 196 239 240 241 242 243 244 203 246 247 248 249 250 251 210 253 254 255 256 257 258 217 260 261 262 263 264 265 224 267 268 269 270 271 272 231 273 274 275 276 277 2 238 278 279 280 281 4 5 245 282 283 284 7 8 9 252 285 286 11 12 13 14 259 287 16 17 18 19 20 266 22 23 24 25 26 27 1 29 30 31 32 33 34 3 36 37 38 39 40 41 6 43 44 45 46 47 48 10 50 51 52 53 54 55 15 57 58 59 60 61 62 21 64 65 66 67 68 69 28 71 72 73 74 75 76 35 78 79 80 81 82 83 42 85 86 87 88 89 90 49 92 93 94 95 96 97 56 99 100 101 102 103 104 63 106 107 108 109 110 70 113 114 115 116 77 120 121 122 84 127 128 91 134 98
112 118 119 124 125 126 130 131 132 133 136 137 138 139 140 142 143 144 145 146 147 148 149 150 151 152 153 154 155 156 157 158 159 160 161 162 163 164 165 166 167 168 169 170 171 172 173 174 175 176 177 178 179 180 181 182 183 184 185 186 187 188 189 190 191 192 193 194 195 196 197 198 199 200 201 202 203 204 205 206 207 208 209 210 211 212 213 214 215 216 217 218 219 220 221 222 223 224 225 226 227 228 229 230 231 232 233 234 235 236 237 238 239 240 241 242 243 244 245 246 247 248 249 250 251 252 253 254 255 256 257 258 259 260 261 262 263 264 265 266 267 268 269 270 271 272 1 273 274 275 276 277 2 3 278 279 280 281 4 5 6 282 283 284 7 8 9 10 285 286 11 12 13 14 15 287 16 17 18 19 20 21 22 23 24 25 26 27 28 29 30 31 32 33 34 35 36 37 38 39 40 41 42 43 44 45 46 47 48 49 50 51 52 53 54 55 56 57 58 59 60 61 62 63 64 65 66 67 68 69 70 71 72 73 74 75 76 77 78 79 80 81 82 83 84 85 86 87 88 89 90 91 92 93 94 95 96 97 98 99 100 101 102 103 104 105 106 107 108 109 110 111 113 114 115 116 117 120 121 122 123 127 128 129 134 135 141
113 77 120 83 84 127 89 90 91 134 95 96 97 98 141 101 102 103 104 105 148 107 108 109 110 111 112 155 114 115 116 117 118 119 162 121 122 123 124 125 126 169 128 129 130 131 132 133 176 135 136 137 138 139 140 183 142 143 144 145 146 147 190 149 150 151 152 153 154 197 156 157 158 159 160 161 204 163 164 165 166 167 168 211 170 171 172 173 174 175 218 177 178 179 180 181 182 225 184 185 186 187 188 189 232 191 192 193 194 195 196 239 198 199 200 201 202 203 246 205 206 207 208 209 210 253 212 213 214 215 216 217 260 219 220 221 222 223 224 267 226 227 228 229 230 231 273 233 234 235 236 237 238 278 240 241 242 243 244 245 282 247 248 249 250 251 252 285 254 255 256 257 258 259 287 261 262 263 264 265 266 22 268 269 270 271 272 1 29 274 275 276 277 2 3 36 279 280 281 4 5 6 43 283 284 7 8 9 10 50 286 11 12 13 14 15 57 16 17 18 19 20 21 64 23 24 25 26 27 28 71 30 31 32 33 34 35 78 37 38 39 40 41 42 85 44 45 46 47 48 49 92 51 52 53 54 55 56 99 58 59 60 61 62 63 106 65 66 67 68 69 70 72 73 74 75 76 79 80 81 82 86 87 88 93 94 100
114 120 121 84 127 128 90 91 134 135 96 97 98 141 142 102 103 104 105 148 149 108 109 110 111 112 155 156 115 116 117 118 119 162 163 122 123 124 125 126 169 170 129 130 131 132 133 176 177 136 137 138 139 140 183 184 143 144 145 146 147 190 191 150 151 152 153 154 197 198 157 158 159 160 161 204 205 164 165 166 167 168 211 212 171 172 173 174 175 218 219 178 179 180 181 182 225 226 185 186 187 188 189 232 233 192 193 194 195 196 239 240 199 200 201 202 203 246 247 206 207 208 209 210 253 254 213 214 215 216 217 260 261 220 221 222 223 224 267 268 227 228 229 230 231 273 274 234 235 236 237 238 278 279 241 242 243 244 245 282 283 248 249 250 251 252 285 286 255 256 257 258 259 287 16 262 263 264 265 266 22 23 269 270 271 272 1 29 30 275 276 277 2 3 36 37 280 281 4 5 6 43 44 284 7 8 9 10 50 51 11 12 13 14 15 57 58 17 18 19 20 21 64 65 24 25 26 27 28 71 72 31 32 33 34 35 78 79 38 39 40 41 42 85 86 45 46 47 48 49 92 93 52 53 54 55 56 99 100 59 60 61 62 63 106 107 66 67 68 69 70 113 73 74 75 76 77 80 81 82 83 87 88 89 94 95 101
115 121 122 127 128 129 91 134 135 136 97 98 141 142 143 103 104 105 148 149 150 109 110 111 112 155 156 157 116 117 118 119 162 163 164 123 124 125 126 169 170 171 130 131 132 133 176 177 178 137 138 139 140 183 184 185 144 145 146 147 190 191 192 151 152 153 154 197 198 199 158 159 160 161 204 205 206 165 166 167 168 211 212 213 172 173 174 175 218 219 220 179 180 181 182 225 226 227 186 187 188 189 232 233 234 193 194 195 196 239 240 241 200 201 202 203 246 247 248 207 208 209 210 253 254 255 214 215 216 217 260 261 262 221 222 223 224 267 268 269 228 229 230 231 273 274 275 235 236 237 238 278 279 280 242 243 244 245 282 283 284 249 250 251 252 285 286 11 256 257 258 259 287 16 17 263 264 265 266 22 23 24 270 271 272 1 29 30 31 276 277 2 3 36 37 38 281 4 5 6 43 44 45 7 8 9 10 50 51 52 12 13 14 15 57 58 59 18 19 20 21 64 65 66 25 26 27 28 71 72 73 32 33 34 35 78 79 80 39 40 41 42 85 86 87 46 47 48 49 92 93 94 53 54 55 56 99 100 101 60 61 62 63 106 107 108 67 68 69 70 113 114 74 75 76 77 120 81 82 83 84 88 89 90 95 96 102
116 122 123 128 129 130 134 135 136 137 98 141 142 143 144 104 105 148 149 150 151 110 111 112 155 156 157 158 117 118 119 162 163 164 165 124 125 126 169 170 171 172 131 132 133 176 177 178 179 138 139 140 183 184 185 186 145 146 147 190 191 192 193 152 153 154 197 198 199 200 159 160 161 204 205 206 207 166 167 168 211 212 213 214 173 174 175 218 219 220 221 180 181 182 225 226 227 228 187 188 189 232 233 234 235 194 195 196 239 240 241 242 201 202 203 246 247 248 249 208 209 210 253 254 255 256 215 216 217 260 261 262 263 222 223 224 267 268 269 270 229 230 231 273 274 275 276 236 237 238 278 279 280 281 243 244 245 282 283 284 7 250 251 252 285 286 11 12 257 258 259 287 16 17 18 264 265 266 22 23 24 25 271 272 1 29 30 31 32 277 2 3 36 37 38 39 4 5 6 43 44 45 46 8 9 10 50 51 52 53 13 14 15 57 58 59 60 19 20 21 64 65 66 67 26 27 28 71 72 73 74 33 34 35 78 79 80 81 40 41 42 85 86 87 88 47 48 49 92 93 94 95 54 55 56 99 100 101 102 61 62 63 106 107 108 109 68 69 70 113 114 115 75 76 77 120 121 82 83 84 127 89 90 91 96 97 103
117 123 124 129 130 131 135 136 137 138 141 142 143 144 145 105 148 149 150 151 152 111 112 155 156 157 158 159 118 119 162 163 164 165 166 125 126 169 170 171 172 173 132 133 176 177 178 179 180 139 140 183 184 185 186 187 146 147 190 191 192 193 194 153 154 197 198 199 200 201 160 161 204 205 206 207 208 167 168 211 212 213 214 215 174 175 218 219 220 221 222 181 182 225 226 227 228 229 188 189 232 233 234 235 236 195 196 239 240 241 242 243 202 203 246 247 248 249 250 209 210 253 254 255 256 257 216 217 260 261 262 263 264 223 224 267 268 269 270 271 230 231 273 274 275 276 277 237 238 278 279 280 281 4 244 245 282 283 284 7 8 251 252 285 286 11 12 13 258 259 287 16 17 18 19 265 266 22 23 24 25 26 272 1 29 30 31 32 33 2 3 36 37 38 39 40 5 6 43 44 45 46 47 9 10 50 51 52 53 54 14 15 57 58 59 60 61 20 21 64 65 66 67 68 27 28 71 72 73 74 75 34 35 78 79 80 81 82 41 42 85 86 87 88 89 48 49 92 93 94 95 96 55 56 99 100 101 102 103 62 63 106 107 108 109 110 69 70 113 114 115 116 76 77 120 121 122 83 84 127 128 90 91 134 97 98 104
118 124 125 130 131 132 136 137 138 139 142 143 144 145 146 148 149 150 151 152 153 112 155 156 157 158 159 160 119 162 163 164 165 166 167 126 169 170 171 172 173 174 133 176 177 178 179 180 181 140 183 184 185 186 187 188 147 190 191 192 193 194 195 154 197 198 199 200 201 202 161 204 205 206 207 208 209 168 211 212 213 214 215 216 175 218 219 220 221 222 223 182 225 226 227 228 229 230 189 232 233 234 235 236 237 196 239 240 241 242 243 244 203 246 247 248 249 250 251 210 253 254 255 256 257 258 217 260 261 262 263 264 265 224 267 268 269 270 271 272 231 273 274 275 276 277 2 238 278 279 280 281 4 5 245 282 283 284 7 8 9 252 285 286 11 12 13 14 259 287 16 17 18 19 20 266 22 23 24 25 26 27 1 29 30 31 32 33 34 3 36 37 38 39 40 41 6 43 44 45 46 47 48 10 50 51 52 53 54 55 15 57 58 59 60 61 62 21 64 65 66 67 68 69 28 71 72 73 74 75 76 35 78 79 80 81 82 83 42 85 86 87 88 89 90 49 92 93 94 95 96 97 56 99 100 101 102 103 104 63 106 107 108 109 110 111 70 113 114 115 116 117 77 120 121 122 123 84 127 128 129 91 134 135 98 141 105
119 125 126 131 132 133 137 138 139 140 143 144 145 146 147 149 150 151 152 153 154 155 156 157 158 159 160 161 162 163 164 165 166 167 168 169 170 171 172 173 174 175 176 177 178 179 180 181 182 183 184 185 186 187 188 189 190 191 192 193 194 195 196 197 198 199 200 201 202 203 204 205 206 207 208 209 210 211 212 213 214 215 216 217 218 219 220 221 222 223 224 225 226 227 228 229 230 231 232 233 234 235 236 237 238 239 240 241 242 243 244 245 246 247 248 249 250 251 252 253 254 255 256 257 258 259 260 261 262 263 264 265 266 267 268 269 270 271 272 1 273 274 275 276 277 2 3 278 279 280 281 4 5 6 282 283 284 7 8 9 10 285 286 11 12 13 14 15 287 16 17 18 19 20 21 22 23 24 25 26 27 28 29 30 31 32 33 34 35 36 37 38 39 40 41 42 43 44 45 46 47 48 49 50 51 52 53 54 55 56 57 58 59 60 61 62 63 64 65 66 67 68 69 70 71 72 73 74 75 76 77 78 79 80 81 82 83 84 85 86 87 88 89 90 91 92 93 94 95 96 97 98 99 100 101 102 103 104 105 106 107 108 109 110 111 112 113 114 115 116 117 118 120 121 122 123 124 127 128 129 130 134 135 136 141 142 148
120 84 127 90 91 134 96 97 98 141 102 103 104 105 148 108 109 110 111 112 155 114 115 116 117 118 119 162 121 122 123 124 125 126 169 128 129 130 131 132 133 176 135 136 137 138 139 140 183 142 143 144 145 146 147 190 149 150 151 152 153 154 197 156 157 158 159 160 161 204 163 164 165 166 167 168 211 170 171 172 173 174 175 218 177 178 179 180 181 182 225 184 185 186 187 188 189 232 191 192 193 194 195 196 239 198 199 200 201 202 203 246 205 206 207 208 209 210 253 212 213 214 215 216 217 260 219 220 221 222 223 224 267 226 227 228 229 230 231 273 233 234 235 236 237 238 278 240 241 242 243 244 245 282 247 248 249 250 251 252 285 254 255 256 257 258 259 287 261 262 263 264 265 266 22 268 269 270 271 272 1 29 274 275 276 277 2 3 36 279 280 281 4 5 6 43 283 284 7 8 9 10 50 286 11 12 13 14 15 57 16 17 18 19 20 21 64 23 24 25 26 27 28 71 30 31 32 33 34 35 78 37 38 39 40 41 42 85 44 45 46 47 48 49 92 51 52 53 54 55 56 99 58 59 60 61 62 63 106 65 66 67 68 69 70 113 72 73 74 75 76 77 79 80 81 82 83 86 87 88 89 93 94 95 100 101 107
121 127 128 91 134 135 97 98 141 142 103 104 105 148 149 109 110 111 112 155 156 115 116 117 118 119 162 163 122 123 124 125 126 169 170 129 130 131 132 133 176 177 136 137 138 139 140 183 184 143 144 145 146 147 190 191 150 151 152 153 154 197 198 157 158 159 160 161 204 205 164 165 166 167 168 211 212 171 172 173 174 175 218 219 178 179 180 181 182 225 226 185 186 187 188 189 232 233 192 193 194 195 196 239 240 199 200 201 202 203 246 247 206 207 208 209 210 253 254 213 214 215 216 217 260 261 220 221 222 223 224 267 268 227 228 229 230 231 273 274 234 235 236 237 238 278 279 241 242 243 244 245 282 283 248 249 250 251 252 285 286 255 256 257 258 259 287 16 262 263 264 265 266 22 23 269 270 271 272 1 29 30 275 276 277 2 3 36 37 280 281 4 5 6 43 44 284 7 8 9 10 50 51 11 12 13 14 15 57 58 17 18 19 20 21 64 65 24 25 26 27 28 71 72 31 32 33 34 35 78 79 38 39 40 41 42 85 86 45 46 47 48 49 92 93 52 53 54 55 56 99 100 59 60 61 62 63 106 107 66 67 68 69 70 113 114 73 74 75 76 77 120 80 81 82 83 84 87 88 89 90 94 95 96 101 102 108
122 128 129 134 135 136 98 141 142 143 104 105 148 149 150 110 111 112 155 156 157 116 117 118 119 162 163 164 123 124 125 126 169 170 171 130 131 132 133 176 177 178 137 138 139 140 183 184 185 144 145 146 147 190 191 192 151 152 153 154 197 198 199 158 159 160 161 204 205 206 165 166 167 168 211 212 213 172 173 174 175 218 219 220 179 180 181 182 225 226 227 186 187 188 189 232 233 234 193 194 195 196 239 240 241 200 201 202 203 246 247 248 207 208 209 210 253 254 255 214 215 216 217 260 261 262 221 222 223 224 267 268 269 228 229 230 231 273 274 275 235 236 237 238 278 279 280 242 243 244 245 282 283 284 249 250 251 252 285 286 11 256 257 258 259 287 16 17 263 264 265 266 22 23 24 270 271 272 1 29 30 31 276 277 2 3 36 37 38 281 4 5 6 43 44 45 7 8 9 10 50 51 52 12 13 14 15 57 58 59 18 19 20 21 64 65 66 25 26 27 28 71 72 73 32 33 34 35 78 79 80 39 40 41 42 85 86 87 46 47 48 49 92 93 94 53 54 55 56 99 100 101 60 61 62 63 106 107 108 67 68 69 70 113 114 115 74 75 76 77 120 121 81 82 83 84 127 88 89 90 91 95 96 97 102 103 109
123 129 130 135 136 137 141 142 143 144 105 148 149 150 151 111 112 155 156 157 158 117 118 119 162 163 164 165 124 125 126 169 170 171 172 131 132 133 176 177 178 179 138 139 140 183 184 185 186 145 146 147 190 191 192 193 152 153 154 197 198 199 200 159 160 161 204 205 206 207 166 167 168 211 212 213 214 173 174 175 218 219 220 221 180 181 182 225 226 227 228 187 188 189 232 233 234 235 194 195 196 239 240 241 242 201 202 203 246 247 248 249 208 209 210 253 254 255 256 215 216 217 260 261 262 263 222 223 224 267 268 269 270 229 230 231 273 274 275 276 236 237 238 278 279 280 281 243 244 245 282 283 284 7 250 251 252 285 286 11 12 257 258 259 287 16 17 18 264 265 266 22 23 24 25 271 272 1 29 30 31 32 277 2 3 36 37 38 39 4 5 6 43 44 45 46 8 9 10 50 51 52 53 13 14 15 57 58 59 60 19 20 21 64 65 66 67 26 27 28 71 72 73 74 33 34 35 78 79 80 81 40 41 42 85 86 87 88 47 48 49 92 93 94 95 54 55 56 99 100 101 102 61 62 63 106 107 108 109 68 69 70 113 114 115 116 75 76 77 120 121 122 82 83 84 127 128 89 90 91 134 96 97 98 103 104 110
124 130 131 136 137 138 142 143 144 145 148 149 150 151 152 112 155 156 157 158 159 118 119 162 163 164 165 166 125 126 169 170 171 172 173 132 133 176 177 178 179 180 139 140 183 184 185 186 187 146 147 190 191 192 193 194 153 154 197 198 199 200 201 160 161 204 205 206 207 208 167 168 211 212 213 214 215 174 175 218 219 220 221 222 181 182 225 226 227 228 229 188 189 232 233 234 235 236 195 196 239 240 241 242 243 202 203 246 247 248 249 250 209 210 253 254 255 256 257 216 217 260 261 262 263 264 223 224 267 268 269 270 271 230 231 273 274 275 276 277 237 238 278 279 280 281 4 244 245 282 283 284 7 8 251 252 285 286 11 12 13 258 259 287 16 17 18 19 265 266 22 23 24 25 26 272 1 29 30 31 32 33 2 3 36 37 38 39 40 5 6 43 44 45 46 47 9 10 50 51 52 53 54 14 15 57 58 59 60 61 20 21 64 65 66 67 68 27 28 71 72 73 74 75 34 35 78 79 80 81 82 41 42 85 86 87 88 89 48 49 92 93 94 95 96 55 56 99 100 101 102 103 62 63 106 107 108 109 110 69 70 113 114 115 116 117 76 77 120 121 122 123 83 84 127 128 129 90 91 134 135 97 98 141 104 105 111
125 131 132 137 138 139 143 144 145 146 149 150 151 152 153 155 156 157 158 159 160 119 162 163 164 165 166 167 126 169 170 171 172 173 174 133 176 177 178 179 180 181 140 183 184 185 186 187 188 147 190 191 192 193 194 195 154 197 198 199 200 201 202 161 204 205 206 207 208 209 168 211 212 213 214 215 216 175 218 219 220 221 222 223 182 225 226 227 228 229 230 189 232 233 234 235 236 237 196 239 240 241 242 243 244 203 246 247 248 249 250 251 210 253 254 255 256 257 258 217 260 261 262 263 264 265 224 267 268 269 270 271 272 231 273 274 275 276 277 2 238 278 279 280 281 4 5 245 282 283 284 7 8 9 252 285 286 11 12 13 14 259 287 16 17 18 19 20 266 22 23 24 25 26 27 1 29 30 31 32 33 34 3 36 37 38 39 40 41 6 43 44 45 46 47 48 10 50 51 52 53 54 55 15 57 58 59 60 61 62 21 64 65 66 67 68 69 28 71 72 73 74 75 76 35 78 79 80 81 82 83 42 85 86 87 88 89 90 49 92 93 94 95 96 97 56 99 100 101 102 103 104 63 106 107 108 109 110 111 70 113 114 115 116 117 118 77 120 121 122 123 124 84 127 128 129 130 91 134 135 136 98 141 142 105 148 112
126 132 133 138 139 140 144 145 146 147 150 151 152 153 154 156 157 158 159 160 161 162 163 164 165 166 167 168 169 170 171 172 173 174 175 176 177 178 179 180 181 182 183 184 185 186 187 188 189 190 191 192 193 194 195 196 197 198 199 200 201 202 203 204 205 206 207 208 209 210 211 212 213 214 215 216 217 218 219 220 221 222 223 224 225 226 227 228 229 230 231 232 233 234 235 236 237 238 239 240 241 242 243 244 245 246 247 248 249 250 251 252 253 254 255 256 257 258 259 260 261 262 263 264 265 266 267 268 269 270 271 272 1 273 274 275 276 277 2 3 278 279 280 281 4 5 6 282 283 284 7 8 9 10 285 286 11 12 13 14 15 287 16 17 18 19 20 21 22 23 24 25 26 27 28 29 30 31 32 33 34 35 36 37 38 39 40 41 42 43 44 45 46 47 48 49 50 51 52 53 54 55 56 57 58 59 60 61 62 63 64 65 66 67 68 69 70 71 72 73 74 75 76 77 78 79 80 81 82 83 84 85 86 87 88 89 90 91 92 93 94 95 96 97 98 99 100 101 102 103 104 105 106 107 108 109 110 111 112 113 114 115 116 117 118 119 120 121 122 123 124 125 127 128 129 130 131 134 135 136 137 141 142 143 148 149 155
127 91 134 97 98 141 103 104 105 148 109 110 111 112 155 115 116 117 118 119 162 121 122 123 124 125 126 169 128 129 130 131 132 133 176 135 136 137 138 139 140 183 142 143 144 145 146 147 190 149 150 151 152 153 154 197 156 157 158 159 160 161 204 163 164 165 166 167 168 211 170 171 172 173 174 175 218 177 178 179 180 181 182 225 184 185 186 187 188 189 232 191 192 193 194 195 196 239 198 199 200 201 202 203 246 205 206 207 208 209 210 253 212 213 214 215 216 217 260 219 220 221 222 223 224 267 226 227 228 229 230 231 273 233 234 235 236 237 238 278 240 241 242 243 244 245 282 247 248 249 250 251 252 285 254 255 256 257 258 259 287 261 262 263 264 265 266 22 268 269 270 271 272 1 29 274 275 276 277 2 3 36 279 280 281 4 5 6 43 283 284 7 8 9 10 50 286 11 12 13 14 15 57 16 17 18 19 20 21 64 23 24 25 26 27 28 71 30 31 32 33 34 35 78 37 38 39 40 41 42 85 44 45 46 47 48 49 92 51 52 53 54 55 56 99 58 59 60 61 62 63 106 65 66 67 68 69 70 113 72 73 74 75 76 77 120 79 80 81 82 83 84 86 87 88 89 90 93 94 95 96 100 101 102 107 108 114
128 134 135 98 141 142 104 105 148 149 110 111 112 155 156 116 117 118 119 162 163 122 123 124 125 126 169 170 129 130 131 132 133 176 177 136 137 138 139 140 183 184 143 144 145 146 147 190 191 150 151 152 153 154 197 198 157 158 159 160 161 204 205 164 165 166 167 168 211 212 171 172 173 174 175 218 219 178 179 180 181 182 225 226 185 186 187 188 189 232 233 192 193 194 195 196 239 240 199 200 201 202 203 246 247 206 207 208 209 210 253 254 213 214 215 216 217 260 261 220 221 222 223 224 267 268 227 228 229 230 231 273 274 234 235 236 237 238 278 279 241 242 243 244 245 282 283 248 249 250 251 252 285 286 255 256 257 258 259 287 16 262 263 264 265 266 22 23 269 270 271 272 1 29 30 275 276 277 2 3 36 37 280 281 4 5 6 43 44 284 7 8 9 10 50 51 11 12 13 14 15 57 58 17 18 19 20 21 64 65 24 25 26 27 28 71 72 31 32 33 34 35 78 79 38 39 40 41 42 85 86 45 46 47 48 49 92 93 52 53 54 55 56 99 100 59 60 61 62 63 106 107 66 67 68 69 70 113 114 73 74 75 76 77 120 121 80 81 82 83 84 127 87 88 89 90 91 94 95 96 97 101 102 103 108 109 115
129 135 136 141 142 143 105 148 149 150 111 112 155 156 157 117 118 119 162 163 164 123 124 125 126 169 170 171 130 131 132 133 176 177 178 137 138 139 140 183 184 185 144 145 146 147 190 191 192 151 152 153 154 197 198 199 158 159 160 161 204 205 206 165 166 167 168 211 212 213 172 173 174 175 218 219 220 179 180 181 182 225 226 227 186 187 188 189 232 233 234 193 194 195 196 239 240 241 200 201 202 203 246 247 248 207 208 209 210 253 254 255 214 215 216 217 260 261 262 221 222 223 224 267 268 269 228 229 230 231 273 274 275 235 236 237 238 278 279 280 242 243 244 245 282 283 284 249 250 251 252 285 286 11 256 257 258 259 287 16 17 263 264 265 266 22 23 24 270 271 272 1 29 30 31 276 277 2 3 36 37 38 281 4 5 6 43 44 45 7 8 9 10 50 51 52 12 13 14 15 57 58 59 18 19 20 21 64 65 66 25 26 27 28 71 72 73 32 33 34 35 78 79 80 39 40 41 42 85 86 87 46 47 48 49 92 93 94 53 54 55 56 99 100 101 60 61 62 63 106 107 108 67 68 69 70 113 114 115 74 75 76 77 120 121 122 81 82 83 84 127 128 88 89 90 91 134 95 96 97 98 102 103 104 109 110 116
130 136 137 142 143 144 148 149 150 151 112 155 156 157 158 118 119 162 163 164 165 124 125 126 169 170 171 172 131 132 133 176 177 178 179 138 139 140 183 184 185 186 145 146 147 190 191 192 193 152 153 154 197 198 199 200 159 160 161 204 205 206 207 166 167 168 211 212 213 214 173 174 175 218 219 220 221 180 181 182 225 226 227 228 187 188 189 232 233 234 235 194 195 196 239 240 241 242 201 202 203 246 247 248 249 208 209 210 253 254 255 256 215 216 217 260 261 262 263 222 223 224 267 268 269 270 229 230 231 273 274 275 276 236 237 238 278 279 280 281 243 244 245 282 283 284 7 250 251 252 285 286 11 12 257 258 259 287 16 17 18 264 265 266 22 23 24 25 271 272 1 29 30 31 32 277 2 3 36 37 38 39 4 5 6 43 44 45 46 8 9 10 50 51 52 53 13 14 15 57 58 59 60 19 20 21 64 65 66 67 26 27 28 71 72 73 74 33 34 35 78 79 80 81 40 41 42 85 86 87 88 47 48 49 92 93 94 95 54 55 56 99 100 101 102 61 62 63 106 107 108 109 68 69 70 113 114 115 116 75 76 77 120 121 122 123 82 83 84 127 128 129 89 90 91 134 135 96 97 98 141 103 104 105 110 111 117
131 137 138 143 144 145 149 150 151 152 155 156 157 158 159 119 162 163 164 165 166 125 126 169 170 171 172 173 132 133 176 177 178 179 180 139 140 183 184 185 186 187 146 147 190 191 192 193 194 153 154 197 198 199 200 201 160 161 204 205 206 207 208 167 168 211 212 213 214 215 174 175 218 219 220 221 222 181 182 225 226 227 228 229 188 189 232 233 234 235 236 195 196 239 240 241 242 243 202 203 246 247 248 249 250 209 210 253 254 255 256 257 216 217 260 261 262 263 264 223 224 267 268 269 270 271 230 231 273 274 275 276 277 237 238 278 279 280 281 4 244 245 282 283 284 7 8 251 252 285 286 11 12 13 258 259 287 16 17 18 19 265 266 22 23 24 25 26 272 1 29 30 31 32 33 2 3 36 37 38 39 40 5 6 43 44 45 46 47 9 10 50 51 52 53 54 14 15 57 58 59 60 61 20 21 64 65 66 67 68 27 28 71 72 73 74 75 34 35 78 79 80 81 82 41 42 85 86 87 88 89 48 49 92 93 94 95 96 55 56 99 100 101 102 103 62 63 106 107 108 109 110 69 70 113 114 115 116 117 76 77 120 121 122 123 124 83 84 127 128 129 130 90 91 134 135 136 97 98 141 142 104 105 148 111 112 118
132 138 139 144 145 146 150 151 152 153 156 157 158 159 160 162 163 164 165 166 167 126 169 170 171 172 173 174 133 176 177 178 179 180 181 140 183 184 185 186 187 188 147 190 191 192 193 194 195 154 197 198 199 200 201 202 161 204 205 206 207 208 209 168 211 212 213 214 215 216 175 218 219 220 221 222 223 182 225 226 227 228 229 230 189 232 233 234 235 236 237 196 239 240 241 242 243 244 203 246 247 248 249 250 251 210 253 254 255 256 257 258 217 260 261 262 263 264 265 224 267 268 269 270 271 272 231 273 274 275 276 277 2 238 278 279 280 281 4 5 245 282 283 284 7 8 9 252 285 286 11 12 13 14 259 287 16 17 18 19 20 266 22 23 24 25 26 27 1 29 30 31 32 33 34 3 36 37 38 39 40 41 6 43 44 45 46 47 48 10 50 51 52 53 54 55 15 57 58 59 60 61 62 21 64 65 66 67 68 69 28 71 72 73 74 75 76 35 78 79 80 81 82 83 42 85 86 87 88 89 90 49 92 93 94 95 96 97 56 99 100 101 102 103 104 63 106 107 108 109 110 111 70 113 114 115 116 117 118 77 120 121 122 123 124 125 84 127 128 129 130 131 91 134 135 136 137 98 141 142 143 105 148 149 112 155 119
133 139 140 145 146 147 151 152 153 154 157 158 159 160 161 163 164 165 166 167 168 169 170 171 172 173 174 175 176 177 178 179 180 181 182 183 184 185 186 187 188 189 190 191 192 193 194 195 196 197 198 199 200 201 202 203 204 205 206 207 208 209 210 211 212 213 214 215 216 217 218 219 220 221 222 223 224 225 226 227 228 229 230 231 232 233 234 235 236 237 238 239 240 241 242 243 244 245 246 247 248 249 250 251 252 253 254 255 256 257 258 259 260 261 262 263 264 265 266 267 268 269 270 271 272 1 273 274 275 276 277 2 3 278 279 280 281 4 5 6 282 283 284 7 8 9 10 285 286 11 12 13 14 15 287 16 17 18 19 20 21 22 23 24 25 26 27 28 29 30 31 32 33 34 35 36 37 38 39 40 41 42 43 44 45 46 47 48 49 50 51 52 53 54 55 56 57 58 59 60 61 62 63 64 65 66 67 68 69 70 71 72 73 74 75 76 77 78 79 80 81 82 83 84 85 86 87 88 89 90 91 92 93 94 95 96 97 98 99 100 101 102 103 104 105 106 107 108 109 110 111 112 113 114 115 116 117 118 119 120 121 122 123 124 125 126 127 128 129 130 131 132 134 135 136 137 138 141 142 143 144 148 149 150 155 156 162
134 98 141 104 105 148 110 111 112 155 116 117 118 119 162 122 123 124 125 126 169 128 129 130 131 132 133 176 135 136 137 138 139 140 183 142 143 144 145 146 147 190 149 150 151 152 153 154 197 156 157 158 159 160 161 204 163 164 165 166 167 168 211 170 171 172 173 174 175 218 177 178 179 180 181 182 225 184 185 186 187 188 189 232 191 192 193 194 195 196 239 198 199 200 201 202 203 246 205 206 207 208 209 210 253 212 213 214 215 216 217 260 219 220 221 222 223 224 267 226 227 228 229 230 231 273 233 234 235 236 237 238 278 240 241 242 243 244 245 282 247 248 249 250 251 252 285 254 255 256 257 258 259 287 261 262 263 264 265 266 22 268 269 270 271 272 1 29 274 275 276 277 2 3 36 279 280 281 4 5 6 43 283 284 7 8 9 10 50 286 11 12 13 14 15 57 16 17 18 19 20 21 64 23 24 25 26 27 28 71 30 31 32 33 34 35 78 37 38 39 40 41 42 85 44 45 46 47 48 49 92 51 52 53 54 55 56 99 58 59 60 61 62 63 106 65 66 67 68 69 70 113 72 73 74 75 76 77 120 79 80 81 82 83 84 127 86 87 88 89 90 91 93 94 95 96 97 100 101 102 103 107 108 109 114 115 121
135 141 142 105 148 149 111 112 155 156 117 118 119 162 163 123 124 125 126 169 170 129 130 131 132 133 176 177 136 137 138 139 140 183 184 143 144 145 146 147 190 191 150 151 152 153 154 197 198 157 158 159 160 161 204 205 164 165 166 167 168 211 212 171 172 173 174 175 218 219 178 179 180 181 182 225 226 185 186 187 188 189 232 233 192 193 194 195 196 239 240 199 200 201 202 203 246 247 206 207 208 209 210 253 254 213 214 215 216 217 260 261 220 221 222 223 224 267 268 227 228 229 230 231 273 274 234 235 236 237 238 278 279 241 242 243 244 245 282 283 248 249 250 251 252 285 286 255 256 257 258 259 287 16 262 263 264 265 266 22 23 269 270 271 272 1 29 30 275 276 277 2 3 36 37 280 281 4 5 6 43 44 284 7 8 9 10 50 51 11 12 13 14 15 57 58 17 18 19 20 21 64 65 24 25 26 27 28 71 72 31 32 33 34 35 78 79 38 39 40 41 42 85 86 45 46 47 48 49 92 93 52 53 54 55 56 99 100 59 60 61 62 63 106 107 66 67 68 69 70 113 114 73 74 75 76 77 120 121 80 81 82 83 84 127 128 87 88 89 90 91 134 94 95 96 97 98 101 102 103 104 108 109 110 115 116 122
136 142 143 148 149 150 112 155 156 157 118 119 162 163 164 124 125 126 169 170 171 130 131 132 133 176 177 178 137 138 139 140 183 184 185 144 145 146 147 190 191 192 151 152 153 154 197 198 199 158 159 160 161 204 205 206 165 166 167 168 211 212 213 172 173 174 175 218 219 220 179 180 181 182 225 226 227 186 187 188 189 232 233 234 193 194 195 196 239 240 241 200 201 202 203 246 247 248 207 208 209 210 253 254 255 214 215 216 217 260 261 262 221 222 223 224 267 268 269 228 229 230 231 273 274 275 235 236 237 238 278 279 280 242 243 244 245 282 283 284 249 250 251 252 285 286 11 256 257 258 259 287 16 17 263 264 265 266 22 23 24 270 271 272 1 29 30 31 276 277 2 3 36 37 38 281 4 5 6 43 44 45 7 8 9 10 50 51 52 12 13 14 15 57 58 59 18 19 20 21 64 65 66 25 26 27 28 71 72 73 32 33 34 35 78 79 80 39 40 41 42 85 86 87 46 47 48 49 92 93 94 53 54 55 56 99 100 101 60 61 62 63 106 107 108 67 68 69 70 113 114 115 74 75 76 77 120 121 122 81 82 83 84 127 128 129 88 89 90 91 134 135 95 96 97 98 141 102 103 104 105 109 110 111 116 117 123
137 143 144 149 150 151 155 156 157 158 119 162 163 164 165 125 126 169 170 171 172 131 132 133 176 177 178 179 138 139 140 183 184 185 186 145 146 147 190 191 192 193 152 153 154 197 198 199 200 159 160 161 204 205 206 207 166 167 168 211 212 213 214 173 174 175 218 219 220 221 180 181 182 225 226 227 228 187 188 189 232 233 234 235 194 195 196 239 240 241 242 201 202 203 246 247 248 249 208 209 210 253 254 255 256 215 216 217 260 261 262 263 222 223 224 267 268 269 270 229 230 231 273 274 275 276 236 237 238 278 279 280 281 243 244 245 282 283 284 7 250 251 252 285 286 11 12 257 258 259 287 16 17 18 264 265 266 22 23 24 25 271 272 1 29 30 31 32 277 2 3 36 37 38 39 4 5 6 43 44 45 46 8 9 10 50 51 52 53 13 14 15 57 58 59 60 19 20 21 64 65 66 67 26 27 28 71 72 73 74 33 34 35 78 79 80 81 40 41 42 85 86 87 88 47 48 49 92 93 94 95 54 55 56 99 100 101 102 61 62 63 106 107 108 109 68 69 70 113 114 115 116 75 76 77 120 121 122 123 82 83 84 127 128 129 130 89 90 91 134 135 136 96 97 98 141 142 103 104 105 148 110 111 112 117 118 124
138 144 145 150 151 152 156 157 158 159 162 163 164 165 166 126 169 170 171 172 173 132 133 176 177 178 179 180 139 140 183 184 185 186 187 146 147 190 191 192 193 194 153 154 197 198 199 200 201 160 161 204 205 206 207 208 167 168 211 212 213 214 215 174 175 218 219 220 221 222 181 182 225 226 227 228 229 188 189 232 233 234 235 236 195 196 239 240 241 242 243 202 203 246 247 248 249 250 209 210 253 254 255 256 257 216 217 260 261 262 263 264 223 224 267 268 269 270 271 230 231 273 274 275 276 277 237 238 278 279 280 281 4 244 245 282 283 284 7 8 251 252 285 286 11 12 13 258 259 287 16 17 18 19 265 266 22 23 24 25 26 272 1 29 30 31 32 33 2 3 36 37 38 39 40 5 6 43 44 45 46 47 9 10 50 51 52 53 54 14 15 57 58 59 60 61 20 21 64 65 66 67 68 27 28 71 72 73 74 75 34 35 78 79 80 81 82 41 42 85 86 87 88 89 48 49 92 93 94 95 96 55 56 99 100 101 102 103 62 63 106 107 108 109 110 69 70 113 114 115 116 117 76 77 120 121 122 123 124 83 84 127 128 129 130 131 90 91 134 135 136 137 97 98 141 142 143 104 105 148 149 111 112 155 118 119 125
139 145 146 151 152 153 157 158 159 160 163 164 165 166 167 169 170 171 172 173 174 133 176 177 178 179 180 181 140 183 184 185 186 187 188 147 190 191 192 193 194 195 154 197 198 199 200 201 202 161 204 205 206 207 208 209 168 211 212 213 214 215 216 175 218 219 220 221 222 223 182 225 226 227 228 229 230 189 232 233 234 235 236 237 196 239 240 241 242 243 244 203 246 247 248 249 250 251 210 253 254 255 256 257 258 217 260 261 262 263 264 265 224 267 268 269 270 271 272 231 273 274 275 276 277 2 238 278 279 280 281 4 5 245 282 283 284 7 8 9 252 285 286 11 12 13 14 259 287 16 17 18 19 20 266 22 23 24 25 26 27 1 29 30 31 32 33 34 3 36 37 38 39 40 41 6 43 44 45 46 47 48 10 50 51 52 53 54 55 15 57 58 59 60 61 62 21 64 65 66 67 68 69 28 71 72 73 74 75 76 35 78 79 80 81 82 83 42 85 86 87 88 89 90 49 92 93 94 95 96 97 56 99 100 101 102 103 104 63 106 107 108 109 110 111 70 113 114 115 116 117 118 77 120 121 122 123 124 125 84 127 128 129 130 131 132 91 134 135 136 137 138 98 141 142 143 144 105 148 149 150 112 155 156 119 162 126
140 146 147 152 153 154 158 159 160 161 164 165 166 167 168 170 171 172 173 174 175 176 177 178 179 180 181 182 183 184 185 186 187 188 189 190 191 192 193 194 195 196 197 198 199 200 201 202 203 204 205 206 207 208 209 210 211 212 213 214 215 216 217 218 219 220 221 222 223 224 225 226 227 228 229 230 231 232 233 234 235 236 237 238 239 240 241 242 243 244 245 246 247 248 249 250 251 252 253 254 255 256 257 258 259 260 261 262 263 264 265 266 267 268 269 270 271 272 1 273 274 275 276 277 2 3 278 279 280 281 4 5 6 282 283 284 7 8 9 10 285 286 11 12 13 14 15 287 16 17 18 19 20 21 22 23 24 25 26 27 28 29 30 31 32 33 34 35 36 37 38 39 40 41 42 43 44 45 46 47 48 49 50 51 52 53 54 55 56 57 58 59 60 61 62 63 64 65 66 67 68 69 70 71 72 73 74 75 76 77 78 79 80 81 82 83 84 85 86 87 88 89 90 91 92 93 94 95 96 97 98 99 100 101 102 103 104 105 106 107 108 109 110 111 112 113 114 115 116 117 118 119 120 121 122 123 124 125 126 127 128 129 130 131 132 133 134 135 136 137 138 139 141 142 143 144 145 148 149 150 151 155 156 157 162 163 169
141 105 148 111 112 155 117 118 119 162 123 124 125 126 169 129 130 131 132 133 176 135 136 137 138 139 140 183 142 143 144 145 146 147 190 149 150 151 152 153 154 197 156 157 158 159 160 161 204 163 164 165 166 167 168 211 170 171 172 173 174 175 218 177 178 179 180 181 182 225 184 185 186 187 188 189 232 191 192 193 194 195 196 239 198 199 200 201 202 203 246 205 206 207 208 209 210 253 212 213 214 215 216 217 260 219 220 221 222 223 224 267 226 227 228 229 230 231 273 233 234 235 236 237 238 278 240 241 242 243 244 245 282 247 248 249 250 251 252 285 254 255 256 257 258 259 287 261 262 263 264 265 266 22 268 269 270 271 272 1 29 274 275 276 277 2 3 36 279 280 281 4 5 6 43 283 284 7 8 9 10 50 286 11 12 13 14 15 57 16 17 18 19 20 21 64 23 24 25 26 27 28 71 30 31 32 33 34 35 78 37 38 39 40 41 42 85 44 45 46 47 48 49 92 51 52 53 54 55 56 99 58 59 60 61 62 63 106 65 66 67 68 69 70 113 72 73 74 75 76 77 120 79 80 81 82 83 84 127 86 87 88 89 90 91 134 93 94 95 96 97 98 100 101 102 103 104 107 108 109 110 114 115 116 121 122 128
142 148 149 112 155 156 118 119 162 163 124 125 126 169 170 130 131 132 133 176 177 136 137 138 139 140 183 184 143 144 145 146 147 190 191 150 151 152 153 154 197 198 157 158 159 160 161 204 205 164 165 166 167 168 211 212 171 172 173 174 175 218 219 178 179 180 181 182 225 226 185 186 187 188 189 232 233 192 193 194 195 196 239 240 199 200 201 202 203 246 247 206 207 208 209 210 253 254 213 214 215 216 217 260 261 220 221 222 223 224 267 268 227 228 229 230 231 273 274 234 235 236 237 238 278 279 241 242 243 244 245 282 283 248 249 250 251 252 285 286 255 256 257 258 259 287 16 262 263 264 265 266 22 23 269 270 271 272 1 29 30 275 276 277 2 3 36 37 280 281 4 5 6 43 44 284 7 8 9 10 50 51 11 12 13 14 15 57 58 17 18 19 20 21 64 65 24 25 26 27 28 71 72 31 32 33 34 35 78 79 38 39 40 41 42 85 86 45 46 47 48 49 92 93 52 53 54 55 56 99 100 59 60 61 62 63 106 107 66 67 68 69 70 113 114 73 74 75 76 77 120 121 80 81 82 83 84 127 128 87 88 89 90 91 134 135 94 95 96 97 98 141 101 102 103 104 105 108 109 110 111 115 116 117 122 123 129
143 149 150 155 156 157 119 162 163 164 125 126 169 170 171 131 132 133 176 177 178 137 138 139 140 183 184 185 144 145 146 147 190 191 192 151 152 153 154 197 198 199 158 159 160 161 204 205 206 165 166 167 168 211 212 213 172 173 174 175 218 219 220 179 180 181 182 225 226 227 186 187 188 189 232 233 234 193 194 195 196 239 240 241 200 201 202 203 246 247 248 207 208 209 210 253 254 255 214 215 216 217 260 261 262 221 222 223 224 267 268 269 228 229 230 231 273 274 275 235 236 237 238 278 279 280 242 243 244 245 282 283 284 249 250 251 252 285 286 11 256 257 258 259 287 16 17 263 264 265 266 22 23 24 270 271 272 1 29 30 31 276 277 2 3 36 37 38 281 4 5 6 43 44 45 7 8 9 10 50 51 52 12 13 14 15 57 58 59 18 19 20 21 64 65 66 25 26 27 28 71 72 73 32 33 34 35 78 79 80 39 40 41 42 85 86 87 46 47 48 49 92 93 94 53 54 55 56 99 100 101 60 61 62 63 106 107 108 67 68 69 70 113 114 115 74 75 76 77 120 121 122 81 82 83 84 127 128 129 88 89 90 91 134 135 136 95 96 97 98 141 142 102 103 104 105 148 109 110 111 112 116 117 118 123 124 130
144 150 151 156 157 158 162 163 164 165 126 169 170 171 172 132 133 176 177 178 179 138 139 140 183 184 185 186 145 146 147 190 191 192 193 152 153 154 197 198 199 200 159 160 161 204 205 206 207 166 167 168 211 212 213 214 173 174 175 218 219 220 221 180 181 182 225 226 227 228 187 188 189 232 233 234 235 194 195 196 239 240 241 242 201 202 203 246 247 248 249 208 209 210 253 254 255 256 215 216 217 260 261 262 263 222 223 224 267 268 269 270 229 230 231 273 274 275 276 236 237 238 278 279 280 281 243 244 245 282 283 284 7 250 251 252 285 286 11 12 257 258 259 287 16 17 18 264 265 266 22 23 24 25 271 272 1 29 30 31 32 277 2 3 36 37 38 39 4 5 6 43 44 45 46 8 9 10 50 51 52 53 13 14 15 57 58 59 60 19 20 21 64 65 66 67 26 27 28 71 72 73 74 33 34 35 78 79 80 81 40 41 42 85 86 87 88 47 48 49 92 93 94 95 54 55 56 99 100 101 102 61 62 63 106 107 108 109 68 69 70 113 114 115 116 75 76 77 120 121 122 123 82 83 84 127 128 129 130 89 90 91 134 135 136 137 96 97 98 141 142 143 103 104 105 148 149 110 111 112 155 117 118 119 124 125 131
145 151 152 157 158 159 163 164 165 166 169 170 171 172 173 133 176 177 178 179 180 139 140 183 184 185 186 187 146 147 190 191 192 193 194 153 154 197 198 199 200 201 160 161 204 205 206 207 208 167 168 211 212 213 214 215 174 175 218 219 220 221 222 181 182 225 226 227 228 229 188 189 232 233 234 235 236 195 196 239 240 241 242 243 202 203 246 247 248 249 250 209 210 253 254 255 256 257 216 217 260 261 262 263 264 223 224 267 268 269 270 271 230 231 273 274 275 276 277 237 238 278 279 280 281 4 244 245 282 283 284 7 8 251 252 285 286 11 12 13 258 259 287 16 17 18 19 265 266 22 23 24 25 26 272 1 29 30 31 32 33 2 3 36 37 38 39 40 5 6 43 44 45 46 47 9 10 50 51 52 53 54 14 15 57 58 59 60 61 20 21 64 65 66 67 68 27 28 71 72 73 74 75 34 35 78 79 80 81 82 41 42 85 86 87 88 89 48 49 92 93 94 95 96 55 56 99 100 101 102 103 62 63 106 107 108 109 110 69 70 113 114 115 116 117 76 77 120 121 122 123 124 83 84 127 128 129 130 131 90 91 134 135 136 137 138 97 98 141 142 143 144 104 105 148 149 150 111 112 155 156 118 119 162 125 126 132
146 152 153 158 159 160 164 165 166 167 170 171 172 173 174 176 177 178 179 180 181 140 183 184 185 186 187 188 147 190 191 192 193 194 195 154 197 198 199 200 201 202 161 204 205 206 207 208 209 168 211 212 213 214 215 216 175 218 219 220 221 222 223 182 225 226 227 228 229 230 189 232 233 234 235 236 237 196 239 240 241 242 243 244 203 246 247 248 249 250 251 210 253 254 255 256 257 258 217 260 261 262 263 264 265 224 267 268 269 270 271 272 231 273 274 275 276 277 2 238 278 279 280 281 4 5 245 282 283 284 7 8 9 252 285 286 11 12 13 14 259 287 16 17 18 19 20 266 22 23 24 25 26 27 1 29 30 31 32 33 34 3 36 37 38 39 40 41 6 43 44 45 46 47 48 10 50 51 52 53 54 55 15 57 58 59 60 61 62 21 64 65 66 67 68 69 28 71 72 73 74 75 76 35 78 79 80 81 82 83 42 85 86 87 88 89 90 49 92 93 94 95 96 97 56 99 100 101 102 103 104 63 106 107 108 109 110 111 70 113 114 115 116 117 118 77 120 121 122 123 124 125 84 127 128 129 130 131 132 91 134 135 136 137 138 139 98 141 142 143 144 145 105 148 149 150 151 112 155 156 157 119 162 163 126 169 133
147 153 154 159 160 161 165 166 167 168 171 172 173 174 175 177 178 179 180 181 182 183 184 185 186 187 188 189 190 191 192 193 194 195 196 197 198 199 200 201 202 203 204 205 206 207 208 209 210 211 212 213 214 215 216 217 218 219 220 221 222 223 224 225 226 227 228 229 230 231 232 233 234 235 236 237 238 239 240 241 242 243 244 245 246 247 248 249 250 251 252 253 254 255 256 257 258 259 260 261 262 263 264 265 266 267 268 269 270 271 272 1 273 274 275 276 277 2 3 278 279 280 281 4 5 6 282 283 284 7 8 9 10 285 286 11 12 13 14 15 287 16 17 18 19 20 21 22 23 24 25 26 27 28 29 30 31 32 33 34 35 36 37 38 39 40 41 42 43 44 45 46 47 48 49 50 51 52 53 54 55 56 57 58 59 60 61 62 63 64 65 66 67 68 69 70 71 72 73 74 75 76 77 78 79 80 81 82 83 84 85 86 87 88 89 90 91 92 93 94 95 96 97 98 99 100 101 102 103 104 105 106 107 108 109 110 111 112 113 114 115 116 117 118 119 120 121 122 123 124 125 126 127 128 129 130 131 132 133 134 135 136 137 138 139 140 141 142 143 144 145 146 148 149 150 151 152 155 156 157 158 162 163 164 169 170 176
148 112 155 118 119 162 124 125 126 169 130 131 132 133 176 136 137 138 139 140 183 142 143 144 145 146 147 190 149 150 151 152 153 154 197 156 157 158 159 160 161 204 163 164 165 166 167 168 211 170 171 172 173 174 175 218 177 178 179 180 181 182 225 184 185 186 187 188 189 232 191 192 193 194 195 196 239 198 199 200 201 202 203 246 205 206 207 208 209 210 253 212 213 214 215 216 217 260 219 220 221 222 223 224 267 226 227 228 229 230 231 273 233 234 235 236 237 238 278 240 241 242 243 244 245 282 247 248 249 250 251 252 285 254 255 256 257 258 259 287 261 262 263 264 265 266 22 268 269 270 271 272 1 29 274 275 276 277 2 3 36 279 280 281 4 5 6 43 283 284 7 8 9 10 50 286 11 12 13 14 15 57 16 17 18 19 20 21 64 23 24 25 26 27 28 71 30 31 32 33 34 35 78 37 38 39 40 41 42 85 44 45 46 47 48 49 92 51 52 53 54 55 56 99 58 59 60 61 62 63 106 65 66 67 68 69 70 113 72 73 74 75 76 77 120 79 80 81 82 83 84 127 86 87 88 89 90 91 134 93 94 95 96 97 98 141 100 101 102 103 104 105 107 108 109 110 111 114 115 116 117 121 122 123 128 129 135
149 155 156 119 162 163 125 126 169 170 131 132 133 176 177 137 138 139 140 183 184 143 144 145 146 147 190 191 150 151 152 153 154 197 198 157 158 159 160 161 204 205 164 165 166 167 168 211 212 171 172 173 174 175 218 219 178 179 180 181 182 225 226 185 186 187 188 189 232 233 192 193 194 195 196 239 240 199 200 201 202 203 246 247 206 207 208 209 210 253 254 213 214 215 216 217 260 261 220 221 222 223 224 267 268 227 228 229 230 231 273 274 234 235 236 237 238 278 279 241 242 243 244 245 282 283 248 249 250 251 252 285 286 255 256 257 258 259 287 16 262 263 264 265 266 22 23 269 270 271 272 1 29 30 275 276 277 2 3 36 37 280 281 4 5 6 43 44 284 7 8 9 10 50 51 11 12 13 14 15 57 58 17 18 19 20 21 64 65 24 25 26 27 28 71 72 31 32 33 34 35 78 79 38 39 40 41 42 85 86 45 46 47 48 49 92 93 52 53 54 55 56 99 100 59 60 61 62 63 106 107 66 67 68 69 70 113 114 73 74 75 76 77 120 121 80 81 82 83 84 127 128 87 88 89 90 91 134 135 94 95 96 97 98 141 142 101 102 103 104 105 148 108 109 110 111 112 115 116 117 118 122 123 124 129 130 136
150 156 157 162 163 164 126 169 170 171 132 133 176 177 178 138 139 140 183 184 185 144 145 146 147 190 191 192 151 152 153 154 197 198 199 158 159 160 161 204 205 206 165 166 167 168 211 212 213 172 173 174 175 218 219 220 179 180 181 182 225 226 227 186 187 188 189 232 233 234 193 194 195 196 239 240 241 200 201 202 203 246 247 248 207 208 209 210 253 254 255 214 215 216 217 260 261 262 221 222 223 224 267 268 269 228 229 230 231 273 274 275 235 236 237 238 278 279 280 242 243 244 245 282 283 284 249 250 251 252 285 286 11 256 257 258 259 287 16 17 263 264 265 266 22 23 24 270 271 272 1 29 30 31 276 277 2 3 36 37 38 281 4 5 6 43 44 45 7 8 9 10 50 51 52 12 13 14 15 57 58 59 18 19 20 21 64 65 66 25 26 27 28 71 72 73 32 33 34 35 78 79 80 39 40 41 42 85 86 87 46 47 48 49 92 93 94 53 54 55 56 99 100 101 60 61 62 63 106 107 108 67 68 69 70 113 114 115 74 75 76 77 120 121 122 81 82 83 84 127 128 129 88 89 90 91 134 135 136 95 96 97 98 141 142 143 102 103 104 105 148 149 109 110 111 112 155 116 117 118 119 123 124 125 130 131 137
151 157 158 163 164 165 169 170 171 172 133 176 177 178 179 139 140 183 184 185 186 145 146 147 190 191 192 193 152 153 154 197 198 199 200 159 160 161 204 205 206 207 166 167 168 211 212 213 214 173 174 175 218 219 220 221 180 181 182 225 226 227 228 187 188 189 232 233 234 235 194 195 196 239 240 241 242 201 202 203 246 247 248 249 208 209 210 253 254 255 256 215 216 217 260 261 262 263 222 223 224 267 268 269 270 229 230 231 273 274 275 276 236 237 238 278 279 280 281 243 244 245 282 283 284 7 250 251 252 285 286 11 12 257 258 259 287 16 17 18 264 265 266 22 23 24 25 271 272 1 29 30 31 32 277 2 3 36 37 38 39 4 5 6 43 44 45 46 8 9 10 50 51 52 53 13 14 15 57 58 59 60 19 20 21 64 65 66 67 26 27 28 71 72 73 74 33 34 35 78 79 80 81 40 41 42 85 86 87 88 47 48 49 92 93 94 95 54 55 56 99 100 101 102 61 62 63 106 107 108 109 68 69 70 113 114 115 116 75 76 77 120 121 122 123 82 83 84 127 128 129 130 89 90 91 134 135 136 137 96 97 98 141 142 143 144 103 104 105 148 149 150 110 111 112 155 156 117 118 119 162 124 125 126 131 132 138
152 158 159 164 165 166 170 171 172 173 176 177 178 179 180 140 183 184 185 186 187 146 147 190 191 192 193 194 153 154 197 198 199 200 201 160 161 204 205 206 207 208 167 168 211 212 213 214 215 174 175 218 219 220 221 222 181 182 225 226 227 228 229 188 189 232 233 234 235 236 195 196 239 240 241 242 243 202 203 246 247 248 249 250 209 210 253 254 255 256 257 216 217 260 261 262 263 264 223 224 267 268 269 270 271 230 231 273 274 275 276 277 237 238 278 279 280 281 4 244 245 282 283 284 7 8 251 252 285 286 11 12 13 258 259 287 16 17 18 19 265 266 22 23 24 25 26 272 1 29 30 31 32 33 2 3 36 37 38 39 40 5 6 43 44 45 46 47 9 10 50 51 52 53 54 14 15 57 58 59 60 61 20 21 64 65 66 67 68 27 28 71 72 73 74 75 34 35 78 79 80 81 82 41 42 85 86 87 88 89 48 49 92 93 94 95 96 55 56 99 100 101 102 103 62 63 106 107 108 109 110 69 70 113 114 115 116 117 76 77 120 121 122 123 124 83 84 127 128 129 130 131 90 91 134 135 136 137 138 97 98 141 142 143 144 145 104 105 148 149 150 151 111 112 155 156 157 118 119 162 163 125 126 169 132 133 139
153 159 160 165 166 167 171 172 173 174 177 178 179 180 181 183 184 185 186 187 188 147 190 191 192 193 194 195 154 197 198 199 200 201 202 161 204 205 206 207 208 209 168 211 212 213 214 215 216 175 218 219 220 221 222 223 182 225 226 227 228 229 230 189 232 233 234 235 236 237 196 239 240 241 242 243 244 203 246 247 248 249 250 251 210 253 254 255 256 257 258 217 260 261 262 263 264 265 224 267 268 269 270 271 272 231 273 274 275 276 277 2 238 278 279 280 281 4 5 245 282 283 284 7 8 9 252 285 286 11 12 13 14 259 287 16 17 18 19 20 266 22 23 24 25 26 27 1 29 30 31 32 33 34 3 36 37 38 39 40 41 6 43 44 45 46 47 48 10 50 51 52 53 54 55 15 57 58 59 60 61 62 21 64 65 66 67 68 69 28 71 72 73 74 75 76 35 78 79 80 81 82 83 42 85 86 87 88 89 90 49 92 93 94 95 96 97 56 99 100 101 102 103 104 63 106 107 108 109 110 111 70 113 114 115 116 117 118 77 120 121 122 123 124 125 84 127 128 129 130 131 132 91 134 135 136 137 138 139 98 141 142 143 144 145 146 105 148 149 150 151 152 112 155 156 157 158 119 162 163 164 126 169 170 133 176 140
154 160 161 166 167 168 172 173 174 175 178 179 180 181 182 184 185 186 187 188 189 190 191 192 193 194 195 196 197 198 199 200 201 202 203 204 205 206 207 208 209 210 211 212 213 214 215 216 217 218 219 220 221 222 223 224 225 226 227 228 229 230 231 232 233 234 235 236 237 238 239 240 241 242 243 244 245 246 247 248 249 250 251 252 253 254 255 256 257 258 259 260 261 262 263 264 265 266 267 268 269 270 271 272 1 273 274 275 276 277 2 3 278 279 280 281 4 5 6 282 283 284 7 8 9 10 285 286 11 12 13 14 15 287 16 17 18 19 20 21 22 23 24 25 26 27 28 29 30 31 32 33 34 35 36 37 38 39 40 41 42 43 44 45 46 47 48 49 50 51 52 53 54 55 56 57 58 59 60 61 62 63 64 65 66 67 68 69 70 71 72 73 74 75 76 77 78 79 80 81 82 83 84 85 86 87 88 89 90 91 92 93 94 95 96 97 98 99 100 101 102 103 104 105 106 107 108 109 110 111 112 113 114 115 116 117 118 119 120 121 122 123 124 125 126 127 128 129 130 131 132 133 134 135 136 137 138 139 140 141 142 143 144 145 146 147 148 149 150 151 152 153 155 156 157 158 159 162 163 164 165 169 170 171 176 177 183
155 119 162 125 126 169 131 132 133 176 137 138 139 140 183 143 144 145 146 147 190 149 150 151 152 153 154 197 156 157 158 159 160 161 204 163 164 165 166 167 168 211 170 171 172 173 174 175 218 177 178 179 180 181 182 225 184 185 186 187 188 189 232 191 192 193 194 195 196 239 198 199 200 201 202 203 246 205 206 207 208 209 210 253 212 213 214 215 216 217 260 219 220 221 222 223 224 267 226 227 228 229 230 231 273 233 234 235 236 237 238 278 240 241 242 243 244 245 282 247 248 249 250 251 252 285 254 255 256 257 258 259 287 261 262 263 264 265 266 22 268 269 270 271 272 1 29 274 275 276 277 2 3 36 279 280 281 4 5 6 43 283 284 7 8 9 10 50 286 11 12 13 14 15 57 16 17 18 19 20 21 64 23 24 25 26 27 28 71 30 31 32 33 34 35 78 37 38 39 40 41 42 85 44 45 46 47 48 49 92 51 52 53 54 55 56 99 58 59 60 61 62 63 106 65 66 67 68 69 70 113 72 73 74 75 76 77 120 79 80 81 82 83 84 127 86 87 88 89 90 91 134 93 94 95 96 97 98 141 100 101 102 103 104 105 148 107 108 109 110 111 112 114 115 116 117 118 121 122 123 124 128 129 130 135 136 142
156 162 163 126 169 170 132 133 176 177 138 139 140 183 184 144 145 146 147 190 191 150 151 152 153 154 197 198 157 158 159 160 161 204 205 164 165 166 167 168 211 212 171 172 173 174 175 218 219 178 179 180 181 182 225 226 185 186 187 188 189 232 233 192 193 194 195 196 239 240 199 200 201 202 203 246 247 206 207 208 209 210 253 254 213 214 215 216 217 260 261 220 221 222 223 224 267 268 227 228 229 230 231 273 274 234 235 236 237 238 278 279 241 242 243 244 245 282 283 248 249 250 251 252 285 286 255 256 257 258 259 287 16 262 263 264 265 266 22 23 269 270 271 272 1 29 30 275 276 277 2 3 36 37 280 281 4 5 6 43 44 284 7 8 9 10 50 51 11 12 13 14 15 57 58 17 18 19 20 21 64 65 24 25 26 27 28 71 72 31 32 33 34 35 78 79 38 39 40 41 42 85 86 45 46 47 48 49 92 93 52 53 54 55 56 99 100 59 60 61 62 63 106 107 66 67 68 69 70 113 114 73 74 75 76 77 120 121 80 81 82 83 84 127 128 87 88 89 90 91 134 135 94 95 96 97 98 141 142 101 102 103 104 105 148 149 108 109 110 111 112 155 115 116 117 118 119 122 123 124 125 129 130 131 136 137 143
157 163 164 169 170 171 133 176 177 178 139 140 183 184 185 145 146 147 190 191 192 151 152 153 154 197 198 199 158 159 160 161 204 205 206 165 166 167 168 211 212 213 172 173 174 175 218 219 220 179 180 181 182 225 226 227 186 187 188 189 232 233 234 193 194 195 196 239 240 241 200 201 202 203 246 247 248 207 208 209 210 253 254 255 214 215 216 217 260 261 262 221 222 223 224 267 268 269 228 229 230 231 273 274 275 235 236 237 238 278 279 280 242 243 244 245 282 283 284 249 250 251 252 285 286 11 256 257 258 259 287 16 17 263 264 265 266 22 23 24 270 271 272 1 29 30 31 276 277 2 3 36 37 38 281 4 5 6 43 44 45 7 8 9 10 50 51 52 12 13 14 15 57 58 59 18 19 20 21 64 65 66 25 26 27 28 71 72 73 32 33 34 35 78 79 80 39 40 41 42 85 86 87 46 47 48 49 92 93 94 53 54 55 56 99 100 101 60 61 62 63 106 107 108 67 68 69 70 113 114 115 74 75 76 77 120 121 122 81 82 83 84 127 128 129 88 89 90 91 134 135 136 95 96 97 98 141 142 143 102 103 104 105 148 149 150 109 110 111 112 155 156 116 117 118 119 162 123 124 125 126 130 131 132 137 138 144
158 164 165 170 171 172 176 177 178 179 140 183 184 185 186 146 147 190 191 192 193 152 153 154 197 198 199 200 159 160 161 204 205 206 207 166 167 168 211 212 213 214 173 174 175 218 219 220 221 180 181 182 225 226 227 228 187 188 189 232 233 234 235 194 195 196 239 240 241 242 201 202 203 246 247 248 249 208 209 210 253 254 255 256 215 216 217 260 261 262 263 222 223 224 267 268 269 270 229 230 231 273 274 275 276 236 237 238 278 279 280 281 243 244 245 282 283 284 7 250 251 252 285 286 11 12 257 258 259 287 16 17 18 264 265 266 22 23 24 25 271 272 1 29 30 31 32 277 2 3 36 37 38 39 4 5 6 43 44 45 46 8 9 10 50 51 52 53 13 14 15 57 58 59 60 19 20 21 64 65 66 67 26 27 28 71 72 73 74 33 34 35 78 79 80 81 40 41 42 85 86 87 88 47 48 49 92 93 94 95 54 55 56 99 100 101 102 61 62 63 106 107 108 109 68 69 70 113 114 115 116 75 76 77 120 121 122 123 82 83 84 127 128 129 130 89 90 91 134 135 136 137 96 97 98 141 142 143 144 103 104 105 148 149 150 151 110 111 112 155 156 157 117 118 119 162 163 124 125 126 169 131 132 133 138 139 145
159 165 166 171 172 173 177 178 179 180 183 184 185 186 187 147 190 191 192 193 194 153 154 197 198 199 200 201 160 161 204 205 206 207 208 167 168 211 212 213 214 215 174 175 218 219 220 221 222 181 182 225 226 227 228 229 188 189 232 233 234 235 236 195 196 239 240 241 242 243 202 203 246 247 248 249 250 209 210 253 254 255 256 257 216 217 260 261 262 263 264 223 224 267 268 269 270 271 230 231 273 274 275 276 277 237 238 278 279 280 281 4 244 245 282 283 284 7 8 251 252 285 286 11 12 13 258 259 287 16 17 18 19 265 266 22 23 24 25 26 272 1 29 30 31 32 33 2 3 36 37 38 39 40 5 6 43 44 45 46 47 9 10 50 51 52 53 54 14 15 57 58 59 60 61 20 21 64 65 66 67 68 27 28 71 72 73 74 75 34 35 78 79 80 81 82 41 42 85 86 87 88 89 48 49 92 93 94 95 96 55 56 99 100 101 102 103 62 63 106 107 108 109 110 69 70 113 114 115 116 117 76 77 120 121 122 123 124 83 84 127 128 129 130 131 90 91 134 135 136 137 138 97 98 141 142 143 144 145 104 105 148 149 150 151 152 111 112 155 156 157 158 118 119 162 163 164 125 126 169 170 132 133 176 139 140 146
160 166 167 172 173 174 178 179 180 181 184 185 186 187 188 190 191 192 193 194 195 154 197 198 199 200 201 202 161 204 205 206 207 208 209 168 211 212 213 214 215 216 175 218 219 220 221 222 223 182 225 226 227 228 229 230 189 232 233 234 235 236 237 196 239 240 241 242 243 244 203 246 247 248 249 250 251 210 253 254 255 256 257 258 217 260 261 262 263 264 265 224 267 268 269 270 271 272 231 273 274 275 276 277 2 238 278 279 280 281 4 5 245 282 283 284 7 8 9 252 285 286 11 12 13 14 259 287 16 17 18 19 20 266 22 23 24 25 26 27 1 29 30 31 32 33 34 3 36 37 38 39 40 41 6 43 44 45 46 47 48 10 50 51 52 53 54 55 15 57 58 59 60 61 62 21 64 65 66 67 68 69 28 71 72 73 74 75 76 35 78 79 80 81 82 83 42 85 86 87 88 89 90 49 92 93 94 95 96 97 56 99 100 101 102 103 104 63 106 107 108 109 110 111 70 113 114 115 116 117 118 77 120 121 122 123 124 125 84 127 128 129 130 131 132 91 134 135 136 137 138 139 98 141 142 143 144 145 146 105 148 149 150 151 152 153 112 155 156 157 158 159 119 162 163 164 165 126 169 170 171 133 176 177 140 183 147
161 167 168 173 174 175 179 180 181 182 185 186 187 188 189 191 192 193 194 195 196 197 198 199 200 201 202 203 204 205 206 207 208 209 210 211 212 213 214 215 216 217 218 219 220 221 222 223 224 225 226 227 228 229 230 231 232 233 234 235 236 237 238 239 240 241 242 243 244 245 246 247 248 249 250 251 252 253 254 255 256 257 258 259 260 261 262 263 264 265 266 267 268 269 270 271 272 1 273 274 275 276 277 2 3 278 279 280 281 4 5 6 282 283 284 7 8 9 10 285 286 11 12 13 14 15 287 16 17 18 19 20 21 22 23 24 25 26 27 28 29 30 31 32 33 34 35 36 37 38 39 40 41 42 43 44 45 46 47 48 49 50 51 52 53 54 55 56 57 58 59 60 61 62 63 64 65 66 67 68 69 70 71 72 73 74 75 76 77 78 79 80 81 82 83 84 85 86 87 88 89 90 91 92 93 94 95 96 97 98 99 100 101 102 103 104 105 106 107 108 109 110 111 112 113 114 115 116 117 118 119 120 121 122 123 124 125 126 127 128 129 130 131 132 133 134 135 136 137 138 139 140 141 142 143 144 145 146 147 148 149 150 151 152 153 154 155 156 157 158 159 160 162 163 164 165 166 169 170 171 172 176 177 178 183 184 190
162 126 169 132 133 176 138 139 140 183 144 145 146 147 190 150 151 152 153 154 197 156 157 158 159 160 161 204 163 164 165 166 167 168 211 170 171 172 173 174 175 218 177 178 179 180 181 182 225 184 185 186 187 188 189 232 191 192 193 194 195 196 239 198 199 200 201 202 203 246 205 206 207 208 209 210 253 212 213 214 215 216 217 260 219 220 221 222 223 224 267 226 227 228 229 230 231 273 233 234 235 236 237 238 278 240 241 242 243 244 245 282 247 248 249 250 251 252 285 254 255 256 257 258 259 287 261 262 263 264 265 266 22 268 269 270 271 272 1 29 274 275 276 277 2 3 36 279 280 281 4 5 6 43 283 284 7 8 9 10 50 286 11 12 13 14 15 57 16 17 18 19 20 21 64 23 24 25 26 27 28 71 30 31 32 33 34 35 78 37 38 39 40 41 42 85 44 45 46 47 48 49 92 51 52 53 54 55 56 99 58 59 60 61 62 63 106 65 66 67 68 69 70 113 72 73 74 75 76 77 120 79 80 81 82 83 84 127 86 87 88 89 90 91 134 93 94 95 96 97 98 141 100 101 102 103 104 105 148 107 108 109 110 111 112 155 114 115 116 117 118 119 121 122 123 124 125 128 129 130 131 135 136 137 142 143 149
163 169 170 133 176 177 139 140 183 184 145 146 147 190 191 151 152 153 154 197 198 157 158 159 160 161 204 205 164 165 166 167 168 211 212 171 172 173 174 175 218 219 178 179 180 181 182 225 226 185 186 187 188 189 232 233 192 193 194 195 196 239 240 199 200 201 202 203 246 247 206 207 208 209 210 253 254 213 214 215 216 217 260 261 220 221 222 223 224 267 268 227 228 229 230 231 273 274 234 235 236 237 238 278 279 241 242 243 244 245 282 283 248 249 250 251 252 285 286 255 256 257 258 259 287 16 262 263 264 265 266 22 23 269 270 271 272 1 29 30 275 276 277 2 3 36 37 280 281 4 5 6 43 44 284 7 8 9 10 50 51 11 12 13 14 15 57 58 17 18 19 20 21 64 65 24 25 26 27 28 71 72 31 32 33 34 35 78 79 38 39 40 41 42 85 86 45 46 47 48 49 92 93 52 53 54 55 56 99 100 59 60 61 62 63 106 107 66 67 68 69 70 113 114 73 74 75 76 77 120 121 80 81 82 83 84 127 128 87 88 89 90 91 134 135 94 95 96 97 98 141 142 101 102 103 104 105 148 149 108 109 110 111 112 155 156 115 116 117 118 119 162 122 123 124 125 126 129 130 131 132 136 137 138 143 144 150
164 170 171 176 177 178 140 183 184 185 146 147 190 191 192 152 153 154 197 198 199 158 159 160 161 204 205 206 165 166 167 168 211 212 213 172 173 174 175 218 219 220 179 180 181 182 225 226 227 186 187 188 189 232 233 234 193 194 195 196 239 240 241 200 201 202 203 246 247 248 207 208 209 210 253 254 255 214 215 216 217 260 261 262 221 222 223 224 267 268 269 228 229 230 231 273 274 275 235 236 237 238 278 279 280 242 243 244 245 282 283 284 249 250 251 252 285 286 11 256 257 258 259 287 16 17 263 264 265 266 22 23 24 270 271 272 1 29 30 31 276 277 2 3 36 37 38 281 4 5 6 43 44 45 7 8 9 10 50 51 52 12 13 14 15 57 58 59 18 19 20 21 64 65 66 25 26 27 28 71 72 73 32 33 34 35 78 79 80 39 40 41 42 85 86 87 46 47 48 49 92 93 94 53 54 55 56 99 100 101 60 61 62 63 106 107 108 67 68 69 70 113 114 115 74 75 76 77 120 121 122 81 82 83 84 127 128 129 88 89 90 91 134 135 136 95 96 97 98 141 142 143 102 103 104 105 148 149 150 109 110 111 112 155 156 157 116 117 118 119 162 163 123 124 125 126 169 130 131 132 133 137 138 139 144 145 151
165 171 172 177 178 179 183 184 185 186 147 190 191 192 193 153 154 197 198 199 200 159 160 161 204 205 206 207 166 167 168 211 212 213 214 173 174 175 218 219 220 221 180 181 182 225 226 227 228 187 188 189 232 233 234 235 194 195 196 239 240 241 242 201 202 203 246 247 248 249 208 209 210 253 254 255 256 215 216 217 260 261 262 263 222 223 224 267 268 269 270 229 230 231 273 274 275 276 236 237 238 278 279 280 281 243 244 245 282 283 284 7 250 251 252 285 286 11 12 257 258 259 287 16 17 18 264 265 266 22 23 24 25 271 272 1 29 30 31 32 277 2 3 36 37 38 39 4 5 6 43 44 45 46 8 9 10 50 51 52 53 13 14 15 57 58 59 60 19 20 21 64 65 66 67 26 27 28 71 72 73 74 33 34 35 78 79 80 81 40 41 42 85 86 87 88 47 48 49 92 93 94 95 54 55 56 99 100 101 102 61 62 63 106 107 108 109 68 69 70 113 114 115 116 75 76 77 120 121 122 123 82 83 84 127 128 129 130 89 90 91 134 135 136 137 96 97 98 141 142 143 144 103 104 105 148 149 150 151 110 111 112 155 156 157 158 117 118 119 162 163 164 124 125 126 169 170 131 132 133 176 138 139 140 145 146 152
166 172 173 178 179 180 184 185 186 187 190 191 192 193 194 154 197 198 199 200 201 160 161 204 205 206 207 208 167 168 211 212 213 214 215 174 175 218 219 220 221 222 181 182 225 226 227 228 229 188 189 232 233 234 235 236 195 196 239 240 241 242 243 202 203 246 247 248 249 250 209 210 253 254 255 256 257 216 217 260 261 262 263 264 223 224 267 268 269 270 271 230 231 273 274 275 276 277 237 238 278 279 280 281 4 244 245 282 283 284 7 8 251 252 285 286 11 12 13 258 259 287 16 17 18 19 265 266 22 23 24 25 26 272 1 29 30 31 32 33 2 3 36 37 38 39 40 5 6 43 44 45 46 47 9 10 50 51 52 53 54 14 15 57 58 59 60 61 20 21 64 65 66 67 68 27 28 71 72 73 74 75 34 35 78 79 80 81 82 41 42 85 86 87 88 89 48 49 92 93 94 95 96 55 56 99 100 101 102 103 62 63 106 107 108 109 110 69 70 113 114 115 116 117 76 77 120 121 122 123 124 83 84 127 128 129 130 131 90 91 134 135 136 137 138 97 98 141 142 143 144 145 104 105 148 149 150 151 152 111 112 155 156 157 158 159 118 119 162 163 164 165 125 126 169 170 171 132 133 176 177 139 140 183 146 147 153
167 173 174 179 180 181 185 186 187 188 191 192 193 194 195 197 198 199 200 201 202 161 204 205 206 207 208 209 168 211 212 213 214 215 216 175 218 219 220 221 222 223 182 225 226 227 228 229 230 189 232 233 234 235 236 237 196 239 240 241 242 243 244 203 246 247 248 249 250 251 210 253 254 255 256 257 258 217 260 261 262 263 264 265 224 267 268 269 270 271 272 231 273 274 275 276 277 2 238 278 279 280 281 4 5 245 282 283 284 7 8 9 252 285 286 11 12 13 14 259 287 16 17 18 19 20 266 22 23 24 25 26 27 1 29 30 31 32 33 34 3 36 37 38 39 40 41 6 43 44 45 46 47 48 10 50 51 52 53 54 55 15 57 58 59 60 61 62 21 64 65 66 67 68 69 28 71 72 73 74 75 76 35 78 79 80 81 82 83 42 85 86 87 88 89 90 49 92 93 94 95 96 97 56 99 100 101 102 103 104 63 106 107 108 109 110 111 70 113 114 115 116 117 118 77 120 121 122 123 124 125 84 127 128 129 130 131 132 91 134 135 136 137 138 139 98 141 142 143 144 145 146 105 148 149 150 151 152 153 112 155 156 157 158 159 160 119 162 163 164 165 166 126 169 170 171 172 133 176 177 178 140 183 184 147 190 154
168 174 175 180 181 182 186 187 188 189 192 193 194 195 196 198 199 200 201 202 203 204 205 206 207 208 209 210 211 212 213 214 215 216 217 218 219 220 221 222 223 224 225 226 227 228 229 230 231 232 233 234 235 236 237 238 239 240 241 242 243 244 245 246 247 248 249 250 251 252 253 254 255 256 257 258 259 260 261 262 263 264 265 266 267 268 269 270 271 272 1 273 274 275 276 277 2 3 278 279 280 281 4 5 6 282 283 284 7 8 9 10 285 286 11 12 13 14 15 287 16 17 18 19 20 21 22 23 24 25 26 27 28 29 30 31 32 33 34 35 36 37 38 39 40 41 42 43 44 45 46 47 48 49 50 51 52 53 54 55 56 57 58 59 60 61 62 63 64 65 66 67 68 69 70 71 72 73 74 75 76 77 78 79 80 81 82 83 84 85 86 87 88 89 90 91 92 93 94 95 96 97 98 99 100 101 102 103 104 105 106 107 108 109 110 111 112 113 114 115 116 117 118 119 120 121 122 123 124 125 126 127 128 129 130 131 132 133 134 135 136 137 138 139 140 141 142 143 144 145 146 147 148 149 150 151 152 153 154 155 156 157 158 159 160 161 162 163 164 165 166 167 169 170 171 172 173 176 177 178 179 183 184 185 190 191 197
169 133 176 139 140 183 145 146 147 190 151 152 153 154 197 157 158 159 160 161 204 163 164 165 166 167 168 211 170 171 172 173 174 175 218 177 178 179 180 181 182 225 184 185 186 187 188 189 232 191 192 193 194 195 196 239 198 199 200 201 202 203 246 205 206 207 208 209 210 253 212 213 214 215 216 217 260 219 220 221 222 223 224 267 226 227 228 229 230 231 273 233 234 235 236 237 238 278 240 241 242 243 244 245 282 247 248 249 250 251 252 285 254 255 256 257 258 259 287 261 262 263 264 265 266 22 268 269 270 271 272 1 29 274 275 276 277 2 3 36 279 280 281 4 5 6 43 283 284 7 8 9 10 50 286 11 12 13 14 15 57 16 17 18 19 20 21 64 23 24 25 26 27 28 71 30 31 32 33 34 35 78 37 38 39 40 41 42 85 44 45 46 47 48 49 92 51 52 53 54 55 56 99 58 59 60 61 62 63 106 65 66 67 68 69 70 113 72 73 74 75 76 77 120 79 80 81 82 83 84 127 86 87 88 89 90 91 134 93 94 95 96 97 98 141 100 101 102 103 104 105 148 107 108 109 110 111 112 155 114 115 116 117 118 119 162 121 122 123 124 125 126 128 129 130 131 132 135 136 137 138 142 143 144 149 150 156
170 176 177 140 183 184 146 147 190 191 152 153 154 197 198 158 159 160 161 204 205 164 165 166 167 168 211 212 171 172 173 174 175 218 219 178 179 180 181 182 225 226 185 186 187 188 189 232 233 192 193 194 195 196 239 240 199 200 201 202 203 246 247 206 207 208 209 210 253 254 213 214 215 216 217 260 261 220 221 222 223 224 267 268 227 228 229 230 231 273 274 234 235 236 237 238 278 279 241 242 243 244 245 282 283 248 249 250 251 252 285 286 255 256 257 258 259 287 16 262 263 264 265 266 22 23 269 270 271 272 1 29 30 275 276 277 2 3 36 37 280 281 4 5 6 43 44 284 7 8 9 10 50 51 11 12 13 14 15 57 58 17 18 19 20 21 64 65 24 25 26 27 28 71 72 31 32 33 34 35 78 79 38 39 40 41 42 85 86 45 46 47 48 49 92 93 52 53 54 55 56 99 100 59 60 61 62 63 106 107 66 67 68 69 70 113 114 73 74 75 76 77 120 121 80 81 82 83 84 127 128 87 88 89 90 91 134 135 94 95 96 97 98 141 142 101 102 103 104 105 148 149 108 109 110 111 112 155 156 115 116 117 118 119 162 163 122 123 124 125 126 169 129 130 131 132 133 136 137 138 139 143 144 145 150 151 157
171 177 178 183 184 185 147 190 191 192 153 154 197 198 199 159 160 161 204 205 206 165 166 167 168 211 212 213 172 173 174 175 218 219 220 179 180 181 182 225 226 227 186 187 188 189 232 233 234 193 194 195 196 239 240 241 200 201 202 203 246 247 248 207 208 209 210 253 254 255 214 215 216 217 260 261 262 221 222 223 224 267 268 269 228 229 230 231 273 274 275 235 236 237 238 278 279 280 242 243 244 245 282 283 284 249 250 251 252 285 286 11 256 257 258 259 287 16 17 263 264 265 266 22 23 24 270 271 272 1 29 30 31 276 277 2 3 36 37 38 281 4 5 6 43 44 45 7 8 9 10 50 51 52 12 13 14 15 57 58 59 18 19 20 21 64 65 66 25 26 27 28 71 72 73 32 33 34 35 78 79 80 39 40 41 42 85 86 87 46 47 48 49 92 93 94 53 54 55 56 99 100 101 60 61 62 63 106 107 108 67 68 69 70 113 114 115 74 75 76 77 120 121 122 81 82 83 84 127 128 129 88 89 90 91 134 135 136 95 96 97 98 141 142 143 102 103 104 105 148 149 150 109 110 111 112 155 156 157 116 117 118 119 162 163 164 123 124 125 126 169 170 130 131 132 133 176 137 138 139 140 144 145 146 151 152 158
172 178 179 184 185 186 190 191 192 193 154 197 198 199 200 160 161 204 205 206 207 166 167 168 211 212 213 214 173 174 175 218 219 220 221 180 181 182 225 226 227 228 187 188 189 232 233 234 235 194 195 196 239 240 241 242 201 202 203 246 247 248 249 208 209 210 253 254 255 256 215 216 217 260 261 262 263 222 223 224 267 268 269 270 229 230 231 273 274 275 276 236 237 238 278 279 280 281 243 244 245 282 283 284 7 250 251 252 285 286 11 12 257 258 259 287 16 17 18 264 265 266 22 23 24 25 271 272 1 29 30 31 32 277 2 3 36 37 38 39 4 5 6 43 44 45 46 8 9 10 50 51 52 53 13 14 15 57 58 59 60 19 20 21 64 65 66 67 26 27 28 71 72 73 74 33 34 35 78 79 80 81 40 41 42 85 86 87 88 47 48 49 92 93 94 95 54 55 56 99 100 101 102 61 62 63 106 107 108 109 68 69 70 113 114 115 116 75 76 77 120 121 122 123 82 83 84 127 128 129 130 89 90 91 134 135 136 137 96 97 98 141 142 143 144 103 104 105 148 149 150 151 110 111 112 155 156 157 158 117 118 119 162 163 164 165 124 125 126 169 170 171 131 132 133 176 177 138 139 140 183 145 146 147 152 153 159
173 179 180 185 186 187 191 192 193 194 197 198 199 200 201 161 204 205 206 207 208 167 168 211 212 213 214 215 174 175 218 219 220 221 222 181 182 225 226 227 228 229 188 189 232 233 234 235 236 195 196 239 240 241 242 243 202 203 246 247 248 249 250 209 210 253 254 255 256 257 216 217 260 261 262 263 264 223 224 267 268 269 270 271 230 231 273 274 275 276 277 237 238 278 279 280 281 4 244 245 282 283 284 7 8 251 252 285 286 11 12 13 258 259 287 16 17 18 19 265 266 22 23 24 25 26 272 1 29 30 31 32 33 2 3 36 37 38 39 40 5 6 43 44 45 46 47 9 10 50 51 52 53 54 14 15 57 58 59 60 61 20 21 64 65 66 67 68 27 28 71 72 73 74 75 34 35 78 79 80 81 82 41 42 85 86 87 88 89 48 49 92 93 94 95 96 55 56 99 100 101 102 103 62 63 106 107 108 109 110 69 70 113 114 115 116 117 76 77 120 121 122 123 124 83 84 127 128 129 130 131 90 91 134 135 136 137 138 97 98 141 142 143 144 145 104 105 148 149 150 151 152 111 112 155 156 157 158 159 118 119 162 163 164 165 166 125 126 169 170 171 172 132 133 176 177 178 139 140 183 184 146 147 190 153 154 160
174 180 181 186 187 188 192 193 194 195 198 199 200 201 202 204 205 206 207 208 209 168 211 212 213 214 215 216 175 218 219 220 221 222 223 182 225 226 227 228 229 230 189 232 233 234 235 236 237 196 239 240 241 242 243 244 203 246 247 248 249 250 251 210 253 254 255 256 257 258 217 260 261 262 263 264 265 224 267 268 269 270 271 272 231 273 274 275 276 277 2 238 278 279 280 281 4 5 245 282 283 284 7 8 9 252 285 286 11 12 13 14 259 287 16 17 18 19 20 266 22 23 24 25 26 27 1 29 30 31 32 33 34 3 36 37 38 39 40 41 6 43 44 45 46 47 48 10 50 51 52 53 54 55 15 57 58 59 60 61 62 21 64 65 66 67 68 69 28 71 72 73 74 75 76 35 78 79 80 81 82 83 42 85 86 87 88 89 90 49 92 93 94 95 96 97 56 99 100 101 102 103 104 63 106 107 108 109 110 111 70 113 114 115 116 117 118 77 120 121 122 123 124 125 84 127 128 129 130 131 132 91 134 135 136 137 138 139 98 141 142 143 144 145 146 105 148 149 150 151 152 153 112 155 156 157 158 159 160 119 162 163 164 165 166 167 126 169 170 171 172 173 133 176 177 178 179 140 183 184 185 147 190 191 154 197 161
175 181 182 187 188 189 193 194 195 196 199 200 201 202 203 205 206 207 208 209 210 211 212 213 214 215 216 217 218 219 220 221 222 223 224 225 226 227 228 229 230 231 232 233 234 235 236 237 238 239 240 241 242 243 244 245 246 247 248 249 250 251 252 253 254 255 256 257 258 259 260 261 262 263 264 265 266 267 268 269 270 271 272 1 273 274 275 276 277 2 3 278 279 280 281 4 5 6 282 283 284 7 8 9 10 285 286 11 12 13 14 15 287 16 17 18 19 20 21 22 23 24 25 26 27 28 29 30 31 32 33 34 35 36 37 38 39 40 41 42 43 44 45 46 47 48 49 50 51 52 53 54 55 56 57 58 59 60 61 62 63 64 65 66 67 68 69 70 71 72 73 74 75 76 77 78 79 80 81 82 83 84 85 86 87 88 89 90 91 92 93 94 95 96 97 98 99 100 101 102 103 104 105 106 107 108 109 110 111 112 113 114 115 116 117 118 119 120 121 122 123 124 125 126 127 128 129 130 131 132 133 134 135 136 137 138 139 140 141 142 143 144 145 146 147 148 149 150 151 152 153 154 155 156 157 158 159 160 161 162 163 164 165 166 167 168 169 170 171 172 173 174 176 177 178 179 180 183 184 185 186 190 191 192 197 198 204
176 140 183 146 147 190 152 153 154 197 158 159 160 161 204 164 165 166 167 168 211 170 171 172 173 174 175 218 177 178 179 180 181 182 225 184 185 186 187 188 189 232 191 192 193 194 195 196 239 198 199 200 201 202 203 246 205 206 207 208 209 210 253 212 213 214 215 216 217 260 219 220 221 222 223 224 267 226 227 228 229 230 231 273 233 234 235 236 237 238 278 240 241 242 243 244 245 282 247 248 249 250 251 252 285 254 255 256 257 258 259 287 261 262 263 264 265 266 22 268 269 270 271 272 1 29 274 275 276 277 2 3 36 279 280 281 4 5 6 43 283 284 7 8 9 10 50 286 11 12 13 14 15 57 16 17 18 19 20 21 64 23 24 25 26 27 28 71 30 31 32 33 34 35 78 37 38 39 40 41 42 85 44 45 46 47 48 49 92 51 52 53 54 55 56 99 58 59 60 61 62 63 106 65 66 67 68 69 70 113 72 73 74 75 76 77 120 79 80 81 82 83 84 127 86 87 88 89 90 91 134 93 94 95 96 97 98 141 100 101 102 103 104 105 148 107 108 109 110 111 112 155 114 115 116 117 118 119 162 121 122 123 124 125 126 169 128 129 130 131 132 133 135 136 137 138 139 142 143 144 145 149 150 151 156 157 163
177 183 184 147 190 191 153 154 197 198 159 160 161 204 205 165 166 167 168 211 212 171 172 173 174 175 218 219 178 179 180 181 182 225 226 185 186 187 188 189 232 233 192 193 194 195 196 239 240 199 200 201 202 203 246 247 206 207 208 209 210 253 254 213 214 215 216 217 260 261 220 221 222 223 224 267 268 227 228 229 230 231 273 274 234 235 236 237 238 278 279 241 242 243 244 245 282 283 248 249 250 251 252 285 286 255 256 257 258 259 287 16 262 263 264 265 266 22 23 269 270 271 272 1 29 30 275 276 277 2 3 36 37 280 281 4 5 6 43 44 284 7 8 9 10 50 51 11 12 13 14 15 57 58 17 18 19 20 21 64 65 24 25 26 27 28 71 72 31 32 33 34 35 78 79 38 39 40 41 42 85 86 45 46 47 48 49 92 93 52 53 54 55 56 99 100 59 60 61 62 63 106 107 66 67 68 69 70 113 114 73 74 75 76 77 120 121 80 81 82 83 84 127 128 87 88 89 90 91 134 135 94 95 96 97 98 141 142 101 102 103 104 105 148 149 108 109 110 111 112 155 156 115 116 117 118 119 162 163 122 123 124 125 126 169 170 129 130 131 132 133 176 136 137 138 139 140 143 144 145 146 150 151 152 157 158 164
178 184 185 190 191 192 154 197 198 199 160 161 204 205 206 166 167 168 211 212 213 172 173 174 175 218 219 220 179 180 181 182 225 226 227 186 187 188 189 232 233 234 193 194 195 196 239 240 241 200 201 202 203 246 247 248 207 208 209 210 253 254 255 214 215 216 217 260 261 262 221 222 223 224 267 268 269 228 229 230 231 273 274 275 235 236 237 238 278 279 280 242 243 244 245 282 283 284 249 250 251 252 285 286 11 256 257 258 259 287 16 17 263 264 265 266 22 23 24 270 271 272 1 29 30 31 276 277 2 3 36 37 38 281 4 5 6 43 44 45 7 8 9 10 50 51 52 12 13 14 15 57 58 59 18 19 20 21 64 65 66 25 26 27 28 71 72 73 32 33 34 35 78 79 80 39 40 41 42 85 86 87 46 47 48 49 92 93 94 53 54 55 56 99 100 101 60 61 62 63 106 107 108 67 68 69 70 113 114 115 74 75 76 77 120 121 122 81 82 83 84 127 128 129 88 89 90 91 134 135 136 95 96 97 98 141 142 143 102 103 104 105 148 149 150 109 110 111 112 155 156 157 116 117 118 119 162 163 164 123 124 125 126 169 170 171 130 131 132 133 176 177 137 138 139 140 183 144 145 146 147 151 152 153 158 159 165
179 185 186 191 192 193 197 198 199 200 161 204 205 206 207 167 168 211 212 213 214 173 174 175 218 219 220 221 180 181 182 225 226 227 228 187 188 189 232 233 234 235 194 195 196 239 240 241 242 201 202 203 246 247 248 249 208 209 210 253 254 255 256 215 216 217 260 261 262 263 222 223 224 267 268 269 270 229 230 231 273 274 275 276 236 237 238 278 279 280 281 243 244 245 282 283 284 7 250 251 252 285 286 11 12 257 258 259 287 16 17 18 264 265 266 22 23 24 25 271 272 1 29 30 31 32 277 2 3 36 37 38 39 4 5 6 43 44 45 46 8 9 10 50 51 52 53 13 14 15 57 58 59 60 19 20 21 64 65 66 67 26 27 28 71 72 73 74 33 34 35 78 79 80 81 40 41 42 85 86 87 88 47 48 49 92 93 94 95 54 55 56 99 100 101 102 61 62 63 106 107 108 109 68 69 70 113 114 115 116 75 76 77 120 121 122 123 82 83 84 127 128 129 130 89 90 91 134 135 136 137 96 97 98 141 142 143 144 103 104 105 148 149 150 151 110 111 112 155 156 157 158 117 118 119 162 163 164 165 124 125 126 169 170 171 172 131 132 133 176 177 178 138 139 140 183 184 145 146 147 190 152 153 154 159 160 166
180 186 187 192 193 194 198 199 200 201 204 205 206 207 208 168 211 212 213 214 215 174 175 218 219 220 221 222 181 182 225 226 227 228 229 188 189 232 233 234 235 236 195 196 239 240 241 242 243 202 203 246 247 248 249 250 209 210 253 254 255 256 257 216 217 260 261 262 263 264 223 224 267 268 269 270 271 230 231 273 274 275 276 277 237 238 278 279 280 281 4 244 245 282 283 284 7 8 251 252 285 286 11 12 13 258 259 287 16 17 18 19 265 266 22 23 24 25 26 272 1 29 30 31 32 33 2 3 36 37 38 39 40 5 6 43 44 45 46 47 9 10 50 51 52 53 54 14 15 57 58 59 60 61 20 21 64 65 66 67 68 27 28 71 72 73 74 75 34 35 78 79 80 81 82 41 42 85 86 87 88 89 48 49 92 93 94 95 96 55 56 99 100 101 102 103 62 63 106 107 108 109 110 69 70 113 114 115 116 117 76 77 120 121 122 123 124 83 84 127 128 129 130 131 90 91 134 135 136 137 138 97 98 141 142 143 144 145 104 105 148 149 150 151 152 111 112 155 156 157 158 159 118 119 162 163 164 165 166 125 126 169 170 171 172 173 132 133 176 177 178 179 139 140 183 184 185 146 147 190 191 153 154 197 160 161 167
181 187 188 193 194 195 199 200 201 202 205 206 207 208 209 211 212 213 214 215 216 175 218 219 220 221 222 223 182 225 226 227 228 229 230 189 232 233 234 235 236 237 196 239 240 241 242 243 244 203 246 247 248 249 250 251 210 253 254 255 256 257 258 217 260 261 262 263 264 265 224 267 268 269 270 271 272 231 273 274 275 276 277 2 238 278 279 280 281 4 5 245 282 283 284 7 8 9 252 285 286 11 12 13 14 259 287 16 17 18 19 20 266 22 23 24 25 26 27 1 29 30 31 32 33 34 3 36 37 38 39 40 41 6 43 44 45 46 47 48 10 50 51 52 53 54 55 15 57 58 59 60 61 62 21 64 65 66 67 68 69 28 71 72 73 74 75 76 35 78 79 80 81 82 83 42 85 86 87 88 89 90 49 92 93 94 95 96 97 56 99 100 101 102 103 104 63 106 107 108 109 110 111 70 113 114 115 116 117 118 77 120 121 122 123 124 125 84 127 128 129 130 131 132 91 134 135 136 137 138 139 98 141 142 143 144 145 146 105 148 149 150 151 152 153 112 155 156 157 158 159 160 119 162 163 164 165 166 167 126 169 170 171 172 173 174 133 176 177 178 179 180 140 183 184 185 186 147 190 191 192 154 197 198 161 204 168
182 188 189 194 195 196 200 201 202 203 206 207 208 209 210 212 213 214 215 216 217 218 219 220 221 222 223 224 225 226 227 228 229 230 231 232 233 234 235 236 237 238 239 240 241 242 243 244 245 246 247 248 249 250 251 252 253 254 255 256 257 258 259 260 261 262 263 264 265 266 267 268 269 270 271 272 1 273 274 275 276 277 2 3 278 279 280 281 4 5 6 282 283 284 7 8 9 10 285 286 11 12 13 14 15 287 16 17 18 19 20 21 22 23 24 25 26 27 28 29 30 31 32 33 34 35 36 37 38 39 40 41 42 43 44 45 46 47 48 49 50 51 52 53 54 55 56 57 58 59 60 61 62 63 64 65 66 67 68 69 70 71 72 73 74 75 76 77 78 79 80 81 82 83 84 85 86 87 88 89 90 91 92 93 94 95 96 97 98 99 100 101 102 103 104 105 106 107 108 109 110 111 112 113 114 115 116 117 118 119 120 121 122 123 124 125 126 127 128 129 130 131 132 133 134 135 136 137 138 139 140 141 142 143 144 145 146 147 148 149 150 151 152 153 154 155 156 157 158 159 160 161 162 163 164 165 166 167 168 169 170 171 172 173 174 175 176 177 178 179 180 181 183 184 185 186 187 190 191 192 193 197 198 199 204 205 211
183 147 190 153 154 197 159 160 161 204 165 166 167 168 211 171 172 173 174 175 218 177 178 179 180 181 182 225 184 185 186 187 188 189 232 191 192 193 194 195 196 239 198 199 200 201 202 203 246 205 206 207 208 209 210 253 212 213 214 215 216 217 260 219 220 221 222 223 224 267 226 227 228 229 230 231 273 233 234 235 236 237 238 278 240 241 242 243 244 245 282 247 248 249 250 251 252 285 254 255 256 257 258 259 287 261 262 263 264 265 266 22 268 269 270 271 272 1 29 274 275 276 277 2 3 36 279 280 281 4 5 6 43 283 284 7 8 9 10 50 286 11 12 13 14 15 57 16 17 18 19 20 21 64 23 24 25 26 27 28 71 30 31 32 33 34 35 78 37 38 39 40 41 42 85 44 45 46 47 48 49 92 51 52 53 54 55 56 99 58 59 60 61 62 63 106 65 66 67 68 69 70 113 72 73 74 75 76 77 120 79 80 81 82 83 84 127 86 87 88 89 90 91 134 93 94 95 96 97 98 141 100 101 102 103 104 105 148 107 108 109 110 111 112 155 114 115 116 117 118 119 162 121 122 123 124 125 126 169 128 129 130 131 132 133 176 135 136 137 138 139 140 142 143 144 145 146 149 150 151 152 156 157 158 163 164 170
184 190 191 154 197 198 160 161 204 205 166 167 168 211 212 172 173 174 175 218 219 178 179 180 181 182 225 226 185 186 187 188 189 232 233 192 193 194 195 196 239 240 199 200 201 202 203 246 247 206 207 208 209 210 253 254 213 214 215 216 217 260 261 220 221 222 223 224 267 268 227 228 229 230 231 273 274 234 235 236 237 238 278 279 241 242 243 244 245 282 283 248 249 250 251 252 285 286 255 256 257 258 259 287 16 262 263 264 265 266 22 23 269 270 271 272 1 29 30 275 276 277 2 3 36 37 280 281 4 5 6 43 44 284 7 8 9 10 50 51 11 12 13 14 15 57 58 17 18 19 20 21 64 65 24 25 26 27 28 71 72 31 32 33 34 35 78 79 38 39 40 41 42 85 86 45 46 47 48 49 92 93 52 53 54 55 56 99 100 59 60 61 62 63 106 107 66 67 68 69 70 113 114 73 74 75 76 77 120 121 80 81 82 83 84 127 128 87 88 89 90 91 134 135 94 95 96 97 98 141 142 101 102 103 104 105 148 149 108 109 110 111 112 155 156 115 116 117 118 119 162 163 122 123 124 125 126 169 170 129 130 131 132 133 176 177 136 137 138 139 140 183 143 144 145 146 147 150 151 152 153 157 158 159 164 165 171
185 191 192 197 198 199 161 204 205 206 167 168 211 212 213 173 174 175 218 219 220 179 180 181 182 225 226 227 186 187 188 189 232 233 234 193 194 195 196 239 240 241 200 201 202 203 246 247 248 207 208 209 210 253 254 255 214 215 216 217 260 261 262 221 222 223 224 267 268 269 228 229 230 231 273 274 275 235 236 237 238 278 279 280 242 243 244 245 282 283 284 249 250 251 252 285 286 11 256 257 258 259 287 16 17 263 264 265 266 22 23 24 270 271 272 1 29 30 31 276 277 2 3 36 37 38 281 4 5 6 43 44 45 7 8 9 10 50 51 52 12 13 14 15 57 58 59 18 19 20 21 64 65 66 25 26 27 28 71 72 73 32 33 34 35 78 79 80 39 40 41 42 85 86 87 46 47 48 49 92 93 94 53 54 55 56 99 100 101 60 61 62 63 106 107 108 67 68 69 70 113 114 115 74 75 76 77 120 121 122 81 82 83 84 127 128 129 88 89 90 91 134 135 136 95 96 97 98 141 142 143 102 103 104 105 148 149 150 109 110 111 112 155 156 157 116 117 118 119 162 163 164 123 124 125 126 169 170 171 130 131 132 133 176 177 178 137 138 139 140 183 184 144 145 146 147 190 151 152 153 154 158 159 160 165 166 172
186 192 193 198 199 200 204 205 206 207 168 211 212 213 214 174 175 218 219 220 221 180 181 182 225 226 227 228 187 188 189 232 233 234 235 194 195 196 239 240 241 242 201 202 203 246 247 248 249 208 209 210 253 254 255 256 215 216 217 260 261 262 263 222 223 224 267 268 269 270 229 230 231 273 274 275 276 236 237 238 278 279 280 281 243 244 245 282 283 284 7 250 251 252 285 286 11 12 257 258 259 287 16 17 18 264 265 266 22 23 24 25 271 272 1 29 30 31 32 277 2 3 36 37 38 39 4 5 6 43 44 45 46 8 9 10 50 51 52 53 13 14 15 57 58 59 60 19 20 21 64 65 66 67 26 27 28 71 72 73 74 33 34 35 78 79 80 81 40 41 42 85 86 87 88 47 48 49 92 93 94 95 54 55 56 99 100 101 102 61 62 63 106 107 108 109 68 69 70 113 114 115 116 75 76 77 120 121 122 123 82 83 84 127 128 129 130 89 90 91 134 135 136 137 96 97 98 141 142 143 144 103 104 105 148 149 150 151 110 111 112 155 156 157 158 117 118 119 162 163 164 165 124 125 126 169 170 171 172 131 132 133 176 177 178 179 138 139 140 183 184 185 145 146 147 190 191 152 153 154 197 159 160 161 166 167 173
187 193 194 199 200 201 205 206 207 208 211 212 213 214 215 175 218 219 220 221 222 181 182 225 226 227 228 229 188 189 232 233 234 235 236 195 196 239 240 241 242 243 202 203 246 247 248 249 250 209 210 253 254 255 256 257 216 217 260 261 262 263 264 223 224 267 268 269 270 271 230 231 273 274 275 276 277 237 238 278 279 280 281 4 244 245 282 283 284 7 8 251 252 285 286 11 12 13 258 259 287 16 17 18 19 265 266 22 23 24 25 26 272 1 29 30 31 32 33 2 3 36 37 38 39 40 5 6 43 44 45 46 47 9 10 50 51 52 53 54 14 15 57 58 59 60 61 20 21 64 65 66 67 68 27 28 71 72 73 74 75 34 35 78 79 80 81 82 41 42 85 86 87 88 89 48 49 92 93 94 95 96 55 56 99 100 101 102 103 62 63 106 107 108 109 110 69 70 113 114 115 116 117 76 77 120 121 122 123 124 83 84 127 128 129 130 131 90 91 134 135 136 137 138 97 98 141 142 143 144 145 104 105 148 149 150 151 152 111 112 155 156 157 158 159 118 119 162 163 164 165 166 125 126 169 170 171 172 173 132 133 176 177 178 179 180 139 140 183 184 185 186 146 147 190 191 192 153 154 197 198 160 161 204 167 168 174
188 194 195 200 201 202 206 207 208 209 212 213 214 215 216 218 219 220 221 222 223 182 225 226 227 228 229 230 189 232 233 234 235 236 237 196 239 240 241 242 243 244 203 246 247 248 249 250 251 210 253 254 255 256 257 258 217 260 261 262 263 264 265 224 267 268 269 270 271 272 231 273 274 275 276 277 2 238 278 279 280 281 4 5 245 282 283 284 7 8 9 252 285 286 11 12 13 14 259 287 16 17 18 19 20 266 22 23 24 25 26 27 1 29 30 31 32 33 34 3 36 37 38 39 40 41 6 43 44 45 46 47 48 10 50 51 52 53 54 55 15 57 58 59 60 61 62 21 64 65 66 67 68 69 28 71 72 73 74 75 76 35 78 79 80 81 82 83 42 85 86 87 88 89 90 49 92 93 94 95 96 97 56 99 100 101 102 103 104 63 106 107 108 109 110 111 70 113 114 115 116 117 118 77 120 121 122 123 124 125 84 127 128 129 130 131 132 91 134 135 136 137 138 139 98 141 142 143 144 145 146 105 148 149 150 151 152 153 112 155 156 157 158 159 160 119 162 163 164 165 166 167 126 169 170 171 172 173 174 133 176 177 178 179 180 181 140 183 184 185 186 187 147 190 191 192 193 154 197 198 199 161 204 205 168 211 175
189 195 196 201 202 203 207 208 209 210 213 214 215 216 217 219 220 221 222 223 224 225 226 227 228 229 230 231 232 233 234 235 236 237 238 239 240 241 242 243 244 245 246 247 248 249 250 251 252 253 254 255 256 257 258 259 260 261 262 263 264 265 266 267 268 269 270 271 272 1 273 274 275 276 277 2 3 278 279 280 281 4 5 6 282 283 284 7 8 9 10 285 286 11 12 13 14 15 287 16 17 18 19 20 21 22 23 24 25 26 27 28 29 30 31 32 33 34 35 36 37 38 39 40 41 42 43 44 45 46 47 48 49 50 51 52 53 54 55 56 57 58 59 60 61 62 63 64 65 66 67 68 69 70 71 72 73 74 75 76 77 78 79 80 81 82 83 84 85 86 87 88 89 90 91 92 93 94 95 96 97 98 99 100 101 102 103 104 105 106 107 108 109 110 111 112 113 114 115 116 117 118 119 120 121 122 123 124 125 126 127 128 129 130 131 132 133 134 135 136 137 138 139 140 141 142 143 144 145 146 147 148 149 150 151 152 153 154 155 156 157 158 159 160 161 162 163 164 165 166 167 168 169 170 171 172 173 174 175 176 177 178 179 180 181 182 183 184 185 186 187 188 190 191 192 193 194 197 198 199 200 204 205 206 211 212 218
190 154 197 160 161 204 166 167 168 211 172 173 174 175 218 178 179 180 181 182 225 184 185 186 187 188 189 232 191 192 193 194 195 196 239 198 199 200 201 202 203 246 205 206 207 208 209 210 253 212 213 214 215 216 217 260 219 220 221 222 223 224 267 226 227 228 229 230 231 273 233 234 235 236 237 238 278 240 241 242 243 244 245 282 247 248 249 250 251 252 285 254 255 256 257 258 259 287 261 262 263 264 265 266 22 268 269 270 271 272 1 29 274 275 276 277 2 3 36 279 280 281 4 5 6 43 283 284 7 8 9 10 50 286 11 12 13 14 15 57 16 17 18 19 20 21 64 23 24 25 26 27 28 71 30 31 32 33 34 35 78 37 38 39 40 41 42 85 44 45 46 47 48 49 92 51 52 53 54 55 56 99 58 59 60 61 62 63 106 65 66 67 68 69 70 113 72 73 74 75 76 77 120 79 80 81 82 83 84 127 86 87 88 89 90 91 134 93 94 95 96 97 98 141 100 101 102 103 104 105 148 107 108 109 110 111 112 155 114 115 116 117 118 119 162 121 122 123 124 125 126 169 128 129 130 131 132 133 176 135 136 137 138 139 140 183 142 143 144 145 146 147 149 150 151 152 153 156 157 158 159 163 164 165 170 171 177
191 197 198 161 204 205 167 168 211 212 173 174 175 218 219 179 180 181 182 225 226 185 186 187 188 189 232 233 192 193 194 195 196 239 240 199 200 201 202 203 246 247 206 207 208 209 210 253 254 213 214 215 216 217 260 261 220 221 222 223 224 267 268 227 228 229 230 231 273 274 234 235 236 237 238 278 279 241 242 243 244 245 282 283 248 249 250 251 252 285 286 255 256 257 258 259 287 16 262 263 264 265 266 22 23 269 270 271 272 1 29 30 275 276 277 2 3 36 37 280 281 4 5 6 43 44 284 7 8 9 10 50 51 11 12 13 14 15 57 58 17 18 19 20 21 64 65 24 25 26 27 28 71 72 31 32 33 34 35 78 79 38 39 40 41 42 85 86 45 46 47 48 49 92 93 52 53 54 55 56 99 100 59 60 61 62 63 106 107 66 67 68 69 70 113 114 73 74 75 76 77 120 121 80 81 82 83 84 127 128 87 88 89 90 91 134 135 94 95 96 97 98 141 142 101 102 103 104 105 148 149 108 109 110 111 112 155 156 115 116 117 118 119 162 163 122 123 124 125 126 169 170 129 130 131 132 133 176 177 136 137 138 139 140 183 184 143 144 145 146 147 190 150 151 152 153 154 157 158 159 160 164 165 166 171 172 178
192 198 199 204 205 206 168 211 212 213 174 175 218 219 220 180 181 182 225 226 227 186 187 188 189 232 233 234 193 194 195 196 239 240 241 200 201 202 203 246 247 248 207 208 209 210 253 254 255 214 215 216 217 260 261 262 221 222 223 224 267 268 269 228 229 230 231 273 274 275 235 236 237 238 278 279 280 242 243 244 245 282 283 284 249 250 251 252 285 286 11 256 257 258 259 287 16 17 263 264 265 266 22 23 24 270 271 272 1 29 30 31 276 277 2 3 36 37 38 281 4 5 6 43 44 45 7 8 9 10 50 51 52 12 13 14 15 57 58 59 18 19 20 21 64 65 66 25 26 27 28 71 72 73 32 33 34 35 78 79 80 39 40 41 42 85 86 87 46 47 48 49 92 93 94 53 54 55 56 99 100 101 60 61 62 63 106 107 108 67 68 69 70 113 114 115 74 75 76 77 120 121 122 81 82 83 84 127 128 129 88 89 90 91 134 135 136 95 96 97 98 141 142 143 102 103 104 105 148 149 150 109 110 111 112 155 156 157 116 117 118 119 162 163 164 123 124 125 126 169 170 171 130 131 132 133 176 177 178 137 138 139 140 183 184 185 144 145 146 147 190 191 151 152 153 154 197 158 159 160 161 165 166 167 172 173 179
193 199 200 205 206 207 211 212 213 214 175 218 219 220 221 181 182 225 226 227 228 187 188 189 232 233 234 235 194 195 196 239 240 241 242 201 202 203 246 247 248 249 208 209 210 253 254 255 256 215 216 217 260 261 262 263 222 223 224 267 268 269 270 229 230 231 273 274 275 276 236 237 238 278 279 280 281 243 244 245 282 283 284 7 250 251 252 285 286 11 12 257 258 259 287 16 17 18 264 265 266 22 23 24 25 271 272 1 29 30 31 32 277 2 3 36 37 38 39 4 5 6 43 44 45 46 8 9 10 50 51 52 53 13 14 15 57 58 59 60 19 20 21 64 65 66 67 26 27 28 71 72 73 74 33 34 35 78 79 80 81 40 41 42 85 86 87 88 47 48 49 92 93 94 95 54 55 56 99 100 101 102 61 62 63 106 107 108 109 68 69 70 113 114 115 116 75 76 77 120 121 122 123 82 83 84 127 128 129 130 89 90 91 134 135 136 137 96 97 98 141 142 143 144 103 104 105 148 149 150 151 110 111 112 155 156 157 158 117 118 119 162 163 164 165 124 125 126 169 170 171 172 131 132 133 176 177 178 179 138 139 140 183 184 185 186 145 146 147 190 191 192 152 153 154 197 198 159 160 161 204 166 167 168 173 174 180
194 200 201 206 207 208 212 213 214 215 218 219 220 221 222 182 225 226 227 228 229 188 189 232 233 234 235 236 195 196 239 240 241 242 243 202 203 246 247 248 249 250 209 210 253 254 255 256 257 216 217 260 261 262 263 264 223 224 267 268 269 270 271 230 231 273 274 275 276 277 237 238 278 279 280 281 4 244 245 282 283 284 7 8 251 252 285 286 11 12 13 258 259 287 16 17 18 19 265 266 22 23 24 25 26 272 1 29 30 31 32 33 2 3 36 37 38 39 40 5 6 43 44 45 46 47 9 10 50 51 52 53 54 14 15 57 58 59 60 61 20 21 64 65 66 67 68 27 28 71 72 73 74 75 34 35 78 79 80 81 82 41 42 85 86 87 88 89 48 49 92 93 94 95 96 55 56 99 100 101 102 103 62 63 106 107 108 109 110 69 70 113 114 115 116 117 76 77 120 121 122 123 124 83 84 127 128 129 130 131 90 91 134 135 136 137 138 97 98 141 142 143 144 145 104 105 148 149 150 151 152 111 112 155 156 157 158 159 118 119 162 163 164 165 166 125 126 169 170 171 172 173 132 133 176 177 178 179 180 139 140 183 184 185 186 187 146 147 190 191 192 193 153 154 197 198 199 160 161 204 205 167 168 211 174 175 181
195 201 202 207 208 209 213 214 215 216 219 220 221 222 223 225 226 227 228 229 230 189 232 233 234 235 236 237 196 239 240 241 242 243 244 203 246 247 248 249 250 251 210 253 254 255 256 257 258 217 260 261 262 263 264 265 224 267 268 269 270 271 272 231 273 274 275 276 277 2 238 278 279 280 281 4 5 245 282 283 284 7 8 9 252 285 286 11 12 13 14 259 287 16 17 18 19 20 266 22 23 24 25 26 27 1 29 30 31 32 33 34 3 36 37 38 39 40 41 6 43 44 45 46 47 48 10 50 51 52 53 54 55 15 57 58 59 60 61 62 21 64 65 66 67 68 69 28 71 72 73 74 75 76 35 78 79 80 81 82 83 42 85 86 87 88 89 90 49 92 93 94 95 96 97 56 99 100 101 102 103 104 63 106 107 108 109 110 111 70 113 114 115 116 117 118 77 120 121 122 123 124 125 84 127 128 129 130 131 132 91 134 135 136 137 138 139 98 141 142 143 144 145 146 105 148 149 150 151 152 153 112 155 156 157 158 159 160 119 162 163 164 165 166 167 126 169 170 171 172 173 174 133 176 177 178 179 180 181 140 183 184 185 186 187 188 147 190 191 192 193 194 154 197 198 199 200 161 204 205 206 168 211 212 175 218 182
196 202 203 208 209 210 214 215 216 217 220 221 222 223 224 226 227 228 229 230 231 232 233 234 235 236 237 238 239 240 241 242 243 244 245 246 247 248 249 250 251 252 253 254 255 256 257 258 259 260 261 262 263 264 265 266 267 268 269 270 271 272 1 273 274 275 276 277 2 3 278 279 280 281 4 5 6 282 283 284 7 8 9 10 285 286 11 12 13 14 15 287 16 17 18 19 20 21 22 23 24 25 26 27 28 29 30 31 32 33 34 35 36 37 38 39 40 41 42 43 44 45 46 47 48 49 50 51 52 53 54 55 56 57 58 59 60 61 62 63 64 65 66 67 68 69 70 71 72 73 74 75 76 77 78 79 80 81 82 83 84 85 86 87 88 89 90 91 92 93 94 95 96 97 98 99 100 101 102 103 104 105 106 107 108 109 110 111 112 113 114 115 116 117 118 119 120 121 122 123 124 125 126 127 128 129 130 131 132 133 134 135 136 137 138 139 140 141 142 143 144 145 146 147 148 149 150 151 152 153 154 155 156 157 158 159 160 161 162 163 164 165 166 167 168 169 170 171 172 173 174 175 176 177 178 179 180 181 182 183 184 185 186 187 188 189 190 191 192 193 194 195 197 198 199 200 201 204 205 206 207 211 212 213 218 219 225
197 161 204 167 168 211 173 174 175 218 179 180 181 182 225 185 186 187 188 189 232 191 192 193 194 195 196 239 198 199 200 201 202 203 246 205 206 207 208 209 210 253 212 213 214 215 216 217 260 219 220 221 222 223 224 267 226 227 228 229 230 231 273 233 234 235 236 237 238 278 240 241 242 243 244 245 282 247 248 249 250 251 252 285 254 255 256 257 258 259 287 261 262 263 264 265 266 22 268 269 270 271 272 1 29 274 275 276 277 2 3 36 279 280 281 4 5 6 43 283 284 7 8 9 10 50 286 11 12 13 14 15 57 16 17 18 19 20 21 64 23 24 25 26 27 28 71 30 31 32 33 34 35 78 37 38 39 40 41 42 85 44 45 46 47 48 49 92 51 52 53 54 55 56 99 58 59 60 61 62 63 106 65 66 67 68 69 70 113 72 73 74 75 76 77 120 79 80 81 82 83 84 127 86 87 88 89 90 91 134 93 94 95 96 97 98 141 100 101 102 103 104 105 148 107 108 109 110 111 112 155 114 115 116 117 118 119 162 121 122 123 124 125 126 169 128 129 130 131 132 133 176 135 136 137 138 139 140 183 142 143 144 145 146 147 190 149 150 151 152 153 154 156 157 158 159 160 163 164 165 166 170 171 172 177 178 184
198 204 205 168 211 212 174 175 218 219 180 181 182 225 226 186 187 188 189 232 233 192 193 194 195 196 239 240 199 200 201 202 203 246 247 206 207 208 209 210 253 254 213 214 215 216 217 260 261 220 221 222 223 224 267 268 227 228 229 230 231 273 274 234 235 236 237 238 278 279 241 242 243 244 245 282 283 248 249 250 251 252 285 286 255 256 257 258 259 287 16 262 263 264 265 266 22 23 269 270 271 272 1 29 30 275 276 277 2 3 36 37 280 281 4 5 6 43 44 284 7 8 9 10 50 51 11 12 13 14 15 57 58 17 18 19 20 21 64 65 24 25 26 27 28 71 72 31 32 33 34 35 78 79 38 39 40 41 42 85 86 45 46 47 48 49 92 93 52 53 54 55 56 99 100 59 60 61 62 63 106 107 66 67 68 69 70 113 114 73 74 75 76 77 120 121 80 81 82 83 84 127 128 87 88 89 90 91 134 135 94 95 96 97 98 141 142 101 102 103 104 105 148 149 108 109 110 111 112 155 156 115 116 117 118 119 162 163 122 123 124 125 126 169 170 129 130 131 132 133 176 177 136 137 138 139 140 183 184 143 144 145 146 147 190 191 150 151 152 153 154 197 157 158 159 160 161 164 165 166 167 171 172 173 178 179 185
199 205 206 211 212 213 175 218 219 220 181 182 225 226 227 187 188 189 232 233 234 193 194 195 196 239 240 241 200 201 202 203 246 247 248 207 208 209 210 253 254 255 214 215 216 217 260 261 262 221 222 223 224 267 268 269 228 229 230 231 273 274 275 235 236 237 238 278 279 280 242 243 244 245 282 283 284 249 250 251 252 285 286 11 256 257 258 259 287 16 17 263 264 265 266 22 23 24 270 271 272 1 29 30 31 276 277 2 3 36 37 38 281 4 5 6 43 44 45 7 8 9 10 50 51 52 12 13 14 15 57 58 59 18 19 20 21 64 65 66 25 26 27 28 71 72 73 32 33 34 35 78 79 80 39 40 41 42 85 86 87 46 47 48 49 92 93 94 53 54 55 56 99 100 101 60 61 62 63 106 107 108 67 68 69 70 113 114 115 74 75 76 77 120 121 122 81 82 83 84 127 128 129 88 89 90 91 134 135 136 95 96 97 98 141 142 143 102 103 104 105 148 149 150 109 110 111 112 155 156 157 116 117 118 119 162 163 164 123 124 125 126 169 170 171 130 131 132 133 176 177 178 137 138 139 140 183 184 185 144 145 146 147 190 191 192 151 152 153 154 197 198 158 159 160 161 204 165 166 167 168 172 173 174 179 180 186
200 206 207 212 213 214 218 219 220 221 182 225 226 227 228 188 189 232 233 234 235 194 195 196 239 240 241 242 201 202 203 246 247 248 249 208 209 210 253 254 255 256 215 216 217 260 261 262 263 222 223 224 267 268 269 270 229 230 231 273 274 275 276 236 237 238 278 279 280 281 243 244 245 282 283 284 7 250 251 252 285 286 11 12 257 258 259 287 16 17 18 264 265 266 22 23 24 25 271 272 1 29 30 31 32 277 2 3 36 37 38 39 4 5 6 43 44 45 46 8 9 10 50 51 52 53 13 14 15 57 58 59 60 19 20 21 64 65 66 67 26 27 28 71 72 73 74 33 34 35 78 79 80 81 40 41 42 85 86 87 88 47 48 49 92 93 94 95 54 55 56 99 100 101 102 61 62 63 106 107 108 109 68 69 70 113 114 115 116 75 76 77 120 121 122 123 82 83 84 127 128 129 130 89 90 91 134 135 136 137 96 97 98 141 142 143 144 103 104 105 148 149 150 151 110 111 112 155 156 157 158 117 118 119 162 163 164 165 124 125 126 169 170 171 172 131 132 133 176 177 178 179 138 139 140 183 184 185 186 145 146 147 190 191 192 193 152 153 154 197 198 199 159 160 161 204 205 166 167 168 211 173 174 175 180 181 187
201 207 208 213 214 215 219 220 221 222 225 226 227 228 229 189 232 233 234 235 236 195 196 239 240 241 242 243 202 203 246 247 248 249 250 209 210 253 254 255 256 257 216 217 260 261 262 263 264 223 224 267 268 269 270 271 230 231 273 274 275 276 277 237 238 278 279 280 281 4 244 245 282 283 284 7 8 251 252 285 286 11 12 13 258 259 287 16 17 18 19 265 266 22 23 24 25 26 272 1 29 30 31 32 33 2 3 36 37 38 39 40 5 6 43 44 45 46 47 9 10 50 51 52 53 54 14 15 57 58 59 60 61 20 21 64 65 66 67 68 27 28 71 72 73 74 75 34 35 78 79 80 81 82 41 42 85 86 87 88 89 48 49 92 93 94 95 96 55 56 99 100 101 102 103 62 63 106 107 108 109 110 69 70 113 114 115 116 117 76 77 120 121 122 123 124 83 84 127 128 129 130 131 90 91 134 135 136 137 138 97 98 141 142 143 144 145 104 105 148 149 150 151 152 111 112 155 156 157 158 159 118 119 162 163 164 165 166 125 126 169 170 171 172 173 132 133 176 177 178 179 180 139 140 183 184 185 186 187 146 147 190 191 192 193 194 153 154 197 198 199 200 160 161 204 205 206 167 168 211 212 174 175 218 181 182 188
202 208 209 214 215 216 220 221 222 223 226 227 228 229 230 232 233 234 235 236 237 196 239 240 241 242 243 244 203 246 247 248 249 250 251 210 253 254 255 256 257 258 217 260 261 262 263 264 265 224 267 268 269 270 271 272 231 273 274 275 276 277 2 238 278 279 280 281 4 5 245 282 283 284 7 8 9 252 285 286 11 12 13 14 259 287 16 17 18 19 20 266 22 23 24 25 26 27 1 29 30 31 32 33 34 3 36 37 38 39 40 41 6 43 44 45 46 47 48 10 50 51 52 53 54 55 15 57 58 59 60 61 62 21 64 65 66 67 68 69 28 71 72 73 74 75 76 35 78 79 80 81 82 83 42 85 86 87 88 89 90 49 92 93 94 95 96 97 56 99 100 101 102 103 104 63 106 107 108 109 110 111 70 113 114 115 116 117 118 77 120 121 122 123 124 125 84 127 128 129 130 131 132 91 134 135 136 137 138 139 98 141 142 143 144 145 146 105 148 149 150 151 152 153 112 155 156 157 158 159 160 119 162 163 164 165 166 167 126 169 170 171 172 173 174 133 176 177 178 179 180 181 140 183 184 185 186 187 188 147 190 191 192 193 194 195 154 197 198 199 200 201 161 204 205 206 207 168 211 212 213 175 218 219 182 225 189
203 209 210 215 216 217 221 222 223 224 227 228 229 230 231 233 234 235 236 237 238 239 240 241 242 243 244 245 246 247 248 249 250 251 252 253 254 255 256 257 258 259 260 261 262 263 264 265 266 267 268 269 270 271 272 1 273 274 275 276 277 2 3 278 279 280 281 4 5 6 282 283 284 7 8 9 10 285 286 11 12 13 14 15 287 16 17 18 19 20 21 22 23 24 25 26 27 28 29 30 31 32 33 34 35 36 37 38 39 40 41 42 43 44 45 46 47 48 49 50 51 52 53 54 55 56 57 58 59 60 61 62 63 64 65 66 67 68 69 70 71 72 73 74 75 76 77 78 79 80 81 82 83 84 85 86 87 88 89 90 91 92 93 94 95 96 97 98 99 100 101 102 103 104 105 106 107 108 109 110 111 112 113 114 115 116 117 118 119 120 121 122 123 124 125 126 127 128 129 130 131 132 133 134 135 136 137 138 139 140 141 142 143 144 145 146 147 148 149 150 151 152 153 154 155 156 157 158 159 160 161 162 163 164 165 166 167 168 169 170 171 172 173 174 175 176 177 178 179 180 181 182 183 184 185 186 187 188 189 190 191 192 193 194 195 196 197 198 199 200 201 202 204 205 206 207 208 211 212 213 214 218 219 220 225 226 232
204 168 211 174 175 218 180 181 182 225 186 187 188 189 232 192 193 194 195 196 239 198 199 200 201 202 203 246 205 206 207 208 209 210 253 212 213 214 215 216 217 260 219 220 221 222 223 224 267 226 227 228 229 230 231 273 233 234 235 236 237 238 278 240 241 242 243 244 245 282 247 248 249 250 251 252 285 254 255 256 257 258 259 287 261 262 263 264 265 266 22 268 269 270 271 272 1 29 274 275 276 277 2 3 36 279 280 281 4 5 6 43 283 284 7 8 9 10 50 286 11 12 13 14 15 57 16 17 18 19 20 21 64 23 24 25 26 27 28 71 30 31 32 33 34 35 78 37 38 39 40 41 42 85 44 45 46 47 48 49 92 51 52 53 54 55 56 99 58 59 60 61 62 63 106 65 66 67 68 69 70 113 72 73 74 75 76 77 120 79 80 81 82 83 84 127 86 87 88 89 90 91 134 93 94 95 96 97 98 141 100 101 102 103 104 105 148 107 108 109 110 111 112 155 114 115 116 117 118 119 162 121 122 123 124 125 126 169 128 129 130 131 132 133 176 135 136 137 138 139 140 183 142 143 144 145 146 147 190 149 150 151 152 153 154 197 156 157 158 159 160 161 163 164 165 166 167 170 171 172 173 177 178 179 184 185 191
205 211 212 175 218 219 181 182 225 226 187 188 189 232 233 193 194 195 196 239 240 199 200 201 202 203 246 247 206 207 208 209 210 253 254 213 214 215 216 217 260 261 220 221 222 223 224 267 268 227 228 229 230 231 273 274 234 235 236 237 238 278 279 241 242 243 244 245 282 283 248 249 250 251 252 285 286 255 256 257 258 259 287 16 262 263 264 265 266 22 23 269 270 271 272 1 29 30 275 276 277 2 3 36 37 280 281 4 5 6 43 44 284 7 8 9 10 50 51 11 12 13 14 15 57 58 17 18 19 20 21 64 65 24 25 26 27 28 71 72 31 32 33 34 35 78 79 38 39 40 41 42 85 86 45 46 47 48 49 92 93 52 53 54 55 56 99 100 59 60 61 62 63 106 107 66 67 68 69 70 113 114 73 74 75 76 77 120 121 80 81 82 83 84 127 128 87 88 89 90 91 134 135 94 95 96 97 98 141 142 101 102 103 104 105 148 149 108 109 110 111 112 155 156 115 116 117 118 119 162 163 122 123 124 125 126 169 170 129 130 131 132 133 176 177 136 137 138 139 140 183 184 143 144 145 146 147 190 191 150 151 152 153 154 197 198 157 158 159 160 161 204 164 165 166 167 168 171 172 173 174 178 179 180 185 186 192
206 212 213 218 219 220 182 225 226 227 188 189 232 233 234 194 195 196 239 240 241 200 201 202 203 246 247 248 207 208 209 210 253 254 255 214 215 216 217 260 261 262 221 222 223 224 267 268 269 228 229 230 231 273 274 275 235 236 237 238 278 279 280 242 243 244 245 282 283 284 249 250 251 252 285 286 11 256 257 258 259 287 16 17 263 264 265 266 22 23 24 270 271 272 1 29 30 31 276 277 2 3 36 37 38 281 4 5 6 43 44 45 7 8 9 10 50 51 52 12 13 14 15 57 58 59 18 19 20 21 64 65 66 25 26 27 28 71 72 73 32 33 34 35 78 79 80 39 40 41 42 85 86 87 46 47 48 49 92 93 94 53 54 55 56 99 100 101 60 61 62 63 106 107 108 67 68 69 70 113 114 115 74 75 76 77 120 121 122 81 82 83 84 127 128 129 88 89 90 91 134 135 136 95 96 97 98 141 142 143 102 103 104 105 148 149 150 109 110 111 112 155 156 157 116 117 118 119 162 163 164 123 124 125 126 169 170 171 130 131 132 133 176 177 178 137 138 139 140 183 184 185 144 145 146 147 190 191 192 151 152 153 154 197 198 199 158 159 160 161 204 205 165 166 167 168 211 172 173 174 175 179 180 181 186 187 193
207 213 214 219 220 221 225 226 227 228 189 232 233 234 235 195 196 239 240 241 242 201 202 203 246 247 248 249 208 209 210 253 254 255 256 215 216 217 260 261 262 263 222 223 224 267 268 269 270 229 230 231 273 274 275 276 236 237 238 278 279 280 281 243 244 245 282 283 284 7 250 251 252 285 286 11 12 257 258 259 287 16 17 18 264 265 266 22 23 24 25 271 272 1 29 30 31 32 277 2 3 36 37 38 39 4 5 6 43 44 45 46 8 9 10 50 51 52 53 13 14 15 57 58 59 60 19 20 21 64 65 66 67 26 27 28 71 72 73 74 33 34 35 78 79 80 81 40 41 42 85 86 87 88 47 48 49 92 93 94 95 54 55 56 99 100 101 102 61 62 63 106 107 108 109 68 69 70 113 114 115 116 75 76 77 120 121 122 123 82 83 84 127 128 129 130 89 90 91 134 135 136 137 96 97 98 141 142 143 144 103 104 105 148 149 150 151 110 111 112 155 156 157 158 117 118 119 162 163 164 165 124 125 126 169 170 171 172 131 132 133 176 177 178 179 138 139 140 183 184 185 186 145 146 147 190 191 192 193 152 153 154 197 198 199 200 159 160 161 204 205 206 166 167 168 211 212 173 174 175 218 180 181 182 187 188 194
208 214 215 220 221 222 226 227 228 229 232 233 234 235 236 196 239 240 241 242 243 202 203 246 247 248 249 250 209 210 253 254 255 256 257 216 217 260 261 262 263 264 223 224 267 268 269 270 271 230 231 273 274 275 276 277 237 238 278 279 280 281 4 244 245 282 283 284 7 8 251 252 285 286 11 12 13 258 259 287 16 17 18 19 265 266 22 23 24 25 26 272 1 29 30 31 32 33 2 3 36 37 38 39 40 5 6 43 44 45 46 47 9 10 50 51 52 53 54 14 15 57 58 59 60 61 20 21 64 65 66 67 68 27 28 71 72 73 74 75 34 35 78 79 80 81 82 41 42 85 86 87 88 89 48 49 92 93 94 95 96 55 56 99 100 101 102 103 62 63 106 107 108 109 110 69 70 113 114 115 116 117 76 77 120 121 122 123 124 83 84 127 128 129 130 131 90 91 134 135 136 137 138 97 98 141 142 143 144 145 104 105 148 149 150 151 152 111 112 155 156 157 158 159 118 119 162 163 164 165 166 125 126 169 170 171 172 173 132 133 176 177 178 179 180 139 140 183 184 185 186 187 146 147 190 191 192 193 194 153 154 197 198 199 200 201 160 161 204 205 206 207 167 168 211 212 213 174 175 218 219 181 182 225 188 189 195
209 215 216 221 222 223 227 228 229 230 233 234 235 236 237 239 240 241 242 243 244 203 246 247 248 249 250 251 210 253 254 255 256 257 258 217 260 261 262 263 264 265 224 267 268 269 270 271 272 231 273 274 275 276 277 2 238 278 279 280 281 4 5 245 282 283 284 7 8 9 252 285 286 11 12 13 14 259 287 16 17 18 19 20 266 22 23 24 25 26 27 1 29 30 31 32 33 34 3 36 37 38 39 40 41 6 43 44 45 46 47 48 10 50 51 52 53 54 55 15 57 58 59 60 61 62 21 64 65 66 67 68 69 28 71 72 73 74 75 76 35 78 79 80 81 82 83 42 85 86 87 88 89 90 49 92 93 94 95 96 97 56 99 100 101 102 103 104 63 106 107 108 109 110 111 70 113 114 115 116 117 118 77 120 121 122 123 124 125 84 127 128 129 130 131 132 91 134 135 136 137 138 139 98 141 142 143 144 145 146 105 148 149 150 151 152 153 112 155 156 157 158 159 160 119 162 163 164 165 166 167 126 169 170 171 172 173 174 133 176 177 178 179 180 181 140 183 184 185 186 187 188 147 190 191 192 193 194 195 154 197 198 199 200 201 202 161 204 205 206 207 208 168 211 212 213 214 175 218 219 220 182 225 226 189 232 196
210 216 217 222 223 224 228 229 230 231 234 235 236 237 238 240 241 242 243 244 245 246 247 248 249 250 251 252 253 254 255 256 257 258 259 260 261 262 263 264 265 266 267 268 269 270 271 272 1 273 274 275 276 277 2 3 278 279 280 281 4 5 6 282 283 284 7 8 9 10 285 286 11 12 13 14 15 287 16 17 18 19 20 21 22 23 24 25 26 27 28 29 30 31 32 33 34 35 36 37 38 39 40 41 42 43 44 45 46 47 48 49 50 51 52 53 54 55 56 57 58 59 60 61 62 63 64 65 66 67 68 69 70 71 72 73 74 75 76 77 78 79 80 81 82 83 84 85 86 87 88 89 90 91 92 93 94 95 96 97 98 99 100 101 102 103 104 105 106 107 108 109 110 111 112 113 114 115 116 117 118 119 120 121 122 123 124 125 126 127 128 129 130 131 132 133 134 135 136 137 138 139 140 141 142 143 144 145 146 147 148 149 150 151 152 153 154 155 156 157 158 159 160 161 162 163 164 165 166 167 168 169 170 171 172 173 174 175 176 177 178 179 180 181 182 183 184 185 186 187 188 189 190 191 192 193 194 195 196 197 198 199 200 201 202 203 204 205 206 207 208 209 211 212 213 214 215 218 219 220 221 225 226 227 232 233 239
211 175 218 181 182 225 187 188 189 232 193 194 195 196 239 199 200 201 202 203 246 205 206 207 208 209 210 253 212 213 214 215 216 217 260 219 220 221 222 223 224 267 226 227 228 229 230 231 273 233 234 235 236 237 238 278 240 241 242 243 244 245 282 247 248 249 250 251 252 285 254 255 256 257 258 259 287 261 262 263 264 265 266 22 268 269 270 271 272 1 29 274 275 276 277 2 3 36 279 280 281 4 5 6 43 283 284 7 8 9 10 50 286 11 12 13 14 15 57 16 17 18 19 20 21 64 23 24 25 26 27 28 71 30 31 32 33 34 35 78 37 38 39 40 41 42 85 44 45 46 47 48 49 92 51 52 53 54 55 56 99 58 59 60 61 62 63 106 65 66 67 68 69 70 113 72 73 74 75 76 77 120 79 80 81 82 83 84 127 86 87 88 89 90 91 134 93 94 95 96 97 98 141 100 101 102 103 104 105 148 107 108 109 110 111 112 155 114 115 116 117 118 119 162 121 122 123 124 125 126 169 128 129 130 131 132 133 176 135 136 137 138 139 140 183 142 143 144 145 146 147 190 149 150 151 152 153 154 197 156 157 158 159 160 161 204 163 164 165 166 167 168 170 171 172 173 174 177 178 179 180 184 185 186 191 192 198
212 218 219 182 225 226 188 189 232 233 194 195 196 239 240 200 201 202 203 246 247 206 207 208 209 210 253 254 213 214 215 216 217 260 261 220 221 222 223 224 267 268 227 228 229 230 231 273 274 234 235 236 237 238 278 279 241 242 243 244 245 282 283 248 249 250 251 252 285 286 255 256 257 258 259 287 16 262 263 264 265 266 22 23 269 270 271 272 1 29 30 275 276 277 2 3 36 37 280 281 4 5 6 43 44 284 7 8 9 10 50 51 11 12 13 14 15 57 58 17 18 19 20 21 64 65 24 25 26 27 28 71 72 31 32 33 34 35 78 79 38 39 40 41 42 85 86 45 46 47 48 49 92 93 52 53 54 55 56 99 100 59 60 61 62 63 106 107 66 67 68 69 70 113 114 73 74 75 76 77 120 121 80 81 82 83 84 127 128 87 88 89 90 91 134 135 94 95 96 97 98 141 142 101 102 103 104 105 148 149 108 109 110 111 112 155 156 115 116 117 118 119 162 163 122 123 124 125 126 169 170 129 130 131 132 133 176 177 136 137 138 139 140 183 184 143 144 145 146 147 190 191 150 151 152 153 154 197 198 157 158 159 160 161 204 205 164 165 166 167 168 211 171 172 173 174 175 178 179 180 181 185 186 187 192 193 199
213 219 220 225 226 227 189 232 233 234 195 196 239 240 241 201 202 203 246 247 248 207 208 209 210 253 254 255 214 215 216 217 260 261 262 221 222 223 224 267 268 269 228 229 230 231 273 274 275 235 236 237 238 278 279 280 242 243 244 245 282 283 284 249 250 251 252 285 286 11 256 257 258 259 287 16 17 263 264 265 266 22 23 24 270 271 272 1 29 30 31 276 277 2 3 36 37 38 281 4 5 6 43 44 45 7 8 9 10 50 51 52 12 13 14 15 57 58 59 18 19 20 21 64 65 66 25 26 27 28 71 72 73 32 33 34 35 78 79 80 39 40 41 42 85 86 87 46 47 48 49 92 93 94 53 54 55 56 99 100 101 60 61 62 63 106 107 108 67 68 69 70 113 114 115 74 75 76 77 120 121 122 81 82 83 84 127 128 129 88 89 90 91 134 135 136 95 96 97 98 141 142 143 102 103 104 105 148 149 150 109 110 111 112 155 156 157 116 117 118 119 162 163 164 123 124 125 126 169 170 171 130 131 132 133 176 177 178 137 138 139 140 183 184 185 144 145 146 147 190 191 192 151 152 153 154 197 198 199 158 159 160 161 204 205 206 165 166 167 168 211 212 172 173 174 175 218 179 180 181 182 186 187 188 193 194 200
214 220 221 226 227 228 232 233 234 235 196 239 240 241 242 202 203 246 247 248 249 208 209 210 253 254 255 256 215 216 217 260 261 262 263 222 223 224 267 268 269 270 229 230 231 273 274 275 276 236 237 238 278 279 280 281 243 244 245 282 283 284 7 250 251 252 285 286 11 12 257 258 259 287 16 17 18 264 265 266 22 23 24 25 271 272 1 29 30 31 32 277 2 3 36 37 38 39 4 5 6 43 44 45 46 8 9 10 50 51 52 53 13 14 15 57 58 59 60 19 20 21 64 65 66 67 26 27 28 71 72 73 74 33 34 35 78 79 80 81 40 41 42 85 86 87 88 47 48 49 92 93 94 95 54 55 56 99 100 101 102 61 62 63 106 107 108 109 68 69 70 113 114 115 116 75 76 77 120 121 122 123 82 83 84 127 128 129 130 89 90 91 134 135 136 137 96 97 98 141 142 143 144 103 104 105 148 149 150 151 110 111 112 155 156 157 158 117 118 119 162 163 164 165 124 125 126 169 170 171 172 131 132 133 176 177 178 179 138 139 140 183 184 185 186 145 146 147 190 191 192 193 152 153 154 197 198 199 200 159 160 161 204 205 206 207 166 167 168 211 212 213 173 174 175 218 219 180 181 182 225 187 188 189 194 195 201
215 221 222 227 228 229 233 234 235 236 239 240 241 242 243 203 246 247 248 249 250 209 210 253 254 255 256 257 216 217 260 261 262 263 264 223 224 267 268 269 270 271 230 231 273 274 275 276 277 237 238 278 279 280 281 4 244 245 282 283 284 7 8 251 252 285 286 11 12 13 258 259 287 16 17 18 19 265 266 22 23 24 25 26 272 1 29 30 31 32 33 2 3 36 37 38 39 40 5 6 43 44 45 46 47 9 10 50 51 52 53 54 14 15 57 58 59 60 61 20 21 64 65 66 67 68 27 28 71 72 73 74 75 34 35 78 79 80 81 82 41 42 85 86 87 88 89 48 49 92 93 94 95 96 55 56 99 100 101 102 103 62 63 106 107 108 109 110 69 70 113 114 115 116 117 76 77 120 121 122 123 124 83 84 127 128 129 130 131 90 91 134 135 136 137 138 97 98 141 142 143 144 145 104 105 148 149 150 151 152 111 112 155 156 157 158 159 118 119 162 163 164 165 166 125 126 169 170 171 172 173 132 133 176 177 178 179 180 139 140 183 184 185 186 187 146 147 190 191 192 193 194 153 154 197 198 199 200 201 160 161 204 205 206 207 208 167 168 211 212 213 214 174 175 218 219 220 181 182 225 226 188 189 232 195 196 202
216 222 223 228 229 230 234 235 236 237 240 241 242 243 244 246 247 248 249 250 251 210 253 254 255 256 257 258 217 260 261 262 263 264 265 224 267 268 269 270 271 272 231 273 274 275 276 277 2 238 278 279 280 281 4 5 245 282 283 284 7 8 9 252 285 286 11 12 13 14 259 287 16 17 18 19 20 266 22 23 24 25 26 27 1 29 30 31 32 33 34 3 36 37 38 39 40 41 6 43 44 45 46 47 48 10 50 51 52 53 54 55 15 57 58 59 60 61 62 21 64 65 66 67 68 69 28 71 72 73 74 75 76 35 78 79 80 81 82 83 42 85 86 87 88 89 90 49 92 93 94 95 96 97 56 99 100 101 102 103 104 63 106 107 108 109 110 111 70 113 114 115 116 117 118 77 120 121 122 123 124 125 84 127 128 129 130 131 132 91 134 135 136 137 138 139 98 141 142 143 144 145 146 105 148 149 150 151 152 153 112 155 156 157 158 159 160 119 162 163 164 165 166 167 126 169 170 171 172 173 174 133 176 177 178 179 180 181 140 183 184 185 186 187 188 147 190 191 192 193 194 195 154 197 198 199 200 201 202 161 204 205 206 207 208 209 168 211 212 213 214 215 175 218 219 220 221 182 225 226 227 189 232 233 196 239 203
217 223 224 229 230 231 235 236 237 238 241 242 243 244 245 247 248 249 250 251 252 253 254 255 256 257 258 259 260 261 262 263 264 265 266 267 268 269 270 271 272 1 273 274 275 276 277 2 3 278 279 280 281 4 5 6 282 283 284 7 8 9 10 285 286 11 12 13 14 15 287 16 17 18 19 20 21 22 23 24 25 26 27 28 29 30 31 32 33 34 35 36 37 38 39 40 41 42 43 44 45 46 47 48 49 50 51 52 53 54 55 56 57 58 59 60 61 62 63 64 65 66 67 68 69 70 71 72 73 74 75 76 77 78 79 80 81 82 83 84 85 86 87 88 89 90 91 92 93 94 95 96 97 98 99 100 101 102 103 104 105 106 107 108 109 110 111 112 113 114 115 116 117 118 119 120 121 122 123 124 125 126 127 128 129 130 131 132 133 134 135 136 137 138 139 140 141 142 143 144 145 146 147 148 149 150 151 152 153 154 155 156 157 158 159 160 161 162 163 164 165 166 167 168 169 170 171 172 173 174 175 176 177 178 179 180 181 182 183 184 185 186 187 188 189 190 191 192 193 194 195 196 197 198 199 200 201 202 203 204 205 206 207 208 209 210 211 212 213 214 215 216 218 219 220 221 222 225 226 227 228 232 233 234 239 240 246
218 182 225 188 189 232 194 195 196 239 200 201 202 203 246 206 207 208 209 210 253 212 213 214 215 216 217 260 219 220 221 222 223 224 267 226 227 228 229 230 231 273 233 234 235 236 237 238 278 240 241 242 243 244 245 282 247 248 249 250 251 252 285 254 255 256 257 258 259 287 261 262 263 264 265 266 22 268 269 270 271 272 1 29 274 275 276 277 2 3 36 279 280 281 4 5 6 43 283 284 7 8 9 10 50 286 11 12 13 14 15 57 16 17 18 19 20 21 64 23 24 25 26 27 28 71 30 31 32 33 34 35 78 37 38 39 40 41 42 85 44 45 46 47 48 49 92 51 52 53 54 55 56 99 58 59 60 61 62 63 106 65 66 67 68 69 70 113 72 73 74 75 76 77 120 79 80 81 82 83 84 127 86 87 88 89 90 91 134 93 94 95 96 97 98 141 100 101 102 103 104 105 148 107 108 109 110 111 112 155 114 115 116 117 118 119 162 121 122 123 124 125 126 169 128 129 130 131 132 133 176 135 136 137 138 139 140 183 142 143 144 145 146 147 190 149 150 151 152 153 154 197 156 157 158 159 160 161 204 163 164 165 166 167 168 211 170 171 172 173 174 175 177 178 179 180 181 184 185 186 187 191 192 193 198 199 205
219 225 226 189 232 233 195 196 239 240 201 202 203 246 247 207 208 209 210 253 254 213 214 215 216 217 260 261 220 221 222 223 224 267 268 227 228 229 230 231 273 274 234 235 236 237 238 278 279 241 242 243 244 245 282 283 248 249 250 251 252 285 286 255 256 257 258 259 287 16 262 263 264 265 266 22 23 269 270 271 272 1 29 30 275 276 277 2 3 36 37 280 281 4 5 6 43 44 284 7 8 9 10 50 51 11 12 13 14 15 57 58 17 18 19 20 21 64 65 24 25 26 27 28 71 72 31 32 33 34 35 78 79 38 39 40 41 42 85 86 45 46 47 48 49 92 93 52 53 54 55 56 99 100 59 60 61 62 63 106 107 66 67 68 69 70 113 114 73 74 75 76 77 120 121 80 81 82 83 84 127 128 87 88 89 90 91 134 135 94 95 96 97 98 141 142 101 102 103 104 105 148 149 108 109 110 111 112 155 156 115 116 117 118 119 162 163 122 123 124 125 126 169 170 129 130 131 132 133 176 177 136 137 138 139 140 183 184 143 144 145 146 147 190 191 150 151 152 153 154 197 198 157 158 159 160 161 204 205 164 165 166 167 168 211 212 171 172 173 174 175 218 178 179 180 181 182 185 186 187 188 192 193 194 199 200 206
220 226 227 232 233 234 196 239 240 241 202 203 246 247 248 208 209 210 253 254 255 214 215 216 217 260 261 262 221 222 223 224 267 268 269 228 229 230 231 273 274 275 235 236 237 238 278 279 280 242 243 244 245 282 283 284 249 250 251 252 285 286 11 256 257 258 259 287 16 17 263 264 265 266 22 23 24 270 271 272 1 29 30 31 276 277 2 3 36 37 38 281 4 5 6 43 44 45 7 8 9 10 50 51 52 12 13 14 15 57 58 59 18 19 20 21 64 65 66 25 26 27 28 71 72 73 32 33 34 35 78 79 80 39 40 41 42 85 86 87 46 47 48 49 92 93 94 53 54 55 56 99 100 101 60 61 62 63 106 107 108 67 68 69 70 113 114 115 74 75 76 77 120 121 122 81 82 83 84 127 128 129 88 89 90 91 134 135 136 95 96 97 98 141 142 143 102 103 104 105 148 149 150 109 110 111 112 155 156 157 116 117 118 119 162 163 164 123 124 125 126 169 170 171 130 131 132 133 176 177 178 137 138 139 140 183 184 185 144 145 146 147 190 191 192 151 152 153 154 197 198 199 158 159 160 161 204 205 206 165 166 167 168 211 212 213 172 173 174 175 218 219 179 180 181 182 225 186 187 188 189 193 194 195 200 201 207
221 227 228 233 234 235 239 240 241 242 203 246 247 248 249 209 210 253 254 255 256 215 216 217 260 261 262 263 222 223 224 267 268 269 270 229 230 231 273 274 275 276 236 237 238 278 279 280 281 243 244 245 282 283 284 7 250 251 252 285 286 11 12 257 258 259 287 16 17 18 264 265 266 22 23 24 25 271 272 1 29 30 31 32 277 2 3 36 37 38 39 4 5 6 43 44 45 46 8 9 10 50 51 52 53 13 14 15 57 58 59 60 19 20 21 64 65 66 67 26 27 28 71 72 73 74 33 34 35 78 79 80 81 40 41 42 85 86 87 88 47 48 49 92 93 94 95 54 55 56 99 100 101 102 61 62 63 106 107 108 109 68 69 70 113 114 115 116 75 76 77 120 121 122 123 82 83 84 127 128 129 130 89 90 91 134 135 136 137 96 97 98 141 142 143 144 103 104 105 148 149 150 151 110 111 112 155 156 157 158 117 118 119 162 163 164 165 124 125 126 169 170 171 172 131 132 133 176 177 178 179 138 139 140 183 184 185 186 145 146 147 190 191 192 193 152 153 154 197 198 199 200 159 160 161 204 205 206 207 166 167 168 211 212 213 214 173 174 175 218 219 220 180 181 182 225 226 187 188 189 232 194 195 196 201 202 208
222 228 229 234 235 236 240 241 242 243 246 247 248 249 250 210 253 254 255 256 257 216 217 260 261 262 263 264 223 224 267 268 269 270 271 230 231 273 274 275 276 277 237 238 278 279 280 281 4 244 245 282 283 284 7 8 251 252 285 286 11 12 13 258 259 287 16 17 18 19 265 266 22 23 24 25 26 272 1 29 30 31 32 33 2 3 36 37 38 39 40 5 6 43 44 45 46 47 9 10 50 51 52 53 54 14 15 57 58 59 60 61 20 21 64 65 66 67 68 27 28 71 72 73 74 75 34 35 78 79 80 81 82 41 42 85 86 87 88 89 48 49 92 93 94 95 96 55 56 99 100 101 102 103 62 63 106 107 108 109 110 69 70 113 114 115 116 117 76 77 120 121 122 123 124 83 84 127 128 129 130 131 90 91 134 135 136 137 138 97 98 141 142 143 144 145 104 105 148 149 150 151 152 111 112 155 156 157 158 159 118 119 162 163 164 165 166 125 126 169 170 171 172 173 132 133 176 177 178 179 180 139 140 183 184 185 186 187 146 147 190 191 192 193 194 153 154 197 198 199 200 201 160 161 204 205 206 207 208 167 168 211 212 213 214 215 174 175 218 219 220 221 181 182 225 226 227 188 189 232 233 195 196 239 202 203 209
223 229 230 235 236 237 241 242 243 244 247 248 249 250 251 253 254 255 256 257 258 217 260 261 262 263 264 265 224 267 268 269 270 271 272 231 273 274 275 276 277 2 238 278 279 280 281 4 5 245 282 283 284 7 8 9 252 285 286 11 12 13 14 259 287 16 17 18 19 20 266 22 23 24 25 26 27 1 29 30 31 32 33 34 3 36 37 38 39 40 41 6 43 44 45 46 47 48 10 50 51 52 53 54 55 15 57 58 59 60 61 62 21 64 65 66 67 68 69 28 71 72 73 74 75 76 35 78 79 80 81 82 83 42 85 86 87 88 89 90 49 92 93 94 95 96 97 56 99 100 101 102 103 104 63 106 107 108 109 110 111 70 113 114 115 116 117 118 77 120 121 122 123 124 125 84 127 128 129 130 131 132 91 134 135 136 137 138 139 98 141 142 143 144 145 146 105 148 149 150 151 152 153 112 155 156 157 158 159 160 119 162 163 164 165 166 167 126 169 170 171 172 173 174 133 176 177 178 179 180 181 140 183 184 185 186 187 188 147 190 191 192 193 194 195 154 197 198 199 200 201 202 161 204 205 206 207 208 209 168 211 212 213 214 215 216 175 218 219 220 221 222 182 225 226 227 228 189 232 233 234 196 239 240 203 246 210
224 230 231 236 237 238 242 243 244 245 248 249 250 251 252 254 255 256 257 258 259 260 261 262 263 264 265 266 267 268 269 270 271 272 1 273 274 275 276 277 2 3 278 279 280 281 4 5 6 282 283 284 7 8 9 10 285 286 11 12 13 14 15 287 16 17 18 19 20 21 22 23 24 25 26 27 28 29 30 31 32 33 34 35 36 37 38 39 40 41 42 43 44 45 46 47 48 49 50 51 52 53 54 55 56 57 58 59 60 61 62 63 64 65 66 67 68 69 70 71 72 73 74 75 76 77 78 79 80 81 82 83 84 85 86 87 88 89 90 91 92 93 94 95 96 97 98 99 100 101 102 103 104 105 106 107 108 109 110 111 112 113 114 115 116 117 118 119 120 121 122 123 124 125 126 127 128 129 130 131 132 133 134 135 136 137 138 139 140 141 142 143 144 145 146 147 148 149 150 151 152 153 154 155 156 157 158 159 160 161 162 163 164 165 166 167 168 169 170 171 172 173 174 175 176 177 178 179 180 181 182 183 184 185 186 187 188 189 190 191 192 193 194 195 196 197 198 199 200 201 202 203 204 205 206 207 208 209 210 211 212 213 214 215 216 217 218 219 220 221 222 223 225 226 227 228 229 232 233 234 235 239 240 241 246 247 253
225 189 232 195 196 239 201 202 203 246 207 208 209 210 253 213 214 215 216 217 260 219 220 221 222 223 224 267 226 227 228 229 230 231 273 233 234 235 236 237 238 278 240 241 242 243 244 245 282 247 248 249 250 251 252 285 254 255 256 257 258 259 287 261 262 263 264 265 266 22 268 269 270 271 272 1 29 274 275 276 277 2 3 36 279 280 281 4 5 6 43 283 284 7 8 9 10 50 286 11 12 13 14 15 57 16 17 18 19 20 21 64 23 24 25 26 27 28 71 30 31 32 33 34 35 78 37 38 39 40 41 42 85 44 45 46 47 48 49 92 51 52 53 54 55 56 99 58 59 60 61 62 63 106 65 66 67 68 69 70 113 72 73 74 75 76 77 120 79 80 81 82 83 84 127 86 87 88 89 90 91 134 93 94 95 96 97 98 141 100 101 102 103 104 105 148 107 108 109 110 111 112 155 114 115 116 117 118 119 162 121 122 123 124 125 126 169 128 129 130 131 132 133 176 135 136 137 138 139 140 183 142 143 144 145 146 147 190 149 150 151 152 153 154 197 156 157 158 159 160 161 204 163 164 165 166 167 168 211 170 171 172 173 174 175 218 177 178 179 180 181 182 184 185 186 187 188 191 192 193 194 198 199 200 205 206 212
226 232 233 196 239 240 202 203 246 247 208 209 210 253 254 214 215 216 217 260 261 220 221 222 223 224 267 268 227 228 229 230 231 273 274 234 235 236 237 238 278 279 241 242 243 244 245 282 283 248 249 250 251 252 285 286 255 256 257 258 259 287 16 262 263 264 265 266 22 23 269 270 271 272 1 29 30 275 276 277 2 3 36 37 280 281 4 5 6 43 44 284 7 8 9 10 50 51 11 12 13 14 15 57 58 17 18 19 20 21 64 65 24 25 26 27 28 71 72 31 32 33 34 35 78 79 38 39 40 41 42 85 86 45 46 47 48 49 92 93 52 53 54 55 56 99 100 59 60 61 62 63 106 107 66 67 68 69 70 113 114 73 74 75 76 77 120 121 80 81 82 83 84 127 128 87 88 89 90 91 134 135 94 95 96 97 98 141 142 101 102 103 104 105 148 149 108 109 110 111 112 155 156 115 116 117 118 119 162 163 122 123 124 125 126 169 170 129 130 131 132 133 176 177 136 137 138 139 140 183 184 143 144 145 146 147 190 191 150 151 152 153 154 197 198 157 158 159 160 161 204 205 164 165 166 167 168 211 212 171 172 173 174 175 218 219 178 179 180 181 182 225 185 186 187 188 189 192 193 194 195 199 200 201 206 207 213
227 233 234 239 240 241 203 246 247 248 209 210 253 254 255 215 216 217 260 261 262 221 222 223 224 267 268 269 228 229 230 231 273 274 275 235 236 237 238 278 279 280 242 243 244 245 282 283 284 249 250 251 252 285 286 11 256 257 258 259 287 16 17 263 264 265 266 22 23 24 270 271 272 1 29 30 31 276 277 2 3 36 37 38 281 4 5 6 43 44 45 7 8 9 10 50 51 52 12 13 14 15 57 58 59 18 19 20 21 64 65 66 25 26 27 28 71 72 73 32 33 34 35 78 79 80 39 40 41 42 85 86 87 46 47 48 49 92 93 94 53 54 55 56 99 100 101 60 61 62 63 106 107 108 67 68 69 70 113 114 115 74 75 76 77 120 121 122 81 82 83 84 127 128 129 88 89 90 91 134 135 136 95 96 97 98 141 142 143 102 103 104 105 148 149 150 109 110 111 112 155 156 157 116 117 118 119 162 163 164 123 124 125 126 169 170 171 130 131 132 133 176 177 178 137 138 139 140 183 184 185 144 145 146 147 190 191 192 151 152 153 154 197 198 199 158 159 160 161 204 205 206 165 166 167 168 211 212 213 172 173 174 175 218 219 220 179 180 181 182 225 226 186 187 188 189 232 193 194 195 196 200 201 202 207 208 214
228 234 235 240 241 242 246 247 248 249 210 253 254 255 256 216 217 260 261 262 263 222 223 224 267 268 269 270 229 230 231 273 274 275 276 236 237 238 278 279 280 281 243 244 245 282 283 284 7 250 251 252 285 286 11 12 257 258 259 287 16 17 18 264 265 266 22 23 24 25 271 272 1 29 30 31 32 277 2 3 36 37 38 39 4 5 6 43 44 45 46 8 9 10 50 51 52 53 13 14 15 57 58 59 60 19 20 21 64 65 66 67 26 27 28 71 72 73 74 33 34 35 78 79 80 81 40 41 42 85 86 87 88 47 48 49 92 93 94 95 54 55 56 99 100 101 102 61 62 63 106 107 108 109 68 69 70 113 114 115 116 75 76 77 120 121 122 123 82 83 84 127 128 129 130 89 90 91 134 135 136 137 96 97 98 141 142 143 144 103 104 105 148 149 150 151 110 111 112 155 156 157 158 117 118 119 162 163 164 165 124 125 126 169 170 171 172 131 132 133 176 177 178 179 138 139 140 183 184 185 186 145 146 147 190 191 192 193 152 153 154 197 198 199 200 159 160 161 204 205 206 207 166 167 168 211 212 213 214 173 174 175 218 219 220 221 180 181 182 225 226 227 187 188 189 232 233 194 195 196 239 201 202 203 208 209 215
229 235 236 241 242 243 247 248 249 250 253 254 255 256 257 217 260 261 262 263 264 223 224 267 268 269 270 271 230 231 273 274 275 276 277 237 238 278 279 280 281 4 244 245 282 283 284 7 8 251 252 285 286 11 12 13 258 259 287 16 17 18 19 265 266 22 23 24 25 26 272 1 29 30 31 32 33 2 3 36 37 38 39 40 5 6 43 44 45 46 47 9 10 50 51 52 53 54 14 15 57 58 59 60 61 20 21 64 65 66 67 68 27 28 71 72 73 74 75 34 35 78 79 80 81 82 41 42 85 86 87 88 89 48 49 92 93 94 95 96 55 56 99 100 101 102 103 62 63 106 107 108 109 110 69 70 113 114 115 116 117 76 77 120 121 122 123 124 83 84 127 128 129 130 131 90 91 134 135 136 137 138 97 98 141 142 143 144 145 104 105 148 149 150 151 152 111 112 155 156 157 158 159 118 119 162 163 164 165 166 125 126 169 170 171 172 173 132 133 176 177 178 179 180 139 140 183 184 185 186 187 146 147 190 191 192 193 194 153 154 197 198 199 200 201 160 161 204 205 206 207 208 167 168 211 212 213 214 215 174 175 218 219 220 221 222 181 182 225 226 227 228 188 189 232 233 234 195 196 239 240 202 203 246 209 210 216
230 236 237 242 243 244 248 249 250 251 254 255 256 257 258 260 261 262 263 264 265 224 267 268 269 270 271 272 231 273 274 275 276 277 2 238 278 279 280 281 4 5 245 282 283 284 7 8 9 252 285 286 11 12 13 14 259 287 16 17 18 19 20 266 22 23 24 25 26 27 1 29 30 31 32 33 34 3 36 37 38 39 40 41 6 43 44 45 46 47 48 10 50 51 52 53 54 55 15 57 58 59 60 61 62 21 64 65 66 67 68 69 28 71 72 73 74 75 76 35 78 79 80 81 82 83 42 85 86 87 88 89 90 49 92 93 94 95 96 97 56 99 100 101 102 103 104 63 106 107 108 109 110 111 70 113 114 115 116 117 118 77 120 121 122 123 124 125 84 127 128 129 130 131 132 91 134 135 136 137 138 139 98 141 142 143 144 145 146 105 148 149 150 151 152 153 112 155 156 157 158 159 160 119 162 163 164 165 166 167 126 169 170 171 172 173 174 133 176 177 178 179 180 181 140 183 184 185 186 187 188 147 190 191 192 193 194 195 154 197 198 199 200 201 202 161 204 205 206 207 208 209 168 211 212 213 214 215 216 175 218 219 220 221 222 223 182 225 226 227 228 229 189 232 233 234 235 196 239 240 241 203 246 247 210 253 217
231 237 238 243 244 245 249 250 251 252 255 256 257 258 259 261 262 263 264 265 266 267 268 269 270 271 272 1 273 274 275 276 277 2 3 278 279 280 281 4 5 6 282 283 284 7 8 9 10 285 286 11 12 13 14 15 287 16 17 18 19 20 21 22 23 24 25 26 27 28 29 30 31 32 33 34 35 36 37 38 39 40 41 42 43 44 45 46 47 48 49 50 51 52 53 54 55 56 57 58 59 60 61 62 63 64 65 66 67 68 69 70 71 72 73 74 75 76 77 78 79 80 81 82 83 84 85 86 87 88 89 90 91 92 93 94 95 96 97 98 99 100 101 102 103 104 105 106 107 108 109 110 111 112 113 114 115 116 117 118 119 120 121 122 123 124 125 126 127 128 129 130 131 132 133 134 135 136 137 138 139 140 141 142 143 144 145 146 147 148 149 150 151 152 153 154 155 156 157 158 159 160 161 162 163 164 165 166 167 168 169 170 171 172 173 174 175 176 177 178 179 180 181 182 183 184 185 186 187 188 189 190 191 192 193 194 195 196 197 198 199 200 201 202 203 204 205 206 207 208 209 210 211 212 213 214 215 216 217 218 219 220 221 222 223 224 225 226 227 228 229 230 232 233 234 235 236 239 240 241 242 246 247 248 253 254 260
232 196 239 202 203 246 208 209 210 253 214 215 216 217 260 220 221 222 223 224 267 226 227 228 229 230 231 273 233 234 235 236 237 238 278 240 241 242 243 244 245 282 247 248 249 250 251 252 285 254 255 256 257 258 259 287 261 262 263 264 265 266 22 268 269 270 271 272 1 29 274 275 276 277 2 3 36 279 280 281 4 5 6 43 283 284 7 8 9 10 50 286 11 12 13 14 15 57 16 17 18 19 20 21 64 23 24 25 26 27 28 71 30 31 32 33 34 35 78 37 38 39 40 41 42 85 44 45 46 47 48 49 92 51 52 53 54 55 56 99 58 59 60 61 62 63 106 65 66 67 68 69 70 113 72 73 74 75 76 77 120 79 80 81 82 83 84 127 86 87 88 89 90 91 134 93 94 95 96 97 98 141 100 101 102 103 104 105 148 107 108 109 110 111 112 155 114 115 116 117 118 119 162 121 122 123 124 125 126 169 128 129 130 131 132 133 176 135 136 137 138 139 140 183 142 143 144 145 146 147 190 149 150 151 152 153 154 197 156 157 158 159 160 161 204 163 164 165 166 167 168 211 170 171 172 173 174 175 218 177 178 179 180 181 182 225 184 185 186 187 188 189 191 192 193 194 195 198 199 200 201 205 206 207 212 213 219
233 239 240 203 246 247 209 210 253 254 215 216 217 260 261 221 222 223 224 267 268 227 228 229 230 231 273 274 234 235 236 237 238 278 279 241 242 243 244 245 282 283 248 249 250 251 252 285 286 255 256 257 258 259 287 16 262 263 264 265 266 22 23 269 270 271 272 1 29 30 275 276 277 2 3 36 37 280 281 4 5 6 43 44 284 7 8 9 10 50 51 11 12 13 14 15 57 58 17 18 19 20 21 64 65 24 25 26 27 28 71 72 31 32 33 34 35 78 79 38 39 40 41 42 85 86 45 46 47 48 49 92 93 52 53 54 55 56 99 100 59 60 61 62 63 106 107 66 67 68 69 70 113 114 73 74 75 76 77 120 121 80 81 82 83 84 127 128 87 88 89 90 91 134 135 94 95 96 97 98 141 142 101 102 103 104 105 148 149 108 109 110 111 112 155 156 115 116 117 118 119 162 163 122 123 124 125 126 169 170 129 130 131 132 133 176 177 136 137 138 139 140 183 184 143 144 145 146 147 190 191 150 151 152 153 154 197 198 157 158 159 160 161 204 205 164 165 166 167 168 211 212 171 172 173 174 175 218 219 178 179 180 181 182 225 226 185 186 187 188 189 232 192 193 194 195 196 199 200 201 202 206 207 208 213 214 220
234 240 241 246 247 248 210 253 254 255 216 217 260 261 262 222 223 224 267 268 269 228 229 230 231 273 274 275 235 236 237 238 278 279 280 242 243 244 245 282 283 284 249 250 251 252 285 286 11 256 257 258 259 287 16 17 263 264 265 266 22 23 24 270 271 272 1 29 30 31 276 277 2 3 36 37 38 281 4 5 6 43 44 45 7 8 9 10 50 51 52 12 13 14 15 57 58 59 18 19 20 21 64 65 66 25 26 27 28 71 72 73 32 33 34 35 78 79 80 39 40 41 42 85 86 87 46 47 48 49 92 93 94 53 54 55 56 99 100 101 60 61 62 63 106 107 108 67 68 69 70 113 114 115 74 75 76 77 120 121 122 81 82 83 84 127 128 129 88 89 90 91 134 135 136 95 96 97 98 141 142 143 102 103 104 105 148 149 150 109 110 111 112 155 156 157 116 117 118 119 162 163 164 123 124 125 126 169 170 171 130 131 132 133 176 177 178 137 138 139 140 183 184 185 144 145 146 147 190 191 192 151 152 153 154 197 198 199 158 159 160 161 204 205 206 165 166 167 168 211 212 213 172 173 174 175 218 219 220 179 180 181 182 225 226 227 186 187 188 189 232 233 193 194 195 196 239 200 201 202 203 207 208 209 214 215 221
235 241 242 247 248 249 253 254 255 256 217 260 261 262 263 223 224 267 268 269 270 229 230 231 273 274 275 276 236 237 238 278 279 280 281 243 244 245 282 283 284 7 250 251 252 285 286 11 12 257 258 259 287 16 17 18 264 265 266 22 23 24 25 271 272 1 29 30 31 32 277 2 3 36 37 38 39 4 5 6 43 44 45 46 8 9 10 50 51 52 53 13 14 15 57 58 59 60 19 20 21 64 65 66 67 26 27 28 71 72 73 74 33 34 35 78 79 80 81 40 41 42 85 86 87 88 47 48 49 92 93 94 95 54 55 56 99 100 101 102 61 62 63 106 107 108 109 68 69 70 113 114 115 116 75 76 77 120 121 122 123 82 83 84 127 128 129 130 89 90 91 134 135 136 137 96 97 98 141 142 143 144 103 104 105 148 149 150 151 110 111 112 155 156 157 158 117 118 119 162 163 164 165 124 125 126 169 170 171 172 131 132 133 176 177 178 179 138 139 140 183 184 185 186 145 146 147 190 191 192 193 152 153 154 197 198 199 200 159 160 161 204 205 206 207 166 167 168 211 212 213 214 173 174 175 218 219 220 221 180 181 182 225 226 227 228 187 188 189 232 233 234 194 195 196 239 240 201 202 203 246 208 209 210 215 216 222
236 242 243 248 249 250 254 255 256 257 260 261 262 263 264 224 267 268 269 270 271 230 231 273 274 275 276 277 237 238 278 279 280 281 4 244 245 282 283 284 7 8 251 252 285 286 11 12 13 258 259 287 16 17 18 19 265 266 22 23 24 25 26 272 1 29 30 31 32 33 2 3 36 37 38 39 40 5 6 43 44 45 46 47 9 10 50 51 52 53 54 14 15 57 58 59 60 61 20 21 64 65 66 67 68 27 28 71 72 73 74 75 34 35 78 79 80 81 82 41 42 85 86 87 88 89 48 49 92 93 94 95 96 55 56 99 100 101 102 103 62 63 106 107 108 109 110 69 70 113 114 115 116 117 76 77 120 121 122 123 124 83 84 127 128 129 130 131 90 91 134 135 136 137 138 97 98 141 142 143 144 145 104 105 148 149 150 151 152 111 112 155 156 157 158 159 118 119 162 163 164 165 166 125 126 169 170 171 172 173 132 133 176 177 178 179 180 139 140 183 184 185 186 187 146 147 190 191 192 193 194 153 154 197 198 199 200 201 160 161 204 205 206 207 208 167 168 211 212 213 214 215 174 175 218 219 220 221 222 181 182 225 226 227 228 229 188 189 232 233 234 235 195 196 239 240 241 202 203 246 247 209 210 253 216 217 223
237 243 244 249 250 251 255 256 257 258 261 262 263 264 265 267 268 269 270 271 272 231 273 274 275 276 277 2 238 278 279 280 281 4 5 245 282 283 284 7 8 9 252 285 286 11 12 13 14 259 287 16 17 18 19 20 266 22 23 24 25 26 27 1 29 30 31 32 33 34 3 36 37 38 39 40 41 6 43 44 45 46 47 48 10 50 51 52 53 54 55 15 57 58 59 60 61 62 21 64 65 66 67 68 69 28 71 72 73 74 75 76 35 78 79 80 81 82 83 42 85 86 87 88 89 90 49 92 93 94 95 96 97 56 99 100 101 102 103 104 63 106 107 108 109 110 111 70 113 114 115 116 117 118 77 120 121 122 123 124 125 84 127 128 129 130 131 132 91 134 135 136 137 138 139 98 141 142 143 144 145 146 105 148 149 150 151 152 153 112 155 156 157 158 159 160 119 162 163 164 165 166 167 126 169 170 171 172 173 174 133 176 177 178 179 180 181 140 183 184 185 186 187 188 147 190 191 192 193 194 195 154 197 198 199 200 201 202 161 204 205 206 207 208 209 168 211 212 213 214 215 216 175 218 219 220 221 222 223 182 225 226 227 228 229 230 189 232 233 234 235 236 196 239 240 241 242 203 246 247 248 210 253 254 217 260 224
238 244 245 250 251 252 256 257 258 259 262 263 264 265 266 268 269 270 271 272 1 273 274 275 276 277 2 3 278 279 280 281 4 5 6 282 283 284 7 8 9 10 285 286 11 12 13 14 15 287 16 17 18 19 20 21 22 23 24 25 26 27 28 29 30 31 32 33 34 35 36 37 38 39 40 41 42 43 44 45 46 47 48 49 50 51 52 53 54 55 56 57 58 59 60 61 62 63 64 65 66 67 68 69 70 71 72 73 74 75 76 77 78 79 80 81 82 83 84 85 86 87 88 89 90 91 92 93 94 95 96 97 98 99 100 101 102 103 104 105 106 107 108 109 110 111 112 113 114 115 116 117 118 119 120 121 122 123 124 125 126 127 128 129 130 131 132 133 134 135 136 137 138 139 140 141 142 143 144 145 146 147 148 149 150 151 152 153 154 155 156 157 158 159 160 161 162 163 164 165 166 167 168 169 170 171 172 173 174 175 176 177 178 179 180 181 182 183 184 185 186 187 188 189 190 191 192 193 194 195 196 197 198 199 200 201 202 203 204 205 206 207 208 209 210 211 212 213 214 215 216 217 218 219 220 221 222 223 224 225 226 227 228 229 230 231 232 233 234 235 236 237 239 240 241 242 243 246 247 248 249 253 254 255 260 261 267
239 203 246 209 210 253 215 216 217 260 221 222 223 224 267 227 228 229 230 231 273 233 234 235 236 237 238 278 240 241 242 243 244 245 282 247 248 249 250 251 252 285 254 255 256 257 258 259 287 261 262 263 264 265 266 22 268 269 270 271 272 1 29 274 275 276 277 2 3 36 279 280 281 4 5 6 43 283 284 7 8 9 10 50 286 11 12 13 14 15 57 16 17 18 19 20 21 64 23 24 25 26 27 28 71 30 31 32 33 34 35 78 37 38 39 40 41 42 85 44 45 46 47 48 49 92 51 52 53 54 55 56 99 58 59 60 61 62 63 106 65 66 67 68 69 70 113 72 73 74 75 76 77 120 79 80 81 82 83 84 127 86 87 88 89 90 91 134 93 94 95 96 97 98 141 100 101 102 103 104 105 148 107 108 109 110 111 112 155 114 115 116 117 118 119 162 121 122 123 124 125 126 169 128 129 130 131 132 133 176 135 136 137 138 139 140 183 142 143 144 145 146 147 190 149 150 151 152 153 154 197 156 157 158 159 160 161 204 163 164 165 166 167 168 211 170 171 172 173 174 175 218 177 178 179 180 181 182 225 184 185 186 187 188 189 232 191 192 193 194 195 196 198 199 200 201 202 205 206 207 208 212 213 214 219 220 226
240 246 247 210 253 254 216 217 260 261 222 223 224 267 268 228 229 230 231 273 274 234 235 236 237 238 278 279 241 242 243 244 245 282 283 248 249 250 251 252 285 286 255 256 257 258 259 287 16 262 263 264 265 266 22 23 269 270 271 272 1 29 30 275 276 277 2 3 36 37 280 281 4 5 6 43 44 284 7 8 9 10 50 51 11 12 13 14 15 57 58 17 18 19 20 21 64 65 24 25 26 27 28 71 72 31 32 33 34 35 78 79 38 39 40 41 42 85 86 45 46 47 48 49 92 93 52 53 54 55 56 99 100 59 60 61 62 63 106 107 66 67 68 69 70 113 114 73 74 75 76 77 120 121 80 81 82 83 84 127 128 87 88 89 90 91 134 135 94 95 96 97 98 141 142 101 102 103 104 105 148 149 108 109 110 111 112 155 156 115 116 117 118 119 162 163 122 123 124 125 126 169 170 129 130 131 132 133 176 177 136 137 138 139 140 183 184 143 144 145 146 147 190 191 150 151 152 153 154 197 198 157 158 159 160 161 204 205 164 165 166 167 168 211 212 171 172 173 174 175 218 219 178 179 180 181 182 225 226 185 186 187 188 189 232 233 192 193 194 195 196 239 199 200 201 202 203 206 207 208 209 213 214 215 220 221 227
241 247 248 253 254 255 217 260 261 262 223 224 267 268 269 229 230 231 273 274 275 235 236 237 238 278 279 280 242 243 244 245 282 283 284 249 250 251 252 285 286 11 256 257 258 259 287 16 17 263 264 265 266 22 23 24 270 271 272 1 29 30 31 276 277 2 3 36 37 38 281 4 5 6 43 44 45 7 8 9 10 50 51 52 12 13 14 15 57 58 59 18 19 20 21 64 65 66 25 26 27 28 71 72 73 32 33 34 35 78 79 80 39 40 41 42 85 86 87 46 47 48 49 92 93 94 53 54 55 56 99 100 101 60 61 62 63 106 107 108 67 68 69 70 113 114 115 74 75 76 77 120 121 122 81 82 83 84 127 128 129 88 89 90 91 134 135 136 95 96 97 98 141 142 143 102 103 104 105 148 149 150 109 110 111 112 155 156 157 116 117 118 119 162 163 164 123 124 125 126 169 170 171 130 131 132 133 176 177 178 137 138 139 140 183 184 185 144 145 146 147 190 191 192 151 152 153 154 197 198 199 158 159 160 161 204 205 206 165 166 167 168 211 212 213 172 173 174 175 218 219 220 179 180 181 182 225 226 227 186 187 188 189 232 233 234 193 194 195 196 239 240 200 201 202 203 246 207 208 209 210 214 215 216 221 222 228
242 248 249 254 255 256 260 261 262 263 224 267 268 269 270 230 231 273 274 275 276 236 237 238 278 279 280 281 243 244 245 282 283 284 7 250 251 252 285 286 11 12 257 258 259 287 16 17 18 264 265 266 22 23 24 25 271 272 1 29 30 31 32 277 2 3 36 37 38 39 4 5 6 43 44 45 46 8 9 10 50 51 52 53 13 14 15 57 58 59 60 19 20 21 64 65 66 67 26 27 28 71 72 73 74 33 34 35 78 79 80 81 40 41 42 85 86 87 88 47 48 49 92 93 94 95 54 55 56 99 100 101 102 61 62 63 106 107 108 109 68 69 70 113 114 115 116 75 76 77 120 121 122 123 82 83 84 127 128 129 130 89 90 91 134 135 136 137 96 97 98 141 142 143 144 103 104 105 148 149 150 151 110 111 112 155 156 157 158 117 118 119 162 163 164 165 124 125 126 169 170 171 172 131 132 133 176 177 178 179 138 139 140 183 184 185 186 145 146 147 190 191 192 193 152 153 154 197 198 199 200 159 160 161 204 205 206 207 166 167 168 211 212 213 214 173 174 175 218 219 220 221 180 181 182 225 226 227 228 187 188 189 232 233 234 235 194 195 196 239 240 241 201 202 203 246 247 208 209 210 253 215 216 217 222 223 229
243 249 250 255 256 257 261 262 263 264 267 268 269 270 271 231 273 274 275 276 277 237 238 278 279 280 281 4 244 245 282 283 284 7 8 251 252 285 286 11 12 13 258 259 287 16 17 18 19 265 266 22 23 24 25 26 272 1 29 30 31 32 33 2 3 36 37 38 39 40 5 6 43 44 45 46 47 9 10 50 51 52 53 54 14 15 57 58 59 60 61 20 21 64 65 66 67 68 27 28 71 72 73 74 75 34 35 78 79 80 81 82 41 42 85 86 87 88 89 48 49 92 93 94 95 96 55 56 99 100 101 102 103 62 63 106 107 108 109 110 69 70 113 114 115 116 117 76 77 120 121 122 123 124 83 84 127 128 129 130 131 90 91 134 135 136 137 138 97 98 141 142 143 144 145 104 105 148 149 150 151 152 111 112 155 156 157 158 159 118 119 162 163 164 165 166 125 126 169 170 171 172 173 132 133 176 177 178 179 180 139 140 183 184 185 186 187 146 147 190 191 192 193 194 153 154 197 198 199 200 201 160 161 204 205 206 207 208 167 168 211 212 213 214 215 174 175 218 219 220 221 222 181 182 225 226 227 228 229 188 189 232 233 234 235 236 195 196 239 240 241 242 202 203 246 247 248 209 210 253 254 216 217 260 223 224 230
244 250 251 256 257 258 262 263 264 265 268 269 270 271 272 273 274 275 276 277 2 238 278 279 280 281 4 5 245 282 283 284 7 8 9 252 285 286 11 12 13 14 259 287 16 17 18 19 20 266 22 23 24 25 26 27 1 29 30 31 32 33 34 3 36 37 38 39 40 41 6 43 44 45 46 47 48 10 50 51 52 53 54 55 15 57 58 59 60 61 62 21 64 65 66 67 68 69 28 71 72 73 74 75 76 35 78 79 80 81 82 83 42 85 86 87 88 89 90 49 92 93 94 95 96 97 56 99 100 101 102 103 104 63 106 107 108 109 110 111 70 113 114 115 116 117 118 77 120 121 122 123 124 125 84 127 128 129 130 131 132 91 134 135 136 137 138 139 98 141 142 143 144 145 146 105 148 149 150 151 152 153 112 155 156 157 158 159 160 119 162 163 164 165 166 167 126 169 170 171 172 173 174 133 176 177 178 179 180 181 140 183 184 185 186 187 188 147 190 191 192 193 194 195 154 197 198 199 200 201 202 161 204 205 206 207 208 209 168 211 212 213 214 215 216 175 218 219 220 221 222 223 182 225 226 227 228 229 230 189 232 233 234 235 236 237 196 239 240 241 242 243 203 246 247 248 249 210 253 254 255 217 260 261 224 267 231
245 251 252 257 258 259 263 264 265 266 269 270 271 272 1 274 275 276 277 2 3 278 279 280 281 4 5 6 282 283 284 7 8 9 10 285 286 11 12 13 14 15 287 16 17 18 19 20 21 22 23 24 25 26 27 28 29 30 31 32 33 34 35 36 37 38 39 40 41 42 43 44 45 46 47 48 49 50 51 52 53 54 55 56 57 58 59 60 61 62 63 64 65 66 67 68 69 70 71 72 73 74 75 76 77 78 79 80 81 82 83 84 85 86 87 88 89 90 91 92 93 94 95 96 97 98 99 100 101 102 103 104 105 106 107 108 109 110 111 112 113 114 115 116 117 118 119 120 121 122 123 124 125 126 127 128 129 130 131 132 133 134 135 136 137 138 139 140 141 142 143 144 145 146 147 148 149 150 151 152 153 154 155 156 157 158 159 160 161 162 163 164 165 166 167 168 169 170 171 172 173 174 175 176 177 178 179 180 181 182 183 184 185 186 187 188 189 190 191 192 193 194 195 196 197 198 199 200 201 202 203 204 205 206 207 208 209 210 211 212 213 214 215 216 217 218 219 220 221 222 223 224 225 226 227 228 229 230 231 232 233 234 235 236 237 238 239 240 241 242 243 244 246 247 248 249 250 253 254 255 256 260 261 262 267 268 273
246 210 253 216 217 260 222 223 224 267 228 229 230 231 273 234 235 236 237 238 278 240 241 242 243 244 245 282 247 248 249 250 251 252 285 254 255 256 257 258 259 287 261 262 263 264 265 266 22 268 269 270 271 272 1 29 274 275 276 277 2 3 36 279 280 281 4 5 6 43 283 284 7 8 9 10 50 286 11 12 13 14 15 57 16 17 18 19 20 21 64 23 24 25 26 27 28 71 30 31 32 33 34 35 78 37 38 39 40 41 42 85 44 45 46 47 48 49 92 51 52 53 54 55 56 99 58 59 60 61 62 63 106 65 66 67 68 69 70 113 72 73 74 75 76 77 120 79 80 81 82 83 84 127 86 87 88 89 90 91 134 93 94 95 96 97 98 141 100 101 102 103 104 105 148 107 108 109 110 111 112 155 114 115 116 117 118 119 162 121 122 123 124 125 126 169 128 129 130 131 132 133 176 135 136 137 138 139 140 183 142 143 144 145 146 147 190 149 150 151 152 153 154 197 156 157 158 159 160 161 204 163 164 165 166 167 168 211 170 171 172 173 174 175 218 177 178 179 180 181 182 225 184 185 186 187 188 189 232 191 192 193 194 195 196 239 198 199 200 201 202 203 205 206 207 208 209 212 213 214 215 219 220 221 226 227 233
247 253 254 217 260 261 223 224 267 268 229 230 231 273 274 235 236 237 238 278 279 241 242 243 244 245 282 283 248 249 250 251 252 285 286 255 256 257 258 259 287 16 262 263 264 265 266 22 23 269 270 271 272 1 29 30 275 276 277 2 3 36 37 280 281 4 5 6 43 44 284 7 8 9 10 50 51 11 12 13 14 15 57 58 17 18 19 20 21 64 65 24 25 26 27 28 71 72 31 32 33 34 35 78 79 38 39 40 41 42 85 86 45 46 47 48 49 92 93 52 53 54 55 56 99 100 59 60 61 62 63 106 107 66 67 68 69 70 113 114 73 74 75 76 77 120 121 80 81 82 83 84 127 128 87 88 89 90 91 134 135 94 95 96 97 98 141 142 101 102 103 104 105 148 149 108 109 110 111 112 155 156 115 116 117 118 119 162 163 122 123 124 125 126 169 170 129 130 131 132 133 176 177 136 137 138 139 140 183 184 143 144 145 146 147 190 191 150 151 152 153 154 197 198 157 158 159 160 161 204 205 164 165 166 167 168 211 212 171 172 173 174 175 218 219 178 179 180 181 182 225 226 185 186 187 188 189 232 233 192 193 194 195 196 239 240 199 200 201 202 203 246 206 207 208 209 210 213 214 215 216 220 221 222 227 228 234
248 254 255 260 261 262 224 267 268 269 230 231 273 274 275 236 237 238 278 279 280 242 243 244 245 282 283 284 249 250 251 252 285 286 11 256 257 258 259 287 16 17 263 264 265 266 22 23 24 270 271 272 1 29 30 31 276 277 2 3 36 37 38 281 4 5 6 43 44 45 7 8 9 10 50 51 52 12 13 14 15 57 58 59 18 19 20 21 64 65 66 25 26 27 28 71 72 73 32 33 34 35 78 79 80 39 40 41 42 85 86 87 46 47 48 49 92 93 94 53 54 55 56 99 100 101 60 61 62 63 106 107 108 67 68 69 70 113 114 115 74 75 76 77 120 121 122 81 82 83 84 127 128 129 88 89 90 91 134 135 136 95 96 97 98 141 142 143 102 103 104 105 148 149 150 109 110 111 112 155 156 157 116 117 118 119 162 163 164 123 124 125 126 169 170 171 130 131 132 133 176 177 178 137 138 139 140 183 184 185 144 145 146 147 190 191 192 151 152 153 154 197 198 199 158 159 160 161 204 205 206 165 166 167 168 211 212 213 172 173 174 175 218 219 220 179 180 181 182 225 226 227 186 187 188 189 232 233 234 193 194 195 196 239 240 241 200 201 202 203 246 247 207 208 209 210 253 214 215 216 217 221 222 223 228 229 235
249 255 256 261 262 263 267 268 269 270 231 273 274 275 276 237 238 278 279 280 281 243 244 245 282 283 284 7 250 251 252 285 286 11 12 257 258 259 287 16 17 18 264 265 266 22 23 24 25 271 272 1 29 30 31 32 277 2 3 36 37 38 39 4 5 6 43 44 45 46 8 9 10 50 51 52 53 13 14 15 57 58 59 60 19 20 21 64 65 66 67 26 27 28 71 72 73 74 33 34 35 78 79 80 81 40 41 42 85 86 87 88 47 48 49 92 93 94 95 54 55 56 99 100 101 102 61 62 63 106 107 108 109 68 69 70 113 114 115 116 75 76 77 120 121 122 123 82 83 84 127 128 129 130 89 90 91 134 135 136 137 96 97 98 141 142 143 144 103 104 105 148 149 150 151 110 111 112 155 156 157 158 117 118 119 162 163 164 165 124 125 126 169 170 171 172 131 132 133 176 177 178 179 138 139 140 183 184 185 186 145 146 147 190 191 192 193 152 153 154 197 198 199 200 159 160 161 204 205 206 207 166 167 168 211 212 213 214 173 174 175 218 219 220 221 180 181 182 225 226 227 228 187 188 189 232 233 234 235 194 195 196 239 240 241 242 201 202 203 246 247 248 208 209 210 253 254 215 216 217 260 222 223 224 229 230 236
250 256 257 262 263 264 268 269 270 271 273 274 275 276 277 238 278 279 280 281 4 244 245 282 283 284 7 8 251 252 285 286 11 12 13 258 259 287 16 17 18 19 265 266 22 23 24 25 26 272 1 29 30 31 32 33 2 3 36 37 38 39 40 5 6 43 44 45 46 47 9 10 50 51 52 53 54 14 15 57 58 59 60 61 20 21 64 65 66 67 68 27 28 71 72 73 74 75 34 35 78 79 80 81 82 41 42 85 86 87 88 89 48 49 92 93 94 95 96 55 56 99 100 101 102 103 62 63 106 107 108 109 110 69 70 113 114 115 116 117 76 77 120 121 122 123 124 83 84 127 128 129 130 131 90 91 134 135 136 137 138 97 98 141 142 143 144 145 104 105 148 149 150 151 152 111 112 155 156 157 158 159 118 119 162 163 164 165 166 125 126 169 170 171 172 173 132 133 176 177 178 179 180 139 140 183 184 185 186 187 146 147 190 191 192 193 194 153 154 197 198 199 200 201 160 161 204 205 206 207 208 167 168 211 212 213 214 215 174 175 218 219 220 221 222 181 182 225 226 227 228 229 188 189 232 233 234 235 236 195 196 239 240 241 242 243 202 203 246 247 248 249 209 210 253 254 255 216 217 260 261 223 224 267 230 231 237
251 257 258 263 264 265 269 270 271 272 274 275 276 277 2 278 279 280 281 4 5 245 282 283 284 7 8 9 252 285 286 11 12 13 14 259 287 16 17 18 19 20 266 22 23 24 25 26 27 1 29 30 31 32 33 34 3 36 37 38 39 40 41 6 43 44 45 46 47 48 10 50 51 52 53 54 55 15 57 58 59 60 61 62 21 64 65 66 67 68 69 28 71 72 73 74 75 76 35 78 79 80 81 82 83 42 85 86 87 88 89 90 49 92 93 94 95 96 97 56 99 100 101 102 103 104 63 106 107 108 109 110 111 70 113 114 115 116 117 118 77 120 121 122 123 124 125 84 127 128 129 130 131 132 91 134 135 136 137 138 139 98 141 142 143 144 145 146 105 148 149 150 151 152 153 112 155 156 157 158 159 160 119 162 163 164 165 166 167 126 169 170 171 172 173 174 133 176 177 178 179 180 181 140 183 184 185 186 187 188 147 190 191 192 193 194 195 154 197 198 199 200 201 202 161 204 205 206 207 208 209 168 211 212 213 214 215 216 175 218 219 220 221 222 223 182 225 226 227 228 229 230 189 232 233 234 235 236 237 196 239 240 241 242 243 244 203 246 247 248 249 250 210 253 254 255 256 217 260 261 262 224 267 268 231 273 238
252 258 259 264 265 266 270 271 272 1 275 276 277 2 3 279 280 281 4 5 6 282 283 284 7 8 9 10 285 286 11 12 13 14 15 287 16 17 18 19 20 21 22 23 24 25 26 27 28 29 30 31 32 33 34 35 36 37 38 39 40 41 42 43 44 45 46 47 48 49 50 51 52 53 54 55 56 57 58 59 60 61 62 63 64 65 66 67 68 69 70 71 72 73 74 75 76 77 78 79 80 81 82 83 84 85 86 87 88 89 90 91 92 93 94 95 96 97 98 99 100 101 102 103 104 105 106 107 108 109 110 111 112 113 114 115 116 117 118 119 120 121 122 123 124 125 126 127 128 129 130 131 132 133 134 135 136 137 138 139 140 141 142 143 144 145 146 147 148 149 150 151 152 153 154 155 156 157 158 159 160 161 162 163 164 165 166 167 168 169 170 171 172 173 174 175 176 177 178 179 180 181 182 183 184 185 186 187 188 189 190 191 192 193 194 195 196 197 198 199 200 201 202 203 204 205 206 207 208 209 210 211 212 213 214 215 216 217 218 219 220 221 222 223 224 225 226 227 228 229 230 231 232 233 234 235 236 237 238 239 240 241 242 243 244 245 246 247 248 249 250 251 253 254 255 256 257 260 261 262 263 267 268 269 273 274 278
253 217 260 223 224 267 229 230 231 273 235 236 237 238 278 241 242 243 244 245 282 247 248 249 250 251 252 285 254 255 256 257 258 259 287 261 262 263 264 265 266 22 268 269 270 271 272 1 29 274 275 276 277 2 3 36 279 280 281 4 5 6 43 283 284 7 8 9 10 50 286 11 12 13 14 15 57 16 17 18 19 20 21 64 23 24 25 26 27 28 71 30 31 32 33 34 35 78 37 38 39 40 41 42 85 44 45 46 47 48 49 92 51 52 53 54 55 56 99 58 59 60 61 62 63 106 65 66 67 68 69 70 113 72 73 74 75 76 77 120 79 80 81 82 83 84 127 86 87 88 89 90 91 134 93 94 95 96 97 98 141 100 101 102 103 104 105 148 107 108 109 110 111 112 155 114 115 116 117 118 119 162 121 122 123 124 125 126 169 128 129 130 131 132 133 176 135 136 137 138 139 140 183 142 143 144 145 146 147 190 149 150 151 152 153 154 197 156 157 158 159 160 161 204 163 164 165 166 167 168 211 170 171 172 173 174 175 218 177 178 179 180 181 182 225 184 185 186 187 188 189 232 191 192 193 194 195 196 239 198 199 200 201 202 203 246 205 206 207 208 209 210 212 213 214 215 216 219 220 221 222 226 227 228 233 234 240
254 260 261 224 267 268 230 231 273 274 236 237 238 278 279 242 243 244 245 282 283 248 249 250 251 252 285 286 255 256 257 258 259 287 16 262 263 264 265 266 22 23 269 270 271 272 1 29 30 275 276 277 2 3 36 37 280 281 4 5 6 43 44 284 7 8 9 10 50 51 11 12 13 14 15 57 58 17 18 19 20 21 64 65 24 25 26 27 28 71 72 31 32 33 34 35 78 79 38 39 40 41 42 85 86 45 46 47 48 49 92 93 52 53 54 55 56 99 100 59 60 61 62 63 106 107 66 67 68 69 70 113 114 73 74 75 76 77 120 121 80 81 82 83 84 127 128 87 88 89 90 91 134 135 94 95 96 97 98 141 142 101 102 103 104 105 148 149 108 109 110 111 112 155 156 115 116 117 118 119 162 163 122 123 124 125 126 169 170 129 130 131 132 133 176 177 136 137 138 139 140 183 184 143 144 145 146 147 190 191 150 151 152 153 154 197 198 157 158 159 160 161 204 205 164 165 166 167 168 211 212 171 172 173 174 175 218 219 178 179 180 181 182 225 226 185 186 187 188 189 232 233 192 193 194 195 196 239 240 199 200 201 202 203 246 247 206 207 208 209 210 253 213 214 215 216 217 220 221 222 223 227 228 229 234 235 241
255 261 262 267 268 269 231 273 274 275 237 238 278 279 280 243 244 245 282 283 284 249 250 251 252 285 286 11 256 257 258 259 287 16 17 263 264 265 266 22 23 24 270 271 272 1 29 30 31 276 277 2 3 36 37 38 281 4 5 6 43 44 45 7 8 9 10 50 51 52 12 13 14 15 57 58 59 18 19 20 21 64 65 66 25 26 27 28 71 72 73 32 33 34 35 78 79 80 39 40 41 42 85 86 87 46 47 48 49 92 93 94 53 54 55 56 99 100 101 60 61 62 63 106 107 108 67 68 69 70 113 114 115 74 75 76 77 120 121 122 81 82 83 84 127 128 129 88 89 90 91 134 135 136 95 96 97 98 141 142 143 102 103 104 105 148 149 150 109 110 111 112 155 156 157 116 117 118 119 162 163 164 123 124 125 126 169 170 171 130 131 132 133 176 177 178 137 138 139 140 183 184 185 144 145 146 147 190 191 192 151 152 153 154 197 198 199 158 159 160 161 204 205 206 165 166 167 168 211 212 213 172 173 174 175 218 219 220 179 180 181 182 225 226 227 186 187 188 189 232 233 234 193 194 195 196 239 240 241 200 201 202 203 246 247 248 207 208 209 210 253 254 214 215 216 217 260 221 222 223 224 228 229 230 235 236 242
256 262 263 268 269 270 273 274 275 276 238 278 279 280 281 244 245 282 283 284 7 250 251 252 285 286 11 12 257 258 259 287 16 17 18 264 265 266 22 23 24 25 271 272 1 29 30 31 32 277 2 3 36 37 38 39 4 5 6 43 44 45 46 8 9 10 50 51 52 53 13 14 15 57 58 59 60 19 20 21 64 65 66 67 26 27 28 71 72 73 74 33 34 35 78 79 80 81 40 41 42 85 86 87 88 47 48 49 92 93 94 95 54 55 56 99 100 101 102 61 62 63 106 107 108 109 68 69 70 113 114 115 116 75 76 77 120 121 122 123 82 83 84 127 128 129 130 89 90 91 134 135 136 137 96 97 98 141 142 143 144 103 104 105 148 149 150 151 110 111 112 155 156 157 158 117 118 119 162 163 164 165 124 125 126 169 170 171 172 131 132 133 176 177 178 179 138 139 140 183 184 185 186 145 146 147 190 191 192 193 152 153 154 197 198 199 200 159 160 161 204 205 206 207 166 167 168 211 212 213 214 173 174 175 218 219 220 221 180 181 182 225 226 227 228 187 188 189 232 233 234 235 194 195 196 239 240 241 242 201 202 203 246 247 248 249 208 209 210 253 254 255 215 216 217 260 261 222 223 224 267 229 230 231 236 237 243
257 263 264 269 270 271 274 275 276 277 278 279 280 281 4 245 282 283 284 7 8 251 252 285 286 11 12 13 258 259 287 16 17 18 19 265 266 22 23 24 25 26 272 1 29 30 31 32 33 2 3 36 37 38 39 40 5 6 43 44 45 46 47 9 10 50 51 52 53 54 14 15 57 58 59 60 61 20 21 64 65 66 67 68 27 28 71 72 73 74 75 34 35 78 79 80 81 82 41 42 85 86 87 88 89 48 49 92 93 94 95 96 55 56 99 100 101 102 103 62 63 106 107 108 109 110 69 70 113 114 115 116 117 76 77 120 121 122 123 124 83 84 127 128 129 130 131 90 91 134 135 136 137 138 97 98 141 142 143 144 145 104 105 148 149 150 151 152 111 112 155 156 157 158 159 118 119 162 163 164 165 166 125 126 169 170 171 172 173 132 133 176 177 178 179 180 139 140 183 184 185 186 187 146 147 190 191 192 193 194 153 154 197 198 199 200 201 160 161 204 205 206 207 208 167 168 211 212 213 214 215 174 175 218 219 220 221 222 181 182 225 226 227 228 229 188 189 232 233 234 235 236 195 196 239 240 241 242 243 202 203 246 247 248 249 250 209 210 253 254 255 256 216 217 260 261 262 223 224 267 268 230 231 273 237 238 244
258 264 265 270 271 272 275 276 277 2 279 280 281 4 5 282 283 284 7 8 9 252 285 286 11 12 13 14 259 287 16 17 18 19 20 266 22 23 24 25 26 27 1 29 30 31 32 33 34 3 36 37 38 39 40 41 6 43 44 45 46 47 48 10 50 51 52 53 54 55 15 57 58 59 60 61 62 21 64 65 66 67 68 69 28 71 72 73 74 75 76 35 78 79 80 81 82 83 42 85 86 87 88 89 90 49 92 93 94 95 96 97 56 99 100 101 102 103 104 63 106 107 108 109 110 111 70 113 114 115 116 117 118 77 120 121 122 123 124 125 84 127 128 129 130 131 132 91 134 135 136 137 138 139 98 141 142 143 144 145 146 105 148 149 150 151 152 153 112 155 156 157 158 159 160 119 162 163 164 165 166 167 126 169 170 171 172 173 174 133 176 177 178 179 180 181 140 183 184 185 186 187 188 147 190 191 192 193 194 195 154 197 198 199 200 201 202 161 204 205 206 207 208 209 168 211 212 213 214 215 216 175 218 219 220 221 222 223 182 225 226 227 228 229 230 189 232 233 234 235 236 237 196 239 240 241 242 243 244 203 246 247 248 249 250 251 210 253 254 255 256 257 217 260 261 262 263 224 267 268 269 231 273 274 238 278 245
259 265 266 271 272 1 276 277 2 3 280 281 4 5 6 283 284 7 8 9 10 285 286 11 12 13 14 15 287 16 17 18 19 20 21 22 23 24 25 26 27 28 29 30 31 32 33 34 35 36 37 38 39 40 41 42 43 44 45 46 47 48 49 50 51 52 53 54 55 56 57 58 59 60 61 62 63 64 65 66 67 68 69 70 71 72 73 74 75 76 77 78 79 80 81 82 83 84 85 86 87 88 89 90 91 92 93 94 95 96 97 98 99 100 101 102 103 104 105 106 107 108 109 110 111 112 113 114 115 116 117 118 119 120 121 122 123 124 125 126 127 128 129 130 131 132 133 134 135 136 137 138 139 140 141 142 143 144 145 146 147 148 149 150 151 152 153 154 155 156 157 158 159 160 161 162 163 164 165 166 167 168 169 170 171 172 173 174 175 176 177 178 179 180 181 182 183 184 185 186 187 188 189 190 191 192 193 194 195 196 197 198 199 200 201 202 203 204 205 206 207 208 209 210 211 212 213 214 215 216 217 218 219 220 221 222 223 224 225 226 227 228 229 230 231 232 233 234 235 236 237 238 239 240 241 242 243 244 245 246 247 248 249 250 251 252 253 254 255 256 257 258 260 261 262 263 264 267 268 269 270 273 274 275 278 279 282
260 224 267 230 231 273 236 237 238 278 242 243 244 245 282 248 249 250 251 252 285 254 255 256 257 258 259 287 261 262 263 264 265 266 22 268 269 270 271 272 1 29 274 275 276 277 2 3 36 279 280 281 4 5 6 43 283 284 7 8 9 10 50 286 11 12 13 14 15 57 16 17 18 19 20 21 64 23 24 25 26 27 28 71 30 31 32 33 34 35 78 37 38 39 40 41 42 85 44 45 46 47 48 49 92 51 52 53 54 55 56 99 58 59 60 61 62 63 106 65 66 67 68 69 70 113 72 73 74 75 76 77 120 79 80 81 82 83 84 127 86 87 88 89 90 91 134 93 94 95 96 97 98 141 100 101 102 103 104 105 148 107 108 109 110 111 112 155 114 115 116 117 118 119 162 121 122 123 124 125 126 169 128 129 130 131 132 133 176 135 136 137 138 139 140 183 142 143 144 145 146 147 190 149 150 151 152 153 154 197 156 157 158 159 160 161 204 163 164 165 166 167 168 211 170 171 172 173 174 175 218 177 178 179 180 181 182 225 184 185 186 187 188 189 232 191 192 193 194 195 196 239 198 199 200 201 202 203 246 205 206 207 208 209 210 253 212 213 214 215 216 217 219 220 221 222 223 226 227 228 229 233 234 235 240 241 247
261 267 268 231 273 274 237 238 278 279 243 244 245 282 283 249 250 251 252 285 286 255 256 257 258 259 287 16 262 263 264 265 266 22 23 269 270 271 272 1 29 30 275 276 277 2 3 36 37 280 281 4 5 6 43 44 284 7 8 9 10 50 51 11 12 13 14 15 57 58 17 18 19 20 21 64 65 24 25 26 27 28 71 72 31 32 33 34 35 78 79 38 39 40 41 42 85 86 45 46 47 48 49 92 93 52 53 54 55 56 99 100 59 60 61 62 63 106 107 66 67 68 69 70 113 114 73 74 75 76 77 120 121 80 81 82 83 84 127 128 87 88 89 90 91 134 135 94 95 96 97 98 141 142 101 102 103 104 105 148 149 108 109 110 111 112 155 156 115 116 117 118 119 162 163 122 123 124 125 126 169 170 129 130 131 132 133 176 177 136 137 138 139 140 183 184 143 144 145 146 147 190 191 150 151 152 153 154 197 198 157 158 159 160 161 204 205 164 165 166 167 168 211 212 171 172 173 174 175 218 219 178 179 180 181 182 225 226 185 186 187 188 189 232 233 192 193 194 195 196 239 240 199 200 201 202 203 246 247 206 207 208 209 210 253 254 213 214 215 216 217 260 220 221 222 223 224 227 228 229 230 234 235 236 241 242 248
262 268 269 273 274 275 238 278 279 280 244 245 282 283 284 250 251 252 285 286 11 256 257 258 259 287 16 17 263 264 265 266 22 23 24 270 271 272 1 29 30 31 276 277 2 3 36 37 38 281 4 5 6 43 44 45 7 8 9 10 50 51 52 12 13 14 15 57 58 59 18 19 20 21 64 65 66 25 26 27 28 71 72 73 32 33 34 35 78 79 80 39 40 41 42 85 86 87 46 47 48 49 92 93 94 53 54 55 56 99 100 101 60 61 62 63 106 107 108 67 68 69 70 113 114 115 74 75 76 77 120 121 122 81 82 83 84 127 128 129 88 89 90 91 134 135 136 95 96 97 98 141 142 143 102 103 104 105 148 149 150 109 110 111 112 155 156 157 116 117 118 119 162 163 164 123 124 125 126 169 170 171 130 131 132 133 176 177 178 137 138 139 140 183 184 185 144 145 146 147 190 191 192 151 152 153 154 197 198 199 158 159 160 161 204 205 206 165 166 167 168 211 212 213 172 173 174 175 218 219 220 179 180 181 182 225 226 227 186 187 188 189 232 233 234 193 194 195 196 239 240 241 200 201 202 203 246 247 248 207 208 209 210 253 254 255 214 215 216 217 260 261 221 222 223 224 267 228 229 230 231 235 236 237 242 243 249
263 269 270 274 275 276 278 279 280 281 245 282 283 284 7 251 252 285 286 11 12 257 258 259 287 16 17 18 264 265 266 22 23 24 25 271 272 1 29 30 31 32 277 2 3 36 37 38 39 4 5 6 43 44 45 46 8 9 10 50 51 52 53 13 14 15 57 58 59 60 19 20 21 64 65 66 67 26 27 28 71 72 73 74 33 34 35 78 79 80 81 40 41 42 85 86 87 88 47 48 49 92 93 94 95 54 55 56 99 100 101 102 61 62 63 106 107 108 109 68 69 70 113 114 115 116 75 76 77 120 121 122 123 82 83 84 127 128 129 130 89 90 91 134 135 136 137 96 97 98 141 142 143 144 103 104 105 148 149 150 151 110 111 112 155 156 157 158 117 118 119 162 163 164 165 124 125 126 169 170 171 172 131 132 133 176 177 178 179 138 139 140 183 184 185 186 145 146 147 190 191 192 193 152 153 154 197 198 199 200 159 160 161 204 205 206 207 166 167 168 211 212 213 214 173 174 175 218 219 220 221 180 181 182 225 226 227 228 187 188 189 232 233 234 235 194 195 196 239 240 241 242 201 202 203 246 247 248 249 208 209 210 253 254 255 256 215 216 217 260 261 262 222 223 224 267 268 229 230 231 273 236 237 238 243 244 250
264 270 271 275 276 277 279 280 281 4 282 283 284 7 8 252 285 286 11 12 13 258 259 287 16 17 18 19 265 266 22 23 24 25 26 272 1 29 30 31 32 33 2 3 36 37 38 39 40 5 6 43 44 45 46 47 9 10 50 51 52 53 54 14 15 57 58 59 60 61 20 21 64 65 66 67 68 27 28 71 72 73 74 75 34 35 78 79 80 81 82 41 42 85 86 87 88 89 48 49 92 93 94 95 96 55 56 99 100 101 102 103 62 63 106 107 108 109 110 69 70 113 114 115 116 117 76 77 120 121 122 123 124 83 84 127 128 129 130 131 90 91 134 135 136 137 138 97 98 141 142 143 144 145 104 105 148 149 150 151 152 111 112 155 156 157 158 159 118 119 162 163 164 165 166 125 126 169 170 171 172 173 132 133 176 177 178 179 180 139 140 183 184 185 186 187 146 147 190 191 192 193 194 153 154 197 198 199 200 201 160 161 204 205 206 207 208 167 168 211 212 213 214 215 174 175 218 219 220 221 222 181 182 225 226 227 228 229 188 189 232 233 234 235 236 195 196 239 240 241 242 243 202 203 246 247 248 249 250 209 210 253 254 255 256 257 216 217 260 261 262 263 223 224 267 268 269 230 231 273 274 237 238 278 244 245 251
265 271 272 276 277 2 280 281 4 5 283 284 7 8 9 285 286 11 12 13 14 259 287 16 17 18 19 20 266 22 23 24 25 26 27 1 29 30 31 32 33 34 3 36 37 38 39 40 41 6 43 44 45 46 47 48 10 50 51 52 53 54 55 15 57 58 59 60 61 62 21 64 65 66 67 68 69 28 71 72 73 74 75 76 35 78 79 80 81 82 83 42 85 86 87 88 89 90 49 92 93 94 95 96 97 56 99 100 101 102 103 104 63 106 107 108 109 110 111 70 113 114 115 116 117 118 77 120 121 122 123 124 125 84 127 128 129 130 131 132 91 134 135 136 137 138 139 98 141 142 143 144 145 146 105 148 149 150 151 152 153 112 155 156 157 158 159 160 119 162 163 164 165 166 167 126 169 170 171 172 173 174 133 176 177 178 179 180 181 140 183 184 185 186 187 188 147 190 191 192 193 194 195 154 197 198 199 200 201 202 161 204 205 206 207 208 209 168 211 212 213 214 215 216 175 218 219 220 221 222 223 182 225 226 227 228 229 230 189 232 233 234 235 236 237 196 239 240 241 242 243 244 203 246 247 248 249 250 251 210 253 254 255 256 257 258 217 260 261 262 263 264 224 267 268 269 270 231 273 274 275 238 278 279 245 282 252
266 272 1 277 2 3 281 4 5 6 284 7 8 9 10 286 11 12 13 14 15 287 16 17 18 19 20 21 22 23 24 25 26 27 28 29 30 31 32 33 34 35 36 37 38 39 40 41 42 43 44 45 46 47 48 49 50 51 52 53 54 55 56 57 58 59 60 61 62 63 64 65 66 67 68 69 70 71 72 73 74 75 76 77 78 79 80 81 82 83 84 85 86 87 88 89 90 91 92 93 94 95 96 97 98 99 100 101 102 103 104 105 106 107 108 109 110 111 112 113 114 115 116 117 118 119 120 121 122 123 124 125 126 127 128 129 130 131 132 133 134 135 136 137 138 139 140 141 142 143 144 145 146 147 148 149 150 151 152 153 154 155 156 157 158 159 160 161 162 163 164 165 166 167 168 169 170 171 172 173 174 175 176 177 178 179 180 181 182 183 184 185 186 187 188 189 190 191 192 193 194 195 196 197 198 199 200 201 202 203 204 205 206 207 208 209 210 211 212 213 214 215 216 217 218 219 220 221 222 223 224 225 226 227 228 229 230 231 232 233 234 235 236 237 238 239 240 241 242 243 244 245 246 247 248 249 250 251 252 253 254 255 256 257 258 259 260 261 262 263 264 265 267 268 269 270 271 273 274 275 276 278 279 280 282 283 285
267 231 273 237 238 278 243 244 245 282 249 250 251 252 285 255 256 257 258 259 287 261 262 263 264 265 266 22 268 269 270 271 272 1 29 274 275 276 277 2 3 36 279 280 281 4 5 6 43 283 284 7 8 9 10 50 286 11 12 13 14 15 57 16 17 18 19 20 21 64 23 24 25 26 27 28 71 30 31 32 33 34 35 78 37 38 39 40 41 42 85 44 45 46 47 48 49 92 51 52 53 54 55 56 99 58 59 60 61 62 63 106 65 66 67 68 69 70 113 72 73 74 75 76 77 120 79 80 81 82 83 84 127 86 87 88 89 90 91 134 93 94 95 96 97 98 141 100 101 102 103 104 105 148 107 108 109 110 111 112 155 114 115 116 117 118 119 162 121 122 123 124 125 126 169 128 129 130 131 132 133 176 135 136 137 138 139 140 183 142 143 144 145 146 147 190 149 150 151 152 153 154 197 156 157 158 159 160 161 204 163 164 165 166 167 168 211 170 171 172 173 174 175 218 177 178 179 180 181 182 225 184 185 186 187 188 189 232 191 192 193 194 195 196 239 198 199 200 201 202 203 246 205 206 207 208 209 210 253 212 213 214 215 216 217 260 219 220 221 222 223 224 226 227 228 229 230 233 234 235 236 240 241 242 247 248 254
268 273 274 238 278 279 244 245 282 283 250 251 252 285 286 256 257 258 259 287 16 262 263 264 265 266 22 23 269 270 271 272 1 29 30 275 276 277 2 3 36 37 280 281 4 5 6 43 44 284 7 8 9 10 50 51 11 12 13 14 15 57 58 17 18 19 20 21 64 65 24 25 26 27 28 71 72 31 32 33 34 35 78 79 38 39 40 41 42 85 86 45 46 47 48 49 92 93 52 53 54 55 56 99 100 59 60 61 62 63 106 107 66 67 68 69 70 113 114 73 74 75 76 77 120 121 80 81 82 83 84 127 128 87 88 89 90 91 134 135 94 95 96 97 98 141 142 101 102 103 104 105 148 149 108 109 110 111 112 155 156 115 116 117 118 119 162 163 122 123 124 125 126 169 170 129 130 131 132 133 176 177 136 137 138 139 140 183 184 143 144 145 146 147 190 191 150 151 152 153 154 197 198 157 158 159 160 161 204 205 164 165 166 167 168 211 212 171 172 173 174 175 218 219 178 179 180 181 182 225 226 185 186 187 188 189 232 233 192 193 194 195 196 239 240 199 200 201 202 203 246 247 206 207 208 209 210 253 254 213 214 215 216 217 260 261 220 221 222 223 224 267 227 228 229 230 231 234 235 236 237 241 242 243 248 249 255
269 274 275 278 279 280 245 282 283 284 251 252 285 286 11 257 258 259 287 16 17 263 264 265 266 22 23 24 270 271 272 1 29 30 31 276 277 2 3 36 37 38 281 4 5 6 43 44 45 7 8 9 10 50 51 52 12 13 14 15 57 58 59 18 19 20 21 64 65 66 25 26 27 28 71 72 73 32 33 34 35 78 79 80 39 40 41 42 85 86 87 46 47 48 49 92 93 94 53 54 55 56 99 100 101 60 61 62 63 106 107 108 67 68 69 70 113 114 115 74 75 76 77 120 121 122 81 82 83 84 127 128 129 88 89 90 91 134 135 136 95 96 97 98 141 142 143 102 103 104 105 148 149 150 109 110 111 112 155 156 157 116 117 118 119 162 163 164 123 124 125 126 169 170 171 130 131 132 133 176 177 178 137 138 139 140 183 184 185 144 145 146 147 190 191 192 151 152 153 154 197 198 199 158 159 160 161 204 205 206 165 166 167 168 211 212 213 172 173 174 175 218 219 220 179 180 181 182 225 226 227 186 187 188 189 232 233 234 193 194 195 196 239 240 241 200 201 202 203 246 247 248 207 208 209 210 253 254 255 214 215 216 217 260 261 262 221 222 223 224 267 268 228 229 230 231 273 235 236 237 238 242 243 244 249 250 256
270 275 276 279 280 281 282 283 284 7 252 285 286 11 12 258 259 287 16 17 18 264 265 266 22 23 24 25 271 272 1 29 30 31 32 277 2 3 36 37 38 39 4 5 6 43 44 45 46 8 9 10 50 51 52 53 13 14 15 57 58 59 60 19 20 21 64 65 66 67 26 27 28 71 72 73 74 33 34 35 78 79 80 81 40 41 42 85 86 87 88 47 48 49 92 93 94 95 54 55 56 99 100 101 102 61 62 63 106 107 108 109 68 69 70 113 114 115 116 75 76 77 120 121 122 123 82 83 84 127 128 129 130 89 90 91 134 135 136 137 96 97 98 141 142 143 144 103 104 105 148 149 150 151 110 111 112 155 156 157 158 117 118 119 162 163 164 165 124 125 126 169 170 171 172 131 132 133 176 177 178 179 138 139 140 183 184 185 186 145 146 147 190 191 192 193 152 153 154 197 198 199 200 159 160 161 204 205 206 207 166 167 168 211 212 213 214 173 174 175 218 219 220 221 180 181 182 225 226 227 228 187 188 189 232 233 234 235 194 195 196 239 240 241 242 201 202 203 246 247 248 249 208 209 210 253 254 255 256 215 216 217 260 261 262 263 222 223 224 267 268 269 229 230 231 273 274 236 237 238 278 243 244 245 250 251 257
271 276 277 280 281 4 283 284 7 8 285 286 11 12 13 259 287 16 17 18 19 265 266 22 23 24 25 26 272 1 29 30 31 32 33 2 3 36 37 38 39 40 5 6 43 44 45 46 47 9 10 50 51 52 53 54 14 15 57 58 59 60 61 20 21 64 65 66 67 68 27 28 71 72 73 74 75 34 35 78 79 80 81 82 41 42 85 86 87 88 89 48 49 92 93 94 95 96 55 56 99 100 101 102 103 62 63 106 107 108 109 110 69 70 113 114 115 116 117 76 77 120 121 122 123 124 83 84 127 128 129 130 131 90 91 134 135 136 137 138 97 98 141 142 143 144 145 104 105 148 149 150 151 152 111 112 155 156 157 158 159 118 119 162 163 164 165 166 125 126 169 170 171 172 173 132 133 176 177 178 179 180 139 140 183 184 185 186 187 146 147 190 191 192 193 194 153 154 197 198 199 200 201 160 161 204 205 206 207 208 167 168 211 212 213 214 215 174 175 218 219 220 221 222 181 182 225 226 227 228 229 188 189 232 233 234 235 236 195 196 239 240 241 242 243 202 203 246 247 248 249 250 209 210 253 254 255 256 257 216 217 260 261 262 263 264 223 224 267 268 269 270 230 231 273 274 275 237 238 278 279 244 245 282 251 252 258
272 277 2 281 4 5 284 7 8 9 286 11 12 13 14 287 16 17 18 19 20 266 22 23 24 25 26 27 1 29 30 31 32 33 34 3 36 37 38 39 40 41 6 43 44 45 46 47 48 10 50 51 52 53 54 55 15 57 58 59 60 61 62 21 64 65 66 67 68 69 28 71 72 73 74 75 76 35 78 79 80 81 82 83 42 85 86 87 88 89 90 49 92 93 94 95 96 97 56 99 100 101 102 103 104 63 106 107 108 109 110 111 70 113 114 115 116 117 118 77 120 121 122 123 124 125 84 127 128 129 130 131 132 91 134 135 136 137 138 139 98 141 142 143 144 145 146 105 148 149 150 151 152 153 112 155 156 157 158 159 160 119 162 163 164 165 166 167 126 169 170 171 172 173 174 133 176 177 178 179 180 181 140 183 184 185 186 187 188 147 190 191 192 193 194 195 154 197 198 199 200 201 202 161 204 205 206 207 208 209 168 211 212 213 214 215 216 175 218 219 220 221 222 223 182 225 226 227 228 229 230 189 232 233 234 235 236 237 196 239 240 241 242 243 244 203 246 247 248 249 250 251 210 253 254 255 256 257 258 217 260 261 262 263 264 265 224 267 268 269 270 271 231 273 274 275 276 238 278 279 280 245 282 283 252 285 259
273 238 278 244 245 282 250 251 252 285 256 257 258 259 287 262 263 264 265 266 22 268 269 270 271 272 1 29 274 275 276 277 2 3 36 279 280 281 4 5 6 43 283 284 7 8 9 10 50 286 11 12 13 14 15 57 16 17 18 19 20 21 64 23 24 25 26 27 28 71 30 31 32 33 34 35 78 37 38 39 40 41 42 85 44 45 46 47 48 49 92 51 52 53 54 55 56 99 58 59 60 61 62 63 106 65 66 67 68 69 70 113 72 73 74 75 76 77 120 79 80 81 82 83 84 127 86 87 88 89 90 91 134 93 94 95 96 97 98 141 100 101 102 103 104 105 148 107 108 109 110 111 112 155 114 115 116 117 118 119 162 121 122 123 124 125 126 169 128 129 130 131 132 133 176 135 136 137 138 139 140 183 142 143 144 145 146 147 190 149 150 151 152 153 154 197 156 157 158 159 160 161 204 163 164 165 166 167 168 211 170 171 172 173 174 175 218 177 178 179 180 181 182 225 184 185 186 187 188 189 232 191 192 193 194 195 196 239 198 199 200 201 202 203 246 205 206 207 208 209 210 253 212 213 214 215 216 217 260 219 220 221 222 223 224 267 226 227 228 229 230 231 233 234 235 236 237 240 241 242 243 247 248 249 254 255 261
274 278 279 245 282 283 251 252 285 286 257 258 259 287 16 263 264 265 266 22 23 269 270 271 272 1 29 30 275 276 277 2 3 36 37 280 281 4 5 6 43 44 284 7 8 9 10 50 51 11 12 13 14 15 57 58 17 18 19 20 21 64 65 24 25 26 27 28 71 72 31 32 33 34 35 78 79 38 39 40 41 42 85 86 45 46 47 48 49 92 93 52 53 54 55 56 99 100 59 60 61 62 63 106 107 66 67 68 69 70 113 114 73 74 75 76 77 120 121 80 81 82 83 84 127 128 87 88 89 90 91 134 135 94 95 96 97 98 141 142 101 102 103 104 105 148 149 108 109 110 111 112 155 156 115 116 117 118 119 162 163 122 123 124 125 126 169 170 129 130 131 132 133 176 177 136 137 138 139 140 183 184 143 144 145 146 147 190 191 150 151 152 153 154 197 198 157 158 159 160 161 204 205 164 165 166 167 168 211 212 171 172 173 174 175 218 219 178 179 180 181 182 225 226 185 186 187 188 189 232 233 192 193 194 195 196 239 240 199 200 201 202 203 246 247 206 207 208 209 210 253 254 213 214 215 216 217 260 261 220 221 222 223 224 267 268 227 228 229 230 231 273 234 235 236 237 238 241 242 243 244 248 249 250 255 256 262
275 279 280 282 283 284 252 285 286 11 258 259 287 16 17 264 265 266 22 23 24 270 271 272 1 29 30 31 276 277 2 3 36 37 38 281 4 5 6 43 44 45 7 8 9 10 50 51 52 12 13 14 15 57 58 59 18 19 20 21 64 65 66 25 26 27 28 71 72 73 32 33 34 35 78 79 80 39 40 41 42 85 86 87 46 47 48 49 92 93 94 53 54 55 56 99 100 101 60 61 62 63 106 107 108 67 68 69 70 113 114 115 74 75 76 77 120 121 122 81 82 83 84 127 128 129 88 89 90 91 134 135 136 95 96 97 98 141 142 143 102 103 104 105 148 149 150 109 110 111 112 155 156 157 116 117 118 119 162 163 164 123 124 125 126 169 170 171 130 131 132 133 176 177 178 137 138 139 140 183 184 185 144 145 146 147 190 191 192 151 152 153 154 197 198 199 158 159 160 161 204 205 206 165 166 167 168 211 212 213 172 173 174 175 218 219 220 179 180 181 182 225 226 227 186 187 188 189 232 233 234 193 194 195 196 239 240 241 200 201 202 203 246 247 248 207 208 209 210 253 254 255 214 215 216 217 260 261 262 221 222 223 224 267 268 269 228 229 230 231 273 274 235 236 237 238 278 242 243 244 245 249 250 251 256 257 263
276 280 281 283 284 7 285 286 11 12 259 287 16 17 18 265 266 22 23 24 25 271 272 1 29 30 31 32 277 2 3 36 37 38 39 4 5 6 43 44 45 46 8 9 10 50 51 52 53 13 14 15 57 58 59 60 19 20 21 64 65 66 67 26 27 28 71 72 73 74 33 34 35 78 79 80 81 40 41 42 85 86 87 88 47 48 49 92 93 94 95 54 55 56 99 100 101 102 61 62 63 106 107 108 109 68 69 70 113 114 115 116 75 76 77 120 121 122 123 82 83 84 127 128 129 130 89 90 91 134 135 136 137 96 97 98 141 142 143 144 103 104 105 148 149 150 151 110 111 112 155 156 157 158 117 118 119 162 163 164 165 124 125 126 169 170 171 172 131 132 133 176 177 178 179 138 139 140 183 184 185 186 145 146 147 190 191 192 193 152 153 154 197 198 199 200 159 160 161 204 205 206 207 166 167 168 211 212 213 214 173 174 175 218 219 220 221 180 181 182 225 226 227 228 187 188 189 232 233 234 235 194 195 196 239 240 241 242 201 202 203 246 247 248 249 208 209 210 253 254 255 256 215 216 217 260 261 262 263 222 223 224 267 268 269 270 229 230 231 273 274 275 236 237 238 278 279 243 244 245 282 250 251 252 257 258 264
277 281 4 284 7 8 286 11 12 13 287 16 17 18 19 266 22 23 24 25 26 272 1 29 30 31 32 33 2 3 36 37 38 39 40 5 6 43 44 45 46 47 9 10 50 51 52 53 54 14 15 57 58 59 60 61 20 21 64 65 66 67 68 27 28 71 72 73 74 75 34 35 78 79 80 81 82 41 42 85 86 87 88 89 48 49 92 93 94 95 96 55 56 99 100 101 102 103 62 63 106 107 108 109 110 69 70 113 114 115 116 117 76 77 120 121 122 123 124 83 84 127 128 129 130 131 90 91 134 135 136 137 138 97 98 141 142 143 144 145 104 105 148 149 150 151 152 111 112 155 156 157 158 159 118 119 162 163 164 165 166 125 126 169 170 171 172 173 132 133 176 177 178 179 180 139 140 183 184 185 186 187 146 147 190 191 192 193 194 153 154 197 198 199 200 201 160 161 204 205 206 207 208 167 168 211 212 213 214 215 174 175 218 219 220 221 222 181 182 225 226 227 228 229 188 189 232 233 234 235 236 195 196 239 240 241 242 243 202 203 246 247 248 249 250 209 210 253 254 255 256 257 216 217 260 261 262 263 264 223 224 267 268 269 270 271 230 231 273 274 275 276 237 238 278 279 280 244 245 282 283 251 252 285 258 259 265
278 245 282 251 252 285 257 258 259 287 263 264 265 266 22 269 270 271 272 1 29 274 275 276 277 2 3 36 279 280 281 4 5 6 43 283 284 7 8 9 10 50 286 11 12 13 14 15 57 16 17 18 19 20 21 64 23 24 25 26 27 28 71 30 31 32 33 34 35 78 37 38 39 40 41 42 85 44 45 46 47 48 49 92 51 52 53 54 55 56 99 58 59 60 61 62 63 106 65 66 67 68 69 70 113 72 73 74 75 76 77 120 79 80 81 82 83 84 127 86 87 88 89 90 91 134 93 94 95 96 97 98 141 100 101 102 103 104 105 148 107 108 109 110 111 112 155 114 115 116 117 118 119 162 121 122 123 124 125 126 169 128 129 130 131 132 133 176 135 136 137 138 139 140 183 142 143 144 145 146 147 190 149 150 151 152 153 154 197 156 157 158 159 160 161 204 163 164 165 166 167 168 211 170 171 172 173 174 175 218 177 178 179 180 181 182 225 184 185 186 187 188 189 232 191 192 193 194 195 196 239 198 199 200 201 202 203 246 205 206 207 208 209 210 253 212 213 214 215 216 217 260 219 220 221 222 223 224 267 226 227 228 229 230 231 273 233 234 235 236 237 238 240 241 242 243 244 247 248 249 250 254 255 256 261 262 268
279 282 283 252 285 286 258 259 287 16 264 265 266 22 23 270 271 272 1 29 30 275 276 277 2 3 36 37 280 281 4 5 6 43 44 284 7 8 9 10 50 51 11 12 13 14 15 57 58 17 18 19 20 21 64 65 24 25 26 27 28 71 72 31 32 33 34 35 78 79 38 39 40 41 42 85 86 45 46 47 48 49 92 93 52 53 54 55 56 99 100 59 60 61 62 63 106 107 66 67 68 69 70 113 114 73 74 75 76 77 120 121 80 81 82 83 84 127 128 87 88 89 90 91 134 135 94 95 96 97 98 141 142 101 102 103 104 105 148 149 108 109 110 111 112 155 156 115 116 117 118 119 162 163 122 123 124 125 126 169 170 129 130 131 132 133 176 177 136 137 138 139 140 183 184 143 144 145 146 147 190 191 150 151 152 153 154 197 198 157 158 159 160 161 204 205 164 165 166 167 168 211 212 171 172 173 174 175 218 219 178 179 180 181 182 225 226 185 186 187 188 189 232 233 192 193 194 195 196 239 240 199 200 201 202 203 246 247 206 207 208 209 210 253 254 213 214 215 216 217 260 261 220 221 222 223 224 267 268 227 228 229 230 231 273 274 234 235 236 237 238 278 241 242 243 244 245 248 249 250 251 255 256 257 262 263 269
280 283 284 285 286 11 259 287 16 17 265 266 22 23 24 271 272 1 29 30 31 276 277 2 3 36 37 38 281 4 5 6 43 44 45 7 8 9 10 50 51 52 12 13 14 15 57 58 59 18 19 20 21 64 65 66 25 26 27 28 71 72 73 32 33 34 35 78 79 80 39 40 41 42 85 86 87 46 47 48 49 92 93 94 53 54 55 56 99 100 101 60 61 62 63 106 107 108 67 68 69 70 113 114 115 74 75 76 77 120 121 122 81 82 83 84 127 128 129 88 89 90 91 134 135 136 95 96 97 98 141 142 143 102 103 104 105 148 149 150 109 110 111 112 155 156 157 116 117 118 119 162 163 164 123 124 125 126 169 170 171 130 131 132 133 176 177 178 137 138 139 140 183 184 185 144 145 146 147 190 191 192 151 152 153 154 197 198 199 158 159 160 161 204 205 206 165 166 167 168 211 212 213 172 173 174 175 218 219 220 179 180 181 182 225 226 227 186 187 188 189 232 233 234 193 194 195 196 239 240 241 200 201 202 203 246 247 248 207 208 209 210 253 254 255 214 215 216 217 260 261 262 221 222 223 224 267 268 269 228 229 230 231 273 274 275 235 236 237 238 278 279 242 243 244 245 282 249 250 251 252 256 257 258 263 264 270
281 284 7 286 11 12 287 16 17 18 266 22 23 24 25 272 1 29 30 31 32 277 2 3 36 37 38 39 4 5 6 43 44 45 46 8 9 10 50 51 52 53 13 14 15 57 58 59 60 19 20 21 64 65 66 67 26 27 28 71 72 73 74 33 34 35 78 79 80 81 40 41 42 85 86 87 88 47 48 49 92 93 94 95 54 55 56 99 100 101 102 61 62 63 106 107 108 109 68 69 70 113 114 115 116 75 76 77 120 121 122 123 82 83 84 127 128 129 130 89 90 91 134 135 136 137 96 97 98 141 142 143 144 103 104 105 148 149 150 151 110 111 112 155 156 157 158 117 118 119 162 163 164 165 124 125 126 169 170 171 172 131 132 133 176 177 178 179 138 139 140 183 184 185 186 145 146 147 190 191 192 193 152 153 154 197 198 199 200 159 160 161 204 205 206 207 166 167 168 211 212 213 214 173 174 175 218 219 220 221 180 181 182 225 226 227 228 187 188 189 232 233 234 235 194 195 196 239 240 241 242 201 202 203 246 247 248 249 208 209 210 253 254 255 256 215 216 217 260 261 262 263 222 223 224 267 268 269 270 229 230 231 273 274 275 276 236 237 238 278 279 280 243 244 245 282 283 250 251 252 285 257 258 259 264 265 271
282 252 285 258 259 287 264 265 266 22 270 271 272 1 29 275 276 277 2 3 36 279 280 281 4 5 6 43 283 284 7 8 9 10 50 286 11 12 13 14 15 57 16 17 18 19 20 21 64 23 24 25 26 27 28 71 30 31 32 33 34 35 78 37 38 39 40 41 42 85 44 45 46 47 48 49 92 51 52 53 54 55 56 99 58 59 60 61 62 63 106 65 66 67 68 69 70 113 72 73 74 75 76 77 120 79 80 81 82 83 84 127 86 87 88 89 90 91 134 93 94 95 96 97 98 141 100 101 102 103 104 105 148 107 108 109 110 111 112 155 114 115 116 117 118 119 162 121 122 123 124 125 126 169 128 129 130 131 132 133 176 135 136 137 138 139 140 183 142 143 144 145 146 147 190 149 150 151 152 153 154 197 156 157 158 159 160 161 204 163 164 165 166 167 168 211 170 171 172 173 174 175 218 177 178 179 180 181 182 225 184 185 186 187 188 189 232 191 192 193 194 195 196 239 198 199 200 201 202 203 246 205 206 207 208 209 210 253 212 213 214 215 216 217 260 219 220 221 222 223 224 267 226 227 228 229 230 231 273 233 234 235 236 237 238 278 240 241 242 243 244 245 247 248 249 250 251 254 255 256 257 261 262 263 268 269 274
283 285 286 259 287 16 265 266 22 23 271 272 1 29 30 276 277 2 3 36 37 280 281 4 5 6 43 44 284 7 8 9 10 50 51 11 12 13 14 15 57 58 17 18 19 20 21 64 65 24 25 26 27 28 71 72 31 32 33 34 35 78 79 38 39 40 41 42 85 86 45 46 47 48 49 92 93 52 53 54 55 56 99 100 59 60 61 62 63 106 107 66 67 68 69 70 113 114 73 74 75 76 77 120 121 80 81 82 83 84 127 128 87 88 89 90 91 134 135 94 95 96 97 98 141 142 101 102 103 104 105 148 149 108 109 110 111 112 155 156 115 116 117 118 119 162 163 122 123 124 125 126 169 170 129 130 131 132 133 176 177 136 137 138 139 140 183 184 143 144 145 146 147 190 191 150 151 152 153 154 197 198 157 158 159 160 161 204 205 164 165 166 167 168 211 212 171 172 173 174 175 218 219 178 179 180 181 182 225 226 185 186 187 188 189 232 233 192 193 194 195 196 239 240 199 200 201 202 203 246 247 206 207 208 209 210 253 254 213 214 215 216 217 260 261 220 221 222 223 224 267 268 227 228 229 230 231 273 274 234 235 236 237 238 278 279 241 242 243 244 245 282 248 249 250 251 252 255 256 257 258 262 263 264 269 270 275
284 286 11 287 16 17 266 22 23 24 272 1 29 30 31 277 2 3 36 37 38 281 4 5 6 43 44 45 7 8 9 10 50 51 52 12 13 14 15 57 58 59 18 19 20 21 64 65 66 25 26 27 28 71 72 73 32 33 34 35 78 79 80 39 40 41 42 85 86 87 46 47 48 49 92 93 94 53 54 55 56 99 100 101 60 61 62 63 106 107 108 67 68 69 70 113 114 115 74 75 76 77 120 121 122 81 82 83 84 127 128 129 88 89 90 91 134 135 136 95 96 97 98 141 142 143 102 103 104 105 148 149 150 109 110 111 112 155 156 157 116 117 118 119 162 163 164 123 124 125 126 169 170 171 130 131 132 133 176 177 178 137 138 139 140 183 184 185 144 145 146 147 190 191 192 151 152 153 154 197 198 199 158 159 160 161 204 205 206 165 166 167 168 211 212 213 172 173 174 175 218 219 220 179 180 181 182 225 226 227 186 187 188 189 232 233 234 193 194 195 196 239 240 241 200 201 202 203 246 247 248 207 208 209 210 253 254 255 214 215 216 217 260 261 262 221 222 223 224 267 268 269 228 229 230 231 273 274 275 235 236 237 238 278 279 280 242 243 244 245 282 283 249 250 251 252 285 256 257 258 259 263 264 265 270 271 276
285 259 287 265 266 22 271 272 1 29 276 277 2 3 36 280 281 4 5 6 43 283 284 7 8 9 10 50 286 11 12 13 14 15 57 16 17 18 19 20 21 64 23 24 25 26 27 28 71 30 31 32 33 34 35 78 37 38 39 40 41 42 85 44 45 46 47 48 49 92 51 52 53 54 55 56 99 58 59 60 61 62 63 106 65 66 67 68 69 70 113 72 73 74 75 76 77 120 79 80 81 82 83 84 127 86 87 88 89 90 91 134 93 94 95 96 97 98 141 100 101 102 103 104 105 148 107 108 109 110 111 112 155 114 115 116 117 118 119 162 121 122 123 124 125 126 169 128 129 130 131 132 133 176 135 136 137 138 139 140 183 142 143 144 145 146 147 190 149 150 151 152 153 154 197 156 157 158 159 160 161 204 163 164 165 166 167 168 211 170 171 172 173 174 175 218 177 178 179 180 181 182 225 184 185 186 187 188 189 232 191 192 193 194 195 196 239 198 199 200 201 202 203 246 205 206 207 208 209 210 253 212 213 214 215 216 217 260 219 220 221 222 223 224 267 226 227 228 229 230 231 273 233 234 235 236 237 238 278 240 241 242 243 244 245 282 247 248 249 250 251 252 254 255 256 257 258 261 262 263 264 268 269 270 274 275 279
286 287 16 266 22 23 272 1 29 30 277 2 3 36 37 281 4 5 6 43 44 284 7 8 9 10 50 51 11 12 13 14 15 57 58 17 18 19 20 21 64 65 24 25 26 27 28 71 72 31 32 33 34 35 78 79 38 39 40 41 42 85 86 45 46 47 48 49 92 93 52 53 54 55 56 99 100 59 60 61 62 63 106 107 66 67 68 69 70 113 114 73 74 75 76 77 120 121 80 81 82 83 84 127 128 87 88 89 90 91 134 135 94 95 96 97 98 141 142 101 102 103 104 105 148 149 108 109 110 111 112 155 156 115 116 117 118 119 162 163 122 123 124 125 126 169 170 129 130 131 132 133 176 177 136 137 138 139 140 183 184 143 144 145 146 147 190 191 150 151 152 153 154 197 198 157 158 159 160 161 204 205 164 165 166 167 168 211 212 171 172 173 174 175 218 219 178 179 180 181 182 225 226 185 186 187 188 189 232 233 192 193 194 195 196 239 240 199 200 201 202 203 246 247 206 207 208 209 210 253 254 213 214 215 216 217 260 261 220 221 222 223 224 267 268 227 228 229 230 231 273 274 234 235 236 237 238 278 279 241 242 243 244 245 282 283 248 249 250 251 252 285 255 256 257 258 259 262 263 264 265 269 270 271 275 276 280
287 266 22 272 1 29 277 2 3 36 281 4 5 6 43 284 7 8 9 10 50 286 11 12 13 14 15 57 16 17 18 19 20 21 64 23 24 25 26 27 28 71 30 31 32 33 34 35 78 37 38 39 40 41 42 85 44 45 46 47 48 49 92 51 52 53 54 55 56 99 58 59 60 61 62 63 106 65 66 67 68 69 70 113 72 73 74 75 76 77 120 79 80 81 82 83 84 127 86 87 88 89 90 91 134 93 94 95 96 97 98 141 100 101 102 103 104 105 148 107 108 109 110 111 112 155 114 115 116 117 118 119 162 121 122 123 124 125 126 169 128 129 130 131 132 133 176 135 136 137 138 139 140 183 142 143 144 145 146 147 190 149 150 151 152 153 154 197 156 157 158 159 160 161 204 163 164 165 166 167 168 211 170 171 172 173 174 175 218 177 178 179 180 181 182 225 184 185 186 187 188 189 232 191 192 193 194 195 196 239 198 199 200 201 202 203 246 205 206 207 208 209 210 253 212 213 214 215 216 217 260 219 220 221 222 223 224 267 226 227 228 229 230 231 273 233 234 235 236 237 238 278 240 241 242 243 244 245 282 247 248 249 250 251 252 285 254 255 256 257 258 259 261 262 263 264 265 268 269 270 271 274 275 276 279 280 283
