203
1 2 3 4 5 6 7 8 9 10 11 12 13 14 15 16 17 18 19 20 21 22 23 24 25 26 27 28 29 30 31 32 33 34 35 36 37 38 39 40 41 42 43 44 45 46 47 48 49 50 51 52 53 54 55 56 57 58 59 60 61 62 63 64 65 66 67 68 69 70 71 72 73 74 75 76 77 78 79 80 81 82 83 84 85 86 87 88 89 90 91 92 93 94 95 96 97 98 99 100 101 102 103 104 105 106 107 108 109 110 111 112 113 114 115 116 117 118 119 120 121 122 123 124 125 126 127 128 129 130 131 132 133 134 135 136 137 138 139 140 141 142 143 144 145 146 147 148 149 150 151 152 153 154 155 156 157 158 159 160 161 162 163 164 165 166 167 168 169 170 171 172 173 174 175 176 177 178 179 180 181 182 183 184 185 186 187 188 189 190 191 192 193 194 195 196 197 198 199 200 201 202 203
2 4 5 7 8 9 11 12 13 14 16 17 18 19 20 22 23 24 25 26 27 1 29 30 31 32 33 34 3 36 37 38 39 40 41 6 43 44 45 46 47 48 10 50 51 52 53 54 55 15 57 58 59 60 61 62 21 64 65 66 67 68 69 28 71 72 73 74 75 76 35 78 79 80 81 82 83 42 85 86 87 88 89 90 49 92 93 94 95 96 97 56 99 100 101 102 103 104 63 106 107 108 109 110 111 70 113 114 115 116 117 118 77 120 121 122 123 124 125 84 127 128 129 130 131 132 91 134 135 136 137 138 139 98 141 142 143 144 145 146 105 148 149 150 151 152 153 112 155 156 157 158 159 160 119 162 163 164 165 166 167 126 169 170 171 172 173 174 133 176 177 178 179 180 181 140 183 184 185 186 187 188 147 189 190 191 192 193 154 194 195 196 197 161 198 199 200 168 201 202 175 203 182
3 104 6 166 111 10 53 173 118 15 185 60 180 125 21 177 191 67 187 132 28 162 184 196 74 193 139 35 169 190 200 81 4 146 42 176 195 11 88 8 153 49 183 199 17 95 13 160 56 189 202 24 102 19 167 63 194 16 31 109 26 174 70 198 23 38 116 33 181 77 201 30 45 123 40 188 84 203 37 52 130 47 2 91 22 44 59 137 54 5 98 29 51 66 144 61 9 105 36 58 73 151 68 14 112 43 65 80 158 75 20 119 50 72 87 165 82 27 126 57 79 94 172 89 34 133 64 86 101 179 96 41 140 71 93 108 186 103 48 147 78 100 115 192 110 55 154 85 107 122 197 117 62 161 92 114 129 7 124 69 168 99 121 136 12 131 76 175 106 128 143 18 138 83 182 113 135 150 25 145 90 1 120 142 157 32 152 97 127 149 164 39 159 134 156 171 46 141 163 178 148 170 155
4 7 8 11 12 13 16 17 18 19 22 23 24 25 26 1 29 30 31 32 33 2 3 36 37 38 39 40 5 6 43 44 45 46 47 9 10 50 51 52 53 54 14 15 57 58 59 60 61 20 21 64 65 66 67 68 27 28 71 72 73 74 75 34 35 78 79 80 81 82 41 42 85 86 87 88 89 48 49 92 93 94 95 96 55 56 99 100 101 102 103 62 63 106 107 108 109 110 69 70 113 114 115 116 117 76 77 120 121 122 123 124 83 84 127 128 129 130 131 90 91 134 135 136 137 138 97 98 141 142 143 144 145 104 105 148 149 150 151 152 111 112 155 156 157 158 159 118 119 162 163 164 165 166 125 126 169 170 171 172 173 132 133 176 177 178 179 180 139 140 183 184 185 186 187 146 147 189 190 191 192 193 153 154 194 195 196 197 160 161 198 199 200 167 168 201 202 174 175 203 181 182 188
5 110 9 172 117 14 59 179 124 20 190 66 186 131 27 183 195 73 192 138 34 126 189 199 80 197 145 41 133 194 202 87 7 152 48 140 198 16 94 12 159 55 147 201 23 101 18 166 62 154 203 30 108 25 173 69 161 22 37 115 32 180 76 168 29 44 122 39 187 83 175 36 51 129 46 193 90 182 43 58 136 53 4 97 1 50 65 143 60 8 104 3 57 72 150 67 13 111 6 64 79 157 74 19 118 10 71 86 164 81 26 125 15 78 93 171 88 33 132 21 85 100 178 95 40 139 28 92 107 185 102 47 146 35 99 114 191 109 54 153 42 106 121 196 116 61 160 49 113 128 200 123 68 167 56 120 135 11 130 75 174 63 127 142 17 137 82 181 70 134 149 24 144 89 188 77 141 156 31 151 96 2 84 148 163 38 158 103 91 155 170 45 165 98 162 177 52 105 169 184 112 176 119
6 14 10 131 20 15 102 138 27 21 157 109 145 34 28 135 164 116 152 41 35 99 142 171 123 159 48 42 106 149 178 130 166 55 49 113 156 185 137 173 62 56 120 163 191 144 180 69 63 127 170 196 151 187 76 70 134 177 200 158 193 83 77 141 184 11 165 4 90 84 148 190 17 172 8 97 91 155 195 24 179 13 104 98 162 199 31 186 19 111 105 169 202 38 192 26 118 112 176 16 45 197 33 125 119 183 23 52 7 40 132 126 189 30 59 12 47 139 133 194 37 66 18 54 146 140 198 44 73 25 61 153 147 201 51 80 32 68 160 154 203 58 87 39 75 167 161 22 65 94 46 82 174 168 29 72 101 53 89 181 175 36 79 108 60 96 188 182 43 86 115 67 103 2 1 50 93 122 74 110 5 3 57 100 129 81 117 9 64 107 136 88 124 71 114 143 95 78 121 150 85 128 92
7 11 12 16 17 18 22 23 24 25 1 29 30 31 32 2 3 36 37 38 39 4 5 6 43 44 45 46 8 9 10 50 51 52 53 13 14 15 57 58 59 60 19 20 21 64 65 66 67 26 27 28 71 72 73 74 33 34 35 78 79 80 81 40 41 42 85 86 87 88 47 48 49 92 93 94 95 54 55 56 99 100 101 102 61 62 63 106 107 108 109 68 69 70 113 114 115 116 75 76 77 120 121 122 123 82 83 84 127 128 129 130 89 90 91 134 135 136 137 96 97 98 141 142 143 144 103 104 105 148 149 150 151 110 111 112 155 156 157 158 117 118 119 162 163 164 165 124 125 126 169 170 171 172 131 132 133 176 177 178 179 138 139 140 183 184 185 186 145 146 147 189 190 191 192 152 153 154 194 195 196 197 159 160 161 198 199 200 166 167 168 201 202 173 174 175 203 180 181 182 187 188 193
8 116 13 178 123 19 65 185 130 26 194 72 191 137 33 147 198 79 196 144 40 132 154 201 86 200 151 47 139 161 203 93 11 158 54 146 168 22 100 17 165 61 153 175 29 107 24 172 68 160 182 36 114 31 179 75 167 1 43 121 38 186 82 174 3 50 128 45 192 89 181 6 57 135 52 197 96 188 10 64 142 59 7 103 2 15 71 149 66 12 110 5 21 78 156 73 18 117 9 28 85 163 80 25 124 14 35 92 170 87 32 131 20 42 99 177 94 39 138 27 49 106 184 101 46 145 34 56 113 190 108 53 152 41 63 120 195 115 60 159 48 70 127 199 122 67 166 55 77 134 202 129 74 173 62 84 141 16 136 81 180 69 91 148 23 143 88 187 76 98 155 30 150 95 193 83 105 162 37 157 102 4 90 112 169 44 164 109 97 119 176 51 171 104 126 183 58 111 133 189 118 140 125
9 19 14 137 26 20 108 144 33 27 163 115 151 40 34 141 170 122 158 47 41 63 148 177 129 165 54 48 70 155 184 136 172 61 55 77 162 190 143 179 68 62 84 169 195 150 186 75 69 91 176 199 157 192 82 76 98 183 202 164 197 89 83 105 189 16 171 7 96 90 112 194 23 178 12 103 97 119 198 30 185 18 110 104 126 201 37 191 25 117 111 133 203 44 196 32 124 118 140 22 51 200 39 131 125 147 29 58 11 46 138 132 154 36 65 17 53 145 139 161 43 72 24 60 152 146 168 50 79 31 67 159 153 175 57 86 38 74 166 160 182 64 93 45 81 173 167 1 71 100 52 88 180 174 3 78 107 59 95 187 181 6 85 114 66 102 193 188 10 92 121 73 109 4 2 15 99 128 80 116 8 5 21 106 135 87 123 13 28 113 142 94 130 35 120 149 101 42 127 156 49 134 56
10 125 15 96 132 21 151 103 139 28 129 158 110 146 35 93 136 165 117 153 42 36 100 143 172 124 160 49 43 107 150 179 131 167 56 50 114 157 186 138 174 63 57 121 164 192 145 181 70 64 128 171 197 152 188 77 71 135 178 7 159 2 84 78 142 185 12 166 5 91 85 149 191 18 173 9 98 92 156 196 25 180 14 105 99 163 200 32 187 20 112 106 170 11 39 193 27 119 113 177 17 46 4 34 126 120 184 24 53 8 41 133 127 190 31 60 13 48 140 134 195 38 67 19 55 147 141 199 45 74 26 62 154 148 202 52 81 33 69 161 155 16 59 88 40 76 168 162 23 66 95 47 83 175 169 30 73 102 54 90 182 176 37 80 109 61 97 1 183 44 87 116 68 104 3 189 51 94 123 75 111 6 194 58 101 130 82 118 198 65 108 137 89 201 72 115 144 203 79 122 22 86 29
11 16 17 22 23 24 1 29 30 31 2 3 36 37 38 4 5 6 43 44 45 7 8 9 10 50 51 52 12 13 14 15 57 58 59 18 19 20 21 64 65 66 25 26 27 28 71 72 73 32 33 34 35 78 79 80 39 40 41 42 85 86 87 46 47 48 49 92 93 94 53 54 55 56 99 100 101 60 61 62 63 106 107 108 67 68 69 70 113 114 115 74 75 76 77 120 121 122 81 82 83 84 127 128 129 88 89 90 91 134 135 136 95 96 97 98 141 142 143 102 103 104 105 148 149 150 109 110 111 112 155 156 157 116 117 118 119 162 163 164 123 124 125 126 169 170 171 130 131 132 133 176 177 178 137 138 139 140 183 184 185 144 145 146 147 189 190 191 151 152 153 154 194 195 196 158 159 160 161 198 199 200 165 166 167 168 201 202 172 173 174 175 203 179 180 181 182 186 187 188 192 193 197
12 122 18 184 129 25 71 190 136 32 161 78 195 143 39 153 168 85 199 150 46 138 160 175 92 202 157 53 145 167 182 99 16 164 60 152 174 1 106 23 171 67 159 181 3 113 30 178 74 166 188 6 120 37 185 81 173 2 10 127 44 191 88 180 5 15 134 51 196 95 187 9 21 141 58 200 102 193 14 28 148 65 11 109 4 20 35 155 72 17 116 8 27 42 162 79 24 123 13 34 49 169 86 31 130 19 41 56 176 93 38 137 26 48 63 183 100 45 144 33 55 70 189 107 52 151 40 62 77 194 114 59 158 47 69 84 198 121 66 165 54 76 91 201 128 73 172 61 83 98 203 135 80 179 68 90 105 22 142 87 186 75 97 112 29 149 94 192 82 104 119 36 156 101 197 89 111 126 43 163 108 7 96 118 133 50 170 115 103 125 140 57 177 110 132 147 64 117 139 154 124 146 131
13 25 19 143 32 26 114 150 39 33 169 121 157 46 40 105 176 128 164 53 47 69 112 183 135 171 60 54 76 119 189 142 178 67 61 83 126 194 149 185 74 68 90 133 198 156 191 81 75 97 140 201 163 196 88 82 104 147 203 170 200 95 89 111 154 22 177 11 102 96 118 161 29 184 17 109 103 125 168 36 190 24 116 110 132 175 43 195 31 123 117 139 182 50 199 38 130 124 146 1 57 202 45 137 131 153 3 64 16 52 144 138 160 6 71 23 59 151 145 167 10 78 30 66 158 152 174 15 85 37 73 165 159 181 21 92 44 80 172 166 188 28 99 51 87 179 173 2 35 106 58 94 186 180 5 42 113 65 101 192 187 9 49 120 72 108 197 193 14 56 127 79 115 7 4 20 63 134 86 122 12 8 27 70 141 93 129 18 34 77 148 100 136 41 84 155 107 48 91 162 55 98 62
14 131 20 102 138 27 157 109 145 34 135 164 116 152 41 99 142 171 123 159 48 6 106 149 178 130 166 55 10 113 156 185 137 173 62 15 120 163 191 144 180 69 21 127 170 196 151 187 76 28 134 177 200 158 193 83 35 141 184 11 165 4 90 42 148 190 17 172 8 97 49 155 195 24 179 13 104 56 162 199 31 186 19 111 63 169 202 38 192 26 118 70 176 16 45 197 33 125 77 183 23 52 7 40 132 84 189 30 59 12 47 139 91 194 37 66 18 54 146 98 198 44 73 25 61 153 105 201 51 80 32 68 160 112 203 58 87 39 75 167 119 22 65 94 46 82 174 126 29 72 101 53 89 181 133 36 79 108 60 96 188 140 43 86 115 67 103 2 147 50 93 122 74 110 5 154 57 100 129 81 117 9 161 64 107 136 88 124 168 71 114 143 95 175 78 121 150 182 85 128 1 92 3
15 34 21 61 41 28 197 68 48 35 101 7 75 55 42 51 108 12 82 62 49 176 58 115 18 89 69 56 183 65 122 25 96 76 63 189 72 129 32 103 83 70 194 79 136 39 110 90 77 198 86 143 46 117 97 84 201 93 150 53 124 104 91 203 100 157 60 131 111 98 22 107 164 67 138 118 105 29 114 171 74 145 125 112 36 121 178 81 152 132 119 43 128 185 88 159 139 126 50 135 191 95 166 146 133 57 142 196 102 173 153 140 64 149 200 109 180 160 147 71 156 11 116 187 167 154 78 163 17 123 193 174 161 85 170 24 130 4 181 168 92 177 31 137 8 188 175 99 184 38 144 13 2 182 106 190 45 151 19 5 1 113 195 52 158 26 9 3 120 199 59 165 33 14 6 127 202 66 172 40 20 10 134 16 73 179 47 27 141 23 80 186 54 148 30 87 192 155 37 94 162 44 169
16 22 23 1 29 30 2 3 36 37 4 5 6 43 44 7 8 9 10 50 51 11 12 13 14 15 57 58 17 18 19 20 21 64 65 24 25 26 27 28 71 72 31 32 33 34 35 78 79 38 39 40 41 42 85 86 45 46 47 48 49 92 93 52 53 54 55 56 99 100 59 60 61 62 63 106 107 66 67 68 69 70 113 114 73 74 75 76 77 120 121 80 81 82 83 84 127 128 87 88 89 90 91 134 135 94 95 96 97 98 141 142 101 102 103 104 105 148 149 108 109 110 111 112 155 156 115 116 117 118 119 162 163 122 123 124 125 126 169 170 129 130 131 132 133 176 177 136 137 138 139 140 183 184 143 144 145 146 147 189 190 150 151 152 153 154 194 195 157 158 159 160 161 198 199 164 165 166 167 168 201 202 171 172 173 174 175 203 178 179 180 181 182 185 186 187 188 191 192 193 196 197 200
17 128 24 189 135 31 35 194 142 38 167 42 198 149 45 159 174 49 201 156 52 144 166 181 56 203 163 59 151 173 188 63 22 170 66 158 180 2 70 29 177 73 165 187 5 77 36 184 80 172 193 9 84 43 190 87 179 4 14 91 50 195 94 186 8 20 98 57 199 101 192 13 27 105 64 202 108 197 19 34 112 71 16 115 7 26 41 119 78 23 122 12 33 48 126 85 30 129 18 40 55 133 92 37 136 25 47 62 140 99 44 143 32 54 69 147 106 51 150 39 61 76 154 113 58 157 46 68 83 161 120 65 164 53 75 90 168 127 72 171 60 82 97 175 134 79 178 67 89 104 182 141 86 185 74 96 111 1 148 93 191 81 103 118 3 155 100 196 88 110 125 6 162 107 200 95 117 132 10 169 114 11 102 124 139 15 176 121 109 131 146 21 183 116 138 153 28 123 145 160 130 152 137
18 31 25 149 38 32 120 156 45 39 133 127 163 52 46 111 140 134 170 59 53 75 118 147 141 177 66 60 82 125 154 148 184 73 67 89 132 161 155 190 80 74 96 139 168 162 195 87 81 103 146 175 169 199 94 88 110 153 182 176 202 101 95 117 160 1 183 16 108 102 124 167 3 189 23 115 109 131 174 6 194 30 122 116 138 181 10 198 37 129 123 145 188 15 201 44 136 130 152 2 21 203 51 143 137 159 5 28 22 58 150 144 166 9 35 29 65 157 151 173 14 42 36 72 164 158 180 20 49 43 79 171 165 187 27 56 50 86 178 172 193 34 63 57 93 185 179 4 41 70 64 100 191 186 8 48 77 71 107 196 192 13 55 84 78 114 200 197 19 62 91 85 121 11 7 26 69 98 92 128 17 12 33 76 105 99 135 24 40 83 112 106 142 47 90 119 113 54 97 126 61 104 68
19 137 26 108 144 33 163 115 151 40 141 170 122 158 47 63 148 177 129 165 54 9 70 155 184 136 172 61 14 77 162 190 143 179 68 20 84 169 195 150 186 75 27 91 176 199 157 192 82 34 98 183 202 164 197 89 41 105 189 16 171 7 96 48 112 194 23 178 12 103 55 119 198 30 185 18 110 62 126 201 37 191 25 117 69 133 203 44 196 32 124 76 140 22 51 200 39 131 83 147 29 58 11 46 138 90 154 36 65 17 53 145 97 161 43 72 24 60 152 104 168 50 79 31 67 159 111 175 57 86 38 74 166 118 182 64 93 45 81 173 125 1 71 100 52 88 180 132 3 78 107 59 95 187 139 6 85 114 66 102 193 146 10 92 121 73 109 4 153 15 99 128 80 116 8 160 21 106 135 87 123 13 167 28 113 142 94 130 174 35 120 149 101 181 42 127 156 188 49 134 2 56 5
20 40 27 67 47 34 200 74 54 41 107 11 81 61 48 57 114 17 88 68 55 140 64 121 24 95 75 62 147 71 128 31 102 82 69 154 78 135 38 109 89 76 161 85 142 45 116 96 83 168 92 149 52 123 103 90 175 99 156 59 130 110 97 182 106 163 66 137 117 104 1 113 170 73 144 124 111 3 120 177 80 151 131 118 6 127 184 87 158 138 125 10 134 190 94 165 145 132 15 141 195 101 172 152 139 21 148 199 108 179 159 146 28 155 202 115 186 166 153 35 162 16 122 192 173 160 42 169 23 129 197 180 167 49 176 30 136 7 187 174 56 183 37 143 12 193 181 63 189 44 150 18 4 188 70 194 51 157 25 8 2 77 198 58 164 32 13 5 84 201 65 171 39 19 9 91 203 72 178 46 26 14 98 22 79 185 53 33 105 29 86 191 60 112 36 93 196 119 43 100 126 50 133
21 146 28 26 153 35 46 33 160 42 73 53 40 167 49 202 80 60 47 174 56 113 16 87 67 54 181 63 120 23 94 74 61 188 70 127 30 101 81 68 2 77 134 37 108 88 75 5 84 141 44 115 95 82 9 91 148 51 122 102 89 14 98 155 58 129 109 96 20 105 162 65 136 116 103 27 112 169 72 143 123 110 34 119 176 79 150 130 117 41 126 183 86 157 137 124 48 133 189 93 164 144 131 55 140 194 100 171 151 138 62 147 198 107 178 158 145 69 154 201 114 185 165 152 76 161 203 121 191 172 159 83 168 22 128 196 179 166 90 175 29 135 200 186 173 97 182 36 142 11 192 180 104 1 43 149 17 197 187 111 3 50 156 24 7 193 118 6 57 163 31 12 4 125 10 64 170 38 18 8 132 15 71 177 45 25 13 139 78 184 52 32 19 85 190 59 39 92 195 66 99 199 106
22 1 29 2 3 36 4 5 6 43 7 8 9 10 50 11 12 13 14 15 57 16 17 18 19 20 21 64 23 24 25 26 27 28 71 30 31 32 33 34 35 78 37 38 39 40 41 42 85 44 45 46 47 48 49 92 51 52 53 54 55 56 99 58 59 60 61 62 63 106 65 66 67 68 69 70 113 72 73 74 75 76 77 120 79 80 81 82 83 84 127 86 87 88 89 90 91 134 93 94 95 96 97 98 141 100 101 102 103 104 105 148 107 108 109 110 111 112 155 114 115 116 117 118 119 162 121 122 123 124 125 126 169 128 129 130 131 132 133 176 135 136 137 138 139 140 183 142 143 144 145 146 147 189 149 150 151 152 153 154 194 156 157 158 159 160 161 198 163 164 165 166 167 168 201 170 171 172 173 174 175 203 177 178 179 180 181 182 184 185 186 187 188 190 191 192 193 195 196 197 199 200 202
23 134 30 154 141 37 41 161 148 44 173 48 168 155 51 165 180 55 175 162 58 150 172 187 62 182 169 65 157 179 193 69 1 176 72 164 186 4 76 3 183 79 171 192 8 83 6 189 86 178 197 13 90 10 194 93 185 7 19 97 15 198 100 191 12 26 104 21 201 107 196 18 33 111 28 203 114 200 25 40 118 35 22 121 11 32 47 125 42 29 128 17 39 54 132 49 36 135 24 46 61 139 56 43 142 31 53 68 146 63 50 149 38 60 75 153 70 57 156 45 67 82 160 77 64 163 52 74 89 167 84 71 170 59 81 96 174 91 78 177 66 88 103 181 98 85 184 73 95 110 188 105 92 190 80 102 117 2 112 99 195 87 109 124 5 119 106 199 94 116 131 9 126 113 202 101 123 138 14 133 120 16 108 130 145 20 140 127 115 137 152 27 147 122 144 159 34 129 151 166 136 158 143
24 37 31 155 44 38 84 162 51 45 139 91 169 58 52 117 146 98 176 65 59 81 124 153 105 183 72 66 88 131 160 112 189 79 73 95 138 167 119 194 86 80 102 145 174 126 198 93 87 109 152 181 133 201 100 94 116 159 188 140 203 107 101 123 166 2 147 22 114 108 130 173 5 154 29 121 115 137 180 9 161 36 128 122 144 187 14 168 43 135 129 151 193 20 175 50 142 136 158 4 27 182 57 149 143 165 8 34 1 64 156 150 172 13 41 3 71 163 157 179 19 48 6 78 170 164 186 26 55 10 85 177 171 192 33 62 15 92 184 178 197 40 69 21 99 190 185 7 47 76 28 106 195 191 12 54 83 35 113 199 196 18 61 90 42 120 202 200 25 68 97 49 127 16 11 32 75 104 56 134 23 17 39 82 111 63 141 30 46 89 118 70 148 53 96 125 77 60 103 132 67 110 74
25 143 32 114 150 39 169 121 157 46 105 176 128 164 53 69 112 183 135 171 60 13 76 119 189 142 178 67 19 83 126 194 149 185 74 26 90 133 198 156 191 81 33 97 140 201 163 196 88 40 104 147 203 170 200 95 47 111 154 22 177 11 102 54 118 161 29 184 17 109 61 125 168 36 190 24 116 68 132 175 43 195 31 123 75 139 182 50 199 38 130 82 146 1 57 202 45 137 89 153 3 64 16 52 144 96 160 6 71 23 59 151 103 167 10 78 30 66 158 110 174 15 85 37 73 165 117 181 21 92 44 80 172 124 188 28 99 51 87 179 131 2 35 106 58 94 186 138 5 42 113 65 101 192 145 9 49 120 72 108 197 152 14 56 127 79 115 7 159 20 63 134 86 122 12 166 27 70 141 93 129 18 173 34 77 148 100 136 180 41 84 155 107 187 48 91 162 193 55 98 4 62 8
26 46 33 73 53 40 202 80 60 47 113 16 87 67 54 21 120 23 94 74 61 146 28 127 30 101 81 68 153 35 134 37 108 88 75 160 42 141 44 115 95 82 167 49 148 51 122 102 89 174 56 155 58 129 109 96 181 63 162 65 136 116 103 188 70 169 72 143 123 110 2 77 176 79 150 130 117 5 84 183 86 157 137 124 9 91 189 93 164 144 131 14 98 194 100 171 151 138 20 105 198 107 178 158 145 27 112 201 114 185 165 152 34 119 203 121 191 172 159 41 126 22 128 196 179 166 48 133 29 135 200 186 173 55 140 36 142 11 192 180 62 147 43 149 17 197 187 69 154 50 156 24 7 193 76 161 57 163 31 12 4 83 168 64 170 38 18 8 90 175 71 177 45 25 13 97 182 78 184 52 32 19 104 1 85 190 59 39 111 3 92 195 66 118 6 99 199 125 10 106 132 15 139
27 152 34 32 159 41 52 39 166 48 79 59 46 173 55 203 86 66 53 180 62 77 22 93 73 60 187 69 84 29 100 80 67 193 76 91 36 107 87 74 4 83 98 43 114 94 81 8 90 105 50 121 101 88 13 97 112 57 128 108 95 19 104 119 64 135 115 102 26 111 126 71 142 122 109 33 118 133 78 149 129 116 40 125 140 85 156 136 123 47 132 147 92 163 143 130 54 139 154 99 170 150 137 61 146 161 106 177 157 144 68 153 168 113 184 164 151 75 160 175 120 190 171 158 82 167 182 127 195 178 165 89 174 1 134 199 185 172 96 181 3 141 202 191 179 103 188 6 148 16 196 186 110 2 10 155 23 200 192 117 5 15 162 30 11 197 124 9 21 169 37 17 7 131 14 28 176 44 24 12 138 20 35 183 51 31 18 145 42 189 58 38 25 49 194 65 45 56 198 72 63 201 70
28 55 35 193 62 42 95 4 69 49 45 102 8 76 56 170 52 109 13 83 63 50 177 59 116 19 90 70 57 184 66 123 26 97 77 64 190 73 130 33 104 84 71 195 80 137 40 111 91 78 199 87 144 47 118 98 85 202 94 151 54 125 105 92 16 101 158 61 132 112 99 23 108 165 68 139 119 106 30 115 172 75 146 126 113 37 122 179 82 153 133 120 44 129 186 89 160 140 127 51 136 192 96 167 147 134 58 143 197 103 174 154 141 65 150 7 110 181 161 148 72 157 12 117 188 168 155 79 164 18 124 2 175 162 86 171 25 131 5 182 169 93 178 32 138 9 1 176 100 185 39 145 14 3 183 107 191 46 152 20 6 189 114 196 53 159 27 10 194 121 200 60 166 34 15 198 128 11 67 173 41 21 201 135 17 74 180 48 203 142 24 81 187 22 149 31 88 29 156 38 36 163 43
29 98 36 160 105 43 47 167 112 50 179 54 174 119 57 171 186 61 181 126 64 156 178 192 68 188 133 71 163 185 197 75 2 140 78 170 191 7 82 5 147 85 177 196 12 89 9 154 92 184 200 18 96 14 161 99 190 11 25 103 20 168 106 195 17 32 110 27 175 113 199 24 39 117 34 182 120 202 31 46 124 41 1 127 16 38 53 131 48 3 134 23 45 60 138 55 6 141 30 52 67 145 62 10 148 37 59 74 152 69 15 155 44 66 81 159 76 21 162 51 73 88 166 83 28 169 58 80 95 173 90 35 176 65 87 102 180 97 42 183 72 94 109 187 104 49 189 79 101 116 193 111 56 194 86 108 123 4 118 63 198 93 115 130 8 125 70 201 100 122 137 13 132 77 203 107 129 144 19 139 84 22 114 136 151 26 146 91 121 143 158 33 153 128 150 165 40 135 157 172 142 164 149
30 43 37 119 50 44 90 126 57 51 145 97 133 64 58 123 152 104 140 71 65 87 130 159 111 147 78 72 94 137 166 118 154 85 79 101 144 173 125 161 92 86 108 151 180 132 168 99 93 115 158 187 139 175 106 100 122 165 193 146 182 113 107 129 172 4 153 1 120 114 136 179 8 160 3 127 121 143 186 13 167 6 134 128 150 192 19 174 10 141 135 157 197 26 181 15 148 142 164 7 33 188 21 155 149 171 12 40 2 28 162 156 178 18 47 5 35 169 163 185 25 54 9 42 176 170 191 32 61 14 49 183 177 196 39 68 20 56 189 184 200 46 75 27 63 194 190 11 53 82 34 70 198 195 17 60 89 41 77 201 199 24 67 96 48 84 203 202 31 74 103 55 91 22 16 38 81 110 62 98 29 23 45 88 117 69 105 36 52 95 124 76 112 59 102 131 83 66 109 138 73 116 80
31 149 38 120 156 45 133 127 163 52 111 140 134 170 59 75 118 147 141 177 66 18 82 125 154 148 184 73 25 89 132 161 155 190 80 32 96 139 168 162 195 87 39 103 146 175 169 199 94 46 110 153 182 176 202 101 53 117 160 1 183 16 108 60 124 167 3 189 23 115 67 131 174 6 194 30 122 74 138 181 10 198 37 129 81 145 188 15 201 44 136 88 152 2 21 203 51 143 95 159 5 28 22 58 150 102 166 9 35 29 65 157 109 173 14 42 36 72 164 116 180 20 49 43 79 171 123 187 27 56 50 86 178 130 193 34 63 57 93 185 137 4 41 70 64 100 191 144 8 48 77 71 107 196 151 13 55 84 78 114 200 158 19 62 91 85 121 11 165 26 69 98 92 128 17 172 33 76 105 99 135 24 179 40 83 112 106 142 186 47 90 119 113 192 54 97 126 197 61 104 7 68 12
32 52 39 79 59 46 203 86 66 53 77 22 93 73 60 27 84 29 100 80 67 152 34 91 36 107 87 74 159 41 98 43 114 94 81 166 48 105 50 121 101 88 173 55 112 57 128 108 95 180 62 119 64 135 115 102 187 69 126 71 142 122 109 193 76 133 78 149 129 116 4 83 140 85 156 136 123 8 90 147 92 163 143 130 13 97 154 99 170 150 137 19 104 161 106 177 157 144 26 111 168 113 184 164 151 33 118 175 120 190 171 158 40 125 182 127 195 178 165 47 132 1 134 199 185 172 54 139 3 141 202 191 179 61 146 6 148 16 196 186 68 153 10 155 23 200 192 75 160 15 162 30 11 197 82 167 21 169 37 17 7 89 174 28 176 44 24 12 96 181 35 183 51 31 18 103 188 42 189 58 38 25 110 2 49 194 65 45 117 5 56 198 72 124 9 63 201 131 14 70 138 20 145
33 158 40 38 165 47 58 45 172 54 85 65 52 179 61 182 92 72 59 186 68 83 1 99 79 66 192 75 90 3 106 86 73 197 82 97 6 113 93 80 7 89 104 10 120 100 87 12 96 111 15 127 107 94 18 103 118 21 134 114 101 25 110 125 28 141 121 108 32 117 132 35 148 128 115 39 124 139 42 155 135 122 46 131 146 49 162 142 129 53 138 153 56 169 149 136 60 145 160 63 176 156 143 67 152 167 70 183 163 150 74 159 174 77 189 170 157 81 166 181 84 194 177 164 88 173 188 91 198 184 171 95 180 2 98 201 190 178 102 187 5 105 203 195 185 109 193 9 112 22 199 191 116 4 14 119 29 202 196 123 8 20 126 36 16 200 130 13 27 133 43 23 11 137 19 34 140 50 30 17 144 26 41 147 57 37 24 151 48 154 64 44 31 55 161 71 51 62 168 78 69 175 76
34 61 41 197 68 48 101 7 75 55 51 108 12 82 62 176 58 115 18 89 69 15 183 65 122 25 96 76 21 189 72 129 32 103 83 28 194 79 136 39 110 90 35 198 86 143 46 117 97 42 201 93 150 53 124 104 49 203 100 157 60 131 111 56 22 107 164 67 138 118 63 29 114 171 74 145 125 70 36 121 178 81 152 132 77 43 128 185 88 159 139 84 50 135 191 95 166 146 91 57 142 196 102 173 153 98 64 149 200 109 180 160 105 71 156 11 116 187 167 112 78 163 17 123 193 174 119 85 170 24 130 4 181 126 92 177 31 137 8 188 133 99 184 38 144 13 2 140 106 190 45 151 19 5 147 113 195 52 158 26 9 154 120 199 59 165 33 14 161 127 202 66 172 40 20 168 134 16 73 179 47 27 175 141 23 80 186 54 182 148 30 87 192 1 155 37 94 3 162 44 6 169 10
35 167 42 159 174 49 144 166 181 56 17 151 173 188 63 128 24 158 180 2 70 189 135 31 165 187 5 77 194 142 38 172 193 9 84 198 149 45 179 4 14 91 201 156 52 186 8 20 98 203 163 59 192 13 27 105 22 170 66 197 19 34 112 29 177 73 7 26 41 119 36 184 80 12 33 48 126 43 190 87 18 40 55 133 50 195 94 25 47 62 140 57 199 101 32 54 69 147 64 202 108 39 61 76 154 71 16 115 46 68 83 161 78 23 122 53 75 90 168 85 30 129 60 82 97 175 92 37 136 67 89 104 182 99 44 143 74 96 111 1 106 51 150 81 103 118 3 113 58 157 88 110 125 6 120 65 164 95 117 132 10 127 72 171 102 124 139 15 134 79 178 109 131 146 21 141 86 185 116 138 153 28 148 93 191 123 145 160 155 100 196 130 152 162 107 200 137 169 114 11 176 121 183
36 10 43 125 15 50 96 132 21 57 151 103 139 28 64 129 158 110 146 35 71 93 136 165 117 153 42 78 100 143 172 124 160 49 85 107 150 179 131 167 56 92 114 157 186 138 174 63 99 121 164 192 145 181 70 106 128 171 197 152 188 77 113 135 178 7 159 2 84 120 142 185 12 166 5 91 127 149 191 18 173 9 98 134 156 196 25 180 14 105 141 163 200 32 187 20 112 148 170 11 39 193 27 119 155 177 17 46 4 34 126 162 184 24 53 8 41 133 169 190 31 60 13 48 140 176 195 38 67 19 55 147 183 199 45 74 26 62 154 189 202 52 81 33 69 161 194 16 59 88 40 76 168 198 23 66 95 47 83 175 201 30 73 102 54 90 182 203 37 80 109 61 97 1 22 44 87 116 68 104 3 29 51 94 123 75 111 6 58 101 130 82 118 65 108 137 89 72 115 144 79 122 86
37 155 44 84 162 51 139 91 169 58 117 146 98 176 65 81 124 153 105 183 72 24 88 131 160 112 189 79 31 95 138 167 119 194 86 38 102 145 174 126 198 93 45 109 152 181 133 201 100 52 116 159 188 140 203 107 59 123 166 2 147 22 114 66 130 173 5 154 29 121 73 137 180 9 161 36 128 80 144 187 14 168 43 135 87 151 193 20 175 50 142 94 158 4 27 182 57 149 101 165 8 34 1 64 156 108 172 13 41 3 71 163 115 179 19 48 6 78 170 122 186 26 55 10 85 177 129 192 33 62 15 92 184 136 197 40 69 21 99 190 143 7 47 76 28 106 195 150 12 54 83 35 113 199 157 18 61 90 42 120 202 164 25 68 97 49 127 16 171 32 75 104 56 134 23 178 39 82 111 63 141 30 185 46 89 118 70 148 191 53 96 125 77 196 60 103 132 200 67 110 11 74 17
38 58 45 85 65 52 182 92 72 59 83 1 99 79 66 33 90 3 106 86 73 158 40 97 6 113 93 80 165 47 104 10 120 100 87 172 54 111 15 127 107 94 179 61 118 21 134 114 101 186 68 125 28 141 121 108 192 75 132 35 148 128 115 197 82 139 42 155 135 122 7 89 146 49 162 142 129 12 96 153 56 169 149 136 18 103 160 63 176 156 143 25 110 167 70 183 163 150 32 117 174 77 189 170 157 39 124 181 84 194 177 164 46 131 188 91 198 184 171 53 138 2 98 201 190 178 60 145 5 105 203 195 185 67 152 9 112 22 199 191 74 159 14 119 29 202 196 81 166 20 126 36 16 200 88 173 27 133 43 23 11 95 180 34 140 50 30 17 102 187 41 147 57 37 24 109 193 48 154 64 44 31 116 4 55 161 71 51 123 8 62 168 78 130 13 69 175 137 19 76 144 26 151
39 164 46 44 171 53 64 51 178 60 49 71 58 185 67 188 56 78 65 191 74 89 2 63 85 72 196 81 96 5 70 92 79 200 88 103 9 77 99 86 11 95 110 14 84 106 93 17 102 117 20 91 113 100 24 109 124 27 98 120 107 31 116 131 34 105 127 114 38 123 138 41 112 134 121 45 130 145 48 119 141 128 52 137 152 55 126 148 135 59 144 159 62 133 155 142 66 151 166 69 140 162 149 73 158 173 76 147 169 156 80 165 180 83 154 176 163 87 172 187 90 161 183 170 94 179 193 97 168 189 177 101 186 4 104 175 194 184 108 192 8 111 182 198 190 115 197 13 118 1 201 195 122 7 19 125 3 203 199 129 12 26 132 6 22 202 136 18 33 139 10 29 16 143 25 40 146 15 36 23 150 32 47 153 21 43 30 157 54 160 28 50 37 61 167 35 57 68 174 42 75 181 82
40 67 47 200 74 54 107 11 81 61 57 114 17 88 68 140 64 121 24 95 75 20 147 71 128 31 102 82 27 154 78 135 38 109 89 34 161 85 142 45 116 96 41 168 92 149 52 123 103 48 175 99 156 59 130 110 55 182 106 163 66 137 117 62 1 113 170 73 144 124 69 3 120 177 80 151 131 76 6 127 184 87 158 138 83 10 134 190 94 165 145 90 15 141 195 101 172 152 97 21 148 199 108 179 159 104 28 155 202 115 186 166 111 35 162 16 122 192 173 118 42 169 23 129 197 180 125 49 176 30 136 7 187 132 56 183 37 143 12 193 139 63 189 44 150 18 4 146 70 194 51 157 25 8 153 77 198 58 164 32 13 160 84 201 65 171 39 19 167 91 203 72 178 46 26 174 98 22 79 185 53 33 181 105 29 86 191 60 188 112 36 93 196 2 119 43 100 5 126 50 9 133 14
41 173 48 165 180 55 150 172 187 62 23 157 179 193 69 134 30 164 186 4 76 154 141 37 171 192 8 83 161 148 44 178 197 13 90 168 155 51 185 7 19 97 175 162 58 191 12 26 104 182 169 65 196 18 33 111 1 176 72 200 25 40 118 3 183 79 11 32 47 125 6 189 86 17 39 54 132 10 194 93 24 46 61 139 15 198 100 31 53 68 146 21 201 107 38 60 75 153 28 203 114 45 67 82 160 35 22 121 52 74 89 167 42 29 128 59 81 96 174 49 36 135 66 88 103 181 56 43 142 73 95 110 188 63 50 149 80 102 117 2 70 57 156 87 109 124 5 77 64 163 94 116 131 9 84 71 170 101 123 138 14 91 78 177 108 130 145 20 98 85 184 115 137 152 27 105 92 190 122 144 159 34 112 99 195 129 151 166 119 106 199 136 158 126 113 202 143 133 120 16 140 127 147
42 76 49 124 83 56 192 131 90 63 191 197 138 97 70 86 196 7 145 104 77 127 93 200 12 152 111 84 134 100 11 18 159 118 91 141 107 17 25 166 125 98 148 114 24 32 173 132 105 155 121 31 39 180 139 112 162 128 38 46 187 146 119 169 135 45 53 193 153 126 176 142 52 60 4 160 133 183 149 59 67 8 167 140 189 156 66 74 13 174 147 194 163 73 81 19 181 154 198 170 80 88 26 188 161 201 177 87 95 33 2 168 203 184 94 102 40 5 175 22 190 101 109 47 9 182 29 195 108 116 54 14 1 36 199 115 123 61 20 3 43 202 122 130 68 27 6 50 16 129 137 75 34 10 57 23 136 144 82 41 15 64 30 143 151 89 48 21 71 37 150 158 96 55 28 78 44 157 165 103 62 35 85 51 164 172 110 69 92 58 171 179 117 99 65 178 186 106 72 185 113 79 120
43 119 50 90 126 57 145 97 133 64 123 152 104 140 71 87 130 159 111 147 78 30 94 137 166 118 154 85 37 101 144 173 125 161 92 44 108 151 180 132 168 99 51 115 158 187 139 175 106 58 122 165 193 146 182 113 65 129 172 4 153 1 120 72 136 179 8 160 3 127 79 143 186 13 167 6 134 86 150 192 19 174 10 141 93 157 197 26 181 15 148 100 164 7 33 188 21 155 107 171 12 40 2 28 162 114 178 18 47 5 35 169 121 185 25 54 9 42 176 128 191 32 61 14 49 183 135 196 39 68 20 56 189 142 200 46 75 27 63 194 149 11 53 82 34 70 198 156 17 60 89 41 77 201 163 24 67 96 48 84 203 170 31 74 103 55 91 22 177 38 81 110 62 98 29 184 45 88 117 69 105 36 190 52 95 124 76 112 195 59 102 131 83 199 66 109 138 202 73 116 16 80 23
44 64 51 49 71 58 188 56 78 65 89 2 63 85 72 39 96 5 70 92 79 164 46 103 9 77 99 86 171 53 110 14 84 106 93 178 60 117 20 91 113 100 185 67 124 27 98 120 107 191 74 131 34 105 127 114 196 81 138 41 112 134 121 200 88 145 48 119 141 128 11 95 152 55 126 148 135 17 102 159 62 133 155 142 24 109 166 69 140 162 149 31 116 173 76 147 169 156 38 123 180 83 154 176 163 45 130 187 90 161 183 170 52 137 193 97 168 189 177 59 144 4 104 175 194 184 66 151 8 111 182 198 190 73 158 13 118 1 201 195 80 165 19 125 3 203 199 87 172 26 132 6 22 202 94 179 33 139 10 29 16 101 186 40 146 15 36 23 108 192 47 153 21 43 30 115 197 54 160 28 50 37 122 7 61 167 35 57 129 12 68 174 42 136 18 75 181 143 25 82 150 32 157
45 170 52 50 177 59 28 57 184 66 55 35 64 190 73 193 62 42 71 195 80 95 4 69 49 78 199 87 102 8 76 56 85 202 94 109 13 83 63 92 16 101 116 19 90 70 99 23 108 123 26 97 77 106 30 115 130 33 104 84 113 37 122 137 40 111 91 120 44 129 144 47 118 98 127 51 136 151 54 125 105 134 58 143 158 61 132 112 141 65 150 165 68 139 119 148 72 157 172 75 146 126 155 79 164 179 82 153 133 162 86 171 186 89 160 140 169 93 178 192 96 167 147 176 100 185 197 103 174 154 183 107 191 7 110 181 161 189 114 196 12 117 188 168 194 121 200 18 124 2 175 198 128 11 25 131 5 182 201 135 17 32 138 9 1 203 142 24 39 145 14 3 22 149 31 46 152 20 6 29 156 38 53 159 27 10 36 163 60 166 34 15 43 67 173 41 21 74 180 48 81 187 88
46 73 53 202 80 60 113 16 87 67 21 120 23 94 74 146 28 127 30 101 81 26 153 35 134 37 108 88 33 160 42 141 44 115 95 40 167 49 148 51 122 102 47 174 56 155 58 129 109 54 181 63 162 65 136 116 61 188 70 169 72 143 123 68 2 77 176 79 150 130 75 5 84 183 86 157 137 82 9 91 189 93 164 144 89 14 98 194 100 171 151 96 20 105 198 107 178 158 103 27 112 201 114 185 165 110 34 119 203 121 191 172 117 41 126 22 128 196 179 124 48 133 29 135 200 186 131 55 140 36 142 11 192 138 62 147 43 149 17 197 145 69 154 50 156 24 7 152 76 161 57 163 31 12 159 83 168 64 170 38 18 166 90 175 71 177 45 25 173 97 182 78 184 52 32 180 104 1 85 190 59 39 187 111 3 92 195 66 193 118 6 99 199 4 125 10 106 8 132 15 13 139 19
47 179 54 171 186 61 156 178 192 68 29 163 185 197 75 98 36 170 191 7 82 160 105 43 177 196 12 89 167 112 50 184 200 18 96 174 119 57 190 11 25 103 181 126 64 195 17 32 110 188 133 71 199 24 39 117 2 140 78 202 31 46 124 5 147 85 16 38 53 131 9 154 92 23 45 60 138 14 161 99 30 52 67 145 20 168 106 37 59 74 152 27 175 113 44 66 81 159 34 182 120 51 73 88 166 41 1 127 58 80 95 173 48 3 134 65 87 102 180 55 6 141 72 94 109 187 62 10 148 79 101 116 193 69 15 155 86 108 123 4 76 21 162 93 115 130 8 83 28 169 100 122 137 13 90 35 176 107 129 144 19 97 42 183 114 136 151 26 104 49 189 121 143 158 33 111 56 194 128 150 165 40 118 63 198 135 157 172 125 70 201 142 164 132 77 203 149 139 84 22 146 91 153
48 82 55 130 89 62 196 137 96 69 195 200 144 103 76 92 199 11 151 110 83 91 99 202 17 158 117 90 98 106 16 24 165 124 97 105 113 23 31 172 131 104 112 120 30 38 179 138 111 119 127 37 45 186 145 118 126 134 44 52 192 152 125 133 141 51 59 197 159 132 140 148 58 66 7 166 139 147 155 65 73 12 173 146 154 162 72 80 18 180 153 161 169 79 87 25 187 160 168 176 86 94 32 193 167 175 183 93 101 39 4 174 182 189 100 108 46 8 181 1 194 107 115 53 13 188 3 198 114 122 60 19 2 6 201 121 129 67 26 5 10 203 128 136 74 33 9 15 22 135 143 81 40 14 21 29 142 150 88 47 20 28 36 149 157 95 54 27 35 43 156 164 102 61 34 42 50 163 171 109 68 41 49 57 170 178 116 75 56 64 177 185 123 63 71 184 191 70 78 190 77 85 84
49 188 56 89 2 63 39 96 5 70 164 46 103 9 77 44 171 53 110 14 84 64 51 178 60 117 20 91 71 58 185 67 124 27 98 78 65 191 74 131 34 105 85 72 196 81 138 41 112 92 79 200 88 145 48 119 99 86 11 95 152 55 126 106 93 17 102 159 62 133 113 100 24 109 166 69 140 120 107 31 116 173 76 147 127 114 38 123 180 83 154 134 121 45 130 187 90 161 141 128 52 137 193 97 168 148 135 59 144 4 104 175 155 142 66 151 8 111 182 162 149 73 158 13 118 1 169 156 80 165 19 125 3 176 163 87 172 26 132 6 183 170 94 179 33 139 10 189 177 101 186 40 146 15 194 184 108 192 47 153 21 198 190 115 197 54 160 28 201 195 122 7 61 167 35 203 199 129 12 68 174 42 22 202 136 18 75 181 29 16 143 25 82 36 23 150 32 43 30 157 50 37 57
50 28 57 55 35 64 193 62 42 71 95 4 69 49 78 45 102 8 76 56 85 170 52 109 13 83 63 92 177 59 116 19 90 70 99 184 66 123 26 97 77 106 190 73 130 33 104 84 113 195 80 137 40 111 91 120 199 87 144 47 118 98 127 202 94 151 54 125 105 134 16 101 158 61 132 112 141 23 108 165 68 139 119 148 30 115 172 75 146 126 155 37 122 179 82 153 133 162 44 129 186 89 160 140 169 51 136 192 96 167 147 176 58 143 197 103 174 154 183 65 150 7 110 181 161 189 72 157 12 117 188 168 194 79 164 18 124 2 175 198 86 171 25 131 5 182 201 93 178 32 138 9 1 203 100 185 39 145 14 3 22 107 191 46 152 20 6 29 114 196 53 159 27 10 36 121 200 60 166 34 15 43 128 11 67 173 41 21 135 17 74 180 48 142 24 81 187 149 31 88 156 38 163
51 176 58 15 183 65 34 21 189 72 61 41 28 194 79 197 68 48 35 198 86 101 7 75 55 42 201 93 108 12 82 62 49 203 100 115 18 89 69 56 22 107 122 25 96 76 63 29 114 129 32 103 83 70 36 121 136 39 110 90 77 43 128 143 46 117 97 84 50 135 150 53 124 104 91 57 142 157 60 131 111 98 64 149 164 67 138 118 105 71 156 171 74 145 125 112 78 163 178 81 152 132 119 85 170 185 88 159 139 126 92 177 191 95 166 146 133 99 184 196 102 173 153 140 106 190 200 109 180 160 147 113 195 11 116 187 167 154 120 199 17 123 193 174 161 127 202 24 130 4 181 168 134 16 31 137 8 188 175 141 23 38 144 13 2 182 148 30 45 151 19 5 1 155 37 52 158 26 9 3 162 44 59 165 33 14 6 169 66 172 40 20 10 73 179 47 27 80 186 54 87 192 94
52 79 59 203 86 66 77 22 93 73 27 84 29 100 80 152 34 91 36 107 87 32 159 41 98 43 114 94 39 166 48 105 50 121 101 46 173 55 112 57 128 108 53 180 62 119 64 135 115 60 187 69 126 71 142 122 67 193 76 133 78 149 129 74 4 83 140 85 156 136 81 8 90 147 92 163 143 88 13 97 154 99 170 150 95 19 104 161 106 177 157 102 26 111 168 113 184 164 109 33 118 175 120 190 171 116 40 125 182 127 195 178 123 47 132 1 134 199 185 130 54 139 3 141 202 191 137 61 146 6 148 16 196 144 68 153 10 155 23 200 151 75 160 15 162 30 11 158 82 167 21 169 37 17 165 89 174 28 176 44 24 172 96 181 35 183 51 31 179 103 188 42 189 58 38 186 110 2 49 194 65 45 192 117 5 56 198 72 197 124 9 63 201 7 131 14 70 12 138 20 18 145 25
53 185 60 177 191 67 162 184 196 74 3 169 190 200 81 104 6 176 195 11 88 166 111 10 183 199 17 95 173 118 15 189 202 24 102 180 125 21 194 16 31 109 187 132 28 198 23 38 116 193 139 35 201 30 45 123 4 146 42 203 37 52 130 8 153 49 22 44 59 137 13 160 56 29 51 66 144 19 167 63 36 58 73 151 26 174 70 43 65 80 158 33 181 77 50 72 87 165 40 188 84 57 79 94 172 47 2 91 64 86 101 179 54 5 98 71 93 108 186 61 9 105 78 100 115 192 68 14 112 85 107 122 197 75 20 119 92 114 129 7 82 27 126 99 121 136 12 89 34 133 106 128 143 18 96 41 140 113 135 150 25 103 48 147 120 142 157 32 110 55 154 127 149 164 39 117 62 161 134 156 171 46 124 69 168 141 163 178 131 76 175 148 170 138 83 182 155 145 90 1 152 97 159
54 88 61 136 95 68 199 143 102 75 198 202 150 109 82 56 201 16 157 116 89 97 63 203 23 164 123 96 104 70 22 30 171 130 103 111 77 29 37 178 137 110 118 84 36 44 185 144 117 125 91 43 51 191 151 124 132 98 50 58 196 158 131 139 105 57 65 200 165 138 146 112 64 72 11 172 145 153 119 71 79 17 179 152 160 126 78 86 24 186 159 167 133 85 93 31 192 166 174 140 92 100 38 197 173 181 147 99 107 45 7 180 188 154 106 114 52 12 187 2 161 113 121 59 18 193 5 168 120 128 66 25 4 9 175 127 135 73 32 8 14 182 134 142 80 39 13 20 1 141 149 87 46 19 27 3 148 156 94 53 26 34 6 155 163 101 60 33 41 10 162 170 108 67 40 48 15 169 177 115 74 47 55 21 176 184 122 81 62 28 183 190 129 69 35 189 195 76 42 194 83 49 90
55 193 62 95 4 69 45 102 8 76 170 52 109 13 83 50 177 59 116 19 90 28 57 184 66 123 26 97 35 64 190 73 130 33 104 42 71 195 80 137 40 111 49 78 199 87 144 47 118 56 85 202 94 151 54 125 63 92 16 101 158 61 132 70 99 23 108 165 68 139 77 106 30 115 172 75 146 84 113 37 122 179 82 153 91 120 44 129 186 89 160 98 127 51 136 192 96 167 105 134 58 143 197 103 174 112 141 65 150 7 110 181 119 148 72 157 12 117 188 126 155 79 164 18 124 2 133 162 86 171 25 131 5 140 169 93 178 32 138 9 147 176 100 185 39 145 14 154 183 107 191 46 152 20 161 189 114 196 53 159 27 168 194 121 200 60 166 34 175 198 128 11 67 173 41 182 201 135 17 74 180 48 1 203 142 24 81 187 3 22 149 31 88 6 29 156 38 10 36 163 15 43 21
56 97 63 54 104 70 88 61 111 77 136 95 68 118 84 199 143 102 75 125 91 198 202 150 109 82 132 98 201 16 157 116 89 139 105 203 23 164 123 96 146 112 22 30 171 130 103 153 119 29 37 178 137 110 160 126 36 44 185 144 117 167 133 43 51 191 151 124 174 140 50 58 196 158 131 181 147 57 65 200 165 138 188 154 64 72 11 172 145 2 161 71 79 17 179 152 5 168 78 86 24 186 159 9 175 85 93 31 192 166 14 182 92 100 38 197 173 20 1 99 107 45 7 180 27 3 106 114 52 12 187 34 6 113 121 59 18 193 41 10 120 128 66 25 4 48 15 127 135 73 32 8 55 21 134 142 80 39 13 62 28 141 149 87 46 19 69 35 148 156 94 53 26 76 42 155 163 101 60 33 83 49 162 170 108 67 40 90 169 177 115 74 47 176 184 122 81 183 190 129 189 195 194
57 140 64 20 147 71 40 27 154 78 67 47 34 161 85 200 74 54 41 168 92 107 11 81 61 48 175 99 114 17 88 68 55 182 106 121 24 95 75 62 1 113 128 31 102 82 69 3 120 135 38 109 89 76 6 127 142 45 116 96 83 10 134 149 52 123 103 90 15 141 156 59 130 110 97 21 148 163 66 137 117 104 28 155 170 73 144 124 111 35 162 177 80 151 131 118 42 169 184 87 158 138 125 49 176 190 94 165 145 132 56 183 195 101 172 152 139 63 189 199 108 179 159 146 70 194 202 115 186 166 153 77 198 16 122 192 173 160 84 201 23 129 197 180 167 91 203 30 136 7 187 174 98 22 37 143 12 193 181 105 29 44 150 18 4 188 112 36 51 157 25 8 2 119 43 58 164 32 13 5 126 50 65 171 39 19 9 133 72 178 46 26 14 79 185 53 33 86 191 60 93 196 100
58 85 65 182 92 72 83 1 99 79 33 90 3 106 86 158 40 97 6 113 93 38 165 47 104 10 120 100 45 172 54 111 15 127 107 52 179 61 118 21 134 114 59 186 68 125 28 141 121 66 192 75 132 35 148 128 73 197 82 139 42 155 135 80 7 89 146 49 162 142 87 12 96 153 56 169 149 94 18 103 160 63 176 156 101 25 110 167 70 183 163 108 32 117 174 77 189 170 115 39 124 181 84 194 177 122 46 131 188 91 198 184 129 53 138 2 98 201 190 136 60 145 5 105 203 195 143 67 152 9 112 22 199 150 74 159 14 119 29 202 157 81 166 20 126 36 16 164 88 173 27 133 43 23 171 95 180 34 140 50 30 178 102 187 41 147 57 37 185 109 193 48 154 64 44 191 116 4 55 161 71 51 196 123 8 62 168 78 200 130 13 69 175 11 137 19 76 17 144 26 24 151 31
59 190 66 183 195 73 126 189 199 80 5 133 194 202 87 110 9 140 198 16 94 172 117 14 147 201 23 101 179 124 20 154 203 30 108 186 131 27 161 22 37 115 192 138 34 168 29 44 122 197 145 41 175 36 51 129 7 152 48 182 43 58 136 12 159 55 1 50 65 143 18 166 62 3 57 72 150 25 173 69 6 64 79 157 32 180 76 10 71 86 164 39 187 83 15 78 93 171 46 193 90 21 85 100 178 53 4 97 28 92 107 185 60 8 104 35 99 114 191 67 13 111 42 106 121 196 74 19 118 49 113 128 200 81 26 125 56 120 135 11 88 33 132 63 127 142 17 95 40 139 70 134 149 24 102 47 146 77 141 156 31 109 54 153 84 148 163 38 116 61 160 91 155 170 45 123 68 167 98 162 177 52 130 75 174 105 169 184 137 82 181 112 176 144 89 188 119 151 96 2 158 103 165
60 94 67 142 101 74 201 149 108 81 168 203 156 115 88 62 175 22 163 122 95 103 69 182 29 170 129 102 110 76 1 36 177 136 109 117 83 3 43 184 143 116 124 90 6 50 190 150 123 131 97 10 57 195 157 130 138 104 15 64 199 164 137 145 111 21 71 202 171 144 152 118 28 78 16 178 151 159 125 35 85 23 185 158 166 132 42 92 30 191 165 173 139 49 99 37 196 172 180 146 56 106 44 200 179 187 153 63 113 51 11 186 193 160 70 120 58 17 192 4 167 77 127 65 24 197 8 174 84 134 72 31 7 13 181 91 141 79 38 12 19 188 98 148 86 45 18 26 2 105 155 93 52 25 33 5 112 162 100 59 32 40 9 119 169 107 66 39 47 14 126 176 114 73 46 54 20 133 183 121 80 53 61 27 140 189 128 87 68 34 147 194 135 75 41 154 198 82 48 161 89 55 96
61 197 68 101 7 75 51 108 12 82 176 58 115 18 89 15 183 65 122 25 96 34 21 189 72 129 32 103 41 28 194 79 136 39 110 48 35 198 86 143 46 117 55 42 201 93 150 53 124 62 49 203 100 157 60 131 69 56 22 107 164 67 138 76 63 29 114 171 74 145 83 70 36 121 178 81 152 90 77 43 128 185 88 159 97 84 50 135 191 95 166 104 91 57 142 196 102 173 111 98 64 149 200 109 180 118 105 71 156 11 116 187 125 112 78 163 17 123 193 132 119 85 170 24 130 4 139 126 92 177 31 137 8 146 133 99 184 38 144 13 153 140 106 190 45 151 19 160 147 113 195 52 158 26 167 154 120 199 59 165 33 174 161 127 202 66 172 40 181 168 134 16 73 179 47 188 175 141 23 80 186 54 2 182 148 30 87 192 5 1 155 37 94 9 3 162 44 14 6 169 20 10 27
62 103 69 60 110 76 94 67 117 83 142 101 74 124 90 201 149 108 81 131 97 168 203 156 115 88 138 104 175 22 163 122 95 145 111 182 29 170 129 102 152 118 1 36 177 136 109 159 125 3 43 184 143 116 166 132 6 50 190 150 123 173 139 10 57 195 157 130 180 146 15 64 199 164 137 187 153 21 71 202 171 144 193 160 28 78 16 178 151 4 167 35 85 23 185 158 8 174 42 92 30 191 165 13 181 49 99 37 196 172 19 188 56 106 44 200 179 26 2 63 113 51 11 186 33 5 70 120 58 17 192 40 9 77 127 65 24 197 47 14 84 134 72 31 7 54 20 91 141 79 38 12 61 27 98 148 86 45 18 68 34 105 155 93 52 25 75 41 112 162 100 59 32 82 48 119 169 107 66 39 89 55 126 176 114 73 46 96 133 183 121 80 53 140 189 128 87 147 194 135 154 198 161
63 9 70 19 14 77 137 26 20 84 108 144 33 27 91 163 115 151 40 34 98 141 170 122 158 47 41 105 148 177 129 165 54 48 112 155 184 136 172 61 55 119 162 190 143 179 68 62 126 169 195 150 186 75 69 133 176 199 157 192 82 76 140 183 202 164 197 89 83 147 189 16 171 7 96 90 154 194 23 178 12 103 97 161 198 30 185 18 110 104 168 201 37 191 25 117 111 175 203 44 196 32 124 118 182 22 51 200 39 131 125 1 29 58 11 46 138 132 3 36 65 17 53 145 139 6 43 72 24 60 152 146 10 50 79 31 67 159 153 15 57 86 38 74 166 160 21 64 93 45 81 173 167 28 71 100 52 88 180 174 35 78 107 59 95 187 181 42 85 114 66 102 193 188 49 92 121 73 109 4 2 56 99 128 80 116 8 5 106 135 87 123 13 113 142 94 130 120 149 101 127 156 134
64 49 71 188 56 78 89 2 63 85 39 96 5 70 92 164 46 103 9 77 99 44 171 53 110 14 84 106 51 178 60 117 20 91 113 58 185 67 124 27 98 120 65 191 74 131 34 105 127 72 196 81 138 41 112 134 79 200 88 145 48 119 141 86 11 95 152 55 126 148 93 17 102 159 62 133 155 100 24 109 166 69 140 162 107 31 116 173 76 147 169 114 38 123 180 83 154 176 121 45 130 187 90 161 183 128 52 137 193 97 168 189 135 59 144 4 104 175 194 142 66 151 8 111 182 198 149 73 158 13 118 1 201 156 80 165 19 125 3 203 163 87 172 26 132 6 22 170 94 179 33 139 10 29 177 101 186 40 146 15 36 184 108 192 47 153 21 43 190 115 197 54 160 28 50 195 122 7 61 167 35 57 199 129 12 68 174 42 202 136 18 75 181 16 143 25 82 23 150 32 30 157 37
65 194 72 147 198 79 132 154 201 86 8 139 161 203 93 116 13 146 168 22 100 178 123 19 153 175 29 107 185 130 26 160 182 36 114 191 137 33 167 1 43 121 196 144 40 174 3 50 128 200 151 47 181 6 57 135 11 158 54 188 10 64 142 17 165 61 2 15 71 149 24 172 68 5 21 78 156 31 179 75 9 28 85 163 38 186 82 14 35 92 170 45 192 89 20 42 99 177 52 197 96 27 49 106 184 59 7 103 34 56 113 190 66 12 110 41 63 120 195 73 18 117 48 70 127 199 80 25 124 55 77 134 202 87 32 131 62 84 141 16 94 39 138 69 91 148 23 101 46 145 76 98 155 30 108 53 152 83 105 162 37 115 60 159 90 112 169 44 122 67 166 97 119 176 51 129 74 173 104 126 183 58 136 81 180 111 133 189 143 88 187 118 140 150 95 193 125 157 102 4 164 109 171
66 100 73 148 107 80 175 155 114 87 174 182 162 121 94 68 181 1 169 128 101 109 75 188 3 176 135 108 116 82 2 6 183 142 115 123 89 5 10 189 149 122 130 96 9 15 194 156 129 137 103 14 21 198 163 136 144 110 20 28 201 170 143 151 117 27 35 203 177 150 158 124 34 42 22 184 157 165 131 41 49 29 190 164 172 138 48 56 36 195 171 179 145 55 63 43 199 178 186 152 62 70 50 202 185 192 159 69 77 57 16 191 197 166 76 84 64 23 196 7 173 83 91 71 30 200 12 180 90 98 78 37 11 18 187 97 105 85 44 17 25 193 104 112 92 51 24 32 4 111 119 99 58 31 39 8 118 126 106 65 38 46 13 125 133 113 72 45 53 19 132 140 120 79 52 60 26 139 147 127 86 59 67 33 146 154 134 93 74 40 153 161 141 81 47 160 168 88 54 167 95 61 102
67 200 74 107 11 81 57 114 17 88 140 64 121 24 95 20 147 71 128 31 102 40 27 154 78 135 38 109 47 34 161 85 142 45 116 54 41 168 92 149 52 123 61 48 175 99 156 59 130 68 55 182 106 163 66 137 75 62 1 113 170 73 144 82 69 3 120 177 80 151 89 76 6 127 184 87 158 96 83 10 134 190 94 165 103 90 15 141 195 101 172 110 97 21 148 199 108 179 117 104 28 155 202 115 186 124 111 35 162 16 122 192 131 118 42 169 23 129 197 138 125 49 176 30 136 7 145 132 56 183 37 143 12 152 139 63 189 44 150 18 159 146 70 194 51 157 25 166 153 77 198 58 164 32 173 160 84 201 65 171 39 180 167 91 203 72 178 46 187 174 98 22 79 185 53 193 181 105 29 86 191 60 4 188 112 36 93 196 8 2 119 43 100 13 5 126 50 19 9 133 26 14 33
68 109 75 66 116 82 100 73 123 89 148 107 80 130 96 175 155 114 87 137 103 174 182 162 121 94 144 110 181 1 169 128 101 151 117 188 3 176 135 108 158 124 2 6 183 142 115 165 131 5 10 189 149 122 172 138 9 15 194 156 129 179 145 14 21 198 163 136 186 152 20 28 201 170 143 192 159 27 35 203 177 150 197 166 34 42 22 184 157 7 173 41 49 29 190 164 12 180 48 56 36 195 171 18 187 55 63 43 199 178 25 193 62 70 50 202 185 32 4 69 77 57 16 191 39 8 76 84 64 23 196 46 13 83 91 71 30 200 53 19 90 98 78 37 11 60 26 97 105 85 44 17 67 33 104 112 92 51 24 74 40 111 119 99 58 31 81 47 118 126 106 65 38 88 54 125 133 113 72 45 95 61 132 140 120 79 52 102 139 147 127 86 59 146 154 134 93 153 161 141 160 168 167
69 13 76 25 19 83 143 32 26 90 114 150 39 33 97 169 121 157 46 40 104 105 176 128 164 53 47 111 112 183 135 171 60 54 118 119 189 142 178 67 61 125 126 194 149 185 74 68 132 133 198 156 191 81 75 139 140 201 163 196 88 82 146 147 203 170 200 95 89 153 154 22 177 11 102 96 160 161 29 184 17 109 103 167 168 36 190 24 116 110 174 175 43 195 31 123 117 181 182 50 199 38 130 124 188 1 57 202 45 137 131 2 3 64 16 52 144 138 5 6 71 23 59 151 145 9 10 78 30 66 158 152 14 15 85 37 73 165 159 20 21 92 44 80 172 166 27 28 99 51 87 179 173 34 35 106 58 94 186 180 41 42 113 65 101 192 187 48 49 120 72 108 197 193 55 56 127 79 115 7 4 62 63 134 86 122 12 8 70 141 93 129 18 77 148 100 136 84 155 107 91 162 98
70 118 77 187 125 84 186 193 132 91 80 192 4 139 98 121 87 197 8 146 105 78 128 94 7 13 153 112 85 135 101 12 19 160 119 92 142 108 18 26 167 126 99 149 115 25 33 174 133 106 156 122 32 40 181 140 113 163 129 39 47 188 147 120 170 136 46 54 2 154 127 177 143 53 61 5 161 134 184 150 60 68 9 168 141 190 157 67 75 14 175 148 195 164 74 82 20 182 155 199 171 81 89 27 1 162 202 178 88 96 34 3 169 16 185 95 103 41 6 176 23 191 102 110 48 10 183 30 196 109 117 55 15 189 37 200 116 124 62 21 194 44 11 123 131 69 28 198 51 17 130 138 76 35 201 58 24 137 145 83 42 203 65 31 144 152 90 49 22 72 38 151 159 97 56 29 79 45 158 166 104 63 36 86 52 165 173 111 43 93 59 172 180 50 100 66 179 57 107 73 64 114 71
71 161 78 153 168 85 138 160 175 92 12 145 167 182 99 122 18 152 174 1 106 184 129 25 159 181 3 113 190 136 32 166 188 6 120 195 143 39 173 2 10 127 199 150 46 180 5 15 134 202 157 53 187 9 21 141 16 164 60 193 14 28 148 23 171 67 4 20 35 155 30 178 74 8 27 42 162 37 185 81 13 34 49 169 44 191 88 19 41 56 176 51 196 95 26 48 63 183 58 200 102 33 55 70 189 65 11 109 40 62 77 194 72 17 116 47 69 84 198 79 24 123 54 76 91 201 86 31 130 61 83 98 203 93 38 137 68 90 105 22 100 45 144 75 97 112 29 107 52 151 82 104 119 36 114 59 158 89 111 126 43 121 66 165 96 118 133 50 128 73 172 103 125 140 57 135 80 179 110 132 147 64 142 87 186 117 139 154 149 94 192 124 146 156 101 197 131 163 108 7 170 115 177
72 106 79 112 113 86 181 119 120 93 180 188 126 127 100 74 187 2 133 134 107 115 81 193 5 140 141 114 122 88 4 9 147 148 121 129 95 8 14 154 155 128 136 102 13 20 161 162 135 143 109 19 27 168 169 142 150 116 26 34 175 176 149 157 123 33 41 182 183 156 164 130 40 48 1 189 163 171 137 47 55 3 194 170 178 144 54 62 6 198 177 185 151 61 69 10 201 184 191 158 68 76 15 203 190 196 165 75 83 21 22 195 200 172 82 90 28 29 199 11 179 89 97 35 36 202 17 186 96 104 42 43 16 24 192 103 111 49 50 23 31 197 110 118 56 57 30 38 7 117 125 63 64 37 45 12 124 132 70 71 44 52 18 131 139 77 78 51 59 25 138 146 84 85 58 66 32 145 153 91 92 65 73 39 152 160 98 99 80 46 159 167 105 87 53 166 174 94 60 173 101 67 108
73 202 80 113 16 87 21 120 23 94 146 28 127 30 101 26 153 35 134 37 108 46 33 160 42 141 44 115 53 40 167 49 148 51 122 60 47 174 56 155 58 129 67 54 181 63 162 65 136 74 61 188 70 169 72 143 81 68 2 77 176 79 150 88 75 5 84 183 86 157 95 82 9 91 189 93 164 102 89 14 98 194 100 171 109 96 20 105 198 107 178 116 103 27 112 201 114 185 123 110 34 119 203 121 191 130 117 41 126 22 128 196 137 124 48 133 29 135 200 144 131 55 140 36 142 11 151 138 62 147 43 149 17 158 145 69 154 50 156 24 165 152 76 161 57 163 31 172 159 83 168 64 170 38 179 166 90 175 71 177 45 186 173 97 182 78 184 52 192 180 104 1 85 190 59 197 187 111 3 92 195 66 7 193 118 6 99 199 12 4 125 10 106 18 8 132 15 25 13 139 32 19 39
74 115 81 72 122 88 106 79 129 95 112 113 86 136 102 181 119 120 93 143 109 180 188 126 127 100 150 116 187 2 133 134 107 157 123 193 5 140 141 114 164 130 4 9 147 148 121 171 137 8 14 154 155 128 178 144 13 20 161 162 135 185 151 19 27 168 169 142 191 158 26 34 175 176 149 196 165 33 41 182 183 156 200 172 40 48 1 189 163 11 179 47 55 3 194 170 17 186 54 62 6 198 177 24 192 61 69 10 201 184 31 197 68 76 15 203 190 38 7 75 83 21 22 195 45 12 82 90 28 29 199 52 18 89 97 35 36 202 59 25 96 104 42 43 16 66 32 103 111 49 50 23 73 39 110 118 56 57 30 80 46 117 125 63 64 37 87 53 124 132 70 71 44 94 60 131 139 77 78 51 101 67 138 146 84 85 58 108 145 153 91 92 65 152 160 98 99 159 167 105 166 174 173
75 18 82 31 25 89 149 38 32 96 120 156 45 39 103 133 127 163 52 46 110 111 140 134 170 59 53 117 118 147 141 177 66 60 124 125 154 148 184 73 67 131 132 161 155 190 80 74 138 139 168 162 195 87 81 145 146 175 169 199 94 88 152 153 182 176 202 101 95 159 160 1 183 16 108 102 166 167 3 189 23 115 109 173 174 6 194 30 122 116 180 181 10 198 37 129 123 187 188 15 201 44 136 130 193 2 21 203 51 143 137 4 5 28 22 58 150 144 8 9 35 29 65 157 151 13 14 42 36 72 164 158 19 20 49 43 79 171 165 26 27 56 50 86 178 172 33 34 63 57 93 185 179 40 41 70 64 100 191 186 47 48 77 71 107 196 192 54 55 84 78 114 200 197 61 62 91 85 121 11 7 68 69 98 92 128 17 12 76 105 99 135 24 83 112 106 142 90 119 113 97 126 104
76 124 83 192 131 90 191 197 138 97 86 196 7 145 104 127 93 200 12 152 111 42 134 100 11 18 159 118 49 141 107 17 25 166 125 56 148 114 24 32 173 132 63 155 121 31 39 180 139 70 162 128 38 46 187 146 77 169 135 45 53 193 153 84 176 142 52 60 4 160 91 183 149 59 67 8 167 98 189 156 66 74 13 174 105 194 163 73 81 19 181 112 198 170 80 88 26 188 119 201 177 87 95 33 2 126 203 184 94 102 40 5 133 22 190 101 109 47 9 140 29 195 108 116 54 14 147 36 199 115 123 61 20 154 43 202 122 130 68 27 161 50 16 129 137 75 34 168 57 23 136 144 82 41 175 64 30 143 151 89 48 182 71 37 150 158 96 55 1 78 44 157 165 103 62 3 85 51 164 172 110 69 6 92 58 171 179 117 10 99 65 178 186 15 106 72 185 21 113 79 28 120 35
77 27 84 152 34 91 32 159 41 98 52 39 166 48 105 79 59 46 173 55 112 203 86 66 53 180 62 119 22 93 73 60 187 69 126 29 100 80 67 193 76 133 36 107 87 74 4 83 140 43 114 94 81 8 90 147 50 121 101 88 13 97 154 57 128 108 95 19 104 161 64 135 115 102 26 111 168 71 142 122 109 33 118 175 78 149 129 116 40 125 182 85 156 136 123 47 132 1 92 163 143 130 54 139 3 99 170 150 137 61 146 6 106 177 157 144 68 153 10 113 184 164 151 75 160 15 120 190 171 158 82 167 21 127 195 178 165 89 174 28 134 199 185 172 96 181 35 141 202 191 179 103 188 42 148 16 196 186 110 2 49 155 23 200 192 117 5 56 162 30 11 197 124 9 63 169 37 17 7 131 14 70 176 44 24 12 138 20 183 51 31 18 145 189 58 38 25 194 65 45 198 72 201
78 70 85 118 77 92 187 125 84 99 186 193 132 91 106 80 192 4 139 98 113 121 87 197 8 146 105 120 128 94 7 13 153 112 127 135 101 12 19 160 119 134 142 108 18 26 167 126 141 149 115 25 33 174 133 148 156 122 32 40 181 140 155 163 129 39 47 188 147 162 170 136 46 54 2 154 169 177 143 53 61 5 161 176 184 150 60 68 9 168 183 190 157 67 75 14 175 189 195 164 74 82 20 182 194 199 171 81 89 27 1 198 202 178 88 96 34 3 201 16 185 95 103 41 6 203 23 191 102 110 48 10 22 30 196 109 117 55 15 29 37 200 116 124 62 21 36 44 11 123 131 69 28 43 51 17 130 138 76 35 50 58 24 137 145 83 42 57 65 31 144 152 90 49 64 72 38 151 159 97 56 71 79 45 158 166 104 63 86 52 165 173 111 93 59 172 180 100 66 179 107 73 114
79 203 86 77 22 93 27 84 29 100 152 34 91 36 107 32 159 41 98 43 114 52 39 166 48 105 50 121 59 46 173 55 112 57 128 66 53 180 62 119 64 135 73 60 187 69 126 71 142 80 67 193 76 133 78 149 87 74 4 83 140 85 156 94 81 8 90 147 92 163 101 88 13 97 154 99 170 108 95 19 104 161 106 177 115 102 26 111 168 113 184 122 109 33 118 175 120 190 129 116 40 125 182 127 195 136 123 47 132 1 134 199 143 130 54 139 3 141 202 150 137 61 146 6 148 16 157 144 68 153 10 155 23 164 151 75 160 15 162 30 171 158 82 167 21 169 37 178 165 89 174 28 176 44 185 172 96 181 35 183 51 191 179 103 188 42 189 58 196 186 110 2 49 194 65 200 192 117 5 56 198 72 11 197 124 9 63 201 17 7 131 14 70 24 12 138 20 31 18 145 38 25 45
80 121 87 78 128 94 70 85 135 101 118 77 92 142 108 187 125 84 99 149 115 186 193 132 91 106 156 122 192 4 139 98 113 163 129 197 8 146 105 120 170 136 7 13 153 112 127 177 143 12 19 160 119 134 184 150 18 26 167 126 141 190 157 25 33 174 133 148 195 164 32 40 181 140 155 199 171 39 47 188 147 162 202 178 46 54 2 154 169 16 185 53 61 5 161 176 23 191 60 68 9 168 183 30 196 67 75 14 175 189 37 200 74 82 20 182 194 44 11 81 89 27 1 198 51 17 88 96 34 3 201 58 24 95 103 41 6 203 65 31 102 110 48 10 22 72 38 109 117 55 15 29 79 45 116 124 62 21 36 86 52 123 131 69 28 43 93 59 130 138 76 35 50 100 66 137 145 83 42 57 107 73 144 152 90 49 64 114 151 159 97 56 71 158 166 104 63 165 173 111 172 180 179
81 24 88 37 31 95 155 44 38 102 84 162 51 45 109 139 91 169 58 52 116 117 146 98 176 65 59 123 124 153 105 183 72 66 130 131 160 112 189 79 73 137 138 167 119 194 86 80 144 145 174 126 198 93 87 151 152 181 133 201 100 94 158 159 188 140 203 107 101 165 166 2 147 22 114 108 172 173 5 154 29 121 115 179 180 9 161 36 128 122 186 187 14 168 43 135 129 192 193 20 175 50 142 136 197 4 27 182 57 149 143 7 8 34 1 64 156 150 12 13 41 3 71 163 157 18 19 48 6 78 170 164 25 26 55 10 85 177 171 32 33 62 15 92 184 178 39 40 69 21 99 190 185 46 47 76 28 106 195 191 53 54 83 35 113 199 196 60 61 90 42 120 202 200 67 68 97 49 127 16 11 74 75 104 56 134 23 17 82 111 63 141 30 89 118 70 148 96 125 77 103 132 110
82 130 89 196 137 96 195 200 144 103 92 199 11 151 110 91 99 202 17 158 117 48 98 106 16 24 165 124 55 105 113 23 31 172 131 62 112 120 30 38 179 138 69 119 127 37 45 186 145 76 126 134 44 52 192 152 83 133 141 51 59 197 159 90 140 148 58 66 7 166 97 147 155 65 73 12 173 104 154 162 72 80 18 180 111 161 169 79 87 25 187 118 168 176 86 94 32 193 125 175 183 93 101 39 4 132 182 189 100 108 46 8 139 1 194 107 115 53 13 146 3 198 114 122 60 19 153 6 201 121 129 67 26 160 10 203 128 136 74 33 167 15 22 135 143 81 40 174 21 29 142 150 88 47 181 28 36 149 157 95 54 188 35 43 156 164 102 61 2 42 50 163 171 109 68 5 49 57 170 178 116 75 9 56 64 177 185 123 14 63 71 184 191 20 70 78 190 27 77 85 34 84 41
83 33 90 158 40 97 38 165 47 104 58 45 172 54 111 85 65 52 179 61 118 182 92 72 59 186 68 125 1 99 79 66 192 75 132 3 106 86 73 197 82 139 6 113 93 80 7 89 146 10 120 100 87 12 96 153 15 127 107 94 18 103 160 21 134 114 101 25 110 167 28 141 121 108 32 117 174 35 148 128 115 39 124 181 42 155 135 122 46 131 188 49 162 142 129 53 138 2 56 169 149 136 60 145 5 63 176 156 143 67 152 9 70 183 163 150 74 159 14 77 189 170 157 81 166 20 84 194 177 164 88 173 27 91 198 184 171 95 180 34 98 201 190 178 102 187 41 105 203 195 185 109 193 48 112 22 199 191 116 4 55 119 29 202 196 123 8 62 126 36 16 200 130 13 69 133 43 23 11 137 19 76 140 50 30 17 144 26 147 57 37 24 151 154 64 44 31 161 71 51 168 78 175
84 139 91 117 146 98 81 124 153 105 24 88 131 160 112 37 31 95 138 167 119 155 44 38 102 145 174 126 162 51 45 109 152 181 133 169 58 52 116 159 188 140 176 65 59 123 166 2 147 183 72 66 130 173 5 154 189 79 73 137 180 9 161 194 86 80 144 187 14 168 198 93 87 151 193 20 175 201 100 94 158 4 27 182 203 107 101 165 8 34 1 22 114 108 172 13 41 3 29 121 115 179 19 48 6 36 128 122 186 26 55 10 43 135 129 192 33 62 15 50 142 136 197 40 69 21 57 149 143 7 47 76 28 64 156 150 12 54 83 35 71 163 157 18 61 90 42 78 170 164 25 68 97 49 85 177 171 32 75 104 56 92 184 178 39 82 111 63 99 190 185 46 89 118 70 106 195 191 53 96 125 77 113 199 196 60 103 132 120 202 200 67 110 127 16 11 74 134 23 17 141 30 148
85 182 92 83 1 99 33 90 3 106 158 40 97 6 113 38 165 47 104 10 120 58 45 172 54 111 15 127 65 52 179 61 118 21 134 72 59 186 68 125 28 141 79 66 192 75 132 35 148 86 73 197 82 139 42 155 93 80 7 89 146 49 162 100 87 12 96 153 56 169 107 94 18 103 160 63 176 114 101 25 110 167 70 183 121 108 32 117 174 77 189 128 115 39 124 181 84 194 135 122 46 131 188 91 198 142 129 53 138 2 98 201 149 136 60 145 5 105 203 156 143 67 152 9 112 22 163 150 74 159 14 119 29 170 157 81 166 20 126 36 177 164 88 173 27 133 43 184 171 95 180 34 140 50 190 178 102 187 41 147 57 195 185 109 193 48 154 64 199 191 116 4 55 161 71 202 196 123 8 62 168 78 16 200 130 13 69 175 23 11 137 19 76 30 17 144 26 37 24 151 44 31 51
86 127 93 42 134 100 76 49 141 107 124 83 56 148 114 192 131 90 63 155 121 191 197 138 97 70 162 128 196 7 145 104 77 169 135 200 12 152 111 84 176 142 11 18 159 118 91 183 149 17 25 166 125 98 189 156 24 32 173 132 105 194 163 31 39 180 139 112 198 170 38 46 187 146 119 201 177 45 53 193 153 126 203 184 52 60 4 160 133 22 190 59 67 8 167 140 29 195 66 74 13 174 147 36 199 73 81 19 181 154 43 202 80 88 26 188 161 50 16 87 95 33 2 168 57 23 94 102 40 5 175 64 30 101 109 47 9 182 71 37 108 116 54 14 1 78 44 115 123 61 20 3 85 51 122 130 68 27 6 92 58 129 137 75 34 10 99 65 136 144 82 41 15 106 72 143 151 89 48 21 113 79 150 158 96 55 28 120 157 165 103 62 35 164 172 110 69 171 179 117 178 186 185
87 30 94 43 37 101 119 50 44 108 90 126 57 51 115 145 97 133 64 58 122 123 152 104 140 71 65 129 130 159 111 147 78 72 136 137 166 118 154 85 79 143 144 173 125 161 92 86 150 151 180 132 168 99 93 157 158 187 139 175 106 100 164 165 193 146 182 113 107 171 172 4 153 1 120 114 178 179 8 160 3 127 121 185 186 13 167 6 134 128 191 192 19 174 10 141 135 196 197 26 181 15 148 142 200 7 33 188 21 155 149 11 12 40 2 28 162 156 17 18 47 5 35 169 163 24 25 54 9 42 176 170 31 32 61 14 49 183 177 38 39 68 20 56 189 184 45 46 75 27 63 194 190 52 53 82 34 70 198 195 59 60 89 41 77 201 199 66 67 96 48 84 203 202 73 74 103 55 91 22 16 80 81 110 62 98 29 23 88 117 69 105 36 95 124 76 112 102 131 83 109 138 116
88 136 95 199 143 102 198 202 150 109 56 201 16 157 116 97 63 203 23 164 123 54 104 70 22 30 171 130 61 111 77 29 37 178 137 68 118 84 36 44 185 144 75 125 91 43 51 191 151 82 132 98 50 58 196 158 89 139 105 57 65 200 165 96 146 112 64 72 11 172 103 153 119 71 79 17 179 110 160 126 78 86 24 186 117 167 133 85 93 31 192 124 174 140 92 100 38 197 131 181 147 99 107 45 7 138 188 154 106 114 52 12 145 2 161 113 121 59 18 152 5 168 120 128 66 25 159 9 175 127 135 73 32 166 14 182 134 142 80 39 173 20 1 141 149 87 46 180 27 3 148 156 94 53 187 34 6 155 163 101 60 193 41 10 162 170 108 67 4 48 15 169 177 115 74 8 55 21 176 184 122 81 13 62 28 183 190 129 19 69 35 189 195 26 76 42 194 33 83 49 40 90 47
89 39 96 164 46 103 44 171 53 110 64 51 178 60 117 49 71 58 185 67 124 188 56 78 65 191 74 131 2 63 85 72 196 81 138 5 70 92 79 200 88 145 9 77 99 86 11 95 152 14 84 106 93 17 102 159 20 91 113 100 24 109 166 27 98 120 107 31 116 173 34 105 127 114 38 123 180 41 112 134 121 45 130 187 48 119 141 128 52 137 193 55 126 148 135 59 144 4 62 133 155 142 66 151 8 69 140 162 149 73 158 13 76 147 169 156 80 165 19 83 154 176 163 87 172 26 90 161 183 170 94 179 33 97 168 189 177 101 186 40 104 175 194 184 108 192 47 111 182 198 190 115 197 54 118 1 201 195 122 7 61 125 3 203 199 129 12 68 132 6 22 202 136 18 75 139 10 29 16 143 25 82 146 15 36 23 150 32 153 21 43 30 157 160 28 50 37 167 35 57 174 42 181
90 145 97 123 152 104 87 130 159 111 30 94 137 166 118 43 37 101 144 173 125 119 50 44 108 151 180 132 126 57 51 115 158 187 139 133 64 58 122 165 193 146 140 71 65 129 172 4 153 147 78 72 136 179 8 160 154 85 79 143 186 13 167 161 92 86 150 192 19 174 168 99 93 157 197 26 181 175 106 100 164 7 33 188 182 113 107 171 12 40 2 1 120 114 178 18 47 5 3 127 121 185 25 54 9 6 134 128 191 32 61 14 10 141 135 196 39 68 20 15 148 142 200 46 75 27 21 155 149 11 53 82 34 28 162 156 17 60 89 41 35 169 163 24 67 96 48 42 176 170 31 74 103 55 49 183 177 38 81 110 62 56 189 184 45 88 117 69 63 194 190 52 95 124 76 70 198 195 59 102 131 83 77 201 199 66 109 138 84 203 202 73 116 91 22 16 80 98 29 23 105 36 112
91 48 98 82 55 105 130 89 62 112 196 137 96 69 119 195 200 144 103 76 126 92 199 11 151 110 83 133 99 202 17 158 117 90 140 106 16 24 165 124 97 147 113 23 31 172 131 104 154 120 30 38 179 138 111 161 127 37 45 186 145 118 168 134 44 52 192 152 125 175 141 51 59 197 159 132 182 148 58 66 7 166 139 1 155 65 73 12 173 146 3 162 72 80 18 180 153 6 169 79 87 25 187 160 10 176 86 94 32 193 167 15 183 93 101 39 4 174 21 189 100 108 46 8 181 28 194 107 115 53 13 188 35 198 114 122 60 19 2 42 201 121 129 67 26 5 49 203 128 136 74 33 9 56 22 135 143 81 40 14 63 29 142 150 88 47 20 70 36 149 157 95 54 27 77 43 156 164 102 61 34 84 50 163 171 109 68 41 57 170 178 116 75 64 177 185 123 71 184 191 78 190 85
92 91 99 48 98 106 82 55 105 113 130 89 62 112 120 196 137 96 69 119 127 195 200 144 103 76 126 134 199 11 151 110 83 133 141 202 17 158 117 90 140 148 16 24 165 124 97 147 155 23 31 172 131 104 154 162 30 38 179 138 111 161 169 37 45 186 145 118 168 176 44 52 192 152 125 175 183 51 59 197 159 132 182 189 58 66 7 166 139 1 194 65 73 12 173 146 3 198 72 80 18 180 153 6 201 79 87 25 187 160 10 203 86 94 32 193 167 15 22 93 101 39 4 174 21 29 100 108 46 8 181 28 36 107 115 53 13 188 35 43 114 122 60 19 2 42 50 121 129 67 26 5 49 57 128 136 74 33 9 56 64 135 143 81 40 14 63 71 142 150 88 47 20 70 78 149 157 95 54 27 77 85 156 164 102 61 34 84 163 171 109 68 41 170 178 116 75 177 185 123 184 191 190
93 36 100 10 43 107 125 15 50 114 96 132 21 57 121 151 103 139 28 64 128 129 158 110 146 35 71 135 136 165 117 153 42 78 142 143 172 124 160 49 85 149 150 179 131 167 56 92 156 157 186 138 174 63 99 163 164 192 145 181 70 106 170 171 197 152 188 77 113 177 178 7 159 2 84 120 184 185 12 166 5 91 127 190 191 18 173 9 98 134 195 196 25 180 14 105 141 199 200 32 187 20 112 148 202 11 39 193 27 119 155 16 17 46 4 34 126 162 23 24 53 8 41 133 169 30 31 60 13 48 140 176 37 38 67 19 55 147 183 44 45 74 26 62 154 189 51 52 81 33 69 161 194 58 59 88 40 76 168 198 65 66 95 47 83 175 201 72 73 102 54 90 182 203 79 80 109 61 97 1 22 86 87 116 68 104 3 29 94 123 75 111 6 101 130 82 118 108 137 89 115 144 122
94 142 101 201 149 108 168 203 156 115 62 175 22 163 122 103 69 182 29 170 129 60 110 76 1 36 177 136 67 117 83 3 43 184 143 74 124 90 6 50 190 150 81 131 97 10 57 195 157 88 138 104 15 64 199 164 95 145 111 21 71 202 171 102 152 118 28 78 16 178 109 159 125 35 85 23 185 116 166 132 42 92 30 191 123 173 139 49 99 37 196 130 180 146 56 106 44 200 137 187 153 63 113 51 11 144 193 160 70 120 58 17 151 4 167 77 127 65 24 158 8 174 84 134 72 31 165 13 181 91 141 79 38 172 19 188 98 148 86 45 179 26 2 105 155 93 52 186 33 5 112 162 100 59 192 40 9 119 169 107 66 197 47 14 126 176 114 73 7 54 20 133 183 121 80 12 61 27 140 189 128 87 18 68 34 147 194 135 25 75 41 154 198 32 82 48 161 39 89 55 46 96 53
95 45 102 170 52 109 50 177 59 116 28 57 184 66 123 55 35 64 190 73 130 193 62 42 71 195 80 137 4 69 49 78 199 87 144 8 76 56 85 202 94 151 13 83 63 92 16 101 158 19 90 70 99 23 108 165 26 97 77 106 30 115 172 33 104 84 113 37 122 179 40 111 91 120 44 129 186 47 118 98 127 51 136 192 54 125 105 134 58 143 197 61 132 112 141 65 150 7 68 139 119 148 72 157 12 75 146 126 155 79 164 18 82 153 133 162 86 171 25 89 160 140 169 93 178 32 96 167 147 176 100 185 39 103 174 154 183 107 191 46 110 181 161 189 114 196 53 117 188 168 194 121 200 60 124 2 175 198 128 11 67 131 5 182 201 135 17 74 138 9 1 203 142 24 81 145 14 3 22 149 31 88 152 20 6 29 156 38 159 27 10 36 163 166 34 15 43 173 41 21 180 48 187
96 151 103 129 158 110 93 136 165 117 36 100 143 172 124 10 43 107 150 179 131 125 15 50 114 157 186 138 132 21 57 121 164 192 145 139 28 64 128 171 197 152 146 35 71 135 178 7 159 153 42 78 142 185 12 166 160 49 85 149 191 18 173 167 56 92 156 196 25 180 174 63 99 163 200 32 187 181 70 106 170 11 39 193 188 77 113 177 17 46 4 2 84 120 184 24 53 8 5 91 127 190 31 60 13 9 98 134 195 38 67 19 14 105 141 199 45 74 26 20 112 148 202 52 81 33 27 119 155 16 59 88 40 34 126 162 23 66 95 47 41 133 169 30 73 102 54 48 140 176 37 80 109 61 55 147 183 44 87 116 68 62 154 189 51 94 123 75 69 161 194 58 101 130 82 76 168 198 65 108 137 89 83 175 201 72 115 144 90 182 203 79 122 97 1 22 86 104 3 29 111 6 118
97 54 104 88 61 111 136 95 68 118 199 143 102 75 125 198 202 150 109 82 132 56 201 16 157 116 89 139 63 203 23 164 123 96 146 70 22 30 171 130 103 153 77 29 37 178 137 110 160 84 36 44 185 144 117 167 91 43 51 191 151 124 174 98 50 58 196 158 131 181 105 57 65 200 165 138 188 112 64 72 11 172 145 2 119 71 79 17 179 152 5 126 78 86 24 186 159 9 133 85 93 31 192 166 14 140 92 100 38 197 173 20 147 99 107 45 7 180 27 154 106 114 52 12 187 34 161 113 121 59 18 193 41 168 120 128 66 25 4 48 175 127 135 73 32 8 55 182 134 142 80 39 13 62 1 141 149 87 46 19 69 3 148 156 94 53 26 76 6 155 163 101 60 33 83 10 162 170 108 67 40 90 15 169 177 115 74 47 21 176 184 122 81 28 183 190 129 35 189 195 42 194 49
98 160 105 47 167 112 179 54 174 119 171 186 61 181 126 156 178 192 68 188 133 29 163 185 197 75 2 140 36 170 191 7 82 5 147 43 177 196 12 89 9 154 50 184 200 18 96 14 161 57 190 11 25 103 20 168 64 195 17 32 110 27 175 71 199 24 39 117 34 182 78 202 31 46 124 41 1 85 16 38 53 131 48 3 92 23 45 60 138 55 6 99 30 52 67 145 62 10 106 37 59 74 152 69 15 113 44 66 81 159 76 21 120 51 73 88 166 83 28 127 58 80 95 173 90 35 134 65 87 102 180 97 42 141 72 94 109 187 104 49 148 79 101 116 193 111 56 155 86 108 123 4 118 63 162 93 115 130 8 125 70 169 100 122 137 13 132 77 176 107 129 144 19 139 84 183 114 136 151 26 146 91 189 121 143 158 33 153 194 128 150 165 40 198 135 157 172 201 142 164 203 149 22
99 6 106 14 10 113 131 20 15 120 102 138 27 21 127 157 109 145 34 28 134 135 164 116 152 41 35 141 142 171 123 159 48 42 148 149 178 130 166 55 49 155 156 185 137 173 62 56 162 163 191 144 180 69 63 169 170 196 151 187 76 70 176 177 200 158 193 83 77 183 184 11 165 4 90 84 189 190 17 172 8 97 91 194 195 24 179 13 104 98 198 199 31 186 19 111 105 201 202 38 192 26 118 112 203 16 45 197 33 125 119 22 23 52 7 40 132 126 29 30 59 12 47 139 133 36 37 66 18 54 146 140 43 44 73 25 61 153 147 50 51 80 32 68 160 154 57 58 87 39 75 167 161 64 65 94 46 82 174 168 71 72 101 53 89 181 175 78 79 108 60 96 188 182 85 86 115 67 103 2 1 92 93 122 74 110 5 3 100 129 81 117 9 107 136 88 124 114 143 95 121 150 128
100 148 107 175 155 114 174 182 162 121 68 181 1 169 128 109 75 188 3 176 135 66 116 82 2 6 183 142 73 123 89 5 10 189 149 80 130 96 9 15 194 156 87 137 103 14 21 198 163 94 144 110 20 28 201 170 101 151 117 27 35 203 177 108 158 124 34 42 22 184 115 165 131 41 49 29 190 122 172 138 48 56 36 195 129 179 145 55 63 43 199 136 186 152 62 70 50 202 143 192 159 69 77 57 16 150 197 166 76 84 64 23 157 7 173 83 91 71 30 164 12 180 90 98 78 37 171 18 187 97 105 85 44 178 25 193 104 112 92 51 185 32 4 111 119 99 58 191 39 8 118 126 106 65 196 46 13 125 133 113 72 200 53 19 132 140 120 79 11 60 26 139 147 127 86 17 67 33 146 154 134 93 24 74 40 153 161 141 31 81 47 160 168 38 88 54 167 45 95 61 52 102 59
101 51 108 176 58 115 15 183 65 122 34 21 189 72 129 61 41 28 194 79 136 197 68 48 35 198 86 143 7 75 55 42 201 93 150 12 82 62 49 203 100 157 18 89 69 56 22 107 164 25 96 76 63 29 114 171 32 103 83 70 36 121 178 39 110 90 77 43 128 185 46 117 97 84 50 135 191 53 124 104 91 57 142 196 60 131 111 98 64 149 200 67 138 118 105 71 156 11 74 145 125 112 78 163 17 81 152 132 119 85 170 24 88 159 139 126 92 177 31 95 166 146 133 99 184 38 102 173 153 140 106 190 45 109 180 160 147 113 195 52 116 187 167 154 120 199 59 123 193 174 161 127 202 66 130 4 181 168 134 16 73 137 8 188 175 141 23 80 144 13 2 182 148 30 87 151 19 5 1 155 37 94 158 26 9 3 162 44 165 33 14 6 169 172 40 20 10 179 47 27 186 54 192
102 157 109 135 164 116 99 142 171 123 6 106 149 178 130 14 10 113 156 185 137 131 20 15 120 163 191 144 138 27 21 127 170 196 151 145 34 28 134 177 200 158 152 41 35 141 184 11 165 159 48 42 148 190 17 172 166 55 49 155 195 24 179 173 62 56 162 199 31 186 180 69 63 169 202 38 192 187 76 70 176 16 45 197 193 83 77 183 23 52 7 4 90 84 189 30 59 12 8 97 91 194 37 66 18 13 104 98 198 44 73 25 19 111 105 201 51 80 32 26 118 112 203 58 87 39 33 125 119 22 65 94 46 40 132 126 29 72 101 53 47 139 133 36 79 108 60 54 146 140 43 86 115 67 61 153 147 50 93 122 74 68 160 154 57 100 129 81 75 167 161 64 107 136 88 82 174 168 71 114 143 95 89 181 175 78 121 150 96 188 182 85 128 103 2 1 92 110 5 3 117 9 124
103 60 110 94 67 117 142 101 74 124 201 149 108 81 131 168 203 156 115 88 138 62 175 22 163 122 95 145 69 182 29 170 129 102 152 76 1 36 177 136 109 159 83 3 43 184 143 116 166 90 6 50 190 150 123 173 97 10 57 195 157 130 180 104 15 64 199 164 137 187 111 21 71 202 171 144 193 118 28 78 16 178 151 4 125 35 85 23 185 158 8 132 42 92 30 191 165 13 139 49 99 37 196 172 19 146 56 106 44 200 179 26 153 63 113 51 11 186 33 160 70 120 58 17 192 40 167 77 127 65 24 197 47 174 84 134 72 31 7 54 181 91 141 79 38 12 61 188 98 148 86 45 18 68 2 105 155 93 52 25 75 5 112 162 100 59 32 82 9 119 169 107 66 39 89 14 126 176 114 73 46 96 20 133 183 121 80 53 27 140 189 128 87 34 147 194 135 41 154 198 48 161 55
104 166 111 53 173 118 185 60 180 125 177 191 67 187 132 162 184 196 74 193 139 3 169 190 200 81 4 146 6 176 195 11 88 8 153 10 183 199 17 95 13 160 15 189 202 24 102 19 167 21 194 16 31 109 26 174 28 198 23 38 116 33 181 35 201 30 45 123 40 188 42 203 37 52 130 47 2 49 22 44 59 137 54 5 56 29 51 66 144 61 9 63 36 58 73 151 68 14 70 43 65 80 158 75 20 77 50 72 87 165 82 27 84 57 79 94 172 89 34 91 64 86 101 179 96 41 98 71 93 108 186 103 48 105 78 100 115 192 110 55 112 85 107 122 197 117 62 119 92 114 129 7 124 69 126 99 121 136 12 131 76 133 106 128 143 18 138 83 140 113 135 150 25 145 90 147 120 142 157 32 152 97 154 127 149 164 39 159 161 134 156 171 46 168 141 163 178 175 148 170 182 155 1
105 69 112 13 76 119 25 19 83 126 143 32 26 90 133 114 150 39 33 97 140 169 121 157 46 40 104 147 176 128 164 53 47 111 154 183 135 171 60 54 118 161 189 142 178 67 61 125 168 194 149 185 74 68 132 175 198 156 191 81 75 139 182 201 163 196 88 82 146 1 203 170 200 95 89 153 3 22 177 11 102 96 160 6 29 184 17 109 103 167 10 36 190 24 116 110 174 15 43 195 31 123 117 181 21 50 199 38 130 124 188 28 57 202 45 137 131 2 35 64 16 52 144 138 5 42 71 23 59 151 145 9 49 78 30 66 158 152 14 56 85 37 73 165 159 20 63 92 44 80 172 166 27 70 99 51 87 179 173 34 77 106 58 94 186 180 41 84 113 65 101 192 187 48 91 120 72 108 197 193 55 98 127 79 115 7 4 62 134 86 122 12 8 141 93 129 18 148 100 136 155 107 162
106 112 113 181 119 120 180 188 126 127 74 187 2 133 134 115 81 193 5 140 141 72 122 88 4 9 147 148 79 129 95 8 14 154 155 86 136 102 13 20 161 162 93 143 109 19 27 168 169 100 150 116 26 34 175 176 107 157 123 33 41 182 183 114 164 130 40 48 1 189 121 171 137 47 55 3 194 128 178 144 54 62 6 198 135 185 151 61 69 10 201 142 191 158 68 76 15 203 149 196 165 75 83 21 22 156 200 172 82 90 28 29 163 11 179 89 97 35 36 170 17 186 96 104 42 43 177 24 192 103 111 49 50 184 31 197 110 118 56 57 190 38 7 117 125 63 64 195 45 12 124 132 70 71 199 52 18 131 139 77 78 202 59 25 138 146 84 85 16 66 32 145 153 91 92 23 73 39 152 160 98 99 30 80 46 159 167 105 37 87 53 166 174 44 94 60 173 51 101 67 58 108 65
107 57 114 140 64 121 20 147 71 128 40 27 154 78 135 67 47 34 161 85 142 200 74 54 41 168 92 149 11 81 61 48 175 99 156 17 88 68 55 182 106 163 24 95 75 62 1 113 170 31 102 82 69 3 120 177 38 109 89 76 6 127 184 45 116 96 83 10 134 190 52 123 103 90 15 141 195 59 130 110 97 21 148 199 66 137 117 104 28 155 202 73 144 124 111 35 162 16 80 151 131 118 42 169 23 87 158 138 125 49 176 30 94 165 145 132 56 183 37 101 172 152 139 63 189 44 108 179 159 146 70 194 51 115 186 166 153 77 198 58 122 192 173 160 84 201 65 129 197 180 167 91 203 72 136 7 187 174 98 22 79 143 12 193 181 105 29 86 150 18 4 188 112 36 93 157 25 8 2 119 43 100 164 32 13 5 126 50 171 39 19 9 133 178 46 26 14 185 53 33 191 60 196
108 163 115 141 170 122 63 148 177 129 9 70 155 184 136 19 14 77 162 190 143 137 26 20 84 169 195 150 144 33 27 91 176 199 157 151 40 34 98 183 202 164 158 47 41 105 189 16 171 165 54 48 112 194 23 178 172 61 55 119 198 30 185 179 68 62 126 201 37 191 186 75 69 133 203 44 196 192 82 76 140 22 51 200 197 89 83 147 29 58 11 7 96 90 154 36 65 17 12 103 97 161 43 72 24 18 110 104 168 50 79 31 25 117 111 175 57 86 38 32 124 118 182 64 93 45 39 131 125 1 71 100 52 46 138 132 3 78 107 59 53 145 139 6 85 114 66 60 152 146 10 92 121 73 67 159 153 15 99 128 80 74 166 160 21 106 135 87 81 173 167 28 113 142 94 88 180 174 35 120 149 101 95 187 181 42 127 156 102 193 188 49 134 109 4 2 56 116 8 5 123 13 130
109 66 116 100 73 123 148 107 80 130 175 155 114 87 137 174 182 162 121 94 144 68 181 1 169 128 101 151 75 188 3 176 135 108 158 82 2 6 183 142 115 165 89 5 10 189 149 122 172 96 9 15 194 156 129 179 103 14 21 198 163 136 186 110 20 28 201 170 143 192 117 27 35 203 177 150 197 124 34 42 22 184 157 7 131 41 49 29 190 164 12 138 48 56 36 195 171 18 145 55 63 43 199 178 25 152 62 70 50 202 185 32 159 69 77 57 16 191 39 166 76 84 64 23 196 46 173 83 91 71 30 200 53 180 90 98 78 37 11 60 187 97 105 85 44 17 67 193 104 112 92 51 24 74 4 111 119 99 58 31 81 8 118 126 106 65 38 88 13 125 133 113 72 45 95 19 132 140 120 79 52 102 26 139 147 127 86 59 33 146 154 134 93 40 153 161 141 47 160 168 54 167 61
110 172 117 59 179 124 190 66 186 131 183 195 73 192 138 126 189 199 80 197 145 5 133 194 202 87 7 152 9 140 198 16 94 12 159 14 147 201 23 101 18 166 20 154 203 30 108 25 173 27 161 22 37 115 32 180 34 168 29 44 122 39 187 41 175 36 51 129 46 193 48 182 43 58 136 53 4 55 1 50 65 143 60 8 62 3 57 72 150 67 13 69 6 64 79 157 74 19 76 10 71 86 164 81 26 83 15 78 93 171 88 33 90 21 85 100 178 95 40 97 28 92 107 185 102 47 104 35 99 114 191 109 54 111 42 106 121 196 116 61 118 49 113 128 200 123 68 125 56 120 135 11 130 75 132 63 127 142 17 137 82 139 70 134 149 24 144 89 146 77 141 156 31 151 96 153 84 148 163 38 158 103 160 91 155 170 45 165 167 98 162 177 52 174 105 169 184 181 112 176 188 119 2
111 75 118 18 82 125 31 25 89 132 149 38 32 96 139 120 156 45 39 103 146 133 127 163 52 46 110 153 140 134 170 59 53 117 160 147 141 177 66 60 124 167 154 148 184 73 67 131 174 161 155 190 80 74 138 181 168 162 195 87 81 145 188 175 169 199 94 88 152 2 182 176 202 101 95 159 5 1 183 16 108 102 166 9 3 189 23 115 109 173 14 6 194 30 122 116 180 20 10 198 37 129 123 187 27 15 201 44 136 130 193 34 21 203 51 143 137 4 41 28 22 58 150 144 8 48 35 29 65 157 151 13 55 42 36 72 164 158 19 62 49 43 79 171 165 26 69 56 50 86 178 172 33 76 63 57 93 185 179 40 83 70 64 100 191 186 47 90 77 71 107 196 192 54 97 84 78 114 200 197 61 104 91 85 121 11 7 68 98 92 128 17 12 105 99 135 24 112 106 142 119 113 126
112 181 119 180 188 126 74 187 2 133 115 81 193 5 140 72 122 88 4 9 147 106 79 129 95 8 14 154 113 86 136 102 13 20 161 120 93 143 109 19 27 168 127 100 150 116 26 34 175 134 107 157 123 33 41 182 141 114 164 130 40 48 1 148 121 171 137 47 55 3 155 128 178 144 54 62 6 162 135 185 151 61 69 10 169 142 191 158 68 76 15 176 149 196 165 75 83 21 183 156 200 172 82 90 28 189 163 11 179 89 97 35 194 170 17 186 96 104 42 198 177 24 192 103 111 49 201 184 31 197 110 118 56 203 190 38 7 117 125 63 22 195 45 12 124 132 70 29 199 52 18 131 139 77 36 202 59 25 138 146 84 43 16 66 32 145 153 91 50 23 73 39 152 160 98 57 30 80 46 159 167 105 64 37 87 53 166 174 71 44 94 60 173 78 51 101 67 85 58 108 92 65 99
113 21 120 146 28 127 26 153 35 134 46 33 160 42 141 73 53 40 167 49 148 202 80 60 47 174 56 155 16 87 67 54 181 63 162 23 94 74 61 188 70 169 30 101 81 68 2 77 176 37 108 88 75 5 84 183 44 115 95 82 9 91 189 51 122 102 89 14 98 194 58 129 109 96 20 105 198 65 136 116 103 27 112 201 72 143 123 110 34 119 203 79 150 130 117 41 126 22 86 157 137 124 48 133 29 93 164 144 131 55 140 36 100 171 151 138 62 147 43 107 178 158 145 69 154 50 114 185 165 152 76 161 57 121 191 172 159 83 168 64 128 196 179 166 90 175 71 135 200 186 173 97 182 78 142 11 192 180 104 1 85 149 17 197 187 111 3 92 156 24 7 193 118 6 99 163 31 12 4 125 10 106 170 38 18 8 132 15 177 45 25 13 139 184 52 32 19 190 59 39 195 66 199
114 169 121 105 176 128 69 112 183 135 13 76 119 189 142 25 19 83 126 194 149 143 32 26 90 133 198 156 150 39 33 97 140 201 163 157 46 40 104 147 203 170 164 53 47 111 154 22 177 171 60 54 118 161 29 184 178 67 61 125 168 36 190 185 74 68 132 175 43 195 191 81 75 139 182 50 199 196 88 82 146 1 57 202 200 95 89 153 3 64 16 11 102 96 160 6 71 23 17 109 103 167 10 78 30 24 116 110 174 15 85 37 31 123 117 181 21 92 44 38 130 124 188 28 99 51 45 137 131 2 35 106 58 52 144 138 5 42 113 65 59 151 145 9 49 120 72 66 158 152 14 56 127 79 73 165 159 20 63 134 86 80 172 166 27 70 141 93 87 179 173 34 77 148 100 94 186 180 41 84 155 107 101 192 187 48 91 162 108 197 193 55 98 115 7 4 62 122 12 8 129 18 136
115 72 122 106 79 129 112 113 86 136 181 119 120 93 143 180 188 126 127 100 150 74 187 2 133 134 107 157 81 193 5 140 141 114 164 88 4 9 147 148 121 171 95 8 14 154 155 128 178 102 13 20 161 162 135 185 109 19 27 168 169 142 191 116 26 34 175 176 149 196 123 33 41 182 183 156 200 130 40 48 1 189 163 11 137 47 55 3 194 170 17 144 54 62 6 198 177 24 151 61 69 10 201 184 31 158 68 76 15 203 190 38 165 75 83 21 22 195 45 172 82 90 28 29 199 52 179 89 97 35 36 202 59 186 96 104 42 43 16 66 192 103 111 49 50 23 73 197 110 118 56 57 30 80 7 117 125 63 64 37 87 12 124 132 70 71 44 94 18 131 139 77 78 51 101 25 138 146 84 85 58 108 32 145 153 91 92 65 39 152 160 98 99 46 159 167 105 53 166 174 60 173 67
116 178 123 65 185 130 194 72 191 137 147 198 79 196 144 132 154 201 86 200 151 8 139 161 203 93 11 158 13 146 168 22 100 17 165 19 153 175 29 107 24 172 26 160 182 36 114 31 179 33 167 1 43 121 38 186 40 174 3 50 128 45 192 47 181 6 57 135 52 197 54 188 10 64 142 59 7 61 2 15 71 149 66 12 68 5 21 78 156 73 18 75 9 28 85 163 80 25 82 14 35 92 170 87 32 89 20 42 99 177 94 39 96 27 49 106 184 101 46 103 34 56 113 190 108 53 110 41 63 120 195 115 60 117 48 70 127 199 122 67 124 55 77 134 202 129 74 131 62 84 141 16 136 81 138 69 91 148 23 143 88 145 76 98 155 30 150 95 152 83 105 162 37 157 102 159 90 112 169 44 164 109 166 97 119 176 51 171 173 104 126 183 58 180 111 133 189 187 118 140 193 125 4
117 81 124 24 88 131 37 31 95 138 155 44 38 102 145 84 162 51 45 109 152 139 91 169 58 52 116 159 146 98 176 65 59 123 166 153 105 183 72 66 130 173 160 112 189 79 73 137 180 167 119 194 86 80 144 187 174 126 198 93 87 151 193 181 133 201 100 94 158 4 188 140 203 107 101 165 8 2 147 22 114 108 172 13 5 154 29 121 115 179 19 9 161 36 128 122 186 26 14 168 43 135 129 192 33 20 175 50 142 136 197 40 27 182 57 149 143 7 47 34 1 64 156 150 12 54 41 3 71 163 157 18 61 48 6 78 170 164 25 68 55 10 85 177 171 32 75 62 15 92 184 178 39 82 69 21 99 190 185 46 89 76 28 106 195 191 53 96 83 35 113 199 196 60 103 90 42 120 202 200 67 110 97 49 127 16 11 74 104 56 134 23 17 111 63 141 30 118 70 148 125 77 132
118 187 125 186 193 132 80 192 4 139 121 87 197 8 146 78 128 94 7 13 153 70 85 135 101 12 19 160 77 92 142 108 18 26 167 84 99 149 115 25 33 174 91 106 156 122 32 40 181 98 113 163 129 39 47 188 105 120 170 136 46 54 2 112 127 177 143 53 61 5 119 134 184 150 60 68 9 126 141 190 157 67 75 14 133 148 195 164 74 82 20 140 155 199 171 81 89 27 147 162 202 178 88 96 34 154 169 16 185 95 103 41 161 176 23 191 102 110 48 168 183 30 196 109 117 55 175 189 37 200 116 124 62 182 194 44 11 123 131 69 1 198 51 17 130 138 76 3 201 58 24 137 145 83 6 203 65 31 144 152 90 10 22 72 38 151 159 97 15 29 79 45 158 166 104 21 36 86 52 165 173 111 28 43 93 59 172 180 35 50 100 66 179 42 57 107 73 49 64 114 56 71 63
119 90 126 145 97 133 123 152 104 140 87 130 159 111 147 30 94 137 166 118 154 43 37 101 144 173 125 161 50 44 108 151 180 132 168 57 51 115 158 187 139 175 64 58 122 165 193 146 182 71 65 129 172 4 153 1 78 72 136 179 8 160 3 85 79 143 186 13 167 6 92 86 150 192 19 174 10 99 93 157 197 26 181 15 106 100 164 7 33 188 21 113 107 171 12 40 2 28 120 114 178 18 47 5 35 127 121 185 25 54 9 42 134 128 191 32 61 14 49 141 135 196 39 68 20 56 148 142 200 46 75 27 63 155 149 11 53 82 34 70 162 156 17 60 89 41 77 169 163 24 67 96 48 84 176 170 31 74 103 55 91 183 177 38 81 110 62 98 189 184 45 88 117 69 105 194 190 52 95 124 76 112 198 195 59 102 131 83 201 199 66 109 138 203 202 73 116 22 16 80 29 23 36
120 133 127 111 140 134 75 118 147 141 18 82 125 154 148 31 25 89 132 161 155 149 38 32 96 139 168 162 156 45 39 103 146 175 169 163 52 46 110 153 182 176 170 59 53 117 160 1 183 177 66 60 124 167 3 189 184 73 67 131 174 6 194 190 80 74 138 181 10 198 195 87 81 145 188 15 201 199 94 88 152 2 21 203 202 101 95 159 5 28 22 16 108 102 166 9 35 29 23 115 109 173 14 42 36 30 122 116 180 20 49 43 37 129 123 187 27 56 50 44 136 130 193 34 63 57 51 143 137 4 41 70 64 58 150 144 8 48 77 71 65 157 151 13 55 84 78 72 164 158 19 62 91 85 79 171 165 26 69 98 92 86 178 172 33 76 105 99 93 185 179 40 83 112 106 100 191 186 47 90 119 113 107 196 192 54 97 126 114 200 197 61 104 121 11 7 68 128 17 12 135 24 142
121 78 128 70 85 135 118 77 92 142 187 125 84 99 149 186 193 132 91 106 156 80 192 4 139 98 113 163 87 197 8 146 105 120 170 94 7 13 153 112 127 177 101 12 19 160 119 134 184 108 18 26 167 126 141 190 115 25 33 174 133 148 195 122 32 40 181 140 155 199 129 39 47 188 147 162 202 136 46 54 2 154 169 16 143 53 61 5 161 176 23 150 60 68 9 168 183 30 157 67 75 14 175 189 37 164 74 82 20 182 194 44 171 81 89 27 1 198 51 178 88 96 34 3 201 58 185 95 103 41 6 203 65 191 102 110 48 10 22 72 196 109 117 55 15 29 79 200 116 124 62 21 36 86 11 123 131 69 28 43 93 17 130 138 76 35 50 100 24 137 145 83 42 57 107 31 144 152 90 49 64 114 38 151 159 97 56 71 45 158 166 104 63 52 165 173 111 59 172 180 66 179 73
122 184 129 71 190 136 161 78 195 143 153 168 85 199 150 138 160 175 92 202 157 12 145 167 182 99 16 164 18 152 174 1 106 23 171 25 159 181 3 113 30 178 32 166 188 6 120 37 185 39 173 2 10 127 44 191 46 180 5 15 134 51 196 53 187 9 21 141 58 200 60 193 14 28 148 65 11 67 4 20 35 155 72 17 74 8 27 42 162 79 24 81 13 34 49 169 86 31 88 19 41 56 176 93 38 95 26 48 63 183 100 45 102 33 55 70 189 107 52 109 40 62 77 194 114 59 116 47 69 84 198 121 66 123 54 76 91 201 128 73 130 61 83 98 203 135 80 137 68 90 105 22 142 87 144 75 97 112 29 149 94 151 82 104 119 36 156 101 158 89 111 126 43 163 108 165 96 118 133 50 170 115 172 103 125 140 57 177 179 110 132 147 64 186 117 139 154 192 124 146 197 131 7
123 87 130 30 94 137 43 37 101 144 119 50 44 108 151 90 126 57 51 115 158 145 97 133 64 58 122 165 152 104 140 71 65 129 172 159 111 147 78 72 136 179 166 118 154 85 79 143 186 173 125 161 92 86 150 192 180 132 168 99 93 157 197 187 139 175 106 100 164 7 193 146 182 113 107 171 12 4 153 1 120 114 178 18 8 160 3 127 121 185 25 13 167 6 134 128 191 32 19 174 10 141 135 196 39 26 181 15 148 142 200 46 33 188 21 155 149 11 53 40 2 28 162 156 17 60 47 5 35 169 163 24 67 54 9 42 176 170 31 74 61 14 49 183 177 38 81 68 20 56 189 184 45 88 75 27 63 194 190 52 95 82 34 70 198 195 59 102 89 41 77 201 199 66 109 96 48 84 203 202 73 116 103 55 91 22 16 80 110 62 98 29 23 117 69 105 36 124 76 112 131 83 138
124 192 131 191 197 138 86 196 7 145 127 93 200 12 152 42 134 100 11 18 159 76 49 141 107 17 25 166 83 56 148 114 24 32 173 90 63 155 121 31 39 180 97 70 162 128 38 46 187 104 77 169 135 45 53 193 111 84 176 142 52 60 4 118 91 183 149 59 67 8 125 98 189 156 66 74 13 132 105 194 163 73 81 19 139 112 198 170 80 88 26 146 119 201 177 87 95 33 153 126 203 184 94 102 40 160 133 22 190 101 109 47 167 140 29 195 108 116 54 174 147 36 199 115 123 61 181 154 43 202 122 130 68 188 161 50 16 129 137 75 2 168 57 23 136 144 82 5 175 64 30 143 151 89 9 182 71 37 150 158 96 14 1 78 44 157 165 103 20 3 85 51 164 172 110 27 6 92 58 171 179 117 34 10 99 65 178 186 41 15 106 72 185 48 21 113 79 55 28 120 62 35 69
125 96 132 151 103 139 129 158 110 146 93 136 165 117 153 36 100 143 172 124 160 10 43 107 150 179 131 167 15 50 114 157 186 138 174 21 57 121 164 192 145 181 28 64 128 171 197 152 188 35 71 135 178 7 159 2 42 78 142 185 12 166 5 49 85 149 191 18 173 9 56 92 156 196 25 180 14 63 99 163 200 32 187 20 70 106 170 11 39 193 27 77 113 177 17 46 4 34 84 120 184 24 53 8 41 91 127 190 31 60 13 48 98 134 195 38 67 19 55 105 141 199 45 74 26 62 112 148 202 52 81 33 69 119 155 16 59 88 40 76 126 162 23 66 95 47 83 133 169 30 73 102 54 90 140 176 37 80 109 61 97 147 183 44 87 116 68 104 154 189 51 94 123 75 111 161 194 58 101 130 82 118 168 198 65 108 137 89 175 201 72 115 144 182 203 79 122 1 22 86 3 29 6
126 5 133 110 9 140 172 117 14 147 59 179 124 20 154 190 66 186 131 27 161 183 195 73 192 138 34 168 189 199 80 197 145 41 175 194 202 87 7 152 48 182 198 16 94 12 159 55 1 201 23 101 18 166 62 3 203 30 108 25 173 69 6 22 37 115 32 180 76 10 29 44 122 39 187 83 15 36 51 129 46 193 90 21 43 58 136 53 4 97 28 50 65 143 60 8 104 35 57 72 150 67 13 111 42 64 79 157 74 19 118 49 71 86 164 81 26 125 56 78 93 171 88 33 132 63 85 100 178 95 40 139 70 92 107 185 102 47 146 77 99 114 191 109 54 153 84 106 121 196 116 61 160 91 113 128 200 123 68 167 98 120 135 11 130 75 174 105 127 142 17 137 82 181 112 134 149 24 144 89 188 119 141 156 31 151 96 2 148 163 38 158 103 155 170 45 165 162 177 52 169 184 176
127 42 134 76 49 141 124 83 56 148 192 131 90 63 155 191 197 138 97 70 162 86 196 7 145 104 77 169 93 200 12 152 111 84 176 100 11 18 159 118 91 183 107 17 25 166 125 98 189 114 24 32 173 132 105 194 121 31 39 180 139 112 198 128 38 46 187 146 119 201 135 45 53 193 153 126 203 142 52 60 4 160 133 22 149 59 67 8 167 140 29 156 66 74 13 174 147 36 163 73 81 19 181 154 43 170 80 88 26 188 161 50 177 87 95 33 2 168 57 184 94 102 40 5 175 64 190 101 109 47 9 182 71 195 108 116 54 14 1 78 199 115 123 61 20 3 85 202 122 130 68 27 6 92 16 129 137 75 34 10 99 23 136 144 82 41 15 106 30 143 151 89 48 21 113 37 150 158 96 55 28 120 44 157 165 103 62 35 51 164 172 110 69 58 171 179 117 65 178 186 72 185 79
128 189 135 35 194 142 167 42 198 149 159 174 49 201 156 144 166 181 56 203 163 17 151 173 188 63 22 170 24 158 180 2 70 29 177 31 165 187 5 77 36 184 38 172 193 9 84 43 190 45 179 4 14 91 50 195 52 186 8 20 98 57 199 59 192 13 27 105 64 202 66 197 19 34 112 71 16 73 7 26 41 119 78 23 80 12 33 48 126 85 30 87 18 40 55 133 92 37 94 25 47 62 140 99 44 101 32 54 69 147 106 51 108 39 61 76 154 113 58 115 46 68 83 161 120 65 122 53 75 90 168 127 72 129 60 82 97 175 134 79 136 67 89 104 182 141 86 143 74 96 111 1 148 93 150 81 103 118 3 155 100 157 88 110 125 6 162 107 164 95 117 132 10 169 114 171 102 124 139 15 176 121 178 109 131 146 21 183 185 116 138 153 28 191 123 145 160 196 130 152 200 137 11
129 93 136 36 100 143 10 43 107 150 125 15 50 114 157 96 132 21 57 121 164 151 103 139 28 64 128 171 158 110 146 35 71 135 178 165 117 153 42 78 142 185 172 124 160 49 85 149 191 179 131 167 56 92 156 196 186 138 174 63 99 163 200 192 145 181 70 106 170 11 197 152 188 77 113 177 17 7 159 2 84 120 184 24 12 166 5 91 127 190 31 18 173 9 98 134 195 38 25 180 14 105 141 199 45 32 187 20 112 148 202 52 39 193 27 119 155 16 59 46 4 34 126 162 23 66 53 8 41 133 169 30 73 60 13 48 140 176 37 80 67 19 55 147 183 44 87 74 26 62 154 189 51 94 81 33 69 161 194 58 101 88 40 76 168 198 65 108 95 47 83 175 201 72 115 102 54 90 182 203 79 122 109 61 97 1 22 86 116 68 104 3 29 123 75 111 6 130 82 118 137 89 144
130 196 137 195 200 144 92 199 11 151 91 99 202 17 158 48 98 106 16 24 165 82 55 105 113 23 31 172 89 62 112 120 30 38 179 96 69 119 127 37 45 186 103 76 126 134 44 52 192 110 83 133 141 51 59 197 117 90 140 148 58 66 7 124 97 147 155 65 73 12 131 104 154 162 72 80 18 138 111 161 169 79 87 25 145 118 168 176 86 94 32 152 125 175 183 93 101 39 159 132 182 189 100 108 46 166 139 1 194 107 115 53 173 146 3 198 114 122 60 180 153 6 201 121 129 67 187 160 10 203 128 136 74 193 167 15 22 135 143 81 4 174 21 29 142 150 88 8 181 28 36 149 157 95 13 188 35 43 156 164 102 19 2 42 50 163 171 109 26 5 49 57 170 178 116 33 9 56 64 177 185 123 40 14 63 71 184 191 47 20 70 78 190 54 27 77 85 61 34 84 68 41 75
131 102 138 157 109 145 135 164 116 152 99 142 171 123 159 6 106 149 178 130 166 14 10 113 156 185 137 173 20 15 120 163 191 144 180 27 21 127 170 196 151 187 34 28 134 177 200 158 193 41 35 141 184 11 165 4 48 42 148 190 17 172 8 55 49 155 195 24 179 13 62 56 162 199 31 186 19 69 63 169 202 38 192 26 76 70 176 16 45 197 33 83 77 183 23 52 7 40 90 84 189 30 59 12 47 97 91 194 37 66 18 54 104 98 198 44 73 25 61 111 105 201 51 80 32 68 118 112 203 58 87 39 75 125 119 22 65 94 46 82 132 126 29 72 101 53 89 139 133 36 79 108 60 96 146 140 43 86 115 67 103 153 147 50 93 122 74 110 160 154 57 100 129 81 117 167 161 64 107 136 88 124 174 168 71 114 143 95 181 175 78 121 150 188 182 85 128 2 1 92 5 3 9
132 8 139 116 13 146 178 123 19 153 65 185 130 26 160 194 72 191 137 33 167 147 198 79 196 144 40 174 154 201 86 200 151 47 181 161 203 93 11 158 54 188 168 22 100 17 165 61 2 175 29 107 24 172 68 5 182 36 114 31 179 75 9 1 43 121 38 186 82 14 3 50 128 45 192 89 20 6 57 135 52 197 96 27 10 64 142 59 7 103 34 15 71 149 66 12 110 41 21 78 156 73 18 117 48 28 85 163 80 25 124 55 35 92 170 87 32 131 62 42 99 177 94 39 138 69 49 106 184 101 46 145 76 56 113 190 108 53 152 83 63 120 195 115 60 159 90 70 127 199 122 67 166 97 77 134 202 129 74 173 104 84 141 16 136 81 180 111 91 148 23 143 88 187 118 98 155 30 150 95 193 125 105 162 37 157 102 4 112 169 44 164 109 119 176 51 171 126 183 58 133 189 140
133 111 140 75 118 147 18 82 125 154 31 25 89 132 161 149 38 32 96 139 168 120 156 45 39 103 146 175 127 163 52 46 110 153 182 134 170 59 53 117 160 1 141 177 66 60 124 167 3 148 184 73 67 131 174 6 155 190 80 74 138 181 10 162 195 87 81 145 188 15 169 199 94 88 152 2 21 176 202 101 95 159 5 28 183 16 108 102 166 9 35 189 23 115 109 173 14 42 194 30 122 116 180 20 49 198 37 129 123 187 27 56 201 44 136 130 193 34 63 203 51 143 137 4 41 70 22 58 150 144 8 48 77 29 65 157 151 13 55 84 36 72 164 158 19 62 91 43 79 171 165 26 69 98 50 86 178 172 33 76 105 57 93 185 179 40 83 112 64 100 191 186 47 90 119 71 107 196 192 54 97 126 78 114 200 197 61 104 85 121 11 7 68 92 128 17 12 99 135 24 106 142 113
134 154 141 41 161 148 173 48 168 155 165 180 55 175 162 150 172 187 62 182 169 23 157 179 193 69 1 176 30 164 186 4 76 3 183 37 171 192 8 83 6 189 44 178 197 13 90 10 194 51 185 7 19 97 15 198 58 191 12 26 104 21 201 65 196 18 33 111 28 203 72 200 25 40 118 35 22 79 11 32 47 125 42 29 86 17 39 54 132 49 36 93 24 46 61 139 56 43 100 31 53 68 146 63 50 107 38 60 75 153 70 57 114 45 67 82 160 77 64 121 52 74 89 167 84 71 128 59 81 96 174 91 78 135 66 88 103 181 98 85 142 73 95 110 188 105 92 149 80 102 117 2 112 99 156 87 109 124 5 119 106 163 94 116 131 9 126 113 170 101 123 138 14 133 120 177 108 130 145 20 140 127 184 115 137 152 27 147 190 122 144 159 34 195 129 151 166 199 136 158 202 143 16
135 99 142 6 106 149 14 10 113 156 131 20 15 120 163 102 138 27 21 127 170 157 109 145 34 28 134 177 164 116 152 41 35 141 184 171 123 159 48 42 148 190 178 130 166 55 49 155 195 185 137 173 62 56 162 199 191 144 180 69 63 169 202 196 151 187 76 70 176 16 200 158 193 83 77 183 23 11 165 4 90 84 189 30 17 172 8 97 91 194 37 24 179 13 104 98 198 44 31 186 19 111 105 201 51 38 192 26 118 112 203 58 45 197 33 125 119 22 65 52 7 40 132 126 29 72 59 12 47 139 133 36 79 66 18 54 146 140 43 86 73 25 61 153 147 50 93 80 32 68 160 154 57 100 87 39 75 167 161 64 107 94 46 82 174 168 71 114 101 53 89 181 175 78 121 108 60 96 188 182 85 128 115 67 103 2 1 92 122 74 110 5 3 129 81 117 9 136 88 124 143 95 150
136 199 143 198 202 150 56 201 16 157 97 63 203 23 164 54 104 70 22 30 171 88 61 111 77 29 37 178 95 68 118 84 36 44 185 102 75 125 91 43 51 191 109 82 132 98 50 58 196 116 89 139 105 57 65 200 123 96 146 112 64 72 11 130 103 153 119 71 79 17 137 110 160 126 78 86 24 144 117 167 133 85 93 31 151 124 174 140 92 100 38 158 131 181 147 99 107 45 165 138 188 154 106 114 52 172 145 2 161 113 121 59 179 152 5 168 120 128 66 186 159 9 175 127 135 73 192 166 14 182 134 142 80 197 173 20 1 141 149 87 7 180 27 3 148 156 94 12 187 34 6 155 163 101 18 193 41 10 162 170 108 25 4 48 15 169 177 115 32 8 55 21 176 184 122 39 13 62 28 183 190 129 46 19 69 35 189 195 53 26 76 42 194 60 33 83 49 67 40 90 74 47 81
137 108 144 163 115 151 141 170 122 158 63 148 177 129 165 9 70 155 184 136 172 19 14 77 162 190 143 179 26 20 84 169 195 150 186 33 27 91 176 199 157 192 40 34 98 183 202 164 197 47 41 105 189 16 171 7 54 48 112 194 23 178 12 61 55 119 198 30 185 18 68 62 126 201 37 191 25 75 69 133 203 44 196 32 82 76 140 22 51 200 39 89 83 147 29 58 11 46 96 90 154 36 65 17 53 103 97 161 43 72 24 60 110 104 168 50 79 31 67 117 111 175 57 86 38 74 124 118 182 64 93 45 81 131 125 1 71 100 52 88 138 132 3 78 107 59 95 145 139 6 85 114 66 102 152 146 10 92 121 73 109 159 153 15 99 128 80 116 166 160 21 106 135 87 123 173 167 28 113 142 94 130 180 174 35 120 149 101 187 181 42 127 156 193 188 49 134 4 2 56 8 5 13
138 12 145 122 18 152 184 129 25 159 71 190 136 32 166 161 78 195 143 39 173 153 168 85 199 150 46 180 160 175 92 202 157 53 187 167 182 99 16 164 60 193 174 1 106 23 171 67 4 181 3 113 30 178 74 8 188 6 120 37 185 81 13 2 10 127 44 191 88 19 5 15 134 51 196 95 26 9 21 141 58 200 102 33 14 28 148 65 11 109 40 20 35 155 72 17 116 47 27 42 162 79 24 123 54 34 49 169 86 31 130 61 41 56 176 93 38 137 68 48 63 183 100 45 144 75 55 70 189 107 52 151 82 62 77 194 114 59 158 89 69 84 198 121 66 165 96 76 91 201 128 73 172 103 83 98 203 135 80 179 110 90 105 22 142 87 186 117 97 112 29 149 94 192 124 104 119 36 156 101 197 131 111 126 43 163 108 7 118 133 50 170 115 125 140 57 177 132 147 64 139 154 146
139 117 146 81 124 153 24 88 131 160 37 31 95 138 167 155 44 38 102 145 174 84 162 51 45 109 152 181 91 169 58 52 116 159 188 98 176 65 59 123 166 2 105 183 72 66 130 173 5 112 189 79 73 137 180 9 119 194 86 80 144 187 14 126 198 93 87 151 193 20 133 201 100 94 158 4 27 140 203 107 101 165 8 34 147 22 114 108 172 13 41 154 29 121 115 179 19 48 161 36 128 122 186 26 55 168 43 135 129 192 33 62 175 50 142 136 197 40 69 182 57 149 143 7 47 76 1 64 156 150 12 54 83 3 71 163 157 18 61 90 6 78 170 164 25 68 97 10 85 177 171 32 75 104 15 92 184 178 39 82 111 21 99 190 185 46 89 118 28 106 195 191 53 96 125 35 113 199 196 60 103 132 42 120 202 200 67 110 49 127 16 11 74 56 134 23 17 63 141 30 70 148 77
140 20 147 40 27 154 67 47 34 161 200 74 54 41 168 107 11 81 61 48 175 57 114 17 88 68 55 182 64 121 24 95 75 62 1 71 128 31 102 82 69 3 78 135 38 109 89 76 6 85 142 45 116 96 83 10 92 149 52 123 103 90 15 99 156 59 130 110 97 21 106 163 66 137 117 104 28 113 170 73 144 124 111 35 120 177 80 151 131 118 42 127 184 87 158 138 125 49 134 190 94 165 145 132 56 141 195 101 172 152 139 63 148 199 108 179 159 146 70 155 202 115 186 166 153 77 162 16 122 192 173 160 84 169 23 129 197 180 167 91 176 30 136 7 187 174 98 183 37 143 12 193 181 105 189 44 150 18 4 188 112 194 51 157 25 8 2 119 198 58 164 32 13 5 126 201 65 171 39 19 9 133 203 72 178 46 26 14 22 79 185 53 33 29 86 191 60 36 93 196 43 100 50
141 63 148 9 70 155 19 14 77 162 137 26 20 84 169 108 144 33 27 91 176 163 115 151 40 34 98 183 170 122 158 47 41 105 189 177 129 165 54 48 112 194 184 136 172 61 55 119 198 190 143 179 68 62 126 201 195 150 186 75 69 133 203 199 157 192 82 76 140 22 202 164 197 89 83 147 29 16 171 7 96 90 154 36 23 178 12 103 97 161 43 30 185 18 110 104 168 50 37 191 25 117 111 175 57 44 196 32 124 118 182 64 51 200 39 131 125 1 71 58 11 46 138 132 3 78 65 17 53 145 139 6 85 72 24 60 152 146 10 92 79 31 67 159 153 15 99 86 38 74 166 160 21 106 93 45 81 173 167 28 113 100 52 88 180 174 35 120 107 59 95 187 181 42 127 114 66 102 193 188 49 134 121 73 109 4 2 56 128 80 116 8 5 135 87 123 13 142 94 130 149 101 156
142 201 149 168 203 156 62 175 22 163 103 69 182 29 170 60 110 76 1 36 177 94 67 117 83 3 43 184 101 74 124 90 6 50 190 108 81 131 97 10 57 195 115 88 138 104 15 64 199 122 95 145 111 21 71 202 129 102 152 118 28 78 16 136 109 159 125 35 85 23 143 116 166 132 42 92 30 150 123 173 139 49 99 37 157 130 180 146 56 106 44 164 137 187 153 63 113 51 171 144 193 160 70 120 58 178 151 4 167 77 127 65 185 158 8 174 84 134 72 191 165 13 181 91 141 79 196 172 19 188 98 148 86 200 179 26 2 105 155 93 11 186 33 5 112 162 100 17 192 40 9 119 169 107 24 197 47 14 126 176 114 31 7 54 20 133 183 121 38 12 61 27 140 189 128 45 18 68 34 147 194 135 52 25 75 41 154 198 59 32 82 48 161 66 39 89 55 73 46 96 80 53 87
143 114 150 169 121 157 105 176 128 164 69 112 183 135 171 13 76 119 189 142 178 25 19 83 126 194 149 185 32 26 90 133 198 156 191 39 33 97 140 201 163 196 46 40 104 147 203 170 200 53 47 111 154 22 177 11 60 54 118 161 29 184 17 67 61 125 168 36 190 24 74 68 132 175 43 195 31 81 75 139 182 50 199 38 88 82 146 1 57 202 45 95 89 153 3 64 16 52 102 96 160 6 71 23 59 109 103 167 10 78 30 66 116 110 174 15 85 37 73 123 117 181 21 92 44 80 130 124 188 28 99 51 87 137 131 2 35 106 58 94 144 138 5 42 113 65 101 151 145 9 49 120 72 108 158 152 14 56 127 79 115 165 159 20 63 134 86 122 172 166 27 70 141 93 129 179 173 34 77 148 100 136 186 180 41 84 155 107 192 187 48 91 162 197 193 55 98 7 4 62 12 8 18
144 17 151 128 24 158 189 135 31 165 35 194 142 38 172 167 42 198 149 45 179 159 174 49 201 156 52 186 166 181 56 203 163 59 192 173 188 63 22 170 66 197 180 2 70 29 177 73 7 187 5 77 36 184 80 12 193 9 84 43 190 87 18 4 14 91 50 195 94 25 8 20 98 57 199 101 32 13 27 105 64 202 108 39 19 34 112 71 16 115 46 26 41 119 78 23 122 53 33 48 126 85 30 129 60 40 55 133 92 37 136 67 47 62 140 99 44 143 74 54 69 147 106 51 150 81 61 76 154 113 58 157 88 68 83 161 120 65 164 95 75 90 168 127 72 171 102 82 97 175 134 79 178 109 89 104 182 141 86 185 116 96 111 1 148 93 191 123 103 118 3 155 100 196 130 110 125 6 162 107 200 137 117 132 10 169 114 11 124 139 15 176 121 131 146 21 183 138 153 28 145 160 152
145 123 152 87 130 159 30 94 137 166 43 37 101 144 173 119 50 44 108 151 180 90 126 57 51 115 158 187 97 133 64 58 122 165 193 104 140 71 65 129 172 4 111 147 78 72 136 179 8 118 154 85 79 143 186 13 125 161 92 86 150 192 19 132 168 99 93 157 197 26 139 175 106 100 164 7 33 146 182 113 107 171 12 40 153 1 120 114 178 18 47 160 3 127 121 185 25 54 167 6 134 128 191 32 61 174 10 141 135 196 39 68 181 15 148 142 200 46 75 188 21 155 149 11 53 82 2 28 162 156 17 60 89 5 35 169 163 24 67 96 9 42 176 170 31 74 103 14 49 183 177 38 81 110 20 56 189 184 45 88 117 27 63 194 190 52 95 124 34 70 198 195 59 102 131 41 77 201 199 66 109 138 48 84 203 202 73 116 55 91 22 16 80 62 98 29 23 69 105 36 76 112 83
146 26 153 46 33 160 73 53 40 167 202 80 60 47 174 113 16 87 67 54 181 21 120 23 94 74 61 188 28 127 30 101 81 68 2 35 134 37 108 88 75 5 42 141 44 115 95 82 9 49 148 51 122 102 89 14 56 155 58 129 109 96 20 63 162 65 136 116 103 27 70 169 72 143 123 110 34 77 176 79 150 130 117 41 84 183 86 157 137 124 48 91 189 93 164 144 131 55 98 194 100 171 151 138 62 105 198 107 178 158 145 69 112 201 114 185 165 152 76 119 203 121 191 172 159 83 126 22 128 196 179 166 90 133 29 135 200 186 173 97 140 36 142 11 192 180 104 147 43 149 17 197 187 111 154 50 156 24 7 193 118 161 57 163 31 12 4 125 168 64 170 38 18 8 132 175 71 177 45 25 13 139 182 78 184 52 32 19 1 85 190 59 39 3 92 195 66 6 99 199 10 106 15
147 132 154 8 139 161 116 13 146 168 178 123 19 153 175 65 185 130 26 160 182 194 72 191 137 33 167 1 198 79 196 144 40 174 3 201 86 200 151 47 181 6 203 93 11 158 54 188 10 22 100 17 165 61 2 15 29 107 24 172 68 5 21 36 114 31 179 75 9 28 43 121 38 186 82 14 35 50 128 45 192 89 20 42 57 135 52 197 96 27 49 64 142 59 7 103 34 56 71 149 66 12 110 41 63 78 156 73 18 117 48 70 85 163 80 25 124 55 77 92 170 87 32 131 62 84 99 177 94 39 138 69 91 106 184 101 46 145 76 98 113 190 108 53 152 83 105 120 195 115 60 159 90 112 127 199 122 67 166 97 119 134 202 129 74 173 104 126 141 16 136 81 180 111 133 148 23 143 88 187 118 140 155 30 150 95 193 125 162 37 157 102 4 169 44 164 109 176 51 171 183 58 189
148 175 155 174 182 162 68 181 1 169 109 75 188 3 176 66 116 82 2 6 183 100 73 123 89 5 10 189 107 80 130 96 9 15 194 114 87 137 103 14 21 198 121 94 144 110 20 28 201 128 101 151 117 27 35 203 135 108 158 124 34 42 22 142 115 165 131 41 49 29 149 122 172 138 48 56 36 156 129 179 145 55 63 43 163 136 186 152 62 70 50 170 143 192 159 69 77 57 177 150 197 166 76 84 64 184 157 7 173 83 91 71 190 164 12 180 90 98 78 195 171 18 187 97 105 85 199 178 25 193 104 112 92 202 185 32 4 111 119 99 16 191 39 8 118 126 106 23 196 46 13 125 133 113 30 200 53 19 132 140 120 37 11 60 26 139 147 127 44 17 67 33 146 154 134 51 24 74 40 153 161 141 58 31 81 47 160 168 65 38 88 54 167 72 45 95 61 79 52 102 86 59 93
149 120 156 133 127 163 111 140 134 170 75 118 147 141 177 18 82 125 154 148 184 31 25 89 132 161 155 190 38 32 96 139 168 162 195 45 39 103 146 175 169 199 52 46 110 153 182 176 202 59 53 117 160 1 183 16 66 60 124 167 3 189 23 73 67 131 174 6 194 30 80 74 138 181 10 198 37 87 81 145 188 15 201 44 94 88 152 2 21 203 51 101 95 159 5 28 22 58 108 102 166 9 35 29 65 115 109 173 14 42 36 72 122 116 180 20 49 43 79 129 123 187 27 56 50 86 136 130 193 34 63 57 93 143 137 4 41 70 64 100 150 144 8 48 77 71 107 157 151 13 55 84 78 114 164 158 19 62 91 85 121 171 165 26 69 98 92 128 178 172 33 76 105 99 135 185 179 40 83 112 106 142 191 186 47 90 119 113 196 192 54 97 126 200 197 61 104 11 7 68 17 12 24
150 23 157 134 30 164 154 141 37 171 41 161 148 44 178 173 48 168 155 51 185 165 180 55 175 162 58 191 172 187 62 182 169 65 196 179 193 69 1 176 72 200 186 4 76 3 183 79 11 192 8 83 6 189 86 17 197 13 90 10 194 93 24 7 19 97 15 198 100 31 12 26 104 21 201 107 38 18 33 111 28 203 114 45 25 40 118 35 22 121 52 32 47 125 42 29 128 59 39 54 132 49 36 135 66 46 61 139 56 43 142 73 53 68 146 63 50 149 80 60 75 153 70 57 156 87 67 82 160 77 64 163 94 74 89 167 84 71 170 101 81 96 174 91 78 177 108 88 103 181 98 85 184 115 95 110 188 105 92 190 122 102 117 2 112 99 195 129 109 124 5 119 106 199 136 116 131 9 126 113 202 143 123 138 14 133 120 16 130 145 20 140 127 137 152 27 147 144 159 34 151 166 158
151 129 158 93 136 165 36 100 143 172 10 43 107 150 179 125 15 50 114 157 186 96 132 21 57 121 164 192 103 139 28 64 128 171 197 110 146 35 71 135 178 7 117 153 42 78 142 185 12 124 160 49 85 149 191 18 131 167 56 92 156 196 25 138 174 63 99 163 200 32 145 181 70 106 170 11 39 152 188 77 113 177 17 46 159 2 84 120 184 24 53 166 5 91 127 190 31 60 173 9 98 134 195 38 67 180 14 105 141 199 45 74 187 20 112 148 202 52 81 193 27 119 155 16 59 88 4 34 126 162 23 66 95 8 41 133 169 30 73 102 13 48 140 176 37 80 109 19 55 147 183 44 87 116 26 62 154 189 51 94 123 33 69 161 194 58 101 130 40 76 168 198 65 108 137 47 83 175 201 72 115 144 54 90 182 203 79 122 61 97 1 22 86 68 104 3 29 75 111 6 82 118 89
152 32 159 52 39 166 79 59 46 173 203 86 66 53 180 77 22 93 73 60 187 27 84 29 100 80 67 193 34 91 36 107 87 74 4 41 98 43 114 94 81 8 48 105 50 121 101 88 13 55 112 57 128 108 95 19 62 119 64 135 115 102 26 69 126 71 142 122 109 33 76 133 78 149 129 116 40 83 140 85 156 136 123 47 90 147 92 163 143 130 54 97 154 99 170 150 137 61 104 161 106 177 157 144 68 111 168 113 184 164 151 75 118 175 120 190 171 158 82 125 182 127 195 178 165 89 132 1 134 199 185 172 96 139 3 141 202 191 179 103 146 6 148 16 196 186 110 153 10 155 23 200 192 117 160 15 162 30 11 197 124 167 21 169 37 17 7 131 174 28 176 44 24 12 138 181 35 183 51 31 18 145 188 42 189 58 38 25 2 49 194 65 45 5 56 198 72 9 63 201 14 70 20
153 138 160 12 145 167 122 18 152 174 184 129 25 159 181 71 190 136 32 166 188 161 78 195 143 39 173 2 168 85 199 150 46 180 5 175 92 202 157 53 187 9 182 99 16 164 60 193 14 1 106 23 171 67 4 20 3 113 30 178 74 8 27 6 120 37 185 81 13 34 10 127 44 191 88 19 41 15 134 51 196 95 26 48 21 141 58 200 102 33 55 28 148 65 11 109 40 62 35 155 72 17 116 47 69 42 162 79 24 123 54 76 49 169 86 31 130 61 83 56 176 93 38 137 68 90 63 183 100 45 144 75 97 70 189 107 52 151 82 104 77 194 114 59 158 89 111 84 198 121 66 165 96 118 91 201 128 73 172 103 125 98 203 135 80 179 110 132 105 22 142 87 186 117 139 112 29 149 94 192 124 146 119 36 156 101 197 131 126 43 163 108 7 133 50 170 115 140 57 177 147 64 154
154 41 161 173 48 168 165 180 55 175 150 172 187 62 182 23 157 179 193 69 1 134 30 164 186 4 76 3 141 37 171 192 8 83 6 148 44 178 197 13 90 10 155 51 185 7 19 97 15 162 58 191 12 26 104 21 169 65 196 18 33 111 28 176 72 200 25 40 118 35 183 79 11 32 47 125 42 189 86 17 39 54 132 49 194 93 24 46 61 139 56 198 100 31 53 68 146 63 201 107 38 60 75 153 70 203 114 45 67 82 160 77 22 121 52 74 89 167 84 29 128 59 81 96 174 91 36 135 66 88 103 181 98 43 142 73 95 110 188 105 50 149 80 102 117 2 112 57 156 87 109 124 5 119 64 163 94 116 131 9 126 71 170 101 123 138 14 133 78 177 108 130 145 20 140 85 184 115 137 152 27 147 92 190 122 144 159 34 99 195 129 151 166 106 199 136 158 113 202 143 120 16 127
155 84 162 139 91 169 117 146 98 176 81 124 153 105 183 24 88 131 160 112 189 37 31 95 138 167 119 194 44 38 102 145 174 126 198 51 45 109 152 181 133 201 58 52 116 159 188 140 203 65 59 123 166 2 147 22 72 66 130 173 5 154 29 79 73 137 180 9 161 36 86 80 144 187 14 168 43 93 87 151 193 20 175 50 100 94 158 4 27 182 57 107 101 165 8 34 1 64 114 108 172 13 41 3 71 121 115 179 19 48 6 78 128 122 186 26 55 10 85 135 129 192 33 62 15 92 142 136 197 40 69 21 99 149 143 7 47 76 28 106 156 150 12 54 83 35 113 163 157 18 61 90 42 120 170 164 25 68 97 49 127 177 171 32 75 104 56 134 184 178 39 82 111 63 141 190 185 46 89 118 70 148 195 191 53 96 125 77 199 196 60 103 132 202 200 67 110 16 11 74 23 17 30
156 29 163 98 36 170 160 105 43 177 47 167 112 50 184 179 54 174 119 57 190 171 186 61 181 126 64 195 178 192 68 188 133 71 199 185 197 75 2 140 78 202 191 7 82 5 147 85 16 196 12 89 9 154 92 23 200 18 96 14 161 99 30 11 25 103 20 168 106 37 17 32 110 27 175 113 44 24 39 117 34 182 120 51 31 46 124 41 1 127 58 38 53 131 48 3 134 65 45 60 138 55 6 141 72 52 67 145 62 10 148 79 59 74 152 69 15 155 86 66 81 159 76 21 162 93 73 88 166 83 28 169 100 80 95 173 90 35 176 107 87 102 180 97 42 183 114 94 109 187 104 49 189 121 101 116 193 111 56 194 128 108 123 4 118 63 198 135 115 130 8 125 70 201 142 122 137 13 132 77 203 149 129 144 19 139 84 22 136 151 26 146 91 143 158 33 153 150 165 40 157 172 164
157 135 164 99 142 171 6 106 149 178 14 10 113 156 185 131 20 15 120 163 191 102 138 27 21 127 170 196 109 145 34 28 134 177 200 116 152 41 35 141 184 11 123 159 48 42 148 190 17 130 166 55 49 155 195 24 137 173 62 56 162 199 31 144 180 69 63 169 202 38 151 187 76 70 176 16 45 158 193 83 77 183 23 52 165 4 90 84 189 30 59 172 8 97 91 194 37 66 179 13 104 98 198 44 73 186 19 111 105 201 51 80 192 26 118 112 203 58 87 197 33 125 119 22 65 94 7 40 132 126 29 72 101 12 47 139 133 36 79 108 18 54 146 140 43 86 115 25 61 153 147 50 93 122 32 68 160 154 57 100 129 39 75 167 161 64 107 136 46 82 174 168 71 114 143 53 89 181 175 78 121 150 60 96 188 182 85 128 67 103 2 1 92 74 110 5 3 81 117 9 88 124 95
158 38 165 58 45 172 85 65 52 179 182 92 72 59 186 83 1 99 79 66 192 33 90 3 106 86 73 197 40 97 6 113 93 80 7 47 104 10 120 100 87 12 54 111 15 127 107 94 18 61 118 21 134 114 101 25 68 125 28 141 121 108 32 75 132 35 148 128 115 39 82 139 42 155 135 122 46 89 146 49 162 142 129 53 96 153 56 169 149 136 60 103 160 63 176 156 143 67 110 167 70 183 163 150 74 117 174 77 189 170 157 81 124 181 84 194 177 164 88 131 188 91 198 184 171 95 138 2 98 201 190 178 102 145 5 105 203 195 185 109 152 9 112 22 199 191 116 159 14 119 29 202 196 123 166 20 126 36 16 200 130 173 27 133 43 23 11 137 180 34 140 50 30 17 144 187 41 147 57 37 24 151 193 48 154 64 44 31 4 55 161 71 51 8 62 168 78 13 69 175 19 76 26
159 144 166 17 151 173 128 24 158 180 189 135 31 165 187 35 194 142 38 172 193 167 42 198 149 45 179 4 174 49 201 156 52 186 8 181 56 203 163 59 192 13 188 63 22 170 66 197 19 2 70 29 177 73 7 26 5 77 36 184 80 12 33 9 84 43 190 87 18 40 14 91 50 195 94 25 47 20 98 57 199 101 32 54 27 105 64 202 108 39 61 34 112 71 16 115 46 68 41 119 78 23 122 53 75 48 126 85 30 129 60 82 55 133 92 37 136 67 89 62 140 99 44 143 74 96 69 147 106 51 150 81 103 76 154 113 58 157 88 110 83 161 120 65 164 95 117 90 168 127 72 171 102 124 97 175 134 79 178 109 131 104 182 141 86 185 116 138 111 1 148 93 191 123 145 118 3 155 100 196 130 152 125 6 162 107 200 137 132 10 169 114 11 139 15 176 121 146 21 183 153 28 160
160 47 167 179 54 174 171 186 61 181 156 178 192 68 188 29 163 185 197 75 2 98 36 170 191 7 82 5 105 43 177 196 12 89 9 112 50 184 200 18 96 14 119 57 190 11 25 103 20 126 64 195 17 32 110 27 133 71 199 24 39 117 34 140 78 202 31 46 124 41 147 85 16 38 53 131 48 154 92 23 45 60 138 55 161 99 30 52 67 145 62 168 106 37 59 74 152 69 175 113 44 66 81 159 76 182 120 51 73 88 166 83 1 127 58 80 95 173 90 3 134 65 87 102 180 97 6 141 72 94 109 187 104 10 148 79 101 116 193 111 15 155 86 108 123 4 118 21 162 93 115 130 8 125 28 169 100 122 137 13 132 35 176 107 129 144 19 139 42 183 114 136 151 26 146 49 189 121 143 158 33 153 56 194 128 150 165 40 63 198 135 157 172 70 201 142 164 77 203 149 84 22 91
161 153 168 138 160 175 12 145 167 182 122 18 152 174 1 184 129 25 159 181 3 71 190 136 32 166 188 6 78 195 143 39 173 2 10 85 199 150 46 180 5 15 92 202 157 53 187 9 21 99 16 164 60 193 14 28 106 23 171 67 4 20 35 113 30 178 74 8 27 42 120 37 185 81 13 34 49 127 44 191 88 19 41 56 134 51 196 95 26 48 63 141 58 200 102 33 55 70 148 65 11 109 40 62 77 155 72 17 116 47 69 84 162 79 24 123 54 76 91 169 86 31 130 61 83 98 176 93 38 137 68 90 105 183 100 45 144 75 97 112 189 107 52 151 82 104 119 194 114 59 158 89 111 126 198 121 66 165 96 118 133 201 128 73 172 103 125 140 203 135 80 179 110 132 147 22 142 87 186 117 139 154 29 149 94 192 124 146 36 156 101 197 131 43 163 108 7 50 170 115 57 177 64
162 3 169 104 6 176 166 111 10 183 53 173 118 15 189 185 60 180 125 21 194 177 191 67 187 132 28 198 184 196 74 193 139 35 201 190 200 81 4 146 42 203 195 11 88 8 153 49 22 199 17 95 13 160 56 29 202 24 102 19 167 63 36 16 31 109 26 174 70 43 23 38 116 33 181 77 50 30 45 123 40 188 84 57 37 52 130 47 2 91 64 44 59 137 54 5 98 71 51 66 144 61 9 105 78 58 73 151 68 14 112 85 65 80 158 75 20 119 92 72 87 165 82 27 126 99 79 94 172 89 34 133 106 86 101 179 96 41 140 113 93 108 186 103 48 147 120 100 115 192 110 55 154 127 107 122 197 117 62 161 134 114 129 7 124 69 168 141 121 136 12 131 76 175 148 128 143 18 138 83 182 155 135 150 25 145 90 1 142 157 32 152 97 149 164 39 159 156 171 46 163 178 170
163 141 170 63 148 177 9 70 155 184 19 14 77 162 190 137 26 20 84 169 195 108 144 33 27 91 176 199 115 151 40 34 98 183 202 122 158 47 41 105 189 16 129 165 54 48 112 194 23 136 172 61 55 119 198 30 143 179 68 62 126 201 37 150 186 75 69 133 203 44 157 192 82 76 140 22 51 164 197 89 83 147 29 58 171 7 96 90 154 36 65 178 12 103 97 161 43 72 185 18 110 104 168 50 79 191 25 117 111 175 57 86 196 32 124 118 182 64 93 200 39 131 125 1 71 100 11 46 138 132 3 78 107 17 53 145 139 6 85 114 24 60 152 146 10 92 121 31 67 159 153 15 99 128 38 74 166 160 21 106 135 45 81 173 167 28 113 142 52 88 180 174 35 120 149 59 95 187 181 42 127 156 66 102 193 188 49 134 73 109 4 2 56 80 116 8 5 87 123 13 94 130 101
164 44 171 64 51 178 49 71 58 185 188 56 78 65 191 89 2 63 85 72 196 39 96 5 70 92 79 200 46 103 9 77 99 86 11 53 110 14 84 106 93 17 60 117 20 91 113 100 24 67 124 27 98 120 107 31 74 131 34 105 127 114 38 81 138 41 112 134 121 45 88 145 48 119 141 128 52 95 152 55 126 148 135 59 102 159 62 133 155 142 66 109 166 69 140 162 149 73 116 173 76 147 169 156 80 123 180 83 154 176 163 87 130 187 90 161 183 170 94 137 193 97 168 189 177 101 144 4 104 175 194 184 108 151 8 111 182 198 190 115 158 13 118 1 201 195 122 165 19 125 3 203 199 129 172 26 132 6 22 202 136 179 33 139 10 29 16 143 186 40 146 15 36 23 150 192 47 153 21 43 30 157 197 54 160 28 50 37 7 61 167 35 57 12 68 174 42 18 75 181 25 82 32
165 150 172 23 157 179 134 30 164 186 154 141 37 171 192 41 161 148 44 178 197 173 48 168 155 51 185 7 180 55 175 162 58 191 12 187 62 182 169 65 196 18 193 69 1 176 72 200 25 4 76 3 183 79 11 32 8 83 6 189 86 17 39 13 90 10 194 93 24 46 19 97 15 198 100 31 53 26 104 21 201 107 38 60 33 111 28 203 114 45 67 40 118 35 22 121 52 74 47 125 42 29 128 59 81 54 132 49 36 135 66 88 61 139 56 43 142 73 95 68 146 63 50 149 80 102 75 153 70 57 156 87 109 82 160 77 64 163 94 116 89 167 84 71 170 101 123 96 174 91 78 177 108 130 103 181 98 85 184 115 137 110 188 105 92 190 122 144 117 2 112 99 195 129 151 124 5 119 106 199 136 158 131 9 126 113 202 143 138 14 133 120 16 145 20 140 127 152 27 147 159 34 166
166 53 173 185 60 180 177 191 67 187 162 184 196 74 193 3 169 190 200 81 4 104 6 176 195 11 88 8 111 10 183 199 17 95 13 118 15 189 202 24 102 19 125 21 194 16 31 109 26 132 28 198 23 38 116 33 139 35 201 30 45 123 40 146 42 203 37 52 130 47 153 49 22 44 59 137 54 160 56 29 51 66 144 61 167 63 36 58 73 151 68 174 70 43 65 80 158 75 181 77 50 72 87 165 82 188 84 57 79 94 172 89 2 91 64 86 101 179 96 5 98 71 93 108 186 103 9 105 78 100 115 192 110 14 112 85 107 122 197 117 20 119 92 114 129 7 124 27 126 99 121 136 12 131 34 133 106 128 143 18 138 41 140 113 135 150 25 145 48 147 120 142 157 32 152 55 154 127 149 164 39 159 62 161 134 156 171 46 69 168 141 163 178 76 175 148 170 83 182 155 90 1 97
167 159 174 144 166 181 17 151 173 188 128 24 158 180 2 189 135 31 165 187 5 35 194 142 38 172 193 9 42 198 149 45 179 4 14 49 201 156 52 186 8 20 56 203 163 59 192 13 27 63 22 170 66 197 19 34 70 29 177 73 7 26 41 77 36 184 80 12 33 48 84 43 190 87 18 40 55 91 50 195 94 25 47 62 98 57 199 101 32 54 69 105 64 202 108 39 61 76 112 71 16 115 46 68 83 119 78 23 122 53 75 90 126 85 30 129 60 82 97 133 92 37 136 67 89 104 140 99 44 143 74 96 111 147 106 51 150 81 103 118 154 113 58 157 88 110 125 161 120 65 164 95 117 132 168 127 72 171 102 124 139 175 134 79 178 109 131 146 182 141 86 185 116 138 153 1 148 93 191 123 145 160 3 155 100 196 130 152 6 162 107 200 137 10 169 114 11 15 176 121 21 183 28
168 62 175 103 69 182 60 110 76 1 94 67 117 83 3 142 101 74 124 90 6 201 149 108 81 131 97 10 203 156 115 88 138 104 15 22 163 122 95 145 111 21 29 170 129 102 152 118 28 36 177 136 109 159 125 35 43 184 143 116 166 132 42 50 190 150 123 173 139 49 57 195 157 130 180 146 56 64 199 164 137 187 153 63 71 202 171 144 193 160 70 78 16 178 151 4 167 77 85 23 185 158 8 174 84 92 30 191 165 13 181 91 99 37 196 172 19 188 98 106 44 200 179 26 2 105 113 51 11 186 33 5 112 120 58 17 192 40 9 119 127 65 24 197 47 14 126 134 72 31 7 54 20 133 141 79 38 12 61 27 140 148 86 45 18 68 34 147 155 93 52 25 75 41 154 162 100 59 32 82 48 161 169 107 66 39 89 55 176 114 73 46 96 183 121 80 53 189 128 87 194 135 198
169 105 176 69 112 183 13 76 119 189 25 19 83 126 194 143 32 26 90 133 198 114 150 39 33 97 140 201 121 157 46 40 104 147 203 128 164 53 47 111 154 22 135 171 60 54 118 161 29 142 178 67 61 125 168 36 149 185 74 68 132 175 43 156 191 81 75 139 182 50 163 196 88 82 146 1 57 170 200 95 89 153 3 64 177 11 102 96 160 6 71 184 17 109 103 167 10 78 190 24 116 110 174 15 85 195 31 123 117 181 21 92 199 38 130 124 188 28 99 202 45 137 131 2 35 106 16 52 144 138 5 42 113 23 59 151 145 9 49 120 30 66 158 152 14 56 127 37 73 165 159 20 63 134 44 80 172 166 27 70 141 51 87 179 173 34 77 148 58 94 186 180 41 84 155 65 101 192 187 48 91 162 72 108 197 193 55 98 79 115 7 4 62 86 122 12 8 93 129 18 100 136 107
170 50 177 28 57 184 55 35 64 190 193 62 42 71 195 95 4 69 49 78 199 45 102 8 76 56 85 202 52 109 13 83 63 92 16 59 116 19 90 70 99 23 66 123 26 97 77 106 30 73 130 33 104 84 113 37 80 137 40 111 91 120 44 87 144 47 118 98 127 51 94 151 54 125 105 134 58 101 158 61 132 112 141 65 108 165 68 139 119 148 72 115 172 75 146 126 155 79 122 179 82 153 133 162 86 129 186 89 160 140 169 93 136 192 96 167 147 176 100 143 197 103 174 154 183 107 150 7 110 181 161 189 114 157 12 117 188 168 194 121 164 18 124 2 175 198 128 171 25 131 5 182 201 135 178 32 138 9 1 203 142 185 39 145 14 3 22 149 191 46 152 20 6 29 156 196 53 159 27 10 36 163 200 60 166 34 15 43 11 67 173 41 21 17 74 180 48 24 81 187 31 88 38
171 156 178 29 163 185 98 36 170 191 160 105 43 177 196 47 167 112 50 184 200 179 54 174 119 57 190 11 186 61 181 126 64 195 17 192 68 188 133 71 199 24 197 75 2 140 78 202 31 7 82 5 147 85 16 38 12 89 9 154 92 23 45 18 96 14 161 99 30 52 25 103 20 168 106 37 59 32 110 27 175 113 44 66 39 117 34 182 120 51 73 46 124 41 1 127 58 80 53 131 48 3 134 65 87 60 138 55 6 141 72 94 67 145 62 10 148 79 101 74 152 69 15 155 86 108 81 159 76 21 162 93 115 88 166 83 28 169 100 122 95 173 90 35 176 107 129 102 180 97 42 183 114 136 109 187 104 49 189 121 143 116 193 111 56 194 128 150 123 4 118 63 198 135 157 130 8 125 70 201 142 164 137 13 132 77 203 149 144 19 139 84 22 151 26 146 91 158 33 153 165 40 172
172 59 179 190 66 186 183 195 73 192 126 189 199 80 197 5 133 194 202 87 7 110 9 140 198 16 94 12 117 14 147 201 23 101 18 124 20 154 203 30 108 25 131 27 161 22 37 115 32 138 34 168 29 44 122 39 145 41 175 36 51 129 46 152 48 182 43 58 136 53 159 55 1 50 65 143 60 166 62 3 57 72 150 67 173 69 6 64 79 157 74 180 76 10 71 86 164 81 187 83 15 78 93 171 88 193 90 21 85 100 178 95 4 97 28 92 107 185 102 8 104 35 99 114 191 109 13 111 42 106 121 196 116 19 118 49 113 128 200 123 26 125 56 120 135 11 130 33 132 63 127 142 17 137 40 139 70 134 149 24 144 47 146 77 141 156 31 151 54 153 84 148 163 38 158 61 160 91 155 170 45 165 68 167 98 162 177 52 75 174 105 169 184 82 181 112 176 89 188 119 96 2 103
173 165 180 150 172 187 23 157 179 193 134 30 164 186 4 154 141 37 171 192 8 41 161 148 44 178 197 13 48 168 155 51 185 7 19 55 175 162 58 191 12 26 62 182 169 65 196 18 33 69 1 176 72 200 25 40 76 3 183 79 11 32 47 83 6 189 86 17 39 54 90 10 194 93 24 46 61 97 15 198 100 31 53 68 104 21 201 107 38 60 75 111 28 203 114 45 67 82 118 35 22 121 52 74 89 125 42 29 128 59 81 96 132 49 36 135 66 88 103 139 56 43 142 73 95 110 146 63 50 149 80 102 117 153 70 57 156 87 109 124 160 77 64 163 94 116 131 167 84 71 170 101 123 138 174 91 78 177 108 130 145 181 98 85 184 115 137 152 188 105 92 190 122 144 159 2 112 99 195 129 151 166 5 119 106 199 136 158 9 126 113 202 143 14 133 120 16 20 140 127 27 147 34
174 68 181 109 75 188 66 116 82 2 100 73 123 89 5 148 107 80 130 96 9 175 155 114 87 137 103 14 182 162 121 94 144 110 20 1 169 128 101 151 117 27 3 176 135 108 158 124 34 6 183 142 115 165 131 41 10 189 149 122 172 138 48 15 194 156 129 179 145 55 21 198 163 136 186 152 62 28 201 170 143 192 159 69 35 203 177 150 197 166 76 42 22 184 157 7 173 83 49 29 190 164 12 180 90 56 36 195 171 18 187 97 63 43 199 178 25 193 104 70 50 202 185 32 4 111 77 57 16 191 39 8 118 84 64 23 196 46 13 125 91 71 30 200 53 19 132 98 78 37 11 60 26 139 105 85 44 17 67 33 146 112 92 51 24 74 40 153 119 99 58 31 81 47 160 126 106 65 38 88 54 167 133 113 72 45 95 61 140 120 79 52 102 147 127 86 59 154 134 93 161 141 168
175 174 182 68 181 1 109 75 188 3 66 116 82 2 6 100 73 123 89 5 10 148 107 80 130 96 9 15 155 114 87 137 103 14 21 162 121 94 144 110 20 28 169 128 101 151 117 27 35 176 135 108 158 124 34 42 183 142 115 165 131 41 49 189 149 122 172 138 48 56 194 156 129 179 145 55 63 198 163 136 186 152 62 70 201 170 143 192 159 69 77 203 177 150 197 166 76 84 22 184 157 7 173 83 91 29 190 164 12 180 90 98 36 195 171 18 187 97 105 43 199 178 25 193 104 112 50 202 185 32 4 111 119 57 16 191 39 8 118 126 64 23 196 46 13 125 133 71 30 200 53 19 132 140 78 37 11 60 26 139 147 85 44 17 67 33 146 154 92 51 24 74 40 153 161 99 58 31 81 47 160 168 106 65 38 88 54 167 113 72 45 95 61 120 79 52 102 127 86 59 134 93 141
176 15 183 34 21 189 61 41 28 194 197 68 48 35 198 101 7 75 55 42 201 51 108 12 82 62 49 203 58 115 18 89 69 56 22 65 122 25 96 76 63 29 72 129 32 103 83 70 36 79 136 39 110 90 77 43 86 143 46 117 97 84 50 93 150 53 124 104 91 57 100 157 60 131 111 98 64 107 164 67 138 118 105 71 114 171 74 145 125 112 78 121 178 81 152 132 119 85 128 185 88 159 139 126 92 135 191 95 166 146 133 99 142 196 102 173 153 140 106 149 200 109 180 160 147 113 156 11 116 187 167 154 120 163 17 123 193 174 161 127 170 24 130 4 181 168 134 177 31 137 8 188 175 141 184 38 144 13 2 182 148 190 45 151 19 5 1 155 195 52 158 26 9 3 162 199 59 165 33 14 6 169 202 66 172 40 20 10 16 73 179 47 27 23 80 186 54 30 87 192 37 94 44
177 162 184 3 169 190 104 6 176 195 166 111 10 183 199 53 173 118 15 189 202 185 60 180 125 21 194 16 191 67 187 132 28 198 23 196 74 193 139 35 201 30 200 81 4 146 42 203 37 11 88 8 153 49 22 44 17 95 13 160 56 29 51 24 102 19 167 63 36 58 31 109 26 174 70 43 65 38 116 33 181 77 50 72 45 123 40 188 84 57 79 52 130 47 2 91 64 86 59 137 54 5 98 71 93 66 144 61 9 105 78 100 73 151 68 14 112 85 107 80 158 75 20 119 92 114 87 165 82 27 126 99 121 94 172 89 34 133 106 128 101 179 96 41 140 113 135 108 186 103 48 147 120 142 115 192 110 55 154 127 149 122 197 117 62 161 134 156 129 7 124 69 168 141 163 136 12 131 76 175 148 170 143 18 138 83 182 155 150 25 145 90 1 157 32 152 97 164 39 159 171 46 178
178 65 185 194 72 191 147 198 79 196 132 154 201 86 200 8 139 161 203 93 11 116 13 146 168 22 100 17 123 19 153 175 29 107 24 130 26 160 182 36 114 31 137 33 167 1 43 121 38 144 40 174 3 50 128 45 151 47 181 6 57 135 52 158 54 188 10 64 142 59 165 61 2 15 71 149 66 172 68 5 21 78 156 73 179 75 9 28 85 163 80 186 82 14 35 92 170 87 192 89 20 42 99 177 94 197 96 27 49 106 184 101 7 103 34 56 113 190 108 12 110 41 63 120 195 115 18 117 48 70 127 199 122 25 124 55 77 134 202 129 32 131 62 84 141 16 136 39 138 69 91 148 23 143 46 145 76 98 155 30 150 53 152 83 105 162 37 157 60 159 90 112 169 44 164 67 166 97 119 176 51 171 74 173 104 126 183 58 81 180 111 133 189 88 187 118 140 95 193 125 102 4 109
179 171 186 156 178 192 29 163 185 197 98 36 170 191 7 160 105 43 177 196 12 47 167 112 50 184 200 18 54 174 119 57 190 11 25 61 181 126 64 195 17 32 68 188 133 71 199 24 39 75 2 140 78 202 31 46 82 5 147 85 16 38 53 89 9 154 92 23 45 60 96 14 161 99 30 52 67 103 20 168 106 37 59 74 110 27 175 113 44 66 81 117 34 182 120 51 73 88 124 41 1 127 58 80 95 131 48 3 134 65 87 102 138 55 6 141 72 94 109 145 62 10 148 79 101 116 152 69 15 155 86 108 123 159 76 21 162 93 115 130 166 83 28 169 100 122 137 173 90 35 176 107 129 144 180 97 42 183 114 136 151 187 104 49 189 121 143 158 193 111 56 194 128 150 165 4 118 63 198 135 157 172 8 125 70 201 142 164 13 132 77 203 149 19 139 84 22 26 146 91 33 153 40
180 74 187 115 81 193 72 122 88 4 106 79 129 95 8 112 113 86 136 102 13 181 119 120 93 143 109 19 188 126 127 100 150 116 26 2 133 134 107 157 123 33 5 140 141 114 164 130 40 9 147 148 121 171 137 47 14 154 155 128 178 144 54 20 161 162 135 185 151 61 27 168 169 142 191 158 68 34 175 176 149 196 165 75 41 182 183 156 200 172 82 48 1 189 163 11 179 89 55 3 194 170 17 186 96 62 6 198 177 24 192 103 69 10 201 184 31 197 110 76 15 203 190 38 7 117 83 21 22 195 45 12 124 90 28 29 199 52 18 131 97 35 36 202 59 25 138 104 42 43 16 66 32 145 111 49 50 23 73 39 152 118 56 57 30 80 46 159 125 63 64 37 87 53 166 132 70 71 44 94 60 173 139 77 78 51 101 67 146 84 85 58 108 153 91 92 65 160 98 99 167 105 174
181 180 188 74 187 2 115 81 193 5 72 122 88 4 9 106 79 129 95 8 14 112 113 86 136 102 13 20 119 120 93 143 109 19 27 126 127 100 150 116 26 34 133 134 107 157 123 33 41 140 141 114 164 130 40 48 147 148 121 171 137 47 55 154 155 128 178 144 54 62 161 162 135 185 151 61 69 168 169 142 191 158 68 76 175 176 149 196 165 75 83 182 183 156 200 172 82 90 1 189 163 11 179 89 97 3 194 170 17 186 96 104 6 198 177 24 192 103 111 10 201 184 31 197 110 118 15 203 190 38 7 117 125 21 22 195 45 12 124 132 28 29 199 52 18 131 139 35 36 202 59 25 138 146 42 43 16 66 32 145 153 49 50 23 73 39 152 160 56 57 30 80 46 159 167 63 64 37 87 53 166 174 70 71 44 94 60 173 77 78 51 101 67 84 85 58 108 91 92 65 98 99 105
182 83 1 33 90 3 158 40 97 6 38 165 47 104 10 58 45 172 54 111 15 85 65 52 179 61 118 21 92 72 59 186 68 125 28 99 79 66 192 75 132 35 106 86 73 197 82 139 42 113 93 80 7 89 146 49 120 100 87 12 96 153 56 127 107 94 18 103 160 63 134 114 101 25 110 167 70 141 121 108 32 117 174 77 148 128 115 39 124 181 84 155 135 122 46 131 188 91 162 142 129 53 138 2 98 169 149 136 60 145 5 105 176 156 143 67 152 9 112 183 163 150 74 159 14 119 189 170 157 81 166 20 126 194 177 164 88 173 27 133 198 184 171 95 180 34 140 201 190 178 102 187 41 147 203 195 185 109 193 48 154 22 199 191 116 4 55 161 29 202 196 123 8 62 168 36 16 200 130 13 69 175 43 23 11 137 19 76 50 30 17 144 26 57 37 24 151 64 44 31 71 51 78
183 126 189 5 133 194 110 9 140 198 172 117 14 147 201 59 179 124 20 154 203 190 66 186 131 27 161 22 195 73 192 138 34 168 29 199 80 197 145 41 175 36 202 87 7 152 48 182 43 16 94 12 159 55 1 50 23 101 18 166 62 3 57 30 108 25 173 69 6 64 37 115 32 180 76 10 71 44 122 39 187 83 15 78 51 129 46 193 90 21 85 58 136 53 4 97 28 92 65 143 60 8 104 35 99 72 150 67 13 111 42 106 79 157 74 19 118 49 113 86 164 81 26 125 56 120 93 171 88 33 132 63 127 100 178 95 40 139 70 134 107 185 102 47 146 77 141 114 191 109 54 153 84 148 121 196 116 61 160 91 155 128 200 123 68 167 98 162 135 11 130 75 174 105 169 142 17 137 82 181 112 176 149 24 144 89 188 119 156 31 151 96 2 163 38 158 103 170 45 165 177 52 184
184 71 190 161 78 195 153 168 85 199 138 160 175 92 202 12 145 167 182 99 16 122 18 152 174 1 106 23 129 25 159 181 3 113 30 136 32 166 188 6 120 37 143 39 173 2 10 127 44 150 46 180 5 15 134 51 157 53 187 9 21 141 58 164 60 193 14 28 148 65 171 67 4 20 35 155 72 178 74 8 27 42 162 79 185 81 13 34 49 169 86 191 88 19 41 56 176 93 196 95 26 48 63 183 100 200 102 33 55 70 189 107 11 109 40 62 77 194 114 17 116 47 69 84 198 121 24 123 54 76 91 201 128 31 130 61 83 98 203 135 38 137 68 90 105 22 142 45 144 75 97 112 29 149 52 151 82 104 119 36 156 59 158 89 111 126 43 163 66 165 96 118 133 50 170 73 172 103 125 140 57 177 80 179 110 132 147 64 87 186 117 139 154 94 192 124 146 101 197 131 108 7 115
185 177 191 162 184 196 3 169 190 200 104 6 176 195 11 166 111 10 183 199 17 53 173 118 15 189 202 24 60 180 125 21 194 16 31 67 187 132 28 198 23 38 74 193 139 35 201 30 45 81 4 146 42 203 37 52 88 8 153 49 22 44 59 95 13 160 56 29 51 66 102 19 167 63 36 58 73 109 26 174 70 43 65 80 116 33 181 77 50 72 87 123 40 188 84 57 79 94 130 47 2 91 64 86 101 137 54 5 98 71 93 108 144 61 9 105 78 100 115 151 68 14 112 85 107 122 158 75 20 119 92 114 129 165 82 27 126 99 121 136 172 89 34 133 106 128 143 179 96 41 140 113 135 150 186 103 48 147 120 142 157 192 110 55 154 127 149 164 197 117 62 161 134 156 171 7 124 69 168 141 163 178 12 131 76 175 148 170 18 138 83 182 155 25 145 90 1 32 152 97 39 159 46
186 80 192 121 87 197 78 128 94 7 70 85 135 101 12 118 77 92 142 108 18 187 125 84 99 149 115 25 193 132 91 106 156 122 32 4 139 98 113 163 129 39 8 146 105 120 170 136 46 13 153 112 127 177 143 53 19 160 119 134 184 150 60 26 167 126 141 190 157 67 33 174 133 148 195 164 74 40 181 140 155 199 171 81 47 188 147 162 202 178 88 54 2 154 169 16 185 95 61 5 161 176 23 191 102 68 9 168 183 30 196 109 75 14 175 189 37 200 116 82 20 182 194 44 11 123 89 27 1 198 51 17 130 96 34 3 201 58 24 137 103 41 6 203 65 31 144 110 48 10 22 72 38 151 117 55 15 29 79 45 158 124 62 21 36 86 52 165 131 69 28 43 93 59 172 138 76 35 50 100 66 179 145 83 42 57 107 73 152 90 49 64 114 159 97 56 71 166 104 63 173 111 180
187 186 193 80 192 4 121 87 197 8 78 128 94 7 13 70 85 135 101 12 19 118 77 92 142 108 18 26 125 84 99 149 115 25 33 132 91 106 156 122 32 40 139 98 113 163 129 39 47 146 105 120 170 136 46 54 153 112 127 177 143 53 61 160 119 134 184 150 60 68 167 126 141 190 157 67 75 174 133 148 195 164 74 82 181 140 155 199 171 81 89 188 147 162 202 178 88 96 2 154 169 16 185 95 103 5 161 176 23 191 102 110 9 168 183 30 196 109 117 14 175 189 37 200 116 124 20 182 194 44 11 123 131 27 1 198 51 17 130 138 34 3 201 58 24 137 145 41 6 203 65 31 144 152 48 10 22 72 38 151 159 55 15 29 79 45 158 166 62 21 36 86 52 165 173 69 28 43 93 59 172 180 76 35 50 100 66 179 83 42 57 107 73 90 49 64 114 97 56 71 104 63 111
188 89 2 39 96 5 164 46 103 9 44 171 53 110 14 64 51 178 60 117 20 49 71 58 185 67 124 27 56 78 65 191 74 131 34 63 85 72 196 81 138 41 70 92 79 200 88 145 48 77 99 86 11 95 152 55 84 106 93 17 102 159 62 91 113 100 24 109 166 69 98 120 107 31 116 173 76 105 127 114 38 123 180 83 112 134 121 45 130 187 90 119 141 128 52 137 193 97 126 148 135 59 144 4 104 133 155 142 66 151 8 111 140 162 149 73 158 13 118 147 169 156 80 165 19 125 154 176 163 87 172 26 132 161 183 170 94 179 33 139 168 189 177 101 186 40 146 175 194 184 108 192 47 153 182 198 190 115 197 54 160 1 201 195 122 7 61 167 3 203 199 129 12 68 174 6 22 202 136 18 75 181 10 29 16 143 25 82 15 36 23 150 32 21 43 30 157 28 50 37 35 57 42
189 35 194 167 42 198 159 174 49 201 144 166 181 56 203 17 151 173 188 63 22 128 24 158 180 2 70 29 135 31 165 187 5 77 36 142 38 172 193 9 84 43 149 45 179 4 14 91 50 156 52 186 8 20 98 57 163 59 192 13 27 105 64 170 66 197 19 34 112 71 177 73 7 26 41 119 78 184 80 12 33 48 126 85 190 87 18 40 55 133 92 195 94 25 47 62 140 99 199 101 32 54 69 147 106 202 108 39 61 76 154 113 16 115 46 68 83 161 120 23 122 53 75 90 168 127 30 129 60 82 97 175 134 37 136 67 89 104 182 141 44 143 74 96 111 1 148 51 150 81 103 118 3 155 58 157 88 110 125 6 162 65 164 95 117 132 10 169 72 171 102 124 139 15 176 79 178 109 131 146 21 183 86 185 116 138 153 28 93 191 123 145 160 100 196 130 152 107 200 137 114 11 121
190 183 195 126 189 199 5 133 194 202 110 9 140 198 16 172 117 14 147 201 23 59 179 124 20 154 203 30 66 186 131 27 161 22 37 73 192 138 34 168 29 44 80 197 145 41 175 36 51 87 7 152 48 182 43 58 94 12 159 55 1 50 65 101 18 166 62 3 57 72 108 25 173 69 6 64 79 115 32 180 76 10 71 86 122 39 187 83 15 78 93 129 46 193 90 21 85 100 136 53 4 97 28 92 107 143 60 8 104 35 99 114 150 67 13 111 42 106 121 157 74 19 118 49 113 128 164 81 26 125 56 120 135 171 88 33 132 63 127 142 178 95 40 139 70 134 149 185 102 47 146 77 141 156 191 109 54 153 84 148 163 196 116 61 160 91 155 170 200 123 68 167 98 162 177 11 130 75 174 105 169 184 17 137 82 181 112 176 24 144 89 188 119 31 151 96 2 38 158 103 45 165 52
191 86 196 127 93 200 42 134 100 11 76 49 141 107 17 124 83 56 148 114 24 192 131 90 63 155 121 31 197 138 97 70 162 128 38 7 145 104 77 169 135 45 12 152 111 84 176 142 52 18 159 118 91 183 149 59 25 166 125 98 189 156 66 32 173 132 105 194 163 73 39 180 139 112 198 170 80 46 187 146 119 201 177 87 53 193 153 126 203 184 94 60 4 160 133 22 190 101 67 8 167 140 29 195 108 74 13 174 147 36 199 115 81 19 181 154 43 202 122 88 26 188 161 50 16 129 95 33 2 168 57 23 136 102 40 5 175 64 30 143 109 47 9 182 71 37 150 116 54 14 1 78 44 157 123 61 20 3 85 51 164 130 68 27 6 92 58 171 137 75 34 10 99 65 178 144 82 41 15 106 72 185 151 89 48 21 113 79 158 96 55 28 120 165 103 62 35 172 110 69 179 117 186
192 191 197 86 196 7 127 93 200 12 42 134 100 11 18 76 49 141 107 17 25 124 83 56 148 114 24 32 131 90 63 155 121 31 39 138 97 70 162 128 38 46 145 104 77 169 135 45 53 152 111 84 176 142 52 60 159 118 91 183 149 59 67 166 125 98 189 156 66 74 173 132 105 194 163 73 81 180 139 112 198 170 80 88 187 146 119 201 177 87 95 193 153 126 203 184 94 102 4 160 133 22 190 101 109 8 167 140 29 195 108 116 13 174 147 36 199 115 123 19 181 154 43 202 122 130 26 188 161 50 16 129 137 33 2 168 57 23 136 144 40 5 175 64 30 143 151 47 9 182 71 37 150 158 54 14 1 78 44 157 165 61 20 3 85 51 164 172 68 27 6 92 58 171 179 75 34 10 99 65 178 186 82 41 15 106 72 185 89 48 21 113 79 96 55 28 120 103 62 35 110 69 117
193 95 4 45 102 8 170 52 109 13 50 177 59 116 19 28 57 184 66 123 26 55 35 64 190 73 130 33 62 42 71 195 80 137 40 69 49 78 199 87 144 47 76 56 85 202 94 151 54 83 63 92 16 101 158 61 90 70 99 23 108 165 68 97 77 106 30 115 172 75 104 84 113 37 122 179 82 111 91 120 44 129 186 89 118 98 127 51 136 192 96 125 105 134 58 143 197 103 132 112 141 65 150 7 110 139 119 148 72 157 12 117 146 126 155 79 164 18 124 153 133 162 86 171 25 131 160 140 169 93 178 32 138 167 147 176 100 185 39 145 174 154 183 107 191 46 152 181 161 189 114 196 53 159 188 168 194 121 200 60 166 2 175 198 128 11 67 173 5 182 201 135 17 74 180 9 1 203 142 24 81 187 14 3 22 149 31 88 20 6 29 156 38 27 10 36 163 34 15 43 41 21 48
194 147 198 132 154 201 8 139 161 203 116 13 146 168 22 178 123 19 153 175 29 65 185 130 26 160 182 36 72 191 137 33 167 1 43 79 196 144 40 174 3 50 86 200 151 47 181 6 57 93 11 158 54 188 10 64 100 17 165 61 2 15 71 107 24 172 68 5 21 78 114 31 179 75 9 28 85 121 38 186 82 14 35 92 128 45 192 89 20 42 99 135 52 197 96 27 49 106 142 59 7 103 34 56 113 149 66 12 110 41 63 120 156 73 18 117 48 70 127 163 80 25 124 55 77 134 170 87 32 131 62 84 141 177 94 39 138 69 91 148 184 101 46 145 76 98 155 190 108 53 152 83 105 162 195 115 60 159 90 112 169 199 122 67 166 97 119 176 202 129 74 173 104 126 183 16 136 81 180 111 133 189 23 143 88 187 118 140 30 150 95 193 125 37 157 102 4 44 164 109 51 171 58
195 92 199 91 99 202 48 98 106 16 82 55 105 113 23 130 89 62 112 120 30 196 137 96 69 119 127 37 200 144 103 76 126 134 44 11 151 110 83 133 141 51 17 158 117 90 140 148 58 24 165 124 97 147 155 65 31 172 131 104 154 162 72 38 179 138 111 161 169 79 45 186 145 118 168 176 86 52 192 152 125 175 183 93 59 197 159 132 182 189 100 66 7 166 139 1 194 107 73 12 173 146 3 198 114 80 18 180 153 6 201 121 87 25 187 160 10 203 128 94 32 193 167 15 22 135 101 39 4 174 21 29 142 108 46 8 181 28 36 149 115 53 13 188 35 43 156 122 60 19 2 42 50 163 129 67 26 5 49 57 170 136 74 33 9 56 64 177 143 81 40 14 63 71 184 150 88 47 20 70 78 190 157 95 54 27 77 85 164 102 61 34 84 171 109 68 41 178 116 75 185 123 191
196 195 200 92 199 11 91 99 202 17 48 98 106 16 24 82 55 105 113 23 31 130 89 62 112 120 30 38 137 96 69 119 127 37 45 144 103 76 126 134 44 52 151 110 83 133 141 51 59 158 117 90 140 148 58 66 165 124 97 147 155 65 73 172 131 104 154 162 72 80 179 138 111 161 169 79 87 186 145 118 168 176 86 94 192 152 125 175 183 93 101 197 159 132 182 189 100 108 7 166 139 1 194 107 115 12 173 146 3 198 114 122 18 180 153 6 201 121 129 25 187 160 10 203 128 136 32 193 167 15 22 135 143 39 4 174 21 29 142 150 46 8 181 28 36 149 157 53 13 188 35 43 156 164 60 19 2 42 50 163 171 67 26 5 49 57 170 178 74 33 9 56 64 177 185 81 40 14 63 71 184 191 88 47 20 70 78 190 95 54 27 77 85 102 61 34 84 109 68 41 116 75 123
197 101 7 51 108 12 176 58 115 18 15 183 65 122 25 34 21 189 72 129 32 61 41 28 194 79 136 39 68 48 35 198 86 143 46 75 55 42 201 93 150 53 82 62 49 203 100 157 60 89 69 56 22 107 164 67 96 76 63 29 114 171 74 103 83 70 36 121 178 81 110 90 77 43 128 185 88 117 97 84 50 135 191 95 124 104 91 57 142 196 102 131 111 98 64 149 200 109 138 118 105 71 156 11 116 145 125 112 78 163 17 123 152 132 119 85 170 24 130 159 139 126 92 177 31 137 166 146 133 99 184 38 144 173 153 140 106 190 45 151 180 160 147 113 195 52 158 187 167 154 120 199 59 165 193 174 161 127 202 66 172 4 181 168 134 16 73 179 8 188 175 141 23 80 186 13 2 182 148 30 87 192 19 5 1 155 37 94 26 9 3 162 44 33 14 6 169 40 20 10 47 27 54
198 56 201 97 63 203 54 104 70 22 88 61 111 77 29 136 95 68 118 84 36 199 143 102 75 125 91 43 202 150 109 82 132 98 50 16 157 116 89 139 105 57 23 164 123 96 146 112 64 30 171 130 103 153 119 71 37 178 137 110 160 126 78 44 185 144 117 167 133 85 51 191 151 124 174 140 92 58 196 158 131 181 147 99 65 200 165 138 188 154 106 72 11 172 145 2 161 113 79 17 179 152 5 168 120 86 24 186 159 9 175 127 93 31 192 166 14 182 134 100 38 197 173 20 1 141 107 45 7 180 27 3 148 114 52 12 187 34 6 155 121 59 18 193 41 10 162 128 66 25 4 48 15 169 135 73 32 8 55 21 176 142 80 39 13 62 28 183 149 87 46 19 69 35 189 156 94 53 26 76 42 194 163 101 60 33 83 49 170 108 67 40 90 177 115 74 47 184 122 81 190 129 195
199 198 202 56 201 16 97 63 203 23 54 104 70 22 30 88 61 111 77 29 37 136 95 68 118 84 36 44 143 102 75 125 91 43 51 150 109 82 132 98 50 58 157 116 89 139 105 57 65 164 123 96 146 112 64 72 171 130 103 153 119 71 79 178 137 110 160 126 78 86 185 144 117 167 133 85 93 191 151 124 174 140 92 100 196 158 131 181 147 99 107 200 165 138 188 154 106 114 11 172 145 2 161 113 121 17 179 152 5 168 120 128 24 186 159 9 175 127 135 31 192 166 14 182 134 142 38 197 173 20 1 141 149 45 7 180 27 3 148 156 52 12 187 34 6 155 163 59 18 193 41 10 162 170 66 25 4 48 15 169 177 73 32 8 55 21 176 184 80 39 13 62 28 183 190 87 46 19 69 35 189 195 94 53 26 76 42 194 101 60 33 83 49 108 67 40 90 115 74 47 122 81 129
200 107 11 57 114 17 140 64 121 24 20 147 71 128 31 40 27 154 78 135 38 67 47 34 161 85 142 45 74 54 41 168 92 149 52 81 61 48 175 99 156 59 88 68 55 182 106 163 66 95 75 62 1 113 170 73 102 82 69 3 120 177 80 109 89 76 6 127 184 87 116 96 83 10 134 190 94 123 103 90 15 141 195 101 130 110 97 21 148 199 108 137 117 104 28 155 202 115 144 124 111 35 162 16 122 151 131 118 42 169 23 129 158 138 125 49 176 30 136 165 145 132 56 183 37 143 172 152 139 63 189 44 150 179 159 146 70 194 51 157 186 166 153 77 198 58 164 192 173 160 84 201 65 171 197 180 167 91 203 72 178 7 187 174 98 22 79 185 12 193 181 105 29 86 191 18 4 188 112 36 93 196 25 8 2 119 43 100 32 13 5 126 50 39 19 9 133 46 26 14 53 33 60
201 168 203 62 175 22 103 69 182 29 60 110 76 1 36 94 67 117 83 3 43 142 101 74 124 90 6 50 149 108 81 131 97 10 57 156 115 88 138 104 15 64 163 122 95 145 111 21 71 170 129 102 152 118 28 78 177 136 109 159 125 35 85 184 143 116 166 132 42 92 190 150 123 173 139 49 99 195 157 130 180 146 56 106 199 164 137 187 153 63 113 202 171 144 193 160 70 120 16 178 151 4 167 77 127 23 185 158 8 174 84 134 30 191 165 13 181 91 141 37 196 172 19 188 98 148 44 200 179 26 2 105 155 51 11 186 33 5 112 162 58 17 192 40 9 119 169 65 24 197 47 14 126 176 72 31 7 54 20 133 183 79 38 12 61 27 140 189 86 45 18 68 34 147 194 93 52 25 75 41 154 198 100 59 32 82 48 161 107 66 39 89 55 114 73 46 96 121 80 53 128 87 135
202 113 16 21 120 23 146 28 127 30 26 153 35 134 37 46 33 160 42 141 44 73 53 40 167 49 148 51 80 60 47 174 56 155 58 87 67 54 181 63 162 65 94 74 61 188 70 169 72 101 81 68 2 77 176 79 108 88 75 5 84 183 86 115 95 82 9 91 189 93 122 102 89 14 98 194 100 129 109 96 20 105 198 107 136 116 103 27 112 201 114 143 123 110 34 119 203 121 150 130 117 41 126 22 128 157 137 124 48 133 29 135 164 144 131 55 140 36 142 171 151 138 62 147 43 149 178 158 145 69 154 50 156 185 165 152 76 161 57 163 191 172 159 83 168 64 170 196 179 166 90 175 71 177 200 186 173 97 182 78 184 11 192 180 104 1 85 190 17 197 187 111 3 92 195 24 7 193 118 6 99 199 31 12 4 125 10 106 38 18 8 132 15 45 25 13 139 52 32 19 59 39 66
203 77 22 27 84 29 152 34 91 36 32 159 41 98 43 52 39 166 48 105 50 79 59 46 173 55 112 57 86 66 53 180 62 119 64 93 73 60 187 69 126 71 100 80 67 193 76 133 78 107 87 74 4 83 140 85 114 94 81 8 90 147 92 121 101 88 13 97 154 99 128 108 95 19 104 161 106 135 115 102 26 111 168 113 142 122 109 33 118 175 120 149 129 116 40 125 182 127 156 136 123 47 132 1 134 163 143 130 54 139 3 141 170 150 137 61 146 6 148 177 157 144 68 153 10 155 184 164 151 75 160 15 162 190 171 158 82 167 21 169 195 178 165 89 174 28 176 199 185 172 96 181 35 183 202 191 179 103 188 42 189 16 196 186 110 2 49 194 23 200 192 117 5 56 198 30 11 197 124 9 63 201 37 17 7 131 14 70 44 24 12 138 20 51 31 18 145 58 38 25 65 45 72
