289
1 2 3 4 5 6 7 8 9 10 11 12 13 14 15 16 17 18 19 20 21 22 23 24 25 26 27 28 29 30 31 32 33 34 35 36 37 38 39 40 41 42 43 44 45 46 47 48 49 50 51 52 53 54 55 56 57 58 59 60 61 62 63 64 65 66 67 68 69 70 71 72 73 74 75 76 77 78 79 80 81 82 83 84 85 86 87 88 89 90 91 92 93 94 95 96 97 98 99 100 101 102 103 104 105 106 107 108 109 110 111 112 113 114 115 116 117 118 119 120 121 122 123 124 125 126 127 128 129 130 131 132 133 134 135 136 137 138 139 140 141 142 143 144 145 146 147 148 149 150 151 152 153 154 155 156 157 158 159 160 161 162 163 164 165 166 167 168 169 170 171 172 173 174 175 176 177 178 179 180 181 182 183 184 185 186 187 188 189 190 191 192 193 194 195 196 197 198 199 200 201 202 203 204 205 206 207 208 209 210 211 212 213 214 215 216 217 218 219 220 221 222 223 224 225 226 227 228 229 230 231 232 233 234 235 236 237 238 239 240 241 242 243 244 245 246 247 248 249 250 251 252 253 254 255 256 257 258 259 260 261 262 263 264 265 266 267 268 269 270 271 272 273 274 275 276 277 278 279 280 281 282 283 284 285 286 287 288 289
2 4 5 7 8 9 11 12 13 14 16 17 18 19 20 22 23 24 25 26 27 29 30 31 32 33 34 35 37 38 39 40 41 42 43 44 46 47 48 49 50 51 52 53 54 56 57 58 59 60 61 62 63 64 65 67 68 69 70 71 72 73 74 75 76 77 79 80 81 82 83 84 85 86 87 88 89 90 92 93 94 95 96 97 98 99 100 101 102 103 104 106 107 108 109 110 111 112 113 114 115 116 117 118 119 121 122 123 124 125 126 127 128 129 130 131 132 133 134 135 137 138 139 140 141 142 143 144 145 146 147 148 149 150 151 152 3 154 155 156 157 158 159 160 161 162 163 164 165 166 167 168 169 6 170 171 172 173 174 175 176 177 178 179 180 181 182 183 184 10 185 186 187 188 189 190 191 192 193 194 195 196 197 198 15 199 200 201 202 203 204 205 206 207 208 209 210 211 21 212 213 214 215 216 217 218 219 220 221 222 223 28 224 225 226 227 228 229 230 231 232 233 234 36 235 236 237 238 239 240 241 242 243 244 45 245 246 247 248 249 250 251 252 253 55 254 255 256 257 258 259 260 261 66 262 263 264 265 266 267 268 78 269 270 271 272 273 274 91 275 276 277 278 279 105 280 281 282 283 120 284 285 286 136 287 288 153 289 1
3 5 6 8 9 10 12 13 14 15 17 18 19 20 21 23 24 25 26 27 28 30 31 32 33 34 35 36 38 39 40 41 42 43 44 45 47 48 49 50 51 52 53 54 55 57 58 59 60 61 62 63 64 65 66 68 69 70 71 72 73 74 75 76 77 78 80 81 82 83 84 85 86 87 88 89 90 91 93 94 95 96 97 98 99 100 101 102 103 104 105 107 108 109 110 111 112 113 114 115 116 117 118 119 120 122 123 124 125 126 127 128 129 130 131 132 133 134 135 136 138 139 140 141 142 143 144 145 146 147 148 149 150 151 152 153 154 155 156 157 158 159 160 161 162 163 164 165 166 167 168 169 1 170 171 172 173 174 175 176 177 178 179 180 181 182 183 184 2 185 186 187 188 189 190 191 192 193 194 195 196 197 198 4 199 200 201 202 203 204 205 206 207 208 209 210 211 7 212 213 214 215 216 217 218 219 220 221 222 223 11 224 225 226 227 228 229 230 231 232 233 234 16 235 236 237 238 239 240 241 242 243 244 22 245 246 247 248 249 250 251 252 253 29 254 255 256 257 258 259 260 261 37 262 263 264 265 266 267 268 46 269 270 271 272 273 274 56 275 276 277 278 279 67 280 281 282 283 79 284 285 286 92 287 288 106 289 121 137
4 7 8 11 12 13 16 17 18 19 22 23 24 25 26 29 30 31 32 33 34 37 38 39 40 41 42 43 46 47 48 49 50 51 52 53 56 57 58 59 60 61 62 63 64 67 68 69 70 71 72 73 74 75 76 79 80 81 82 83 84 85 86 87 88 89 92 93 94 95 96 97 98 99 100 101 102 103 106 107 108 109 110 111 112 113 114 115 116 117 118 121 122 123 124 125 126 127 128 129 130 131 132 133 134 137 138 139 140 141 142 143 144 145 146 147 148 149 150 151 3 154 155 156 157 158 159 160 161 162 163 164 165 166 167 168 5 6 170 171 172 173 174 175 176 177 178 179 180 181 182 183 184 9 10 185 186 187 188 189 190 191 192 193 194 195 196 197 198 14 15 199 200 201 202 203 204 205 206 207 208 209 210 211 20 21 212 213 214 215 216 217 218 219 220 221 222 223 27 28 224 225 226 227 228 229 230 231 232 233 234 35 36 235 236 237 238 239 240 241 242 243 244 44 45 245 246 247 248 249 250 251 252 253 54 55 254 255 256 257 258 259 260 261 65 66 262 263 264 265 266 267 268 77 78 269 270 271 272 273 274 90 91 275 276 277 278 279 104 105 280 281 282 283 119 120 284 285 286 135 136 287 288 152 153 289 169 1 2
5 8 9 12 13 14 17 18 19 20 23 24 25 26 27 30 31 32 33 34 35 38 39 40 41 42 43 44 47 48 49 50 51 52 53 54 57 58 59 60 61 62 63 64 65 68 69 70 71 72 73 74 75 76 77 80 81 82 83 84 85 86 87 88 89 90 93 94 95 96 97 98 99 100 101 102 103 104 107 108 109 110 111 112 113 114 115 116 117 118 119 122 123 124 125 126 127 128 129 130 131 132 133 134 135 138 139 140 141 142 143 144 145 146 147 148 149 150 151 152 154 155 156 157 158 159 160 161 162 163 164 165 166 167 168 169 6 170 171 172 173 174 175 176 177 178 179 180 181 182 183 184 2 10 185 186 187 188 189 190 191 192 193 194 195 196 197 198 4 15 199 200 201 202 203 204 205 206 207 208 209 210 211 7 21 212 213 214 215 216 217 218 219 220 221 222 223 11 28 224 225 226 227 228 229 230 231 232 233 234 16 36 235 236 237 238 239 240 241 242 243 244 22 45 245 246 247 248 249 250 251 252 253 29 55 254 255 256 257 258 259 260 261 37 66 262 263 264 265 266 267 268 46 78 269 270 271 272 273 274 56 91 275 276 277 278 279 67 105 280 281 282 283 79 120 284 285 286 92 136 287 288 106 153 289 121 1 137 3
6 9 10 13 14 15 18 19 20 21 24 25 26 27 28 31 32 33 34 35 36 39 40 41 42 43 44 45 48 49 50 51 52 53 54 55 58 59 60 61 62 63 64 65 66 69 70 71 72 73 74 75 76 77 78 81 82 83 84 85 86 87 88 89 90 91 94 95 96 97 98 99 100 101 102 103 104 105 108 109 110 111 112 113 114 115 116 117 118 119 120 123 124 125 126 127 128 129 130 131 132 133 134 135 136 139 140 141 142 143 144 145 146 147 148 149 150 151 152 153 155 156 157 158 159 160 161 162 163 164 165 166 167 168 169 1 170 171 172 173 174 175 176 177 178 179 180 181 182 183 184 2 3 185 186 187 188 189 190 191 192 193 194 195 196 197 198 4 5 199 200 201 202 203 204 205 206 207 208 209 210 211 7 8 212 213 214 215 216 217 218 219 220 221 222 223 11 12 224 225 226 227 228 229 230 231 232 233 234 16 17 235 236 237 238 239 240 241 242 243 244 22 23 245 246 247 248 249 250 251 252 253 29 30 254 255 256 257 258 259 260 261 37 38 262 263 264 265 266 267 268 46 47 269 270 271 272 273 274 56 57 275 276 277 278 279 67 68 280 281 282 283 79 80 284 285 286 92 93 287 288 106 107 289 121 122 137 138 154
7 11 12 16 17 18 22 23 24 25 29 30 31 32 33 37 38 39 40 41 42 46 47 48 49 50 51 52 56 57 58 59 60 61 62 63 67 68 69 70 71 72 73 74 75 79 80 81 82 83 84 85 86 87 88 92 93 94 95 96 97 98 99 100 101 102 106 107 108 109 110 111 112 113 114 115 116 117 121 122 123 124 125 126 127 128 129 130 131 132 133 137 138 139 140 141 142 143 144 145 146 147 148 149 150 3 154 155 156 157 158 159 160 161 162 163 164 165 166 167 5 6 170 171 172 173 174 175 176 177 178 179 180 181 182 183 8 9 10 185 186 187 188 189 190 191 192 193 194 195 196 197 198 13 14 15 199 200 201 202 203 204 205 206 207 208 209 210 211 19 20 21 212 213 214 215 216 217 218 219 220 221 222 223 26 27 28 224 225 226 227 228 229 230 231 232 233 234 34 35 36 235 236 237 238 239 240 241 242 243 244 43 44 45 245 246 247 248 249 250 251 252 253 53 54 55 254 255 256 257 258 259 260 261 64 65 66 262 263 264 265 266 267 268 76 77 78 269 270 271 272 273 274 89 90 91 275 276 277 278 279 103 104 105 280 281 282 283 118 119 120 284 285 286 134 135 136 287 288 151 152 153 289 168 169 1 184 2 4
8 12 13 17 18 19 23 24 25 26 30 31 32 33 34 38 39 40 41 42 43 47 48 49 50 51 52 53 57 58 59 60 61 62 63 64 68 69 70 71 72 73 74 75 76 80 81 82 83 84 85 86 87 88 89 93 94 95 96 97 98 99 100 101 102 103 107 108 109 110 111 112 113 114 115 116 117 118 122 123 124 125 126 127 128 129 130 131 132 133 134 138 139 140 141 142 143 144 145 146 147 148 149 150 151 154 155 156 157 158 159 160 161 162 163 164 165 166 167 168 6 170 171 172 173 174 175 176 177 178 179 180 181 182 183 184 9 10 185 186 187 188 189 190 191 192 193 194 195 196 197 198 4 14 15 199 200 201 202 203 204 205 206 207 208 209 210 211 7 20 21 212 213 214 215 216 217 218 219 220 221 222 223 11 27 28 224 225 226 227 228 229 230 231 232 233 234 16 35 36 235 236 237 238 239 240 241 242 243 244 22 44 45 245 246 247 248 249 250 251 252 253 29 54 55 254 255 256 257 258 259 260 261 37 65 66 262 263 264 265 266 267 268 46 77 78 269 270 271 272 273 274 56 90 91 275 276 277 278 279 67 104 105 280 281 282 283 79 119 120 284 285 286 92 135 136 287 288 106 152 153 289 121 169 1 137 2 3 5
9 13 14 18 19 20 24 25 26 27 31 32 33 34 35 39 40 41 42 43 44 48 49 50 51 52 53 54 58 59 60 61 62 63 64 65 69 70 71 72 73 74 75 76 77 81 82 83 84 85 86 87 88 89 90 94 95 96 97 98 99 100 101 102 103 104 108 109 110 111 112 113 114 115 116 117 118 119 123 124 125 126 127 128 129 130 131 132 133 134 135 139 140 141 142 143 144 145 146 147 148 149 150 151 152 155 156 157 158 159 160 161 162 163 164 165 166 167 168 169 170 171 172 173 174 175 176 177 178 179 180 181 182 183 184 2 10 185 186 187 188 189 190 191 192 193 194 195 196 197 198 4 5 15 199 200 201 202 203 204 205 206 207 208 209 210 211 7 8 21 212 213 214 215 216 217 218 219 220 221 222 223 11 12 28 224 225 226 227 228 229 230 231 232 233 234 16 17 36 235 236 237 238 239 240 241 242 243 244 22 23 45 245 246 247 248 249 250 251 252 253 29 30 55 254 255 256 257 258 259 260 261 37 38 66 262 263 264 265 266 267 268 46 47 78 269 270 271 272 273 274 56 57 91 275 276 277 278 279 67 68 105 280 281 282 283 79 80 120 284 285 286 92 93 136 287 288 106 107 153 289 121 122 1 137 138 3 154 6
10 14 15 19 20 21 25 26 27 28 32 33 34 35 36 40 41 42 43 44 45 49 50 51 52 53 54 55 59 60 61 62 63 64 65 66 70 71 72 73 74 75 76 77 78 82 83 84 85 86 87 88 89 90 91 95 96 97 98 99 100 101 102 103 104 105 109 110 111 112 113 114 115 116 117 118 119 120 124 125 126 127 128 129 130 131 132 133 134 135 136 140 141 142 143 144 145 146 147 148 149 150 151 152 153 156 157 158 159 160 161 162 163 164 165 166 167 168 169 1 171 172 173 174 175 176 177 178 179 180 181 182 183 184 2 3 185 186 187 188 189 190 191 192 193 194 195 196 197 198 4 5 6 199 200 201 202 203 204 205 206 207 208 209 210 211 7 8 9 212 213 214 215 216 217 218 219 220 221 222 223 11 12 13 224 225 226 227 228 229 230 231 232 233 234 16 17 18 235 236 237 238 239 240 241 242 243 244 22 23 24 245 246 247 248 249 250 251 252 253 29 30 31 254 255 256 257 258 259 260 261 37 38 39 262 263 264 265 266 267 268 46 47 48 269 270 271 272 273 274 56 57 58 275 276 277 278 279 67 68 69 280 281 282 283 79 80 81 284 285 286 92 93 94 287 288 106 107 108 289 121 122 123 137 138 139 154 155 170
11 16 17 22 23 24 29 30 31 32 37 38 39 40 41 46 47 48 49 50 51 56 57 58 59 60 61 62 67 68 69 70 71 72 73 74 79 80 81 82 83 84 85 86 87 92 93 94 95 96 97 98 99 100 101 106 107 108 109 110 111 112 113 114 115 116 121 122 123 124 125 126 127 128 129 130 131 132 137 138 139 140 141 142 143 144 145 146 147 148 149 3 154 155 156 157 158 159 160 161 162 163 164 165 166 5 6 170 171 172 173 174 175 176 177 178 179 180 181 182 8 9 10 185 186 187 188 189 190 191 192 193 194 195 196 197 12 13 14 15 199 200 201 202 203 204 205 206 207 208 209 210 211 18 19 20 21 212 213 214 215 216 217 218 219 220 221 222 223 25 26 27 28 224 225 226 227 228 229 230 231 232 233 234 33 34 35 36 235 236 237 238 239 240 241 242 243 244 42 43 44 45 245 246 247 248 249 250 251 252 253 52 53 54 55 254 255 256 257 258 259 260 261 63 64 65 66 262 263 264 265 266 267 268 75 76 77 78 269 270 271 272 273 274 88 89 90 91 275 276 277 278 279 102 103 104 105 280 281 282 283 117 118 119 120 284 285 286 133 134 135 136 287 288 150 151 152 153 289 167 168 169 1 183 184 2 198 4 7
12 17 18 23 24 25 30 31 32 33 38 39 40 41 42 47 48 49 50 51 52 57 58 59 60 61 62 63 68 69 70 71 72 73 74 75 80 81 82 83 84 85 86 87 88 93 94 95 96 97 98 99 100 101 102 107 108 109 110 111 112 113 114 115 116 117 122 123 124 125 126 127 128 129 130 131 132 133 138 139 140 141 142 143 144 145 146 147 148 149 150 154 155 156 157 158 159 160 161 162 163 164 165 166 167 6 170 171 172 173 174 175 176 177 178 179 180 181 182 183 9 10 185 186 187 188 189 190 191 192 193 194 195 196 197 198 13 14 15 199 200 201 202 203 204 205 206 207 208 209 210 211 7 19 20 21 212 213 214 215 216 217 218 219 220 221 222 223 11 26 27 28 224 225 226 227 228 229 230 231 232 233 234 16 34 35 36 235 236 237 238 239 240 241 242 243 244 22 43 44 45 245 246 247 248 249 250 251 252 253 29 53 54 55 254 255 256 257 258 259 260 261 37 64 65 66 262 263 264 265 266 267 268 46 76 77 78 269 270 271 272 273 274 56 89 90 91 275 276 277 278 279 67 103 104 105 280 281 282 283 79 118 119 120 284 285 286 92 134 135 136 287 288 106 151 152 153 289 121 168 169 1 137 184 2 3 4 5 8
13 18 19 24 25 26 31 32 33 34 39 40 41 42 43 48 49 50 51 52 53 58 59 60 61 62 63 64 69 70 71 72 73 74 75 76 81 82 83 84 85 86 87 88 89 94 95 96 97 98 99 100 101 102 103 108 109 110 111 112 113 114 115 116 117 118 123 124 125 126 127 128 129 130 131 132 133 134 139 140 141 142 143 144 145 146 147 148 149 150 151 155 156 157 158 159 160 161 162 163 164 165 166 167 168 170 171 172 173 174 175 176 177 178 179 180 181 182 183 184 10 185 186 187 188 189 190 191 192 193 194 195 196 197 198 4 14 15 199 200 201 202 203 204 205 206 207 208 209 210 211 7 8 20 21 212 213 214 215 216 217 218 219 220 221 222 223 11 12 27 28 224 225 226 227 228 229 230 231 232 233 234 16 17 35 36 235 236 237 238 239 240 241 242 243 244 22 23 44 45 245 246 247 248 249 250 251 252 253 29 30 54 55 254 255 256 257 258 259 260 261 37 38 65 66 262 263 264 265 266 267 268 46 47 77 78 269 270 271 272 273 274 56 57 90 91 275 276 277 278 279 67 68 104 105 280 281 282 283 79 80 119 120 284 285 286 92 93 135 136 287 288 106 107 152 153 289 121 122 169 1 137 138 2 3 154 5 6 9
14 19 20 25 26 27 32 33 34 35 40 41 42 43 44 49 50 51 52 53 54 59 60 61 62 63 64 65 70 71 72 73 74 75 76 77 82 83 84 85 86 87 88 89 90 95 96 97 98 99 100 101 102 103 104 109 110 111 112 113 114 115 116 117 118 119 124 125 126 127 128 129 130 131 132 133 134 135 140 141 142 143 144 145 146 147 148 149 150 151 152 156 157 158 159 160 161 162 163 164 165 166 167 168 169 171 172 173 174 175 176 177 178 179 180 181 182 183 184 2 185 186 187 188 189 190 191 192 193 194 195 196 197 198 4 5 15 199 200 201 202 203 204 205 206 207 208 209 210 211 7 8 9 21 212 213 214 215 216 217 218 219 220 221 222 223 11 12 13 28 224 225 226 227 228 229 230 231 232 233 234 16 17 18 36 235 236 237 238 239 240 241 242 243 244 22 23 24 45 245 246 247 248 249 250 251 252 253 29 30 31 55 254 255 256 257 258 259 260 261 37 38 39 66 262 263 264 265 266 267 268 46 47 48 78 269 270 271 272 273 274 56 57 58 91 275 276 277 278 279 67 68 69 105 280 281 282 283 79 80 81 120 284 285 286 92 93 94 136 287 288 106 107 108 153 289 121 122 123 1 137 138 139 3 154 155 6 170 10
15 20 21 26 27 28 33 34 35 36 41 42 43 44 45 50 51 52 53 54 55 60 61 62 63 64 65 66 71 72 73 74 75 76 77 78 83 84 85 86 87 88 89 90 91 96 97 98 99 100 101 102 103 104 105 110 111 112 113 114 115 116 117 118 119 120 125 126 127 128 129 130 131 132 133 134 135 136 141 142 143 144 145 146 147 148 149 150 151 152 153 157 158 159 160 161 162 163 164 165 166 167 168 169 1 172 173 174 175 176 177 178 179 180 181 182 183 184 2 3 186 187 188 189 190 191 192 193 194 195 196 197 198 4 5 6 199 200 201 202 203 204 205 206 207 208 209 210 211 7 8 9 10 212 213 214 215 216 217 218 219 220 221 222 223 11 12 13 14 224 225 226 227 228 229 230 231 232 233 234 16 17 18 19 235 236 237 238 239 240 241 242 243 244 22 23 24 25 245 246 247 248 249 250 251 252 253 29 30 31 32 254 255 256 257 258 259 260 261 37 38 39 40 262 263 264 265 266 267 268 46 47 48 49 269 270 271 272 273 274 56 57 58 59 275 276 277 278 279 67 68 69 70 280 281 282 283 79 80 81 82 284 285 286 92 93 94 95 287 288 106 107 108 109 289 121 122 123 124 137 138 139 140 154 155 156 170 171 185
16 22 23 29 30 31 37 38 39 40 46 47 48 49 50 56 57 58 59 60 61 67 68 69 70 71 72 73 79 80 81 82 83 84 85 86 92 93 94 95 96 97 98 99 100 106 107 108 109 110 111 112 113 114 115 121 122 123 124 125 126 127 128 129 130 131 137 138 139 140 141 142 143 144 145 146 147 148 3 154 155 156 157 158 159 160 161 162 163 164 165 5 6 170 171 172 173 174 175 176 177 178 179 180 181 8 9 10 185 186 187 188 189 190 191 192 193 194 195 196 12 13 14 15 199 200 201 202 203 204 205 206 207 208 209 210 17 18 19 20 21 212 213 214 215 216 217 218 219 220 221 222 223 24 25 26 27 28 224 225 226 227 228 229 230 231 232 233 234 32 33 34 35 36 235 236 237 238 239 240 241 242 243 244 41 42 43 44 45 245 246 247 248 249 250 251 252 253 51 52 53 54 55 254 255 256 257 258 259 260 261 62 63 64 65 66 262 263 264 265 266 267 268 74 75 76 77 78 269 270 271 272 273 274 87 88 89 90 91 275 276 277 278 279 101 102 103 104 105 280 281 282 283 116 117 118 119 120 284 285 286 132 133 134 135 136 287 288 149 150 151 152 153 289 166 167 168 169 1 182 183 184 2 197 198 4 211 7 11
17 23 24 30 31 32 38 39 40 41 47 48 49 50 51 57 58 59 60 61 62 68 69 70 71 72 73 74 80 81 82 83 84 85 86 87 93 94 95 96 97 98 99 100 101 107 108 109 110 111 112 113 114 115 116 122 123 124 125 126 127 128 129 130 131 132 138 139 140 141 142 143 144 145 146 147 148 149 154 155 156 157 158 159 160 161 162 163 164 165 166 6 170 171 172 173 174 175 176 177 178 179 180 181 182 9 10 185 186 187 188 189 190 191 192 193 194 195 196 197 13 14 15 199 200 201 202 203 204 205 206 207 208 209 210 211 18 19 20 21 212 213 214 215 216 217 218 219 220 221 222 223 11 25 26 27 28 224 225 226 227 228 229 230 231 232 233 234 16 33 34 35 36 235 236 237 238 239 240 241 242 243 244 22 42 43 44 45 245 246 247 248 249 250 251 252 253 29 52 53 54 55 254 255 256 257 258 259 260 261 37 63 64 65 66 262 263 264 265 266 267 268 46 75 76 77 78 269 270 271 272 273 274 56 88 89 90 91 275 276 277 278 279 67 102 103 104 105 280 281 282 283 79 117 118 119 120 284 285 286 92 133 134 135 136 287 288 106 150 151 152 153 289 121 167 168 169 1 137 183 184 2 3 198 4 5 7 8 12
18 24 25 31 32 33 39 40 41 42 48 49 50 51 52 58 59 60 61 62 63 69 70 71 72 73 74 75 81 82 83 84 85 86 87 88 94 95 96 97 98 99 100 101 102 108 109 110 111 112 113 114 115 116 117 123 124 125 126 127 128 129 130 131 132 133 139 140 141 142 143 144 145 146 147 148 149 150 155 156 157 158 159 160 161 162 163 164 165 166 167 170 171 172 173 174 175 176 177 178 179 180 181 182 183 10 185 186 187 188 189 190 191 192 193 194 195 196 197 198 14 15 199 200 201 202 203 204 205 206 207 208 209 210 211 7 19 20 21 212 213 214 215 216 217 218 219 220 221 222 223 11 12 26 27 28 224 225 226 227 228 229 230 231 232 233 234 16 17 34 35 36 235 236 237 238 239 240 241 242 243 244 22 23 43 44 45 245 246 247 248 249 250 251 252 253 29 30 53 54 55 254 255 256 257 258 259 260 261 37 38 64 65 66 262 263 264 265 266 267 268 46 47 76 77 78 269 270 271 272 273 274 56 57 89 90 91 275 276 277 278 279 67 68 103 104 105 280 281 282 283 79 80 118 119 120 284 285 286 92 93 134 135 136 287 288 106 107 151 152 153 289 121 122 168 169 1 137 138 184 2 3 154 4 5 6 8 9 13
19 25 26 32 33 34 40 41 42 43 49 50 51 52 53 59 60 61 62 63 64 70 71 72 73 74 75 76 82 83 84 85 86 87 88 89 95 96 97 98 99 100 101 102 103 109 110 111 112 113 114 115 116 117 118 124 125 126 127 128 129 130 131 132 133 134 140 141 142 143 144 145 146 147 148 149 150 151 156 157 158 159 160 161 162 163 164 165 166 167 168 171 172 173 174 175 176 177 178 179 180 181 182 183 184 185 186 187 188 189 190 191 192 193 194 195 196 197 198 4 15 199 200 201 202 203 204 205 206 207 208 209 210 211 7 8 20 21 212 213 214 215 216 217 218 219 220 221 222 223 11 12 13 27 28 224 225 226 227 228 229 230 231 232 233 234 16 17 18 35 36 235 236 237 238 239 240 241 242 243 244 22 23 24 44 45 245 246 247 248 249 250 251 252 253 29 30 31 54 55 254 255 256 257 258 259 260 261 37 38 39 65 66 262 263 264 265 266 267 268 46 47 48 77 78 269 270 271 272 273 274 56 57 58 90 91 275 276 277 278 279 67 68 69 104 105 280 281 282 283 79 80 81 119 120 284 285 286 92 93 94 135 136 287 288 106 107 108 152 153 289 121 122 123 169 1 137 138 139 2 3 154 155 5 6 170 9 10 14
20 26 27 33 34 35 41 42 43 44 50 51 52 53 54 60 61 62 63 64 65 71 72 73 74 75 76 77 83 84 85 86 87 88 89 90 96 97 98 99 100 101 102 103 104 110 111 112 113 114 115 116 117 118 119 125 126 127 128 129 130 131 132 133 134 135 141 142 143 144 145 146 147 148 149 150 151 152 157 158 159 160 161 162 163 164 165 166 167 168 169 172 173 174 175 176 177 178 179 180 181 182 183 184 2 186 187 188 189 190 191 192 193 194 195 196 197 198 4 5 199 200 201 202 203 204 205 206 207 208 209 210 211 7 8 9 21 212 213 214 215 216 217 218 219 220 221 222 223 11 12 13 14 28 224 225 226 227 228 229 230 231 232 233 234 16 17 18 19 36 235 236 237 238 239 240 241 242 243 244 22 23 24 25 45 245 246 247 248 249 250 251 252 253 29 30 31 32 55 254 255 256 257 258 259 260 261 37 38 39 40 66 262 263 264 265 266 267 268 46 47 48 49 78 269 270 271 272 273 274 56 57 58 59 91 275 276 277 278 279 67 68 69 70 105 280 281 282 283 79 80 81 82 120 284 285 286 92 93 94 95 136 287 288 106 107 108 109 153 289 121 122 123 124 1 137 138 139 140 3 154 155 156 6 170 171 10 185 15
21 27 28 34 35 36 42 43 44 45 51 52 53 54 55 61 62 63 64 65 66 72 73 74 75 76 77 78 84 85 86 87 88 89 90 91 97 98 99 100 101 102 103 104 105 111 112 113 114 115 116 117 118 119 120 126 127 128 129 130 131 132 133 134 135 136 142 143 144 145 146 147 148 149 150 151 152 153 158 159 160 161 162 163 164 165 166 167 168 169 1 173 174 175 176 177 178 179 180 181 182 183 184 2 3 187 188 189 190 191 192 193 194 195 196 197 198 4 5 6 200 201 202 203 204 205 206 207 208 209 210 211 7 8 9 10 212 213 214 215 216 217 218 219 220 221 222 223 11 12 13 14 15 224 225 226 227 228 229 230 231 232 233 234 16 17 18 19 20 235 236 237 238 239 240 241 242 243 244 22 23 24 25 26 245 246 247 248 249 250 251 252 253 29 30 31 32 33 254 255 256 257 258 259 260 261 37 38 39 40 41 262 263 264 265 266 267 268 46 47 48 49 50 269 270 271 272 273 274 56 57 58 59 60 275 276 277 278 279 67 68 69 70 71 280 281 282 283 79 80 81 82 83 284 285 286 92 93 94 95 96 287 288 106 107 108 109 110 289 121 122 123 124 125 137 138 139 140 141 154 155 156 157 170 171 172 185 186 199
22 29 30 37 38 39 46 47 48 49 56 57 58 59 60 67 68 69 70 71 72 79 80 81 82 83 84 85 92 93 94 95 96 97 98 99 106 107 108 109 110 111 112 113 114 121 122 123 124 125 126 127 128 129 130 137 138 139 140 141 142 143 144 145 146 147 3 154 155 156 157 158 159 160 161 162 163 164 5 6 170 171 172 173 174 175 176 177 178 179 180 8 9 10 185 186 187 188 189 190 191 192 193 194 195 12 13 14 15 199 200 201 202 203 204 205 206 207 208 209 17 18 19 20 21 212 213 214 215 216 217 218 219 220 221 222 23 24 25 26 27 28 224 225 226 227 228 229 230 231 232 233 234 31 32 33 34 35 36 235 236 237 238 239 240 241 242 243 244 40 41 42 43 44 45 245 246 247 248 249 250 251 252 253 50 51 52 53 54 55 254 255 256 257 258 259 260 261 61 62 63 64 65 66 262 263 264 265 266 267 268 73 74 75 76 77 78 269 270 271 272 273 274 86 87 88 89 90 91 275 276 277 278 279 100 101 102 103 104 105 280 281 282 283 115 116 117 118 119 120 284 285 286 131 132 133 134 135 136 287 288 148 149 150 151 152 153 289 165 166 167 168 169 1 181 182 183 184 2 196 197 198 4 210 211 7 223 11 16
23 30 31 38 39 40 47 48 49 50 57 58 59 60 61 68 69 70 71 72 73 80 81 82 83 84 85 86 93 94 95 96 97 98 99 100 107 108 109 110 111 112 113 114 115 122 123 124 125 126 127 128 129 130 131 138 139 140 141 142 143 144 145 146 147 148 154 155 156 157 158 159 160 161 162 163 164 165 6 170 171 172 173 174 175 176 177 178 179 180 181 9 10 185 186 187 188 189 190 191 192 193 194 195 196 13 14 15 199 200 201 202 203 204 205 206 207 208 209 210 18 19 20 21 212 213 214 215 216 217 218 219 220 221 222 223 24 25 26 27 28 224 225 226 227 228 229 230 231 232 233 234 16 32 33 34 35 36 235 236 237 238 239 240 241 242 243 244 22 41 42 43 44 45 245 246 247 248 249 250 251 252 253 29 51 52 53 54 55 254 255 256 257 258 259 260 261 37 62 63 64 65 66 262 263 264 265 266 267 268 46 74 75 76 77 78 269 270 271 272 273 274 56 87 88 89 90 91 275 276 277 278 279 67 101 102 103 104 105 280 281 282 283 79 116 117 118 119 120 284 285 286 92 132 133 134 135 136 287 288 106 149 150 151 152 153 289 121 166 167 168 169 1 137 182 183 184 2 3 197 198 4 5 211 7 8 11 12 17
24 31 32 39 40 41 48 49 50 51 58 59 60 61 62 69 70 71 72 73 74 81 82 83 84 85 86 87 94 95 96 97 98 99 100 101 108 109 110 111 112 113 114 115 116 123 124 125 126 127 128 129 130 131 132 139 140 141 142 143 144 145 146 147 148 149 155 156 157 158 159 160 161 162 163 164 165 166 170 171 172 173 174 175 176 177 178 179 180 181 182 10 185 186 187 188 189 190 191 192 193 194 195 196 197 14 15 199 200 201 202 203 204 205 206 207 208 209 210 211 19 20 21 212 213 214 215 216 217 218 219 220 221 222 223 11 25 26 27 28 224 225 226 227 228 229 230 231 232 233 234 16 17 33 34 35 36 235 236 237 238 239 240 241 242 243 244 22 23 42 43 44 45 245 246 247 248 249 250 251 252 253 29 30 52 53 54 55 254 255 256 257 258 259 260 261 37 38 63 64 65 66 262 263 264 265 266 267 268 46 47 75 76 77 78 269 270 271 272 273 274 56 57 88 89 90 91 275 276 277 278 279 67 68 102 103 104 105 280 281 282 283 79 80 117 118 119 120 284 285 286 92 93 133 134 135 136 287 288 106 107 150 151 152 153 289 121 122 167 168 169 1 137 138 183 184 2 3 154 198 4 5 6 7 8 9 12 13 18
25 32 33 40 41 42 49 50 51 52 59 60 61 62 63 70 71 72 73 74 75 82 83 84 85 86 87 88 95 96 97 98 99 100 101 102 109 110 111 112 113 114 115 116 117 124 125 126 127 128 129 130 131 132 133 140 141 142 143 144 145 146 147 148 149 150 156 157 158 159 160 161 162 163 164 165 166 167 171 172 173 174 175 176 177 178 179 180 181 182 183 185 186 187 188 189 190 191 192 193 194 195 196 197 198 15 199 200 201 202 203 204 205 206 207 208 209 210 211 7 20 21 212 213 214 215 216 217 218 219 220 221 222 223 11 12 26 27 28 224 225 226 227 228 229 230 231 232 233 234 16 17 18 34 35 36 235 236 237 238 239 240 241 242 243 244 22 23 24 43 44 45 245 246 247 248 249 250 251 252 253 29 30 31 53 54 55 254 255 256 257 258 259 260 261 37 38 39 64 65 66 262 263 264 265 266 267 268 46 47 48 76 77 78 269 270 271 272 273 274 56 57 58 89 90 91 275 276 277 278 279 67 68 69 103 104 105 280 281 282 283 79 80 81 118 119 120 284 285 286 92 93 94 134 135 136 287 288 106 107 108 151 152 153 289 121 122 123 168 169 1 137 138 139 184 2 3 154 155 4 5 6 170 8 9 10 13 14 19
26 33 34 41 42 43 50 51 52 53 60 61 62 63 64 71 72 73 74 75 76 83 84 85 86 87 88 89 96 97 98 99 100 101 102 103 110 111 112 113 114 115 116 117 118 125 126 127 128 129 130 131 132 133 134 141 142 143 144 145 146 147 148 149 150 151 157 158 159 160 161 162 163 164 165 166 167 168 172 173 174 175 176 177 178 179 180 181 182 183 184 186 187 188 189 190 191 192 193 194 195 196 197 198 4 199 200 201 202 203 204 205 206 207 208 209 210 211 7 8 21 212 213 214 215 216 217 218 219 220 221 222 223 11 12 13 27 28 224 225 226 227 228 229 230 231 232 233 234 16 17 18 19 35 36 235 236 237 238 239 240 241 242 243 244 22 23 24 25 44 45 245 246 247 248 249 250 251 252 253 29 30 31 32 54 55 254 255 256 257 258 259 260 261 37 38 39 40 65 66 262 263 264 265 266 267 268 46 47 48 49 77 78 269 270 271 272 273 274 56 57 58 59 90 91 275 276 277 278 279 67 68 69 70 104 105 280 281 282 283 79 80 81 82 119 120 284 285 286 92 93 94 95 135 136 287 288 106 107 108 109 152 153 289 121 122 123 124 169 1 137 138 139 140 2 3 154 155 156 5 6 170 171 9 10 185 14 15 20
27 34 35 42 43 44 51 52 53 54 61 62 63 64 65 72 73 74 75 76 77 84 85 86 87 88 89 90 97 98 99 100 101 102 103 104 111 112 113 114 115 116 117 118 119 126 127 128 129 130 131 132 133 134 135 142 143 144 145 146 147 148 149 150 151 152 158 159 160 161 162 163 164 165 166 167 168 169 173 174 175 176 177 178 179 180 181 182 183 184 2 187 188 189 190 191 192 193 194 195 196 197 198 4 5 200 201 202 203 204 205 206 207 208 209 210 211 7 8 9 212 213 214 215 216 217 218 219 220 221 222 223 11 12 13 14 28 224 225 226 227 228 229 230 231 232 233 234 16 17 18 19 20 36 235 236 237 238 239 240 241 242 243 244 22 23 24 25 26 45 245 246 247 248 249 250 251 252 253 29 30 31 32 33 55 254 255 256 257 258 259 260 261 37 38 39 40 41 66 262 263 264 265 266 267 268 46 47 48 49 50 78 269 270 271 272 273 274 56 57 58 59 60 91 275 276 277 278 279 67 68 69 70 71 105 280 281 282 283 79 80 81 82 83 120 284 285 286 92 93 94 95 96 136 287 288 106 107 108 109 110 153 289 121 122 123 124 125 1 137 138 139 140 141 3 154 155 156 157 6 170 171 172 10 185 186 15 199 21
28 35 36 43 44 45 52 53 54 55 62 63 64 65 66 73 74 75 76 77 78 85 86 87 88 89 90 91 98 99 100 101 102 103 104 105 112 113 114 115 116 117 118 119 120 127 128 129 130 131 132 133 134 135 136 143 144 145 146 147 148 149 150 151 152 153 159 160 161 162 163 164 165 166 167 168 169 1 174 175 176 177 178 179 180 181 182 183 184 2 3 188 189 190 191 192 193 194 195 196 197 198 4 5 6 201 202 203 204 205 206 207 208 209 210 211 7 8 9 10 213 214 215 216 217 218 219 220 221 222 223 11 12 13 14 15 224 225 226 227 228 229 230 231 232 233 234 16 17 18 19 20 21 235 236 237 238 239 240 241 242 243 244 22 23 24 25 26 27 245 246 247 248 249 250 251 252 253 29 30 31 32 33 34 254 255 256 257 258 259 260 261 37 38 39 40 41 42 262 263 264 265 266 267 268 46 47 48 49 50 51 269 270 271 272 273 274 56 57 58 59 60 61 275 276 277 278 279 67 68 69 70 71 72 280 281 282 283 79 80 81 82 83 84 284 285 286 92 93 94 95 96 97 287 288 106 107 108 109 110 111 289 121 122 123 124 125 126 137 138 139 140 141 142 154 155 156 157 158 170 171 172 173 185 186 187 199 200 212
29 37 38 46 47 48 56 57 58 59 67 68 69 70 71 79 80 81 82 83 84 92 93 94 95 96 97 98 106 107 108 109 110 111 112 113 121 122 123 124 125 126 127 128 129 137 138 139 140 141 142 143 144 145 146 3 154 155 156 157 158 159 160 161 162 163 5 6 170 171 172 173 174 175 176 177 178 179 8 9 10 185 186 187 188 189 190 191 192 193 194 12 13 14 15 199 200 201 202 203 204 205 206 207 208 17 18 19 20 21 212 213 214 215 216 217 218 219 220 221 23 24 25 26 27 28 224 225 226 227 228 229 230 231 232 233 30 31 32 33 34 35 36 235 236 237 238 239 240 241 242 243 244 39 40 41 42 43 44 45 245 246 247 248 249 250 251 252 253 49 50 51 52 53 54 55 254 255 256 257 258 259 260 261 60 61 62 63 64 65 66 262 263 264 265 266 267 268 72 73 74 75 76 77 78 269 270 271 272 273 274 85 86 87 88 89 90 91 275 276 277 278 279 99 100 101 102 103 104 105 280 281 282 283 114 115 116 117 118 119 120 284 285 286 130 131 132 133 134 135 136 287 288 147 148 149 150 151 152 153 289 164 165 166 167 168 169 1 180 181 182 183 184 2 195 196 197 198 4 209 210 211 7 222 223 11 234 16 22
30 38 39 47 48 49 57 58 59 60 68 69 70 71 72 80 81 82 83 84 85 93 94 95 96 97 98 99 107 108 109 110 111 112 113 114 122 123 124 125 126 127 128 129 130 138 139 140 141 142 143 144 145 146 147 154 155 156 157 158 159 160 161 162 163 164 6 170 171 172 173 174 175 176 177 178 179 180 9 10 185 186 187 188 189 190 191 192 193 194 195 13 14 15 199 200 201 202 203 204 205 206 207 208 209 18 19 20 21 212 213 214 215 216 217 218 219 220 221 222 24 25 26 27 28 224 225 226 227 228 229 230 231 232 233 234 31 32 33 34 35 36 235 236 237 238 239 240 241 242 243 244 22 40 41 42 43 44 45 245 246 247 248 249 250 251 252 253 29 50 51 52 53 54 55 254 255 256 257 258 259 260 261 37 61 62 63 64 65 66 262 263 264 265 266 267 268 46 73 74 75 76 77 78 269 270 271 272 273 274 56 86 87 88 89 90 91 275 276 277 278 279 67 100 101 102 103 104 105 280 281 282 283 79 115 116 117 118 119 120 284 285 286 92 131 132 133 134 135 136 287 288 106 148 149 150 151 152 153 289 121 165 166 167 168 169 1 137 181 182 183 184 2 3 196 197 198 4 5 210 211 7 8 223 11 12 16 17 23
31 39 40 48 49 50 58 59 60 61 69 70 71 72 73 81 82 83 84 85 86 94 95 96 97 98 99 100 108 109 110 111 112 113 114 115 123 124 125 126 127 128 129 130 131 139 140 141 142 143 144 145 146 147 148 155 156 157 158 159 160 161 162 163 164 165 170 171 172 173 174 175 176 177 178 179 180 181 10 185 186 187 188 189 190 191 192 193 194 195 196 14 15 199 200 201 202 203 204 205 206 207 208 209 210 19 20 21 212 213 214 215 216 217 218 219 220 221 222 223 25 26 27 28 224 225 226 227 228 229 230 231 232 233 234 16 32 33 34 35 36 235 236 237 238 239 240 241 242 243 244 22 23 41 42 43 44 45 245 246 247 248 249 250 251 252 253 29 30 51 52 53 54 55 254 255 256 257 258 259 260 261 37 38 62 63 64 65 66 262 263 264 265 266 267 268 46 47 74 75 76 77 78 269 270 271 272 273 274 56 57 87 88 89 90 91 275 276 277 278 279 67 68 101 102 103 104 105 280 281 282 283 79 80 116 117 118 119 120 284 285 286 92 93 132 133 134 135 136 287 288 106 107 149 150 151 152 153 289 121 122 166 167 168 169 1 137 138 182 183 184 2 3 154 197 198 4 5 6 211 7 8 9 11 12 13 17 18 24
32 40 41 49 50 51 59 60 61 62 70 71 72 73 74 82 83 84 85 86 87 95 96 97 98 99 100 101 109 110 111 112 113 114 115 116 124 125 126 127 128 129 130 131 132 140 141 142 143 144 145 146 147 148 149 156 157 158 159 160 161 162 163 164 165 166 171 172 173 174 175 176 177 178 179 180 181 182 185 186 187 188 189 190 191 192 193 194 195 196 197 15 199 200 201 202 203 204 205 206 207 208 209 210 211 20 21 212 213 214 215 216 217 218 219 220 221 222 223 11 26 27 28 224 225 226 227 228 229 230 231 232 233 234 16 17 33 34 35 36 235 236 237 238 239 240 241 242 243 244 22 23 24 42 43 44 45 245 246 247 248 249 250 251 252 253 29 30 31 52 53 54 55 254 255 256 257 258 259 260 261 37 38 39 63 64 65 66 262 263 264 265 266 267 268 46 47 48 75 76 77 78 269 270 271 272 273 274 56 57 58 88 89 90 91 275 276 277 278 279 67 68 69 102 103 104 105 280 281 282 283 79 80 81 117 118 119 120 284 285 286 92 93 94 133 134 135 136 287 288 106 107 108 150 151 152 153 289 121 122 123 167 168 169 1 137 138 139 183 184 2 3 154 155 198 4 5 6 170 7 8 9 10 12 13 14 18 19 25
33 41 42 50 51 52 60 61 62 63 71 72 73 74 75 83 84 85 86 87 88 96 97 98 99 100 101 102 110 111 112 113 114 115 116 117 125 126 127 128 129 130 131 132 133 141 142 143 144 145 146 147 148 149 150 157 158 159 160 161 162 163 164 165 166 167 172 173 174 175 176 177 178 179 180 181 182 183 186 187 188 189 190 191 192 193 194 195 196 197 198 199 200 201 202 203 204 205 206 207 208 209 210 211 7 21 212 213 214 215 216 217 218 219 220 221 222 223 11 12 27 28 224 225 226 227 228 229 230 231 232 233 234 16 17 18 34 35 36 235 236 237 238 239 240 241 242 243 244 22 23 24 25 43 44 45 245 246 247 248 249 250 251 252 253 29 30 31 32 53 54 55 254 255 256 257 258 259 260 261 37 38 39 40 64 65 66 262 263 264 265 266 267 268 46 47 48 49 76 77 78 269 270 271 272 273 274 56 57 58 59 89 90 91 275 276 277 278 279 67 68 69 70 103 104 105 280 281 282 283 79 80 81 82 118 119 120 284 285 286 92 93 94 95 134 135 136 287 288 106 107 108 109 151 152 153 289 121 122 123 124 168 169 1 137 138 139 140 184 2 3 154 155 156 4 5 6 170 171 8 9 10 185 13 14 15 19 20 26
34 42 43 51 52 53 61 62 63 64 72 73 74 75 76 84 85 86 87 88 89 97 98 99 100 101 102 103 111 112 113 114 115 116 117 118 126 127 128 129 130 131 132 133 134 142 143 144 145 146 147 148 149 150 151 158 159 160 161 162 163 164 165 166 167 168 173 174 175 176 177 178 179 180 181 182 183 184 187 188 189 190 191 192 193 194 195 196 197 198 4 200 201 202 203 204 205 206 207 208 209 210 211 7 8 212 213 214 215 216 217 218 219 220 221 222 223 11 12 13 28 224 225 226 227 228 229 230 231 232 233 234 16 17 18 19 35 36 235 236 237 238 239 240 241 242 243 244 22 23 24 25 26 44 45 245 246 247 248 249 250 251 252 253 29 30 31 32 33 54 55 254 255 256 257 258 259 260 261 37 38 39 40 41 65 66 262 263 264 265 266 267 268 46 47 48 49 50 77 78 269 270 271 272 273 274 56 57 58 59 60 90 91 275 276 277 278 279 67 68 69 70 71 104 105 280 281 282 283 79 80 81 82 83 119 120 284 285 286 92 93 94 95 96 135 136 287 288 106 107 108 109 110 152 153 289 121 122 123 124 125 169 1 137 138 139 140 141 2 3 154 155 156 157 5 6 170 171 172 9 10 185 186 14 15 199 20 21 27
35 43 44 52 53 54 62 63 64 65 73 74 75 76 77 85 86 87 88 89 90 98 99 100 101 102 103 104 112 113 114 115 116 117 118 119 127 128 129 130 131 132 133 134 135 143 144 145 146 147 148 149 150 151 152 159 160 161 162 163 164 165 166 167 168 169 174 175 176 177 178 179 180 181 182 183 184 2 188 189 190 191 192 193 194 195 196 197 198 4 5 201 202 203 204 205 206 207 208 209 210 211 7 8 9 213 214 215 216 217 218 219 220 221 222 223 11 12 13 14 224 225 226 227 228 229 230 231 232 233 234 16 17 18 19 20 36 235 236 237 238 239 240 241 242 243 244 22 23 24 25 26 27 45 245 246 247 248 249 250 251 252 253 29 30 31 32 33 34 55 254 255 256 257 258 259 260 261 37 38 39 40 41 42 66 262 263 264 265 266 267 268 46 47 48 49 50 51 78 269 270 271 272 273 274 56 57 58 59 60 61 91 275 276 277 278 279 67 68 69 70 71 72 105 280 281 282 283 79 80 81 82 83 84 120 284 285 286 92 93 94 95 96 97 136 287 288 106 107 108 109 110 111 153 289 121 122 123 124 125 126 1 137 138 139 140 141 142 3 154 155 156 157 158 6 170 171 172 173 10 185 186 187 15 199 200 21 212 28
36 44 45 53 54 55 63 64 65 66 74 75 76 77 78 86 87 88 89 90 91 99 100 101 102 103 104 105 113 114 115 116 117 118 119 120 128 129 130 131 132 133 134 135 136 144 145 146 147 148 149 150 151 152 153 160 161 162 163 164 165 166 167 168 169 1 175 176 177 178 179 180 181 182 183 184 2 3 189 190 191 192 193 194 195 196 197 198 4 5 6 202 203 204 205 206 207 208 209 210 211 7 8 9 10 214 215 216 217 218 219 220 221 222 223 11 12 13 14 15 225 226 227 228 229 230 231 232 233 234 16 17 18 19 20 21 235 236 237 238 239 240 241 242 243 244 22 23 24 25 26 27 28 245 246 247 248 249 250 251 252 253 29 30 31 32 33 34 35 254 255 256 257 258 259 260 261 37 38 39 40 41 42 43 262 263 264 265 266 267 268 46 47 48 49 50 51 52 269 270 271 272 273 274 56 57 58 59 60 61 62 275 276 277 278 279 67 68 69 70 71 72 73 280 281 282 283 79 80 81 82 83 84 85 284 285 286 92 93 94 95 96 97 98 287 288 106 107 108 109 110 111 112 289 121 122 123 124 125 126 127 137 138 139 140 141 142 143 154 155 156 157 158 159 170 171 172 173 174 185 186 187 188 199 200 201 212 213 224
37 46 47 56 57 58 67 68 69 70 79 80 81 82 83 92 93 94 95 96 97 106 107 108 109 110 111 112 121 122 123 124 125 126 127 128 137 138 139 140 141 142 143 144 145 3 154 155 156 157 158 159 160 161 162 5 6 170 171 172 173 174 175 176 177 178 8 9 10 185 186 187 188 189 190 191 192 193 12 13 14 15 199 200 201 202 203 204 205 206 207 17 18 19 20 21 212 213 214 215 216 217 218 219 220 23 24 25 26 27 28 224 225 226 227 228 229 230 231 232 30 31 32 33 34 35 36 235 236 237 238 239 240 241 242 243 38 39 40 41 42 43 44 45 245 246 247 248 249 250 251 252 253 48 49 50 51 52 53 54 55 254 255 256 257 258 259 260 261 59 60 61 62 63 64 65 66 262 263 264 265 266 267 268 71 72 73 74 75 76 77 78 269 270 271 272 273 274 84 85 86 87 88 89 90 91 275 276 277 278 279 98 99 100 101 102 103 104 105 280 281 282 283 113 114 115 116 117 118 119 120 284 285 286 129 130 131 132 133 134 135 136 287 288 146 147 148 149 150 151 152 153 289 163 164 165 166 167 168 169 1 179 180 181 182 183 184 2 194 195 196 197 198 4 208 209 210 211 7 221 222 223 11 233 234 16 244 22 29
38 47 48 57 58 59 68 69 70 71 80 81 82 83 84 93 94 95 96 97 98 107 108 109 110 111 112 113 122 123 124 125 126 127 128 129 138 139 140 141 142 143 144 145 146 154 155 156 157 158 159 160 161 162 163 6 170 171 172 173 174 175 176 177 178 179 9 10 185 186 187 188 189 190 191 192 193 194 13 14 15 199 200 201 202 203 204 205 206 207 208 18 19 20 21 212 213 214 215 216 217 218 219 220 221 24 25 26 27 28 224 225 226 227 228 229 230 231 232 233 31 32 33 34 35 36 235 236 237 238 239 240 241 242 243 244 39 40 41 42 43 44 45 245 246 247 248 249 250 251 252 253 29 49 50 51 52 53 54 55 254 255 256 257 258 259 260 261 37 60 61 62 63 64 65 66 262 263 264 265 266 267 268 46 72 73 74 75 76 77 78 269 270 271 272 273 274 56 85 86 87 88 89 90 91 275 276 277 278 279 67 99 100 101 102 103 104 105 280 281 282 283 79 114 115 116 117 118 119 120 284 285 286 92 130 131 132 133 134 135 136 287 288 106 147 148 149 150 151 152 153 289 121 164 165 166 167 168 169 1 137 180 181 182 183 184 2 3 195 196 197 198 4 5 209 210 211 7 8 222 223 11 12 234 16 17 22 23 30
39 48 49 58 59 60 69 70 71 72 81 82 83 84 85 94 95 96 97 98 99 108 109 110 111 112 113 114 123 124 125 126 127 128 129 130 139 140 141 142 143 144 145 146 147 155 156 157 158 159 160 161 162 163 164 170 171 172 173 174 175 176 177 178 179 180 10 185 186 187 188 189 190 191 192 193 194 195 14 15 199 200 201 202 203 204 205 206 207 208 209 19 20 21 212 213 214 215 216 217 218 219 220 221 222 25 26 27 28 224 225 226 227 228 229 230 231 232 233 234 32 33 34 35 36 235 236 237 238 239 240 241 242 243 244 22 40 41 42 43 44 45 245 246 247 248 249 250 251 252 253 29 30 50 51 52 53 54 55 254 255 256 257 258 259 260 261 37 38 61 62 63 64 65 66 262 263 264 265 266 267 268 46 47 73 74 75 76 77 78 269 270 271 272 273 274 56 57 86 87 88 89 90 91 275 276 277 278 279 67 68 100 101 102 103 104 105 280 281 282 283 79 80 115 116 117 118 119 120 284 285 286 92 93 131 132 133 134 135 136 287 288 106 107 148 149 150 151 152 153 289 121 122 165 166 167 168 169 1 137 138 181 182 183 184 2 3 154 196 197 198 4 5 6 210 211 7 8 9 223 11 12 13 16 17 18 23 24 31
40 49 50 59 60 61 70 71 72 73 82 83 84 85 86 95 96 97 98 99 100 109 110 111 112 113 114 115 124 125 126 127 128 129 130 131 140 141 142 143 144 145 146 147 148 156 157 158 159 160 161 162 163 164 165 171 172 173 174 175 176 177 178 179 180 181 185 186 187 188 189 190 191 192 193 194 195 196 15 199 200 201 202 203 204 205 206 207 208 209 210 20 21 212 213 214 215 216 217 218 219 220 221 222 223 26 27 28 224 225 226 227 228 229 230 231 232 233 234 16 33 34 35 36 235 236 237 238 239 240 241 242 243 244 22 23 41 42 43 44 45 245 246 247 248 249 250 251 252 253 29 30 31 51 52 53 54 55 254 255 256 257 258 259 260 261 37 38 39 62 63 64 65 66 262 263 264 265 266 267 268 46 47 48 74 75 76 77 78 269 270 271 272 273 274 56 57 58 87 88 89 90 91 275 276 277 278 279 67 68 69 101 102 103 104 105 280 281 282 283 79 80 81 116 117 118 119 120 284 285 286 92 93 94 132 133 134 135 136 287 288 106 107 108 149 150 151 152 153 289 121 122 123 166 167 168 169 1 137 138 139 182 183 184 2 3 154 155 197 198 4 5 6 170 211 7 8 9 10 11 12 13 14 17 18 19 24 25 32
41 50 51 60 61 62 71 72 73 74 83 84 85 86 87 96 97 98 99 100 101 110 111 112 113 114 115 116 125 126 127 128 129 130 131 132 141 142 143 144 145 146 147 148 149 157 158 159 160 161 162 163 164 165 166 172 173 174 175 176 177 178 179 180 181 182 186 187 188 189 190 191 192 193 194 195 196 197 199 200 201 202 203 204 205 206 207 208 209 210 211 21 212 213 214 215 216 217 218 219 220 221 222 223 11 27 28 224 225 226 227 228 229 230 231 232 233 234 16 17 34 35 36 235 236 237 238 239 240 241 242 243 244 22 23 24 42 43 44 45 245 246 247 248 249 250 251 252 253 29 30 31 32 52 53 54 55 254 255 256 257 258 259 260 261 37 38 39 40 63 64 65 66 262 263 264 265 266 267 268 46 47 48 49 75 76 77 78 269 270 271 272 273 274 56 57 58 59 88 89 90 91 275 276 277 278 279 67 68 69 70 102 103 104 105 280 281 282 283 79 80 81 82 117 118 119 120 284 285 286 92 93 94 95 133 134 135 136 287 288 106 107 108 109 150 151 152 153 289 121 122 123 124 167 168 169 1 137 138 139 140 183 184 2 3 154 155 156 198 4 5 6 170 171 7 8 9 10 185 12 13 14 15 18 19 20 25 26 33
42 51 52 61 62 63 72 73 74 75 84 85 86 87 88 97 98 99 100 101 102 111 112 113 114 115 116 117 126 127 128 129 130 131 132 133 142 143 144 145 146 147 148 149 150 158 159 160 161 162 163 164 165 166 167 173 174 175 176 177 178 179 180 181 182 183 187 188 189 190 191 192 193 194 195 196 197 198 200 201 202 203 204 205 206 207 208 209 210 211 7 212 213 214 215 216 217 218 219 220 221 222 223 11 12 28 224 225 226 227 228 229 230 231 232 233 234 16 17 18 35 36 235 236 237 238 239 240 241 242 243 244 22 23 24 25 43 44 45 245 246 247 248 249 250 251 252 253 29 30 31 32 33 53 54 55 254 255 256 257 258 259 260 261 37 38 39 40 41 64 65 66 262 263 264 265 266 267 268 46 47 48 49 50 76 77 78 269 270 271 272 273 274 56 57 58 59 60 89 90 91 275 276 277 278 279 67 68 69 70 71 103 104 105 280 281 282 283 79 80 81 82 83 118 119 120 284 285 286 92 93 94 95 96 134 135 136 287 288 106 107 108 109 110 151 152 153 289 121 122 123 124 125 168 169 1 137 138 139 140 141 184 2 3 154 155 156 157 4 5 6 170 171 172 8 9 10 185 186 13 14 15 199 19 20 21 26 27 34
43 52 53 62 63 64 73 74 75 76 85 86 87 88 89 98 99 100 101 102 103 112 113 114 115 116 117 118 127 128 129 130 131 132 133 134 143 144 145 146 147 148 149 150 151 159 160 161 162 163 164 165 166 167 168 174 175 176 177 178 179 180 181 182 183 184 188 189 190 191 192 193 194 195 196 197 198 4 201 202 203 204 205 206 207 208 209 210 211 7 8 213 214 215 216 217 218 219 220 221 222 223 11 12 13 224 225 226 227 228 229 230 231 232 233 234 16 17 18 19 36 235 236 237 238 239 240 241 242 243 244 22 23 24 25 26 44 45 245 246 247 248 249 250 251 252 253 29 30 31 32 33 34 54 55 254 255 256 257 258 259 260 261 37 38 39 40 41 42 65 66 262 263 264 265 266 267 268 46 47 48 49 50 51 77 78 269 270 271 272 273 274 56 57 58 59 60 61 90 91 275 276 277 278 279 67 68 69 70 71 72 104 105 280 281 282 283 79 80 81 82 83 84 119 120 284 285 286 92 93 94 95 96 97 135 136 287 288 106 107 108 109 110 111 152 153 289 121 122 123 124 125 126 169 1 137 138 139 140 141 142 2 3 154 155 156 157 158 5 6 170 171 172 173 9 10 185 186 187 14 15 199 200 20 21 212 27 28 35
44 53 54 63 64 65 74 75 76 77 86 87 88 89 90 99 100 101 102 103 104 113 114 115 116 117 118 119 128 129 130 131 132 133 134 135 144 145 146 147 148 149 150 151 152 160 161 162 163 164 165 166 167 168 169 175 176 177 178 179 180 181 182 183 184 2 189 190 191 192 193 194 195 196 197 198 4 5 202 203 204 205 206 207 208 209 210 211 7 8 9 214 215 216 217 218 219 220 221 222 223 11 12 13 14 225 226 227 228 229 230 231 232 233 234 16 17 18 19 20 235 236 237 238 239 240 241 242 243 244 22 23 24 25 26 27 45 245 246 247 248 249 250 251 252 253 29 30 31 32 33 34 35 55 254 255 256 257 258 259 260 261 37 38 39 40 41 42 43 66 262 263 264 265 266 267 268 46 47 48 49 50 51 52 78 269 270 271 272 273 274 56 57 58 59 60 61 62 91 275 276 277 278 279 67 68 69 70 71 72 73 105 280 281 282 283 79 80 81 82 83 84 85 120 284 285 286 92 93 94 95 96 97 98 136 287 288 106 107 108 109 110 111 112 153 289 121 122 123 124 125 126 127 1 137 138 139 140 141 142 143 3 154 155 156 157 158 159 6 170 171 172 173 174 10 185 186 187 188 15 199 200 201 21 212 213 28 224 36
45 54 55 64 65 66 75 76 77 78 87 88 89 90 91 100 101 102 103 104 105 114 115 116 117 118 119 120 129 130 131 132 133 134 135 136 145 146 147 148 149 150 151 152 153 161 162 163 164 165 166 167 168 169 1 176 177 178 179 180 181 182 183 184 2 3 190 191 192 193 194 195 196 197 198 4 5 6 203 204 205 206 207 208 209 210 211 7 8 9 10 215 216 217 218 219 220 221 222 223 11 12 13 14 15 226 227 228 229 230 231 232 233 234 16 17 18 19 20 21 236 237 238 239 240 241 242 243 244 22 23 24 25 26 27 28 245 246 247 248 249 250 251 252 253 29 30 31 32 33 34 35 36 254 255 256 257 258 259 260 261 37 38 39 40 41 42 43 44 262 263 264 265 266 267 268 46 47 48 49 50 51 52 53 269 270 271 272 273 274 56 57 58 59 60 61 62 63 275 276 277 278 279 67 68 69 70 71 72 73 74 280 281 282 283 79 80 81 82 83 84 85 86 284 285 286 92 93 94 95 96 97 98 99 287 288 106 107 108 109 110 111 112 113 289 121 122 123 124 125 126 127 128 137 138 139 140 141 142 143 144 154 155 156 157 158 159 160 170 171 172 173 174 175 185 186 187 188 189 199 200 201 202 212 213 214 224 225 235
46 56 57 67 68 69 79 80 81 82 92 93 94 95 96 106 107 108 109 110 111 121 122 123 124 125 126 127 137 138 139 140 141 142 143 144 3 154 155 156 157 158 159 160 161 5 6 170 171 172 173 174 175 176 177 8 9 10 185 186 187 188 189 190 191 192 12 13 14 15 199 200 201 202 203 204 205 206 17 18 19 20 21 212 213 214 215 216 217 218 219 23 24 25 26 27 28 224 225 226 227 228 229 230 231 30 31 32 33 34 35 36 235 236 237 238 239 240 241 242 38 39 40 41 42 43 44 45 245 246 247 248 249 250 251 252 47 48 49 50 51 52 53 54 55 254 255 256 257 258 259 260 261 58 59 60 61 62 63 64 65 66 262 263 264 265 266 267 268 70 71 72 73 74 75 76 77 78 269 270 271 272 273 274 83 84 85 86 87 88 89 90 91 275 276 277 278 279 97 98 99 100 101 102 103 104 105 280 281 282 283 112 113 114 115 116 117 118 119 120 284 285 286 128 129 130 131 132 133 134 135 136 287 288 145 146 147 148 149 150 151 152 153 289 162 163 164 165 166 167 168 169 1 178 179 180 181 182 183 184 2 193 194 195 196 197 198 4 207 208 209 210 211 7 220 221 222 223 11 232 233 234 16 243 244 22 253 29 37
47 57 58 68 69 70 80 81 82 83 93 94 95 96 97 107 108 109 110 111 112 122 123 124 125 126 127 128 138 139 140 141 142 143 144 145 154 155 156 157 158 159 160 161 162 6 170 171 172 173 174 175 176 177 178 9 10 185 186 187 188 189 190 191 192 193 13 14 15 199 200 201 202 203 204 205 206 207 18 19 20 21 212 213 214 215 216 217 218 219 220 24 25 26 27 28 224 225 226 227 228 229 230 231 232 31 32 33 34 35 36 235 236 237 238 239 240 241 242 243 39 40 41 42 43 44 45 245 246 247 248 249 250 251 252 253 48 49 50 51 52 53 54 55 254 255 256 257 258 259 260 261 37 59 60 61 62 63 64 65 66 262 263 264 265 266 267 268 46 71 72 73 74 75 76 77 78 269 270 271 272 273 274 56 84 85 86 87 88 89 90 91 275 276 277 278 279 67 98 99 100 101 102 103 104 105 280 281 282 283 79 113 114 115 116 117 118 119 120 284 285 286 92 129 130 131 132 133 134 135 136 287 288 106 146 147 148 149 150 151 152 153 289 121 163 164 165 166 167 168 169 1 137 179 180 181 182 183 184 2 3 194 195 196 197 198 4 5 208 209 210 211 7 8 221 222 223 11 12 233 234 16 17 244 22 23 29 30 38
48 58 59 69 70 71 81 82 83 84 94 95 96 97 98 108 109 110 111 112 113 123 124 125 126 127 128 129 139 140 141 142 143 144 145 146 155 156 157 158 159 160 161 162 163 170 171 172 173 174 175 176 177 178 179 10 185 186 187 188 189 190 191 192 193 194 14 15 199 200 201 202 203 204 205 206 207 208 19 20 21 212 213 214 215 216 217 218 219 220 221 25 26 27 28 224 225 226 227 228 229 230 231 232 233 32 33 34 35 36 235 236 237 238 239 240 241 242 243 244 40 41 42 43 44 45 245 246 247 248 249 250 251 252 253 29 49 50 51 52 53 54 55 254 255 256 257 258 259 260 261 37 38 60 61 62 63 64 65 66 262 263 264 265 266 267 268 46 47 72 73 74 75 76 77 78 269 270 271 272 273 274 56 57 85 86 87 88 89 90 91 275 276 277 278 279 67 68 99 100 101 102 103 104 105 280 281 282 283 79 80 114 115 116 117 118 119 120 284 285 286 92 93 130 131 132 133 134 135 136 287 288 106 107 147 148 149 150 151 152 153 289 121 122 164 165 166 167 168 169 1 137 138 180 181 182 183 184 2 3 154 195 196 197 198 4 5 6 209 210 211 7 8 9 222 223 11 12 13 234 16 17 18 22 23 24 30 31 39
49 59 60 70 71 72 82 83 84 85 95 96 97 98 99 109 110 111 112 113 114 124 125 126 127 128 129 130 140 141 142 143 144 145 146 147 156 157 158 159 160 161 162 163 164 171 172 173 174 175 176 177 178 179 180 185 186 187 188 189 190 191 192 193 194 195 15 199 200 201 202 203 204 205 206 207 208 209 20 21 212 213 214 215 216 217 218 219 220 221 222 26 27 28 224 225 226 227 228 229 230 231 232 233 234 33 34 35 36 235 236 237 238 239 240 241 242 243 244 22 41 42 43 44 45 245 246 247 248 249 250 251 252 253 29 30 50 51 52 53 54 55 254 255 256 257 258 259 260 261 37 38 39 61 62 63 64 65 66 262 263 264 265 266 267 268 46 47 48 73 74 75 76 77 78 269 270 271 272 273 274 56 57 58 86 87 88 89 90 91 275 276 277 278 279 67 68 69 100 101 102 103 104 105 280 281 282 283 79 80 81 115 116 117 118 119 120 284 285 286 92 93 94 131 132 133 134 135 136 287 288 106 107 108 148 149 150 151 152 153 289 121 122 123 165 166 167 168 169 1 137 138 139 181 182 183 184 2 3 154 155 196 197 198 4 5 6 170 210 211 7 8 9 10 223 11 12 13 14 16 17 18 19 23 24 25 31 32 40
50 60 61 71 72 73 83 84 85 86 96 97 98 99 100 110 111 112 113 114 115 125 126 127 128 129 130 131 141 142 143 144 145 146 147 148 157 158 159 160 161 162 163 164 165 172 173 174 175 176 177 178 179 180 181 186 187 188 189 190 191 192 193 194 195 196 199 200 201 202 203 204 205 206 207 208 209 210 21 212 213 214 215 216 217 218 219 220 221 222 223 27 28 224 225 226 227 228 229 230 231 232 233 234 16 34 35 36 235 236 237 238 239 240 241 242 243 244 22 23 42 43 44 45 245 246 247 248 249 250 251 252 253 29 30 31 51 52 53 54 55 254 255 256 257 258 259 260 261 37 38 39 40 62 63 64 65 66 262 263 264 265 266 267 268 46 47 48 49 74 75 76 77 78 269 270 271 272 273 274 56 57 58 59 87 88 89 90 91 275 276 277 278 279 67 68 69 70 101 102 103 104 105 280 281 282 283 79 80 81 82 116 117 118 119 120 284 285 286 92 93 94 95 132 133 134 135 136 287 288 106 107 108 109 149 150 151 152 153 289 121 122 123 124 166 167 168 169 1 137 138 139 140 182 183 184 2 3 154 155 156 197 198 4 5 6 170 171 211 7 8 9 10 185 11 12 13 14 15 17 18 19 20 24 25 26 32 33 41
51 61 62 72 73 74 84 85 86 87 97 98 99 100 101 111 112 113 114 115 116 126 127 128 129 130 131 132 142 143 144 145 146 147 148 149 158 159 160 161 162 163 164 165 166 173 174 175 176 177 178 179 180 181 182 187 188 189 190 191 192 193 194 195 196 197 200 201 202 203 204 205 206 207 208 209 210 211 212 213 214 215 216 217 218 219 220 221 222 223 11 28 224 225 226 227 228 229 230 231 232 233 234 16 17 35 36 235 236 237 238 239 240 241 242 243 244 22 23 24 43 44 45 245 246 247 248 249 250 251 252 253 29 30 31 32 52 53 54 55 254 255 256 257 258 259 260 261 37 38 39 40 41 63 64 65 66 262 263 264 265 266 267 268 46 47 48 49 50 75 76 77 78 269 270 271 272 273 274 56 57 58 59 60 88 89 90 91 275 276 277 278 279 67 68 69 70 71 102 103 104 105 280 281 282 283 79 80 81 82 83 117 118 119 120 284 285 286 92 93 94 95 96 133 134 135 136 287 288 106 107 108 109 110 150 151 152 153 289 121 122 123 124 125 167 168 169 1 137 138 139 140 141 183 184 2 3 154 155 156 157 198 4 5 6 170 171 172 7 8 9 10 185 186 12 13 14 15 199 18 19 20 21 25 26 27 33 34 42
52 62 63 73 74 75 85 86 87 88 98 99 100 101 102 112 113 114 115 116 117 127 128 129 130 131 132 133 143 144 145 146 147 148 149 150 159 160 161 162 163 164 165 166 167 174 175 176 177 178 179 180 181 182 183 188 189 190 191 192 193 194 195 196 197 198 201 202 203 204 205 206 207 208 209 210 211 7 213 214 215 216 217 218 219 220 221 222 223 11 12 224 225 226 227 228 229 230 231 232 233 234 16 17 18 36 235 236 237 238 239 240 241 242 243 244 22 23 24 25 44 45 245 246 247 248 249 250 251 252 253 29 30 31 32 33 53 54 55 254 255 256 257 258 259 260 261 37 38 39 40 41 42 64 65 66 262 263 264 265 266 267 268 46 47 48 49 50 51 76 77 78 269 270 271 272 273 274 56 57 58 59 60 61 89 90 91 275 276 277 278 279 67 68 69 70 71 72 103 104 105 280 281 282 283 79 80 81 82 83 84 118 119 120 284 285 286 92 93 94 95 96 97 134 135 136 287 288 106 107 108 109 110 111 151 152 153 289 121 122 123 124 125 126 168 169 1 137 138 139 140 141 142 184 2 3 154 155 156 157 158 4 5 6 170 171 172 173 8 9 10 185 186 187 13 14 15 199 200 19 20 21 212 26 27 28 34 35 43
53 63 64 74 75 76 86 87 88 89 99 100 101 102 103 113 114 115 116 117 118 128 129 130 131 132 133 134 144 145 146 147 148 149 150 151 160 161 162 163 164 165 166 167 168 175 176 177 178 179 180 181 182 183 184 189 190 191 192 193 194 195 196 197 198 4 202 203 204 205 206 207 208 209 210 211 7 8 214 215 216 217 218 219 220 221 222 223 11 12 13 225 226 227 228 229 230 231 232 233 234 16 17 18 19 235 236 237 238 239 240 241 242 243 244 22 23 24 25 26 45 245 246 247 248 249 250 251 252 253 29 30 31 32 33 34 54 55 254 255 256 257 258 259 260 261 37 38 39 40 41 42 43 65 66 262 263 264 265 266 267 268 46 47 48 49 50 51 52 77 78 269 270 271 272 273 274 56 57 58 59 60 61 62 90 91 275 276 277 278 279 67 68 69 70 71 72 73 104 105 280 281 282 283 79 80 81 82 83 84 85 119 120 284 285 286 92 93 94 95 96 97 98 135 136 287 288 106 107 108 109 110 111 112 152 153 289 121 122 123 124 125 126 127 169 1 137 138 139 140 141 142 143 2 3 154 155 156 157 158 159 5 6 170 171 172 173 174 9 10 185 186 187 188 14 15 199 200 201 20 21 212 213 27 28 224 35 36 44
54 64 65 75 76 77 87 88 89 90 100 101 102 103 104 114 115 116 117 118 119 129 130 131 132 133 134 135 145 146 147 148 149 150 151 152 161 162 163 164 165 166 167 168 169 176 177 178 179 180 181 182 183 184 2 190 191 192 193 194 195 196 197 198 4 5 203 204 205 206 207 208 209 210 211 7 8 9 215 216 217 218 219 220 221 222 223 11 12 13 14 226 227 228 229 230 231 232 233 234 16 17 18 19 20 236 237 238 239 240 241 242 243 244 22 23 24 25 26 27 245 246 247 248 249 250 251 252 253 29 30 31 32 33 34 35 55 254 255 256 257 258 259 260 261 37 38 39 40 41 42 43 44 66 262 263 264 265 266 267 268 46 47 48 49 50 51 52 53 78 269 270 271 272 273 274 56 57 58 59 60 61 62 63 91 275 276 277 278 279 67 68 69 70 71 72 73 74 105 280 281 282 283 79 80 81 82 83 84 85 86 120 284 285 286 92 93 94 95 96 97 98 99 136 287 288 106 107 108 109 110 111 112 113 153 289 121 122 123 124 125 126 127 128 1 137 138 139 140 141 142 143 144 3 154 155 156 157 158 159 160 6 170 171 172 173 174 175 10 185 186 187 188 189 15 199 200 201 202 21 212 213 214 28 224 225 36 235 45
55 65 66 76 77 78 88 89 90 91 101 102 103 104 105 115 116 117 118 119 120 130 131 132 133 134 135 136 146 147 148 149 150 151 152 153 162 163 164 165 166 167 168 169 1 177 178 179 180 181 182 183 184 2 3 191 192 193 194 195 196 197 198 4 5 6 204 205 206 207 208 209 210 211 7 8 9 10 216 217 218 219 220 221 222 223 11 12 13 14 15 227 228 229 230 231 232 233 234 16 17 18 19 20 21 237 238 239 240 241 242 243 244 22 23 24 25 26 27 28 246 247 248 249 250 251 252 253 29 30 31 32 33 34 35 36 254 255 256 257 258 259 260 261 37 38 39 40 41 42 43 44 45 262 263 264 265 266 267 268 46 47 48 49 50 51 52 53 54 269 270 271 272 273 274 56 57 58 59 60 61 62 63 64 275 276 277 278 279 67 68 69 70 71 72 73 74 75 280 281 282 283 79 80 81 82 83 84 85 86 87 284 285 286 92 93 94 95 96 97 98 99 100 287 288 106 107 108 109 110 111 112 113 114 289 121 122 123 124 125 126 127 128 129 137 138 139 140 141 142 143 144 145 154 155 156 157 158 159 160 161 170 171 172 173 174 175 176 185 186 187 188 189 190 199 200 201 202 203 212 213 214 215 224 225 226 235 236 245
56 67 68 79 80 81 92 93 94 95 106 107 108 109 110 121 122 123 124 125 126 137 138 139 140 141 142 143 3 154 155 156 157 158 159 160 5 6 170 171 172 173 174 175 176 8 9 10 185 186 187 188 189 190 191 12 13 14 15 199 200 201 202 203 204 205 17 18 19 20 21 212 213 214 215 216 217 218 23 24 25 26 27 28 224 225 226 227 228 229 230 30 31 32 33 34 35 36 235 236 237 238 239 240 241 38 39 40 41 42 43 44 45 245 246 247 248 249 250 251 47 48 49 50 51 52 53 54 55 254 255 256 257 258 259 260 57 58 59 60 61 62 63 64 65 66 262 263 264 265 266 267 268 69 70 71 72 73 74 75 76 77 78 269 270 271 272 273 274 82 83 84 85 86 87 88 89 90 91 275 276 277 278 279 96 97 98 99 100 101 102 103 104 105 280 281 282 283 111 112 113 114 115 116 117 118 119 120 284 285 286 127 128 129 130 131 132 133 134 135 136 287 288 144 145 146 147 148 149 150 151 152 153 289 161 162 163 164 165 166 167 168 169 1 177 178 179 180 181 182 183 184 2 192 193 194 195 196 197 198 4 206 207 208 209 210 211 7 219 220 221 222 223 11 231 232 233 234 16 242 243 244 22 252 253 29 261 37 46
57 68 69 80 81 82 93 94 95 96 107 108 109 110 111 122 123 124 125 126 127 138 139 140 141 142 143 144 154 155 156 157 158 159 160 161 6 170 171 172 173 174 175 176 177 9 10 185 186 187 188 189 190 191 192 13 14 15 199 200 201 202 203 204 205 206 18 19 20 21 212 213 214 215 216 217 218 219 24 25 26 27 28 224 225 226 227 228 229 230 231 31 32 33 34 35 36 235 236 237 238 239 240 241 242 39 40 41 42 43 44 45 245 246 247 248 249 250 251 252 48 49 50 51 52 53 54 55 254 255 256 257 258 259 260 261 58 59 60 61 62 63 64 65 66 262 263 264 265 266 267 268 46 70 71 72 73 74 75 76 77 78 269 270 271 272 273 274 56 83 84 85 86 87 88 89 90 91 275 276 277 278 279 67 97 98 99 100 101 102 103 104 105 280 281 282 283 79 112 113 114 115 116 117 118 119 120 284 285 286 92 128 129 130 131 132 133 134 135 136 287 288 106 145 146 147 148 149 150 151 152 153 289 121 162 163 164 165 166 167 168 169 1 137 178 179 180 181 182 183 184 2 3 193 194 195 196 197 198 4 5 207 208 209 210 211 7 8 220 221 222 223 11 12 232 233 234 16 17 243 244 22 23 253 29 30 37 38 47
58 69 70 81 82 83 94 95 96 97 108 109 110 111 112 123 124 125 126 127 128 139 140 141 142 143 144 145 155 156 157 158 159 160 161 162 170 171 172 173 174 175 176 177 178 10 185 186 187 188 189 190 191 192 193 14 15 199 200 201 202 203 204 205 206 207 19 20 21 212 213 214 215 216 217 218 219 220 25 26 27 28 224 225 226 227 228 229 230 231 232 32 33 34 35 36 235 236 237 238 239 240 241 242 243 40 41 42 43 44 45 245 246 247 248 249 250 251 252 253 49 50 51 52 53 54 55 254 255 256 257 258 259 260 261 37 59 60 61 62 63 64 65 66 262 263 264 265 266 267 268 46 47 71 72 73 74 75 76 77 78 269 270 271 272 273 274 56 57 84 85 86 87 88 89 90 91 275 276 277 278 279 67 68 98 99 100 101 102 103 104 105 280 281 282 283 79 80 113 114 115 116 117 118 119 120 284 285 286 92 93 129 130 131 132 133 134 135 136 287 288 106 107 146 147 148 149 150 151 152 153 289 121 122 163 164 165 166 167 168 169 1 137 138 179 180 181 182 183 184 2 3 154 194 195 196 197 198 4 5 6 208 209 210 211 7 8 9 221 222 223 11 12 13 233 234 16 17 18 244 22 23 24 29 30 31 38 39 48
59 70 71 82 83 84 95 96 97 98 109 110 111 112 113 124 125 126 127 128 129 140 141 142 143 144 145 146 156 157 158 159 160 161 162 163 171 172 173 174 175 176 177 178 179 185 186 187 188 189 190 191 192 193 194 15 199 200 201 202 203 204 205 206 207 208 20 21 212 213 214 215 216 217 218 219 220 221 26 27 28 224 225 226 227 228 229 230 231 232 233 33 34 35 36 235 236 237 238 239 240 241 242 243 244 41 42 43 44 45 245 246 247 248 249 250 251 252 253 29 50 51 52 53 54 55 254 255 256 257 258 259 260 261 37 38 60 61 62 63 64 65 66 262 263 264 265 266 267 268 46 47 48 72 73 74 75 76 77 78 269 270 271 272 273 274 56 57 58 85 86 87 88 89 90 91 275 276 277 278 279 67 68 69 99 100 101 102 103 104 105 280 281 282 283 79 80 81 114 115 116 117 118 119 120 284 285 286 92 93 94 130 131 132 133 134 135 136 287 288 106 107 108 147 148 149 150 151 152 153 289 121 122 123 164 165 166 167 168 169 1 137 138 139 180 181 182 183 184 2 3 154 155 195 196 197 198 4 5 6 170 209 210 211 7 8 9 10 222 223 11 12 13 14 234 16 17 18 19 22 23 24 25 30 31 32 39 40 49
60 71 72 83 84 85 96 97 98 99 110 111 112 113 114 125 126 127 128 129 130 141 142 143 144 145 146 147 157 158 159 160 161 162 163 164 172 173 174 175 176 177 178 179 180 186 187 188 189 190 191 192 193 194 195 199 200 201 202 203 204 205 206 207 208 209 21 212 213 214 215 216 217 218 219 220 221 222 27 28 224 225 226 227 228 229 230 231 232 233 234 34 35 36 235 236 237 238 239 240 241 242 243 244 22 42 43 44 45 245 246 247 248 249 250 251 252 253 29 30 51 52 53 54 55 254 255 256 257 258 259 260 261 37 38 39 61 62 63 64 65 66 262 263 264 265 266 267 268 46 47 48 49 73 74 75 76 77 78 269 270 271 272 273 274 56 57 58 59 86 87 88 89 90 91 275 276 277 278 279 67 68 69 70 100 101 102 103 104 105 280 281 282 283 79 80 81 82 115 116 117 118 119 120 284 285 286 92 93 94 95 131 132 133 134 135 136 287 288 106 107 108 109 148 149 150 151 152 153 289 121 122 123 124 165 166 167 168 169 1 137 138 139 140 181 182 183 184 2 3 154 155 156 196 197 198 4 5 6 170 171 210 211 7 8 9 10 185 223 11 12 13 14 15 16 17 18 19 20 23 24 25 26 31 32 33 40 41 50
61 72 73 84 85 86 97 98 99 100 111 112 113 114 115 126 127 128 129 130 131 142 143 144 145 146 147 148 158 159 160 161 162 163 164 165 173 174 175 176 177 178 179 180 181 187 188 189 190 191 192 193 194 195 196 200 201 202 203 204 205 206 207 208 209 210 212 213 214 215 216 217 218 219 220 221 222 223 28 224 225 226 227 228 229 230 231 232 233 234 16 35 36 235 236 237 238 239 240 241 242 243 244 22 23 43 44 45 245 246 247 248 249 250 251 252 253 29 30 31 52 53 54 55 254 255 256 257 258 259 260 261 37 38 39 40 62 63 64 65 66 262 263 264 265 266 267 268 46 47 48 49 50 74 75 76 77 78 269 270 271 272 273 274 56 57 58 59 60 87 88 89 90 91 275 276 277 278 279 67 68 69 70 71 101 102 103 104 105 280 281 282 283 79 80 81 82 83 116 117 118 119 120 284 285 286 92 93 94 95 96 132 133 134 135 136 287 288 106 107 108 109 110 149 150 151 152 153 289 121 122 123 124 125 166 167 168 169 1 137 138 139 140 141 182 183 184 2 3 154 155 156 157 197 198 4 5 6 170 171 172 211 7 8 9 10 185 186 11 12 13 14 15 199 17 18 19 20 21 24 25 26 27 32 33 34 41 42 51
62 73 74 85 86 87 98 99 100 101 112 113 114 115 116 127 128 129 130 131 132 143 144 145 146 147 148 149 159 160 161 162 163 164 165 166 174 175 176 177 178 179 180 181 182 188 189 190 191 192 193 194 195 196 197 201 202 203 204 205 206 207 208 209 210 211 213 214 215 216 217 218 219 220 221 222 223 11 224 225 226 227 228 229 230 231 232 233 234 16 17 36 235 236 237 238 239 240 241 242 243 244 22 23 24 44 45 245 246 247 248 249 250 251 252 253 29 30 31 32 53 54 55 254 255 256 257 258 259 260 261 37 38 39 40 41 63 64 65 66 262 263 264 265 266 267 268 46 47 48 49 50 51 75 76 77 78 269 270 271 272 273 274 56 57 58 59 60 61 88 89 90 91 275 276 277 278 279 67 68 69 70 71 72 102 103 104 105 280 281 282 283 79 80 81 82 83 84 117 118 119 120 284 285 286 92 93 94 95 96 97 133 134 135 136 287 288 106 107 108 109 110 111 150 151 152 153 289 121 122 123 124 125 126 167 168 169 1 137 138 139 140 141 142 183 184 2 3 154 155 156 157 158 198 4 5 6 170 171 172 173 7 8 9 10 185 186 187 12 13 14 15 199 200 18 19 20 21 212 25 26 27 28 33 34 35 42 43 52
63 74 75 86 87 88 99 100 101 102 113 114 115 116 117 128 129 130 131 132 133 144 145 146 147 148 149 150 160 161 162 163 164 165 166 167 175 176 177 178 179 180 181 182 183 189 190 191 192 193 194 195 196 197 198 202 203 204 205 206 207 208 209 210 211 7 214 215 216 217 218 219 220 221 222 223 11 12 225 226 227 228 229 230 231 232 233 234 16 17 18 235 236 237 238 239 240 241 242 243 244 22 23 24 25 45 245 246 247 248 249 250 251 252 253 29 30 31 32 33 54 55 254 255 256 257 258 259 260 261 37 38 39 40 41 42 64 65 66 262 263 264 265 266 267 268 46 47 48 49 50 51 52 76 77 78 269 270 271 272 273 274 56 57 58 59 60 61 62 89 90 91 275 276 277 278 279 67 68 69 70 71 72 73 103 104 105 280 281 282 283 79 80 81 82 83 84 85 118 119 120 284 285 286 92 93 94 95 96 97 98 134 135 136 287 288 106 107 108 109 110 111 112 151 152 153 289 121 122 123 124 125 126 127 168 169 1 137 138 139 140 141 142 143 184 2 3 154 155 156 157 158 159 4 5 6 170 171 172 173 174 8 9 10 185 186 187 188 13 14 15 199 200 201 19 20 21 212 213 26 27 28 224 34 35 36 43 44 53
64 75 76 87 88 89 100 101 102 103 114 115 116 117 118 129 130 131 132 133 134 145 146 147 148 149 150 151 161 162 163 164 165 166 167 168 176 177 178 179 180 181 182 183 184 190 191 192 193 194 195 196 197 198 4 203 204 205 206 207 208 209 210 211 7 8 215 216 217 218 219 220 221 222 223 11 12 13 226 227 228 229 230 231 232 233 234 16 17 18 19 236 237 238 239 240 241 242 243 244 22 23 24 25 26 245 246 247 248 249 250 251 252 253 29 30 31 32 33 34 55 254 255 256 257 258 259 260 261 37 38 39 40 41 42 43 65 66 262 263 264 265 266 267 268 46 47 48 49 50 51 52 53 77 78 269 270 271 272 273 274 56 57 58 59 60 61 62 63 90 91 275 276 277 278 279 67 68 69 70 71 72 73 74 104 105 280 281 282 283 79 80 81 82 83 84 85 86 119 120 284 285 286 92 93 94 95 96 97 98 99 135 136 287 288 106 107 108 109 110 111 112 113 152 153 289 121 122 123 124 125 126 127 128 169 1 137 138 139 140 141 142 143 144 2 3 154 155 156 157 158 159 160 5 6 170 171 172 173 174 175 9 10 185 186 187 188 189 14 15 199 200 201 202 20 21 212 213 214 27 28 224 225 35 36 235 44 45 54
65 76 77 88 89 90 101 102 103 104 115 116 117 118 119 130 131 132 133 134 135 146 147 148 149 150 151 152 162 163 164 165 166 167 168 169 177 178 179 180 181 182 183 184 2 191 192 193 194 195 196 197 198 4 5 204 205 206 207 208 209 210 211 7 8 9 216 217 218 219 220 221 222 223 11 12 13 14 227 228 229 230 231 232 233 234 16 17 18 19 20 237 238 239 240 241 242 243 244 22 23 24 25 26 27 246 247 248 249 250 251 252 253 29 30 31 32 33 34 35 254 255 256 257 258 259 260 261 37 38 39 40 41 42 43 44 66 262 263 264 265 266 267 268 46 47 48 49 50 51 52 53 54 78 269 270 271 272 273 274 56 57 58 59 60 61 62 63 64 91 275 276 277 278 279 67 68 69 70 71 72 73 74 75 105 280 281 282 283 79 80 81 82 83 84 85 86 87 120 284 285 286 92 93 94 95 96 97 98 99 100 136 287 288 106 107 108 109 110 111 112 113 114 153 289 121 122 123 124 125 126 127 128 129 1 137 138 139 140 141 142 143 144 145 3 154 155 156 157 158 159 160 161 6 170 171 172 173 174 175 176 10 185 186 187 188 189 190 15 199 200 201 202 203 21 212 213 214 215 28 224 225 226 36 235 236 45 245 55
66 77 78 89 90 91 102 103 104 105 116 117 118 119 120 131 132 133 134 135 136 147 148 149 150 151 152 153 163 164 165 166 167 168 169 1 178 179 180 181 182 183 184 2 3 192 193 194 195 196 197 198 4 5 6 205 206 207 208 209 210 211 7 8 9 10 217 218 219 220 221 222 223 11 12 13 14 15 228 229 230 231 232 233 234 16 17 18 19 20 21 238 239 240 241 242 243 244 22 23 24 25 26 27 28 247 248 249 250 251 252 253 29 30 31 32 33 34 35 36 255 256 257 258 259 260 261 37 38 39 40 41 42 43 44 45 262 263 264 265 266 267 268 46 47 48 49 50 51 52 53 54 55 269 270 271 272 273 274 56 57 58 59 60 61 62 63 64 65 275 276 277 278 279 67 68 69 70 71 72 73 74 75 76 280 281 282 283 79 80 81 82 83 84 85 86 87 88 284 285 286 92 93 94 95 96 97 98 99 100 101 287 288 106 107 108 109 110 111 112 113 114 115 289 121 122 123 124 125 126 127 128 129 130 137 138 139 140 141 142 143 144 145 146 154 155 156 157 158 159 160 161 162 170 171 172 173 174 175 176 177 185 186 187 188 189 190 191 199 200 201 202 203 204 212 213 214 215 216 224 225 226 227 235 236 237 245 246 254
67 79 80 92 93 94 106 107 108 109 121 122 123 124 125 137 138 139 140 141 142 3 154 155 156 157 158 159 5 6 170 171 172 173 174 175 8 9 10 185 186 187 188 189 190 12 13 14 15 199 200 201 202 203 204 17 18 19 20 21 212 213 214 215 216 217 23 24 25 26 27 28 224 225 226 227 228 229 30 31 32 33 34 35 36 235 236 237 238 239 240 38 39 40 41 42 43 44 45 245 246 247 248 249 250 47 48 49 50 51 52 53 54 55 254 255 256 257 258 259 57 58 59 60 61 62 63 64 65 66 262 263 264 265 266 267 68 69 70 71 72 73 74 75 76 77 78 269 270 271 272 273 274 81 82 83 84 85 86 87 88 89 90 91 275 276 277 278 279 95 96 97 98 99 100 101 102 103 104 105 280 281 282 283 110 111 112 113 114 115 116 117 118 119 120 284 285 286 126 127 128 129 130 131 132 133 134 135 136 287 288 143 144 145 146 147 148 149 150 151 152 153 289 160 161 162 163 164 165 166 167 168 169 1 176 177 178 179 180 181 182 183 184 2 191 192 193 194 195 196 197 198 4 205 206 207 208 209 210 211 7 218 219 220 221 222 223 11 230 231 232 233 234 16 241 242 243 244 22 251 252 253 29 260 261 37 268 46 56
68 80 81 93 94 95 107 108 109 110 122 123 124 125 126 138 139 140 141 142 143 154 155 156 157 158 159 160 6 170 171 172 173 174 175 176 9 10 185 186 187 188 189 190 191 13 14 15 199 200 201 202 203 204 205 18 19 20 21 212 213 214 215 216 217 218 24 25 26 27 28 224 225 226 227 228 229 230 31 32 33 34 35 36 235 236 237 238 239 240 241 39 40 41 42 43 44 45 245 246 247 248 249 250 251 48 49 50 51 52 53 54 55 254 255 256 257 258 259 260 58 59 60 61 62 63 64 65 66 262 263 264 265 266 267 268 69 70 71 72 73 74 75 76 77 78 269 270 271 272 273 274 56 82 83 84 85 86 87 88 89 90 91 275 276 277 278 279 67 96 97 98 99 100 101 102 103 104 105 280 281 282 283 79 111 112 113 114 115 116 117 118 119 120 284 285 286 92 127 128 129 130 131 132 133 134 135 136 287 288 106 144 145 146 147 148 149 150 151 152 153 289 121 161 162 163 164 165 166 167 168 169 1 137 177 178 179 180 181 182 183 184 2 3 192 193 194 195 196 197 198 4 5 206 207 208 209 210 211 7 8 219 220 221 222 223 11 12 231 232 233 234 16 17 242 243 244 22 23 252 253 29 30 261 37 38 46 47 57
69 81 82 94 95 96 108 109 110 111 123 124 125 126 127 139 140 141 142 143 144 155 156 157 158 159 160 161 170 171 172 173 174 175 176 177 10 185 186 187 188 189 190 191 192 14 15 199 200 201 202 203 204 205 206 19 20 21 212 213 214 215 216 217 218 219 25 26 27 28 224 225 226 227 228 229 230 231 32 33 34 35 36 235 236 237 238 239 240 241 242 40 41 42 43 44 45 245 246 247 248 249 250 251 252 49 50 51 52 53 54 55 254 255 256 257 258 259 260 261 59 60 61 62 63 64 65 66 262 263 264 265 266 267 268 46 70 71 72 73 74 75 76 77 78 269 270 271 272 273 274 56 57 83 84 85 86 87 88 89 90 91 275 276 277 278 279 67 68 97 98 99 100 101 102 103 104 105 280 281 282 283 79 80 112 113 114 115 116 117 118 119 120 284 285 286 92 93 128 129 130 131 132 133 134 135 136 287 288 106 107 145 146 147 148 149 150 151 152 153 289 121 122 162 163 164 165 166 167 168 169 1 137 138 178 179 180 181 182 183 184 2 3 154 193 194 195 196 197 198 4 5 6 207 208 209 210 211 7 8 9 220 221 222 223 11 12 13 232 233 234 16 17 18 243 244 22 23 24 253 29 30 31 37 38 39 47 48 58
70 82 83 95 96 97 109 110 111 112 124 125 126 127 128 140 141 142 143 144 145 156 157 158 159 160 161 162 171 172 173 174 175 176 177 178 185 186 187 188 189 190 191 192 193 15 199 200 201 202 203 204 205 206 207 20 21 212 213 214 215 216 217 218 219 220 26 27 28 224 225 226 227 228 229 230 231 232 33 34 35 36 235 236 237 238 239 240 241 242 243 41 42 43 44 45 245 246 247 248 249 250 251 252 253 50 51 52 53 54 55 254 255 256 257 258 259 260 261 37 60 61 62 63 64 65 66 262 263 264 265 266 267 268 46 47 71 72 73 74 75 76 77 78 269 270 271 272 273 274 56 57 58 84 85 86 87 88 89 90 91 275 276 277 278 279 67 68 69 98 99 100 101 102 103 104 105 280 281 282 283 79 80 81 113 114 115 116 117 118 119 120 284 285 286 92 93 94 129 130 131 132 133 134 135 136 287 288 106 107 108 146 147 148 149 150 151 152 153 289 121 122 123 163 164 165 166 167 168 169 1 137 138 139 179 180 181 182 183 184 2 3 154 155 194 195 196 197 198 4 5 6 170 208 209 210 211 7 8 9 10 221 222 223 11 12 13 14 233 234 16 17 18 19 244 22 23 24 25 29 30 31 32 38 39 40 48 49 59
71 83 84 96 97 98 110 111 112 113 125 126 127 128 129 141 142 143 144 145 146 157 158 159 160 161 162 163 172 173 174 175 176 177 178 179 186 187 188 189 190 191 192 193 194 199 200 201 202 203 204 205 206 207 208 21 212 213 214 215 216 217 218 219 220 221 27 28 224 225 226 227 228 229 230 231 232 233 34 35 36 235 236 237 238 239 240 241 242 243 244 42 43 44 45 245 246 247 248 249 250 251 252 253 29 51 52 53 54 55 254 255 256 257 258 259 260 261 37 38 61 62 63 64 65 66 262 263 264 265 266 267 268 46 47 48 72 73 74 75 76 77 78 269 270 271 272 273 274 56 57 58 59 85 86 87 88 89 90 91 275 276 277 278 279 67 68 69 70 99 100 101 102 103 104 105 280 281 282 283 79 80 81 82 114 115 116 117 118 119 120 284 285 286 92 93 94 95 130 131 132 133 134 135 136 287 288 106 107 108 109 147 148 149 150 151 152 153 289 121 122 123 124 164 165 166 167 168 169 1 137 138 139 140 180 181 182 183 184 2 3 154 155 156 195 196 197 198 4 5 6 170 171 209 210 211 7 8 9 10 185 222 223 11 12 13 14 15 234 16 17 18 19 20 22 23 24 25 26 30 31 32 33 39 40 41 49 50 60
72 84 85 97 98 99 111 112 113 114 126 127 128 129 130 142 143 144 145 146 147 158 159 160 161 162 163 164 173 174 175 176 177 178 179 180 187 188 189 190 191 192 193 194 195 200 201 202 203 204 205 206 207 208 209 212 213 214 215 216 217 218 219 220 221 222 28 224 225 226 227 228 229 230 231 232 233 234 35 36 235 236 237 238 239 240 241 242 243 244 22 43 44 45 245 246 247 248 249 250 251 252 253 29 30 52 53 54 55 254 255 256 257 258 259 260 261 37 38 39 62 63 64 65 66 262 263 264 265 266 267 268 46 47 48 49 73 74 75 76 77 78 269 270 271 272 273 274 56 57 58 59 60 86 87 88 89 90 91 275 276 277 278 279 67 68 69 70 71 100 101 102 103 104 105 280 281 282 283 79 80 81 82 83 115 116 117 118 119 120 284 285 286 92 93 94 95 96 131 132 133 134 135 136 287 288 106 107 108 109 110 148 149 150 151 152 153 289 121 122 123 124 125 165 166 167 168 169 1 137 138 139 140 141 181 182 183 184 2 3 154 155 156 157 196 197 198 4 5 6 170 171 172 210 211 7 8 9 10 185 186 223 11 12 13 14 15 199 16 17 18 19 20 21 23 24 25 26 27 31 32 33 34 40 41 42 50 51 61
73 85 86 98 99 100 112 113 114 115 127 128 129 130 131 143 144 145 146 147 148 159 160 161 162 163 164 165 174 175 176 177 178 179 180 181 188 189 190 191 192 193 194 195 196 201 202 203 204 205 206 207 208 209 210 213 214 215 216 217 218 219 220 221 222 223 224 225 226 227 228 229 230 231 232 233 234 16 36 235 236 237 238 239 240 241 242 243 244 22 23 44 45 245 246 247 248 249 250 251 252 253 29 30 31 53 54 55 254 255 256 257 258 259 260 261 37 38 39 40 63 64 65 66 262 263 264 265 266 267 268 46 47 48 49 50 74 75 76 77 78 269 270 271 272 273 274 56 57 58 59 60 61 87 88 89 90 91 275 276 277 278 279 67 68 69 70 71 72 101 102 103 104 105 280 281 282 283 79 80 81 82 83 84 116 117 118 119 120 284 285 286 92 93 94 95 96 97 132 133 134 135 136 287 288 106 107 108 109 110 111 149 150 151 152 153 289 121 122 123 124 125 126 166 167 168 169 1 137 138 139 140 141 142 182 183 184 2 3 154 155 156 157 158 197 198 4 5 6 170 171 172 173 211 7 8 9 10 185 186 187 11 12 13 14 15 199 200 17 18 19 20 21 212 24 25 26 27 28 32 33 34 35 41 42 43 51 52 62
74 86 87 99 100 101 113 114 115 116 128 129 130 131 132 144 145 146 147 148 149 160 161 162 163 164 165 166 175 176 177 178 179 180 181 182 189 190 191 192 193 194 195 196 197 202 203 204 205 206 207 208 209 210 211 214 215 216 217 218 219 220 221 222 223 11 225 226 227 228 229 230 231 232 233 234 16 17 235 236 237 238 239 240 241 242 243 244 22 23 24 45 245 246 247 248 249 250 251 252 253 29 30 31 32 54 55 254 255 256 257 258 259 260 261 37 38 39 40 41 64 65 66 262 263 264 265 266 267 268 46 47 48 49 50 51 75 76 77 78 269 270 271 272 273 274 56 57 58 59 60 61 62 88 89 90 91 275 276 277 278 279 67 68 69 70 71 72 73 102 103 104 105 280 281 282 283 79 80 81 82 83 84 85 117 118 119 120 284 285 286 92 93 94 95 96 97 98 133 134 135 136 287 288 106 107 108 109 110 111 112 150 151 152 153 289 121 122 123 124 125 126 127 167 168 169 1 137 138 139 140 141 142 143 183 184 2 3 154 155 156 157 158 159 198 4 5 6 170 171 172 173 174 7 8 9 10 185 186 187 188 12 13 14 15 199 200 201 18 19 20 21 212 213 25 26 27 28 224 33 34 35 36 42 43 44 52 53 63
75 87 88 100 101 102 114 115 116 117 129 130 131 132 133 145 146 147 148 149 150 161 162 163 164 165 166 167 176 177 178 179 180 181 182 183 190 191 192 193 194 195 196 197 198 203 204 205 206 207 208 209 210 211 7 215 216 217 218 219 220 221 222 223 11 12 226 227 228 229 230 231 232 233 234 16 17 18 236 237 238 239 240 241 242 243 244 22 23 24 25 245 246 247 248 249 250 251 252 253 29 30 31 32 33 55 254 255 256 257 258 259 260 261 37 38 39 40 41 42 65 66 262 263 264 265 266 267 268 46 47 48 49 50 51 52 76 77 78 269 270 271 272 273 274 56 57 58 59 60 61 62 63 89 90 91 275 276 277 278 279 67 68 69 70 71 72 73 74 103 104 105 280 281 282 283 79 80 81 82 83 84 85 86 118 119 120 284 285 286 92 93 94 95 96 97 98 99 134 135 136 287 288 106 107 108 109 110 111 112 113 151 152 153 289 121 122 123 124 125 126 127 128 168 169 1 137 138 139 140 141 142 143 144 184 2 3 154 155 156 157 158 159 160 4 5 6 170 171 172 173 174 175 8 9 10 185 186 187 188 189 13 14 15 199 200 201 202 19 20 21 212 213 214 26 27 28 224 225 34 35 36 235 43 44 45 53 54 64
76 88 89 101 102 103 115 116 117 118 130 131 132 133 134 146 147 148 149 150 151 162 163 164 165 166 167 168 177 178 179 180 181 182 183 184 191 192 193 194 195 196 197 198 4 204 205 206 207 208 209 210 211 7 8 216 217 218 219 220 221 222 223 11 12 13 227 228 229 230 231 232 233 234 16 17 18 19 237 238 239 240 241 242 243 244 22 23 24 25 26 246 247 248 249 250 251 252 253 29 30 31 32 33 34 254 255 256 257 258 259 260 261 37 38 39 40 41 42 43 66 262 263 264 265 266 267 268 46 47 48 49 50 51 52 53 77 78 269 270 271 272 273 274 56 57 58 59 60 61 62 63 64 90 91 275 276 277 278 279 67 68 69 70 71 72 73 74 75 104 105 280 281 282 283 79 80 81 82 83 84 85 86 87 119 120 284 285 286 92 93 94 95 96 97 98 99 100 135 136 287 288 106 107 108 109 110 111 112 113 114 152 153 289 121 122 123 124 125 126 127 128 129 169 1 137 138 139 140 141 142 143 144 145 2 3 154 155 156 157 158 159 160 161 5 6 170 171 172 173 174 175 176 9 10 185 186 187 188 189 190 14 15 199 200 201 202 203 20 21 212 213 214 215 27 28 224 225 226 35 36 235 236 44 45 245 54 55 65
77 89 90 102 103 104 116 117 118 119 131 132 133 134 135 147 148 149 150 151 152 163 164 165 166 167 168 169 178 179 180 181 182 183 184 2 192 193 194 195 196 197 198 4 5 205 206 207 208 209 210 211 7 8 9 217 218 219 220 221 222 223 11 12 13 14 228 229 230 231 232 233 234 16 17 18 19 20 238 239 240 241 242 243 244 22 23 24 25 26 27 247 248 249 250 251 252 253 29 30 31 32 33 34 35 255 256 257 258 259 260 261 37 38 39 40 41 42 43 44 262 263 264 265 266 267 268 46 47 48 49 50 51 52 53 54 78 269 270 271 272 273 274 56 57 58 59 60 61 62 63 64 65 91 275 276 277 278 279 67 68 69 70 71 72 73 74 75 76 105 280 281 282 283 79 80 81 82 83 84 85 86 87 88 120 284 285 286 92 93 94 95 96 97 98 99 100 101 136 287 288 106 107 108 109 110 111 112 113 114 115 153 289 121 122 123 124 125 126 127 128 129 130 1 137 138 139 140 141 142 143 144 145 146 3 154 155 156 157 158 159 160 161 162 6 170 171 172 173 174 175 176 177 10 185 186 187 188 189 190 191 15 199 200 201 202 203 204 21 212 213 214 215 216 28 224 225 226 227 36 235 236 237 45 245 246 55 254 66
78 90 91 103 104 105 117 118 119 120 132 133 134 135 136 148 149 150 151 152 153 164 165 166 167 168 169 1 179 180 181 182 183 184 2 3 193 194 195 196 197 198 4 5 6 206 207 208 209 210 211 7 8 9 10 218 219 220 221 222 223 11 12 13 14 15 229 230 231 232 233 234 16 17 18 19 20 21 239 240 241 242 243 244 22 23 24 25 26 27 28 248 249 250 251 252 253 29 30 31 32 33 34 35 36 256 257 258 259 260 261 37 38 39 40 41 42 43 44 45 263 264 265 266 267 268 46 47 48 49 50 51 52 53 54 55 269 270 271 272 273 274 56 57 58 59 60 61 62 63 64 65 66 275 276 277 278 279 67 68 69 70 71 72 73 74 75 76 77 280 281 282 283 79 80 81 82 83 84 85 86 87 88 89 284 285 286 92 93 94 95 96 97 98 99 100 101 102 287 288 106 107 108 109 110 111 112 113 114 115 116 289 121 122 123 124 125 126 127 128 129 130 131 137 138 139 140 141 142 143 144 145 146 147 154 155 156 157 158 159 160 161 162 163 170 171 172 173 174 175 176 177 178 185 186 187 188 189 190 191 192 199 200 201 202 203 204 205 212 213 214 215 216 217 224 225 226 227 228 235 236 237 238 245 246 247 254 255 262
79 92 93 106 107 108 121 122 123 124 137 138 139 140 141 3 154 155 156 157 158 5 6 170 171 172 173 174 8 9 10 185 186 187 188 189 12 13 14 15 199 200 201 202 203 17 18 19 20 21 212 213 214 215 216 23 24 25 26 27 28 224 225 226 227 228 30 31 32 33 34 35 36 235 236 237 238 239 38 39 40 41 42 43 44 45 245 246 247 248 249 47 48 49 50 51 52 53 54 55 254 255 256 257 258 57 58 59 60 61 62 63 64 65 66 262 263 264 265 266 68 69 70 71 72 73 74 75 76 77 78 269 270 271 272 273 80 81 82 83 84 85 86 87 88 89 90 91 275 276 277 278 279 94 95 96 97 98 99 100 101 102 103 104 105 280 281 282 283 109 110 111 112 113 114 115 116 117 118 119 120 284 285 286 125 126 127 128 129 130 131 132 133 134 135 136 287 288 142 143 144 145 146 147 148 149 150 151 152 153 289 159 160 161 162 163 164 165 166 167 168 169 1 175 176 177 178 179 180 181 182 183 184 2 190 191 192 193 194 195 196 197 198 4 204 205 206 207 208 209 210 211 7 217 218 219 220 221 222 223 11 229 230 231 232 233 234 16 240 241 242 243 244 22 250 251 252 253 29 259 260 261 37 267 268 46 274 56 67
80 93 94 107 108 109 122 123 124 125 138 139 140 141 142 154 155 156 157 158 159 6 170 171 172 173 174 175 9 10 185 186 187 188 189 190 13 14 15 199 200 201 202 203 204 18 19 20 21 212 213 214 215 216 217 24 25 26 27 28 224 225 226 227 228 229 31 32 33 34 35 36 235 236 237 238 239 240 39 40 41 42 43 44 45 245 246 247 248 249 250 48 49 50 51 52 53 54 55 254 255 256 257 258 259 58 59 60 61 62 63 64 65 66 262 263 264 265 266 267 69 70 71 72 73 74 75 76 77 78 269 270 271 272 273 274 81 82 83 84 85 86 87 88 89 90 91 275 276 277 278 279 67 95 96 97 98 99 100 101 102 103 104 105 280 281 282 283 79 110 111 112 113 114 115 116 117 118 119 120 284 285 286 92 126 127 128 129 130 131 132 133 134 135 136 287 288 106 143 144 145 146 147 148 149 150 151 152 153 289 121 160 161 162 163 164 165 166 167 168 169 1 137 176 177 178 179 180 181 182 183 184 2 3 191 192 193 194 195 196 197 198 4 5 205 206 207 208 209 210 211 7 8 218 219 220 221 222 223 11 12 230 231 232 233 234 16 17 241 242 243 244 22 23 251 252 253 29 30 260 261 37 38 268 46 47 56 57 68
81 94 95 108 109 110 123 124 125 126 139 140 141 142 143 155 156 157 158 159 160 170 171 172 173 174 175 176 10 185 186 187 188 189 190 191 14 15 199 200 201 202 203 204 205 19 20 21 212 213 214 215 216 217 218 25 26 27 28 224 225 226 227 228 229 230 32 33 34 35 36 235 236 237 238 239 240 241 40 41 42 43 44 45 245 246 247 248 249 250 251 49 50 51 52 53 54 55 254 255 256 257 258 259 260 59 60 61 62 63 64 65 66 262 263 264 265 266 267 268 70 71 72 73 74 75 76 77 78 269 270 271 272 273 274 56 82 83 84 85 86 87 88 89 90 91 275 276 277 278 279 67 68 96 97 98 99 100 101 102 103 104 105 280 281 282 283 79 80 111 112 113 114 115 116 117 118 119 120 284 285 286 92 93 127 128 129 130 131 132 133 134 135 136 287 288 106 107 144 145 146 147 148 149 150 151 152 153 289 121 122 161 162 163 164 165 166 167 168 169 1 137 138 177 178 179 180 181 182 183 184 2 3 154 192 193 194 195 196 197 198 4 5 6 206 207 208 209 210 211 7 8 9 219 220 221 222 223 11 12 13 231 232 233 234 16 17 18 242 243 244 22 23 24 252 253 29 30 31 261 37 38 39 46 47 48 57 58 69
82 95 96 109 110 111 124 125 126 127 140 141 142 143 144 156 157 158 159 160 161 171 172 173 174 175 176 177 185 186 187 188 189 190 191 192 15 199 200 201 202 203 204 205 206 20 21 212 213 214 215 216 217 218 219 26 27 28 224 225 226 227 228 229 230 231 33 34 35 36 235 236 237 238 239 240 241 242 41 42 43 44 45 245 246 247 248 249 250 251 252 50 51 52 53 54 55 254 255 256 257 258 259 260 261 60 61 62 63 64 65 66 262 263 264 265 266 267 268 46 71 72 73 74 75 76 77 78 269 270 271 272 273 274 56 57 83 84 85 86 87 88 89 90 91 275 276 277 278 279 67 68 69 97 98 99 100 101 102 103 104 105 280 281 282 283 79 80 81 112 113 114 115 116 117 118 119 120 284 285 286 92 93 94 128 129 130 131 132 133 134 135 136 287 288 106 107 108 145 146 147 148 149 150 151 152 153 289 121 122 123 162 163 164 165 166 167 168 169 1 137 138 139 178 179 180 181 182 183 184 2 3 154 155 193 194 195 196 197 198 4 5 6 170 207 208 209 210 211 7 8 9 10 220 221 222 223 11 12 13 14 232 233 234 16 17 18 19 243 244 22 23 24 25 253 29 30 31 32 37 38 39 40 47 48 49 58 59 70
83 96 97 110 111 112 125 126 127 128 141 142 143 144 145 157 158 159 160 161 162 172 173 174 175 176 177 178 186 187 188 189 190 191 192 193 199 200 201 202 203 204 205 206 207 21 212 213 214 215 216 217 218 219 220 27 28 224 225 226 227 228 229 230 231 232 34 35 36 235 236 237 238 239 240 241 242 243 42 43 44 45 245 246 247 248 249 250 251 252 253 51 52 53 54 55 254 255 256 257 258 259 260 261 37 61 62 63 64 65 66 262 263 264 265 266 267 268 46 47 72 73 74 75 76 77 78 269 270 271 272 273 274 56 57 58 84 85 86 87 88 89 90 91 275 276 277 278 279 67 68 69 70 98 99 100 101 102 103 104 105 280 281 282 283 79 80 81 82 113 114 115 116 117 118 119 120 284 285 286 92 93 94 95 129 130 131 132 133 134 135 136 287 288 106 107 108 109 146 147 148 149 150 151 152 153 289 121 122 123 124 163 164 165 166 167 168 169 1 137 138 139 140 179 180 181 182 183 184 2 3 154 155 156 194 195 196 197 198 4 5 6 170 171 208 209 210 211 7 8 9 10 185 221 222 223 11 12 13 14 15 233 234 16 17 18 19 20 244 22 23 24 25 26 29 30 31 32 33 38 39 40 41 48 49 50 59 60 71
84 97 98 111 112 113 126 127 128 129 142 143 144 145 146 158 159 160 161 162 163 173 174 175 176 177 178 179 187 188 189 190 191 192 193 194 200 201 202 203 204 205 206 207 208 212 213 214 215 216 217 218 219 220 221 28 224 225 226 227 228 229 230 231 232 233 35 36 235 236 237 238 239 240 241 242 243 244 43 44 45 245 246 247 248 249 250 251 252 253 29 52 53 54 55 254 255 256 257 258 259 260 261 37 38 62 63 64 65 66 262 263 264 265 266 267 268 46 47 48 73 74 75 76 77 78 269 270 271 272 273 274 56 57 58 59 85 86 87 88 89 90 91 275 276 277 278 279 67 68 69 70 71 99 100 101 102 103 104 105 280 281 282 283 79 80 81 82 83 114 115 116 117 118 119 120 284 285 286 92 93 94 95 96 130 131 132 133 134 135 136 287 288 106 107 108 109 110 147 148 149 150 151 152 153 289 121 122 123 124 125 164 165 166 167 168 169 1 137 138 139 140 141 180 181 182 183 184 2 3 154 155 156 157 195 196 197 198 4 5 6 170 171 172 209 210 211 7 8 9 10 185 186 222 223 11 12 13 14 15 199 234 16 17 18 19 20 21 22 23 24 25 26 27 30 31 32 33 34 39 40 41 42 49 50 51 60 61 72
85 98 99 112 113 114 127 128 129 130 143 144 145 146 147 159 160 161 162 163 164 174 175 176 177 178 179 180 188 189 190 191 192 193 194 195 201 202 203 204 205 206 207 208 209 213 214 215 216 217 218 219 220 221 222 224 225 226 227 228 229 230 231 232 233 234 36 235 236 237 238 239 240 241 242 243 244 22 44 45 245 246 247 248 249 250 251 252 253 29 30 53 54 55 254 255 256 257 258 259 260 261 37 38 39 63 64 65 66 262 263 264 265 266 267 268 46 47 48 49 74 75 76 77 78 269 270 271 272 273 274 56 57 58 59 60 86 87 88 89 90 91 275 276 277 278 279 67 68 69 70 71 72 100 101 102 103 104 105 280 281 282 283 79 80 81 82 83 84 115 116 117 118 119 120 284 285 286 92 93 94 95 96 97 131 132 133 134 135 136 287 288 106 107 108 109 110 111 148 149 150 151 152 153 289 121 122 123 124 125 126 165 166 167 168 169 1 137 138 139 140 141 142 181 182 183 184 2 3 154 155 156 157 158 196 197 198 4 5 6 170 171 172 173 210 211 7 8 9 10 185 186 187 223 11 12 13 14 15 199 200 16 17 18 19 20 21 212 23 24 25 26 27 28 31 32 33 34 35 40 41 42 43 50 51 52 61 62 73
86 99 100 113 114 115 128 129 130 131 144 145 146 147 148 160 161 162 163 164 165 175 176 177 178 179 180 181 189 190 191 192 193 194 195 196 202 203 204 205 206 207 208 209 210 214 215 216 217 218 219 220 221 222 223 225 226 227 228 229 230 231 232 233 234 16 235 236 237 238 239 240 241 242 243 244 22 23 45 245 246 247 248 249 250 251 252 253 29 30 31 54 55 254 255 256 257 258 259 260 261 37 38 39 40 64 65 66 262 263 264 265 266 267 268 46 47 48 49 50 75 76 77 78 269 270 271 272 273 274 56 57 58 59 60 61 87 88 89 90 91 275 276 277 278 279 67 68 69 70 71 72 73 101 102 103 104 105 280 281 282 283 79 80 81 82 83 84 85 116 117 118 119 120 284 285 286 92 93 94 95 96 97 98 132 133 134 135 136 287 288 106 107 108 109 110 111 112 149 150 151 152 153 289 121 122 123 124 125 126 127 166 167 168 169 1 137 138 139 140 141 142 143 182 183 184 2 3 154 155 156 157 158 159 197 198 4 5 6 170 171 172 173 174 211 7 8 9 10 185 186 187 188 11 12 13 14 15 199 200 201 17 18 19 20 21 212 213 24 25 26 27 28 224 32 33 34 35 36 41 42 43 44 51 52 53 62 63 74
87 100 101 114 115 116 129 130 131 132 145 146 147 148 149 161 162 163 164 165 166 176 177 178 179 180 181 182 190 191 192 193 194 195 196 197 203 204 205 206 207 208 209 210 211 215 216 217 218 219 220 221 222 223 11 226 227 228 229 230 231 232 233 234 16 17 236 237 238 239 240 241 242 243 244 22 23 24 245 246 247 248 249 250 251 252 253 29 30 31 32 55 254 255 256 257 258 259 260 261 37 38 39 40 41 65 66 262 263 264 265 266 267 268 46 47 48 49 50 51 76 77 78 269 270 271 272 273 274 56 57 58 59 60 61 62 88 89 90 91 275 276 277 278 279 67 68 69 70 71 72 73 74 102 103 104 105 280 281 282 283 79 80 81 82 83 84 85 86 117 118 119 120 284 285 286 92 93 94 95 96 97 98 99 133 134 135 136 287 288 106 107 108 109 110 111 112 113 150 151 152 153 289 121 122 123 124 125 126 127 128 167 168 169 1 137 138 139 140 141 142 143 144 183 184 2 3 154 155 156 157 158 159 160 198 4 5 6 170 171 172 173 174 175 7 8 9 10 185 186 187 188 189 12 13 14 15 199 200 201 202 18 19 20 21 212 213 214 25 26 27 28 224 225 33 34 35 36 235 42 43 44 45 52 53 54 63 64 75
88 101 102 115 116 117 130 131 132 133 146 147 148 149 150 162 163 164 165 166 167 177 178 179 180 181 182 183 191 192 193 194 195 196 197 198 204 205 206 207 208 209 210 211 7 216 217 218 219 220 221 222 223 11 12 227 228 229 230 231 232 233 234 16 17 18 237 238 239 240 241 242 243 244 22 23 24 25 246 247 248 249 250 251 252 253 29 30 31 32 33 254 255 256 257 258 259 260 261 37 38 39 40 41 42 66 262 263 264 265 266 267 268 46 47 48 49 50 51 52 77 78 269 270 271 272 273 274 56 57 58 59 60 61 62 63 89 90 91 275 276 277 278 279 67 68 69 70 71 72 73 74 75 103 104 105 280 281 282 283 79 80 81 82 83 84 85 86 87 118 119 120 284 285 286 92 93 94 95 96 97 98 99 100 134 135 136 287 288 106 107 108 109 110 111 112 113 114 151 152 153 289 121 122 123 124 125 126 127 128 129 168 169 1 137 138 139 140 141 142 143 144 145 184 2 3 154 155 156 157 158 159 160 161 4 5 6 170 171 172 173 174 175 176 8 9 10 185 186 187 188 189 190 13 14 15 199 200 201 202 203 19 20 21 212 213 214 215 26 27 28 224 225 226 34 35 36 235 236 43 44 45 245 53 54 55 64 65 76
89 102 103 116 117 118 131 132 133 134 147 148 149 150 151 163 164 165 166 167 168 178 179 180 181 182 183 184 192 193 194 195 196 197 198 4 205 206 207 208 209 210 211 7 8 217 218 219 220 221 222 223 11 12 13 228 229 230 231 232 233 234 16 17 18 19 238 239 240 241 242 243 244 22 23 24 25 26 247 248 249 250 251 252 253 29 30 31 32 33 34 255 256 257 258 259 260 261 37 38 39 40 41 42 43 262 263 264 265 266 267 268 46 47 48 49 50 51 52 53 78 269 270 271 272 273 274 56 57 58 59 60 61 62 63 64 90 91 275 276 277 278 279 67 68 69 70 71 72 73 74 75 76 104 105 280 281 282 283 79 80 81 82 83 84 85 86 87 88 119 120 284 285 286 92 93 94 95 96 97 98 99 100 101 135 136 287 288 106 107 108 109 110 111 112 113 114 115 152 153 289 121 122 123 124 125 126 127 128 129 130 169 1 137 138 139 140 141 142 143 144 145 146 2 3 154 155 156 157 158 159 160 161 162 5 6 170 171 172 173 174 175 176 177 9 10 185 186 187 188 189 190 191 14 15 199 200 201 202 203 204 20 21 212 213 214 215 216 27 28 224 225 226 227 35 36 235 236 237 44 45 245 246 54 55 254 65 66 77
90 103 104 117 118 119 132 133 134 135 148 149 150 151 152 164 165 166 167 168 169 179 180 181 182 183 184 2 193 194 195 196 197 198 4 5 206 207 208 209 210 211 7 8 9 218 219 220 221 222 223 11 12 13 14 229 230 231 232 233 234 16 17 18 19 20 239 240 241 242 243 244 22 23 24 25 26 27 248 249 250 251 252 253 29 30 31 32 33 34 35 256 257 258 259 260 261 37 38 39 40 41 42 43 44 263 264 265 266 267 268 46 47 48 49 50 51 52 53 54 269 270 271 272 273 274 56 57 58 59 60 61 62 63 64 65 91 275 276 277 278 279 67 68 69 70 71 72 73 74 75 76 77 105 280 281 282 283 79 80 81 82 83 84 85 86 87 88 89 120 284 285 286 92 93 94 95 96 97 98 99 100 101 102 136 287 288 106 107 108 109 110 111 112 113 114 115 116 153 289 121 122 123 124 125 126 127 128 129 130 131 1 137 138 139 140 141 142 143 144 145 146 147 3 154 155 156 157 158 159 160 161 162 163 6 170 171 172 173 174 175 176 177 178 10 185 186 187 188 189 190 191 192 15 199 200 201 202 203 204 205 21 212 213 214 215 216 217 28 224 225 226 227 228 36 235 236 237 238 45 245 246 247 55 254 255 66 262 78
91 104 105 118 119 120 133 134 135 136 149 150 151 152 153 165 166 167 168 169 1 180 181 182 183 184 2 3 194 195 196 197 198 4 5 6 207 208 209 210 211 7 8 9 10 219 220 221 222 223 11 12 13 14 15 230 231 232 233 234 16 17 18 19 20 21 240 241 242 243 244 22 23 24 25 26 27 28 249 250 251 252 253 29 30 31 32 33 34 35 36 257 258 259 260 261 37 38 39 40 41 42 43 44 45 264 265 266 267 268 46 47 48 49 50 51 52 53 54 55 270 271 272 273 274 56 57 58 59 60 61 62 63 64 65 66 275 276 277 278 279 67 68 69 70 71 72 73 74 75 76 77 78 280 281 282 283 79 80 81 82 83 84 85 86 87 88 89 90 284 285 286 92 93 94 95 96 97 98 99 100 101 102 103 287 288 106 107 108 109 110 111 112 113 114 115 116 117 289 121 122 123 124 125 126 127 128 129 130 131 132 137 138 139 140 141 142 143 144 145 146 147 148 154 155 156 157 158 159 160 161 162 163 164 170 171 172 173 174 175 176 177 178 179 185 186 187 188 189 190 191 192 193 199 200 201 202 203 204 205 206 212 213 214 215 216 217 218 224 225 226 227 228 229 235 236 237 238 239 245 246 247 248 254 255 256 262 263 269
92 106 107 121 122 123 137 138 139 140 3 154 155 156 157 5 6 170 171 172 173 8 9 10 185 186 187 188 12 13 14 15 199 200 201 202 17 18 19 20 21 212 213 214 215 23 24 25 26 27 28 224 225 226 227 30 31 32 33 34 35 36 235 236 237 238 38 39 40 41 42 43 44 45 245 246 247 248 47 48 49 50 51 52 53 54 55 254 255 256 257 57 58 59 60 61 62 63 64 65 66 262 263 264 265 68 69 70 71 72 73 74 75 76 77 78 269 270 271 272 80 81 82 83 84 85 86 87 88 89 90 91 275 276 277 278 93 94 95 96 97 98 99 100 101 102 103 104 105 280 281 282 283 108 109 110 111 112 113 114 115 116 117 118 119 120 284 285 286 124 125 126 127 128 129 130 131 132 133 134 135 136 287 288 141 142 143 144 145 146 147 148 149 150 151 152 153 289 158 159 160 161 162 163 164 165 166 167 168 169 1 174 175 176 177 178 179 180 181 182 183 184 2 189 190 191 192 193 194 195 196 197 198 4 203 204 205 206 207 208 209 210 211 7 216 217 218 219 220 221 222 223 11 228 229 230 231 232 233 234 16 239 240 241 242 243 244 22 249 250 251 252 253 29 258 259 260 261 37 266 267 268 46 273 274 56 279 67 79
93 107 108 122 123 124 138 139 140 141 154 155 156 157 158 6 170 171 172 173 174 9 10 185 186 187 188 189 13 14 15 199 200 201 202 203 18 19 20 21 212 213 214 215 216 24 25 26 27 28 224 225 226 227 228 31 32 33 34 35 36 235 236 237 238 239 39 40 41 42 43 44 45 245 246 247 248 249 48 49 50 51 52 53 54 55 254 255 256 257 258 58 59 60 61 62 63 64 65 66 262 263 264 265 266 69 70 71 72 73 74 75 76 77 78 269 270 271 272 273 81 82 83 84 85 86 87 88 89 90 91 275 276 277 278 279 94 95 96 97 98 99 100 101 102 103 104 105 280 281 282 283 79 109 110 111 112 113 114 115 116 117 118 119 120 284 285 286 92 125 126 127 128 129 130 131 132 133 134 135 136 287 288 106 142 143 144 145 146 147 148 149 150 151 152 153 289 121 159 160 161 162 163 164 165 166 167 168 169 1 137 175 176 177 178 179 180 181 182 183 184 2 3 190 191 192 193 194 195 196 197 198 4 5 204 205 206 207 208 209 210 211 7 8 217 218 219 220 221 222 223 11 12 229 230 231 232 233 234 16 17 240 241 242 243 244 22 23 250 251 252 253 29 30 259 260 261 37 38 267 268 46 47 274 56 57 67 68 80
94 108 109 123 124 125 139 140 141 142 155 156 157 158 159 170 171 172 173 174 175 10 185 186 187 188 189 190 14 15 199 200 201 202 203 204 19 20 21 212 213 214 215 216 217 25 26 27 28 224 225 226 227 228 229 32 33 34 35 36 235 236 237 238 239 240 40 41 42 43 44 45 245 246 247 248 249 250 49 50 51 52 53 54 55 254 255 256 257 258 259 59 60 61 62 63 64 65 66 262 263 264 265 266 267 70 71 72 73 74 75 76 77 78 269 270 271 272 273 274 82 83 84 85 86 87 88 89 90 91 275 276 277 278 279 67 95 96 97 98 99 100 101 102 103 104 105 280 281 282 283 79 80 110 111 112 113 114 115 116 117 118 119 120 284 285 286 92 93 126 127 128 129 130 131 132 133 134 135 136 287 288 106 107 143 144 145 146 147 148 149 150 151 152 153 289 121 122 160 161 162 163 164 165 166 167 168 169 1 137 138 176 177 178 179 180 181 182 183 184 2 3 154 191 192 193 194 195 196 197 198 4 5 6 205 206 207 208 209 210 211 7 8 9 218 219 220 221 222 223 11 12 13 230 231 232 233 234 16 17 18 241 242 243 244 22 23 24 251 252 253 29 30 31 260 261 37 38 39 268 46 47 48 56 57 58 68 69 81
95 109 110 124 125 126 140 141 142 143 156 157 158 159 160 171 172 173 174 175 176 185 186 187 188 189 190 191 15 199 200 201 202 203 204 205 20 21 212 213 214 215 216 217 218 26 27 28 224 225 226 227 228 229 230 33 34 35 36 235 236 237 238 239 240 241 41 42 43 44 45 245 246 247 248 249 250 251 50 51 52 53 54 55 254 255 256 257 258 259 260 60 61 62 63 64 65 66 262 263 264 265 266 267 268 71 72 73 74 75 76 77 78 269 270 271 272 273 274 56 83 84 85 86 87 88 89 90 91 275 276 277 278 279 67 68 96 97 98 99 100 101 102 103 104 105 280 281 282 283 79 80 81 111 112 113 114 115 116 117 118 119 120 284 285 286 92 93 94 127 128 129 130 131 132 133 134 135 136 287 288 106 107 108 144 145 146 147 148 149 150 151 152 153 289 121 122 123 161 162 163 164 165 166 167 168 169 1 137 138 139 177 178 179 180 181 182 183 184 2 3 154 155 192 193 194 195 196 197 198 4 5 6 170 206 207 208 209 210 211 7 8 9 10 219 220 221 222 223 11 12 13 14 231 232 233 234 16 17 18 19 242 243 244 22 23 24 25 252 253 29 30 31 32 261 37 38 39 40 46 47 48 49 57 58 59 69 70 82
96 110 111 125 126 127 141 142 143 144 157 158 159 160 161 172 173 174 175 176 177 186 187 188 189 190 191 192 199 200 201 202 203 204 205 206 21 212 213 214 215 216 217 218 219 27 28 224 225 226 227 228 229 230 231 34 35 36 235 236 237 238 239 240 241 242 42 43 44 45 245 246 247 248 249 250 251 252 51 52 53 54 55 254 255 256 257 258 259 260 261 61 62 63 64 65 66 262 263 264 265 266 267 268 46 72 73 74 75 76 77 78 269 270 271 272 273 274 56 57 84 85 86 87 88 89 90 91 275 276 277 278 279 67 68 69 97 98 99 100 101 102 103 104 105 280 281 282 283 79 80 81 82 112 113 114 115 116 117 118 119 120 284 285 286 92 93 94 95 128 129 130 131 132 133 134 135 136 287 288 106 107 108 109 145 146 147 148 149 150 151 152 153 289 121 122 123 124 162 163 164 165 166 167 168 169 1 137 138 139 140 178 179 180 181 182 183 184 2 3 154 155 156 193 194 195 196 197 198 4 5 6 170 171 207 208 209 210 211 7 8 9 10 185 220 221 222 223 11 12 13 14 15 232 233 234 16 17 18 19 20 243 244 22 23 24 25 26 253 29 30 31 32 33 37 38 39 40 41 47 48 49 50 58 59 60 70 71 83
97 111 112 126 127 128 142 143 144 145 158 159 160 161 162 173 174 175 176 177 178 187 188 189 190 191 192 193 200 201 202 203 204 205 206 207 212 213 214 215 216 217 218 219 220 28 224 225 226 227 228 229 230 231 232 35 36 235 236 237 238 239 240 241 242 243 43 44 45 245 246 247 248 249 250 251 252 253 52 53 54 55 254 255 256 257 258 259 260 261 37 62 63 64 65 66 262 263 264 265 266 267 268 46 47 73 74 75 76 77 78 269 270 271 272 273 274 56 57 58 85 86 87 88 89 90 91 275 276 277 278 279 67 68 69 70 98 99 100 101 102 103 104 105 280 281 282 283 79 80 81 82 83 113 114 115 116 117 118 119 120 284 285 286 92 93 94 95 96 129 130 131 132 133 134 135 136 287 288 106 107 108 109 110 146 147 148 149 150 151 152 153 289 121 122 123 124 125 163 164 165 166 167 168 169 1 137 138 139 140 141 179 180 181 182 183 184 2 3 154 155 156 157 194 195 196 197 198 4 5 6 170 171 172 208 209 210 211 7 8 9 10 185 186 221 222 223 11 12 13 14 15 199 233 234 16 17 18 19 20 21 244 22 23 24 25 26 27 29 30 31 32 33 34 38 39 40 41 42 48 49 50 51 59 60 61 71 72 84
98 112 113 127 128 129 143 144 145 146 159 160 161 162 163 174 175 176 177 178 179 188 189 190 191 192 193 194 201 202 203 204 205 206 207 208 213 214 215 216 217 218 219 220 221 224 225 226 227 228 229 230 231 232 233 36 235 236 237 238 239 240 241 242 243 244 44 45 245 246 247 248 249 250 251 252 253 29 53 54 55 254 255 256 257 258 259 260 261 37 38 63 64 65 66 262 263 264 265 266 267 268 46 47 48 74 75 76 77 78 269 270 271 272 273 274 56 57 58 59 86 87 88 89 90 91 275 276 277 278 279 67 68 69 70 71 99 100 101 102 103 104 105 280 281 282 283 79 80 81 82 83 84 114 115 116 117 118 119 120 284 285 286 92 93 94 95 96 97 130 131 132 133 134 135 136 287 288 106 107 108 109 110 111 147 148 149 150 151 152 153 289 121 122 123 124 125 126 164 165 166 167 168 169 1 137 138 139 140 141 142 180 181 182 183 184 2 3 154 155 156 157 158 195 196 197 198 4 5 6 170 171 172 173 209 210 211 7 8 9 10 185 186 187 222 223 11 12 13 14 15 199 200 234 16 17 18 19 20 21 212 22 23 24 25 26 27 28 30 31 32 33 34 35 39 40 41 42 43 49 50 51 52 60 61 62 72 73 85
99 113 114 128 129 130 144 145 146 147 160 161 162 163 164 175 176 177 178 179 180 189 190 191 192 193 194 195 202 203 204 205 206 207 208 209 214 215 216 217 218 219 220 221 222 225 226 227 228 229 230 231 232 233 234 235 236 237 238 239 240 241 242 243 244 22 45 245 246 247 248 249 250 251 252 253 29 30 54 55 254 255 256 257 258 259 260 261 37 38 39 64 65 66 262 263 264 265 266 267 268 46 47 48 49 75 76 77 78 269 270 271 272 273 274 56 57 58 59 60 87 88 89 90 91 275 276 277 278 279 67 68 69 70 71 72 100 101 102 103 104 105 280 281 282 283 79 80 81 82 83 84 85 115 116 117 118 119 120 284 285 286 92 93 94 95 96 97 98 131 132 133 134 135 136 287 288 106 107 108 109 110 111 112 148 149 150 151 152 153 289 121 122 123 124 125 126 127 165 166 167 168 169 1 137 138 139 140 141 142 143 181 182 183 184 2 3 154 155 156 157 158 159 196 197 198 4 5 6 170 171 172 173 174 210 211 7 8 9 10 185 186 187 188 223 11 12 13 14 15 199 200 201 16 17 18 19 20 21 212 213 23 24 25 26 27 28 224 31 32 33 34 35 36 40 41 42 43 44 50 51 52 53 61 62 63 73 74 86
100 114 115 129 130 131 145 146 147 148 161 162 163 164 165 176 177 178 179 180 181 190 191 192 193 194 195 196 203 204 205 206 207 208 209 210 215 216 217 218 219 220 221 222 223 226 227 228 229 230 231 232 233 234 16 236 237 238 239 240 241 242 243 244 22 23 245 246 247 248 249 250 251 252 253 29 30 31 55 254 255 256 257 258 259 260 261 37 38 39 40 65 66 262 263 264 265 266 267 268 46 47 48 49 50 76 77 78 269 270 271 272 273 274 56 57 58 59 60 61 88 89 90 91 275 276 277 278 279 67 68 69 70 71 72 73 101 102 103 104 105 280 281 282 283 79 80 81 82 83 84 85 86 116 117 118 119 120 284 285 286 92 93 94 95 96 97 98 99 132 133 134 135 136 287 288 106 107 108 109 110 111 112 113 149 150 151 152 153 289 121 122 123 124 125 126 127 128 166 167 168 169 1 137 138 139 140 141 142 143 144 182 183 184 2 3 154 155 156 157 158 159 160 197 198 4 5 6 170 171 172 173 174 175 211 7 8 9 10 185 186 187 188 189 11 12 13 14 15 199 200 201 202 17 18 19 20 21 212 213 214 24 25 26 27 28 224 225 32 33 34 35 36 235 41 42 43 44 45 51 52 53 54 62 63 64 74 75 87
101 115 116 130 131 132 146 147 148 149 162 163 164 165 166 177 178 179 180 181 182 191 192 193 194 195 196 197 204 205 206 207 208 209 210 211 216 217 218 219 220 221 222 223 11 227 228 229 230 231 232 233 234 16 17 237 238 239 240 241 242 243 244 22 23 24 246 247 248 249 250 251 252 253 29 30 31 32 254 255 256 257 258 259 260 261 37 38 39 40 41 66 262 263 264 265 266 267 268 46 47 48 49 50 51 77 78 269 270 271 272 273 274 56 57 58 59 60 61 62 89 90 91 275 276 277 278 279 67 68 69 70 71 72 73 74 102 103 104 105 280 281 282 283 79 80 81 82 83 84 85 86 87 117 118 119 120 284 285 286 92 93 94 95 96 97 98 99 100 133 134 135 136 287 288 106 107 108 109 110 111 112 113 114 150 151 152 153 289 121 122 123 124 125 126 127 128 129 167 168 169 1 137 138 139 140 141 142 143 144 145 183 184 2 3 154 155 156 157 158 159 160 161 198 4 5 6 170 171 172 173 174 175 176 7 8 9 10 185 186 187 188 189 190 12 13 14 15 199 200 201 202 203 18 19 20 21 212 213 214 215 25 26 27 28 224 225 226 33 34 35 36 235 236 42 43 44 45 245 52 53 54 55 63 64 65 75 76 88
102 116 117 131 132 133 147 148 149 150 163 164 165 166 167 178 179 180 181 182 183 192 193 194 195 196 197 198 205 206 207 208 209 210 211 7 217 218 219 220 221 222 223 11 12 228 229 230 231 232 233 234 16 17 18 238 239 240 241 242 243 244 22 23 24 25 247 248 249 250 251 252 253 29 30 31 32 33 255 256 257 258 259 260 261 37 38 39 40 41 42 262 263 264 265 266 267 268 46 47 48 49 50 51 52 78 269 270 271 272 273 274 56 57 58 59 60 61 62 63 90 91 275 276 277 278 279 67 68 69 70 71 72 73 74 75 103 104 105 280 281 282 283 79 80 81 82 83 84 85 86 87 88 118 119 120 284 285 286 92 93 94 95 96 97 98 99 100 101 134 135 136 287 288 106 107 108 109 110 111 112 113 114 115 151 152 153 289 121 122 123 124 125 126 127 128 129 130 168 169 1 137 138 139 140 141 142 143 144 145 146 184 2 3 154 155 156 157 158 159 160 161 162 4 5 6 170 171 172 173 174 175 176 177 8 9 10 185 186 187 188 189 190 191 13 14 15 199 200 201 202 203 204 19 20 21 212 213 214 215 216 26 27 28 224 225 226 227 34 35 36 235 236 237 43 44 45 245 246 53 54 55 254 64 65 66 76 77 89
103 117 118 132 133 134 148 149 150 151 164 165 166 167 168 179 180 181 182 183 184 193 194 195 196 197 198 4 206 207 208 209 210 211 7 8 218 219 220 221 222 223 11 12 13 229 230 231 232 233 234 16 17 18 19 239 240 241 242 243 244 22 23 24 25 26 248 249 250 251 252 253 29 30 31 32 33 34 256 257 258 259 260 261 37 38 39 40 41 42 43 263 264 265 266 267 268 46 47 48 49 50 51 52 53 269 270 271 272 273 274 56 57 58 59 60 61 62 63 64 91 275 276 277 278 279 67 68 69 70 71 72 73 74 75 76 104 105 280 281 282 283 79 80 81 82 83 84 85 86 87 88 89 119 120 284 285 286 92 93 94 95 96 97 98 99 100 101 102 135 136 287 288 106 107 108 109 110 111 112 113 114 115 116 152 153 289 121 122 123 124 125 126 127 128 129 130 131 169 1 137 138 139 140 141 142 143 144 145 146 147 2 3 154 155 156 157 158 159 160 161 162 163 5 6 170 171 172 173 174 175 176 177 178 9 10 185 186 187 188 189 190 191 192 14 15 199 200 201 202 203 204 205 20 21 212 213 214 215 216 217 27 28 224 225 226 227 228 35 36 235 236 237 238 44 45 245 246 247 54 55 254 255 65 66 262 77 78 90
104 118 119 133 134 135 149 150 151 152 165 166 167 168 169 180 181 182 183 184 2 194 195 196 197 198 4 5 207 208 209 210 211 7 8 9 219 220 221 222 223 11 12 13 14 230 231 232 233 234 16 17 18 19 20 240 241 242 243 244 22 23 24 25 26 27 249 250 251 252 253 29 30 31 32 33 34 35 257 258 259 260 261 37 38 39 40 41 42 43 44 264 265 266 267 268 46 47 48 49 50 51 52 53 54 270 271 272 273 274 56 57 58 59 60 61 62 63 64 65 275 276 277 278 279 67 68 69 70 71 72 73 74 75 76 77 105 280 281 282 283 79 80 81 82 83 84 85 86 87 88 89 90 120 284 285 286 92 93 94 95 96 97 98 99 100 101 102 103 136 287 288 106 107 108 109 110 111 112 113 114 115 116 117 153 289 121 122 123 124 125 126 127 128 129 130 131 132 1 137 138 139 140 141 142 143 144 145 146 147 148 3 154 155 156 157 158 159 160 161 162 163 164 6 170 171 172 173 174 175 176 177 178 179 10 185 186 187 188 189 190 191 192 193 15 199 200 201 202 203 204 205 206 21 212 213 214 215 216 217 218 28 224 225 226 227 228 229 36 235 236 237 238 239 45 245 246 247 248 55 254 255 256 66 262 263 78 269 91
105 119 120 134 135 136 150 151 152 153 166 167 168 169 1 181 182 183 184 2 3 195 196 197 198 4 5 6 208 209 210 211 7 8 9 10 220 221 222 223 11 12 13 14 15 231 232 233 234 16 17 18 19 20 21 241 242 243 244 22 23 24 25 26 27 28 250 251 252 253 29 30 31 32 33 34 35 36 258 259 260 261 37 38 39 40 41 42 43 44 45 265 266 267 268 46 47 48 49 50 51 52 53 54 55 271 272 273 274 56 57 58 59 60 61 62 63 64 65 66 276 277 278 279 67 68 69 70 71 72 73 74 75 76 77 78 280 281 282 283 79 80 81 82 83 84 85 86 87 88 89 90 91 284 285 286 92 93 94 95 96 97 98 99 100 101 102 103 104 287 288 106 107 108 109 110 111 112 113 114 115 116 117 118 289 121 122 123 124 125 126 127 128 129 130 131 132 133 137 138 139 140 141 142 143 144 145 146 147 148 149 154 155 156 157 158 159 160 161 162 163 164 165 170 171 172 173 174 175 176 177 178 179 180 185 186 187 188 189 190 191 192 193 194 199 200 201 202 203 204 205 206 207 212 213 214 215 216 217 218 219 224 225 226 227 228 229 230 235 236 237 238 239 240 245 246 247 248 249 254 255 256 257 262 263 264 269 270 275
106 121 122 137 138 139 3 154 155 156 5 6 170 171 172 8 9 10 185 186 187 12 13 14 15 199 200 201 17 18 19 20 21 212 213 214 23 24 25 26 27 28 224 225 226 30 31 32 33 34 35 36 235 236 237 38 39 40 41 42 43 44 45 245 246 247 47 48 49 50 51 52 53 54 55 254 255 256 57 58 59 60 61 62 63 64 65 66 262 263 264 68 69 70 71 72 73 74 75 76 77 78 269 270 271 80 81 82 83 84 85 86 87 88 89 90 91 275 276 277 93 94 95 96 97 98 99 100 101 102 103 104 105 280 281 282 107 108 109 110 111 112 113 114 115 116 117 118 119 120 284 285 286 123 124 125 126 127 128 129 130 131 132 133 134 135 136 287 288 140 141 142 143 144 145 146 147 148 149 150 151 152 153 289 157 158 159 160 161 162 163 164 165 166 167 168 169 1 173 174 175 176 177 178 179 180 181 182 183 184 2 188 189 190 191 192 193 194 195 196 197 198 4 202 203 204 205 206 207 208 209 210 211 7 215 216 217 218 219 220 221 222 223 11 227 228 229 230 231 232 233 234 16 238 239 240 241 242 243 244 22 248 249 250 251 252 253 29 257 258 259 260 261 37 265 266 267 268 46 272 273 274 56 278 279 67 283 79 92
107 122 123 138 139 140 154 155 156 157 6 170 171 172 173 9 10 185 186 187 188 13 14 15 199 200 201 202 18 19 20 21 212 213 214 215 24 25 26 27 28 224 225 226 227 31 32 33 34 35 36 235 236 237 238 39 40 41 42 43 44 45 245 246 247 248 48 49 50 51 52 53 54 55 254 255 256 257 58 59 60 61 62 63 64 65 66 262 263 264 265 69 70 71 72 73 74 75 76 77 78 269 270 271 272 81 82 83 84 85 86 87 88 89 90 91 275 276 277 278 94 95 96 97 98 99 100 101 102 103 104 105 280 281 282 283 108 109 110 111 112 113 114 115 116 117 118 119 120 284 285 286 92 124 125 126 127 128 129 130 131 132 133 134 135 136 287 288 106 141 142 143 144 145 146 147 148 149 150 151 152 153 289 121 158 159 160 161 162 163 164 165 166 167 168 169 1 137 174 175 176 177 178 179 180 181 182 183 184 2 3 189 190 191 192 193 194 195 196 197 198 4 5 203 204 205 206 207 208 209 210 211 7 8 216 217 218 219 220 221 222 223 11 12 228 229 230 231 232 233 234 16 17 239 240 241 242 243 244 22 23 249 250 251 252 253 29 30 258 259 260 261 37 38 266 267 268 46 47 273 274 56 57 279 67 68 79 80 93
108 123 124 139 140 141 155 156 157 158 170 171 172 173 174 10 185 186 187 188 189 14 15 199 200 201 202 203 19 20 21 212 213 214 215 216 25 26 27 28 224 225 226 227 228 32 33 34 35 36 235 236 237 238 239 40 41 42 43 44 45 245 246 247 248 249 49 50 51 52 53 54 55 254 255 256 257 258 59 60 61 62 63 64 65 66 262 263 264 265 266 70 71 72 73 74 75 76 77 78 269 270 271 272 273 82 83 84 85 86 87 88 89 90 91 275 276 277 278 279 95 96 97 98 99 100 101 102 103 104 105 280 281 282 283 79 109 110 111 112 113 114 115 116 117 118 119 120 284 285 286 92 93 125 126 127 128 129 130 131 132 133 134 135 136 287 288 106 107 142 143 144 145 146 147 148 149 150 151 152 153 289 121 122 159 160 161 162 163 164 165 166 167 168 169 1 137 138 175 176 177 178 179 180 181 182 183 184 2 3 154 190 191 192 193 194 195 196 197 198 4 5 6 204 205 206 207 208 209 210 211 7 8 9 217 218 219 220 221 222 223 11 12 13 229 230 231 232 233 234 16 17 18 240 241 242 243 244 22 23 24 250 251 252 253 29 30 31 259 260 261 37 38 39 267 268 46 47 48 274 56 57 58 67 68 69 80 81 94
109 124 125 140 141 142 156 157 158 159 171 172 173 174 175 185 186 187 188 189 190 15 199 200 201 202 203 204 20 21 212 213 214 215 216 217 26 27 28 224 225 226 227 228 229 33 34 35 36 235 236 237 238 239 240 41 42 43 44 45 245 246 247 248 249 250 50 51 52 53 54 55 254 255 256 257 258 259 60 61 62 63 64 65 66 262 263 264 265 266 267 71 72 73 74 75 76 77 78 269 270 271 272 273 274 83 84 85 86 87 88 89 90 91 275 276 277 278 279 67 96 97 98 99 100 101 102 103 104 105 280 281 282 283 79 80 110 111 112 113 114 115 116 117 118 119 120 284 285 286 92 93 94 126 127 128 129 130 131 132 133 134 135 136 287 288 106 107 108 143 144 145 146 147 148 149 150 151 152 153 289 121 122 123 160 161 162 163 164 165 166 167 168 169 1 137 138 139 176 177 178 179 180 181 182 183 184 2 3 154 155 191 192 193 194 195 196 197 198 4 5 6 170 205 206 207 208 209 210 211 7 8 9 10 218 219 220 221 222 223 11 12 13 14 230 231 232 233 234 16 17 18 19 241 242 243 244 22 23 24 25 251 252 253 29 30 31 32 260 261 37 38 39 40 268 46 47 48 49 56 57 58 59 68 69 70 81 82 95
110 125 126 141 142 143 157 158 159 160 172 173 174 175 176 186 187 188 189 190 191 199 200 201 202 203 204 205 21 212 213 214 215 216 217 218 27 28 224 225 226 227 228 229 230 34 35 36 235 236 237 238 239 240 241 42 43 44 45 245 246 247 248 249 250 251 51 52 53 54 55 254 255 256 257 258 259 260 61 62 63 64 65 66 262 263 264 265 266 267 268 72 73 74 75 76 77 78 269 270 271 272 273 274 56 84 85 86 87 88 89 90 91 275 276 277 278 279 67 68 97 98 99 100 101 102 103 104 105 280 281 282 283 79 80 81 111 112 113 114 115 116 117 118 119 120 284 285 286 92 93 94 95 127 128 129 130 131 132 133 134 135 136 287 288 106 107 108 109 144 145 146 147 148 149 150 151 152 153 289 121 122 123 124 161 162 163 164 165 166 167 168 169 1 137 138 139 140 177 178 179 180 181 182 183 184 2 3 154 155 156 192 193 194 195 196 197 198 4 5 6 170 171 206 207 208 209 210 211 7 8 9 10 185 219 220 221 222 223 11 12 13 14 15 231 232 233 234 16 17 18 19 20 242 243 244 22 23 24 25 26 252 253 29 30 31 32 33 261 37 38 39 40 41 46 47 48 49 50 57 58 59 60 69 70 71 82 83 96
111 126 127 142 143 144 158 159 160 161 173 174 175 176 177 187 188 189 190 191 192 200 201 202 203 204 205 206 212 213 214 215 216 217 218 219 28 224 225 226 227 228 229 230 231 35 36 235 236 237 238 239 240 241 242 43 44 45 245 246 247 248 249 250 251 252 52 53 54 55 254 255 256 257 258 259 260 261 62 63 64 65 66 262 263 264 265 266 267 268 46 73 74 75 76 77 78 269 270 271 272 273 274 56 57 85 86 87 88 89 90 91 275 276 277 278 279 67 68 69 98 99 100 101 102 103 104 105 280 281 282 283 79 80 81 82 112 113 114 115 116 117 118 119 120 284 285 286 92 93 94 95 96 128 129 130 131 132 133 134 135 136 287 288 106 107 108 109 110 145 146 147 148 149 150 151 152 153 289 121 122 123 124 125 162 163 164 165 166 167 168 169 1 137 138 139 140 141 178 179 180 181 182 183 184 2 3 154 155 156 157 193 194 195 196 197 198 4 5 6 170 171 172 207 208 209 210 211 7 8 9 10 185 186 220 221 222 223 11 12 13 14 15 199 232 233 234 16 17 18 19 20 21 243 244 22 23 24 25 26 27 253 29 30 31 32 33 34 37 38 39 40 41 42 47 48 49 50 51 58 59 60 61 70 71 72 83 84 97
112 127 128 143 144 145 159 160 161 162 174 175 176 177 178 188 189 190 191 192 193 201 202 203 204 205 206 207 213 214 215 216 217 218 219 220 224 225 226 227 228 229 230 231 232 36 235 236 237 238 239 240 241 242 243 44 45 245 246 247 248 249 250 251 252 253 53 54 55 254 255 256 257 258 259 260 261 37 63 64 65 66 262 263 264 265 266 267 268 46 47 74 75 76 77 78 269 270 271 272 273 274 56 57 58 86 87 88 89 90 91 275 276 277 278 279 67 68 69 70 99 100 101 102 103 104 105 280 281 282 283 79 80 81 82 83 113 114 115 116 117 118 119 120 284 285 286 92 93 94 95 96 97 129 130 131 132 133 134 135 136 287 288 106 107 108 109 110 111 146 147 148 149 150 151 152 153 289 121 122 123 124 125 126 163 164 165 166 167 168 169 1 137 138 139 140 141 142 179 180 181 182 183 184 2 3 154 155 156 157 158 194 195 196 197 198 4 5 6 170 171 172 173 208 209 210 211 7 8 9 10 185 186 187 221 222 223 11 12 13 14 15 199 200 233 234 16 17 18 19 20 21 212 244 22 23 24 25 26 27 28 29 30 31 32 33 34 35 38 39 40 41 42 43 48 49 50 51 52 59 60 61 62 71 72 73 84 85 98
113 128 129 144 145 146 160 161 162 163 175 176 177 178 179 189 190 191 192 193 194 202 203 204 205 206 207 208 214 215 216 217 218 219 220 221 225 226 227 228 229 230 231 232 233 235 236 237 238 239 240 241 242 243 244 45 245 246 247 248 249 250 251 252 253 29 54 55 254 255 256 257 258 259 260 261 37 38 64 65 66 262 263 264 265 266 267 268 46 47 48 75 76 77 78 269 270 271 272 273 274 56 57 58 59 87 88 89 90 91 275 276 277 278 279 67 68 69 70 71 100 101 102 103 104 105 280 281 282 283 79 80 81 82 83 84 114 115 116 117 118 119 120 284 285 286 92 93 94 95 96 97 98 130 131 132 133 134 135 136 287 288 106 107 108 109 110 111 112 147 148 149 150 151 152 153 289 121 122 123 124 125 126 127 164 165 166 167 168 169 1 137 138 139 140 141 142 143 180 181 182 183 184 2 3 154 155 156 157 158 159 195 196 197 198 4 5 6 170 171 172 173 174 209 210 211 7 8 9 10 185 186 187 188 222 223 11 12 13 14 15 199 200 201 234 16 17 18 19 20 21 212 213 22 23 24 25 26 27 28 224 30 31 32 33 34 35 36 39 40 41 42 43 44 49 50 51 52 53 60 61 62 63 72 73 74 85 86 99
114 129 130 145 146 147 161 162 163 164 176 177 178 179 180 190 191 192 193 194 195 203 204 205 206 207 208 209 215 216 217 218 219 220 221 222 226 227 228 229 230 231 232 233 234 236 237 238 239 240 241 242 243 244 22 245 246 247 248 249 250 251 252 253 29 30 55 254 255 256 257 258 259 260 261 37 38 39 65 66 262 263 264 265 266 267 268 46 47 48 49 76 77 78 269 270 271 272 273 274 56 57 58 59 60 88 89 90 91 275 276 277 278 279 67 68 69 70 71 72 101 102 103 104 105 280 281 282 283 79 80 81 82 83 84 85 115 116 117 118 119 120 284 285 286 92 93 94 95 96 97 98 99 131 132 133 134 135 136 287 288 106 107 108 109 110 111 112 113 148 149 150 151 152 153 289 121 122 123 124 125 126 127 128 165 166 167 168 169 1 137 138 139 140 141 142 143 144 181 182 183 184 2 3 154 155 156 157 158 159 160 196 197 198 4 5 6 170 171 172 173 174 175 210 211 7 8 9 10 185 186 187 188 189 223 11 12 13 14 15 199 200 201 202 16 17 18 19 20 21 212 213 214 23 24 25 26 27 28 224 225 31 32 33 34 35 36 235 40 41 42 43 44 45 50 51 52 53 54 61 62 63 64 73 74 75 86 87 100
115 130 131 146 147 148 162 163 164 165 177 178 179 180 181 191 192 193 194 195 196 204 205 206 207 208 209 210 216 217 218 219 220 221 222 223 227 228 229 230 231 232 233 234 16 237 238 239 240 241 242 243 244 22 23 246 247 248 249 250 251 252 253 29 30 31 254 255 256 257 258 259 260 261 37 38 39 40 66 262 263 264 265 266 267 268 46 47 48 49 50 77 78 269 270 271 272 273 274 56 57 58 59 60 61 89 90 91 275 276 277 278 279 67 68 69 70 71 72 73 102 103 104 105 280 281 282 283 79 80 81 82 83 84 85 86 116 117 118 119 120 284 285 286 92 93 94 95 96 97 98 99 100 132 133 134 135 136 287 288 106 107 108 109 110 111 112 113 114 149 150 151 152 153 289 121 122 123 124 125 126 127 128 129 166 167 168 169 1 137 138 139 140 141 142 143 144 145 182 183 184 2 3 154 155 156 157 158 159 160 161 197 198 4 5 6 170 171 172 173 174 175 176 211 7 8 9 10 185 186 187 188 189 190 11 12 13 14 15 199 200 201 202 203 17 18 19 20 21 212 213 214 215 24 25 26 27 28 224 225 226 32 33 34 35 36 235 236 41 42 43 44 45 245 51 52 53 54 55 62 63 64 65 74 75 76 87 88 101
116 131 132 147 148 149 163 164 165 166 178 179 180 181 182 192 193 194 195 196 197 205 206 207 208 209 210 211 217 218 219 220 221 222 223 11 228 229 230 231 232 233 234 16 17 238 239 240 241 242 243 244 22 23 24 247 248 249 250 251 252 253 29 30 31 32 255 256 257 258 259 260 261 37 38 39 40 41 262 263 264 265 266 267 268 46 47 48 49 50 51 78 269 270 271 272 273 274 56 57 58 59 60 61 62 90 91 275 276 277 278 279 67 68 69 70 71 72 73 74 103 104 105 280 281 282 283 79 80 81 82 83 84 85 86 87 117 118 119 120 284 285 286 92 93 94 95 96 97 98 99 100 101 133 134 135 136 287 288 106 107 108 109 110 111 112 113 114 115 150 151 152 153 289 121 122 123 124 125 126 127 128 129 130 167 168 169 1 137 138 139 140 141 142 143 144 145 146 183 184 2 3 154 155 156 157 158 159 160 161 162 198 4 5 6 170 171 172 173 174 175 176 177 7 8 9 10 185 186 187 188 189 190 191 12 13 14 15 199 200 201 202 203 204 18 19 20 21 212 213 214 215 216 25 26 27 28 224 225 226 227 33 34 35 36 235 236 237 42 43 44 45 245 246 52 53 54 55 254 63 64 65 66 75 76 77 88 89 102
117 132 133 148 149 150 164 165 166 167 179 180 181 182 183 193 194 195 196 197 198 206 207 208 209 210 211 7 218 219 220 221 222 223 11 12 229 230 231 232 233 234 16 17 18 239 240 241 242 243 244 22 23 24 25 248 249 250 251 252 253 29 30 31 32 33 256 257 258 259 260 261 37 38 39 40 41 42 263 264 265 266 267 268 46 47 48 49 50 51 52 269 270 271 272 273 274 56 57 58 59 60 61 62 63 91 275 276 277 278 279 67 68 69 70 71 72 73 74 75 104 105 280 281 282 283 79 80 81 82 83 84 85 86 87 88 118 119 120 284 285 286 92 93 94 95 96 97 98 99 100 101 102 134 135 136 287 288 106 107 108 109 110 111 112 113 114 115 116 151 152 153 289 121 122 123 124 125 126 127 128 129 130 131 168 169 1 137 138 139 140 141 142 143 144 145 146 147 184 2 3 154 155 156 157 158 159 160 161 162 163 4 5 6 170 171 172 173 174 175 176 177 178 8 9 10 185 186 187 188 189 190 191 192 13 14 15 199 200 201 202 203 204 205 19 20 21 212 213 214 215 216 217 26 27 28 224 225 226 227 228 34 35 36 235 236 237 238 43 44 45 245 246 247 53 54 55 254 255 64 65 66 262 76 77 78 89 90 103
118 133 134 149 150 151 165 166 167 168 180 181 182 183 184 194 195 196 197 198 4 207 208 209 210 211 7 8 219 220 221 222 223 11 12 13 230 231 232 233 234 16 17 18 19 240 241 242 243 244 22 23 24 25 26 249 250 251 252 253 29 30 31 32 33 34 257 258 259 260 261 37 38 39 40 41 42 43 264 265 266 267 268 46 47 48 49 50 51 52 53 270 271 272 273 274 56 57 58 59 60 61 62 63 64 275 276 277 278 279 67 68 69 70 71 72 73 74 75 76 105 280 281 282 283 79 80 81 82 83 84 85 86 87 88 89 119 120 284 285 286 92 93 94 95 96 97 98 99 100 101 102 103 135 136 287 288 106 107 108 109 110 111 112 113 114 115 116 117 152 153 289 121 122 123 124 125 126 127 128 129 130 131 132 169 1 137 138 139 140 141 142 143 144 145 146 147 148 2 3 154 155 156 157 158 159 160 161 162 163 164 5 6 170 171 172 173 174 175 176 177 178 179 9 10 185 186 187 188 189 190 191 192 193 14 15 199 200 201 202 203 204 205 206 20 21 212 213 214 215 216 217 218 27 28 224 225 226 227 228 229 35 36 235 236 237 238 239 44 45 245 246 247 248 54 55 254 255 256 65 66 262 263 77 78 269 90 91 104
119 134 135 150 151 152 166 167 168 169 181 182 183 184 2 195 196 197 198 4 5 208 209 210 211 7 8 9 220 221 222 223 11 12 13 14 231 232 233 234 16 17 18 19 20 241 242 243 244 22 23 24 25 26 27 250 251 252 253 29 30 31 32 33 34 35 258 259 260 261 37 38 39 40 41 42 43 44 265 266 267 268 46 47 48 49 50 51 52 53 54 271 272 273 274 56 57 58 59 60 61 62 63 64 65 276 277 278 279 67 68 69 70 71 72 73 74 75 76 77 280 281 282 283 79 80 81 82 83 84 85 86 87 88 89 90 120 284 285 286 92 93 94 95 96 97 98 99 100 101 102 103 104 136 287 288 106 107 108 109 110 111 112 113 114 115 116 117 118 153 289 121 122 123 124 125 126 127 128 129 130 131 132 133 1 137 138 139 140 141 142 143 144 145 146 147 148 149 3 154 155 156 157 158 159 160 161 162 163 164 165 6 170 171 172 173 174 175 176 177 178 179 180 10 185 186 187 188 189 190 191 192 193 194 15 199 200 201 202 203 204 205 206 207 21 212 213 214 215 216 217 218 219 28 224 225 226 227 228 229 230 36 235 236 237 238 239 240 45 245 246 247 248 249 55 254 255 256 257 66 262 263 264 78 269 270 91 275 105
120 135 136 151 152 153 167 168 169 1 182 183 184 2 3 196 197 198 4 5 6 209 210 211 7 8 9 10 221 222 223 11 12 13 14 15 232 233 234 16 17 18 19 20 21 242 243 244 22 23 24 25 26 27 28 251 252 253 29 30 31 32 33 34 35 36 259 260 261 37 38 39 40 41 42 43 44 45 266 267 268 46 47 48 49 50 51 52 53 54 55 272 273 274 56 57 58 59 60 61 62 63 64 65 66 277 278 279 67 68 69 70 71 72 73 74 75 76 77 78 281 282 283 79 80 81 82 83 84 85 86 87 88 89 90 91 284 285 286 92 93 94 95 96 97 98 99 100 101 102 103 104 105 287 288 106 107 108 109 110 111 112 113 114 115 116 117 118 119 289 121 122 123 124 125 126 127 128 129 130 131 132 133 134 137 138 139 140 141 142 143 144 145 146 147 148 149 150 154 155 156 157 158 159 160 161 162 163 164 165 166 170 171 172 173 174 175 176 177 178 179 180 181 185 186 187 188 189 190 191 192 193 194 195 199 200 201 202 203 204 205 206 207 208 212 213 214 215 216 217 218 219 220 224 225 226 227 228 229 230 231 235 236 237 238 239 240 241 245 246 247 248 249 250 254 255 256 257 258 262 263 264 265 269 270 271 275 276 280
121 137 138 3 154 155 5 6 170 171 8 9 10 185 186 12 13 14 15 199 200 17 18 19 20 21 212 213 23 24 25 26 27 28 224 225 30 31 32 33 34 35 36 235 236 38 39 40 41 42 43 44 45 245 246 47 48 49 50 51 52 53 54 55 254 255 57 58 59 60 61 62 63 64 65 66 262 263 68 69 70 71 72 73 74 75 76 77 78 269 270 80 81 82 83 84 85 86 87 88 89 90 91 275 276 93 94 95 96 97 98 99 100 101 102 103 104 105 280 281 107 108 109 110 111 112 113 114 115 116 117 118 119 120 284 285 122 123 124 125 126 127 128 129 130 131 132 133 134 135 136 287 288 139 140 141 142 143 144 145 146 147 148 149 150 151 152 153 289 156 157 158 159 160 161 162 163 164 165 166 167 168 169 1 172 173 174 175 176 177 178 179 180 181 182 183 184 2 187 188 189 190 191 192 193 194 195 196 197 198 4 201 202 203 204 205 206 207 208 209 210 211 7 214 215 216 217 218 219 220 221 222 223 11 226 227 228 229 230 231 232 233 234 16 237 238 239 240 241 242 243 244 22 247 248 249 250 251 252 253 29 256 257 258 259 260 261 37 264 265 266 267 268 46 271 272 273 274 56 277 278 279 67 282 283 79 286 92 106
122 138 139 154 155 156 6 170 171 172 9 10 185 186 187 13 14 15 199 200 201 18 19 20 21 212 213 214 24 25 26 27 28 224 225 226 31 32 33 34 35 36 235 236 237 39 40 41 42 43 44 45 245 246 247 48 49 50 51 52 53 54 55 254 255 256 58 59 60 61 62 63 64 65 66 262 263 264 69 70 71 72 73 74 75 76 77 78 269 270 271 81 82 83 84 85 86 87 88 89 90 91 275 276 277 94 95 96 97 98 99 100 101 102 103 104 105 280 281 282 108 109 110 111 112 113 114 115 116 117 118 119 120 284 285 286 123 124 125 126 127 128 129 130 131 132 133 134 135 136 287 288 106 140 141 142 143 144 145 146 147 148 149 150 151 152 153 289 121 157 158 159 160 161 162 163 164 165 166 167 168 169 1 137 173 174 175 176 177 178 179 180 181 182 183 184 2 3 188 189 190 191 192 193 194 195 196 197 198 4 5 202 203 204 205 206 207 208 209 210 211 7 8 215 216 217 218 219 220 221 222 223 11 12 227 228 229 230 231 232 233 234 16 17 238 239 240 241 242 243 244 22 23 248 249 250 251 252 253 29 30 257 258 259 260 261 37 38 265 266 267 268 46 47 272 273 274 56 57 278 279 67 68 283 79 80 92 93 107
123 139 140 155 156 157 170 171 172 173 10 185 186 187 188 14 15 199 200 201 202 19 20 21 212 213 214 215 25 26 27 28 224 225 226 227 32 33 34 35 36 235 236 237 238 40 41 42 43 44 45 245 246 247 248 49 50 51 52 53 54 55 254 255 256 257 59 60 61 62 63 64 65 66 262 263 264 265 70 71 72 73 74 75 76 77 78 269 270 271 272 82 83 84 85 86 87 88 89 90 91 275 276 277 278 95 96 97 98 99 100 101 102 103 104 105 280 281 282 283 109 110 111 112 113 114 115 116 117 118 119 120 284 285 286 92 124 125 126 127 128 129 130 131 132 133 134 135 136 287 288 106 107 141 142 143 144 145 146 147 148 149 150 151 152 153 289 121 122 158 159 160 161 162 163 164 165 166 167 168 169 1 137 138 174 175 176 177 178 179 180 181 182 183 184 2 3 154 189 190 191 192 193 194 195 196 197 198 4 5 6 203 204 205 206 207 208 209 210 211 7 8 9 216 217 218 219 220 221 222 223 11 12 13 228 229 230 231 232 233 234 16 17 18 239 240 241 242 243 244 22 23 24 249 250 251 252 253 29 30 31 258 259 260 261 37 38 39 266 267 268 46 47 48 273 274 56 57 58 279 67 68 69 79 80 81 93 94 108
124 140 141 156 157 158 171 172 173 174 185 186 187 188 189 15 199 200 201 202 203 20 21 212 213 214 215 216 26 27 28 224 225 226 227 228 33 34 35 36 235 236 237 238 239 41 42 43 44 45 245 246 247 248 249 50 51 52 53 54 55 254 255 256 257 258 60 61 62 63 64 65 66 262 263 264 265 266 71 72 73 74 75 76 77 78 269 270 271 272 273 83 84 85 86 87 88 89 90 91 275 276 277 278 279 96 97 98 99 100 101 102 103 104 105 280 281 282 283 79 110 111 112 113 114 115 116 117 118 119 120 284 285 286 92 93 125 126 127 128 129 130 131 132 133 134 135 136 287 288 106 107 108 142 143 144 145 146 147 148 149 150 151 152 153 289 121 122 123 159 160 161 162 163 164 165 166 167 168 169 1 137 138 139 175 176 177 178 179 180 181 182 183 184 2 3 154 155 190 191 192 193 194 195 196 197 198 4 5 6 170 204 205 206 207 208 209 210 211 7 8 9 10 217 218 219 220 221 222 223 11 12 13 14 229 230 231 232 233 234 16 17 18 19 240 241 242 243 244 22 23 24 25 250 251 252 253 29 30 31 32 259 260 261 37 38 39 40 267 268 46 47 48 49 274 56 57 58 59 67 68 69 70 80 81 82 94 95 109
125 141 142 157 158 159 172 173 174 175 186 187 188 189 190 199 200 201 202 203 204 21 212 213 214 215 216 217 27 28 224 225 226 227 228 229 34 35 36 235 236 237 238 239 240 42 43 44 45 245 246 247 248 249 250 51 52 53 54 55 254 255 256 257 258 259 61 62 63 64 65 66 262 263 264 265 266 267 72 73 74 75 76 77 78 269 270 271 272 273 274 84 85 86 87 88 89 90 91 275 276 277 278 279 67 97 98 99 100 101 102 103 104 105 280 281 282 283 79 80 111 112 113 114 115 116 117 118 119 120 284 285 286 92 93 94 126 127 128 129 130 131 132 133 134 135 136 287 288 106 107 108 109 143 144 145 146 147 148 149 150 151 152 153 289 121 122 123 124 160 161 162 163 164 165 166 167 168 169 1 137 138 139 140 176 177 178 179 180 181 182 183 184 2 3 154 155 156 191 192 193 194 195 196 197 198 4 5 6 170 171 205 206 207 208 209 210 211 7 8 9 10 185 218 219 220 221 222 223 11 12 13 14 15 230 231 232 233 234 16 17 18 19 20 241 242 243 244 22 23 24 25 26 251 252 253 29 30 31 32 33 260 261 37 38 39 40 41 268 46 47 48 49 50 56 57 58 59 60 68 69 70 71 81 82 83 95 96 110
126 142 143 158 159 160 173 174 175 176 187 188 189 190 191 200 201 202 203 204 205 212 213 214 215 216 217 218 28 224 225 226 227 228 229 230 35 36 235 236 237 238 239 240 241 43 44 45 245 246 247 248 249 250 251 52 53 54 55 254 255 256 257 258 259 260 62 63 64 65 66 262 263 264 265 266 267 268 73 74 75 76 77 78 269 270 271 272 273 274 56 85 86 87 88 89 90 91 275 276 277 278 279 67 68 98 99 100 101 102 103 104 105 280 281 282 283 79 80 81 112 113 114 115 116 117 118 119 120 284 285 286 92 93 94 95 127 128 129 130 131 132 133 134 135 136 287 288 106 107 108 109 110 144 145 146 147 148 149 150 151 152 153 289 121 122 123 124 125 161 162 163 164 165 166 167 168 169 1 137 138 139 140 141 177 178 179 180 181 182 183 184 2 3 154 155 156 157 192 193 194 195 196 197 198 4 5 6 170 171 172 206 207 208 209 210 211 7 8 9 10 185 186 219 220 221 222 223 11 12 13 14 15 199 231 232 233 234 16 17 18 19 20 21 242 243 244 22 23 24 25 26 27 252 253 29 30 31 32 33 34 261 37 38 39 40 41 42 46 47 48 49 50 51 57 58 59 60 61 69 70 71 72 82 83 84 96 97 111
127 143 144 159 160 161 174 175 176 177 188 189 190 191 192 201 202 203 204 205 206 213 214 215 216 217 218 219 224 225 226 227 228 229 230 231 36 235 236 237 238 239 240 241 242 44 45 245 246 247 248 249 250 251 252 53 54 55 254 255 256 257 258 259 260 261 63 64 65 66 262 263 264 265 266 267 268 46 74 75 76 77 78 269 270 271 272 273 274 56 57 86 87 88 89 90 91 275 276 277 278 279 67 68 69 99 100 101 102 103 104 105 280 281 282 283 79 80 81 82 113 114 115 116 117 118 119 120 284 285 286 92 93 94 95 96 128 129 130 131 132 133 134 135 136 287 288 106 107 108 109 110 111 145 146 147 148 149 150 151 152 153 289 121 122 123 124 125 126 162 163 164 165 166 167 168 169 1 137 138 139 140 141 142 178 179 180 181 182 183 184 2 3 154 155 156 157 158 193 194 195 196 197 198 4 5 6 170 171 172 173 207 208 209 210 211 7 8 9 10 185 186 187 220 221 222 223 11 12 13 14 15 199 200 232 233 234 16 17 18 19 20 21 212 243 244 22 23 24 25 26 27 28 253 29 30 31 32 33 34 35 37 38 39 40 41 42 43 47 48 49 50 51 52 58 59 60 61 62 70 71 72 73 83 84 85 97 98 112
128 144 145 160 161 162 175 176 177 178 189 190 191 192 193 202 203 204 205 206 207 214 215 216 217 218 219 220 225 226 227 228 229 230 231 232 235 236 237 238 239 240 241 242 243 45 245 246 247 248 249 250 251 252 253 54 55 254 255 256 257 258 259 260 261 37 64 65 66 262 263 264 265 266 267 268 46 47 75 76 77 78 269 270 271 272 273 274 56 57 58 87 88 89 90 91 275 276 277 278 279 67 68 69 70 100 101 102 103 104 105 280 281 282 283 79 80 81 82 83 114 115 116 117 118 119 120 284 285 286 92 93 94 95 96 97 129 130 131 132 133 134 135 136 287 288 106 107 108 109 110 111 112 146 147 148 149 150 151 152 153 289 121 122 123 124 125 126 127 163 164 165 166 167 168 169 1 137 138 139 140 141 142 143 179 180 181 182 183 184 2 3 154 155 156 157 158 159 194 195 196 197 198 4 5 6 170 171 172 173 174 208 209 210 211 7 8 9 10 185 186 187 188 221 222 223 11 12 13 14 15 199 200 201 233 234 16 17 18 19 20 21 212 213 244 22 23 24 25 26 27 28 224 29 30 31 32 33 34 35 36 38 39 40 41 42 43 44 48 49 50 51 52 53 59 60 61 62 63 71 72 73 74 84 85 86 98 99 113
129 145 146 161 162 163 176 177 178 179 190 191 192 193 194 203 204 205 206 207 208 215 216 217 218 219 220 221 226 227 228 229 230 231 232 233 236 237 238 239 240 241 242 243 244 245 246 247 248 249 250 251 252 253 29 55 254 255 256 257 258 259 260 261 37 38 65 66 262 263 264 265 266 267 268 46 47 48 76 77 78 269 270 271 272 273 274 56 57 58 59 88 89 90 91 275 276 277 278 279 67 68 69 70 71 101 102 103 104 105 280 281 282 283 79 80 81 82 83 84 115 116 117 118 119 120 284 285 286 92 93 94 95 96 97 98 130 131 132 133 134 135 136 287 288 106 107 108 109 110 111 112 113 147 148 149 150 151 152 153 289 121 122 123 124 125 126 127 128 164 165 166 167 168 169 1 137 138 139 140 141 142 143 144 180 181 182 183 184 2 3 154 155 156 157 158 159 160 195 196 197 198 4 5 6 170 171 172 173 174 175 209 210 211 7 8 9 10 185 186 187 188 189 222 223 11 12 13 14 15 199 200 201 202 234 16 17 18 19 20 21 212 213 214 22 23 24 25 26 27 28 224 225 30 31 32 33 34 35 36 235 39 40 41 42 43 44 45 49 50 51 52 53 54 60 61 62 63 64 72 73 74 75 85 86 87 99 100 114
130 146 147 162 163 164 177 178 179 180 191 192 193 194 195 204 205 206 207 208 209 216 217 218 219 220 221 222 227 228 229 230 231 232 233 234 237 238 239 240 241 242 243 244 22 246 247 248 249 250 251 252 253 29 30 254 255 256 257 258 259 260 261 37 38 39 66 262 263 264 265 266 267 268 46 47 48 49 77 78 269 270 271 272 273 274 56 57 58 59 60 89 90 91 275 276 277 278 279 67 68 69 70 71 72 102 103 104 105 280 281 282 283 79 80 81 82 83 84 85 116 117 118 119 120 284 285 286 92 93 94 95 96 97 98 99 131 132 133 134 135 136 287 288 106 107 108 109 110 111 112 113 114 148 149 150 151 152 153 289 121 122 123 124 125 126 127 128 129 165 166 167 168 169 1 137 138 139 140 141 142 143 144 145 181 182 183 184 2 3 154 155 156 157 158 159 160 161 196 197 198 4 5 6 170 171 172 173 174 175 176 210 211 7 8 9 10 185 186 187 188 189 190 223 11 12 13 14 15 199 200 201 202 203 16 17 18 19 20 21 212 213 214 215 23 24 25 26 27 28 224 225 226 31 32 33 34 35 36 235 236 40 41 42 43 44 45 245 50 51 52 53 54 55 61 62 63 64 65 73 74 75 76 86 87 88 100 101 115
131 147 148 163 164 165 178 179 180 181 192 193 194 195 196 205 206 207 208 209 210 217 218 219 220 221 222 223 228 229 230 231 232 233 234 16 238 239 240 241 242 243 244 22 23 247 248 249 250 251 252 253 29 30 31 255 256 257 258 259 260 261 37 38 39 40 262 263 264 265 266 267 268 46 47 48 49 50 78 269 270 271 272 273 274 56 57 58 59 60 61 90 91 275 276 277 278 279 67 68 69 70 71 72 73 103 104 105 280 281 282 283 79 80 81 82 83 84 85 86 117 118 119 120 284 285 286 92 93 94 95 96 97 98 99 100 132 133 134 135 136 287 288 106 107 108 109 110 111 112 113 114 115 149 150 151 152 153 289 121 122 123 124 125 126 127 128 129 130 166 167 168 169 1 137 138 139 140 141 142 143 144 145 146 182 183 184 2 3 154 155 156 157 158 159 160 161 162 197 198 4 5 6 170 171 172 173 174 175 176 177 211 7 8 9 10 185 186 187 188 189 190 191 11 12 13 14 15 199 200 201 202 203 204 17 18 19 20 21 212 213 214 215 216 24 25 26 27 28 224 225 226 227 32 33 34 35 36 235 236 237 41 42 43 44 45 245 246 51 52 53 54 55 254 62 63 64 65 66 74 75 76 77 87 88 89 101 102 116
132 148 149 164 165 166 179 180 181 182 193 194 195 196 197 206 207 208 209 210 211 218 219 220 221 222 223 11 229 230 231 232 233 234 16 17 239 240 241 242 243 244 22 23 24 248 249 250 251 252 253 29 30 31 32 256 257 258 259 260 261 37 38 39 40 41 263 264 265 266 267 268 46 47 48 49 50 51 269 270 271 272 273 274 56 57 58 59 60 61 62 91 275 276 277 278 279 67 68 69 70 71 72 73 74 104 105 280 281 282 283 79 80 81 82 83 84 85 86 87 118 119 120 284 285 286 92 93 94 95 96 97 98 99 100 101 133 134 135 136 287 288 106 107 108 109 110 111 112 113 114 115 116 150 151 152 153 289 121 122 123 124 125 126 127 128 129 130 131 167 168 169 1 137 138 139 140 141 142 143 144 145 146 147 183 184 2 3 154 155 156 157 158 159 160 161 162 163 198 4 5 6 170 171 172 173 174 175 176 177 178 7 8 9 10 185 186 187 188 189 190 191 192 12 13 14 15 199 200 201 202 203 204 205 18 19 20 21 212 213 214 215 216 217 25 26 27 28 224 225 226 227 228 33 34 35 36 235 236 237 238 42 43 44 45 245 246 247 52 53 54 55 254 255 63 64 65 66 262 75 76 77 78 88 89 90 102 103 117
133 149 150 165 166 167 180 181 182 183 194 195 196 197 198 207 208 209 210 211 7 219 220 221 222 223 11 12 230 231 232 233 234 16 17 18 240 241 242 243 244 22 23 24 25 249 250 251 252 253 29 30 31 32 33 257 258 259 260 261 37 38 39 40 41 42 264 265 266 267 268 46 47 48 49 50 51 52 270 271 272 273 274 56 57 58 59 60 61 62 63 275 276 277 278 279 67 68 69 70 71 72 73 74 75 105 280 281 282 283 79 80 81 82 83 84 85 86 87 88 119 120 284 285 286 92 93 94 95 96 97 98 99 100 101 102 134 135 136 287 288 106 107 108 109 110 111 112 113 114 115 116 117 151 152 153 289 121 122 123 124 125 126 127 128 129 130 131 132 168 169 1 137 138 139 140 141 142 143 144 145 146 147 148 184 2 3 154 155 156 157 158 159 160 161 162 163 164 4 5 6 170 171 172 173 174 175 176 177 178 179 8 9 10 185 186 187 188 189 190 191 192 193 13 14 15 199 200 201 202 203 204 205 206 19 20 21 212 213 214 215 216 217 218 26 27 28 224 225 226 227 228 229 34 35 36 235 236 237 238 239 43 44 45 245 246 247 248 53 54 55 254 255 256 64 65 66 262 263 76 77 78 269 89 90 91 103 104 118
134 150 151 166 167 168 181 182 183 184 195 196 197 198 4 208 209 210 211 7 8 220 221 222 223 11 12 13 231 232 233 234 16 17 18 19 241 242 243 244 22 23 24 25 26 250 251 252 253 29 30 31 32 33 34 258 259 260 261 37 38 39 40 41 42 43 265 266 267 268 46 47 48 49 50 51 52 53 271 272 273 274 56 57 58 59 60 61 62 63 64 276 277 278 279 67 68 69 70 71 72 73 74 75 76 280 281 282 283 79 80 81 82 83 84 85 86 87 88 89 120 284 285 286 92 93 94 95 96 97 98 99 100 101 102 103 135 136 287 288 106 107 108 109 110 111 112 113 114 115 116 117 118 152 153 289 121 122 123 124 125 126 127 128 129 130 131 132 133 169 1 137 138 139 140 141 142 143 144 145 146 147 148 149 2 3 154 155 156 157 158 159 160 161 162 163 164 165 5 6 170 171 172 173 174 175 176 177 178 179 180 9 10 185 186 187 188 189 190 191 192 193 194 14 15 199 200 201 202 203 204 205 206 207 20 21 212 213 214 215 216 217 218 219 27 28 224 225 226 227 228 229 230 35 36 235 236 237 238 239 240 44 45 245 246 247 248 249 54 55 254 255 256 257 65 66 262 263 264 77 78 269 270 90 91 275 104 105 119
135 151 152 167 168 169 182 183 184 2 196 197 198 4 5 209 210 211 7 8 9 221 222 223 11 12 13 14 232 233 234 16 17 18 19 20 242 243 244 22 23 24 25 26 27 251 252 253 29 30 31 32 33 34 35 259 260 261 37 38 39 40 41 42 43 44 266 267 268 46 47 48 49 50 51 52 53 54 272 273 274 56 57 58 59 60 61 62 63 64 65 277 278 279 67 68 69 70 71 72 73 74 75 76 77 281 282 283 79 80 81 82 83 84 85 86 87 88 89 90 284 285 286 92 93 94 95 96 97 98 99 100 101 102 103 104 136 287 288 106 107 108 109 110 111 112 113 114 115 116 117 118 119 153 289 121 122 123 124 125 126 127 128 129 130 131 132 133 134 1 137 138 139 140 141 142 143 144 145 146 147 148 149 150 3 154 155 156 157 158 159 160 161 162 163 164 165 166 6 170 171 172 173 174 175 176 177 178 179 180 181 10 185 186 187 188 189 190 191 192 193 194 195 15 199 200 201 202 203 204 205 206 207 208 21 212 213 214 215 216 217 218 219 220 28 224 225 226 227 228 229 230 231 36 235 236 237 238 239 240 241 45 245 246 247 248 249 250 55 254 255 256 257 258 66 262 263 264 265 78 269 270 271 91 275 276 105 280 120
136 152 153 168 169 1 183 184 2 3 197 198 4 5 6 210 211 7 8 9 10 222 223 11 12 13 14 15 233 234 16 17 18 19 20 21 243 244 22 23 24 25 26 27 28 252 253 29 30 31 32 33 34 35 36 260 261 37 38 39 40 41 42 43 44 45 267 268 46 47 48 49 50 51 52 53 54 55 273 274 56 57 58 59 60 61 62 63 64 65 66 278 279 67 68 69 70 71 72 73 74 75 76 77 78 282 283 79 80 81 82 83 84 85 86 87 88 89 90 91 285 286 92 93 94 95 96 97 98 99 100 101 102 103 104 105 287 288 106 107 108 109 110 111 112 113 114 115 116 117 118 119 120 289 121 122 123 124 125 126 127 128 129 130 131 132 133 134 135 137 138 139 140 141 142 143 144 145 146 147 148 149 150 151 154 155 156 157 158 159 160 161 162 163 164 165 166 167 170 171 172 173 174 175 176 177 178 179 180 181 182 185 186 187 188 189 190 191 192 193 194 195 196 199 200 201 202 203 204 205 206 207 208 209 212 213 214 215 216 217 218 219 220 221 224 225 226 227 228 229 230 231 232 235 236 237 238 239 240 241 242 245 246 247 248 249 250 251 254 255 256 257 258 259 262 263 264 265 266 269 270 271 272 275 276 277 280 281 284
137 3 154 5 6 170 8 9 10 185 12 13 14 15 199 17 18 19 20 21 212 23 24 25 26 27 28 224 30 31 32 33 34 35 36 235 38 39 40 41 42 43 44 45 245 47 48 49 50 51 52 53 54 55 254 57 58 59 60 61 62 63 64 65 66 262 68 69 70 71 72 73 74 75 76 77 78 269 80 81 82 83 84 85 86 87 88 89 90 91 275 93 94 95 96 97 98 99 100 101 102 103 104 105 280 107 108 109 110 111 112 113 114 115 116 117 118 119 120 284 122 123 124 125 126 127 128 129 130 131 132 133 134 135 136 287 138 139 140 141 142 143 144 145 146 147 148 149 150 151 152 153 289 155 156 157 158 159 160 161 162 163 164 165 166 167 168 169 1 171 172 173 174 175 176 177 178 179 180 181 182 183 184 2 186 187 188 189 190 191 192 193 194 195 196 197 198 4 200 201 202 203 204 205 206 207 208 209 210 211 7 213 214 215 216 217 218 219 220 221 222 223 11 225 226 227 228 229 230 231 232 233 234 16 236 237 238 239 240 241 242 243 244 22 246 247 248 249 250 251 252 253 29 255 256 257 258 259 260 261 37 263 264 265 266 267 268 46 270 271 272 273 274 56 276 277 278 279 67 281 282 283 79 285 286 92 288 106 121
138 154 155 6 170 171 9 10 185 186 13 14 15 199 200 18 19 20 21 212 213 24 25 26 27 28 224 225 31 32 33 34 35 36 235 236 39 40 41 42 43 44 45 245 246 48 49 50 51 52 53 54 55 254 255 58 59 60 61 62 63 64 65 66 262 263 69 70 71 72 73 74 75 76 77 78 269 270 81 82 83 84 85 86 87 88 89 90 91 275 276 94 95 96 97 98 99 100 101 102 103 104 105 280 281 108 109 110 111 112 113 114 115 116 117 118 119 120 284 285 123 124 125 126 127 128 129 130 131 132 133 134 135 136 287 288 139 140 141 142 143 144 145 146 147 148 149 150 151 152 153 289 121 156 157 158 159 160 161 162 163 164 165 166 167 168 169 1 137 172 173 174 175 176 177 178 179 180 181 182 183 184 2 3 187 188 189 190 191 192 193 194 195 196 197 198 4 5 201 202 203 204 205 206 207 208 209 210 211 7 8 214 215 216 217 218 219 220 221 222 223 11 12 226 227 228 229 230 231 232 233 234 16 17 237 238 239 240 241 242 243 244 22 23 247 248 249 250 251 252 253 29 30 256 257 258 259 260 261 37 38 264 265 266 267 268 46 47 271 272 273 274 56 57 277 278 279 67 68 282 283 79 80 286 92 93 106 107 122
139 155 156 170 171 172 10 185 186 187 14 15 199 200 201 19 20 21 212 213 214 25 26 27 28 224 225 226 32 33 34 35 36 235 236 237 40 41 42 43 44 45 245 246 247 49 50 51 52 53 54 55 254 255 256 59 60 61 62 63 64 65 66 262 263 264 70 71 72 73 74 75 76 77 78 269 270 271 82 83 84 85 86 87 88 89 90 91 275 276 277 95 96 97 98 99 100 101 102 103 104 105 280 281 282 109 110 111 112 113 114 115 116 117 118 119 120 284 285 286 124 125 126 127 128 129 130 131 132 133 134 135 136 287 288 106 140 141 142 143 144 145 146 147 148 149 150 151 152 153 289 121 122 157 158 159 160 161 162 163 164 165 166 167 168 169 1 137 138 173 174 175 176 177 178 179 180 181 182 183 184 2 3 154 188 189 190 191 192 193 194 195 196 197 198 4 5 6 202 203 204 205 206 207 208 209 210 211 7 8 9 215 216 217 218 219 220 221 222 223 11 12 13 227 228 229 230 231 232 233 234 16 17 18 238 239 240 241 242 243 244 22 23 24 248 249 250 251 252 253 29 30 31 257 258 259 260 261 37 38 39 265 266 267 268 46 47 48 272 273 274 56 57 58 278 279 67 68 69 283 79 80 81 92 93 94 107 108 123
140 156 157 171 172 173 185 186 187 188 15 199 200 201 202 20 21 212 213 214 215 26 27 28 224 225 226 227 33 34 35 36 235 236 237 238 41 42 43 44 45 245 246 247 248 50 51 52 53 54 55 254 255 256 257 60 61 62 63 64 65 66 262 263 264 265 71 72 73 74 75 76 77 78 269 270 271 272 83 84 85 86 87 88 89 90 91 275 276 277 278 96 97 98 99 100 101 102 103 104 105 280 281 282 283 110 111 112 113 114 115 116 117 118 119 120 284 285 286 92 125 126 127 128 129 130 131 132 133 134 135 136 287 288 106 107 141 142 143 144 145 146 147 148 149 150 151 152 153 289 121 122 123 158 159 160 161 162 163 164 165 166 167 168 169 1 137 138 139 174 175 176 177 178 179 180 181 182 183 184 2 3 154 155 189 190 191 192 193 194 195 196 197 198 4 5 6 170 203 204 205 206 207 208 209 210 211 7 8 9 10 216 217 218 219 220 221 222 223 11 12 13 14 228 229 230 231 232 233 234 16 17 18 19 239 240 241 242 243 244 22 23 24 25 249 250 251 252 253 29 30 31 32 258 259 260 261 37 38 39 40 266 267 268 46 47 48 49 273 274 56 57 58 59 279 67 68 69 70 79 80 81 82 93 94 95 108 109 124
141 157 158 172 173 174 186 187 188 189 199 200 201 202 203 21 212 213 214 215 216 27 28 224 225 226 227 228 34 35 36 235 236 237 238 239 42 43 44 45 245 246 247 248 249 51 52 53 54 55 254 255 256 257 258 61 62 63 64 65 66 262 263 264 265 266 72 73 74 75 76 77 78 269 270 271 272 273 84 85 86 87 88 89 90 91 275 276 277 278 279 97 98 99 100 101 102 103 104 105 280 281 282 283 79 111 112 113 114 115 116 117 118 119 120 284 285 286 92 93 126 127 128 129 130 131 132 133 134 135 136 287 288 106 107 108 142 143 144 145 146 147 148 149 150 151 152 153 289 121 122 123 124 159 160 161 162 163 164 165 166 167 168 169 1 137 138 139 140 175 176 177 178 179 180 181 182 183 184 2 3 154 155 156 190 191 192 193 194 195 196 197 198 4 5 6 170 171 204 205 206 207 208 209 210 211 7 8 9 10 185 217 218 219 220 221 222 223 11 12 13 14 15 229 230 231 232 233 234 16 17 18 19 20 240 241 242 243 244 22 23 24 25 26 250 251 252 253 29 30 31 32 33 259 260 261 37 38 39 40 41 267 268 46 47 48 49 50 274 56 57 58 59 60 67 68 69 70 71 80 81 82 83 94 95 96 109 110 125
142 158 159 173 174 175 187 188 189 190 200 201 202 203 204 212 213 214 215 216 217 28 224 225 226 227 228 229 35 36 235 236 237 238 239 240 43 44 45 245 246 247 248 249 250 52 53 54 55 254 255 256 257 258 259 62 63 64 65 66 262 263 264 265 266 267 73 74 75 76 77 78 269 270 271 272 273 274 85 86 87 88 89 90 91 275 276 277 278 279 67 98 99 100 101 102 103 104 105 280 281 282 283 79 80 112 113 114 115 116 117 118 119 120 284 285 286 92 93 94 127 128 129 130 131 132 133 134 135 136 287 288 106 107 108 109 143 144 145 146 147 148 149 150 151 152 153 289 121 122 123 124 125 160 161 162 163 164 165 166 167 168 169 1 137 138 139 140 141 176 177 178 179 180 181 182 183 184 2 3 154 155 156 157 191 192 193 194 195 196 197 198 4 5 6 170 171 172 205 206 207 208 209 210 211 7 8 9 10 185 186 218 219 220 221 222 223 11 12 13 14 15 199 230 231 232 233 234 16 17 18 19 20 21 241 242 243 244 22 23 24 25 26 27 251 252 253 29 30 31 32 33 34 260 261 37 38 39 40 41 42 268 46 47 48 49 50 51 56 57 58 59 60 61 68 69 70 71 72 81 82 83 84 95 96 97 110 111 126
143 159 160 174 175 176 188 189 190 191 201 202 203 204 205 213 214 215 216 217 218 224 225 226 227 228 229 230 36 235 236 237 238 239 240 241 44 45 245 246 247 248 249 250 251 53 54 55 254 255 256 257 258 259 260 63 64 65 66 262 263 264 265 266 267 268 74 75 76 77 78 269 270 271 272 273 274 56 86 87 88 89 90 91 275 276 277 278 279 67 68 99 100 101 102 103 104 105 280 281 282 283 79 80 81 113 114 115 116 117 118 119 120 284 285 286 92 93 94 95 128 129 130 131 132 133 134 135 136 287 288 106 107 108 109 110 144 145 146 147 148 149 150 151 152 153 289 121 122 123 124 125 126 161 162 163 164 165 166 167 168 169 1 137 138 139 140 141 142 177 178 179 180 181 182 183 184 2 3 154 155 156 157 158 192 193 194 195 196 197 198 4 5 6 170 171 172 173 206 207 208 209 210 211 7 8 9 10 185 186 187 219 220 221 222 223 11 12 13 14 15 199 200 231 232 233 234 16 17 18 19 20 21 212 242 243 244 22 23 24 25 26 27 28 252 253 29 30 31 32 33 34 35 261 37 38 39 40 41 42 43 46 47 48 49 50 51 52 57 58 59 60 61 62 69 70 71 72 73 82 83 84 85 96 97 98 111 112 127
144 160 161 175 176 177 189 190 191 192 202 203 204 205 206 214 215 216 217 218 219 225 226 227 228 229 230 231 235 236 237 238 239 240 241 242 45 245 246 247 248 249 250 251 252 54 55 254 255 256 257 258 259 260 261 64 65 66 262 263 264 265 266 267 268 46 75 76 77 78 269 270 271 272 273 274 56 57 87 88 89 90 91 275 276 277 278 279 67 68 69 100 101 102 103 104 105 280 281 282 283 79 80 81 82 114 115 116 117 118 119 120 284 285 286 92 93 94 95 96 129 130 131 132 133 134 135 136 287 288 106 107 108 109 110 111 145 146 147 148 149 150 151 152 153 289 121 122 123 124 125 126 127 162 163 164 165 166 167 168 169 1 137 138 139 140 141 142 143 178 179 180 181 182 183 184 2 3 154 155 156 157 158 159 193 194 195 196 197 198 4 5 6 170 171 172 173 174 207 208 209 210 211 7 8 9 10 185 186 187 188 220 221 222 223 11 12 13 14 15 199 200 201 232 233 234 16 17 18 19 20 21 212 213 243 244 22 23 24 25 26 27 28 224 253 29 30 31 32 33 34 35 36 37 38 39 40 41 42 43 44 47 48 49 50 51 52 53 58 59 60 61 62 63 70 71 72 73 74 83 84 85 86 97 98 99 112 113 128
145 161 162 176 177 178 190 191 192 193 203 204 205 206 207 215 216 217 218 219 220 226 227 228 229 230 231 232 236 237 238 239 240 241 242 243 245 246 247 248 249 250 251 252 253 55 254 255 256 257 258 259 260 261 37 65 66 262 263 264 265 266 267 268 46 47 76 77 78 269 270 271 272 273 274 56 57 58 88 89 90 91 275 276 277 278 279 67 68 69 70 101 102 103 104 105 280 281 282 283 79 80 81 82 83 115 116 117 118 119 120 284 285 286 92 93 94 95 96 97 130 131 132 133 134 135 136 287 288 106 107 108 109 110 111 112 146 147 148 149 150 151 152 153 289 121 122 123 124 125 126 127 128 163 164 165 166 167 168 169 1 137 138 139 140 141 142 143 144 179 180 181 182 183 184 2 3 154 155 156 157 158 159 160 194 195 196 197 198 4 5 6 170 171 172 173 174 175 208 209 210 211 7 8 9 10 185 186 187 188 189 221 222 223 11 12 13 14 15 199 200 201 202 233 234 16 17 18 19 20 21 212 213 214 244 22 23 24 25 26 27 28 224 225 29 30 31 32 33 34 35 36 235 38 39 40 41 42 43 44 45 48 49 50 51 52 53 54 59 60 61 62 63 64 71 72 73 74 75 84 85 86 87 98 99 100 113 114 129
146 162 163 177 178 179 191 192 193 194 204 205 206 207 208 216 217 218 219 220 221 227 228 229 230 231 232 233 237 238 239 240 241 242 243 244 246 247 248 249 250 251 252 253 29 254 255 256 257 258 259 260 261 37 38 66 262 263 264 265 266 267 268 46 47 48 77 78 269 270 271 272 273 274 56 57 58 59 89 90 91 275 276 277 278 279 67 68 69 70 71 102 103 104 105 280 281 282 283 79 80 81 82 83 84 116 117 118 119 120 284 285 286 92 93 94 95 96 97 98 131 132 133 134 135 136 287 288 106 107 108 109 110 111 112 113 147 148 149 150 151 152 153 289 121 122 123 124 125 126 127 128 129 164 165 166 167 168 169 1 137 138 139 140 141 142 143 144 145 180 181 182 183 184 2 3 154 155 156 157 158 159 160 161 195 196 197 198 4 5 6 170 171 172 173 174 175 176 209 210 211 7 8 9 10 185 186 187 188 189 190 222 223 11 12 13 14 15 199 200 201 202 203 234 16 17 18 19 20 21 212 213 214 215 22 23 24 25 26 27 28 224 225 226 30 31 32 33 34 35 36 235 236 39 40 41 42 43 44 45 245 49 50 51 52 53 54 55 60 61 62 63 64 65 72 73 74 75 76 85 86 87 88 99 100 101 114 115 130
147 163 164 178 179 180 192 193 194 195 205 206 207 208 209 217 218 219 220 221 222 228 229 230 231 232 233 234 238 239 240 241 242 243 244 22 247 248 249 250 251 252 253 29 30 255 256 257 258 259 260 261 37 38 39 262 263 264 265 266 267 268 46 47 48 49 78 269 270 271 272 273 274 56 57 58 59 60 90 91 275 276 277 278 279 67 68 69 70 71 72 103 104 105 280 281 282 283 79 80 81 82 83 84 85 117 118 119 120 284 285 286 92 93 94 95 96 97 98 99 132 133 134 135 136 287 288 106 107 108 109 110 111 112 113 114 148 149 150 151 152 153 289 121 122 123 124 125 126 127 128 129 130 165 166 167 168 169 1 137 138 139 140 141 142 143 144 145 146 181 182 183 184 2 3 154 155 156 157 158 159 160 161 162 196 197 198 4 5 6 170 171 172 173 174 175 176 177 210 211 7 8 9 10 185 186 187 188 189 190 191 223 11 12 13 14 15 199 200 201 202 203 204 16 17 18 19 20 21 212 213 214 215 216 23 24 25 26 27 28 224 225 226 227 31 32 33 34 35 36 235 236 237 40 41 42 43 44 45 245 246 50 51 52 53 54 55 254 61 62 63 64 65 66 73 74 75 76 77 86 87 88 89 100 101 102 115 116 131
148 164 165 179 180 181 193 194 195 196 206 207 208 209 210 218 219 220 221 222 223 229 230 231 232 233 234 16 239 240 241 242 243 244 22 23 248 249 250 251 252 253 29 30 31 256 257 258 259 260 261 37 38 39 40 263 264 265 266 267 268 46 47 48 49 50 269 270 271 272 273 274 56 57 58 59 60 61 91 275 276 277 278 279 67 68 69 70 71 72 73 104 105 280 281 282 283 79 80 81 82 83 84 85 86 118 119 120 284 285 286 92 93 94 95 96 97 98 99 100 133 134 135 136 287 288 106 107 108 109 110 111 112 113 114 115 149 150 151 152 153 289 121 122 123 124 125 126 127 128 129 130 131 166 167 168 169 1 137 138 139 140 141 142 143 144 145 146 147 182 183 184 2 3 154 155 156 157 158 159 160 161 162 163 197 198 4 5 6 170 171 172 173 174 175 176 177 178 211 7 8 9 10 185 186 187 188 189 190 191 192 11 12 13 14 15 199 200 201 202 203 204 205 17 18 19 20 21 212 213 214 215 216 217 24 25 26 27 28 224 225 226 227 228 32 33 34 35 36 235 236 237 238 41 42 43 44 45 245 246 247 51 52 53 54 55 254 255 62 63 64 65 66 262 74 75 76 77 78 87 88 89 90 101 102 103 116 117 132
149 165 166 180 181 182 194 195 196 197 207 208 209 210 211 219 220 221 222 223 11 230 231 232 233 234 16 17 240 241 242 243 244 22 23 24 249 250 251 252 253 29 30 31 32 257 258 259 260 261 37 38 39 40 41 264 265 266 267 268 46 47 48 49 50 51 270 271 272 273 274 56 57 58 59 60 61 62 275 276 277 278 279 67 68 69 70 71 72 73 74 105 280 281 282 283 79 80 81 82 83 84 85 86 87 119 120 284 285 286 92 93 94 95 96 97 98 99 100 101 134 135 136 287 288 106 107 108 109 110 111 112 113 114 115 116 150 151 152 153 289 121 122 123 124 125 126 127 128 129 130 131 132 167 168 169 1 137 138 139 140 141 142 143 144 145 146 147 148 183 184 2 3 154 155 156 157 158 159 160 161 162 163 164 198 4 5 6 170 171 172 173 174 175 176 177 178 179 7 8 9 10 185 186 187 188 189 190 191 192 193 12 13 14 15 199 200 201 202 203 204 205 206 18 19 20 21 212 213 214 215 216 217 218 25 26 27 28 224 225 226 227 228 229 33 34 35 36 235 236 237 238 239 42 43 44 45 245 246 247 248 52 53 54 55 254 255 256 63 64 65 66 262 263 75 76 77 78 269 88 89 90 91 102 103 104 117 118 133
150 166 167 181 182 183 195 196 197 198 208 209 210 211 7 220 221 222 223 11 12 231 232 233 234 16 17 18 241 242 243 244 22 23 24 25 250 251 252 253 29 30 31 32 33 258 259 260 261 37 38 39 40 41 42 265 266 267 268 46 47 48 49 50 51 52 271 272 273 274 56 57 58 59 60 61 62 63 276 277 278 279 67 68 69 70 71 72 73 74 75 280 281 282 283 79 80 81 82 83 84 85 86 87 88 120 284 285 286 92 93 94 95 96 97 98 99 100 101 102 135 136 287 288 106 107 108 109 110 111 112 113 114 115 116 117 151 152 153 289 121 122 123 124 125 126 127 128 129 130 131 132 133 168 169 1 137 138 139 140 141 142 143 144 145 146 147 148 149 184 2 3 154 155 156 157 158 159 160 161 162 163 164 165 4 5 6 170 171 172 173 174 175 176 177 178 179 180 8 9 10 185 186 187 188 189 190 191 192 193 194 13 14 15 199 200 201 202 203 204 205 206 207 19 20 21 212 213 214 215 216 217 218 219 26 27 28 224 225 226 227 228 229 230 34 35 36 235 236 237 238 239 240 43 44 45 245 246 247 248 249 53 54 55 254 255 256 257 64 65 66 262 263 264 76 77 78 269 270 89 90 91 275 103 104 105 118 119 134
151 167 168 182 183 184 196 197 198 4 209 210 211 7 8 221 222 223 11 12 13 232 233 234 16 17 18 19 242 243 244 22 23 24 25 26 251 252 253 29 30 31 32 33 34 259 260 261 37 38 39 40 41 42 43 266 267 268 46 47 48 49 50 51 52 53 272 273 274 56 57 58 59 60 61 62 63 64 277 278 279 67 68 69 70 71 72 73 74 75 76 281 282 283 79 80 81 82 83 84 85 86 87 88 89 284 285 286 92 93 94 95 96 97 98 99 100 101 102 103 136 287 288 106 107 108 109 110 111 112 113 114 115 116 117 118 152 153 289 121 122 123 124 125 126 127 128 129 130 131 132 133 134 169 1 137 138 139 140 141 142 143 144 145 146 147 148 149 150 2 3 154 155 156 157 158 159 160 161 162 163 164 165 166 5 6 170 171 172 173 174 175 176 177 178 179 180 181 9 10 185 186 187 188 189 190 191 192 193 194 195 14 15 199 200 201 202 203 204 205 206 207 208 20 21 212 213 214 215 216 217 218 219 220 27 28 224 225 226 227 228 229 230 231 35 36 235 236 237 238 239 240 241 44 45 245 246 247 248 249 250 54 55 254 255 256 257 258 65 66 262 263 264 265 77 78 269 270 271 90 91 275 276 104 105 280 119 120 135
152 168 169 183 184 2 197 198 4 5 210 211 7 8 9 222 223 11 12 13 14 233 234 16 17 18 19 20 243 244 22 23 24 25 26 27 252 253 29 30 31 32 33 34 35 260 261 37 38 39 40 41 42 43 44 267 268 46 47 48 49 50 51 52 53 54 273 274 56 57 58 59 60 61 62 63 64 65 278 279 67 68 69 70 71 72 73 74 75 76 77 282 283 79 80 81 82 83 84 85 86 87 88 89 90 285 286 92 93 94 95 96 97 98 99 100 101 102 103 104 287 288 106 107 108 109 110 111 112 113 114 115 116 117 118 119 153 289 121 122 123 124 125 126 127 128 129 130 131 132 133 134 135 1 137 138 139 140 141 142 143 144 145 146 147 148 149 150 151 3 154 155 156 157 158 159 160 161 162 163 164 165 166 167 6 170 171 172 173 174 175 176 177 178 179 180 181 182 10 185 186 187 188 189 190 191 192 193 194 195 196 15 199 200 201 202 203 204 205 206 207 208 209 21 212 213 214 215 216 217 218 219 220 221 28 224 225 226 227 228 229 230 231 232 36 235 236 237 238 239 240 241 242 45 245 246 247 248 249 250 251 55 254 255 256 257 258 259 66 262 263 264 265 266 78 269 270 271 272 91 275 276 277 105 280 281 120 284 136
153 169 1 184 2 3 198 4 5 6 211 7 8 9 10 223 11 12 13 14 15 234 16 17 18 19 20 21 244 22 23 24 25 26 27 28 253 29 30 31 32 33 34 35 36 261 37 38 39 40 41 42 43 44 45 268 46 47 48 49 50 51 52 53 54 55 274 56 57 58 59 60 61 62 63 64 65 66 279 67 68 69 70 71 72 73 74 75 76 77 78 283 79 80 81 82 83 84 85 86 87 88 89 90 91 286 92 93 94 95 96 97 98 99 100 101 102 103 104 105 288 106 107 108 109 110 111 112 113 114 115 116 117 118 119 120 289 121 122 123 124 125 126 127 128 129 130 131 132 133 134 135 136 137 138 139 140 141 142 143 144 145 146 147 148 149 150 151 152 154 155 156 157 158 159 160 161 162 163 164 165 166 167 168 170 171 172 173 174 175 176 177 178 179 180 181 182 183 185 186 187 188 189 190 191 192 193 194 195 196 197 199 200 201 202 203 204 205 206 207 208 209 210 212 213 214 215 216 217 218 219 220 221 222 224 225 226 227 228 229 230 231 232 233 235 236 237 238 239 240 241 242 243 245 246 247 248 249 250 251 252 254 255 256 257 258 259 260 262 263 264 265 266 267 269 270 271 272 273 275 276 277 278 280 281 282 284 285 287
154 6 170 9 10 185 13 14 15 199 18 19 20 21 212 24 25 26 27 28 224 31 32 33 34 35 36 235 39 40 41 42 43 44 45 245 48 49 50 51 52 53 54 55 254 58 59 60 61 62 63 64 65 66 262 69 70 71 72 73 74 75 76 77 78 269 81 82 83 84 85 86 87 88 89 90 91 275 94 95 96 97 98 99 100 101 102 103 104 105 280 108 109 110 111 112 113 114 115 116 117 118 119 120 284 123 124 125 126 127 128 129 130 131 132 133 134 135 136 287 139 140 141 142 143 144 145 146 147 148 149 150 151 152 153 289 155 156 157 158 159 160 161 162 163 164 165 166 167 168 169 1 137 171 172 173 174 175 176 177 178 179 180 181 182 183 184 2 3 186 187 188 189 190 191 192 193 194 195 196 197 198 4 5 200 201 202 203 204 205 206 207 208 209 210 211 7 8 213 214 215 216 217 218 219 220 221 222 223 11 12 225 226 227 228 229 230 231 232 233 234 16 17 236 237 238 239 240 241 242 243 244 22 23 246 247 248 249 250 251 252 253 29 30 255 256 257 258 259 260 261 37 38 263 264 265 266 267 268 46 47 270 271 272 273 274 56 57 276 277 278 279 67 68 281 282 283 79 80 285 286 92 93 288 106 107 121 122 138
155 170 171 10 185 186 14 15 199 200 19 20 21 212 213 25 26 27 28 224 225 32 33 34 35 36 235 236 40 41 42 43 44 45 245 246 49 50 51 52 53 54 55 254 255 59 60 61 62 63 64 65 66 262 263 70 71 72 73 74 75 76 77 78 269 270 82 83 84 85 86 87 88 89 90 91 275 276 95 96 97 98 99 100 101 102 103 104 105 280 281 109 110 111 112 113 114 115 116 117 118 119 120 284 285 124 125 126 127 128 129 130 131 132 133 134 135 136 287 288 140 141 142 143 144 145 146 147 148 149 150 151 152 153 289 121 156 157 158 159 160 161 162 163 164 165 166 167 168 169 1 137 138 172 173 174 175 176 177 178 179 180 181 182 183 184 2 3 154 187 188 189 190 191 192 193 194 195 196 197 198 4 5 6 201 202 203 204 205 206 207 208 209 210 211 7 8 9 214 215 216 217 218 219 220 221 222 223 11 12 13 226 227 228 229 230 231 232 233 234 16 17 18 237 238 239 240 241 242 243 244 22 23 24 247 248 249 250 251 252 253 29 30 31 256 257 258 259 260 261 37 38 39 264 265 266 267 268 46 47 48 271 272 273 274 56 57 58 277 278 279 67 68 69 282 283 79 80 81 286 92 93 94 106 107 108 122 123 139
156 171 172 185 186 187 15 199 200 201 20 21 212 213 214 26 27 28 224 225 226 33 34 35 36 235 236 237 41 42 43 44 45 245 246 247 50 51 52 53 54 55 254 255 256 60 61 62 63 64 65 66 262 263 264 71 72 73 74 75 76 77 78 269 270 271 83 84 85 86 87 88 89 90 91 275 276 277 96 97 98 99 100 101 102 103 104 105 280 281 282 110 111 112 113 114 115 116 117 118 119 120 284 285 286 125 126 127 128 129 130 131 132 133 134 135 136 287 288 106 141 142 143 144 145 146 147 148 149 150 151 152 153 289 121 122 157 158 159 160 161 162 163 164 165 166 167 168 169 1 137 138 139 173 174 175 176 177 178 179 180 181 182 183 184 2 3 154 155 188 189 190 191 192 193 194 195 196 197 198 4 5 6 170 202 203 204 205 206 207 208 209 210 211 7 8 9 10 215 216 217 218 219 220 221 222 223 11 12 13 14 227 228 229 230 231 232 233 234 16 17 18 19 238 239 240 241 242 243 244 22 23 24 25 248 249 250 251 252 253 29 30 31 32 257 258 259 260 261 37 38 39 40 265 266 267 268 46 47 48 49 272 273 274 56 57 58 59 278 279 67 68 69 70 283 79 80 81 82 92 93 94 95 107 108 109 123 124 140
157 172 173 186 187 188 199 200 201 202 21 212 213 214 215 27 28 224 225 226 227 34 35 36 235 236 237 238 42 43 44 45 245 246 247 248 51 52 53 54 55 254 255 256 257 61 62 63 64 65 66 262 263 264 265 72 73 74 75 76 77 78 269 270 271 272 84 85 86 87 88 89 90 91 275 276 277 278 97 98 99 100 101 102 103 104 105 280 281 282 283 111 112 113 114 115 116 117 118 119 120 284 285 286 92 126 127 128 129 130 131 132 133 134 135 136 287 288 106 107 142 143 144 145 146 147 148 149 150 151 152 153 289 121 122 123 158 159 160 161 162 163 164 165 166 167 168 169 1 137 138 139 140 174 175 176 177 178 179 180 181 182 183 184 2 3 154 155 156 189 190 191 192 193 194 195 196 197 198 4 5 6 170 171 203 204 205 206 207 208 209 210 211 7 8 9 10 185 216 217 218 219 220 221 222 223 11 12 13 14 15 228 229 230 231 232 233 234 16 17 18 19 20 239 240 241 242 243 244 22 23 24 25 26 249 250 251 252 253 29 30 31 32 33 258 259 260 261 37 38 39 40 41 266 267 268 46 47 48 49 50 273 274 56 57 58 59 60 279 67 68 69 70 71 79 80 81 82 83 93 94 95 96 108 109 110 124 125 141
158 173 174 187 188 189 200 201 202 203 212 213 214 215 216 28 224 225 226 227 228 35 36 235 236 237 238 239 43 44 45 245 246 247 248 249 52 53 54 55 254 255 256 257 258 62 63 64 65 66 262 263 264 265 266 73 74 75 76 77 78 269 270 271 272 273 85 86 87 88 89 90 91 275 276 277 278 279 98 99 100 101 102 103 104 105 280 281 282 283 79 112 113 114 115 116 117 118 119 120 284 285 286 92 93 127 128 129 130 131 132 133 134 135 136 287 288 106 107 108 143 144 145 146 147 148 149 150 151 152 153 289 121 122 123 124 159 160 161 162 163 164 165 166 167 168 169 1 137 138 139 140 141 175 176 177 178 179 180 181 182 183 184 2 3 154 155 156 157 190 191 192 193 194 195 196 197 198 4 5 6 170 171 172 204 205 206 207 208 209 210 211 7 8 9 10 185 186 217 218 219 220 221 222 223 11 12 13 14 15 199 229 230 231 232 233 234 16 17 18 19 20 21 240 241 242 243 244 22 23 24 25 26 27 250 251 252 253 29 30 31 32 33 34 259 260 261 37 38 39 40 41 42 267 268 46 47 48 49 50 51 274 56 57 58 59 60 61 67 68 69 70 71 72 80 81 82 83 84 94 95 96 97 109 110 111 125 126 142
159 174 175 188 189 190 201 202 203 204 213 214 215 216 217 224 225 226 227 228 229 36 235 236 237 238 239 240 44 45 245 246 247 248 249 250 53 54 55 254 255 256 257 258 259 63 64 65 66 262 263 264 265 266 267 74 75 76 77 78 269 270 271 272 273 274 86 87 88 89 90 91 275 276 277 278 279 67 99 100 101 102 103 104 105 280 281 282 283 79 80 113 114 115 116 117 118 119 120 284 285 286 92 93 94 128 129 130 131 132 133 134 135 136 287 288 106 107 108 109 144 145 146 147 148 149 150 151 152 153 289 121 122 123 124 125 160 161 162 163 164 165 166 167 168 169 1 137 138 139 140 141 142 176 177 178 179 180 181 182 183 184 2 3 154 155 156 157 158 191 192 193 194 195 196 197 198 4 5 6 170 171 172 173 205 206 207 208 209 210 211 7 8 9 10 185 186 187 218 219 220 221 222 223 11 12 13 14 15 199 200 230 231 232 233 234 16 17 18 19 20 21 212 241 242 243 244 22 23 24 25 26 27 28 251 252 253 29 30 31 32 33 34 35 260 261 37 38 39 40 41 42 43 268 46 47 48 49 50 51 52 56 57 58 59 60 61 62 68 69 70 71 72 73 81 82 83 84 85 95 96 97 98 110 111 112 126 127 143
160 175 176 189 190 191 202 203 204 205 214 215 216 217 218 225 226 227 228 229 230 235 236 237 238 239 240 241 45 245 246 247 248 249 250 251 54 55 254 255 256 257 258 259 260 64 65 66 262 263 264 265 266 267 268 75 76 77 78 269 270 271 272 273 274 56 87 88 89 90 91 275 276 277 278 279 67 68 100 101 102 103 104 105 280 281 282 283 79 80 81 114 115 116 117 118 119 120 284 285 286 92 93 94 95 129 130 131 132 133 134 135 136 287 288 106 107 108 109 110 145 146 147 148 149 150 151 152 153 289 121 122 123 124 125 126 161 162 163 164 165 166 167 168 169 1 137 138 139 140 141 142 143 177 178 179 180 181 182 183 184 2 3 154 155 156 157 158 159 192 193 194 195 196 197 198 4 5 6 170 171 172 173 174 206 207 208 209 210 211 7 8 9 10 185 186 187 188 219 220 221 222 223 11 12 13 14 15 199 200 201 231 232 233 234 16 17 18 19 20 21 212 213 242 243 244 22 23 24 25 26 27 28 224 252 253 29 30 31 32 33 34 35 36 261 37 38 39 40 41 42 43 44 46 47 48 49 50 51 52 53 57 58 59 60 61 62 63 69 70 71 72 73 74 82 83 84 85 86 96 97 98 99 111 112 113 127 128 144
161 176 177 190 191 192 203 204 205 206 215 216 217 218 219 226 227 228 229 230 231 236 237 238 239 240 241 242 245 246 247 248 249 250 251 252 55 254 255 256 257 258 259 260 261 65 66 262 263 264 265 266 267 268 46 76 77 78 269 270 271 272 273 274 56 57 88 89 90 91 275 276 277 278 279 67 68 69 101 102 103 104 105 280 281 282 283 79 80 81 82 115 116 117 118 119 120 284 285 286 92 93 94 95 96 130 131 132 133 134 135 136 287 288 106 107 108 109 110 111 146 147 148 149 150 151 152 153 289 121 122 123 124 125 126 127 162 163 164 165 166 167 168 169 1 137 138 139 140 141 142 143 144 178 179 180 181 182 183 184 2 3 154 155 156 157 158 159 160 193 194 195 196 197 198 4 5 6 170 171 172 173 174 175 207 208 209 210 211 7 8 9 10 185 186 187 188 189 220 221 222 223 11 12 13 14 15 199 200 201 202 232 233 234 16 17 18 19 20 21 212 213 214 243 244 22 23 24 25 26 27 28 224 225 253 29 30 31 32 33 34 35 36 235 37 38 39 40 41 42 43 44 45 47 48 49 50 51 52 53 54 58 59 60 61 62 63 64 70 71 72 73 74 75 83 84 85 86 87 97 98 99 100 112 113 114 128 129 145
162 177 178 191 192 193 204 205 206 207 216 217 218 219 220 227 228 229 230 231 232 237 238 239 240 241 242 243 246 247 248 249 250 251 252 253 254 255 256 257 258 259 260 261 37 66 262 263 264 265 266 267 268 46 47 77 78 269 270 271 272 273 274 56 57 58 89 90 91 275 276 277 278 279 67 68 69 70 102 103 104 105 280 281 282 283 79 80 81 82 83 116 117 118 119 120 284 285 286 92 93 94 95 96 97 131 132 133 134 135 136 287 288 106 107 108 109 110 111 112 147 148 149 150 151 152 153 289 121 122 123 124 125 126 127 128 163 164 165 166 167 168 169 1 137 138 139 140 141 142 143 144 145 179 180 181 182 183 184 2 3 154 155 156 157 158 159 160 161 194 195 196 197 198 4 5 6 170 171 172 173 174 175 176 208 209 210 211 7 8 9 10 185 186 187 188 189 190 221 222 223 11 12 13 14 15 199 200 201 202 203 233 234 16 17 18 19 20 21 212 213 214 215 244 22 23 24 25 26 27 28 224 225 226 29 30 31 32 33 34 35 36 235 236 38 39 40 41 42 43 44 45 245 48 49 50 51 52 53 54 55 59 60 61 62 63 64 65 71 72 73 74 75 76 84 85 86 87 88 98 99 100 101 113 114 115 129 130 146
163 178 179 192 193 194 205 206 207 208 217 218 219 220 221 228 229 230 231 232 233 238 239 240 241 242 243 244 247 248 249 250 251 252 253 29 255 256 257 258 259 260 261 37 38 262 263 264 265 266 267 268 46 47 48 78 269 270 271 272 273 274 56 57 58 59 90 91 275 276 277 278 279 67 68 69 70 71 103 104 105 280 281 282 283 79 80 81 82 83 84 117 118 119 120 284 285 286 92 93 94 95 96 97 98 132 133 134 135 136 287 288 106 107 108 109 110 111 112 113 148 149 150 151 152 153 289 121 122 123 124 125 126 127 128 129 164 165 166 167 168 169 1 137 138 139 140 141 142 143 144 145 146 180 181 182 183 184 2 3 154 155 156 157 158 159 160 161 162 195 196 197 198 4 5 6 170 171 172 173 174 175 176 177 209 210 211 7 8 9 10 185 186 187 188 189 190 191 222 223 11 12 13 14 15 199 200 201 202 203 204 234 16 17 18 19 20 21 212 213 214 215 216 22 23 24 25 26 27 28 224 225 226 227 30 31 32 33 34 35 36 235 236 237 39 40 41 42 43 44 45 245 246 49 50 51 52 53 54 55 254 60 61 62 63 64 65 66 72 73 74 75 76 77 85 86 87 88 89 99 100 101 102 114 115 116 130 131 147
164 179 180 193 194 195 206 207 208 209 218 219 220 221 222 229 230 231 232 233 234 239 240 241 242 243 244 22 248 249 250 251 252 253 29 30 256 257 258 259 260 261 37 38 39 263 264 265 266 267 268 46 47 48 49 269 270 271 272 273 274 56 57 58 59 60 91 275 276 277 278 279 67 68 69 70 71 72 104 105 280 281 282 283 79 80 81 82 83 84 85 118 119 120 284 285 286 92 93 94 95 96 97 98 99 133 134 135 136 287 288 106 107 108 109 110 111 112 113 114 149 150 151 152 153 289 121 122 123 124 125 126 127 128 129 130 165 166 167 168 169 1 137 138 139 140 141 142 143 144 145 146 147 181 182 183 184 2 3 154 155 156 157 158 159 160 161 162 163 196 197 198 4 5 6 170 171 172 173 174 175 176 177 178 210 211 7 8 9 10 185 186 187 188 189 190 191 192 223 11 12 13 14 15 199 200 201 202 203 204 205 16 17 18 19 20 21 212 213 214 215 216 217 23 24 25 26 27 28 224 225 226 227 228 31 32 33 34 35 36 235 236 237 238 40 41 42 43 44 45 245 246 247 50 51 52 53 54 55 254 255 61 62 63 64 65 66 262 73 74 75 76 77 78 86 87 88 89 90 100 101 102 103 115 116 117 131 132 148
165 180 181 194 195 196 207 208 209 210 219 220 221 222 223 230 231 232 233 234 16 240 241 242 243 244 22 23 249 250 251 252 253 29 30 31 257 258 259 260 261 37 38 39 40 264 265 266 267 268 46 47 48 49 50 270 271 272 273 274 56 57 58 59 60 61 275 276 277 278 279 67 68 69 70 71 72 73 105 280 281 282 283 79 80 81 82 83 84 85 86 119 120 284 285 286 92 93 94 95 96 97 98 99 100 134 135 136 287 288 106 107 108 109 110 111 112 113 114 115 150 151 152 153 289 121 122 123 124 125 126 127 128 129 130 131 166 167 168 169 1 137 138 139 140 141 142 143 144 145 146 147 148 182 183 184 2 3 154 155 156 157 158 159 160 161 162 163 164 197 198 4 5 6 170 171 172 173 174 175 176 177 178 179 211 7 8 9 10 185 186 187 188 189 190 191 192 193 11 12 13 14 15 199 200 201 202 203 204 205 206 17 18 19 20 21 212 213 214 215 216 217 218 24 25 26 27 28 224 225 226 227 228 229 32 33 34 35 36 235 236 237 238 239 41 42 43 44 45 245 246 247 248 51 52 53 54 55 254 255 256 62 63 64 65 66 262 263 74 75 76 77 78 269 87 88 89 90 91 101 102 103 104 116 117 118 132 133 149
166 181 182 195 196 197 208 209 210 211 220 221 222 223 11 231 232 233 234 16 17 241 242 243 244 22 23 24 250 251 252 253 29 30 31 32 258 259 260 261 37 38 39 40 41 265 266 267 268 46 47 48 49 50 51 271 272 273 274 56 57 58 59 60 61 62 276 277 278 279 67 68 69 70 71 72 73 74 280 281 282 283 79 80 81 82 83 84 85 86 87 120 284 285 286 92 93 94 95 96 97 98 99 100 101 135 136 287 288 106 107 108 109 110 111 112 113 114 115 116 151 152 153 289 121 122 123 124 125 126 127 128 129 130 131 132 167 168 169 1 137 138 139 140 141 142 143 144 145 146 147 148 149 183 184 2 3 154 155 156 157 158 159 160 161 162 163 164 165 198 4 5 6 170 171 172 173 174 175 176 177 178 179 180 7 8 9 10 185 186 187 188 189 190 191 192 193 194 12 13 14 15 199 200 201 202 203 204 205 206 207 18 19 20 21 212 213 214 215 216 217 218 219 25 26 27 28 224 225 226 227 228 229 230 33 34 35 36 235 236 237 238 239 240 42 43 44 45 245 246 247 248 249 52 53 54 55 254 255 256 257 63 64 65 66 262 263 264 75 76 77 78 269 270 88 89 90 91 275 102 103 104 105 117 118 119 133 134 150
167 182 183 196 197 198 209 210 211 7 221 222 223 11 12 232 233 234 16 17 18 242 243 244 22 23 24 25 251 252 253 29 30 31 32 33 259 260 261 37 38 39 40 41 42 266 267 268 46 47 48 49 50 51 52 272 273 274 56 57 58 59 60 61 62 63 277 278 279 67 68 69 70 71 72 73 74 75 281 282 283 79 80 81 82 83 84 85 86 87 88 284 285 286 92 93 94 95 96 97 98 99 100 101 102 136 287 288 106 107 108 109 110 111 112 113 114 115 116 117 152 153 289 121 122 123 124 125 126 127 128 129 130 131 132 133 168 169 1 137 138 139 140 141 142 143 144 145 146 147 148 149 150 184 2 3 154 155 156 157 158 159 160 161 162 163 164 165 166 4 5 6 170 171 172 173 174 175 176 177 178 179 180 181 8 9 10 185 186 187 188 189 190 191 192 193 194 195 13 14 15 199 200 201 202 203 204 205 206 207 208 19 20 21 212 213 214 215 216 217 218 219 220 26 27 28 224 225 226 227 228 229 230 231 34 35 36 235 236 237 238 239 240 241 43 44 45 245 246 247 248 249 250 53 54 55 254 255 256 257 258 64 65 66 262 263 264 265 76 77 78 269 270 271 89 90 91 275 276 103 104 105 280 118 119 120 134 135 151
168 183 184 197 198 4 210 211 7 8 222 223 11 12 13 233 234 16 17 18 19 243 244 22 23 24 25 26 252 253 29 30 31 32 33 34 260 261 37 38 39 40 41 42 43 267 268 46 47 48 49 50 51 52 53 273 274 56 57 58 59 60 61 62 63 64 278 279 67 68 69 70 71 72 73 74 75 76 282 283 79 80 81 82 83 84 85 86 87 88 89 285 286 92 93 94 95 96 97 98 99 100 101 102 103 287 288 106 107 108 109 110 111 112 113 114 115 116 117 118 153 289 121 122 123 124 125 126 127 128 129 130 131 132 133 134 169 1 137 138 139 140 141 142 143 144 145 146 147 148 149 150 151 2 3 154 155 156 157 158 159 160 161 162 163 164 165 166 167 5 6 170 171 172 173 174 175 176 177 178 179 180 181 182 9 10 185 186 187 188 189 190 191 192 193 194 195 196 14 15 199 200 201 202 203 204 205 206 207 208 209 20 21 212 213 214 215 216 217 218 219 220 221 27 28 224 225 226 227 228 229 230 231 232 35 36 235 236 237 238 239 240 241 242 44 45 245 246 247 248 249 250 251 54 55 254 255 256 257 258 259 65 66 262 263 264 265 266 77 78 269 270 271 272 90 91 275 276 277 104 105 280 281 119 120 284 135 136 152
169 184 2 198 4 5 211 7 8 9 223 11 12 13 14 234 16 17 18 19 20 244 22 23 24 25 26 27 253 29 30 31 32 33 34 35 261 37 38 39 40 41 42 43 44 268 46 47 48 49 50 51 52 53 54 274 56 57 58 59 60 61 62 63 64 65 279 67 68 69 70 71 72 73 74 75 76 77 283 79 80 81 82 83 84 85 86 87 88 89 90 286 92 93 94 95 96 97 98 99 100 101 102 103 104 288 106 107 108 109 110 111 112 113 114 115 116 117 118 119 289 121 122 123 124 125 126 127 128 129 130 131 132 133 134 135 1 137 138 139 140 141 142 143 144 145 146 147 148 149 150 151 152 3 154 155 156 157 158 159 160 161 162 163 164 165 166 167 168 6 170 171 172 173 174 175 176 177 178 179 180 181 182 183 10 185 186 187 188 189 190 191 192 193 194 195 196 197 15 199 200 201 202 203 204 205 206 207 208 209 210 21 212 213 214 215 216 217 218 219 220 221 222 28 224 225 226 227 228 229 230 231 232 233 36 235 236 237 238 239 240 241 242 243 45 245 246 247 248 249 250 251 252 55 254 255 256 257 258 259 260 66 262 263 264 265 266 267 78 269 270 271 272 273 91 275 276 277 278 105 280 281 282 120 284 285 136 287 153
170 10 185 14 15 199 19 20 21 212 25 26 27 28 224 32 33 34 35 36 235 40 41 42 43 44 45 245 49 50 51 52 53 54 55 254 59 60 61 62 63 64 65 66 262 70 71 72 73 74 75 76 77 78 269 82 83 84 85 86 87 88 89 90 91 275 95 96 97 98 99 100 101 102 103 104 105 280 109 110 111 112 113 114 115 116 117 118 119 120 284 124 125 126 127 128 129 130 131 132 133 134 135 136 287 140 141 142 143 144 145 146 147 148 149 150 151 152 153 289 156 157 158 159 160 161 162 163 164 165 166 167 168 169 1 137 171 172 173 174 175 176 177 178 179 180 181 182 183 184 2 3 154 186 187 188 189 190 191 192 193 194 195 196 197 198 4 5 6 200 201 202 203 204 205 206 207 208 209 210 211 7 8 9 213 214 215 216 217 218 219 220 221 222 223 11 12 13 225 226 227 228 229 230 231 232 233 234 16 17 18 236 237 238 239 240 241 242 243 244 22 23 24 246 247 248 249 250 251 252 253 29 30 31 255 256 257 258 259 260 261 37 38 39 263 264 265 266 267 268 46 47 48 270 271 272 273 274 56 57 58 276 277 278 279 67 68 69 281 282 283 79 80 81 285 286 92 93 94 288 106 107 108 121 122 123 138 139 155
171 185 186 15 199 200 20 21 212 213 26 27 28 224 225 33 34 35 36 235 236 41 42 43 44 45 245 246 50 51 52 53 54 55 254 255 60 61 62 63 64 65 66 262 263 71 72 73 74 75 76 77 78 269 270 83 84 85 86 87 88 89 90 91 275 276 96 97 98 99 100 101 102 103 104 105 280 281 110 111 112 113 114 115 116 117 118 119 120 284 285 125 126 127 128 129 130 131 132 133 134 135 136 287 288 141 142 143 144 145 146 147 148 149 150 151 152 153 289 121 157 158 159 160 161 162 163 164 165 166 167 168 169 1 137 138 172 173 174 175 176 177 178 179 180 181 182 183 184 2 3 154 155 187 188 189 190 191 192 193 194 195 196 197 198 4 5 6 170 201 202 203 204 205 206 207 208 209 210 211 7 8 9 10 214 215 216 217 218 219 220 221 222 223 11 12 13 14 226 227 228 229 230 231 232 233 234 16 17 18 19 237 238 239 240 241 242 243 244 22 23 24 25 247 248 249 250 251 252 253 29 30 31 32 256 257 258 259 260 261 37 38 39 40 264 265 266 267 268 46 47 48 49 271 272 273 274 56 57 58 59 277 278 279 67 68 69 70 282 283 79 80 81 82 286 92 93 94 95 106 107 108 109 122 123 124 139 140 156
172 186 187 199 200 201 21 212 213 214 27 28 224 225 226 34 35 36 235 236 237 42 43 44 45 245 246 247 51 52 53 54 55 254 255 256 61 62 63 64 65 66 262 263 264 72 73 74 75 76 77 78 269 270 271 84 85 86 87 88 89 90 91 275 276 277 97 98 99 100 101 102 103 104 105 280 281 282 111 112 113 114 115 116 117 118 119 120 284 285 286 126 127 128 129 130 131 132 133 134 135 136 287 288 106 142 143 144 145 146 147 148 149 150 151 152 153 289 121 122 158 159 160 161 162 163 164 165 166 167 168 169 1 137 138 139 173 174 175 176 177 178 179 180 181 182 183 184 2 3 154 155 156 188 189 190 191 192 193 194 195 196 197 198 4 5 6 170 171 202 203 204 205 206 207 208 209 210 211 7 8 9 10 185 215 216 217 218 219 220 221 222 223 11 12 13 14 15 227 228 229 230 231 232 233 234 16 17 18 19 20 238 239 240 241 242 243 244 22 23 24 25 26 248 249 250 251 252 253 29 30 31 32 33 257 258 259 260 261 37 38 39 40 41 265 266 267 268 46 47 48 49 50 272 273 274 56 57 58 59 60 278 279 67 68 69 70 71 283 79 80 81 82 83 92 93 94 95 96 107 108 109 110 123 124 125 140 141 157
173 187 188 200 201 202 212 213 214 215 28 224 225 226 227 35 36 235 236 237 238 43 44 45 245 246 247 248 52 53 54 55 254 255 256 257 62 63 64 65 66 262 263 264 265 73 74 75 76 77 78 269 270 271 272 85 86 87 88 89 90 91 275 276 277 278 98 99 100 101 102 103 104 105 280 281 282 283 112 113 114 115 116 117 118 119 120 284 285 286 92 127 128 129 130 131 132 133 134 135 136 287 288 106 107 143 144 145 146 147 148 149 150 151 152 153 289 121 122 123 159 160 161 162 163 164 165 166 167 168 169 1 137 138 139 140 174 175 176 177 178 179 180 181 182 183 184 2 3 154 155 156 157 189 190 191 192 193 194 195 196 197 198 4 5 6 170 171 172 203 204 205 206 207 208 209 210 211 7 8 9 10 185 186 216 217 218 219 220 221 222 223 11 12 13 14 15 199 228 229 230 231 232 233 234 16 17 18 19 20 21 239 240 241 242 243 244 22 23 24 25 26 27 249 250 251 252 253 29 30 31 32 33 34 258 259 260 261 37 38 39 40 41 42 266 267 268 46 47 48 49 50 51 273 274 56 57 58 59 60 61 279 67 68 69 70 71 72 79 80 81 82 83 84 93 94 95 96 97 108 109 110 111 124 125 126 141 142 158
174 188 189 201 202 203 213 214 215 216 224 225 226 227 228 36 235 236 237 238 239 44 45 245 246 247 248 249 53 54 55 254 255 256 257 258 63 64 65 66 262 263 264 265 266 74 75 76 77 78 269 270 271 272 273 86 87 88 89 90 91 275 276 277 278 279 99 100 101 102 103 104 105 280 281 282 283 79 113 114 115 116 117 118 119 120 284 285 286 92 93 128 129 130 131 132 133 134 135 136 287 288 106 107 108 144 145 146 147 148 149 150 151 152 153 289 121 122 123 124 160 161 162 163 164 165 166 167 168 169 1 137 138 139 140 141 175 176 177 178 179 180 181 182 183 184 2 3 154 155 156 157 158 190 191 192 193 194 195 196 197 198 4 5 6 170 171 172 173 204 205 206 207 208 209 210 211 7 8 9 10 185 186 187 217 218 219 220 221 222 223 11 12 13 14 15 199 200 229 230 231 232 233 234 16 17 18 19 20 21 212 240 241 242 243 244 22 23 24 25 26 27 28 250 251 252 253 29 30 31 32 33 34 35 259 260 261 37 38 39 40 41 42 43 267 268 46 47 48 49 50 51 52 274 56 57 58 59 60 61 62 67 68 69 70 71 72 73 80 81 82 83 84 85 94 95 96 97 98 109 110 111 112 125 126 127 142 143 159
175 189 190 202 203 204 214 215 216 217 225 226 227 228 229 235 236 237 238 239 240 45 245 246 247 248 249 250 54 55 254 255 256 257 258 259 64 65 66 262 263 264 265 266 267 75 76 77 78 269 270 271 272 273 274 87 88 89 90 91 275 276 277 278 279 67 100 101 102 103 104 105 280 281 282 283 79 80 114 115 116 117 118 119 120 284 285 286 92 93 94 129 130 131 132 133 134 135 136 287 288 106 107 108 109 145 146 147 148 149 150 151 152 153 289 121 122 123 124 125 161 162 163 164 165 166 167 168 169 1 137 138 139 140 141 142 176 177 178 179 180 181 182 183 184 2 3 154 155 156 157 158 159 191 192 193 194 195 196 197 198 4 5 6 170 171 172 173 174 205 206 207 208 209 210 211 7 8 9 10 185 186 187 188 218 219 220 221 222 223 11 12 13 14 15 199 200 201 230 231 232 233 234 16 17 18 19 20 21 212 213 241 242 243 244 22 23 24 25 26 27 28 224 251 252 253 29 30 31 32 33 34 35 36 260 261 37 38 39 40 41 42 43 44 268 46 47 48 49 50 51 52 53 56 57 58 59 60 61 62 63 68 69 70 71 72 73 74 81 82 83 84 85 86 95 96 97 98 99 110 111 112 113 126 127 128 143 144 160
176 190 191 203 204 205 215 216 217 218 226 227 228 229 230 236 237 238 239 240 241 245 246 247 248 249 250 251 55 254 255 256 257 258 259 260 65 66 262 263 264 265 266 267 268 76 77 78 269 270 271 272 273 274 56 88 89 90 91 275 276 277 278 279 67 68 101 102 103 104 105 280 281 282 283 79 80 81 115 116 117 118 119 120 284 285 286 92 93 94 95 130 131 132 133 134 135 136 287 288 106 107 108 109 110 146 147 148 149 150 151 152 153 289 121 122 123 124 125 126 162 163 164 165 166 167 168 169 1 137 138 139 140 141 142 143 177 178 179 180 181 182 183 184 2 3 154 155 156 157 158 159 160 192 193 194 195 196 197 198 4 5 6 170 171 172 173 174 175 206 207 208 209 210 211 7 8 9 10 185 186 187 188 189 219 220 221 222 223 11 12 13 14 15 199 200 201 202 231 232 233 234 16 17 18 19 20 21 212 213 214 242 243 244 22 23 24 25 26 27 28 224 225 252 253 29 30 31 32 33 34 35 36 235 261 37 38 39 40 41 42 43 44 45 46 47 48 49 50 51 52 53 54 57 58 59 60 61 62 63 64 69 70 71 72 73 74 75 82 83 84 85 86 87 96 97 98 99 100 111 112 113 114 127 128 129 144 145 161
177 191 192 204 205 206 216 217 218 219 227 228 229 230 231 237 238 239 240 241 242 246 247 248 249 250 251 252 254 255 256 257 258 259 260 261 66 262 263 264 265 266 267 268 46 77 78 269 270 271 272 273 274 56 57 89 90 91 275 276 277 278 279 67 68 69 102 103 104 105 280 281 282 283 79 80 81 82 116 117 118 119 120 284 285 286 92 93 94 95 96 131 132 133 134 135 136 287 288 106 107 108 109 110 111 147 148 149 150 151 152 153 289 121 122 123 124 125 126 127 163 164 165 166 167 168 169 1 137 138 139 140 141 142 143 144 178 179 180 181 182 183 184 2 3 154 155 156 157 158 159 160 161 193 194 195 196 197 198 4 5 6 170 171 172 173 174 175 176 207 208 209 210 211 7 8 9 10 185 186 187 188 189 190 220 221 222 223 11 12 13 14 15 199 200 201 202 203 232 233 234 16 17 18 19 20 21 212 213 214 215 243 244 22 23 24 25 26 27 28 224 225 226 253 29 30 31 32 33 34 35 36 235 236 37 38 39 40 41 42 43 44 45 245 47 48 49 50 51 52 53 54 55 58 59 60 61 62 63 64 65 70 71 72 73 74 75 76 83 84 85 86 87 88 97 98 99 100 101 112 113 114 115 128 129 130 145 146 162
178 192 193 205 206 207 217 218 219 220 228 229 230 231 232 238 239 240 241 242 243 247 248 249 250 251 252 253 255 256 257 258 259 260 261 37 262 263 264 265 266 267 268 46 47 78 269 270 271 272 273 274 56 57 58 90 91 275 276 277 278 279 67 68 69 70 103 104 105 280 281 282 283 79 80 81 82 83 117 118 119 120 284 285 286 92 93 94 95 96 97 132 133 134 135 136 287 288 106 107 108 109 110 111 112 148 149 150 151 152 153 289 121 122 123 124 125 126 127 128 164 165 166 167 168 169 1 137 138 139 140 141 142 143 144 145 179 180 181 182 183 184 2 3 154 155 156 157 158 159 160 161 162 194 195 196 197 198 4 5 6 170 171 172 173 174 175 176 177 208 209 210 211 7 8 9 10 185 186 187 188 189 190 191 221 222 223 11 12 13 14 15 199 200 201 202 203 204 233 234 16 17 18 19 20 21 212 213 214 215 216 244 22 23 24 25 26 27 28 224 225 226 227 29 30 31 32 33 34 35 36 235 236 237 38 39 40 41 42 43 44 45 245 246 48 49 50 51 52 53 54 55 254 59 60 61 62 63 64 65 66 71 72 73 74 75 76 77 84 85 86 87 88 89 98 99 100 101 102 113 114 115 116 129 130 131 146 147 163
179 193 194 206 207 208 218 219 220 221 229 230 231 232 233 239 240 241 242 243 244 248 249 250 251 252 253 29 256 257 258 259 260 261 37 38 263 264 265 266 267 268 46 47 48 269 270 271 272 273 274 56 57 58 59 91 275 276 277 278 279 67 68 69 70 71 104 105 280 281 282 283 79 80 81 82 83 84 118 119 120 284 285 286 92 93 94 95 96 97 98 133 134 135 136 287 288 106 107 108 109 110 111 112 113 149 150 151 152 153 289 121 122 123 124 125 126 127 128 129 165 166 167 168 169 1 137 138 139 140 141 142 143 144 145 146 180 181 182 183 184 2 3 154 155 156 157 158 159 160 161 162 163 195 196 197 198 4 5 6 170 171 172 173 174 175 176 177 178 209 210 211 7 8 9 10 185 186 187 188 189 190 191 192 222 223 11 12 13 14 15 199 200 201 202 203 204 205 234 16 17 18 19 20 21 212 213 214 215 216 217 22 23 24 25 26 27 28 224 225 226 227 228 30 31 32 33 34 35 36 235 236 237 238 39 40 41 42 43 44 45 245 246 247 49 50 51 52 53 54 55 254 255 60 61 62 63 64 65 66 262 72 73 74 75 76 77 78 85 86 87 88 89 90 99 100 101 102 103 114 115 116 117 130 131 132 147 148 164
180 194 195 207 208 209 219 220 221 222 230 231 232 233 234 240 241 242 243 244 22 249 250 251 252 253 29 30 257 258 259 260 261 37 38 39 264 265 266 267 268 46 47 48 49 270 271 272 273 274 56 57 58 59 60 275 276 277 278 279 67 68 69 70 71 72 105 280 281 282 283 79 80 81 82 83 84 85 119 120 284 285 286 92 93 94 95 96 97 98 99 134 135 136 287 288 106 107 108 109 110 111 112 113 114 150 151 152 153 289 121 122 123 124 125 126 127 128 129 130 166 167 168 169 1 137 138 139 140 141 142 143 144 145 146 147 181 182 183 184 2 3 154 155 156 157 158 159 160 161 162 163 164 196 197 198 4 5 6 170 171 172 173 174 175 176 177 178 179 210 211 7 8 9 10 185 186 187 188 189 190 191 192 193 223 11 12 13 14 15 199 200 201 202 203 204 205 206 16 17 18 19 20 21 212 213 214 215 216 217 218 23 24 25 26 27 28 224 225 226 227 228 229 31 32 33 34 35 36 235 236 237 238 239 40 41 42 43 44 45 245 246 247 248 50 51 52 53 54 55 254 255 256 61 62 63 64 65 66 262 263 73 74 75 76 77 78 269 86 87 88 89 90 91 100 101 102 103 104 115 116 117 118 131 132 133 148 149 165
181 195 196 208 209 210 220 221 222 223 231 232 233 234 16 241 242 243 244 22 23 250 251 252 253 29 30 31 258 259 260 261 37 38 39 40 265 266 267 268 46 47 48 49 50 271 272 273 274 56 57 58 59 60 61 276 277 278 279 67 68 69 70 71 72 73 280 281 282 283 79 80 81 82 83 84 85 86 120 284 285 286 92 93 94 95 96 97 98 99 100 135 136 287 288 106 107 108 109 110 111 112 113 114 115 151 152 153 289 121 122 123 124 125 126 127 128 129 130 131 167 168 169 1 137 138 139 140 141 142 143 144 145 146 147 148 182 183 184 2 3 154 155 156 157 158 159 160 161 162 163 164 165 197 198 4 5 6 170 171 172 173 174 175 176 177 178 179 180 211 7 8 9 10 185 186 187 188 189 190 191 192 193 194 11 12 13 14 15 199 200 201 202 203 204 205 206 207 17 18 19 20 21 212 213 214 215 216 217 218 219 24 25 26 27 28 224 225 226 227 228 229 230 32 33 34 35 36 235 236 237 238 239 240 41 42 43 44 45 245 246 247 248 249 51 52 53 54 55 254 255 256 257 62 63 64 65 66 262 263 264 74 75 76 77 78 269 270 87 88 89 90 91 275 101 102 103 104 105 116 117 118 119 132 133 134 149 150 166
182 196 197 209 210 211 221 222 223 11 232 233 234 16 17 242 243 244 22 23 24 251 252 253 29 30 31 32 259 260 261 37 38 39 40 41 266 267 268 46 47 48 49 50 51 272 273 274 56 57 58 59 60 61 62 277 278 279 67 68 69 70 71 72 73 74 281 282 283 79 80 81 82 83 84 85 86 87 284 285 286 92 93 94 95 96 97 98 99 100 101 136 287 288 106 107 108 109 110 111 112 113 114 115 116 152 153 289 121 122 123 124 125 126 127 128 129 130 131 132 168 169 1 137 138 139 140 141 142 143 144 145 146 147 148 149 183 184 2 3 154 155 156 157 158 159 160 161 162 163 164 165 166 198 4 5 6 170 171 172 173 174 175 176 177 178 179 180 181 7 8 9 10 185 186 187 188 189 190 191 192 193 194 195 12 13 14 15 199 200 201 202 203 204 205 206 207 208 18 19 20 21 212 213 214 215 216 217 218 219 220 25 26 27 28 224 225 226 227 228 229 230 231 33 34 35 36 235 236 237 238 239 240 241 42 43 44 45 245 246 247 248 249 250 52 53 54 55 254 255 256 257 258 63 64 65 66 262 263 264 265 75 76 77 78 269 270 271 88 89 90 91 275 276 102 103 104 105 280 117 118 119 120 133 134 135 150 151 167
183 197 198 210 211 7 222 223 11 12 233 234 16 17 18 243 244 22 23 24 25 252 253 29 30 31 32 33 260 261 37 38 39 40 41 42 267 268 46 47 48 49 50 51 52 273 274 56 57 58 59 60 61 62 63 278 279 67 68 69 70 71 72 73 74 75 282 283 79 80 81 82 83 84 85 86 87 88 285 286 92 93 94 95 96 97 98 99 100 101 102 287 288 106 107 108 109 110 111 112 113 114 115 116 117 153 289 121 122 123 124 125 126 127 128 129 130 131 132 133 169 1 137 138 139 140 141 142 143 144 145 146 147 148 149 150 184 2 3 154 155 156 157 158 159 160 161 162 163 164 165 166 167 4 5 6 170 171 172 173 174 175 176 177 178 179 180 181 182 8 9 10 185 186 187 188 189 190 191 192 193 194 195 196 13 14 15 199 200 201 202 203 204 205 206 207 208 209 19 20 21 212 213 214 215 216 217 218 219 220 221 26 27 28 224 225 226 227 228 229 230 231 232 34 35 36 235 236 237 238 239 240 241 242 43 44 45 245 246 247 248 249 250 251 53 54 55 254 255 256 257 258 259 64 65 66 262 263 264 265 266 76 77 78 269 270 271 272 89 90 91 275 276 277 103 104 105 280 281 118 119 120 284 134 135 136 151 152 168
184 198 4 211 7 8 223 11 12 13 234 16 17 18 19 244 22 23 24 25 26 253 29 30 31 32 33 34 261 37 38 39 40 41 42 43 268 46 47 48 49 50 51 52 53 274 56 57 58 59 60 61 62 63 64 279 67 68 69 70 71 72 73 74 75 76 283 79 80 81 82 83 84 85 86 87 88 89 286 92 93 94 95 96 97 98 99 100 101 102 103 288 106 107 108 109 110 111 112 113 114 115 116 117 118 289 121 122 123 124 125 126 127 128 129 130 131 132 133 134 1 137 138 139 140 141 142 143 144 145 146 147 148 149 150 151 2 3 154 155 156 157 158 159 160 161 162 163 164 165 166 167 168 5 6 170 171 172 173 174 175 176 177 178 179 180 181 182 183 9 10 185 186 187 188 189 190 191 192 193 194 195 196 197 14 15 199 200 201 202 203 204 205 206 207 208 209 210 20 21 212 213 214 215 216 217 218 219 220 221 222 27 28 224 225 226 227 228 229 230 231 232 233 35 36 235 236 237 238 239 240 241 242 243 44 45 245 246 247 248 249 250 251 252 54 55 254 255 256 257 258 259 260 65 66 262 263 264 265 266 267 77 78 269 270 271 272 273 90 91 275 276 277 278 104 105 280 281 282 119 120 284 285 135 136 287 152 153 169
185 15 199 20 21 212 26 27 28 224 33 34 35 36 235 41 42 43 44 45 245 50 51 52 53 54 55 254 60 61 62 63 64 65 66 262 71 72 73 74 75 76 77 78 269 83 84 85 86 87 88 89 90 91 275 96 97 98 99 100 101 102 103 104 105 280 110 111 112 113 114 115 116 117 118 119 120 284 125 126 127 128 129 130 131 132 133 134 135 136 287 141 142 143 144 145 146 147 148 149 150 151 152 153 289 157 158 159 160 161 162 163 164 165 166 167 168 169 1 137 172 173 174 175 176 177 178 179 180 181 182 183 184 2 3 154 186 187 188 189 190 191 192 193 194 195 196 197 198 4 5 6 170 200 201 202 203 204 205 206 207 208 209 210 211 7 8 9 10 213 214 215 216 217 218 219 220 221 222 223 11 12 13 14 225 226 227 228 229 230 231 232 233 234 16 17 18 19 236 237 238 239 240 241 242 243 244 22 23 24 25 246 247 248 249 250 251 252 253 29 30 31 32 255 256 257 258 259 260 261 37 38 39 40 263 264 265 266 267 268 46 47 48 49 270 271 272 273 274 56 57 58 59 276 277 278 279 67 68 69 70 281 282 283 79 80 81 82 285 286 92 93 94 95 288 106 107 108 109 121 122 123 124 138 139 140 155 156 171
186 199 200 21 212 213 27 28 224 225 34 35 36 235 236 42 43 44 45 245 246 51 52 53 54 55 254 255 61 62 63 64 65 66 262 263 72 73 74 75 76 77 78 269 270 84 85 86 87 88 89 90 91 275 276 97 98 99 100 101 102 103 104 105 280 281 111 112 113 114 115 116 117 118 119 120 284 285 126 127 128 129 130 131 132 133 134 135 136 287 288 142 143 144 145 146 147 148 149 150 151 152 153 289 121 158 159 160 161 162 163 164 165 166 167 168 169 1 137 138 173 174 175 176 177 178 179 180 181 182 183 184 2 3 154 155 187 188 189 190 191 192 193 194 195 196 197 198 4 5 6 170 171 201 202 203 204 205 206 207 208 209 210 211 7 8 9 10 185 214 215 216 217 218 219 220 221 222 223 11 12 13 14 15 226 227 228 229 230 231 232 233 234 16 17 18 19 20 237 238 239 240 241 242 243 244 22 23 24 25 26 247 248 249 250 251 252 253 29 30 31 32 33 256 257 258 259 260 261 37 38 39 40 41 264 265 266 267 268 46 47 48 49 50 271 272 273 274 56 57 58 59 60 277 278 279 67 68 69 70 71 282 283 79 80 81 82 83 286 92 93 94 95 96 106 107 108 109 110 122 123 124 125 139 140 141 156 157 172
187 200 201 212 213 214 28 224 225 226 35 36 235 236 237 43 44 45 245 246 247 52 53 54 55 254 255 256 62 63 64 65 66 262 263 264 73 74 75 76 77 78 269 270 271 85 86 87 88 89 90 91 275 276 277 98 99 100 101 102 103 104 105 280 281 282 112 113 114 115 116 117 118 119 120 284 285 286 127 128 129 130 131 132 133 134 135 136 287 288 106 143 144 145 146 147 148 149 150 151 152 153 289 121 122 159 160 161 162 163 164 165 166 167 168 169 1 137 138 139 174 175 176 177 178 179 180 181 182 183 184 2 3 154 155 156 188 189 190 191 192 193 194 195 196 197 198 4 5 6 170 171 172 202 203 204 205 206 207 208 209 210 211 7 8 9 10 185 186 215 216 217 218 219 220 221 222 223 11 12 13 14 15 199 227 228 229 230 231 232 233 234 16 17 18 19 20 21 238 239 240 241 242 243 244 22 23 24 25 26 27 248 249 250 251 252 253 29 30 31 32 33 34 257 258 259 260 261 37 38 39 40 41 42 265 266 267 268 46 47 48 49 50 51 272 273 274 56 57 58 59 60 61 278 279 67 68 69 70 71 72 283 79 80 81 82 83 84 92 93 94 95 96 97 107 108 109 110 111 123 124 125 126 140 141 142 157 158 173
188 201 202 213 214 215 224 225 226 227 36 235 236 237 238 44 45 245 246 247 248 53 54 55 254 255 256 257 63 64 65 66 262 263 264 265 74 75 76 77 78 269 270 271 272 86 87 88 89 90 91 275 276 277 278 99 100 101 102 103 104 105 280 281 282 283 113 114 115 116 117 118 119 120 284 285 286 92 128 129 130 131 132 133 134 135 136 287 288 106 107 144 145 146 147 148 149 150 151 152 153 289 121 122 123 160 161 162 163 164 165 166 167 168 169 1 137 138 139 140 175 176 177 178 179 180 181 182 183 184 2 3 154 155 156 157 189 190 191 192 193 194 195 196 197 198 4 5 6 170 171 172 173 203 204 205 206 207 208 209 210 211 7 8 9 10 185 186 187 216 217 218 219 220 221 222 223 11 12 13 14 15 199 200 228 229 230 231 232 233 234 16 17 18 19 20 21 212 239 240 241 242 243 244 22 23 24 25 26 27 28 249 250 251 252 253 29 30 31 32 33 34 35 258 259 260 261 37 38 39 40 41 42 43 266 267 268 46 47 48 49 50 51 52 273 274 56 57 58 59 60 61 62 279 67 68 69 70 71 72 73 79 80 81 82 83 84 85 93 94 95 96 97 98 108 109 110 111 112 124 125 126 127 141 142 143 158 159 174
189 202 203 214 215 216 225 226 227 228 235 236 237 238 239 45 245 246 247 248 249 54 55 254 255 256 257 258 64 65 66 262 263 264 265 266 75 76 77 78 269 270 271 272 273 87 88 89 90 91 275 276 277 278 279 100 101 102 103 104 105 280 281 282 283 79 114 115 116 117 118 119 120 284 285 286 92 93 129 130 131 132 133 134 135 136 287 288 106 107 108 145 146 147 148 149 150 151 152 153 289 121 122 123 124 161 162 163 164 165 166 167 168 169 1 137 138 139 140 141 176 177 178 179 180 181 182 183 184 2 3 154 155 156 157 158 190 191 192 193 194 195 196 197 198 4 5 6 170 171 172 173 174 204 205 206 207 208 209 210 211 7 8 9 10 185 186 187 188 217 218 219 220 221 222 223 11 12 13 14 15 199 200 201 229 230 231 232 233 234 16 17 18 19 20 21 212 213 240 241 242 243 244 22 23 24 25 26 27 28 224 250 251 252 253 29 30 31 32 33 34 35 36 259 260 261 37 38 39 40 41 42 43 44 267 268 46 47 48 49 50 51 52 53 274 56 57 58 59 60 61 62 63 67 68 69 70 71 72 73 74 80 81 82 83 84 85 86 94 95 96 97 98 99 109 110 111 112 113 125 126 127 128 142 143 144 159 160 175
190 203 204 215 216 217 226 227 228 229 236 237 238 239 240 245 246 247 248 249 250 55 254 255 256 257 258 259 65 66 262 263 264 265 266 267 76 77 78 269 270 271 272 273 274 88 89 90 91 275 276 277 278 279 67 101 102 103 104 105 280 281 282 283 79 80 115 116 117 118 119 120 284 285 286 92 93 94 130 131 132 133 134 135 136 287 288 106 107 108 109 146 147 148 149 150 151 152 153 289 121 122 123 124 125 162 163 164 165 166 167 168 169 1 137 138 139 140 141 142 177 178 179 180 181 182 183 184 2 3 154 155 156 157 158 159 191 192 193 194 195 196 197 198 4 5 6 170 171 172 173 174 175 205 206 207 208 209 210 211 7 8 9 10 185 186 187 188 189 218 219 220 221 222 223 11 12 13 14 15 199 200 201 202 230 231 232 233 234 16 17 18 19 20 21 212 213 214 241 242 243 244 22 23 24 25 26 27 28 224 225 251 252 253 29 30 31 32 33 34 35 36 235 260 261 37 38 39 40 41 42 43 44 45 268 46 47 48 49 50 51 52 53 54 56 57 58 59 60 61 62 63 64 68 69 70 71 72 73 74 75 81 82 83 84 85 86 87 95 96 97 98 99 100 110 111 112 113 114 126 127 128 129 143 144 145 160 161 176
191 204 205 216 217 218 227 228 229 230 237 238 239 240 241 246 247 248 249 250 251 254 255 256 257 258 259 260 66 262 263 264 265 266 267 268 77 78 269 270 271 272 273 274 56 89 90 91 275 276 277 278 279 67 68 102 103 104 105 280 281 282 283 79 80 81 116 117 118 119 120 284 285 286 92 93 94 95 131 132 133 134 135 136 287 288 106 107 108 109 110 147 148 149 150 151 152 153 289 121 122 123 124 125 126 163 164 165 166 167 168 169 1 137 138 139 140 141 142 143 178 179 180 181 182 183 184 2 3 154 155 156 157 158 159 160 192 193 194 195 196 197 198 4 5 6 170 171 172 173 174 175 176 206 207 208 209 210 211 7 8 9 10 185 186 187 188 189 190 219 220 221 222 223 11 12 13 14 15 199 200 201 202 203 231 232 233 234 16 17 18 19 20 21 212 213 214 215 242 243 244 22 23 24 25 26 27 28 224 225 226 252 253 29 30 31 32 33 34 35 36 235 236 261 37 38 39 40 41 42 43 44 45 245 46 47 48 49 50 51 52 53 54 55 57 58 59 60 61 62 63 64 65 69 70 71 72 73 74 75 76 82 83 84 85 86 87 88 96 97 98 99 100 101 111 112 113 114 115 127 128 129 130 144 145 146 161 162 177
192 205 206 217 218 219 228 229 230 231 238 239 240 241 242 247 248 249 250 251 252 255 256 257 258 259 260 261 262 263 264 265 266 267 268 46 78 269 270 271 272 273 274 56 57 90 91 275 276 277 278 279 67 68 69 103 104 105 280 281 282 283 79 80 81 82 117 118 119 120 284 285 286 92 93 94 95 96 132 133 134 135 136 287 288 106 107 108 109 110 111 148 149 150 151 152 153 289 121 122 123 124 125 126 127 164 165 166 167 168 169 1 137 138 139 140 141 142 143 144 179 180 181 182 183 184 2 3 154 155 156 157 158 159 160 161 193 194 195 196 197 198 4 5 6 170 171 172 173 174 175 176 177 207 208 209 210 211 7 8 9 10 185 186 187 188 189 190 191 220 221 222 223 11 12 13 14 15 199 200 201 202 203 204 232 233 234 16 17 18 19 20 21 212 213 214 215 216 243 244 22 23 24 25 26 27 28 224 225 226 227 253 29 30 31 32 33 34 35 36 235 236 237 37 38 39 40 41 42 43 44 45 245 246 47 48 49 50 51 52 53 54 55 254 58 59 60 61 62 63 64 65 66 70 71 72 73 74 75 76 77 83 84 85 86 87 88 89 97 98 99 100 101 102 112 113 114 115 116 128 129 130 131 145 146 147 162 163 178
193 206 207 218 219 220 229 230 231 232 239 240 241 242 243 248 249 250 251 252 253 256 257 258 259 260 261 37 263 264 265 266 267 268 46 47 269 270 271 272 273 274 56 57 58 91 275 276 277 278 279 67 68 69 70 104 105 280 281 282 283 79 80 81 82 83 118 119 120 284 285 286 92 93 94 95 96 97 133 134 135 136 287 288 106 107 108 109 110 111 112 149 150 151 152 153 289 121 122 123 124 125 126 127 128 165 166 167 168 169 1 137 138 139 140 141 142 143 144 145 180 181 182 183 184 2 3 154 155 156 157 158 159 160 161 162 194 195 196 197 198 4 5 6 170 171 172 173 174 175 176 177 178 208 209 210 211 7 8 9 10 185 186 187 188 189 190 191 192 221 222 223 11 12 13 14 15 199 200 201 202 203 204 205 233 234 16 17 18 19 20 21 212 213 214 215 216 217 244 22 23 24 25 26 27 28 224 225 226 227 228 29 30 31 32 33 34 35 36 235 236 237 238 38 39 40 41 42 43 44 45 245 246 247 48 49 50 51 52 53 54 55 254 255 59 60 61 62 63 64 65 66 262 71 72 73 74 75 76 77 78 84 85 86 87 88 89 90 98 99 100 101 102 103 113 114 115 116 117 129 130 131 132 146 147 148 163 164 179
194 207 208 219 220 221 230 231 232 233 240 241 242 243 244 249 250 251 252 253 29 257 258 259 260 261 37 38 264 265 266 267 268 46 47 48 270 271 272 273 274 56 57 58 59 275 276 277 278 279 67 68 69 70 71 105 280 281 282 283 79 80 81 82 83 84 119 120 284 285 286 92 93 94 95 96 97 98 134 135 136 287 288 106 107 108 109 110 111 112 113 150 151 152 153 289 121 122 123 124 125 126 127 128 129 166 167 168 169 1 137 138 139 140 141 142 143 144 145 146 181 182 183 184 2 3 154 155 156 157 158 159 160 161 162 163 195 196 197 198 4 5 6 170 171 172 173 174 175 176 177 178 179 209 210 211 7 8 9 10 185 186 187 188 189 190 191 192 193 222 223 11 12 13 14 15 199 200 201 202 203 204 205 206 234 16 17 18 19 20 21 212 213 214 215 216 217 218 22 23 24 25 26 27 28 224 225 226 227 228 229 30 31 32 33 34 35 36 235 236 237 238 239 39 40 41 42 43 44 45 245 246 247 248 49 50 51 52 53 54 55 254 255 256 60 61 62 63 64 65 66 262 263 72 73 74 75 76 77 78 269 85 86 87 88 89 90 91 99 100 101 102 103 104 114 115 116 117 118 130 131 132 133 147 148 149 164 165 180
195 208 209 220 221 222 231 232 233 234 241 242 243 244 22 250 251 252 253 29 30 258 259 260 261 37 38 39 265 266 267 268 46 47 48 49 271 272 273 274 56 57 58 59 60 276 277 278 279 67 68 69 70 71 72 280 281 282 283 79 80 81 82 83 84 85 120 284 285 286 92 93 94 95 96 97 98 99 135 136 287 288 106 107 108 109 110 111 112 113 114 151 152 153 289 121 122 123 124 125 126 127 128 129 130 167 168 169 1 137 138 139 140 141 142 143 144 145 146 147 182 183 184 2 3 154 155 156 157 158 159 160 161 162 163 164 196 197 198 4 5 6 170 171 172 173 174 175 176 177 178 179 180 210 211 7 8 9 10 185 186 187 188 189 190 191 192 193 194 223 11 12 13 14 15 199 200 201 202 203 204 205 206 207 16 17 18 19 20 21 212 213 214 215 216 217 218 219 23 24 25 26 27 28 224 225 226 227 228 229 230 31 32 33 34 35 36 235 236 237 238 239 240 40 41 42 43 44 45 245 246 247 248 249 50 51 52 53 54 55 254 255 256 257 61 62 63 64 65 66 262 263 264 73 74 75 76 77 78 269 270 86 87 88 89 90 91 275 100 101 102 103 104 105 115 116 117 118 119 131 132 133 134 148 149 150 165 166 181
196 209 210 221 222 223 232 233 234 16 242 243 244 22 23 251 252 253 29 30 31 259 260 261 37 38 39 40 266 267 268 46 47 48 49 50 272 273 274 56 57 58 59 60 61 277 278 279 67 68 69 70 71 72 73 281 282 283 79 80 81 82 83 84 85 86 284 285 286 92 93 94 95 96 97 98 99 100 136 287 288 106 107 108 109 110 111 112 113 114 115 152 153 289 121 122 123 124 125 126 127 128 129 130 131 168 169 1 137 138 139 140 141 142 143 144 145 146 147 148 183 184 2 3 154 155 156 157 158 159 160 161 162 163 164 165 197 198 4 5 6 170 171 172 173 174 175 176 177 178 179 180 181 211 7 8 9 10 185 186 187 188 189 190 191 192 193 194 195 11 12 13 14 15 199 200 201 202 203 204 205 206 207 208 17 18 19 20 21 212 213 214 215 216 217 218 219 220 24 25 26 27 28 224 225 226 227 228 229 230 231 32 33 34 35 36 235 236 237 238 239 240 241 41 42 43 44 45 245 246 247 248 249 250 51 52 53 54 55 254 255 256 257 258 62 63 64 65 66 262 263 264 265 74 75 76 77 78 269 270 271 87 88 89 90 91 275 276 101 102 103 104 105 280 116 117 118 119 120 132 133 134 135 149 150 151 166 167 182
197 210 211 222 223 11 233 234 16 17 243 244 22 23 24 252 253 29 30 31 32 260 261 37 38 39 40 41 267 268 46 47 48 49 50 51 273 274 56 57 58 59 60 61 62 278 279 67 68 69 70 71 72 73 74 282 283 79 80 81 82 83 84 85 86 87 285 286 92 93 94 95 96 97 98 99 100 101 287 288 106 107 108 109 110 111 112 113 114 115 116 153 289 121 122 123 124 125 126 127 128 129 130 131 132 169 1 137 138 139 140 141 142 143 144 145 146 147 148 149 184 2 3 154 155 156 157 158 159 160 161 162 163 164 165 166 198 4 5 6 170 171 172 173 174 175 176 177 178 179 180 181 182 7 8 9 10 185 186 187 188 189 190 191 192 193 194 195 196 12 13 14 15 199 200 201 202 203 204 205 206 207 208 209 18 19 20 21 212 213 214 215 216 217 218 219 220 221 25 26 27 28 224 225 226 227 228 229 230 231 232 33 34 35 36 235 236 237 238 239 240 241 242 42 43 44 45 245 246 247 248 249 250 251 52 53 54 55 254 255 256 257 258 259 63 64 65 66 262 263 264 265 266 75 76 77 78 269 270 271 272 88 89 90 91 275 276 277 102 103 104 105 280 281 117 118 119 120 284 133 134 135 136 150 151 152 167 168 183
198 211 7 223 11 12 234 16 17 18 244 22 23 24 25 253 29 30 31 32 33 261 37 38 39 40 41 42 268 46 47 48 49 50 51 52 274 56 57 58 59 60 61 62 63 279 67 68 69 70 71 72 73 74 75 283 79 80 81 82 83 84 85 86 87 88 286 92 93 94 95 96 97 98 99 100 101 102 288 106 107 108 109 110 111 112 113 114 115 116 117 289 121 122 123 124 125 126 127 128 129 130 131 132 133 1 137 138 139 140 141 142 143 144 145 146 147 148 149 150 2 3 154 155 156 157 158 159 160 161 162 163 164 165 166 167 4 5 6 170 171 172 173 174 175 176 177 178 179 180 181 182 183 8 9 10 185 186 187 188 189 190 191 192 193 194 195 196 197 13 14 15 199 200 201 202 203 204 205 206 207 208 209 210 19 20 21 212 213 214 215 216 217 218 219 220 221 222 26 27 28 224 225 226 227 228 229 230 231 232 233 34 35 36 235 236 237 238 239 240 241 242 243 43 44 45 245 246 247 248 249 250 251 252 53 54 55 254 255 256 257 258 259 260 64 65 66 262 263 264 265 266 267 76 77 78 269 270 271 272 273 89 90 91 275 276 277 278 103 104 105 280 281 282 118 119 120 284 285 134 135 136 287 151 152 153 168 169 184
199 21 212 27 28 224 34 35 36 235 42 43 44 45 245 51 52 53 54 55 254 61 62 63 64 65 66 262 72 73 74 75 76 77 78 269 84 85 86 87 88 89 90 91 275 97 98 99 100 101 102 103 104 105 280 111 112 113 114 115 116 117 118 119 120 284 126 127 128 129 130 131 132 133 134 135 136 287 142 143 144 145 146 147 148 149 150 151 152 153 289 158 159 160 161 162 163 164 165 166 167 168 169 1 137 173 174 175 176 177 178 179 180 181 182 183 184 2 3 154 187 188 189 190 191 192 193 194 195 196 197 198 4 5 6 170 200 201 202 203 204 205 206 207 208 209 210 211 7 8 9 10 185 213 214 215 216 217 218 219 220 221 222 223 11 12 13 14 15 225 226 227 228 229 230 231 232 233 234 16 17 18 19 20 236 237 238 239 240 241 242 243 244 22 23 24 25 26 246 247 248 249 250 251 252 253 29 30 31 32 33 255 256 257 258 259 260 261 37 38 39 40 41 263 264 265 266 267 268 46 47 48 49 50 270 271 272 273 274 56 57 58 59 60 276 277 278 279 67 68 69 70 71 281 282 283 79 80 81 82 83 285 286 92 93 94 95 96 288 106 107 108 109 110 121 122 123 124 125 138 139 140 141 155 156 157 171 172 186
200 212 213 28 224 225 35 36 235 236 43 44 45 245 246 52 53 54 55 254 255 62 63 64 65 66 262 263 73 74 75 76 77 78 269 270 85 86 87 88 89 90 91 275 276 98 99 100 101 102 103 104 105 280 281 112 113 114 115 116 117 118 119 120 284 285 127 128 129 130 131 132 133 134 135 136 287 288 143 144 145 146 147 148 149 150 151 152 153 289 121 159 160 161 162 163 164 165 166 167 168 169 1 137 138 174 175 176 177 178 179 180 181 182 183 184 2 3 154 155 188 189 190 191 192 193 194 195 196 197 198 4 5 6 170 171 201 202 203 204 205 206 207 208 209 210 211 7 8 9 10 185 186 214 215 216 217 218 219 220 221 222 223 11 12 13 14 15 199 226 227 228 229 230 231 232 233 234 16 17 18 19 20 21 237 238 239 240 241 242 243 244 22 23 24 25 26 27 247 248 249 250 251 252 253 29 30 31 32 33 34 256 257 258 259 260 261 37 38 39 40 41 42 264 265 266 267 268 46 47 48 49 50 51 271 272 273 274 56 57 58 59 60 61 277 278 279 67 68 69 70 71 72 282 283 79 80 81 82 83 84 286 92 93 94 95 96 97 106 107 108 109 110 111 122 123 124 125 126 139 140 141 142 156 157 158 172 173 187
201 213 214 224 225 226 36 235 236 237 44 45 245 246 247 53 54 55 254 255 256 63 64 65 66 262 263 264 74 75 76 77 78 269 270 271 86 87 88 89 90 91 275 276 277 99 100 101 102 103 104 105 280 281 282 113 114 115 116 117 118 119 120 284 285 286 128 129 130 131 132 133 134 135 136 287 288 106 144 145 146 147 148 149 150 151 152 153 289 121 122 160 161 162 163 164 165 166 167 168 169 1 137 138 139 175 176 177 178 179 180 181 182 183 184 2 3 154 155 156 189 190 191 192 193 194 195 196 197 198 4 5 6 170 171 172 202 203 204 205 206 207 208 209 210 211 7 8 9 10 185 186 187 215 216 217 218 219 220 221 222 223 11 12 13 14 15 199 200 227 228 229 230 231 232 233 234 16 17 18 19 20 21 212 238 239 240 241 242 243 244 22 23 24 25 26 27 28 248 249 250 251 252 253 29 30 31 32 33 34 35 257 258 259 260 261 37 38 39 40 41 42 43 265 266 267 268 46 47 48 49 50 51 52 272 273 274 56 57 58 59 60 61 62 278 279 67 68 69 70 71 72 73 283 79 80 81 82 83 84 85 92 93 94 95 96 97 98 107 108 109 110 111 112 123 124 125 126 127 140 141 142 143 157 158 159 173 174 188
202 214 215 225 226 227 235 236 237 238 45 245 246 247 248 54 55 254 255 256 257 64 65 66 262 263 264 265 75 76 77 78 269 270 271 272 87 88 89 90 91 275 276 277 278 100 101 102 103 104 105 280 281 282 283 114 115 116 117 118 119 120 284 285 286 92 129 130 131 132 133 134 135 136 287 288 106 107 145 146 147 148 149 150 151 152 153 289 121 122 123 161 162 163 164 165 166 167 168 169 1 137 138 139 140 176 177 178 179 180 181 182 183 184 2 3 154 155 156 157 190 191 192 193 194 195 196 197 198 4 5 6 170 171 172 173 203 204 205 206 207 208 209 210 211 7 8 9 10 185 186 187 188 216 217 218 219 220 221 222 223 11 12 13 14 15 199 200 201 228 229 230 231 232 233 234 16 17 18 19 20 21 212 213 239 240 241 242 243 244 22 23 24 25 26 27 28 224 249 250 251 252 253 29 30 31 32 33 34 35 36 258 259 260 261 37 38 39 40 41 42 43 44 266 267 268 46 47 48 49 50 51 52 53 273 274 56 57 58 59 60 61 62 63 279 67 68 69 70 71 72 73 74 79 80 81 82 83 84 85 86 93 94 95 96 97 98 99 108 109 110 111 112 113 124 125 126 127 128 141 142 143 144 158 159 160 174 175 189
203 215 216 226 227 228 236 237 238 239 245 246 247 248 249 55 254 255 256 257 258 65 66 262 263 264 265 266 76 77 78 269 270 271 272 273 88 89 90 91 275 276 277 278 279 101 102 103 104 105 280 281 282 283 79 115 116 117 118 119 120 284 285 286 92 93 130 131 132 133 134 135 136 287 288 106 107 108 146 147 148 149 150 151 152 153 289 121 122 123 124 162 163 164 165 166 167 168 169 1 137 138 139 140 141 177 178 179 180 181 182 183 184 2 3 154 155 156 157 158 191 192 193 194 195 196 197 198 4 5 6 170 171 172 173 174 204 205 206 207 208 209 210 211 7 8 9 10 185 186 187 188 189 217 218 219 220 221 222 223 11 12 13 14 15 199 200 201 202 229 230 231 232 233 234 16 17 18 19 20 21 212 213 214 240 241 242 243 244 22 23 24 25 26 27 28 224 225 250 251 252 253 29 30 31 32 33 34 35 36 235 259 260 261 37 38 39 40 41 42 43 44 45 267 268 46 47 48 49 50 51 52 53 54 274 56 57 58 59 60 61 62 63 64 67 68 69 70 71 72 73 74 75 80 81 82 83 84 85 86 87 94 95 96 97 98 99 100 109 110 111 112 113 114 125 126 127 128 129 142 143 144 145 159 160 161 175 176 190
204 216 217 227 228 229 237 238 239 240 246 247 248 249 250 254 255 256 257 258 259 66 262 263 264 265 266 267 77 78 269 270 271 272 273 274 89 90 91 275 276 277 278 279 67 102 103 104 105 280 281 282 283 79 80 116 117 118 119 120 284 285 286 92 93 94 131 132 133 134 135 136 287 288 106 107 108 109 147 148 149 150 151 152 153 289 121 122 123 124 125 163 164 165 166 167 168 169 1 137 138 139 140 141 142 178 179 180 181 182 183 184 2 3 154 155 156 157 158 159 192 193 194 195 196 197 198 4 5 6 170 171 172 173 174 175 205 206 207 208 209 210 211 7 8 9 10 185 186 187 188 189 190 218 219 220 221 222 223 11 12 13 14 15 199 200 201 202 203 230 231 232 233 234 16 17 18 19 20 21 212 213 214 215 241 242 243 244 22 23 24 25 26 27 28 224 225 226 251 252 253 29 30 31 32 33 34 35 36 235 236 260 261 37 38 39 40 41 42 43 44 45 245 268 46 47 48 49 50 51 52 53 54 55 56 57 58 59 60 61 62 63 64 65 68 69 70 71 72 73 74 75 76 81 82 83 84 85 86 87 88 95 96 97 98 99 100 101 110 111 112 113 114 115 126 127 128 129 130 143 144 145 146 160 161 162 176 177 191
205 217 218 228 229 230 238 239 240 241 247 248 249 250 251 255 256 257 258 259 260 262 263 264 265 266 267 268 78 269 270 271 272 273 274 56 90 91 275 276 277 278 279 67 68 103 104 105 280 281 282 283 79 80 81 117 118 119 120 284 285 286 92 93 94 95 132 133 134 135 136 287 288 106 107 108 109 110 148 149 150 151 152 153 289 121 122 123 124 125 126 164 165 166 167 168 169 1 137 138 139 140 141 142 143 179 180 181 182 183 184 2 3 154 155 156 157 158 159 160 193 194 195 196 197 198 4 5 6 170 171 172 173 174 175 176 206 207 208 209 210 211 7 8 9 10 185 186 187 188 189 190 191 219 220 221 222 223 11 12 13 14 15 199 200 201 202 203 204 231 232 233 234 16 17 18 19 20 21 212 213 214 215 216 242 243 244 22 23 24 25 26 27 28 224 225 226 227 252 253 29 30 31 32 33 34 35 36 235 236 237 261 37 38 39 40 41 42 43 44 45 245 246 46 47 48 49 50 51 52 53 54 55 254 57 58 59 60 61 62 63 64 65 66 69 70 71 72 73 74 75 76 77 82 83 84 85 86 87 88 89 96 97 98 99 100 101 102 111 112 113 114 115 116 127 128 129 130 131 144 145 146 147 161 162 163 177 178 192
206 218 219 229 230 231 239 240 241 242 248 249 250 251 252 256 257 258 259 260 261 263 264 265 266 267 268 46 269 270 271 272 273 274 56 57 91 275 276 277 278 279 67 68 69 104 105 280 281 282 283 79 80 81 82 118 119 120 284 285 286 92 93 94 95 96 133 134 135 136 287 288 106 107 108 109 110 111 149 150 151 152 153 289 121 122 123 124 125 126 127 165 166 167 168 169 1 137 138 139 140 141 142 143 144 180 181 182 183 184 2 3 154 155 156 157 158 159 160 161 194 195 196 197 198 4 5 6 170 171 172 173 174 175 176 177 207 208 209 210 211 7 8 9 10 185 186 187 188 189 190 191 192 220 221 222 223 11 12 13 14 15 199 200 201 202 203 204 205 232 233 234 16 17 18 19 20 21 212 213 214 215 216 217 243 244 22 23 24 25 26 27 28 224 225 226 227 228 253 29 30 31 32 33 34 35 36 235 236 237 238 37 38 39 40 41 42 43 44 45 245 246 247 47 48 49 50 51 52 53 54 55 254 255 58 59 60 61 62 63 64 65 66 262 70 71 72 73 74 75 76 77 78 83 84 85 86 87 88 89 90 97 98 99 100 101 102 103 112 113 114 115 116 117 128 129 130 131 132 145 146 147 148 162 163 164 178 179 193
207 219 220 230 231 232 240 241 242 243 249 250 251 252 253 257 258 259 260 261 37 264 265 266 267 268 46 47 270 271 272 273 274 56 57 58 275 276 277 278 279 67 68 69 70 105 280 281 282 283 79 80 81 82 83 119 120 284 285 286 92 93 94 95 96 97 134 135 136 287 288 106 107 108 109 110 111 112 150 151 152 153 289 121 122 123 124 125 126 127 128 166 167 168 169 1 137 138 139 140 141 142 143 144 145 181 182 183 184 2 3 154 155 156 157 158 159 160 161 162 195 196 197 198 4 5 6 170 171 172 173 174 175 176 177 178 208 209 210 211 7 8 9 10 185 186 187 188 189 190 191 192 193 221 222 223 11 12 13 14 15 199 200 201 202 203 204 205 206 233 234 16 17 18 19 20 21 212 213 214 215 216 217 218 244 22 23 24 25 26 27 28 224 225 226 227 228 229 29 30 31 32 33 34 35 36 235 236 237 238 239 38 39 40 41 42 43 44 45 245 246 247 248 48 49 50 51 52 53 54 55 254 255 256 59 60 61 62 63 64 65 66 262 263 71 72 73 74 75 76 77 78 269 84 85 86 87 88 89 90 91 98 99 100 101 102 103 104 113 114 115 116 117 118 129 130 131 132 133 146 147 148 149 163 164 165 179 180 194
208 220 221 231 232 233 241 242 243 244 250 251 252 253 29 258 259 260 261 37 38 265 266 267 268 46 47 48 271 272 273 274 56 57 58 59 276 277 278 279 67 68 69 70 71 280 281 282 283 79 80 81 82 83 84 120 284 285 286 92 93 94 95 96 97 98 135 136 287 288 106 107 108 109 110 111 112 113 151 152 153 289 121 122 123 124 125 126 127 128 129 167 168 169 1 137 138 139 140 141 142 143 144 145 146 182 183 184 2 3 154 155 156 157 158 159 160 161 162 163 196 197 198 4 5 6 170 171 172 173 174 175 176 177 178 179 209 210 211 7 8 9 10 185 186 187 188 189 190 191 192 193 194 222 223 11 12 13 14 15 199 200 201 202 203 204 205 206 207 234 16 17 18 19 20 21 212 213 214 215 216 217 218 219 22 23 24 25 26 27 28 224 225 226 227 228 229 230 30 31 32 33 34 35 36 235 236 237 238 239 240 39 40 41 42 43 44 45 245 246 247 248 249 49 50 51 52 53 54 55 254 255 256 257 60 61 62 63 64 65 66 262 263 264 72 73 74 75 76 77 78 269 270 85 86 87 88 89 90 91 275 99 100 101 102 103 104 105 114 115 116 117 118 119 130 131 132 133 134 147 148 149 150 164 165 166 180 181 195
209 221 222 232 233 234 242 243 244 22 251 252 253 29 30 259 260 261 37 38 39 266 267 268 46 47 48 49 272 273 274 56 57 58 59 60 277 278 279 67 68 69 70 71 72 281 282 283 79 80 81 82 83 84 85 284 285 286 92 93 94 95 96 97 98 99 136 287 288 106 107 108 109 110 111 112 113 114 152 153 289 121 122 123 124 125 126 127 128 129 130 168 169 1 137 138 139 140 141 142 143 144 145 146 147 183 184 2 3 154 155 156 157 158 159 160 161 162 163 164 197 198 4 5 6 170 171 172 173 174 175 176 177 178 179 180 210 211 7 8 9 10 185 186 187 188 189 190 191 192 193 194 195 223 11 12 13 14 15 199 200 201 202 203 204 205 206 207 208 16 17 18 19 20 21 212 213 214 215 216 217 218 219 220 23 24 25 26 27 28 224 225 226 227 228 229 230 231 31 32 33 34 35 36 235 236 237 238 239 240 241 40 41 42 43 44 45 245 246 247 248 249 250 50 51 52 53 54 55 254 255 256 257 258 61 62 63 64 65 66 262 263 264 265 73 74 75 76 77 78 269 270 271 86 87 88 89 90 91 275 276 100 101 102 103 104 105 280 115 116 117 118 119 120 131 132 133 134 135 148 149 150 151 165 166 167 181 182 196
210 222 223 233 234 16 243 244 22 23 252 253 29 30 31 260 261 37 38 39 40 267 268 46 47 48 49 50 273 274 56 57 58 59 60 61 278 279 67 68 69 70 71 72 73 282 283 79 80 81 82 83 84 85 86 285 286 92 93 94 95 96 97 98 99 100 287 288 106 107 108 109 110 111 112 113 114 115 153 289 121 122 123 124 125 126 127 128 129 130 131 169 1 137 138 139 140 141 142 143 144 145 146 147 148 184 2 3 154 155 156 157 158 159 160 161 162 163 164 165 198 4 5 6 170 171 172 173 174 175 176 177 178 179 180 181 211 7 8 9 10 185 186 187 188 189 190 191 192 193 194 195 196 11 12 13 14 15 199 200 201 202 203 204 205 206 207 208 209 17 18 19 20 21 212 213 214 215 216 217 218 219 220 221 24 25 26 27 28 224 225 226 227 228 229 230 231 232 32 33 34 35 36 235 236 237 238 239 240 241 242 41 42 43 44 45 245 246 247 248 249 250 251 51 52 53 54 55 254 255 256 257 258 259 62 63 64 65 66 262 263 264 265 266 74 75 76 77 78 269 270 271 272 87 88 89 90 91 275 276 277 101 102 103 104 105 280 281 116 117 118 119 120 284 132 133 134 135 136 149 150 151 152 166 167 168 182 183 197
211 223 11 234 16 17 244 22 23 24 253 29 30 31 32 261 37 38 39 40 41 268 46 47 48 49 50 51 274 56 57 58 59 60 61 62 279 67 68 69 70 71 72 73 74 283 79 80 81 82 83 84 85 86 87 286 92 93 94 95 96 97 98 99 100 101 288 106 107 108 109 110 111 112 113 114 115 116 289 121 122 123 124 125 126 127 128 129 130 131 132 1 137 138 139 140 141 142 143 144 145 146 147 148 149 2 3 154 155 156 157 158 159 160 161 162 163 164 165 166 4 5 6 170 171 172 173 174 175 176 177 178 179 180 181 182 7 8 9 10 185 186 187 188 189 190 191 192 193 194 195 196 197 12 13 14 15 199 200 201 202 203 204 205 206 207 208 209 210 18 19 20 21 212 213 214 215 216 217 218 219 220 221 222 25 26 27 28 224 225 226 227 228 229 230 231 232 233 33 34 35 36 235 236 237 238 239 240 241 242 243 42 43 44 45 245 246 247 248 249 250 251 252 52 53 54 55 254 255 256 257 258 259 260 63 64 65 66 262 263 264 265 266 267 75 76 77 78 269 270 271 272 273 88 89 90 91 275 276 277 278 102 103 104 105 280 281 282 117 118 119 120 284 285 133 134 135 136 287 150 151 152 153 167 168 169 183 184 198
212 28 224 35 36 235 43 44 45 245 52 53 54 55 254 62 63 64 65 66 262 73 74 75 76 77 78 269 85 86 87 88 89 90 91 275 98 99 100 101 102 103 104 105 280 112 113 114 115 116 117 118 119 120 284 127 128 129 130 131 132 133 134 135 136 287 143 144 145 146 147 148 149 150 151 152 153 289 159 160 161 162 163 164 165 166 167 168 169 1 137 174 175 176 177 178 179 180 181 182 183 184 2 3 154 188 189 190 191 192 193 194 195 196 197 198 4 5 6 170 201 202 203 204 205 206 207 208 209 210 211 7 8 9 10 185 213 214 215 216 217 218 219 220 221 222 223 11 12 13 14 15 199 225 226 227 228 229 230 231 232 233 234 16 17 18 19 20 21 236 237 238 239 240 241 242 243 244 22 23 24 25 26 27 246 247 248 249 250 251 252 253 29 30 31 32 33 34 255 256 257 258 259 260 261 37 38 39 40 41 42 263 264 265 266 267 268 46 47 48 49 50 51 270 271 272 273 274 56 57 58 59 60 61 276 277 278 279 67 68 69 70 71 72 281 282 283 79 80 81 82 83 84 285 286 92 93 94 95 96 97 288 106 107 108 109 110 111 121 122 123 124 125 126 138 139 140 141 142 155 156 157 158 171 172 173 186 187 200
213 224 225 36 235 236 44 45 245 246 53 54 55 254 255 63 64 65 66 262 263 74 75 76 77 78 269 270 86 87 88 89 90 91 275 276 99 100 101 102 103 104 105 280 281 113 114 115 116 117 118 119 120 284 285 128 129 130 131 132 133 134 135 136 287 288 144 145 146 147 148 149 150 151 152 153 289 121 160 161 162 163 164 165 166 167 168 169 1 137 138 175 176 177 178 179 180 181 182 183 184 2 3 154 155 189 190 191 192 193 194 195 196 197 198 4 5 6 170 171 202 203 204 205 206 207 208 209 210 211 7 8 9 10 185 186 214 215 216 217 218 219 220 221 222 223 11 12 13 14 15 199 200 226 227 228 229 230 231 232 233 234 16 17 18 19 20 21 212 237 238 239 240 241 242 243 244 22 23 24 25 26 27 28 247 248 249 250 251 252 253 29 30 31 32 33 34 35 256 257 258 259 260 261 37 38 39 40 41 42 43 264 265 266 267 268 46 47 48 49 50 51 52 271 272 273 274 56 57 58 59 60 61 62 277 278 279 67 68 69 70 71 72 73 282 283 79 80 81 82 83 84 85 286 92 93 94 95 96 97 98 106 107 108 109 110 111 112 122 123 124 125 126 127 139 140 141 142 143 156 157 158 159 172 173 174 187 188 201
214 225 226 235 236 237 45 245 246 247 54 55 254 255 256 64 65 66 262 263 264 75 76 77 78 269 270 271 87 88 89 90 91 275 276 277 100 101 102 103 104 105 280 281 282 114 115 116 117 118 119 120 284 285 286 129 130 131 132 133 134 135 136 287 288 106 145 146 147 148 149 150 151 152 153 289 121 122 161 162 163 164 165 166 167 168 169 1 137 138 139 176 177 178 179 180 181 182 183 184 2 3 154 155 156 190 191 192 193 194 195 196 197 198 4 5 6 170 171 172 203 204 205 206 207 208 209 210 211 7 8 9 10 185 186 187 215 216 217 218 219 220 221 222 223 11 12 13 14 15 199 200 201 227 228 229 230 231 232 233 234 16 17 18 19 20 21 212 213 238 239 240 241 242 243 244 22 23 24 25 26 27 28 224 248 249 250 251 252 253 29 30 31 32 33 34 35 36 257 258 259 260 261 37 38 39 40 41 42 43 44 265 266 267 268 46 47 48 49 50 51 52 53 272 273 274 56 57 58 59 60 61 62 63 278 279 67 68 69 70 71 72 73 74 283 79 80 81 82 83 84 85 86 92 93 94 95 96 97 98 99 107 108 109 110 111 112 113 123 124 125 126 127 128 140 141 142 143 144 157 158 159 160 173 174 175 188 189 202
215 226 227 236 237 238 245 246 247 248 55 254 255 256 257 65 66 262 263 264 265 76 77 78 269 270 271 272 88 89 90 91 275 276 277 278 101 102 103 104 105 280 281 282 283 115 116 117 118 119 120 284 285 286 92 130 131 132 133 134 135 136 287 288 106 107 146 147 148 149 150 151 152 153 289 121 122 123 162 163 164 165 166 167 168 169 1 137 138 139 140 177 178 179 180 181 182 183 184 2 3 154 155 156 157 191 192 193 194 195 196 197 198 4 5 6 170 171 172 173 204 205 206 207 208 209 210 211 7 8 9 10 185 186 187 188 216 217 218 219 220 221 222 223 11 12 13 14 15 199 200 201 202 228 229 230 231 232 233 234 16 17 18 19 20 21 212 213 214 239 240 241 242 243 244 22 23 24 25 26 27 28 224 225 249 250 251 252 253 29 30 31 32 33 34 35 36 235 258 259 260 261 37 38 39 40 41 42 43 44 45 266 267 268 46 47 48 49 50 51 52 53 54 273 274 56 57 58 59 60 61 62 63 64 279 67 68 69 70 71 72 73 74 75 79 80 81 82 83 84 85 86 87 93 94 95 96 97 98 99 100 108 109 110 111 112 113 114 124 125 126 127 128 129 141 142 143 144 145 158 159 160 161 174 175 176 189 190 203
216 227 228 237 238 239 246 247 248 249 254 255 256 257 258 66 262 263 264 265 266 77 78 269 270 271 272 273 89 90 91 275 276 277 278 279 102 103 104 105 280 281 282 283 79 116 117 118 119 120 284 285 286 92 93 131 132 133 134 135 136 287 288 106 107 108 147 148 149 150 151 152 153 289 121 122 123 124 163 164 165 166 167 168 169 1 137 138 139 140 141 178 179 180 181 182 183 184 2 3 154 155 156 157 158 192 193 194 195 196 197 198 4 5 6 170 171 172 173 174 205 206 207 208 209 210 211 7 8 9 10 185 186 187 188 189 217 218 219 220 221 222 223 11 12 13 14 15 199 200 201 202 203 229 230 231 232 233 234 16 17 18 19 20 21 212 213 214 215 240 241 242 243 244 22 23 24 25 26 27 28 224 225 226 250 251 252 253 29 30 31 32 33 34 35 36 235 236 259 260 261 37 38 39 40 41 42 43 44 45 245 267 268 46 47 48 49 50 51 52 53 54 55 274 56 57 58 59 60 61 62 63 64 65 67 68 69 70 71 72 73 74 75 76 80 81 82 83 84 85 86 87 88 94 95 96 97 98 99 100 101 109 110 111 112 113 114 115 125 126 127 128 129 130 142 143 144 145 146 159 160 161 162 175 176 177 190 191 204
217 228 229 238 239 240 247 248 249 250 255 256 257 258 259 262 263 264 265 266 267 78 269 270 271 272 273 274 90 91 275 276 277 278 279 67 103 104 105 280 281 282 283 79 80 117 118 119 120 284 285 286 92 93 94 132 133 134 135 136 287 288 106 107 108 109 148 149 150 151 152 153 289 121 122 123 124 125 164 165 166 167 168 169 1 137 138 139 140 141 142 179 180 181 182 183 184 2 3 154 155 156 157 158 159 193 194 195 196 197 198 4 5 6 170 171 172 173 174 175 206 207 208 209 210 211 7 8 9 10 185 186 187 188 189 190 218 219 220 221 222 223 11 12 13 14 15 199 200 201 202 203 204 230 231 232 233 234 16 17 18 19 20 21 212 213 214 215 216 241 242 243 244 22 23 24 25 26 27 28 224 225 226 227 251 252 253 29 30 31 32 33 34 35 36 235 236 237 260 261 37 38 39 40 41 42 43 44 45 245 246 268 46 47 48 49 50 51 52 53 54 55 254 56 57 58 59 60 61 62 63 64 65 66 68 69 70 71 72 73 74 75 76 77 81 82 83 84 85 86 87 88 89 95 96 97 98 99 100 101 102 110 111 112 113 114 115 116 126 127 128 129 130 131 143 144 145 146 147 160 161 162 163 176 177 178 191 192 205
218 229 230 239 240 241 248 249 250 251 256 257 258 259 260 263 264 265 266 267 268 269 270 271 272 273 274 56 91 275 276 277 278 279 67 68 104 105 280 281 282 283 79 80 81 118 119 120 284 285 286 92 93 94 95 133 134 135 136 287 288 106 107 108 109 110 149 150 151 152 153 289 121 122 123 124 125 126 165 166 167 168 169 1 137 138 139 140 141 142 143 180 181 182 183 184 2 3 154 155 156 157 158 159 160 194 195 196 197 198 4 5 6 170 171 172 173 174 175 176 207 208 209 210 211 7 8 9 10 185 186 187 188 189 190 191 219 220 221 222 223 11 12 13 14 15 199 200 201 202 203 204 205 231 232 233 234 16 17 18 19 20 21 212 213 214 215 216 217 242 243 244 22 23 24 25 26 27 28 224 225 226 227 228 252 253 29 30 31 32 33 34 35 36 235 236 237 238 261 37 38 39 40 41 42 43 44 45 245 246 247 46 47 48 49 50 51 52 53 54 55 254 255 57 58 59 60 61 62 63 64 65 66 262 69 70 71 72 73 74 75 76 77 78 82 83 84 85 86 87 88 89 90 96 97 98 99 100 101 102 103 111 112 113 114 115 116 117 127 128 129 130 131 132 144 145 146 147 148 161 162 163 164 177 178 179 192 193 206
219 230 231 240 241 242 249 250 251 252 257 258 259 260 261 264 265 266 267 268 46 270 271 272 273 274 56 57 275 276 277 278 279 67 68 69 105 280 281 282 283 79 80 81 82 119 120 284 285 286 92 93 94 95 96 134 135 136 287 288 106 107 108 109 110 111 150 151 152 153 289 121 122 123 124 125 126 127 166 167 168 169 1 137 138 139 140 141 142 143 144 181 182 183 184 2 3 154 155 156 157 158 159 160 161 195 196 197 198 4 5 6 170 171 172 173 174 175 176 177 208 209 210 211 7 8 9 10 185 186 187 188 189 190 191 192 220 221 222 223 11 12 13 14 15 199 200 201 202 203 204 205 206 232 233 234 16 17 18 19 20 21 212 213 214 215 216 217 218 243 244 22 23 24 25 26 27 28 224 225 226 227 228 229 253 29 30 31 32 33 34 35 36 235 236 237 238 239 37 38 39 40 41 42 43 44 45 245 246 247 248 47 48 49 50 51 52 53 54 55 254 255 256 58 59 60 61 62 63 64 65 66 262 263 70 71 72 73 74 75 76 77 78 269 83 84 85 86 87 88 89 90 91 97 98 99 100 101 102 103 104 112 113 114 115 116 117 118 128 129 130 131 132 133 145 146 147 148 149 162 163 164 165 178 179 180 193 194 207
220 231 232 241 242 243 250 251 252 253 258 259 260 261 37 265 266 267 268 46 47 271 272 273 274 56 57 58 276 277 278 279 67 68 69 70 280 281 282 283 79 80 81 82 83 120 284 285 286 92 93 94 95 96 97 135 136 287 288 106 107 108 109 110 111 112 151 152 153 289 121 122 123 124 125 126 127 128 167 168 169 1 137 138 139 140 141 142 143 144 145 182 183 184 2 3 154 155 156 157 158 159 160 161 162 196 197 198 4 5 6 170 171 172 173 174 175 176 177 178 209 210 211 7 8 9 10 185 186 187 188 189 190 191 192 193 221 222 223 11 12 13 14 15 199 200 201 202 203 204 205 206 207 233 234 16 17 18 19 20 21 212 213 214 215 216 217 218 219 244 22 23 24 25 26 27 28 224 225 226 227 228 229 230 29 30 31 32 33 34 35 36 235 236 237 238 239 240 38 39 40 41 42 43 44 45 245 246 247 248 249 48 49 50 51 52 53 54 55 254 255 256 257 59 60 61 62 63 64 65 66 262 263 264 71 72 73 74 75 76 77 78 269 270 84 85 86 87 88 89 90 91 275 98 99 100 101 102 103 104 105 113 114 115 116 117 118 119 129 130 131 132 133 134 146 147 148 149 150 163 164 165 166 179 180 181 194 195 208
221 232 233 242 243 244 251 252 253 29 259 260 261 37 38 266 267 268 46 47 48 272 273 274 56 57 58 59 277 278 279 67 68 69 70 71 281 282 283 79 80 81 82 83 84 284 285 286 92 93 94 95 96 97 98 136 287 288 106 107 108 109 110 111 112 113 152 153 289 121 122 123 124 125 126 127 128 129 168 169 1 137 138 139 140 141 142 143 144 145 146 183 184 2 3 154 155 156 157 158 159 160 161 162 163 197 198 4 5 6 170 171 172 173 174 175 176 177 178 179 210 211 7 8 9 10 185 186 187 188 189 190 191 192 193 194 222 223 11 12 13 14 15 199 200 201 202 203 204 205 206 207 208 234 16 17 18 19 20 21 212 213 214 215 216 217 218 219 220 22 23 24 25 26 27 28 224 225 226 227 228 229 230 231 30 31 32 33 34 35 36 235 236 237 238 239 240 241 39 40 41 42 43 44 45 245 246 247 248 249 250 49 50 51 52 53 54 55 254 255 256 257 258 60 61 62 63 64 65 66 262 263 264 265 72 73 74 75 76 77 78 269 270 271 85 86 87 88 89 90 91 275 276 99 100 101 102 103 104 105 280 114 115 116 117 118 119 120 130 131 132 133 134 135 147 148 149 150 151 164 165 166 167 180 181 182 195 196 209
222 233 234 243 244 22 252 253 29 30 260 261 37 38 39 267 268 46 47 48 49 273 274 56 57 58 59 60 278 279 67 68 69 70 71 72 282 283 79 80 81 82 83 84 85 285 286 92 93 94 95 96 97 98 99 287 288 106 107 108 109 110 111 112 113 114 153 289 121 122 123 124 125 126 127 128 129 130 169 1 137 138 139 140 141 142 143 144 145 146 147 184 2 3 154 155 156 157 158 159 160 161 162 163 164 198 4 5 6 170 171 172 173 174 175 176 177 178 179 180 211 7 8 9 10 185 186 187 188 189 190 191 192 193 194 195 223 11 12 13 14 15 199 200 201 202 203 204 205 206 207 208 209 16 17 18 19 20 21 212 213 214 215 216 217 218 219 220 221 23 24 25 26 27 28 224 225 226 227 228 229 230 231 232 31 32 33 34 35 36 235 236 237 238 239 240 241 242 40 41 42 43 44 45 245 246 247 248 249 250 251 50 51 52 53 54 55 254 255 256 257 258 259 61 62 63 64 65 66 262 263 264 265 266 73 74 75 76 77 78 269 270 271 272 86 87 88 89 90 91 275 276 277 100 101 102 103 104 105 280 281 115 116 117 118 119 120 284 131 132 133 134 135 136 148 149 150 151 152 165 166 167 168 181 182 183 196 197 210
223 234 16 244 22 23 253 29 30 31 261 37 38 39 40 268 46 47 48 49 50 274 56 57 58 59 60 61 279 67 68 69 70 71 72 73 283 79 80 81 82 83 84 85 86 286 92 93 94 95 96 97 98 99 100 288 106 107 108 109 110 111 112 113 114 115 289 121 122 123 124 125 126 127 128 129 130 131 1 137 138 139 140 141 142 143 144 145 146 147 148 2 3 154 155 156 157 158 159 160 161 162 163 164 165 4 5 6 170 171 172 173 174 175 176 177 178 179 180 181 7 8 9 10 185 186 187 188 189 190 191 192 193 194 195 196 11 12 13 14 15 199 200 201 202 203 204 205 206 207 208 209 210 17 18 19 20 21 212 213 214 215 216 217 218 219 220 221 222 24 25 26 27 28 224 225 226 227 228 229 230 231 232 233 32 33 34 35 36 235 236 237 238 239 240 241 242 243 41 42 43 44 45 245 246 247 248 249 250 251 252 51 52 53 54 55 254 255 256 257 258 259 260 62 63 64 65 66 262 263 264 265 266 267 74 75 76 77 78 269 270 271 272 273 87 88 89 90 91 275 276 277 278 101 102 103 104 105 280 281 282 116 117 118 119 120 284 285 132 133 134 135 136 287 149 150 151 152 153 166 167 168 169 182 183 184 197 198 211
224 36 235 44 45 245 53 54 55 254 63 64 65 66 262 74 75 76 77 78 269 86 87 88 89 90 91 275 99 100 101 102 103 104 105 280 113 114 115 116 117 118 119 120 284 128 129 130 131 132 133 134 135 136 287 144 145 146 147 148 149 150 151 152 153 289 160 161 162 163 164 165 166 167 168 169 1 137 175 176 177 178 179 180 181 182 183 184 2 3 154 189 190 191 192 193 194 195 196 197 198 4 5 6 170 202 203 204 205 206 207 208 209 210 211 7 8 9 10 185 214 215 216 217 218 219 220 221 222 223 11 12 13 14 15 199 225 226 227 228 229 230 231 232 233 234 16 17 18 19 20 21 212 236 237 238 239 240 241 242 243 244 22 23 24 25 26 27 28 246 247 248 249 250 251 252 253 29 30 31 32 33 34 35 255 256 257 258 259 260 261 37 38 39 40 41 42 43 263 264 265 266 267 268 46 47 48 49 50 51 52 270 271 272 273 274 56 57 58 59 60 61 62 276 277 278 279 67 68 69 70 71 72 73 281 282 283 79 80 81 82 83 84 85 285 286 92 93 94 95 96 97 98 288 106 107 108 109 110 111 112 121 122 123 124 125 126 127 138 139 140 141 142 143 155 156 157 158 159 171 172 173 174 186 187 188 200 201 213
225 235 236 45 245 246 54 55 254 255 64 65 66 262 263 75 76 77 78 269 270 87 88 89 90 91 275 276 100 101 102 103 104 105 280 281 114 115 116 117 118 119 120 284 285 129 130 131 132 133 134 135 136 287 288 145 146 147 148 149 150 151 152 153 289 121 161 162 163 164 165 166 167 168 169 1 137 138 176 177 178 179 180 181 182 183 184 2 3 154 155 190 191 192 193 194 195 196 197 198 4 5 6 170 171 203 204 205 206 207 208 209 210 211 7 8 9 10 185 186 215 216 217 218 219 220 221 222 223 11 12 13 14 15 199 200 226 227 228 229 230 231 232 233 234 16 17 18 19 20 21 212 213 237 238 239 240 241 242 243 244 22 23 24 25 26 27 28 224 247 248 249 250 251 252 253 29 30 31 32 33 34 35 36 256 257 258 259 260 261 37 38 39 40 41 42 43 44 264 265 266 267 268 46 47 48 49 50 51 52 53 271 272 273 274 56 57 58 59 60 61 62 63 277 278 279 67 68 69 70 71 72 73 74 282 283 79 80 81 82 83 84 85 86 286 92 93 94 95 96 97 98 99 106 107 108 109 110 111 112 113 122 123 124 125 126 127 128 139 140 141 142 143 144 156 157 158 159 160 172 173 174 175 187 188 189 201 202 214
226 236 237 245 246 247 55 254 255 256 65 66 262 263 264 76 77 78 269 270 271 88 89 90 91 275 276 277 101 102 103 104 105 280 281 282 115 116 117 118 119 120 284 285 286 130 131 132 133 134 135 136 287 288 106 146 147 148 149 150 151 152 153 289 121 122 162 163 164 165 166 167 168 169 1 137 138 139 177 178 179 180 181 182 183 184 2 3 154 155 156 191 192 193 194 195 196 197 198 4 5 6 170 171 172 204 205 206 207 208 209 210 211 7 8 9 10 185 186 187 216 217 218 219 220 221 222 223 11 12 13 14 15 199 200 201 227 228 229 230 231 232 233 234 16 17 18 19 20 21 212 213 214 238 239 240 241 242 243 244 22 23 24 25 26 27 28 224 225 248 249 250 251 252 253 29 30 31 32 33 34 35 36 235 257 258 259 260 261 37 38 39 40 41 42 43 44 45 265 266 267 268 46 47 48 49 50 51 52 53 54 272 273 274 56 57 58 59 60 61 62 63 64 278 279 67 68 69 70 71 72 73 74 75 283 79 80 81 82 83 84 85 86 87 92 93 94 95 96 97 98 99 100 107 108 109 110 111 112 113 114 123 124 125 126 127 128 129 140 141 142 143 144 145 157 158 159 160 161 173 174 175 176 188 189 190 202 203 215
227 237 238 246 247 248 254 255 256 257 66 262 263 264 265 77 78 269 270 271 272 89 90 91 275 276 277 278 102 103 104 105 280 281 282 283 116 117 118 119 120 284 285 286 92 131 132 133 134 135 136 287 288 106 107 147 148 149 150 151 152 153 289 121 122 123 163 164 165 166 167 168 169 1 137 138 139 140 178 179 180 181 182 183 184 2 3 154 155 156 157 192 193 194 195 196 197 198 4 5 6 170 171 172 173 205 206 207 208 209 210 211 7 8 9 10 185 186 187 188 217 218 219 220 221 222 223 11 12 13 14 15 199 200 201 202 228 229 230 231 232 233 234 16 17 18 19 20 21 212 213 214 215 239 240 241 242 243 244 22 23 24 25 26 27 28 224 225 226 249 250 251 252 253 29 30 31 32 33 34 35 36 235 236 258 259 260 261 37 38 39 40 41 42 43 44 45 245 266 267 268 46 47 48 49 50 51 52 53 54 55 273 274 56 57 58 59 60 61 62 63 64 65 279 67 68 69 70 71 72 73 74 75 76 79 80 81 82 83 84 85 86 87 88 93 94 95 96 97 98 99 100 101 108 109 110 111 112 113 114 115 124 125 126 127 128 129 130 141 142 143 144 145 146 158 159 160 161 162 174 175 176 177 189 190 191 203 204 216
228 238 239 247 248 249 255 256 257 258 262 263 264 265 266 78 269 270 271 272 273 90 91 275 276 277 278 279 103 104 105 280 281 282 283 79 117 118 119 120 284 285 286 92 93 132 133 134 135 136 287 288 106 107 108 148 149 150 151 152 153 289 121 122 123 124 164 165 166 167 168 169 1 137 138 139 140 141 179 180 181 182 183 184 2 3 154 155 156 157 158 193 194 195 196 197 198 4 5 6 170 171 172 173 174 206 207 208 209 210 211 7 8 9 10 185 186 187 188 189 218 219 220 221 222 223 11 12 13 14 15 199 200 201 202 203 229 230 231 232 233 234 16 17 18 19 20 21 212 213 214 215 216 240 241 242 243 244 22 23 24 25 26 27 28 224 225 226 227 250 251 252 253 29 30 31 32 33 34 35 36 235 236 237 259 260 261 37 38 39 40 41 42 43 44 45 245 246 267 268 46 47 48 49 50 51 52 53 54 55 254 274 56 57 58 59 60 61 62 63 64 65 66 67 68 69 70 71 72 73 74 75 76 77 80 81 82 83 84 85 86 87 88 89 94 95 96 97 98 99 100 101 102 109 110 111 112 113 114 115 116 125 126 127 128 129 130 131 142 143 144 145 146 147 159 160 161 162 163 175 176 177 178 190 191 192 204 205 217
229 239 240 248 249 250 256 257 258 259 263 264 265 266 267 269 270 271 272 273 274 91 275 276 277 278 279 67 104 105 280 281 282 283 79 80 118 119 120 284 285 286 92 93 94 133 134 135 136 287 288 106 107 108 109 149 150 151 152 153 289 121 122 123 124 125 165 166 167 168 169 1 137 138 139 140 141 142 180 181 182 183 184 2 3 154 155 156 157 158 159 194 195 196 197 198 4 5 6 170 171 172 173 174 175 207 208 209 210 211 7 8 9 10 185 186 187 188 189 190 219 220 221 222 223 11 12 13 14 15 199 200 201 202 203 204 230 231 232 233 234 16 17 18 19 20 21 212 213 214 215 216 217 241 242 243 244 22 23 24 25 26 27 28 224 225 226 227 228 251 252 253 29 30 31 32 33 34 35 36 235 236 237 238 260 261 37 38 39 40 41 42 43 44 45 245 246 247 268 46 47 48 49 50 51 52 53 54 55 254 255 56 57 58 59 60 61 62 63 64 65 66 262 68 69 70 71 72 73 74 75 76 77 78 81 82 83 84 85 86 87 88 89 90 95 96 97 98 99 100 101 102 103 110 111 112 113 114 115 116 117 126 127 128 129 130 131 132 143 144 145 146 147 148 160 161 162 163 164 176 177 178 179 191 192 193 205 206 218
230 240 241 249 250 251 257 258 259 260 264 265 266 267 268 270 271 272 273 274 56 275 276 277 278 279 67 68 105 280 281 282 283 79 80 81 119 120 284 285 286 92 93 94 95 134 135 136 287 288 106 107 108 109 110 150 151 152 153 289 121 122 123 124 125 126 166 167 168 169 1 137 138 139 140 141 142 143 181 182 183 184 2 3 154 155 156 157 158 159 160 195 196 197 198 4 5 6 170 171 172 173 174 175 176 208 209 210 211 7 8 9 10 185 186 187 188 189 190 191 220 221 222 223 11 12 13 14 15 199 200 201 202 203 204 205 231 232 233 234 16 17 18 19 20 21 212 213 214 215 216 217 218 242 243 244 22 23 24 25 26 27 28 224 225 226 227 228 229 252 253 29 30 31 32 33 34 35 36 235 236 237 238 239 261 37 38 39 40 41 42 43 44 45 245 246 247 248 46 47 48 49 50 51 52 53 54 55 254 255 256 57 58 59 60 61 62 63 64 65 66 262 263 69 70 71 72 73 74 75 76 77 78 269 82 83 84 85 86 87 88 89 90 91 96 97 98 99 100 101 102 103 104 111 112 113 114 115 116 117 118 127 128 129 130 131 132 133 144 145 146 147 148 149 161 162 163 164 165 177 178 179 180 192 193 194 206 207 219
231 241 242 250 251 252 258 259 260 261 265 266 267 268 46 271 272 273 274 56 57 276 277 278 279 67 68 69 280 281 282 283 79 80 81 82 120 284 285 286 92 93 94 95 96 135 136 287 288 106 107 108 109 110 111 151 152 153 289 121 122 123 124 125 126 127 167 168 169 1 137 138 139 140 141 142 143 144 182 183 184 2 3 154 155 156 157 158 159 160 161 196 197 198 4 5 6 170 171 172 173 174 175 176 177 209 210 211 7 8 9 10 185 186 187 188 189 190 191 192 221 222 223 11 12 13 14 15 199 200 201 202 203 204 205 206 232 233 234 16 17 18 19 20 21 212 213 214 215 216 217 218 219 243 244 22 23 24 25 26 27 28 224 225 226 227 228 229 230 253 29 30 31 32 33 34 35 36 235 236 237 238 239 240 37 38 39 40 41 42 43 44 45 245 246 247 248 249 47 48 49 50 51 52 53 54 55 254 255 256 257 58 59 60 61 62 63 64 65 66 262 263 264 70 71 72 73 74 75 76 77 78 269 270 83 84 85 86 87 88 89 90 91 275 97 98 99 100 101 102 103 104 105 112 113 114 115 116 117 118 119 128 129 130 131 132 133 134 145 146 147 148 149 150 162 163 164 165 166 178 179 180 181 193 194 195 207 208 220
232 242 243 251 252 253 259 260 261 37 266 267 268 46 47 272 273 274 56 57 58 277 278 279 67 68 69 70 281 282 283 79 80 81 82 83 284 285 286 92 93 94 95 96 97 136 287 288 106 107 108 109 110 111 112 152 153 289 121 122 123 124 125 126 127 128 168 169 1 137 138 139 140 141 142 143 144 145 183 184 2 3 154 155 156 157 158 159 160 161 162 197 198 4 5 6 170 171 172 173 174 175 176 177 178 210 211 7 8 9 10 185 186 187 188 189 190 191 192 193 222 223 11 12 13 14 15 199 200 201 202 203 204 205 206 207 233 234 16 17 18 19 20 21 212 213 214 215 216 217 218 219 220 244 22 23 24 25 26 27 28 224 225 226 227 228 229 230 231 29 30 31 32 33 34 35 36 235 236 237 238 239 240 241 38 39 40 41 42 43 44 45 245 246 247 248 249 250 48 49 50 51 52 53 54 55 254 255 256 257 258 59 60 61 62 63 64 65 66 262 263 264 265 71 72 73 74 75 76 77 78 269 270 271 84 85 86 87 88 89 90 91 275 276 98 99 100 101 102 103 104 105 280 113 114 115 116 117 118 119 120 129 130 131 132 133 134 135 146 147 148 149 150 151 163 164 165 166 167 179 180 181 182 194 195 196 208 209 221
233 243 244 252 253 29 260 261 37 38 267 268 46 47 48 273 274 56 57 58 59 278 279 67 68 69 70 71 282 283 79 80 81 82 83 84 285 286 92 93 94 95 96 97 98 287 288 106 107 108 109 110 111 112 113 153 289 121 122 123 124 125 126 127 128 129 169 1 137 138 139 140 141 142 143 144 145 146 184 2 3 154 155 156 157 158 159 160 161 162 163 198 4 5 6 170 171 172 173 174 175 176 177 178 179 211 7 8 9 10 185 186 187 188 189 190 191 192 193 194 223 11 12 13 14 15 199 200 201 202 203 204 205 206 207 208 234 16 17 18 19 20 21 212 213 214 215 216 217 218 219 220 221 22 23 24 25 26 27 28 224 225 226 227 228 229 230 231 232 30 31 32 33 34 35 36 235 236 237 238 239 240 241 242 39 40 41 42 43 44 45 245 246 247 248 249 250 251 49 50 51 52 53 54 55 254 255 256 257 258 259 60 61 62 63 64 65 66 262 263 264 265 266 72 73 74 75 76 77 78 269 270 271 272 85 86 87 88 89 90 91 275 276 277 99 100 101 102 103 104 105 280 281 114 115 116 117 118 119 120 284 130 131 132 133 134 135 136 147 148 149 150 151 152 164 165 166 167 168 180 181 182 183 195 196 197 209 210 222
234 244 22 253 29 30 261 37 38 39 268 46 47 48 49 274 56 57 58 59 60 279 67 68 69 70 71 72 283 79 80 81 82 83 84 85 286 92 93 94 95 96 97 98 99 288 106 107 108 109 110 111 112 113 114 289 121 122 123 124 125 126 127 128 129 130 1 137 138 139 140 141 142 143 144 145 146 147 2 3 154 155 156 157 158 159 160 161 162 163 164 4 5 6 170 171 172 173 174 175 176 177 178 179 180 7 8 9 10 185 186 187 188 189 190 191 192 193 194 195 11 12 13 14 15 199 200 201 202 203 204 205 206 207 208 209 16 17 18 19 20 21 212 213 214 215 216 217 218 219 220 221 222 23 24 25 26 27 28 224 225 226 227 228 229 230 231 232 233 31 32 33 34 35 36 235 236 237 238 239 240 241 242 243 40 41 42 43 44 45 245 246 247 248 249 250 251 252 50 51 52 53 54 55 254 255 256 257 258 259 260 61 62 63 64 65 66 262 263 264 265 266 267 73 74 75 76 77 78 269 270 271 272 273 86 87 88 89 90 91 275 276 277 278 100 101 102 103 104 105 280 281 282 115 116 117 118 119 120 284 285 131 132 133 134 135 136 287 148 149 150 151 152 153 165 166 167 168 169 181 182 183 184 196 197 198 210 211 223
235 45 245 54 55 254 64 65 66 262 75 76 77 78 269 87 88 89 90 91 275 100 101 102 103 104 105 280 114 115 116 117 118 119 120 284 129 130 131 132 133 134 135 136 287 145 146 147 148 149 150 151 152 153 289 161 162 163 164 165 166 167 168 169 1 137 176 177 178 179 180 181 182 183 184 2 3 154 190 191 192 193 194 195 196 197 198 4 5 6 170 203 204 205 206 207 208 209 210 211 7 8 9 10 185 215 216 217 218 219 220 221 222 223 11 12 13 14 15 199 226 227 228 229 230 231 232 233 234 16 17 18 19 20 21 212 236 237 238 239 240 241 242 243 244 22 23 24 25 26 27 28 224 246 247 248 249 250 251 252 253 29 30 31 32 33 34 35 36 255 256 257 258 259 260 261 37 38 39 40 41 42 43 44 263 264 265 266 267 268 46 47 48 49 50 51 52 53 270 271 272 273 274 56 57 58 59 60 61 62 63 276 277 278 279 67 68 69 70 71 72 73 74 281 282 283 79 80 81 82 83 84 85 86 285 286 92 93 94 95 96 97 98 99 288 106 107 108 109 110 111 112 113 121 122 123 124 125 126 127 128 138 139 140 141 142 143 144 155 156 157 158 159 160 171 172 173 174 175 186 187 188 189 200 201 202 213 214 225
236 245 246 55 254 255 65 66 262 263 76 77 78 269 270 88 89 90 91 275 276 101 102 103 104 105 280 281 115 116 117 118 119 120 284 285 130 131 132 133 134 135 136 287 288 146 147 148 149 150 151 152 153 289 121 162 163 164 165 166 167 168 169 1 137 138 177 178 179 180 181 182 183 184 2 3 154 155 191 192 193 194 195 196 197 198 4 5 6 170 171 204 205 206 207 208 209 210 211 7 8 9 10 185 186 216 217 218 219 220 221 222 223 11 12 13 14 15 199 200 227 228 229 230 231 232 233 234 16 17 18 19 20 21 212 213 237 238 239 240 241 242 243 244 22 23 24 25 26 27 28 224 225 247 248 249 250 251 252 253 29 30 31 32 33 34 35 36 235 256 257 258 259 260 261 37 38 39 40 41 42 43 44 45 264 265 266 267 268 46 47 48 49 50 51 52 53 54 271 272 273 274 56 57 58 59 60 61 62 63 64 277 278 279 67 68 69 70 71 72 73 74 75 282 283 79 80 81 82 83 84 85 86 87 286 92 93 94 95 96 97 98 99 100 106 107 108 109 110 111 112 113 114 122 123 124 125 126 127 128 129 139 140 141 142 143 144 145 156 157 158 159 160 161 172 173 174 175 176 187 188 189 190 201 202 203 214 215 226
237 246 247 254 255 256 66 262 263 264 77 78 269 270 271 89 90 91 275 276 277 102 103 104 105 280 281 282 116 117 118 119 120 284 285 286 131 132 133 134 135 136 287 288 106 147 148 149 150 151 152 153 289 121 122 163 164 165 166 167 168 169 1 137 138 139 178 179 180 181 182 183 184 2 3 154 155 156 192 193 194 195 196 197 198 4 5 6 170 171 172 205 206 207 208 209 210 211 7 8 9 10 185 186 187 217 218 219 220 221 222 223 11 12 13 14 15 199 200 201 228 229 230 231 232 233 234 16 17 18 19 20 21 212 213 214 238 239 240 241 242 243 244 22 23 24 25 26 27 28 224 225 226 248 249 250 251 252 253 29 30 31 32 33 34 35 36 235 236 257 258 259 260 261 37 38 39 40 41 42 43 44 45 245 265 266 267 268 46 47 48 49 50 51 52 53 54 55 272 273 274 56 57 58 59 60 61 62 63 64 65 278 279 67 68 69 70 71 72 73 74 75 76 283 79 80 81 82 83 84 85 86 87 88 92 93 94 95 96 97 98 99 100 101 107 108 109 110 111 112 113 114 115 123 124 125 126 127 128 129 130 140 141 142 143 144 145 146 157 158 159 160 161 162 173 174 175 176 177 188 189 190 191 202 203 204 215 216 227
238 247 248 255 256 257 262 263 264 265 78 269 270 271 272 90 91 275 276 277 278 103 104 105 280 281 282 283 117 118 119 120 284 285 286 92 132 133 134 135 136 287 288 106 107 148 149 150 151 152 153 289 121 122 123 164 165 166 167 168 169 1 137 138 139 140 179 180 181 182 183 184 2 3 154 155 156 157 193 194 195 196 197 198 4 5 6 170 171 172 173 206 207 208 209 210 211 7 8 9 10 185 186 187 188 218 219 220 221 222 223 11 12 13 14 15 199 200 201 202 229 230 231 232 233 234 16 17 18 19 20 21 212 213 214 215 239 240 241 242 243 244 22 23 24 25 26 27 28 224 225 226 227 249 250 251 252 253 29 30 31 32 33 34 35 36 235 236 237 258 259 260 261 37 38 39 40 41 42 43 44 45 245 246 266 267 268 46 47 48 49 50 51 52 53 54 55 254 273 274 56 57 58 59 60 61 62 63 64 65 66 279 67 68 69 70 71 72 73 74 75 76 77 79 80 81 82 83 84 85 86 87 88 89 93 94 95 96 97 98 99 100 101 102 108 109 110 111 112 113 114 115 116 124 125 126 127 128 129 130 131 141 142 143 144 145 146 147 158 159 160 161 162 163 174 175 176 177 178 189 190 191 192 203 204 205 216 217 228
239 248 249 256 257 258 263 264 265 266 269 270 271 272 273 91 275 276 277 278 279 104 105 280 281 282 283 79 118 119 120 284 285 286 92 93 133 134 135 136 287 288 106 107 108 149 150 151 152 153 289 121 122 123 124 165 166 167 168 169 1 137 138 139 140 141 180 181 182 183 184 2 3 154 155 156 157 158 194 195 196 197 198 4 5 6 170 171 172 173 174 207 208 209 210 211 7 8 9 10 185 186 187 188 189 219 220 221 222 223 11 12 13 14 15 199 200 201 202 203 230 231 232 233 234 16 17 18 19 20 21 212 213 214 215 216 240 241 242 243 244 22 23 24 25 26 27 28 224 225 226 227 228 250 251 252 253 29 30 31 32 33 34 35 36 235 236 237 238 259 260 261 37 38 39 40 41 42 43 44 45 245 246 247 267 268 46 47 48 49 50 51 52 53 54 55 254 255 274 56 57 58 59 60 61 62 63 64 65 66 262 67 68 69 70 71 72 73 74 75 76 77 78 80 81 82 83 84 85 86 87 88 89 90 94 95 96 97 98 99 100 101 102 103 109 110 111 112 113 114 115 116 117 125 126 127 128 129 130 131 132 142 143 144 145 146 147 148 159 160 161 162 163 164 175 176 177 178 179 190 191 192 193 204 205 206 217 218 229
240 249 250 257 258 259 264 265 266 267 270 271 272 273 274 275 276 277 278 279 67 105 280 281 282 283 79 80 119 120 284 285 286 92 93 94 134 135 136 287 288 106 107 108 109 150 151 152 153 289 121 122 123 124 125 166 167 168 169 1 137 138 139 140 141 142 181 182 183 184 2 3 154 155 156 157 158 159 195 196 197 198 4 5 6 170 171 172 173 174 175 208 209 210 211 7 8 9 10 185 186 187 188 189 190 220 221 222 223 11 12 13 14 15 199 200 201 202 203 204 231 232 233 234 16 17 18 19 20 21 212 213 214 215 216 217 241 242 243 244 22 23 24 25 26 27 28 224 225 226 227 228 229 251 252 253 29 30 31 32 33 34 35 36 235 236 237 238 239 260 261 37 38 39 40 41 42 43 44 45 245 246 247 248 268 46 47 48 49 50 51 52 53 54 55 254 255 256 56 57 58 59 60 61 62 63 64 65 66 262 263 68 69 70 71 72 73 74 75 76 77 78 269 81 82 83 84 85 86 87 88 89 90 91 95 96 97 98 99 100 101 102 103 104 110 111 112 113 114 115 116 117 118 126 127 128 129 130 131 132 133 143 144 145 146 147 148 149 160 161 162 163 164 165 176 177 178 179 180 191 192 193 194 205 206 207 218 219 230
241 250 251 258 259 260 265 266 267 268 271 272 273 274 56 276 277 278 279 67 68 280 281 282 283 79 80 81 120 284 285 286 92 93 94 95 135 136 287 288 106 107 108 109 110 151 152 153 289 121 122 123 124 125 126 167 168 169 1 137 138 139 140 141 142 143 182 183 184 2 3 154 155 156 157 158 159 160 196 197 198 4 5 6 170 171 172 173 174 175 176 209 210 211 7 8 9 10 185 186 187 188 189 190 191 221 222 223 11 12 13 14 15 199 200 201 202 203 204 205 232 233 234 16 17 18 19 20 21 212 213 214 215 216 217 218 242 243 244 22 23 24 25 26 27 28 224 225 226 227 228 229 230 252 253 29 30 31 32 33 34 35 36 235 236 237 238 239 240 261 37 38 39 40 41 42 43 44 45 245 246 247 248 249 46 47 48 49 50 51 52 53 54 55 254 255 256 257 57 58 59 60 61 62 63 64 65 66 262 263 264 69 70 71 72 73 74 75 76 77 78 269 270 82 83 84 85 86 87 88 89 90 91 275 96 97 98 99 100 101 102 103 104 105 111 112 113 114 115 116 117 118 119 127 128 129 130 131 132 133 134 144 145 146 147 148 149 150 161 162 163 164 165 166 177 178 179 180 181 192 193 194 195 206 207 208 219 220 231
242 251 252 259 260 261 266 267 268 46 272 273 274 56 57 277 278 279 67 68 69 281 282 283 79 80 81 82 284 285 286 92 93 94 95 96 136 287 288 106 107 108 109 110 111 152 153 289 121 122 123 124 125 126 127 168 169 1 137 138 139 140 141 142 143 144 183 184 2 3 154 155 156 157 158 159 160 161 197 198 4 5 6 170 171 172 173 174 175 176 177 210 211 7 8 9 10 185 186 187 188 189 190 191 192 222 223 11 12 13 14 15 199 200 201 202 203 204 205 206 233 234 16 17 18 19 20 21 212 213 214 215 216 217 218 219 243 244 22 23 24 25 26 27 28 224 225 226 227 228 229 230 231 253 29 30 31 32 33 34 35 36 235 236 237 238 239 240 241 37 38 39 40 41 42 43 44 45 245 246 247 248 249 250 47 48 49 50 51 52 53 54 55 254 255 256 257 258 58 59 60 61 62 63 64 65 66 262 263 264 265 70 71 72 73 74 75 76 77 78 269 270 271 83 84 85 86 87 88 89 90 91 275 276 97 98 99 100 101 102 103 104 105 280 112 113 114 115 116 117 118 119 120 128 129 130 131 132 133 134 135 145 146 147 148 149 150 151 162 163 164 165 166 167 178 179 180 181 182 193 194 195 196 207 208 209 220 221 232
243 252 253 260 261 37 267 268 46 47 273 274 56 57 58 278 279 67 68 69 70 282 283 79 80 81 82 83 285 286 92 93 94 95 96 97 287 288 106 107 108 109 110 111 112 153 289 121 122 123 124 125 126 127 128 169 1 137 138 139 140 141 142 143 144 145 184 2 3 154 155 156 157 158 159 160 161 162 198 4 5 6 170 171 172 173 174 175 176 177 178 211 7 8 9 10 185 186 187 188 189 190 191 192 193 223 11 12 13 14 15 199 200 201 202 203 204 205 206 207 234 16 17 18 19 20 21 212 213 214 215 216 217 218 219 220 244 22 23 24 25 26 27 28 224 225 226 227 228 229 230 231 232 29 30 31 32 33 34 35 36 235 236 237 238 239 240 241 242 38 39 40 41 42 43 44 45 245 246 247 248 249 250 251 48 49 50 51 52 53 54 55 254 255 256 257 258 259 59 60 61 62 63 64 65 66 262 263 264 265 266 71 72 73 74 75 76 77 78 269 270 271 272 84 85 86 87 88 89 90 91 275 276 277 98 99 100 101 102 103 104 105 280 281 113 114 115 116 117 118 119 120 284 129 130 131 132 133 134 135 136 146 147 148 149 150 151 152 163 164 165 166 167 168 179 180 181 182 183 194 195 196 197 208 209 210 221 222 233
244 253 29 261 37 38 268 46 47 48 274 56 57 58 59 279 67 68 69 70 71 283 79 80 81 82 83 84 286 92 93 94 95 96 97 98 288 106 107 108 109 110 111 112 113 289 121 122 123 124 125 126 127 128 129 1 137 138 139 140 141 142 143 144 145 146 2 3 154 155 156 157 158 159 160 161 162 163 4 5 6 170 171 172 173 174 175 176 177 178 179 7 8 9 10 185 186 187 188 189 190 191 192 193 194 11 12 13 14 15 199 200 201 202 203 204 205 206 207 208 16 17 18 19 20 21 212 213 214 215 216 217 218 219 220 221 22 23 24 25 26 27 28 224 225 226 227 228 229 230 231 232 233 30 31 32 33 34 35 36 235 236 237 238 239 240 241 242 243 39 40 41 42 43 44 45 245 246 247 248 249 250 251 252 49 50 51 52 53 54 55 254 255 256 257 258 259 260 60 61 62 63 64 65 66 262 263 264 265 266 267 72 73 74 75 76 77 78 269 270 271 272 273 85 86 87 88 89 90 91 275 276 277 278 99 100 101 102 103 104 105 280 281 282 114 115 116 117 118 119 120 284 285 130 131 132 133 134 135 136 287 147 148 149 150 151 152 153 164 165 166 167 168 169 180 181 182 183 184 195 196 197 198 209 210 211 222 223 234
245 55 254 65 66 262 76 77 78 269 88 89 90 91 275 101 102 103 104 105 280 115 116 117 118 119 120 284 130 131 132 133 134 135 136 287 146 147 148 149 150 151 152 153 289 162 163 164 165 166 167 168 169 1 137 177 178 179 180 181 182 183 184 2 3 154 191 192 193 194 195 196 197 198 4 5 6 170 204 205 206 207 208 209 210 211 7 8 9 10 185 216 217 218 219 220 221 222 223 11 12 13 14 15 199 227 228 229 230 231 232 233 234 16 17 18 19 20 21 212 237 238 239 240 241 242 243 244 22 23 24 25 26 27 28 224 246 247 248 249 250 251 252 253 29 30 31 32 33 34 35 36 235 255 256 257 258 259 260 261 37 38 39 40 41 42 43 44 45 263 264 265 266 267 268 46 47 48 49 50 51 52 53 54 270 271 272 273 274 56 57 58 59 60 61 62 63 64 276 277 278 279 67 68 69 70 71 72 73 74 75 281 282 283 79 80 81 82 83 84 85 86 87 285 286 92 93 94 95 96 97 98 99 100 288 106 107 108 109 110 111 112 113 114 121 122 123 124 125 126 127 128 129 138 139 140 141 142 143 144 145 155 156 157 158 159 160 161 171 172 173 174 175 176 186 187 188 189 190 200 201 202 203 213 214 215 225 226 236
246 254 255 66 262 263 77 78 269 270 89 90 91 275 276 102 103 104 105 280 281 116 117 118 119 120 284 285 131 132 133 134 135 136 287 288 147 148 149 150 151 152 153 289 121 163 164 165 166 167 168 169 1 137 138 178 179 180 181 182 183 184 2 3 154 155 192 193 194 195 196 197 198 4 5 6 170 171 205 206 207 208 209 210 211 7 8 9 10 185 186 217 218 219 220 221 222 223 11 12 13 14 15 199 200 228 229 230 231 232 233 234 16 17 18 19 20 21 212 213 238 239 240 241 242 243 244 22 23 24 25 26 27 28 224 225 247 248 249 250 251 252 253 29 30 31 32 33 34 35 36 235 236 256 257 258 259 260 261 37 38 39 40 41 42 43 44 45 245 264 265 266 267 268 46 47 48 49 50 51 52 53 54 55 271 272 273 274 56 57 58 59 60 61 62 63 64 65 277 278 279 67 68 69 70 71 72 73 74 75 76 282 283 79 80 81 82 83 84 85 86 87 88 286 92 93 94 95 96 97 98 99 100 101 106 107 108 109 110 111 112 113 114 115 122 123 124 125 126 127 128 129 130 139 140 141 142 143 144 145 146 156 157 158 159 160 161 162 172 173 174 175 176 177 187 188 189 190 191 201 202 203 204 214 215 216 226 227 237
247 255 256 262 263 264 78 269 270 271 90 91 275 276 277 103 104 105 280 281 282 117 118 119 120 284 285 286 132 133 134 135 136 287 288 106 148 149 150 151 152 153 289 121 122 164 165 166 167 168 169 1 137 138 139 179 180 181 182 183 184 2 3 154 155 156 193 194 195 196 197 198 4 5 6 170 171 172 206 207 208 209 210 211 7 8 9 10 185 186 187 218 219 220 221 222 223 11 12 13 14 15 199 200 201 229 230 231 232 233 234 16 17 18 19 20 21 212 213 214 239 240 241 242 243 244 22 23 24 25 26 27 28 224 225 226 248 249 250 251 252 253 29 30 31 32 33 34 35 36 235 236 237 257 258 259 260 261 37 38 39 40 41 42 43 44 45 245 246 265 266 267 268 46 47 48 49 50 51 52 53 54 55 254 272 273 274 56 57 58 59 60 61 62 63 64 65 66 278 279 67 68 69 70 71 72 73 74 75 76 77 283 79 80 81 82 83 84 85 86 87 88 89 92 93 94 95 96 97 98 99 100 101 102 107 108 109 110 111 112 113 114 115 116 123 124 125 126 127 128 129 130 131 140 141 142 143 144 145 146 147 157 158 159 160 161 162 163 173 174 175 176 177 178 188 189 190 191 192 202 203 204 205 215 216 217 227 228 238
248 256 257 263 264 265 269 270 271 272 91 275 276 277 278 104 105 280 281 282 283 118 119 120 284 285 286 92 133 134 135 136 287 288 106 107 149 150 151 152 153 289 121 122 123 165 166 167 168 169 1 137 138 139 140 180 181 182 183 184 2 3 154 155 156 157 194 195 196 197 198 4 5 6 170 171 172 173 207 208 209 210 211 7 8 9 10 185 186 187 188 219 220 221 222 223 11 12 13 14 15 199 200 201 202 230 231 232 233 234 16 17 18 19 20 21 212 213 214 215 240 241 242 243 244 22 23 24 25 26 27 28 224 225 226 227 249 250 251 252 253 29 30 31 32 33 34 35 36 235 236 237 238 258 259 260 261 37 38 39 40 41 42 43 44 45 245 246 247 266 267 268 46 47 48 49 50 51 52 53 54 55 254 255 273 274 56 57 58 59 60 61 62 63 64 65 66 262 279 67 68 69 70 71 72 73 74 75 76 77 78 79 80 81 82 83 84 85 86 87 88 89 90 93 94 95 96 97 98 99 100 101 102 103 108 109 110 111 112 113 114 115 116 117 124 125 126 127 128 129 130 131 132 141 142 143 144 145 146 147 148 158 159 160 161 162 163 164 174 175 176 177 178 179 189 190 191 192 193 203 204 205 206 216 217 218 228 229 239
249 257 258 264 265 266 270 271 272 273 275 276 277 278 279 105 280 281 282 283 79 119 120 284 285 286 92 93 134 135 136 287 288 106 107 108 150 151 152 153 289 121 122 123 124 166 167 168 169 1 137 138 139 140 141 181 182 183 184 2 3 154 155 156 157 158 195 196 197 198 4 5 6 170 171 172 173 174 208 209 210 211 7 8 9 10 185 186 187 188 189 220 221 222 223 11 12 13 14 15 199 200 201 202 203 231 232 233 234 16 17 18 19 20 21 212 213 214 215 216 241 242 243 244 22 23 24 25 26 27 28 224 225 226 227 228 250 251 252 253 29 30 31 32 33 34 35 36 235 236 237 238 239 259 260 261 37 38 39 40 41 42 43 44 45 245 246 247 248 267 268 46 47 48 49 50 51 52 53 54 55 254 255 256 274 56 57 58 59 60 61 62 63 64 65 66 262 263 67 68 69 70 71 72 73 74 75 76 77 78 269 80 81 82 83 84 85 86 87 88 89 90 91 94 95 96 97 98 99 100 101 102 103 104 109 110 111 112 113 114 115 116 117 118 125 126 127 128 129 130 131 132 133 142 143 144 145 146 147 148 149 159 160 161 162 163 164 165 175 176 177 178 179 180 190 191 192 193 194 204 205 206 207 217 218 219 229 230 240
250 258 259 265 266 267 271 272 273 274 276 277 278 279 67 280 281 282 283 79 80 120 284 285 286 92 93 94 135 136 287 288 106 107 108 109 151 152 153 289 121 122 123 124 125 167 168 169 1 137 138 139 140 141 142 182 183 184 2 3 154 155 156 157 158 159 196 197 198 4 5 6 170 171 172 173 174 175 209 210 211 7 8 9 10 185 186 187 188 189 190 221 222 223 11 12 13 14 15 199 200 201 202 203 204 232 233 234 16 17 18 19 20 21 212 213 214 215 216 217 242 243 244 22 23 24 25 26 27 28 224 225 226 227 228 229 251 252 253 29 30 31 32 33 34 35 36 235 236 237 238 239 240 260 261 37 38 39 40 41 42 43 44 45 245 246 247 248 249 268 46 47 48 49 50 51 52 53 54 55 254 255 256 257 56 57 58 59 60 61 62 63 64 65 66 262 263 264 68 69 70 71 72 73 74 75 76 77 78 269 270 81 82 83 84 85 86 87 88 89 90 91 275 95 96 97 98 99 100 101 102 103 104 105 110 111 112 113 114 115 116 117 118 119 126 127 128 129 130 131 132 133 134 143 144 145 146 147 148 149 150 160 161 162 163 164 165 166 176 177 178 179 180 181 191 192 193 194 195 205 206 207 208 218 219 220 230 231 241
251 259 260 266 267 268 272 273 274 56 277 278 279 67 68 281 282 283 79 80 81 284 285 286 92 93 94 95 136 287 288 106 107 108 109 110 152 153 289 121 122 123 124 125 126 168 169 1 137 138 139 140 141 142 143 183 184 2 3 154 155 156 157 158 159 160 197 198 4 5 6 170 171 172 173 174 175 176 210 211 7 8 9 10 185 186 187 188 189 190 191 222 223 11 12 13 14 15 199 200 201 202 203 204 205 233 234 16 17 18 19 20 21 212 213 214 215 216 217 218 243 244 22 23 24 25 26 27 28 224 225 226 227 228 229 230 252 253 29 30 31 32 33 34 35 36 235 236 237 238 239 240 241 261 37 38 39 40 41 42 43 44 45 245 246 247 248 249 250 46 47 48 49 50 51 52 53 54 55 254 255 256 257 258 57 58 59 60 61 62 63 64 65 66 262 263 264 265 69 70 71 72 73 74 75 76 77 78 269 270 271 82 83 84 85 86 87 88 89 90 91 275 276 96 97 98 99 100 101 102 103 104 105 280 111 112 113 114 115 116 117 118 119 120 127 128 129 130 131 132 133 134 135 144 145 146 147 148 149 150 151 161 162 163 164 165 166 167 177 178 179 180 181 182 192 193 194 195 196 206 207 208 209 219 220 221 231 232 242
252 260 261 267 268 46 273 274 56 57 278 279 67 68 69 282 283 79 80 81 82 285 286 92 93 94 95 96 287 288 106 107 108 109 110 111 153 289 121 122 123 124 125 126 127 169 1 137 138 139 140 141 142 143 144 184 2 3 154 155 156 157 158 159 160 161 198 4 5 6 170 171 172 173 174 175 176 177 211 7 8 9 10 185 186 187 188 189 190 191 192 223 11 12 13 14 15 199 200 201 202 203 204 205 206 234 16 17 18 19 20 21 212 213 214 215 216 217 218 219 244 22 23 24 25 26 27 28 224 225 226 227 228 229 230 231 253 29 30 31 32 33 34 35 36 235 236 237 238 239 240 241 242 37 38 39 40 41 42 43 44 45 245 246 247 248 249 250 251 47 48 49 50 51 52 53 54 55 254 255 256 257 258 259 58 59 60 61 62 63 64 65 66 262 263 264 265 266 70 71 72 73 74 75 76 77 78 269 270 271 272 83 84 85 86 87 88 89 90 91 275 276 277 97 98 99 100 101 102 103 104 105 280 281 112 113 114 115 116 117 118 119 120 284 128 129 130 131 132 133 134 135 136 145 146 147 148 149 150 151 152 162 163 164 165 166 167 168 178 179 180 181 182 183 193 194 195 196 197 207 208 209 210 220 221 222 232 233 243
253 261 37 268 46 47 274 56 57 58 279 67 68 69 70 283 79 80 81 82 83 286 92 93 94 95 96 97 288 106 107 108 109 110 111 112 289 121 122 123 124 125 126 127 128 1 137 138 139 140 141 142 143 144 145 2 3 154 155 156 157 158 159 160 161 162 4 5 6 170 171 172 173 174 175 176 177 178 7 8 9 10 185 186 187 188 189 190 191 192 193 11 12 13 14 15 199 200 201 202 203 204 205 206 207 16 17 18 19 20 21 212 213 214 215 216 217 218 219 220 22 23 24 25 26 27 28 224 225 226 227 228 229 230 231 232 29 30 31 32 33 34 35 36 235 236 237 238 239 240 241 242 243 38 39 40 41 42 43 44 45 245 246 247 248 249 250 251 252 48 49 50 51 52 53 54 55 254 255 256 257 258 259 260 59 60 61 62 63 64 65 66 262 263 264 265 266 267 71 72 73 74 75 76 77 78 269 270 271 272 273 84 85 86 87 88 89 90 91 275 276 277 278 98 99 100 101 102 103 104 105 280 281 282 113 114 115 116 117 118 119 120 284 285 129 130 131 132 133 134 135 136 287 146 147 148 149 150 151 152 153 163 164 165 166 167 168 169 179 180 181 182 183 184 194 195 196 197 198 208 209 210 211 221 222 223 233 234 244
254 66 262 77 78 269 89 90 91 275 102 103 104 105 280 116 117 118 119 120 284 131 132 133 134 135 136 287 147 148 149 150 151 152 153 289 163 164 165 166 167 168 169 1 137 178 179 180 181 182 183 184 2 3 154 192 193 194 195 196 197 198 4 5 6 170 205 206 207 208 209 210 211 7 8 9 10 185 217 218 219 220 221 222 223 11 12 13 14 15 199 228 229 230 231 232 233 234 16 17 18 19 20 21 212 238 239 240 241 242 243 244 22 23 24 25 26 27 28 224 247 248 249 250 251 252 253 29 30 31 32 33 34 35 36 235 255 256 257 258 259 260 261 37 38 39 40 41 42 43 44 45 245 263 264 265 266 267 268 46 47 48 49 50 51 52 53 54 55 270 271 272 273 274 56 57 58 59 60 61 62 63 64 65 276 277 278 279 67 68 69 70 71 72 73 74 75 76 281 282 283 79 80 81 82 83 84 85 86 87 88 285 286 92 93 94 95 96 97 98 99 100 101 288 106 107 108 109 110 111 112 113 114 115 121 122 123 124 125 126 127 128 129 130 138 139 140 141 142 143 144 145 146 155 156 157 158 159 160 161 162 171 172 173 174 175 176 177 186 187 188 189 190 191 200 201 202 203 204 213 214 215 216 225 226 227 236 237 246
255 262 263 78 269 270 90 91 275 276 103 104 105 280 281 117 118 119 120 284 285 132 133 134 135 136 287 288 148 149 150 151 152 153 289 121 164 165 166 167 168 169 1 137 138 179 180 181 182 183 184 2 3 154 155 193 194 195 196 197 198 4 5 6 170 171 206 207 208 209 210 211 7 8 9 10 185 186 218 219 220 221 222 223 11 12 13 14 15 199 200 229 230 231 232 233 234 16 17 18 19 20 21 212 213 239 240 241 242 243 244 22 23 24 25 26 27 28 224 225 248 249 250 251 252 253 29 30 31 32 33 34 35 36 235 236 256 257 258 259 260 261 37 38 39 40 41 42 43 44 45 245 246 264 265 266 267 268 46 47 48 49 50 51 52 53 54 55 254 271 272 273 274 56 57 58 59 60 61 62 63 64 65 66 277 278 279 67 68 69 70 71 72 73 74 75 76 77 282 283 79 80 81 82 83 84 85 86 87 88 89 286 92 93 94 95 96 97 98 99 100 101 102 106 107 108 109 110 111 112 113 114 115 116 122 123 124 125 126 127 128 129 130 131 139 140 141 142 143 144 145 146 147 156 157 158 159 160 161 162 163 172 173 174 175 176 177 178 187 188 189 190 191 192 201 202 203 204 205 214 215 216 217 226 227 228 237 238 247
256 263 264 269 270 271 91 275 276 277 104 105 280 281 282 118 119 120 284 285 286 133 134 135 136 287 288 106 149 150 151 152 153 289 121 122 165 166 167 168 169 1 137 138 139 180 181 182 183 184 2 3 154 155 156 194 195 196 197 198 4 5 6 170 171 172 207 208 209 210 211 7 8 9 10 185 186 187 219 220 221 222 223 11 12 13 14 15 199 200 201 230 231 232 233 234 16 17 18 19 20 21 212 213 214 240 241 242 243 244 22 23 24 25 26 27 28 224 225 226 249 250 251 252 253 29 30 31 32 33 34 35 36 235 236 237 257 258 259 260 261 37 38 39 40 41 42 43 44 45 245 246 247 265 266 267 268 46 47 48 49 50 51 52 53 54 55 254 255 272 273 274 56 57 58 59 60 61 62 63 64 65 66 262 278 279 67 68 69 70 71 72 73 74 75 76 77 78 283 79 80 81 82 83 84 85 86 87 88 89 90 92 93 94 95 96 97 98 99 100 101 102 103 107 108 109 110 111 112 113 114 115 116 117 123 124 125 126 127 128 129 130 131 132 140 141 142 143 144 145 146 147 148 157 158 159 160 161 162 163 164 173 174 175 176 177 178 179 188 189 190 191 192 193 202 203 204 205 206 215 216 217 218 227 228 229 238 239 248
257 264 265 270 271 272 275 276 277 278 105 280 281 282 283 119 120 284 285 286 92 134 135 136 287 288 106 107 150 151 152 153 289 121 122 123 166 167 168 169 1 137 138 139 140 181 182 183 184 2 3 154 155 156 157 195 196 197 198 4 5 6 170 171 172 173 208 209 210 211 7 8 9 10 185 186 187 188 220 221 222 223 11 12 13 14 15 199 200 201 202 231 232 233 234 16 17 18 19 20 21 212 213 214 215 241 242 243 244 22 23 24 25 26 27 28 224 225 226 227 250 251 252 253 29 30 31 32 33 34 35 36 235 236 237 238 258 259 260 261 37 38 39 40 41 42 43 44 45 245 246 247 248 266 267 268 46 47 48 49 50 51 52 53 54 55 254 255 256 273 274 56 57 58 59 60 61 62 63 64 65 66 262 263 279 67 68 69 70 71 72 73 74 75 76 77 78 269 79 80 81 82 83 84 85 86 87 88 89 90 91 93 94 95 96 97 98 99 100 101 102 103 104 108 109 110 111 112 113 114 115 116 117 118 124 125 126 127 128 129 130 131 132 133 141 142 143 144 145 146 147 148 149 158 159 160 161 162 163 164 165 174 175 176 177 178 179 180 189 190 191 192 193 194 203 204 205 206 207 216 217 218 219 228 229 230 239 240 249
258 265 266 271 272 273 276 277 278 279 280 281 282 283 79 120 284 285 286 92 93 135 136 287 288 106 107 108 151 152 153 289 121 122 123 124 167 168 169 1 137 138 139 140 141 182 183 184 2 3 154 155 156 157 158 196 197 198 4 5 6 170 171 172 173 174 209 210 211 7 8 9 10 185 186 187 188 189 221 222 223 11 12 13 14 15 199 200 201 202 203 232 233 234 16 17 18 19 20 21 212 213 214 215 216 242 243 244 22 23 24 25 26 27 28 224 225 226 227 228 251 252 253 29 30 31 32 33 34 35 36 235 236 237 238 239 259 260 261 37 38 39 40 41 42 43 44 45 245 246 247 248 249 267 268 46 47 48 49 50 51 52 53 54 55 254 255 256 257 274 56 57 58 59 60 61 62 63 64 65 66 262 263 264 67 68 69 70 71 72 73 74 75 76 77 78 269 270 80 81 82 83 84 85 86 87 88 89 90 91 275 94 95 96 97 98 99 100 101 102 103 104 105 109 110 111 112 113 114 115 116 117 118 119 125 126 127 128 129 130 131 132 133 134 142 143 144 145 146 147 148 149 150 159 160 161 162 163 164 165 166 175 176 177 178 179 180 181 190 191 192 193 194 195 204 205 206 207 208 217 218 219 220 229 230 231 240 241 250
259 266 267 272 273 274 277 278 279 67 281 282 283 79 80 284 285 286 92 93 94 136 287 288 106 107 108 109 152 153 289 121 122 123 124 125 168 169 1 137 138 139 140 141 142 183 184 2 3 154 155 156 157 158 159 197 198 4 5 6 170 171 172 173 174 175 210 211 7 8 9 10 185 186 187 188 189 190 222 223 11 12 13 14 15 199 200 201 202 203 204 233 234 16 17 18 19 20 21 212 213 214 215 216 217 243 244 22 23 24 25 26 27 28 224 225 226 227 228 229 252 253 29 30 31 32 33 34 35 36 235 236 237 238 239 240 260 261 37 38 39 40 41 42 43 44 45 245 246 247 248 249 250 268 46 47 48 49 50 51 52 53 54 55 254 255 256 257 258 56 57 58 59 60 61 62 63 64 65 66 262 263 264 265 68 69 70 71 72 73 74 75 76 77 78 269 270 271 81 82 83 84 85 86 87 88 89 90 91 275 276 95 96 97 98 99 100 101 102 103 104 105 280 110 111 112 113 114 115 116 117 118 119 120 126 127 128 129 130 131 132 133 134 135 143 144 145 146 147 148 149 150 151 160 161 162 163 164 165 166 167 176 177 178 179 180 181 182 191 192 193 194 195 196 205 206 207 208 209 218 219 220 221 230 231 232 241 242 251
260 267 268 273 274 56 278 279 67 68 282 283 79 80 81 285 286 92 93 94 95 287 288 106 107 108 109 110 153 289 121 122 123 124 125 126 169 1 137 138 139 140 141 142 143 184 2 3 154 155 156 157 158 159 160 198 4 5 6 170 171 172 173 174 175 176 211 7 8 9 10 185 186 187 188 189 190 191 223 11 12 13 14 15 199 200 201 202 203 204 205 234 16 17 18 19 20 21 212 213 214 215 216 217 218 244 22 23 24 25 26 27 28 224 225 226 227 228 229 230 253 29 30 31 32 33 34 35 36 235 236 237 238 239 240 241 261 37 38 39 40 41 42 43 44 45 245 246 247 248 249 250 251 46 47 48 49 50 51 52 53 54 55 254 255 256 257 258 259 57 58 59 60 61 62 63 64 65 66 262 263 264 265 266 69 70 71 72 73 74 75 76 77 78 269 270 271 272 82 83 84 85 86 87 88 89 90 91 275 276 277 96 97 98 99 100 101 102 103 104 105 280 281 111 112 113 114 115 116 117 118 119 120 284 127 128 129 130 131 132 133 134 135 136 144 145 146 147 148 149 150 151 152 161 162 163 164 165 166 167 168 177 178 179 180 181 182 183 192 193 194 195 196 197 206 207 208 209 210 219 220 221 222 231 232 233 242 243 252
261 268 46 274 56 57 279 67 68 69 283 79 80 81 82 286 92 93 94 95 96 288 106 107 108 109 110 111 289 121 122 123 124 125 126 127 1 137 138 139 140 141 142 143 144 2 3 154 155 156 157 158 159 160 161 4 5 6 170 171 172 173 174 175 176 177 7 8 9 10 185 186 187 188 189 190 191 192 11 12 13 14 15 199 200 201 202 203 204 205 206 16 17 18 19 20 21 212 213 214 215 216 217 218 219 22 23 24 25 26 27 28 224 225 226 227 228 229 230 231 29 30 31 32 33 34 35 36 235 236 237 238 239 240 241 242 37 38 39 40 41 42 43 44 45 245 246 247 248 249 250 251 252 47 48 49 50 51 52 53 54 55 254 255 256 257 258 259 260 58 59 60 61 62 63 64 65 66 262 263 264 265 266 267 70 71 72 73 74 75 76 77 78 269 270 271 272 273 83 84 85 86 87 88 89 90 91 275 276 277 278 97 98 99 100 101 102 103 104 105 280 281 282 112 113 114 115 116 117 118 119 120 284 285 128 129 130 131 132 133 134 135 136 287 145 146 147 148 149 150 151 152 153 162 163 164 165 166 167 168 169 178 179 180 181 182 183 184 193 194 195 196 197 198 207 208 209 210 211 220 221 222 223 232 233 234 243 244 253
262 78 269 90 91 275 103 104 105 280 117 118 119 120 284 132 133 134 135 136 287 148 149 150 151 152 153 289 164 165 166 167 168 169 1 137 179 180 181 182 183 184 2 3 154 193 194 195 196 197 198 4 5 6 170 206 207 208 209 210 211 7 8 9 10 185 218 219 220 221 222 223 11 12 13 14 15 199 229 230 231 232 233 234 16 17 18 19 20 21 212 239 240 241 242 243 244 22 23 24 25 26 27 28 224 248 249 250 251 252 253 29 30 31 32 33 34 35 36 235 256 257 258 259 260 261 37 38 39 40 41 42 43 44 45 245 263 264 265 266 267 268 46 47 48 49 50 51 52 53 54 55 254 270 271 272 273 274 56 57 58 59 60 61 62 63 64 65 66 276 277 278 279 67 68 69 70 71 72 73 74 75 76 77 281 282 283 79 80 81 82 83 84 85 86 87 88 89 285 286 92 93 94 95 96 97 98 99 100 101 102 288 106 107 108 109 110 111 112 113 114 115 116 121 122 123 124 125 126 127 128 129 130 131 138 139 140 141 142 143 144 145 146 147 155 156 157 158 159 160 161 162 163 171 172 173 174 175 176 177 178 186 187 188 189 190 191 192 200 201 202 203 204 205 213 214 215 216 217 225 226 227 228 236 237 238 246 247 255
263 269 270 91 275 276 104 105 280 281 118 119 120 284 285 133 134 135 136 287 288 149 150 151 152 153 289 121 165 166 167 168 169 1 137 138 180 181 182 183 184 2 3 154 155 194 195 196 197 198 4 5 6 170 171 207 208 209 210 211 7 8 9 10 185 186 219 220 221 222 223 11 12 13 14 15 199 200 230 231 232 233 234 16 17 18 19 20 21 212 213 240 241 242 243 244 22 23 24 25 26 27 28 224 225 249 250 251 252 253 29 30 31 32 33 34 35 36 235 236 257 258 259 260 261 37 38 39 40 41 42 43 44 45 245 246 264 265 266 267 268 46 47 48 49 50 51 52 53 54 55 254 255 271 272 273 274 56 57 58 59 60 61 62 63 64 65 66 262 277 278 279 67 68 69 70 71 72 73 74 75 76 77 78 282 283 79 80 81 82 83 84 85 86 87 88 89 90 286 92 93 94 95 96 97 98 99 100 101 102 103 106 107 108 109 110 111 112 113 114 115 116 117 122 123 124 125 126 127 128 129 130 131 132 139 140 141 142 143 144 145 146 147 148 156 157 158 159 160 161 162 163 164 172 173 174 175 176 177 178 179 187 188 189 190 191 192 193 201 202 203 204 205 206 214 215 216 217 218 226 227 228 229 237 238 239 247 248 256
264 270 271 275 276 277 105 280 281 282 119 120 284 285 286 134 135 136 287 288 106 150 151 152 153 289 121 122 166 167 168 169 1 137 138 139 181 182 183 184 2 3 154 155 156 195 196 197 198 4 5 6 170 171 172 208 209 210 211 7 8 9 10 185 186 187 220 221 222 223 11 12 13 14 15 199 200 201 231 232 233 234 16 17 18 19 20 21 212 213 214 241 242 243 244 22 23 24 25 26 27 28 224 225 226 250 251 252 253 29 30 31 32 33 34 35 36 235 236 237 258 259 260 261 37 38 39 40 41 42 43 44 45 245 246 247 265 266 267 268 46 47 48 49 50 51 52 53 54 55 254 255 256 272 273 274 56 57 58 59 60 61 62 63 64 65 66 262 263 278 279 67 68 69 70 71 72 73 74 75 76 77 78 269 283 79 80 81 82 83 84 85 86 87 88 89 90 91 92 93 94 95 96 97 98 99 100 101 102 103 104 107 108 109 110 111 112 113 114 115 116 117 118 123 124 125 126 127 128 129 130 131 132 133 140 141 142 143 144 145 146 147 148 149 157 158 159 160 161 162 163 164 165 173 174 175 176 177 178 179 180 188 189 190 191 192 193 194 202 203 204 205 206 207 215 216 217 218 219 227 228 229 230 238 239 240 248 249 257
265 271 272 276 277 278 280 281 282 283 120 284 285 286 92 135 136 287 288 106 107 151 152 153 289 121 122 123 167 168 169 1 137 138 139 140 182 183 184 2 3 154 155 156 157 196 197 198 4 5 6 170 171 172 173 209 210 211 7 8 9 10 185 186 187 188 221 222 223 11 12 13 14 15 199 200 201 202 232 233 234 16 17 18 19 20 21 212 213 214 215 242 243 244 22 23 24 25 26 27 28 224 225 226 227 251 252 253 29 30 31 32 33 34 35 36 235 236 237 238 259 260 261 37 38 39 40 41 42 43 44 45 245 246 247 248 266 267 268 46 47 48 49 50 51 52 53 54 55 254 255 256 257 273 274 56 57 58 59 60 61 62 63 64 65 66 262 263 264 279 67 68 69 70 71 72 73 74 75 76 77 78 269 270 79 80 81 82 83 84 85 86 87 88 89 90 91 275 93 94 95 96 97 98 99 100 101 102 103 104 105 108 109 110 111 112 113 114 115 116 117 118 119 124 125 126 127 128 129 130 131 132 133 134 141 142 143 144 145 146 147 148 149 150 158 159 160 161 162 163 164 165 166 174 175 176 177 178 179 180 181 189 190 191 192 193 194 195 203 204 205 206 207 208 216 217 218 219 220 228 229 230 231 239 240 241 249 250 258
266 272 273 277 278 279 281 282 283 79 284 285 286 92 93 136 287 288 106 107 108 152 153 289 121 122 123 124 168 169 1 137 138 139 140 141 183 184 2 3 154 155 156 157 158 197 198 4 5 6 170 171 172 173 174 210 211 7 8 9 10 185 186 187 188 189 222 223 11 12 13 14 15 199 200 201 202 203 233 234 16 17 18 19 20 21 212 213 214 215 216 243 244 22 23 24 25 26 27 28 224 225 226 227 228 252 253 29 30 31 32 33 34 35 36 235 236 237 238 239 260 261 37 38 39 40 41 42 43 44 45 245 246 247 248 249 267 268 46 47 48 49 50 51 52 53 54 55 254 255 256 257 258 274 56 57 58 59 60 61 62 63 64 65 66 262 263 264 265 67 68 69 70 71 72 73 74 75 76 77 78 269 270 271 80 81 82 83 84 85 86 87 88 89 90 91 275 276 94 95 96 97 98 99 100 101 102 103 104 105 280 109 110 111 112 113 114 115 116 117 118 119 120 125 126 127 128 129 130 131 132 133 134 135 142 143 144 145 146 147 148 149 150 151 159 160 161 162 163 164 165 166 167 175 176 177 178 179 180 181 182 190 191 192 193 194 195 196 204 205 206 207 208 209 217 218 219 220 221 229 230 231 232 240 241 242 250 251 259
267 273 274 278 279 67 282 283 79 80 285 286 92 93 94 287 288 106 107 108 109 153 289 121 122 123 124 125 169 1 137 138 139 140 141 142 184 2 3 154 155 156 157 158 159 198 4 5 6 170 171 172 173 174 175 211 7 8 9 10 185 186 187 188 189 190 223 11 12 13 14 15 199 200 201 202 203 204 234 16 17 18 19 20 21 212 213 214 215 216 217 244 22 23 24 25 26 27 28 224 225 226 227 228 229 253 29 30 31 32 33 34 35 36 235 236 237 238 239 240 261 37 38 39 40 41 42 43 44 45 245 246 247 248 249 250 268 46 47 48 49 50 51 52 53 54 55 254 255 256 257 258 259 56 57 58 59 60 61 62 63 64 65 66 262 263 264 265 266 68 69 70 71 72 73 74 75 76 77 78 269 270 271 272 81 82 83 84 85 86 87 88 89 90 91 275 276 277 95 96 97 98 99 100 101 102 103 104 105 280 281 110 111 112 113 114 115 116 117 118 119 120 284 126 127 128 129 130 131 132 133 134 135 136 143 144 145 146 147 148 149 150 151 152 160 161 162 163 164 165 166 167 168 176 177 178 179 180 181 182 183 191 192 193 194 195 196 197 205 206 207 208 209 210 218 219 220 221 222 230 231 232 233 241 242 243 251 252 260
268 274 56 279 67 68 283 79 80 81 286 92 93 94 95 288 106 107 108 109 110 289 121 122 123 124 125 126 1 137 138 139 140 141 142 143 2 3 154 155 156 157 158 159 160 4 5 6 170 171 172 173 174 175 176 7 8 9 10 185 186 187 188 189 190 191 11 12 13 14 15 199 200 201 202 203 204 205 16 17 18 19 20 21 212 213 214 215 216 217 218 22 23 24 25 26 27 28 224 225 226 227 228 229 230 29 30 31 32 33 34 35 36 235 236 237 238 239 240 241 37 38 39 40 41 42 43 44 45 245 246 247 248 249 250 251 46 47 48 49 50 51 52 53 54 55 254 255 256 257 258 259 260 57 58 59 60 61 62 63 64 65 66 262 263 264 265 266 267 69 70 71 72 73 74 75 76 77 78 269 270 271 272 273 82 83 84 85 86 87 88 89 90 91 275 276 277 278 96 97 98 99 100 101 102 103 104 105 280 281 282 111 112 113 114 115 116 117 118 119 120 284 285 127 128 129 130 131 132 133 134 135 136 287 144 145 146 147 148 149 150 151 152 153 161 162 163 164 165 166 167 168 169 177 178 179 180 181 182 183 184 192 193 194 195 196 197 198 206 207 208 209 210 211 219 220 221 222 223 231 232 233 234 242 243 244 252 253 261
269 91 275 104 105 280 118 119 120 284 133 134 135 136 287 149 150 151 152 153 289 165 166 167 168 169 1 137 180 181 182 183 184 2 3 154 194 195 196 197 198 4 5 6 170 207 208 209 210 211 7 8 9 10 185 219 220 221 222 223 11 12 13 14 15 199 230 231 232 233 234 16 17 18 19 20 21 212 240 241 242 243 244 22 23 24 25 26 27 28 224 249 250 251 252 253 29 30 31 32 33 34 35 36 235 257 258 259 260 261 37 38 39 40 41 42 43 44 45 245 264 265 266 267 268 46 47 48 49 50 51 52 53 54 55 254 270 271 272 273 274 56 57 58 59 60 61 62 63 64 65 66 262 276 277 278 279 67 68 69 70 71 72 73 74 75 76 77 78 281 282 283 79 80 81 82 83 84 85 86 87 88 89 90 285 286 92 93 94 95 96 97 98 99 100 101 102 103 288 106 107 108 109 110 111 112 113 114 115 116 117 121 122 123 124 125 126 127 128 129 130 131 132 138 139 140 141 142 143 144 145 146 147 148 155 156 157 158 159 160 161 162 163 164 171 172 173 174 175 176 177 178 179 186 187 188 189 190 191 192 193 200 201 202 203 204 205 206 213 214 215 216 217 218 225 226 227 228 229 236 237 238 239 246 247 248 255 256 263
270 275 276 105 280 281 119 120 284 285 134 135 136 287 288 150 151 152 153 289 121 166 167 168 169 1 137 138 181 182 183 184 2 3 154 155 195 196 197 198 4 5 6 170 171 208 209 210 211 7 8 9 10 185 186 220 221 222 223 11 12 13 14 15 199 200 231 232 233 234 16 17 18 19 20 21 212 213 241 242 243 244 22 23 24 25 26 27 28 224 225 250 251 252 253 29 30 31 32 33 34 35 36 235 236 258 259 260 261 37 38 39 40 41 42 43 44 45 245 246 265 266 267 268 46 47 48 49 50 51 52 53 54 55 254 255 271 272 273 274 56 57 58 59 60 61 62 63 64 65 66 262 263 277 278 279 67 68 69 70 71 72 73 74 75 76 77 78 269 282 283 79 80 81 82 83 84 85 86 87 88 89 90 91 286 92 93 94 95 96 97 98 99 100 101 102 103 104 106 107 108 109 110 111 112 113 114 115 116 117 118 122 123 124 125 126 127 128 129 130 131 132 133 139 140 141 142 143 144 145 146 147 148 149 156 157 158 159 160 161 162 163 164 165 172 173 174 175 176 177 178 179 180 187 188 189 190 191 192 193 194 201 202 203 204 205 206 207 214 215 216 217 218 219 226 227 228 229 230 237 238 239 240 247 248 249 256 257 264
271 276 277 280 281 282 120 284 285 286 135 136 287 288 106 151 152 153 289 121 122 167 168 169 1 137 138 139 182 183 184 2 3 154 155 156 196 197 198 4 5 6 170 171 172 209 210 211 7 8 9 10 185 186 187 221 222 223 11 12 13 14 15 199 200 201 232 233 234 16 17 18 19 20 21 212 213 214 242 243 244 22 23 24 25 26 27 28 224 225 226 251 252 253 29 30 31 32 33 34 35 36 235 236 237 259 260 261 37 38 39 40 41 42 43 44 45 245 246 247 266 267 268 46 47 48 49 50 51 52 53 54 55 254 255 256 272 273 274 56 57 58 59 60 61 62 63 64 65 66 262 263 264 278 279 67 68 69 70 71 72 73 74 75 76 77 78 269 270 283 79 80 81 82 83 84 85 86 87 88 89 90 91 275 92 93 94 95 96 97 98 99 100 101 102 103 104 105 107 108 109 110 111 112 113 114 115 116 117 118 119 123 124 125 126 127 128 129 130 131 132 133 134 140 141 142 143 144 145 146 147 148 149 150 157 158 159 160 161 162 163 164 165 166 173 174 175 176 177 178 179 180 181 188 189 190 191 192 193 194 195 202 203 204 205 206 207 208 215 216 217 218 219 220 227 228 229 230 231 238 239 240 241 248 249 250 257 258 265
272 277 278 281 282 283 284 285 286 92 136 287 288 106 107 152 153 289 121 122 123 168 169 1 137 138 139 140 183 184 2 3 154 155 156 157 197 198 4 5 6 170 171 172 173 210 211 7 8 9 10 185 186 187 188 222 223 11 12 13 14 15 199 200 201 202 233 234 16 17 18 19 20 21 212 213 214 215 243 244 22 23 24 25 26 27 28 224 225 226 227 252 253 29 30 31 32 33 34 35 36 235 236 237 238 260 261 37 38 39 40 41 42 43 44 45 245 246 247 248 267 268 46 47 48 49 50 51 52 53 54 55 254 255 256 257 273 274 56 57 58 59 60 61 62 63 64 65 66 262 263 264 265 279 67 68 69 70 71 72 73 74 75 76 77 78 269 270 271 79 80 81 82 83 84 85 86 87 88 89 90 91 275 276 93 94 95 96 97 98 99 100 101 102 103 104 105 280 108 109 110 111 112 113 114 115 116 117 118 119 120 124 125 126 127 128 129 130 131 132 133 134 135 141 142 143 144 145 146 147 148 149 150 151 158 159 160 161 162 163 164 165 166 167 174 175 176 177 178 179 180 181 182 189 190 191 192 193 194 195 196 203 204 205 206 207 208 209 216 217 218 219 220 221 228 229 230 231 232 239 240 241 242 249 250 251 258 259 266
273 278 279 282 283 79 285 286 92 93 287 288 106 107 108 153 289 121 122 123 124 169 1 137 138 139 140 141 184 2 3 154 155 156 157 158 198 4 5 6 170 171 172 173 174 211 7 8 9 10 185 186 187 188 189 223 11 12 13 14 15 199 200 201 202 203 234 16 17 18 19 20 21 212 213 214 215 216 244 22 23 24 25 26 27 28 224 225 226 227 228 253 29 30 31 32 33 34 35 36 235 236 237 238 239 261 37 38 39 40 41 42 43 44 45 245 246 247 248 249 268 46 47 48 49 50 51 52 53 54 55 254 255 256 257 258 274 56 57 58 59 60 61 62 63 64 65 66 262 263 264 265 266 67 68 69 70 71 72 73 74 75 76 77 78 269 270 271 272 80 81 82 83 84 85 86 87 88 89 90 91 275 276 277 94 95 96 97 98 99 100 101 102 103 104 105 280 281 109 110 111 112 113 114 115 116 117 118 119 120 284 125 126 127 128 129 130 131 132 133 134 135 136 142 143 144 145 146 147 148 149 150 151 152 159 160 161 162 163 164 165 166 167 168 175 176 177 178 179 180 181 182 183 190 191 192 193 194 195 196 197 204 205 206 207 208 209 210 217 218 219 220 221 222 229 230 231 232 233 240 241 242 243 250 251 252 259 260 267
274 279 67 283 79 80 286 92 93 94 288 106 107 108 109 289 121 122 123 124 125 1 137 138 139 140 141 142 2 3 154 155 156 157 158 159 4 5 6 170 171 172 173 174 175 7 8 9 10 185 186 187 188 189 190 11 12 13 14 15 199 200 201 202 203 204 16 17 18 19 20 21 212 213 214 215 216 217 22 23 24 25 26 27 28 224 225 226 227 228 229 29 30 31 32 33 34 35 36 235 236 237 238 239 240 37 38 39 40 41 42 43 44 45 245 246 247 248 249 250 46 47 48 49 50 51 52 53 54 55 254 255 256 257 258 259 56 57 58 59 60 61 62 63 64 65 66 262 263 264 265 266 267 68 69 70 71 72 73 74 75 76 77 78 269 270 271 272 273 81 82 83 84 85 86 87 88 89 90 91 275 276 277 278 95 96 97 98 99 100 101 102 103 104 105 280 281 282 110 111 112 113 114 115 116 117 118 119 120 284 285 126 127 128 129 130 131 132 133 134 135 136 287 143 144 145 146 147 148 149 150 151 152 153 160 161 162 163 164 165 166 167 168 169 176 177 178 179 180 181 182 183 184 191 192 193 194 195 196 197 198 205 206 207 208 209 210 211 218 219 220 221 222 223 230 231 232 233 234 241 242 243 244 251 252 253 260 261 268
275 105 280 119 120 284 134 135 136 287 150 151 152 153 289 166 167 168 169 1 137 181 182 183 184 2 3 154 195 196 197 198 4 5 6 170 208 209 210 211 7 8 9 10 185 220 221 222 223 11 12 13 14 15 199 231 232 233 234 16 17 18 19 20 21 212 241 242 243 244 22 23 24 25 26 27 28 224 250 251 252 253 29 30 31 32 33 34 35 36 235 258 259 260 261 37 38 39 40 41 42 43 44 45 245 265 266 267 268 46 47 48 49 50 51 52 53 54 55 254 271 272 273 274 56 57 58 59 60 61 62 63 64 65 66 262 276 277 278 279 67 68 69 70 71 72 73 74 75 76 77 78 269 281 282 283 79 80 81 82 83 84 85 86 87 88 89 90 91 285 286 92 93 94 95 96 97 98 99 100 101 102 103 104 288 106 107 108 109 110 111 112 113 114 115 116 117 118 121 122 123 124 125 126 127 128 129 130 131 132 133 138 139 140 141 142 143 144 145 146 147 148 149 155 156 157 158 159 160 161 162 163 164 165 171 172 173 174 175 176 177 178 179 180 186 187 188 189 190 191 192 193 194 200 201 202 203 204 205 206 207 213 214 215 216 217 218 219 225 226 227 228 229 230 236 237 238 239 240 246 247 248 249 255 256 257 263 264 270
276 280 281 120 284 285 135 136 287 288 151 152 153 289 121 167 168 169 1 137 138 182 183 184 2 3 154 155 196 197 198 4 5 6 170 171 209 210 211 7 8 9 10 185 186 221 222 223 11 12 13 14 15 199 200 232 233 234 16 17 18 19 20 21 212 213 242 243 244 22 23 24 25 26 27 28 224 225 251 252 253 29 30 31 32 33 34 35 36 235 236 259 260 261 37 38 39 40 41 42 43 44 45 245 246 266 267 268 46 47 48 49 50 51 52 53 54 55 254 255 272 273 274 56 57 58 59 60 61 62 63 64 65 66 262 263 277 278 279 67 68 69 70 71 72 73 74 75 76 77 78 269 270 282 283 79 80 81 82 83 84 85 86 87 88 89 90 91 275 286 92 93 94 95 96 97 98 99 100 101 102 103 104 105 106 107 108 109 110 111 112 113 114 115 116 117 118 119 122 123 124 125 126 127 128 129 130 131 132 133 134 139 140 141 142 143 144 145 146 147 148 149 150 156 157 158 159 160 161 162 163 164 165 166 172 173 174 175 176 177 178 179 180 181 187 188 189 190 191 192 193 194 195 201 202 203 204 205 206 207 208 214 215 216 217 218 219 220 226 227 228 229 230 231 237 238 239 240 241 247 248 249 250 256 257 258 264 265 271
277 281 282 284 285 286 136 287 288 106 152 153 289 121 122 168 169 1 137 138 139 183 184 2 3 154 155 156 197 198 4 5 6 170 171 172 210 211 7 8 9 10 185 186 187 222 223 11 12 13 14 15 199 200 201 233 234 16 17 18 19 20 21 212 213 214 243 244 22 23 24 25 26 27 28 224 225 226 252 253 29 30 31 32 33 34 35 36 235 236 237 260 261 37 38 39 40 41 42 43 44 45 245 246 247 267 268 46 47 48 49 50 51 52 53 54 55 254 255 256 273 274 56 57 58 59 60 61 62 63 64 65 66 262 263 264 278 279 67 68 69 70 71 72 73 74 75 76 77 78 269 270 271 283 79 80 81 82 83 84 85 86 87 88 89 90 91 275 276 92 93 94 95 96 97 98 99 100 101 102 103 104 105 280 107 108 109 110 111 112 113 114 115 116 117 118 119 120 123 124 125 126 127 128 129 130 131 132 133 134 135 140 141 142 143 144 145 146 147 148 149 150 151 157 158 159 160 161 162 163 164 165 166 167 173 174 175 176 177 178 179 180 181 182 188 189 190 191 192 193 194 195 196 202 203 204 205 206 207 208 209 215 216 217 218 219 220 221 227 228 229 230 231 232 238 239 240 241 242 248 249 250 251 257 258 259 265 266 272
278 282 283 285 286 92 287 288 106 107 153 289 121 122 123 169 1 137 138 139 140 184 2 3 154 155 156 157 198 4 5 6 170 171 172 173 211 7 8 9 10 185 186 187 188 223 11 12 13 14 15 199 200 201 202 234 16 17 18 19 20 21 212 213 214 215 244 22 23 24 25 26 27 28 224 225 226 227 253 29 30 31 32 33 34 35 36 235 236 237 238 261 37 38 39 40 41 42 43 44 45 245 246 247 248 268 46 47 48 49 50 51 52 53 54 55 254 255 256 257 274 56 57 58 59 60 61 62 63 64 65 66 262 263 264 265 279 67 68 69 70 71 72 73 74 75 76 77 78 269 270 271 272 79 80 81 82 83 84 85 86 87 88 89 90 91 275 276 277 93 94 95 96 97 98 99 100 101 102 103 104 105 280 281 108 109 110 111 112 113 114 115 116 117 118 119 120 284 124 125 126 127 128 129 130 131 132 133 134 135 136 141 142 143 144 145 146 147 148 149 150 151 152 158 159 160 161 162 163 164 165 166 167 168 174 175 176 177 178 179 180 181 182 183 189 190 191 192 193 194 195 196 197 203 204 205 206 207 208 209 210 216 217 218 219 220 221 222 228 229 230 231 232 233 239 240 241 242 243 249 250 251 252 258 259 260 266 267 273
279 283 79 286 92 93 288 106 107 108 289 121 122 123 124 1 137 138 139 140 141 2 3 154 155 156 157 158 4 5 6 170 171 172 173 174 7 8 9 10 185 186 187 188 189 11 12 13 14 15 199 200 201 202 203 16 17 18 19 20 21 212 213 214 215 216 22 23 24 25 26 27 28 224 225 226 227 228 29 30 31 32 33 34 35 36 235 236 237 238 239 37 38 39 40 41 42 43 44 45 245 246 247 248 249 46 47 48 49 50 51 52 53 54 55 254 255 256 257 258 56 57 58 59 60 61 62 63 64 65 66 262 263 264 265 266 67 68 69 70 71 72 73 74 75 76 77 78 269 270 271 272 273 80 81 82 83 84 85 86 87 88 89 90 91 275 276 277 278 94 95 96 97 98 99 100 101 102 103 104 105 280 281 282 109 110 111 112 113 114 115 116 117 118 119 120 284 285 125 126 127 128 129 130 131 132 133 134 135 136 287 142 143 144 145 146 147 148 149 150 151 152 153 159 160 161 162 163 164 165 166 167 168 169 175 176 177 178 179 180 181 182 183 184 190 191 192 193 194 195 196 197 198 204 205 206 207 208 209 210 211 217 218 219 220 221 222 223 229 230 231 232 233 234 240 241 242 243 244 250 251 252 253 259 260 261 267 268 274
280 120 284 135 136 287 151 152 153 289 167 168 169 1 137 182 183 184 2 3 154 196 197 198 4 5 6 170 209 210 211 7 8 9 10 185 221 222 223 11 12 13 14 15 199 232 233 234 16 17 18 19 20 21 212 242 243 244 22 23 24 25 26 27 28 224 251 252 253 29 30 31 32 33 34 35 36 235 259 260 261 37 38 39 40 41 42 43 44 45 245 266 267 268 46 47 48 49 50 51 52 53 54 55 254 272 273 274 56 57 58 59 60 61 62 63 64 65 66 262 277 278 279 67 68 69 70 71 72 73 74 75 76 77 78 269 281 282 283 79 80 81 82 83 84 85 86 87 88 89 90 91 275 285 286 92 93 94 95 96 97 98 99 100 101 102 103 104 105 288 106 107 108 109 110 111 112 113 114 115 116 117 118 119 121 122 123 124 125 126 127 128 129 130 131 132 133 134 138 139 140 141 142 143 144 145 146 147 148 149 150 155 156 157 158 159 160 161 162 163 164 165 166 171 172 173 174 175 176 177 178 179 180 181 186 187 188 189 190 191 192 193 194 195 200 201 202 203 204 205 206 207 208 213 214 215 216 217 218 219 220 225 226 227 228 229 230 231 236 237 238 239 240 241 246 247 248 249 250 255 256 257 258 263 264 265 270 271 276
281 284 285 136 287 288 152 153 289 121 168 169 1 137 138 183 184 2 3 154 155 197 198 4 5 6 170 171 210 211 7 8 9 10 185 186 222 223 11 12 13 14 15 199 200 233 234 16 17 18 19 20 21 212 213 243 244 22 23 24 25 26 27 28 224 225 252 253 29 30 31 32 33 34 35 36 235 236 260 261 37 38 39 40 41 42 43 44 45 245 246 267 268 46 47 48 49 50 51 52 53 54 55 254 255 273 274 56 57 58 59 60 61 62 63 64 65 66 262 263 278 279 67 68 69 70 71 72 73 74 75 76 77 78 269 270 282 283 79 80 81 82 83 84 85 86 87 88 89 90 91 275 276 286 92 93 94 95 96 97 98 99 100 101 102 103 104 105 280 106 107 108 109 110 111 112 113 114 115 116 117 118 119 120 122 123 124 125 126 127 128 129 130 131 132 133 134 135 139 140 141 142 143 144 145 146 147 148 149 150 151 156 157 158 159 160 161 162 163 164 165 166 167 172 173 174 175 176 177 178 179 180 181 182 187 188 189 190 191 192 193 194 195 196 201 202 203 204 205 206 207 208 209 214 215 216 217 218 219 220 221 226 227 228 229 230 231 232 237 238 239 240 241 242 247 248 249 250 251 256 257 258 259 264 265 266 271 272 277
282 285 286 287 288 106 153 289 121 122 169 1 137 138 139 184 2 3 154 155 156 198 4 5 6 170 171 172 211 7 8 9 10 185 186 187 223 11 12 13 14 15 199 200 201 234 16 17 18 19 20 21 212 213 214 244 22 23 24 25 26 27 28 224 225 226 253 29 30 31 32 33 34 35 36 235 236 237 261 37 38 39 40 41 42 43 44 45 245 246 247 268 46 47 48 49 50 51 52 53 54 55 254 255 256 274 56 57 58 59 60 61 62 63 64 65 66 262 263 264 279 67 68 69 70 71 72 73 74 75 76 77 78 269 270 271 283 79 80 81 82 83 84 85 86 87 88 89 90 91 275 276 277 92 93 94 95 96 97 98 99 100 101 102 103 104 105 280 281 107 108 109 110 111 112 113 114 115 116 117 118 119 120 284 123 124 125 126 127 128 129 130 131 132 133 134 135 136 140 141 142 143 144 145 146 147 148 149 150 151 152 157 158 159 160 161 162 163 164 165 166 167 168 173 174 175 176 177 178 179 180 181 182 183 188 189 190 191 192 193 194 195 196 197 202 203 204 205 206 207 208 209 210 215 216 217 218 219 220 221 222 227 228 229 230 231 232 233 238 239 240 241 242 243 248 249 250 251 252 257 258 259 260 265 266 267 272 273 278
283 286 92 288 106 107 289 121 122 123 1 137 138 139 140 2 3 154 155 156 157 4 5 6 170 171 172 173 7 8 9 10 185 186 187 188 11 12 13 14 15 199 200 201 202 16 17 18 19 20 21 212 213 214 215 22 23 24 25 26 27 28 224 225 226 227 29 30 31 32 33 34 35 36 235 236 237 238 37 38 39 40 41 42 43 44 45 245 246 247 248 46 47 48 49 50 51 52 53 54 55 254 255 256 257 56 57 58 59 60 61 62 63 64 65 66 262 263 264 265 67 68 69 70 71 72 73 74 75 76 77 78 269 270 271 272 79 80 81 82 83 84 85 86 87 88 89 90 91 275 276 277 278 93 94 95 96 97 98 99 100 101 102 103 104 105 280 281 282 108 109 110 111 112 113 114 115 116 117 118 119 120 284 285 124 125 126 127 128 129 130 131 132 133 134 135 136 287 141 142 143 144 145 146 147 148 149 150 151 152 153 158 159 160 161 162 163 164 165 166 167 168 169 174 175 176 177 178 179 180 181 182 183 184 189 190 191 192 193 194 195 196 197 198 203 204 205 206 207 208 209 210 211 216 217 218 219 220 221 222 223 228 229 230 231 232 233 234 239 240 241 242 243 244 249 250 251 252 253 258 259 260 261 266 267 268 273 274 279
284 136 287 152 153 289 168 169 1 137 183 184 2 3 154 197 198 4 5 6 170 210 211 7 8 9 10 185 222 223 11 12 13 14 15 199 233 234 16 17 18 19 20 21 212 243 244 22 23 24 25 26 27 28 224 252 253 29 30 31 32 33 34 35 36 235 260 261 37 38 39 40 41 42 43 44 45 245 267 268 46 47 48 49 50 51 52 53 54 55 254 273 274 56 57 58 59 60 61 62 63 64 65 66 262 278 279 67 68 69 70 71 72 73 74 75 76 77 78 269 282 283 79 80 81 82 83 84 85 86 87 88 89 90 91 275 285 286 92 93 94 95 96 97 98 99 100 101 102 103 104 105 280 288 106 107 108 109 110 111 112 113 114 115 116 117 118 119 120 121 122 123 124 125 126 127 128 129 130 131 132 133 134 135 138 139 140 141 142 143 144 145 146 147 148 149 150 151 155 156 157 158 159 160 161 162 163 164 165 166 167 171 172 173 174 175 176 177 178 179 180 181 182 186 187 188 189 190 191 192 193 194 195 196 200 201 202 203 204 205 206 207 208 209 213 214 215 216 217 218 219 220 221 225 226 227 228 229 230 231 232 236 237 238 239 240 241 242 246 247 248 249 250 251 255 256 257 258 259 263 264 265 266 270 271 272 276 277 281
285 287 288 153 289 121 169 1 137 138 184 2 3 154 155 198 4 5 6 170 171 211 7 8 9 10 185 186 223 11 12 13 14 15 199 200 234 16 17 18 19 20 21 212 213 244 22 23 24 25 26 27 28 224 225 253 29 30 31 32 33 34 35 36 235 236 261 37 38 39 40 41 42 43 44 45 245 246 268 46 47 48 49 50 51 52 53 54 55 254 255 274 56 57 58 59 60 61 62 63 64 65 66 262 263 279 67 68 69 70 71 72 73 74 75 76 77 78 269 270 283 79 80 81 82 83 84 85 86 87 88 89 90 91 275 276 286 92 93 94 95 96 97 98 99 100 101 102 103 104 105 280 281 106 107 108 109 110 111 112 113 114 115 116 117 118 119 120 284 122 123 124 125 126 127 128 129 130 131 132 133 134 135 136 139 140 141 142 143 144 145 146 147 148 149 150 151 152 156 157 158 159 160 161 162 163 164 165 166 167 168 172 173 174 175 176 177 178 179 180 181 182 183 187 188 189 190 191 192 193 194 195 196 197 201 202 203 204 205 206 207 208 209 210 214 215 216 217 218 219 220 221 222 226 227 228 229 230 231 232 233 237 238 239 240 241 242 243 247 248 249 250 251 252 256 257 258 259 260 264 265 266 267 271 272 273 277 278 282
286 288 106 289 121 122 1 137 138 139 2 3 154 155 156 4 5 6 170 171 172 7 8 9 10 185 186 187 11 12 13 14 15 199 200 201 16 17 18 19 20 21 212 213 214 22 23 24 25 26 27 28 224 225 226 29 30 31 32 33 34 35 36 235 236 237 37 38 39 40 41 42 43 44 45 245 246 247 46 47 48 49 50 51 52 53 54 55 254 255 256 56 57 58 59 60 61 62 63 64 65 66 262 263 264 67 68 69 70 71 72 73 74 75 76 77 78 269 270 271 79 80 81 82 83 84 85 86 87 88 89 90 91 275 276 277 92 93 94 95 96 97 98 99 100 101 102 103 104 105 280 281 282 107 108 109 110 111 112 113 114 115 116 117 118 119 120 284 285 123 124 125 126 127 128 129 130 131 132 133 134 135 136 287 140 141 142 143 144 145 146 147 148 149 150 151 152 153 157 158 159 160 161 162 163 164 165 166 167 168 169 173 174 175 176 177 178 179 180 181 182 183 184 188 189 190 191 192 193 194 195 196 197 198 202 203 204 205 206 207 208 209 210 211 215 216 217 218 219 220 221 222 223 227 228 229 230 231 232 233 234 238 239 240 241 242 243 244 248 249 250 251 252 253 257 258 259 260 261 265 266 267 268 272 273 274 278 279 283
287 153 289 169 1 137 184 2 3 154 198 4 5 6 170 211 7 8 9 10 185 223 11 12 13 14 15 199 234 16 17 18 19 20 21 212 244 22 23 24 25 26 27 28 224 253 29 30 31 32 33 34 35 36 235 261 37 38 39 40 41 42 43 44 45 245 268 46 47 48 49 50 51 52 53 54 55 254 274 56 57 58 59 60 61 62 63 64 65 66 262 279 67 68 69 70 71 72 73 74 75 76 77 78 269 283 79 80 81 82 83 84 85 86 87 88 89 90 91 275 286 92 93 94 95 96 97 98 99 100 101 102 103 104 105 280 288 106 107 108 109 110 111 112 113 114 115 116 117 118 119 120 284 121 122 123 124 125 126 127 128 129 130 131 132 133 134 135 136 138 139 140 141 142 143 144 145 146 147 148 149 150 151 152 155 156 157 158 159 160 161 162 163 164 165 166 167 168 171 172 173 174 175 176 177 178 179 180 181 182 183 186 187 188 189 190 191 192 193 194 195 196 197 200 201 202 203 204 205 206 207 208 209 210 213 214 215 216 217 218 219 220 221 222 225 226 227 228 229 230 231 232 233 236 237 238 239 240 241 242 243 246 247 248 249 250 251 252 255 256 257 258 259 260 263 264 265 266 267 270 271 272 273 276 277 278 281 282 285
288 289 121 1 137 138 2 3 154 155 4 5 6 170 171 7 8 9 10 185 186 11 12 13 14 15 199 200 16 17 18 19 20 21 212 213 22 23 24 25 26 27 28 224 225 29 30 31 32 33 34 35 36 235 236 37 38 39 40 41 42 43 44 45 245 246 46 47 48 49 50 51 52 53 54 55 254 255 56 57 58 59 60 61 62 63 64 65 66 262 263 67 68 69 70 71 72 73 74 75 76 77 78 269 270 79 80 81 82 83 84 85 86 87 88 89 90 91 275 276 92 93 94 95 96 97 98 99 100 101 102 103 104 105 280 281 106 107 108 109 110 111 112 113 114 115 116 117 118 119 120 284 285 122 123 124 125 126 127 128 129 130 131 132 133 134 135 136 287 139 140 141 142 143 144 145 146 147 148 149 150 151 152 153 156 157 158 159 160 161 162 163 164 165 166 167 168 169 172 173 174 175 176 177 178 179 180 181 182 183 184 187 188 189 190 191 192 193 194 195 196 197 198 201 202 203 204 205 206 207 208 209 210 211 214 215 216 217 218 219 220 221 222 223 226 227 228 229 230 231 232 233 234 237 238 239 240 241 242 243 244 247 248 249 250 251 252 253 256 257 258 259 260 261 264 265 266 267 268 271 272 273 274 277 278 279 282 283 286
289 1 137 2 3 154 4 5 6 170 7 8 9 10 185 11 12 13 14 15 199 16 17 18 19 20 21 212 22 23 24 25 26 27 28 224 29 30 31 32 33 34 35 36 235 37 38 39 40 41 42 43 44 45 245 46 47 48 49 50 51 52 53 54 55 254 56 57 58 59 60 61 62 63 64 65 66 262 67 68 69 70 71 72 73 74 75 76 77 78 269 79 80 81 82 83 84 85 86 87 88 89 90 91 275 92 93 94 95 96 97 98 99 100 101 102 103 104 105 280 106 107 108 109 110 111 112 113 114 115 116 117 118 119 120 284 121 122 123 124 125 126 127 128 129 130 131 132 133 134 135 136 287 138 139 140 141 142 143 144 145 146 147 148 149 150 151 152 153 155 156 157 158 159 160 161 162 163 164 165 166 167 168 169 171 172 173 174 175 176 177 178 179 180 181 182 183 184 186 187 188 189 190 191 192 193 194 195 196 197 198 200 201 202 203 204 205 206 207 208 209 210 211 213 214 215 216 217 218 219 220 221 222 223 225 226 227 228 229 230 231 232 233 234 236 237 238 239 240 241 242 243 244 246 247 248 249 250 251 252 253 255 256 257 258 259 260 261 263 264 265 266 267 268 270 271 272 273 274 276 277 278 279 281 282 283 285 286 288
