299
1 2 3 4 5 6 7 8 9 10 11 12 13 14 15 16 17 18 19 20 21 22 23 24 25 26 27 28 29 30 31 32 33 34 35 36 37 38 39 40 41 42 43 44 45 46 47 48 49 50 51 52 53 54 55 56 57 58 59 60 61 62 63 64 65 66 67 68 69 70 71 72 73 74 75 76 77 78 79 80 81 82 83 84 85 86 87 88 89 90 91 92 93 94 95 96 97 98 99 100 101 102 103 104 105 106 107 108 109 110 111 112 113 114 115 116 117 118 119 120 121 122 123 124 125 126 127 128 129 130 131 132 133 134 135 136 137 138 139 140 141 142 143 144 145 146 147 148 149 150 151 152 153 154 155 156 157 158 159 160 161 162 163 164 165 166 167 168 169 170 171 172 173 174 175 176 177 178 179 180 181 182 183 184 185 186 187 188 189 190 191 192 193 194 195 196 197 198 199 200 201 202 203 204 205 206 207 208 209 210 211 212 213 214 215 216 217 218 219 220 221 222 223 224 225 226 227 228 229 230 231 232 233 234 235 236 237 238 239 240 241 242 243 244 245 246 247 248 249 250 251 252 253 254 255 256 257 258 259 260 261 262 263 264 265 266 267 268 269 270 271 272 273 274 275 276 277 278 279 280 281 282 283 284 285 286 287 288 289 290 291 292 293 294 295 296 297 298 299
2 4 5 7 8 9 11 12 13 14 16 17 18 19 20 22 23 24 25 26 27 29 30 31 32 33 34 35 37 38 39 40 41 42 43 44 46 47 48 49 50 51 52 53 54 56 57 58 59 60 61 62 63 64 65 67 68 69 70 71 72 73 74 75 76 77 79 80 81 82 83 84 85 86 87 88 89 90 1 92 93 94 95 96 97 98 99 100 101 102 103 3 105 106 107 108 109 110 111 112 113 114 115 116 6 118 119 120 121 122 123 124 125 126 127 128 129 10 131 132 133 134 135 136 137 138 139 140 141 142 15 144 145 146 147 148 149 150 151 152 153 154 155 21 157 158 159 160 161 162 163 164 165 166 167 168 28 170 171 172 173 174 175 176 177 178 179 180 181 36 183 184 185 186 187 188 189 190 191 192 193 194 45 196 197 198 199 200 201 202 203 204 205 206 207 55 209 210 211 212 213 214 215 216 217 218 219 220 66 222 223 224 225 226 227 228 229 230 231 232 233 78 234 235 236 237 238 239 240 241 242 243 244 91 245 246 247 248 249 250 251 252 253 254 104 255 256 257 258 259 260 261 262 263 117 264 265 266 267 268 269 270 271 130 272 273 274 275 276 277 278 143 279 280 281 282 283 284 156 285 286 287 288 289 169 290 291 292 293 182 294 295 296 195 297 298 208 299 221
3 5 6 8 9 10 12 13 14 15 17 18 19 20 21 23 24 25 26 27 28 30 31 32 33 34 35 36 38 39 40 41 42 43 44 45 47 48 49 50 51 52 53 54 55 57 58 59 60 61 62 63 64 65 66 68 69 70 71 72 73 74 75 76 77 78 80 81 82 83 84 85 86 87 88 89 90 91 92 93 94 95 96 97 98 99 100 101 102 103 104 105 106 107 108 109 110 111 112 113 114 115 116 117 118 119 120 121 122 123 124 125 126 127 128 129 130 131 132 133 134 135 136 137 138 139 140 141 142 143 144 145 146 147 148 149 150 151 152 153 154 155 156 157 158 159 160 161 162 163 164 165 166 167 168 169 170 171 172 173 174 175 176 177 178 179 180 181 182 183 184 185 186 187 188 189 190 191 192 193 194 195 196 197 198 199 200 201 202 203 204 205 206 207 208 209 210 211 212 213 214 215 216 217 218 219 220 221 222 223 224 225 226 227 228 229 230 231 232 233 1 234 235 236 237 238 239 240 241 242 243 244 2 245 246 247 248 249 250 251 252 253 254 4 255 256 257 258 259 260 261 262 263 7 264 265 266 267 268 269 270 271 11 272 273 274 275 276 277 278 16 279 280 281 282 283 284 22 285 286 287 288 289 29 290 291 292 293 37 294 295 296 46 297 298 56 299 67 79
4 7 8 11 12 13 16 17 18 19 22 23 24 25 26 29 30 31 32 33 34 37 38 39 40 41 42 43 46 47 48 49 50 51 52 53 56 57 58 59 60 61 62 63 64 67 68 69 70 71 72 73 74 75 76 79 80 81 82 83 84 85 86 87 88 89 1 92 93 94 95 96 97 98 99 100 101 102 2 3 105 106 107 108 109 110 111 112 113 114 115 5 6 118 119 120 121 122 123 124 125 126 127 128 9 10 131 132 133 134 135 136 137 138 139 140 141 14 15 144 145 146 147 148 149 150 151 152 153 154 20 21 157 158 159 160 161 162 163 164 165 166 167 27 28 170 171 172 173 174 175 176 177 178 179 180 35 36 183 184 185 186 187 188 189 190 191 192 193 44 45 196 197 198 199 200 201 202 203 204 205 206 54 55 209 210 211 212 213 214 215 216 217 218 219 65 66 222 223 224 225 226 227 228 229 230 231 232 77 78 234 235 236 237 238 239 240 241 242 243 244 90 91 245 246 247 248 249 250 251 252 253 254 103 104 255 256 257 258 259 260 261 262 263 116 117 264 265 266 267 268 269 270 271 129 130 272 273 274 275 276 277 278 142 143 279 280 281 282 283 284 155 156 285 286 287 288 289 168 169 290 291 292 293 181 182 294 295 296 194 195 297 298 207 208 299 220 221 233
5 8 9 12 13 14 17 18 19 20 23 24 25 26 27 30 31 32 33 34 35 38 39 40 41 42 43 44 47 48 49 50 51 52 53 54 57 58 59 60 61 62 63 64 65 68 69 70 71 72 73 74 75 76 77 80 81 82 83 84 85 86 87 88 89 90 92 93 94 95 96 97 98 99 100 101 102 103 3 105 106 107 108 109 110 111 112 113 114 115 116 6 118 119 120 121 122 123 124 125 126 127 128 129 10 131 132 133 134 135 136 137 138 139 140 141 142 15 144 145 146 147 148 149 150 151 152 153 154 155 21 157 158 159 160 161 162 163 164 165 166 167 168 28 170 171 172 173 174 175 176 177 178 179 180 181 36 183 184 185 186 187 188 189 190 191 192 193 194 45 196 197 198 199 200 201 202 203 204 205 206 207 55 209 210 211 212 213 214 215 216 217 218 219 220 66 222 223 224 225 226 227 228 229 230 231 232 233 78 234 235 236 237 238 239 240 241 242 243 244 2 91 245 246 247 248 249 250 251 252 253 254 4 104 255 256 257 258 259 260 261 262 263 7 117 264 265 266 267 268 269 270 271 11 130 272 273 274 275 276 277 278 16 143 279 280 281 282 283 284 22 156 285 286 287 288 289 29 169 290 291 292 293 37 182 294 295 296 46 195 297 298 56 208 299 67 221 79 1
6 9 10 13 14 15 18 19 20 21 24 25 26 27 28 31 32 33 34 35 36 39 40 41 42 43 44 45 48 49 50 51 52 53 54 55 58 59 60 61 62 63 64 65 66 69 70 71 72 73 74 75 76 77 78 81 82 83 84 85 86 87 88 89 90 91 93 94 95 96 97 98 99 100 101 102 103 104 105 106 107 108 109 110 111 112 113 114 115 116 117 118 119 120 121 122 123 124 125 126 127 128 129 130 131 132 133 134 135 136 137 138 139 140 141 142 143 144 145 146 147 148 149 150 151 152 153 154 155 156 157 158 159 160 161 162 163 164 165 166 167 168 169 170 171 172 173 174 175 176 177 178 179 180 181 182 183 184 185 186 187 188 189 190 191 192 193 194 195 196 197 198 199 200 201 202 203 204 205 206 207 208 209 210 211 212 213 214 215 216 217 218 219 220 221 222 223 224 225 226 227 228 229 230 231 232 233 1 234 235 236 237 238 239 240 241 242 243 244 2 3 245 246 247 248 249 250 251 252 253 254 4 5 255 256 257 258 259 260 261 262 263 7 8 264 265 266 267 268 269 270 271 11 12 272 273 274 275 276 277 278 16 17 279 280 281 282 283 284 22 23 285 286 287 288 289 29 30 290 291 292 293 37 38 294 295 296 46 47 297 298 56 57 299 67 68 79 80 92
7 11 12 16 17 18 22 23 24 25 29 30 31 32 33 37 38 39 40 41 42 46 47 48 49 50 51 52 56 57 58 59 60 61 62 63 67 68 69 70 71 72 73 74 75 79 80 81 82 83 84 85 86 87 88 1 92 93 94 95 96 97 98 99 100 101 2 3 105 106 107 108 109 110 111 112 113 114 4 5 6 118 119 120 121 122 123 124 125 126 127 8 9 10 131 132 133 134 135 136 137 138 139 140 13 14 15 144 145 146 147 148 149 150 151 152 153 19 20 21 157 158 159 160 161 162 163 164 165 166 26 27 28 170 171 172 173 174 175 176 177 178 179 34 35 36 183 184 185 186 187 188 189 190 191 192 43 44 45 196 197 198 199 200 201 202 203 204 205 53 54 55 209 210 211 212 213 214 215 216 217 218 64 65 66 222 223 224 225 226 227 228 229 230 231 76 77 78 234 235 236 237 238 239 240 241 242 243 89 90 91 245 246 247 248 249 250 251 252 253 254 102 103 104 255 256 257 258 259 260 261 262 263 115 116 117 264 265 266 267 268 269 270 271 128 129 130 272 273 274 275 276 277 278 141 142 143 279 280 281 282 283 284 154 155 156 285 286 287 288 289 167 168 169 290 291 292 293 180 181 182 294 295 296 193 194 195 297 298 206 207 208 299 219 220 221 232 233 244
8 12 13 17 18 19 23 24 25 26 30 31 32 33 34 38 39 40 41 42 43 47 48 49 50 51 52 53 57 58 59 60 61 62 63 64 68 69 70 71 72 73 74 75 76 80 81 82 83 84 85 86 87 88 89 92 93 94 95 96 97 98 99 100 101 102 3 105 106 107 108 109 110 111 112 113 114 115 5 6 118 119 120 121 122 123 124 125 126 127 128 9 10 131 132 133 134 135 136 137 138 139 140 141 14 15 144 145 146 147 148 149 150 151 152 153 154 20 21 157 158 159 160 161 162 163 164 165 166 167 27 28 170 171 172 173 174 175 176 177 178 179 180 35 36 183 184 185 186 187 188 189 190 191 192 193 44 45 196 197 198 199 200 201 202 203 204 205 206 54 55 209 210 211 212 213 214 215 216 217 218 219 65 66 222 223 224 225 226 227 228 229 230 231 232 77 78 234 235 236 237 238 239 240 241 242 243 244 90 91 245 246 247 248 249 250 251 252 253 254 4 103 104 255 256 257 258 259 260 261 262 263 7 116 117 264 265 266 267 268 269 270 271 11 129 130 272 273 274 275 276 277 278 16 142 143 279 280 281 282 283 284 22 155 156 285 286 287 288 289 29 168 169 290 291 292 293 37 181 182 294 295 296 46 194 195 297 298 56 207 208 299 67 220 221 79 233 1 2
9 13 14 18 19 20 24 25 26 27 31 32 33 34 35 39 40 41 42 43 44 48 49 50 51 52 53 54 58 59 60 61 62 63 64 65 69 70 71 72 73 74 75 76 77 81 82 83 84 85 86 87 88 89 90 93 94 95 96 97 98 99 100 101 102 103 105 106 107 108 109 110 111 112 113 114 115 116 6 118 119 120 121 122 123 124 125 126 127 128 129 10 131 132 133 134 135 136 137 138 139 140 141 142 15 144 145 146 147 148 149 150 151 152 153 154 155 21 157 158 159 160 161 162 163 164 165 166 167 168 28 170 171 172 173 174 175 176 177 178 179 180 181 36 183 184 185 186 187 188 189 190 191 192 193 194 45 196 197 198 199 200 201 202 203 204 205 206 207 55 209 210 211 212 213 214 215 216 217 218 219 220 66 222 223 224 225 226 227 228 229 230 231 232 233 78 234 235 236 237 238 239 240 241 242 243 244 2 91 245 246 247 248 249 250 251 252 253 254 4 5 104 255 256 257 258 259 260 261 262 263 7 8 117 264 265 266 267 268 269 270 271 11 12 130 272 273 274 275 276 277 278 16 17 143 279 280 281 282 283 284 22 23 156 285 286 287 288 289 29 30 169 290 291 292 293 37 38 182 294 295 296 46 47 195 297 298 56 57 208 299 67 68 221 79 80 1 92 3
10 14 15 19 20 21 25 26 27 28 32 33 34 35 36 40 41 42 43 44 45 49 50 51 52 53 54 55 59 60 61 62 63 64 65 66 70 71 72 73 74 75 76 77 78 82 83 84 85 86 87 88 89 90 91 94 95 96 97 98 99 100 101 102 103 104 106 107 108 109 110 111 112 113 114 115 116 117 118 119 120 121 122 123 124 125 126 127 128 129 130 131 132 133 134 135 136 137 138 139 140 141 142 143 144 145 146 147 148 149 150 151 152 153 154 155 156 157 158 159 160 161 162 163 164 165 166 167 168 169 170 171 172 173 174 175 176 177 178 179 180 181 182 183 184 185 186 187 188 189 190 191 192 193 194 195 196 197 198 199 200 201 202 203 204 205 206 207 208 209 210 211 212 213 214 215 216 217 218 219 220 221 222 223 224 225 226 227 228 229 230 231 232 233 1 234 235 236 237 238 239 240 241 242 243 244 2 3 245 246 247 248 249 250 251 252 253 254 4 5 6 255 256 257 258 259 260 261 262 263 7 8 9 264 265 266 267 268 269 270 271 11 12 13 272 273 274 275 276 277 278 16 17 18 279 280 281 282 283 284 22 23 24 285 286 287 288 289 29 30 31 290 291 292 293 37 38 39 294 295 296 46 47 48 297 298 56 57 58 299 67 68 69 79 80 81 92 93 105
11 16 17 22 23 24 29 30 31 32 37 38 39 40 41 46 47 48 49 50 51 56 57 58 59 60 61 62 67 68 69 70 71 72 73 74 79 80 81 82 83 84 85 86 87 1 92 93 94 95 96 97 98 99 100 2 3 105 106 107 108 109 110 111 112 113 4 5 6 118 119 120 121 122 123 124 125 126 7 8 9 10 131 132 133 134 135 136 137 138 139 12 13 14 15 144 145 146 147 148 149 150 151 152 18 19 20 21 157 158 159 160 161 162 163 164 165 25 26 27 28 170 171 172 173 174 175 176 177 178 33 34 35 36 183 184 185 186 187 188 189 190 191 42 43 44 45 196 197 198 199 200 201 202 203 204 52 53 54 55 209 210 211 212 213 214 215 216 217 63 64 65 66 222 223 224 225 226 227 228 229 230 75 76 77 78 234 235 236 237 238 239 240 241 242 88 89 90 91 245 246 247 248 249 250 251 252 253 101 102 103 104 255 256 257 258 259 260 261 262 263 114 115 116 117 264 265 266 267 268 269 270 271 127 128 129 130 272 273 274 275 276 277 278 140 141 142 143 279 280 281 282 283 284 153 154 155 156 285 286 287 288 289 166 167 168 169 290 291 292 293 179 180 181 182 294 295 296 192 193 194 195 297 298 205 206 207 208 299 218 219 220 221 231 232 233 243 244 254
12 17 18 23 24 25 30 31 32 33 38 39 40 41 42 47 48 49 50 51 52 57 58 59 60 61 62 63 68 69 70 71 72 73 74 75 80 81 82 83 84 85 86 87 88 92 93 94 95 96 97 98 99 100 101 3 105 106 107 108 109 110 111 112 113 114 5 6 118 119 120 121 122 123 124 125 126 127 8 9 10 131 132 133 134 135 136 137 138 139 140 13 14 15 144 145 146 147 148 149 150 151 152 153 19 20 21 157 158 159 160 161 162 163 164 165 166 26 27 28 170 171 172 173 174 175 176 177 178 179 34 35 36 183 184 185 186 187 188 189 190 191 192 43 44 45 196 197 198 199 200 201 202 203 204 205 53 54 55 209 210 211 212 213 214 215 216 217 218 64 65 66 222 223 224 225 226 227 228 229 230 231 76 77 78 234 235 236 237 238 239 240 241 242 243 89 90 91 245 246 247 248 249 250 251 252 253 254 102 103 104 255 256 257 258 259 260 261 262 263 7 115 116 117 264 265 266 267 268 269 270 271 11 128 129 130 272 273 274 275 276 277 278 16 141 142 143 279 280 281 282 283 284 22 154 155 156 285 286 287 288 289 29 167 168 169 290 291 292 293 37 180 181 182 294 295 296 46 193 194 195 297 298 56 206 207 208 299 67 219 220 221 79 232 233 1 244 2 4
13 18 19 24 25 26 31 32 33 34 39 40 41 42 43 48 49 50 51 52 53 58 59 60 61 62 63 64 69 70 71 72 73 74 75 76 81 82 83 84 85 86 87 88 89 93 94 95 96 97 98 99 100 101 102 105 106 107 108 109 110 111 112 113 114 115 6 118 119 120 121 122 123 124 125 126 127 128 9 10 131 132 133 134 135 136 137 138 139 140 141 14 15 144 145 146 147 148 149 150 151 152 153 154 20 21 157 158 159 160 161 162 163 164 165 166 167 27 28 170 171 172 173 174 175 176 177 178 179 180 35 36 183 184 185 186 187 188 189 190 191 192 193 44 45 196 197 198 199 200 201 202 203 204 205 206 54 55 209 210 211 212 213 214 215 216 217 218 219 65 66 222 223 224 225 226 227 228 229 230 231 232 77 78 234 235 236 237 238 239 240 241 242 243 244 90 91 245 246 247 248 249 250 251 252 253 254 4 103 104 255 256 257 258 259 260 261 262 263 7 8 116 117 264 265 266 267 268 269 270 271 11 12 129 130 272 273 274 275 276 277 278 16 17 142 143 279 280 281 282 283 284 22 23 155 156 285 286 287 288 289 29 30 168 169 290 291 292 293 37 38 181 182 294 295 296 46 47 194 195 297 298 56 57 207 208 299 67 68 220 221 79 80 233 1 92 2 3 5
14 19 20 25 26 27 32 33 34 35 40 41 42 43 44 49 50 51 52 53 54 59 60 61 62 63 64 65 70 71 72 73 74 75 76 77 82 83 84 85 86 87 88 89 90 94 95 96 97 98 99 100 101 102 103 106 107 108 109 110 111 112 113 114 115 116 118 119 120 121 122 123 124 125 126 127 128 129 10 131 132 133 134 135 136 137 138 139 140 141 142 15 144 145 146 147 148 149 150 151 152 153 154 155 21 157 158 159 160 161 162 163 164 165 166 167 168 28 170 171 172 173 174 175 176 177 178 179 180 181 36 183 184 185 186 187 188 189 190 191 192 193 194 45 196 197 198 199 200 201 202 203 204 205 206 207 55 209 210 211 212 213 214 215 216 217 218 219 220 66 222 223 224 225 226 227 228 229 230 231 232 233 78 234 235 236 237 238 239 240 241 242 243 244 2 91 245 246 247 248 249 250 251 252 253 254 4 5 104 255 256 257 258 259 260 261 262 263 7 8 9 117 264 265 266 267 268 269 270 271 11 12 13 130 272 273 274 275 276 277 278 16 17 18 143 279 280 281 282 283 284 22 23 24 156 285 286 287 288 289 29 30 31 169 290 291 292 293 37 38 39 182 294 295 296 46 47 48 195 297 298 56 57 58 208 299 67 68 69 221 79 80 81 1 92 93 3 105 6
15 20 21 26 27 28 33 34 35 36 41 42 43 44 45 50 51 52 53 54 55 60 61 62 63 64 65 66 71 72 73 74 75 76 77 78 83 84 85 86 87 88 89 90 91 95 96 97 98 99 100 101 102 103 104 107 108 109 110 111 112 113 114 115 116 117 119 120 121 122 123 124 125 126 127 128 129 130 131 132 133 134 135 136 137 138 139 140 141 142 143 144 145 146 147 148 149 150 151 152 153 154 155 156 157 158 159 160 161 162 163 164 165 166 167 168 169 170 171 172 173 174 175 176 177 178 179 180 181 182 183 184 185 186 187 188 189 190 191 192 193 194 195 196 197 198 199 200 201 202 203 204 205 206 207 208 209 210 211 212 213 214 215 216 217 218 219 220 221 222 223 224 225 226 227 228 229 230 231 232 233 1 234 235 236 237 238 239 240 241 242 243 244 2 3 245 246 247 248 249 250 251 252 253 254 4 5 6 255 256 257 258 259 260 261 262 263 7 8 9 10 264 265 266 267 268 269 270 271 11 12 13 14 272 273 274 275 276 277 278 16 17 18 19 279 280 281 282 283 284 22 23 24 25 285 286 287 288 289 29 30 31 32 290 291 292 293 37 38 39 40 294 295 296 46 47 48 49 297 298 56 57 58 59 299 67 68 69 70 79 80 81 82 92 93 94 105 106 118
16 22 23 29 30 31 37 38 39 40 46 47 48 49 50 56 57 58 59 60 61 67 68 69 70 71 72 73 79 80 81 82 83 84 85 86 1 92 93 94 95 96 97 98 99 2 3 105 106 107 108 109 110 111 112 4 5 6 118 119 120 121 122 123 124 125 7 8 9 10 131 132 133 134 135 136 137 138 11 12 13 14 15 144 145 146 147 148 149 150 151 17 18 19 20 21 157 158 159 160 161 162 163 164 24 25 26 27 28 170 171 172 173 174 175 176 177 32 33 34 35 36 183 184 185 186 187 188 189 190 41 42 43 44 45 196 197 198 199 200 201 202 203 51 52 53 54 55 209 210 211 212 213 214 215 216 62 63 64 65 66 222 223 224 225 226 227 228 229 74 75 76 77 78 234 235 236 237 238 239 240 241 87 88 89 90 91 245 246 247 248 249 250 251 252 100 101 102 103 104 255 256 257 258 259 260 261 262 113 114 115 116 117 264 265 266 267 268 269 270 271 126 127 128 129 130 272 273 274 275 276 277 278 139 140 141 142 143 279 280 281 282 283 284 152 153 154 155 156 285 286 287 288 289 165 166 167 168 169 290 291 292 293 178 179 180 181 182 294 295 296 191 192 193 194 195 297 298 204 205 206 207 208 299 217 218 219 220 221 230 231 232 233 242 243 244 253 254 263
17 23 24 30 31 32 38 39 40 41 47 48 49 50 51 57 58 59 60 61 62 68 69 70 71 72 73 74 80 81 82 83 84 85 86 87 92 93 94 95 96 97 98 99 100 3 105 106 107 108 109 110 111 112 113 5 6 118 119 120 121 122 123 124 125 126 8 9 10 131 132 133 134 135 136 137 138 139 12 13 14 15 144 145 146 147 148 149 150 151 152 18 19 20 21 157 158 159 160 161 162 163 164 165 25 26 27 28 170 171 172 173 174 175 176 177 178 33 34 35 36 183 184 185 186 187 188 189 190 191 42 43 44 45 196 197 198 199 200 201 202 203 204 52 53 54 55 209 210 211 212 213 214 215 216 217 63 64 65 66 222 223 224 225 226 227 228 229 230 75 76 77 78 234 235 236 237 238 239 240 241 242 88 89 90 91 245 246 247 248 249 250 251 252 253 101 102 103 104 255 256 257 258 259 260 261 262 263 114 115 116 117 264 265 266 267 268 269 270 271 11 127 128 129 130 272 273 274 275 276 277 278 16 140 141 142 143 279 280 281 282 283 284 22 153 154 155 156 285 286 287 288 289 29 166 167 168 169 290 291 292 293 37 179 180 181 182 294 295 296 46 192 193 194 195 297 298 56 205 206 207 208 299 67 218 219 220 221 79 231 232 233 1 243 244 2 254 4 7
18 24 25 31 32 33 39 40 41 42 48 49 50 51 52 58 59 60 61 62 63 69 70 71 72 73 74 75 81 82 83 84 85 86 87 88 93 94 95 96 97 98 99 100 101 105 106 107 108 109 110 111 112 113 114 6 118 119 120 121 122 123 124 125 126 127 9 10 131 132 133 134 135 136 137 138 139 140 13 14 15 144 145 146 147 148 149 150 151 152 153 19 20 21 157 158 159 160 161 162 163 164 165 166 26 27 28 170 171 172 173 174 175 176 177 178 179 34 35 36 183 184 185 186 187 188 189 190 191 192 43 44 45 196 197 198 199 200 201 202 203 204 205 53 54 55 209 210 211 212 213 214 215 216 217 218 64 65 66 222 223 224 225 226 227 228 229 230 231 76 77 78 234 235 236 237 238 239 240 241 242 243 89 90 91 245 246 247 248 249 250 251 252 253 254 102 103 104 255 256 257 258 259 260 261 262 263 7 115 116 117 264 265 266 267 268 269 270 271 11 12 128 129 130 272 273 274 275 276 277 278 16 17 141 142 143 279 280 281 282 283 284 22 23 154 155 156 285 286 287 288 289 29 30 167 168 169 290 291 292 293 37 38 180 181 182 294 295 296 46 47 193 194 195 297 298 56 57 206 207 208 299 67 68 219 220 221 79 80 232 233 1 92 244 2 3 4 5 8
19 25 26 32 33 34 40 41 42 43 49 50 51 52 53 59 60 61 62 63 64 70 71 72 73 74 75 76 82 83 84 85 86 87 88 89 94 95 96 97 98 99 100 101 102 106 107 108 109 110 111 112 113 114 115 118 119 120 121 122 123 124 125 126 127 128 10 131 132 133 134 135 136 137 138 139 140 141 14 15 144 145 146 147 148 149 150 151 152 153 154 20 21 157 158 159 160 161 162 163 164 165 166 167 27 28 170 171 172 173 174 175 176 177 178 179 180 35 36 183 184 185 186 187 188 189 190 191 192 193 44 45 196 197 198 199 200 201 202 203 204 205 206 54 55 209 210 211 212 213 214 215 216 217 218 219 65 66 222 223 224 225 226 227 228 229 230 231 232 77 78 234 235 236 237 238 239 240 241 242 243 244 90 91 245 246 247 248 249 250 251 252 253 254 4 103 104 255 256 257 258 259 260 261 262 263 7 8 116 117 264 265 266 267 268 269 270 271 11 12 13 129 130 272 273 274 275 276 277 278 16 17 18 142 143 279 280 281 282 283 284 22 23 24 155 156 285 286 287 288 289 29 30 31 168 169 290 291 292 293 37 38 39 181 182 294 295 296 46 47 48 194 195 297 298 56 57 58 207 208 299 67 68 69 220 221 79 80 81 233 1 92 93 2 3 105 5 6 9
20 26 27 33 34 35 41 42 43 44 50 51 52 53 54 60 61 62 63 64 65 71 72 73 74 75 76 77 83 84 85 86 87 88 89 90 95 96 97 98 99 100 101 102 103 107 108 109 110 111 112 113 114 115 116 119 120 121 122 123 124 125 126 127 128 129 131 132 133 134 135 136 137 138 139 140 141 142 15 144 145 146 147 148 149 150 151 152 153 154 155 21 157 158 159 160 161 162 163 164 165 166 167 168 28 170 171 172 173 174 175 176 177 178 179 180 181 36 183 184 185 186 187 188 189 190 191 192 193 194 45 196 197 198 199 200 201 202 203 204 205 206 207 55 209 210 211 212 213 214 215 216 217 218 219 220 66 222 223 224 225 226 227 228 229 230 231 232 233 78 234 235 236 237 238 239 240 241 242 243 244 2 91 245 246 247 248 249 250 251 252 253 254 4 5 104 255 256 257 258 259 260 261 262 263 7 8 9 117 264 265 266 267 268 269 270 271 11 12 13 14 130 272 273 274 275 276 277 278 16 17 18 19 143 279 280 281 282 283 284 22 23 24 25 156 285 286 287 288 289 29 30 31 32 169 290 291 292 293 37 38 39 40 182 294 295 296 46 47 48 49 195 297 298 56 57 58 59 208 299 67 68 69 70 221 79 80 81 82 1 92 93 94 3 105 106 6 118 10
21 27 28 34 35 36 42 43 44 45 51 52 53 54 55 61 62 63 64 65 66 72 73 74 75 76 77 78 84 85 86 87 88 89 90 91 96 97 98 99 100 101 102 103 104 108 109 110 111 112 113 114 115 116 117 120 121 122 123 124 125 126 127 128 129 130 132 133 134 135 136 137 138 139 140 141 142 143 144 145 146 147 148 149 150 151 152 153 154 155 156 157 158 159 160 161 162 163 164 165 166 167 168 169 170 171 172 173 174 175 176 177 178 179 180 181 182 183 184 185 186 187 188 189 190 191 192 193 194 195 196 197 198 199 200 201 202 203 204 205 206 207 208 209 210 211 212 213 214 215 216 217 218 219 220 221 222 223 224 225 226 227 228 229 230 231 232 233 1 234 235 236 237 238 239 240 241 242 243 244 2 3 245 246 247 248 249 250 251 252 253 254 4 5 6 255 256 257 258 259 260 261 262 263 7 8 9 10 264 265 266 267 268 269 270 271 11 12 13 14 15 272 273 274 275 276 277 278 16 17 18 19 20 279 280 281 282 283 284 22 23 24 25 26 285 286 287 288 289 29 30 31 32 33 290 291 292 293 37 38 39 40 41 294 295 296 46 47 48 49 50 297 298 56 57 58 59 60 299 67 68 69 70 71 79 80 81 82 83 92 93 94 95 105 106 107 118 119 131
22 29 30 37 38 39 46 47 48 49 56 57 58 59 60 67 68 69 70 71 72 79 80 81 82 83 84 85 1 92 93 94 95 96 97 98 2 3 105 106 107 108 109 110 111 4 5 6 118 119 120 121 122 123 124 7 8 9 10 131 132 133 134 135 136 137 11 12 13 14 15 144 145 146 147 148 149 150 16 17 18 19 20 21 157 158 159 160 161 162 163 23 24 25 26 27 28 170 171 172 173 174 175 176 31 32 33 34 35 36 183 184 185 186 187 188 189 40 41 42 43 44 45 196 197 198 199 200 201 202 50 51 52 53 54 55 209 210 211 212 213 214 215 61 62 63 64 65 66 222 223 224 225 226 227 228 73 74 75 76 77 78 234 235 236 237 238 239 240 86 87 88 89 90 91 245 246 247 248 249 250 251 99 100 101 102 103 104 255 256 257 258 259 260 261 112 113 114 115 116 117 264 265 266 267 268 269 270 125 126 127 128 129 130 272 273 274 275 276 277 278 138 139 140 141 142 143 279 280 281 282 283 284 151 152 153 154 155 156 285 286 287 288 289 164 165 166 167 168 169 290 291 292 293 177 178 179 180 181 182 294 295 296 190 191 192 193 194 195 297 298 203 204 205 206 207 208 299 216 217 218 219 220 221 229 230 231 232 233 241 242 243 244 252 253 254 262 263 271
23 30 31 38 39 40 47 48 49 50 57 58 59 60 61 68 69 70 71 72 73 80 81 82 83 84 85 86 92 93 94 95 96 97 98 99 3 105 106 107 108 109 110 111 112 5 6 118 119 120 121 122 123 124 125 8 9 10 131 132 133 134 135 136 137 138 12 13 14 15 144 145 146 147 148 149 150 151 17 18 19 20 21 157 158 159 160 161 162 163 164 24 25 26 27 28 170 171 172 173 174 175 176 177 32 33 34 35 36 183 184 185 186 187 188 189 190 41 42 43 44 45 196 197 198 199 200 201 202 203 51 52 53 54 55 209 210 211 212 213 214 215 216 62 63 64 65 66 222 223 224 225 226 227 228 229 74 75 76 77 78 234 235 236 237 238 239 240 241 87 88 89 90 91 245 246 247 248 249 250 251 252 100 101 102 103 104 255 256 257 258 259 260 261 262 113 114 115 116 117 264 265 266 267 268 269 270 271 126 127 128 129 130 272 273 274 275 276 277 278 16 139 140 141 142 143 279 280 281 282 283 284 22 152 153 154 155 156 285 286 287 288 289 29 165 166 167 168 169 290 291 292 293 37 178 179 180 181 182 294 295 296 46 191 192 193 194 195 297 298 56 204 205 206 207 208 299 67 217 218 219 220 221 79 230 231 232 233 1 242 243 244 2 253 254 4 263 7 11
24 31 32 39 40 41 48 49 50 51 58 59 60 61 62 69 70 71 72 73 74 81 82 83 84 85 86 87 93 94 95 96 97 98 99 100 105 106 107 108 109 110 111 112 113 6 118 119 120 121 122 123 124 125 126 9 10 131 132 133 134 135 136 137 138 139 13 14 15 144 145 146 147 148 149 150 151 152 18 19 20 21 157 158 159 160 161 162 163 164 165 25 26 27 28 170 171 172 173 174 175 176 177 178 33 34 35 36 183 184 185 186 187 188 189 190 191 42 43 44 45 196 197 198 199 200 201 202 203 204 52 53 54 55 209 210 211 212 213 214 215 216 217 63 64 65 66 222 223 224 225 226 227 228 229 230 75 76 77 78 234 235 236 237 238 239 240 241 242 88 89 90 91 245 246 247 248 249 250 251 252 253 101 102 103 104 255 256 257 258 259 260 261 262 263 114 115 116 117 264 265 266 267 268 269 270 271 11 127 128 129 130 272 273 274 275 276 277 278 16 17 140 141 142 143 279 280 281 282 283 284 22 23 153 154 155 156 285 286 287 288 289 29 30 166 167 168 169 290 291 292 293 37 38 179 180 181 182 294 295 296 46 47 192 193 194 195 297 298 56 57 205 206 207 208 299 67 68 218 219 220 221 79 80 231 232 233 1 92 243 244 2 3 254 4 5 7 8 12
25 32 33 40 41 42 49 50 51 52 59 60 61 62 63 70 71 72 73 74 75 82 83 84 85 86 87 88 94 95 96 97 98 99 100 101 106 107 108 109 110 111 112 113 114 118 119 120 121 122 123 124 125 126 127 10 131 132 133 134 135 136 137 138 139 140 14 15 144 145 146 147 148 149 150 151 152 153 19 20 21 157 158 159 160 161 162 163 164 165 166 26 27 28 170 171 172 173 174 175 176 177 178 179 34 35 36 183 184 185 186 187 188 189 190 191 192 43 44 45 196 197 198 199 200 201 202 203 204 205 53 54 55 209 210 211 212 213 214 215 216 217 218 64 65 66 222 223 224 225 226 227 228 229 230 231 76 77 78 234 235 236 237 238 239 240 241 242 243 89 90 91 245 246 247 248 249 250 251 252 253 254 102 103 104 255 256 257 258 259 260 261 262 263 7 115 116 117 264 265 266 267 268 269 270 271 11 12 128 129 130 272 273 274 275 276 277 278 16 17 18 141 142 143 279 280 281 282 283 284 22 23 24 154 155 156 285 286 287 288 289 29 30 31 167 168 169 290 291 292 293 37 38 39 180 181 182 294 295 296 46 47 48 193 194 195 297 298 56 57 58 206 207 208 299 67 68 69 219 220 221 79 80 81 232 233 1 92 93 244 2 3 105 4 5 6 8 9 13
26 33 34 41 42 43 50 51 52 53 60 61 62 63 64 71 72 73 74 75 76 83 84 85 86 87 88 89 95 96 97 98 99 100 101 102 107 108 109 110 111 112 113 114 115 119 120 121 122 123 124 125 126 127 128 131 132 133 134 135 136 137 138 139 140 141 15 144 145 146 147 148 149 150 151 152 153 154 20 21 157 158 159 160 161 162 163 164 165 166 167 27 28 170 171 172 173 174 175 176 177 178 179 180 35 36 183 184 185 186 187 188 189 190 191 192 193 44 45 196 197 198 199 200 201 202 203 204 205 206 54 55 209 210 211 212 213 214 215 216 217 218 219 65 66 222 223 224 225 226 227 228 229 230 231 232 77 78 234 235 236 237 238 239 240 241 242 243 244 90 91 245 246 247 248 249 250 251 252 253 254 4 103 104 255 256 257 258 259 260 261 262 263 7 8 116 117 264 265 266 267 268 269 270 271 11 12 13 129 130 272 273 274 275 276 277 278 16 17 18 19 142 143 279 280 281 282 283 284 22 23 24 25 155 156 285 286 287 288 289 29 30 31 32 168 169 290 291 292 293 37 38 39 40 181 182 294 295 296 46 47 48 49 194 195 297 298 56 57 58 59 207 208 299 67 68 69 70 220 221 79 80 81 82 233 1 92 93 94 2 3 105 106 5 6 118 9 10 14
27 34 35 42 43 44 51 52 53 54 61 62 63 64 65 72 73 74 75 76 77 84 85 86 87 88 89 90 96 97 98 99 100 101 102 103 108 109 110 111 112 113 114 115 116 120 121 122 123 124 125 126 127 128 129 132 133 134 135 136 137 138 139 140 141 142 144 145 146 147 148 149 150 151 152 153 154 155 21 157 158 159 160 161 162 163 164 165 166 167 168 28 170 171 172 173 174 175 176 177 178 179 180 181 36 183 184 185 186 187 188 189 190 191 192 193 194 45 196 197 198 199 200 201 202 203 204 205 206 207 55 209 210 211 212 213 214 215 216 217 218 219 220 66 222 223 224 225 226 227 228 229 230 231 232 233 78 234 235 236 237 238 239 240 241 242 243 244 2 91 245 246 247 248 249 250 251 252 253 254 4 5 104 255 256 257 258 259 260 261 262 263 7 8 9 117 264 265 266 267 268 269 270 271 11 12 13 14 130 272 273 274 275 276 277 278 16 17 18 19 20 143 279 280 281 282 283 284 22 23 24 25 26 156 285 286 287 288 289 29 30 31 32 33 169 290 291 292 293 37 38 39 40 41 182 294 295 296 46 47 48 49 50 195 297 298 56 57 58 59 60 208 299 67 68 69 70 71 221 79 80 81 82 83 1 92 93 94 95 3 105 106 107 6 118 119 10 131 15
28 35 36 43 44 45 52 53 54 55 62 63 64 65 66 73 74 75 76 77 78 85 86 87 88 89 90 91 97 98 99 100 101 102 103 104 109 110 111 112 113 114 115 116 117 121 122 123 124 125 126 127 128 129 130 133 134 135 136 137 138 139 140 141 142 143 145 146 147 148 149 150 151 152 153 154 155 156 157 158 159 160 161 162 163 164 165 166 167 168 169 170 171 172 173 174 175 176 177 178 179 180 181 182 183 184 185 186 187 188 189 190 191 192 193 194 195 196 197 198 199 200 201 202 203 204 205 206 207 208 209 210 211 212 213 214 215 216 217 218 219 220 221 222 223 224 225 226 227 228 229 230 231 232 233 1 234 235 236 237 238 239 240 241 242 243 244 2 3 245 246 247 248 249 250 251 252 253 254 4 5 6 255 256 257 258 259 260 261 262 263 7 8 9 10 264 265 266 267 268 269 270 271 11 12 13 14 15 272 273 274 275 276 277 278 16 17 18 19 20 21 279 280 281 282 283 284 22 23 24 25 26 27 285 286 287 288 289 29 30 31 32 33 34 290 291 292 293 37 38 39 40 41 42 294 295 296 46 47 48 49 50 51 297 298 56 57 58 59 60 61 299 67 68 69 70 71 72 79 80 81 82 83 84 92 93 94 95 96 105 106 107 108 118 119 120 131 132 144
29 37 38 46 47 48 56 57 58 59 67 68 69 70 71 79 80 81 82 83 84 1 92 93 94 95 96 97 2 3 105 106 107 108 109 110 4 5 6 118 119 120 121 122 123 7 8 9 10 131 132 133 134 135 136 11 12 13 14 15 144 145 146 147 148 149 16 17 18 19 20 21 157 158 159 160 161 162 22 23 24 25 26 27 28 170 171 172 173 174 175 30 31 32 33 34 35 36 183 184 185 186 187 188 39 40 41 42 43 44 45 196 197 198 199 200 201 49 50 51 52 53 54 55 209 210 211 212 213 214 60 61 62 63 64 65 66 222 223 224 225 226 227 72 73 74 75 76 77 78 234 235 236 237 238 239 85 86 87 88 89 90 91 245 246 247 248 249 250 98 99 100 101 102 103 104 255 256 257 258 259 260 111 112 113 114 115 116 117 264 265 266 267 268 269 124 125 126 127 128 129 130 272 273 274 275 276 277 137 138 139 140 141 142 143 279 280 281 282 283 284 150 151 152 153 154 155 156 285 286 287 288 289 163 164 165 166 167 168 169 290 291 292 293 176 177 178 179 180 181 182 294 295 296 189 190 191 192 193 194 195 297 298 202 203 204 205 206 207 208 299 215 216 217 218 219 220 221 228 229 230 231 232 233 240 241 242 243 244 251 252 253 254 261 262 263 270 271 278
30 38 39 47 48 49 57 58 59 60 68 69 70 71 72 80 81 82 83 84 85 92 93 94 95 96 97 98 3 105 106 107 108 109 110 111 5 6 118 119 120 121 122 123 124 8 9 10 131 132 133 134 135 136 137 12 13 14 15 144 145 146 147 148 149 150 17 18 19 20 21 157 158 159 160 161 162 163 23 24 25 26 27 28 170 171 172 173 174 175 176 31 32 33 34 35 36 183 184 185 186 187 188 189 40 41 42 43 44 45 196 197 198 199 200 201 202 50 51 52 53 54 55 209 210 211 212 213 214 215 61 62 63 64 65 66 222 223 224 225 226 227 228 73 74 75 76 77 78 234 235 236 237 238 239 240 86 87 88 89 90 91 245 246 247 248 249 250 251 99 100 101 102 103 104 255 256 257 258 259 260 261 112 113 114 115 116 117 264 265 266 267 268 269 270 125 126 127 128 129 130 272 273 274 275 276 277 278 138 139 140 141 142 143 279 280 281 282 283 284 22 151 152 153 154 155 156 285 286 287 288 289 29 164 165 166 167 168 169 290 291 292 293 37 177 178 179 180 181 182 294 295 296 46 190 191 192 193 194 195 297 298 56 203 204 205 206 207 208 299 67 216 217 218 219 220 221 79 229 230 231 232 233 1 241 242 243 244 2 252 253 254 4 262 263 7 271 11 16
31 39 40 48 49 50 58 59 60 61 69 70 71 72 73 81 82 83 84 85 86 93 94 95 96 97 98 99 105 106 107 108 109 110 111 112 6 118 119 120 121 122 123 124 125 9 10 131 132 133 134 135 136 137 138 13 14 15 144 145 146 147 148 149 150 151 18 19 20 21 157 158 159 160 161 162 163 164 24 25 26 27 28 170 171 172 173 174 175 176 177 32 33 34 35 36 183 184 185 186 187 188 189 190 41 42 43 44 45 196 197 198 199 200 201 202 203 51 52 53 54 55 209 210 211 212 213 214 215 216 62 63 64 65 66 222 223 224 225 226 227 228 229 74 75 76 77 78 234 235 236 237 238 239 240 241 87 88 89 90 91 245 246 247 248 249 250 251 252 100 101 102 103 104 255 256 257 258 259 260 261 262 113 114 115 116 117 264 265 266 267 268 269 270 271 126 127 128 129 130 272 273 274 275 276 277 278 16 139 140 141 142 143 279 280 281 282 283 284 22 23 152 153 154 155 156 285 286 287 288 289 29 30 165 166 167 168 169 290 291 292 293 37 38 178 179 180 181 182 294 295 296 46 47 191 192 193 194 195 297 298 56 57 204 205 206 207 208 299 67 68 217 218 219 220 221 79 80 230 231 232 233 1 92 242 243 244 2 3 253 254 4 5 263 7 8 11 12 17
32 40 41 49 50 51 59 60 61 62 70 71 72 73 74 82 83 84 85 86 87 94 95 96 97 98 99 100 106 107 108 109 110 111 112 113 118 119 120 121 122 123 124 125 126 10 131 132 133 134 135 136 137 138 139 14 15 144 145 146 147 148 149 150 151 152 19 20 21 157 158 159 160 161 162 163 164 165 25 26 27 28 170 171 172 173 174 175 176 177 178 33 34 35 36 183 184 185 186 187 188 189 190 191 42 43 44 45 196 197 198 199 200 201 202 203 204 52 53 54 55 209 210 211 212 213 214 215 216 217 63 64 65 66 222 223 224 225 226 227 228 229 230 75 76 77 78 234 235 236 237 238 239 240 241 242 88 89 90 91 245 246 247 248 249 250 251 252 253 101 102 103 104 255 256 257 258 259 260 261 262 263 114 115 116 117 264 265 266 267 268 269 270 271 11 127 128 129 130 272 273 274 275 276 277 278 16 17 140 141 142 143 279 280 281 282 283 284 22 23 24 153 154 155 156 285 286 287 288 289 29 30 31 166 167 168 169 290 291 292 293 37 38 39 179 180 181 182 294 295 296 46 47 48 192 193 194 195 297 298 56 57 58 205 206 207 208 299 67 68 69 218 219 220 221 79 80 81 231 232 233 1 92 93 243 244 2 3 105 254 4 5 6 7 8 9 12 13 18
33 41 42 50 51 52 60 61 62 63 71 72 73 74 75 83 84 85 86 87 88 95 96 97 98 99 100 101 107 108 109 110 111 112 113 114 119 120 121 122 123 124 125 126 127 131 132 133 134 135 136 137 138 139 140 15 144 145 146 147 148 149 150 151 152 153 20 21 157 158 159 160 161 162 163 164 165 166 26 27 28 170 171 172 173 174 175 176 177 178 179 34 35 36 183 184 185 186 187 188 189 190 191 192 43 44 45 196 197 198 199 200 201 202 203 204 205 53 54 55 209 210 211 212 213 214 215 216 217 218 64 65 66 222 223 224 225 226 227 228 229 230 231 76 77 78 234 235 236 237 238 239 240 241 242 243 89 90 91 245 246 247 248 249 250 251 252 253 254 102 103 104 255 256 257 258 259 260 261 262 263 7 115 116 117 264 265 266 267 268 269 270 271 11 12 128 129 130 272 273 274 275 276 277 278 16 17 18 141 142 143 279 280 281 282 283 284 22 23 24 25 154 155 156 285 286 287 288 289 29 30 31 32 167 168 169 290 291 292 293 37 38 39 40 180 181 182 294 295 296 46 47 48 49 193 194 195 297 298 56 57 58 59 206 207 208 299 67 68 69 70 219 220 221 79 80 81 82 232 233 1 92 93 94 244 2 3 105 106 4 5 6 118 8 9 10 13 14 19
34 42 43 51 52 53 61 62 63 64 72 73 74 75 76 84 85 86 87 88 89 96 97 98 99 100 101 102 108 109 110 111 112 113 114 115 120 121 122 123 124 125 126 127 128 132 133 134 135 136 137 138 139 140 141 144 145 146 147 148 149 150 151 152 153 154 21 157 158 159 160 161 162 163 164 165 166 167 27 28 170 171 172 173 174 175 176 177 178 179 180 35 36 183 184 185 186 187 188 189 190 191 192 193 44 45 196 197 198 199 200 201 202 203 204 205 206 54 55 209 210 211 212 213 214 215 216 217 218 219 65 66 222 223 224 225 226 227 228 229 230 231 232 77 78 234 235 236 237 238 239 240 241 242 243 244 90 91 245 246 247 248 249 250 251 252 253 254 4 103 104 255 256 257 258 259 260 261 262 263 7 8 116 117 264 265 266 267 268 269 270 271 11 12 13 129 130 272 273 274 275 276 277 278 16 17 18 19 142 143 279 280 281 282 283 284 22 23 24 25 26 155 156 285 286 287 288 289 29 30 31 32 33 168 169 290 291 292 293 37 38 39 40 41 181 182 294 295 296 46 47 48 49 50 194 195 297 298 56 57 58 59 60 207 208 299 67 68 69 70 71 220 221 79 80 81 82 83 233 1 92 93 94 95 2 3 105 106 107 5 6 118 119 9 10 131 14 15 20
35 43 44 52 53 54 62 63 64 65 73 74 75 76 77 85 86 87 88 89 90 97 98 99 100 101 102 103 109 110 111 112 113 114 115 116 121 122 123 124 125 126 127 128 129 133 134 135 136 137 138 139 140 141 142 145 146 147 148 149 150 151 152 153 154 155 157 158 159 160 161 162 163 164 165 166 167 168 28 170 171 172 173 174 175 176 177 178 179 180 181 36 183 184 185 186 187 188 189 190 191 192 193 194 45 196 197 198 199 200 201 202 203 204 205 206 207 55 209 210 211 212 213 214 215 216 217 218 219 220 66 222 223 224 225 226 227 228 229 230 231 232 233 78 234 235 236 237 238 239 240 241 242 243 244 2 91 245 246 247 248 249 250 251 252 253 254 4 5 104 255 256 257 258 259 260 261 262 263 7 8 9 117 264 265 266 267 268 269 270 271 11 12 13 14 130 272 273 274 275 276 277 278 16 17 18 19 20 143 279 280 281 282 283 284 22 23 24 25 26 27 156 285 286 287 288 289 29 30 31 32 33 34 169 290 291 292 293 37 38 39 40 41 42 182 294 295 296 46 47 48 49 50 51 195 297 298 56 57 58 59 60 61 208 299 67 68 69 70 71 72 221 79 80 81 82 83 84 1 92 93 94 95 96 3 105 106 107 108 6 118 119 120 10 131 132 15 144 21
36 44 45 53 54 55 63 64 65 66 74 75 76 77 78 86 87 88 89 90 91 98 99 100 101 102 103 104 110 111 112 113 114 115 116 117 122 123 124 125 126 127 128 129 130 134 135 136 137 138 139 140 141 142 143 146 147 148 149 150 151 152 153 154 155 156 158 159 160 161 162 163 164 165 166 167 168 169 170 171 172 173 174 175 176 177 178 179 180 181 182 183 184 185 186 187 188 189 190 191 192 193 194 195 196 197 198 199 200 201 202 203 204 205 206 207 208 209 210 211 212 213 214 215 216 217 218 219 220 221 222 223 224 225 226 227 228 229 230 231 232 233 1 234 235 236 237 238 239 240 241 242 243 244 2 3 245 246 247 248 249 250 251 252 253 254 4 5 6 255 256 257 258 259 260 261 262 263 7 8 9 10 264 265 266 267 268 269 270 271 11 12 13 14 15 272 273 274 275 276 277 278 16 17 18 19 20 21 279 280 281 282 283 284 22 23 24 25 26 27 28 285 286 287 288 289 29 30 31 32 33 34 35 290 291 292 293 37 38 39 40 41 42 43 294 295 296 46 47 48 49 50 51 52 297 298 56 57 58 59 60 61 62 299 67 68 69 70 71 72 73 79 80 81 82 83 84 85 92 93 94 95 96 97 105 106 107 108 109 118 119 120 121 131 132 133 144 145 157
37 46 47 56 57 58 67 68 69 70 79 80 81 82 83 1 92 93 94 95 96 2 3 105 106 107 108 109 4 5 6 118 119 120 121 122 7 8 9 10 131 132 133 134 135 11 12 13 14 15 144 145 146 147 148 16 17 18 19 20 21 157 158 159 160 161 22 23 24 25 26 27 28 170 171 172 173 174 29 30 31 32 33 34 35 36 183 184 185 186 187 38 39 40 41 42 43 44 45 196 197 198 199 200 48 49 50 51 52 53 54 55 209 210 211 212 213 59 60 61 62 63 64 65 66 222 223 224 225 226 71 72 73 74 75 76 77 78 234 235 236 237 238 84 85 86 87 88 89 90 91 245 246 247 248 249 97 98 99 100 101 102 103 104 255 256 257 258 259 110 111 112 113 114 115 116 117 264 265 266 267 268 123 124 125 126 127 128 129 130 272 273 274 275 276 136 137 138 139 140 141 142 143 279 280 281 282 283 149 150 151 152 153 154 155 156 285 286 287 288 289 162 163 164 165 166 167 168 169 290 291 292 293 175 176 177 178 179 180 181 182 294 295 296 188 189 190 191 192 193 194 195 297 298 201 202 203 204 205 206 207 208 299 214 215 216 217 218 219 220 221 227 228 229 230 231 232 233 239 240 241 242 243 244 250 251 252 253 254 260 261 262 263 269 270 271 277 278 284
38 47 48 57 58 59 68 69 70 71 80 81 82 83 84 92 93 94 95 96 97 3 105 106 107 108 109 110 5 6 118 119 120 121 122 123 8 9 10 131 132 133 134 135 136 12 13 14 15 144 145 146 147 148 149 17 18 19 20 21 157 158 159 160 161 162 23 24 25 26 27 28 170 171 172 173 174 175 30 31 32 33 34 35 36 183 184 185 186 187 188 39 40 41 42 43 44 45 196 197 198 199 200 201 49 50 51 52 53 54 55 209 210 211 212 213 214 60 61 62 63 64 65 66 222 223 224 225 226 227 72 73 74 75 76 77 78 234 235 236 237 238 239 85 86 87 88 89 90 91 245 246 247 248 249 250 98 99 100 101 102 103 104 255 256 257 258 259 260 111 112 113 114 115 116 117 264 265 266 267 268 269 124 125 126 127 128 129 130 272 273 274 275 276 277 137 138 139 140 141 142 143 279 280 281 282 283 284 150 151 152 153 154 155 156 285 286 287 288 289 29 163 164 165 166 167 168 169 290 291 292 293 37 176 177 178 179 180 181 182 294 295 296 46 189 190 191 192 193 194 195 297 298 56 202 203 204 205 206 207 208 299 67 215 216 217 218 219 220 221 79 228 229 230 231 232 233 1 240 241 242 243 244 2 251 252 253 254 4 261 262 263 7 270 271 11 278 16 22
39 48 49 58 59 60 69 70 71 72 81 82 83 84 85 93 94 95 96 97 98 105 106 107 108 109 110 111 6 118 119 120 121 122 123 124 9 10 131 132 133 134 135 136 137 13 14 15 144 145 146 147 148 149 150 18 19 20 21 157 158 159 160 161 162 163 24 25 26 27 28 170 171 172 173 174 175 176 31 32 33 34 35 36 183 184 185 186 187 188 189 40 41 42 43 44 45 196 197 198 199 200 201 202 50 51 52 53 54 55 209 210 211 212 213 214 215 61 62 63 64 65 66 222 223 224 225 226 227 228 73 74 75 76 77 78 234 235 236 237 238 239 240 86 87 88 89 90 91 245 246 247 248 249 250 251 99 100 101 102 103 104 255 256 257 258 259 260 261 112 113 114 115 116 117 264 265 266 267 268 269 270 125 126 127 128 129 130 272 273 274 275 276 277 278 138 139 140 141 142 143 279 280 281 282 283 284 22 151 152 153 154 155 156 285 286 287 288 289 29 30 164 165 166 167 168 169 290 291 292 293 37 38 177 178 179 180 181 182 294 295 296 46 47 190 191 192 193 194 195 297 298 56 57 203 204 205 206 207 208 299 67 68 216 217 218 219 220 221 79 80 229 230 231 232 233 1 92 241 242 243 244 2 3 252 253 254 4 5 262 263 7 8 271 11 12 16 17 23
40 49 50 59 60 61 70 71 72 73 82 83 84 85 86 94 95 96 97 98 99 106 107 108 109 110 111 112 118 119 120 121 122 123 124 125 10 131 132 133 134 135 136 137 138 14 15 144 145 146 147 148 149 150 151 19 20 21 157 158 159 160 161 162 163 164 25 26 27 28 170 171 172 173 174 175 176 177 32 33 34 35 36 183 184 185 186 187 188 189 190 41 42 43 44 45 196 197 198 199 200 201 202 203 51 52 53 54 55 209 210 211 212 213 214 215 216 62 63 64 65 66 222 223 224 225 226 227 228 229 74 75 76 77 78 234 235 236 237 238 239 240 241 87 88 89 90 91 245 246 247 248 249 250 251 252 100 101 102 103 104 255 256 257 258 259 260 261 262 113 114 115 116 117 264 265 266 267 268 269 270 271 126 127 128 129 130 272 273 274 275 276 277 278 16 139 140 141 142 143 279 280 281 282 283 284 22 23 152 153 154 155 156 285 286 287 288 289 29 30 31 165 166 167 168 169 290 291 292 293 37 38 39 178 179 180 181 182 294 295 296 46 47 48 191 192 193 194 195 297 298 56 57 58 204 205 206 207 208 299 67 68 69 217 218 219 220 221 79 80 81 230 231 232 233 1 92 93 242 243 244 2 3 105 253 254 4 5 6 263 7 8 9 11 12 13 17 18 24
41 50 51 60 61 62 71 72 73 74 83 84 85 86 87 95 96 97 98 99 100 107 108 109 110 111 112 113 119 120 121 122 123 124 125 126 131 132 133 134 135 136 137 138 139 15 144 145 146 147 148 149 150 151 152 20 21 157 158 159 160 161 162 163 164 165 26 27 28 170 171 172 173 174 175 176 177 178 33 34 35 36 183 184 185 186 187 188 189 190 191 42 43 44 45 196 197 198 199 200 201 202 203 204 52 53 54 55 209 210 211 212 213 214 215 216 217 63 64 65 66 222 223 224 225 226 227 228 229 230 75 76 77 78 234 235 236 237 238 239 240 241 242 88 89 90 91 245 246 247 248 249 250 251 252 253 101 102 103 104 255 256 257 258 259 260 261 262 263 114 115 116 117 264 265 266 267 268 269 270 271 11 127 128 129 130 272 273 274 275 276 277 278 16 17 140 141 142 143 279 280 281 282 283 284 22 23 24 153 154 155 156 285 286 287 288 289 29 30 31 32 166 167 168 169 290 291 292 293 37 38 39 40 179 180 181 182 294 295 296 46 47 48 49 192 193 194 195 297 298 56 57 58 59 205 206 207 208 299 67 68 69 70 218 219 220 221 79 80 81 82 231 232 233 1 92 93 94 243 244 2 3 105 106 254 4 5 6 118 7 8 9 10 12 13 14 18 19 25
42 51 52 61 62 63 72 73 74 75 84 85 86 87 88 96 97 98 99 100 101 108 109 110 111 112 113 114 120 121 122 123 124 125 126 127 132 133 134 135 136 137 138 139 140 144 145 146 147 148 149 150 151 152 153 21 157 158 159 160 161 162 163 164 165 166 27 28 170 171 172 173 174 175 176 177 178 179 34 35 36 183 184 185 186 187 188 189 190 191 192 43 44 45 196 197 198 199 200 201 202 203 204 205 53 54 55 209 210 211 212 213 214 215 216 217 218 64 65 66 222 223 224 225 226 227 228 229 230 231 76 77 78 234 235 236 237 238 239 240 241 242 243 89 90 91 245 246 247 248 249 250 251 252 253 254 102 103 104 255 256 257 258 259 260 261 262 263 7 115 116 117 264 265 266 267 268 269 270 271 11 12 128 129 130 272 273 274 275 276 277 278 16 17 18 141 142 143 279 280 281 282 283 284 22 23 24 25 154 155 156 285 286 287 288 289 29 30 31 32 33 167 168 169 290 291 292 293 37 38 39 40 41 180 181 182 294 295 296 46 47 48 49 50 193 194 195 297 298 56 57 58 59 60 206 207 208 299 67 68 69 70 71 219 220 221 79 80 81 82 83 232 233 1 92 93 94 95 244 2 3 105 106 107 4 5 6 118 119 8 9 10 131 13 14 15 19 20 26
43 52 53 62 63 64 73 74 75 76 85 86 87 88 89 97 98 99 100 101 102 109 110 111 112 113 114 115 121 122 123 124 125 126 127 128 133 134 135 136 137 138 139 140 141 145 146 147 148 149 150 151 152 153 154 157 158 159 160 161 162 163 164 165 166 167 28 170 171 172 173 174 175 176 177 178 179 180 35 36 183 184 185 186 187 188 189 190 191 192 193 44 45 196 197 198 199 200 201 202 203 204 205 206 54 55 209 210 211 212 213 214 215 216 217 218 219 65 66 222 223 224 225 226 227 228 229 230 231 232 77 78 234 235 236 237 238 239 240 241 242 243 244 90 91 245 246 247 248 249 250 251 252 253 254 4 103 104 255 256 257 258 259 260 261 262 263 7 8 116 117 264 265 266 267 268 269 270 271 11 12 13 129 130 272 273 274 275 276 277 278 16 17 18 19 142 143 279 280 281 282 283 284 22 23 24 25 26 155 156 285 286 287 288 289 29 30 31 32 33 34 168 169 290 291 292 293 37 38 39 40 41 42 181 182 294 295 296 46 47 48 49 50 51 194 195 297 298 56 57 58 59 60 61 207 208 299 67 68 69 70 71 72 220 221 79 80 81 82 83 84 233 1 92 93 94 95 96 2 3 105 106 107 108 5 6 118 119 120 9 10 131 132 14 15 144 20 21 27
44 53 54 63 64 65 74 75 76 77 86 87 88 89 90 98 99 100 101 102 103 110 111 112 113 114 115 116 122 123 124 125 126 127 128 129 134 135 136 137 138 139 140 141 142 146 147 148 149 150 151 152 153 154 155 158 159 160 161 162 163 164 165 166 167 168 170 171 172 173 174 175 176 177 178 179 180 181 36 183 184 185 186 187 188 189 190 191 192 193 194 45 196 197 198 199 200 201 202 203 204 205 206 207 55 209 210 211 212 213 214 215 216 217 218 219 220 66 222 223 224 225 226 227 228 229 230 231 232 233 78 234 235 236 237 238 239 240 241 242 243 244 2 91 245 246 247 248 249 250 251 252 253 254 4 5 104 255 256 257 258 259 260 261 262 263 7 8 9 117 264 265 266 267 268 269 270 271 11 12 13 14 130 272 273 274 275 276 277 278 16 17 18 19 20 143 279 280 281 282 283 284 22 23 24 25 26 27 156 285 286 287 288 289 29 30 31 32 33 34 35 169 290 291 292 293 37 38 39 40 41 42 43 182 294 295 296 46 47 48 49 50 51 52 195 297 298 56 57 58 59 60 61 62 208 299 67 68 69 70 71 72 73 221 79 80 81 82 83 84 85 1 92 93 94 95 96 97 3 105 106 107 108 109 6 118 119 120 121 10 131 132 133 15 144 145 21 157 28
45 54 55 64 65 66 75 76 77 78 87 88 89 90 91 99 100 101 102 103 104 111 112 113 114 115 116 117 123 124 125 126 127 128 129 130 135 136 137 138 139 140 141 142 143 147 148 149 150 151 152 153 154 155 156 159 160 161 162 163 164 165 166 167 168 169 171 172 173 174 175 176 177 178 179 180 181 182 183 184 185 186 187 188 189 190 191 192 193 194 195 196 197 198 199 200 201 202 203 204 205 206 207 208 209 210 211 212 213 214 215 216 217 218 219 220 221 222 223 224 225 226 227 228 229 230 231 232 233 1 234 235 236 237 238 239 240 241 242 243 244 2 3 245 246 247 248 249 250 251 252 253 254 4 5 6 255 256 257 258 259 260 261 262 263 7 8 9 10 264 265 266 267 268 269 270 271 11 12 13 14 15 272 273 274 275 276 277 278 16 17 18 19 20 21 279 280 281 282 283 284 22 23 24 25 26 27 28 285 286 287 288 289 29 30 31 32 33 34 35 36 290 291 292 293 37 38 39 40 41 42 43 44 294 295 296 46 47 48 49 50 51 52 53 297 298 56 57 58 59 60 61 62 63 299 67 68 69 70 71 72 73 74 79 80 81 82 83 84 85 86 92 93 94 95 96 97 98 105 106 107 108 109 110 118 119 120 121 122 131 132 133 134 144 145 146 157 158 170
46 56 57 67 68 69 79 80 81 82 1 92 93 94 95 2 3 105 106 107 108 4 5 6 118 119 120 121 7 8 9 10 131 132 133 134 11 12 13 14 15 144 145 146 147 16 17 18 19 20 21 157 158 159 160 22 23 24 25 26 27 28 170 171 172 173 29 30 31 32 33 34 35 36 183 184 185 186 37 38 39 40 41 42 43 44 45 196 197 198 199 47 48 49 50 51 52 53 54 55 209 210 211 212 58 59 60 61 62 63 64 65 66 222 223 224 225 70 71 72 73 74 75 76 77 78 234 235 236 237 83 84 85 86 87 88 89 90 91 245 246 247 248 96 97 98 99 100 101 102 103 104 255 256 257 258 109 110 111 112 113 114 115 116 117 264 265 266 267 122 123 124 125 126 127 128 129 130 272 273 274 275 135 136 137 138 139 140 141 142 143 279 280 281 282 148 149 150 151 152 153 154 155 156 285 286 287 288 161 162 163 164 165 166 167 168 169 290 291 292 293 174 175 176 177 178 179 180 181 182 294 295 296 187 188 189 190 191 192 193 194 195 297 298 200 201 202 203 204 205 206 207 208 299 213 214 215 216 217 218 219 220 221 226 227 228 229 230 231 232 233 238 239 240 241 242 243 244 249 250 251 252 253 254 259 260 261 262 263 268 269 270 271 276 277 278 283 284 289
47 57 58 68 69 70 80 81 82 83 92 93 94 95 96 3 105 106 107 108 109 5 6 118 119 120 121 122 8 9 10 131 132 133 134 135 12 13 14 15 144 145 146 147 148 17 18 19 20 21 157 158 159 160 161 23 24 25 26 27 28 170 171 172 173 174 30 31 32 33 34 35 36 183 184 185 186 187 38 39 40 41 42 43 44 45 196 197 198 199 200 48 49 50 51 52 53 54 55 209 210 211 212 213 59 60 61 62 63 64 65 66 222 223 224 225 226 71 72 73 74 75 76 77 78 234 235 236 237 238 84 85 86 87 88 89 90 91 245 246 247 248 249 97 98 99 100 101 102 103 104 255 256 257 258 259 110 111 112 113 114 115 116 117 264 265 266 267 268 123 124 125 126 127 128 129 130 272 273 274 275 276 136 137 138 139 140 141 142 143 279 280 281 282 283 149 150 151 152 153 154 155 156 285 286 287 288 289 162 163 164 165 166 167 168 169 290 291 292 293 37 175 176 177 178 179 180 181 182 294 295 296 46 188 189 190 191 192 193 194 195 297 298 56 201 202 203 204 205 206 207 208 299 67 214 215 216 217 218 219 220 221 79 227 228 229 230 231 232 233 1 239 240 241 242 243 244 2 250 251 252 253 254 4 260 261 262 263 7 269 270 271 11 277 278 16 284 22 29
48 58 59 69 70 71 81 82 83 84 93 94 95 96 97 105 106 107 108 109 110 6 118 119 120 121 122 123 9 10 131 132 133 134 135 136 13 14 15 144 145 146 147 148 149 18 19 20 21 157 158 159 160 161 162 24 25 26 27 28 170 171 172 173 174 175 31 32 33 34 35 36 183 184 185 186 187 188 39 40 41 42 43 44 45 196 197 198 199 200 201 49 50 51 52 53 54 55 209 210 211 212 213 214 60 61 62 63 64 65 66 222 223 224 225 226 227 72 73 74 75 76 77 78 234 235 236 237 238 239 85 86 87 88 89 90 91 245 246 247 248 249 250 98 99 100 101 102 103 104 255 256 257 258 259 260 111 112 113 114 115 116 117 264 265 266 267 268 269 124 125 126 127 128 129 130 272 273 274 275 276 277 137 138 139 140 141 142 143 279 280 281 282 283 284 150 151 152 153 154 155 156 285 286 287 288 289 29 163 164 165 166 167 168 169 290 291 292 293 37 38 176 177 178 179 180 181 182 294 295 296 46 47 189 190 191 192 193 194 195 297 298 56 57 202 203 204 205 206 207 208 299 67 68 215 216 217 218 219 220 221 79 80 228 229 230 231 232 233 1 92 240 241 242 243 244 2 3 251 252 253 254 4 5 261 262 263 7 8 270 271 11 12 278 16 17 22 23 30
49 59 60 70 71 72 82 83 84 85 94 95 96 97 98 106 107 108 109 110 111 118 119 120 121 122 123 124 10 131 132 133 134 135 136 137 14 15 144 145 146 147 148 149 150 19 20 21 157 158 159 160 161 162 163 25 26 27 28 170 171 172 173 174 175 176 32 33 34 35 36 183 184 185 186 187 188 189 40 41 42 43 44 45 196 197 198 199 200 201 202 50 51 52 53 54 55 209 210 211 212 213 214 215 61 62 63 64 65 66 222 223 224 225 226 227 228 73 74 75 76 77 78 234 235 236 237 238 239 240 86 87 88 89 90 91 245 246 247 248 249 250 251 99 100 101 102 103 104 255 256 257 258 259 260 261 112 113 114 115 116 117 264 265 266 267 268 269 270 125 126 127 128 129 130 272 273 274 275 276 277 278 138 139 140 141 142 143 279 280 281 282 283 284 22 151 152 153 154 155 156 285 286 287 288 289 29 30 164 165 166 167 168 169 290 291 292 293 37 38 39 177 178 179 180 181 182 294 295 296 46 47 48 190 191 192 193 194 195 297 298 56 57 58 203 204 205 206 207 208 299 67 68 69 216 217 218 219 220 221 79 80 81 229 230 231 232 233 1 92 93 241 242 243 244 2 3 105 252 253 254 4 5 6 262 263 7 8 9 271 11 12 13 16 17 18 23 24 31
50 60 61 71 72 73 83 84 85 86 95 96 97 98 99 107 108 109 110 111 112 119 120 121 122 123 124 125 131 132 133 134 135 136 137 138 15 144 145 146 147 148 149 150 151 20 21 157 158 159 160 161 162 163 164 26 27 28 170 171 172 173 174 175 176 177 33 34 35 36 183 184 185 186 187 188 189 190 41 42 43 44 45 196 197 198 199 200 201 202 203 51 52 53 54 55 209 210 211 212 213 214 215 216 62 63 64 65 66 222 223 224 225 226 227 228 229 74 75 76 77 78 234 235 236 237 238 239 240 241 87 88 89 90 91 245 246 247 248 249 250 251 252 100 101 102 103 104 255 256 257 258 259 260 261 262 113 114 115 116 117 264 265 266 267 268 269 270 271 126 127 128 129 130 272 273 274 275 276 277 278 16 139 140 141 142 143 279 280 281 282 283 284 22 23 152 153 154 155 156 285 286 287 288 289 29 30 31 165 166 167 168 169 290 291 292 293 37 38 39 40 178 179 180 181 182 294 295 296 46 47 48 49 191 192 193 194 195 297 298 56 57 58 59 204 205 206 207 208 299 67 68 69 70 217 218 219 220 221 79 80 81 82 230 231 232 233 1 92 93 94 242 243 244 2 3 105 106 253 254 4 5 6 118 263 7 8 9 10 11 12 13 14 17 18 19 24 25 32
51 61 62 72 73 74 84 85 86 87 96 97 98 99 100 108 109 110 111 112 113 120 121 122 123 124 125 126 132 133 134 135 136 137 138 139 144 145 146 147 148 149 150 151 152 21 157 158 159 160 161 162 163 164 165 27 28 170 171 172 173 174 175 176 177 178 34 35 36 183 184 185 186 187 188 189 190 191 42 43 44 45 196 197 198 199 200 201 202 203 204 52 53 54 55 209 210 211 212 213 214 215 216 217 63 64 65 66 222 223 224 225 226 227 228 229 230 75 76 77 78 234 235 236 237 238 239 240 241 242 88 89 90 91 245 246 247 248 249 250 251 252 253 101 102 103 104 255 256 257 258 259 260 261 262 263 114 115 116 117 264 265 266 267 268 269 270 271 11 127 128 129 130 272 273 274 275 276 277 278 16 17 140 141 142 143 279 280 281 282 283 284 22 23 24 153 154 155 156 285 286 287 288 289 29 30 31 32 166 167 168 169 290 291 292 293 37 38 39 40 41 179 180 181 182 294 295 296 46 47 48 49 50 192 193 194 195 297 298 56 57 58 59 60 205 206 207 208 299 67 68 69 70 71 218 219 220 221 79 80 81 82 83 231 232 233 1 92 93 94 95 243 244 2 3 105 106 107 254 4 5 6 118 119 7 8 9 10 131 12 13 14 15 18 19 20 25 26 33
52 62 63 73 74 75 85 86 87 88 97 98 99 100 101 109 110 111 112 113 114 121 122 123 124 125 126 127 133 134 135 136 137 138 139 140 145 146 147 148 149 150 151 152 153 157 158 159 160 161 162 163 164 165 166 28 170 171 172 173 174 175 176 177 178 179 35 36 183 184 185 186 187 188 189 190 191 192 43 44 45 196 197 198 199 200 201 202 203 204 205 53 54 55 209 210 211 212 213 214 215 216 217 218 64 65 66 222 223 224 225 226 227 228 229 230 231 76 77 78 234 235 236 237 238 239 240 241 242 243 89 90 91 245 246 247 248 249 250 251 252 253 254 102 103 104 255 256 257 258 259 260 261 262 263 7 115 116 117 264 265 266 267 268 269 270 271 11 12 128 129 130 272 273 274 275 276 277 278 16 17 18 141 142 143 279 280 281 282 283 284 22 23 24 25 154 155 156 285 286 287 288 289 29 30 31 32 33 167 168 169 290 291 292 293 37 38 39 40 41 42 180 181 182 294 295 296 46 47 48 49 50 51 193 194 195 297 298 56 57 58 59 60 61 206 207 208 299 67 68 69 70 71 72 219 220 221 79 80 81 82 83 84 232 233 1 92 93 94 95 96 244 2 3 105 106 107 108 4 5 6 118 119 120 8 9 10 131 132 13 14 15 144 19 20 21 26 27 34
53 63 64 74 75 76 86 87 88 89 98 99 100 101 102 110 111 112 113 114 115 122 123 124 125 126 127 128 134 135 136 137 138 139 140 141 146 147 148 149 150 151 152 153 154 158 159 160 161 162 163 164 165 166 167 170 171 172 173 174 175 176 177 178 179 180 36 183 184 185 186 187 188 189 190 191 192 193 44 45 196 197 198 199 200 201 202 203 204 205 206 54 55 209 210 211 212 213 214 215 216 217 218 219 65 66 222 223 224 225 226 227 228 229 230 231 232 77 78 234 235 236 237 238 239 240 241 242 243 244 90 91 245 246 247 248 249 250 251 252 253 254 4 103 104 255 256 257 258 259 260 261 262 263 7 8 116 117 264 265 266 267 268 269 270 271 11 12 13 129 130 272 273 274 275 276 277 278 16 17 18 19 142 143 279 280 281 282 283 284 22 23 24 25 26 155 156 285 286 287 288 289 29 30 31 32 33 34 168 169 290 291 292 293 37 38 39 40 41 42 43 181 182 294 295 296 46 47 48 49 50 51 52 194 195 297 298 56 57 58 59 60 61 62 207 208 299 67 68 69 70 71 72 73 220 221 79 80 81 82 83 84 85 233 1 92 93 94 95 96 97 2 3 105 106 107 108 109 5 6 118 119 120 121 9 10 131 132 133 14 15 144 145 20 21 157 27 28 35
54 64 65 75 76 77 87 88 89 90 99 100 101 102 103 111 112 113 114 115 116 123 124 125 126 127 128 129 135 136 137 138 139 140 141 142 147 148 149 150 151 152 153 154 155 159 160 161 162 163 164 165 166 167 168 171 172 173 174 175 176 177 178 179 180 181 183 184 185 186 187 188 189 190 191 192 193 194 45 196 197 198 199 200 201 202 203 204 205 206 207 55 209 210 211 212 213 214 215 216 217 218 219 220 66 222 223 224 225 226 227 228 229 230 231 232 233 78 234 235 236 237 238 239 240 241 242 243 244 2 91 245 246 247 248 249 250 251 252 253 254 4 5 104 255 256 257 258 259 260 261 262 263 7 8 9 117 264 265 266 267 268 269 270 271 11 12 13 14 130 272 273 274 275 276 277 278 16 17 18 19 20 143 279 280 281 282 283 284 22 23 24 25 26 27 156 285 286 287 288 289 29 30 31 32 33 34 35 169 290 291 292 293 37 38 39 40 41 42 43 44 182 294 295 296 46 47 48 49 50 51 52 53 195 297 298 56 57 58 59 60 61 62 63 208 299 67 68 69 70 71 72 73 74 221 79 80 81 82 83 84 85 86 1 92 93 94 95 96 97 98 3 105 106 107 108 109 110 6 118 119 120 121 122 10 131 132 133 134 15 144 145 146 21 157 158 28 170 36
55 65 66 76 77 78 88 89 90 91 100 101 102 103 104 112 113 114 115 116 117 124 125 126 127 128 129 130 136 137 138 139 140 141 142 143 148 149 150 151 152 153 154 155 156 160 161 162 163 164 165 166 167 168 169 172 173 174 175 176 177 178 179 180 181 182 184 185 186 187 188 189 190 191 192 193 194 195 196 197 198 199 200 201 202 203 204 205 206 207 208 209 210 211 212 213 214 215 216 217 218 219 220 221 222 223 224 225 226 227 228 229 230 231 232 233 1 234 235 236 237 238 239 240 241 242 243 244 2 3 245 246 247 248 249 250 251 252 253 254 4 5 6 255 256 257 258 259 260 261 262 263 7 8 9 10 264 265 266 267 268 269 270 271 11 12 13 14 15 272 273 274 275 276 277 278 16 17 18 19 20 21 279 280 281 282 283 284 22 23 24 25 26 27 28 285 286 287 288 289 29 30 31 32 33 34 35 36 290 291 292 293 37 38 39 40 41 42 43 44 45 294 295 296 46 47 48 49 50 51 52 53 54 297 298 56 57 58 59 60 61 62 63 64 299 67 68 69 70 71 72 73 74 75 79 80 81 82 83 84 85 86 87 92 93 94 95 96 97 98 99 105 106 107 108 109 110 111 118 119 120 121 122 123 131 132 133 134 135 144 145 146 147 157 158 159 170 171 183
56 67 68 79 80 81 1 92 93 94 2 3 105 106 107 4 5 6 118 119 120 7 8 9 10 131 132 133 11 12 13 14 15 144 145 146 16 17 18 19 20 21 157 158 159 22 23 24 25 26 27 28 170 171 172 29 30 31 32 33 34 35 36 183 184 185 37 38 39 40 41 42 43 44 45 196 197 198 46 47 48 49 50 51 52 53 54 55 209 210 211 57 58 59 60 61 62 63 64 65 66 222 223 224 69 70 71 72 73 74 75 76 77 78 234 235 236 82 83 84 85 86 87 88 89 90 91 245 246 247 95 96 97 98 99 100 101 102 103 104 255 256 257 108 109 110 111 112 113 114 115 116 117 264 265 266 121 122 123 124 125 126 127 128 129 130 272 273 274 134 135 136 137 138 139 140 141 142 143 279 280 281 147 148 149 150 151 152 153 154 155 156 285 286 287 160 161 162 163 164 165 166 167 168 169 290 291 292 173 174 175 176 177 178 179 180 181 182 294 295 296 186 187 188 189 190 191 192 193 194 195 297 298 199 200 201 202 203 204 205 206 207 208 299 212 213 214 215 216 217 218 219 220 221 225 226 227 228 229 230 231 232 233 237 238 239 240 241 242 243 244 248 249 250 251 252 253 254 258 259 260 261 262 263 267 268 269 270 271 275 276 277 278 282 283 284 288 289 293
57 68 69 80 81 82 92 93 94 95 3 105 106 107 108 5 6 118 119 120 121 8 9 10 131 132 133 134 12 13 14 15 144 145 146 147 17 18 19 20 21 157 158 159 160 23 24 25 26 27 28 170 171 172 173 30 31 32 33 34 35 36 183 184 185 186 38 39 40 41 42 43 44 45 196 197 198 199 47 48 49 50 51 52 53 54 55 209 210 211 212 58 59 60 61 62 63 64 65 66 222 223 224 225 70 71 72 73 74 75 76 77 78 234 235 236 237 83 84 85 86 87 88 89 90 91 245 246 247 248 96 97 98 99 100 101 102 103 104 255 256 257 258 109 110 111 112 113 114 115 116 117 264 265 266 267 122 123 124 125 126 127 128 129 130 272 273 274 275 135 136 137 138 139 140 141 142 143 279 280 281 282 148 149 150 151 152 153 154 155 156 285 286 287 288 161 162 163 164 165 166 167 168 169 290 291 292 293 174 175 176 177 178 179 180 181 182 294 295 296 46 187 188 189 190 191 192 193 194 195 297 298 56 200 201 202 203 204 205 206 207 208 299 67 213 214 215 216 217 218 219 220 221 79 226 227 228 229 230 231 232 233 1 238 239 240 241 242 243 244 2 249 250 251 252 253 254 4 259 260 261 262 263 7 268 269 270 271 11 276 277 278 16 283 284 22 289 29 37
58 69 70 81 82 83 93 94 95 96 105 106 107 108 109 6 118 119 120 121 122 9 10 131 132 133 134 135 13 14 15 144 145 146 147 148 18 19 20 21 157 158 159 160 161 24 25 26 27 28 170 171 172 173 174 31 32 33 34 35 36 183 184 185 186 187 39 40 41 42 43 44 45 196 197 198 199 200 48 49 50 51 52 53 54 55 209 210 211 212 213 59 60 61 62 63 64 65 66 222 223 224 225 226 71 72 73 74 75 76 77 78 234 235 236 237 238 84 85 86 87 88 89 90 91 245 246 247 248 249 97 98 99 100 101 102 103 104 255 256 257 258 259 110 111 112 113 114 115 116 117 264 265 266 267 268 123 124 125 126 127 128 129 130 272 273 274 275 276 136 137 138 139 140 141 142 143 279 280 281 282 283 149 150 151 152 153 154 155 156 285 286 287 288 289 162 163 164 165 166 167 168 169 290 291 292 293 37 175 176 177 178 179 180 181 182 294 295 296 46 47 188 189 190 191 192 193 194 195 297 298 56 57 201 202 203 204 205 206 207 208 299 67 68 214 215 216 217 218 219 220 221 79 80 227 228 229 230 231 232 233 1 92 239 240 241 242 243 244 2 3 250 251 252 253 254 4 5 260 261 262 263 7 8 269 270 271 11 12 277 278 16 17 284 22 23 29 30 38
59 70 71 82 83 84 94 95 96 97 106 107 108 109 110 118 119 120 121 122 123 10 131 132 133 134 135 136 14 15 144 145 146 147 148 149 19 20 21 157 158 159 160 161 162 25 26 27 28 170 171 172 173 174 175 32 33 34 35 36 183 184 185 186 187 188 40 41 42 43 44 45 196 197 198 199 200 201 49 50 51 52 53 54 55 209 210 211 212 213 214 60 61 62 63 64 65 66 222 223 224 225 226 227 72 73 74 75 76 77 78 234 235 236 237 238 239 85 86 87 88 89 90 91 245 246 247 248 249 250 98 99 100 101 102 103 104 255 256 257 258 259 260 111 112 113 114 115 116 117 264 265 266 267 268 269 124 125 126 127 128 129 130 272 273 274 275 276 277 137 138 139 140 141 142 143 279 280 281 282 283 284 150 151 152 153 154 155 156 285 286 287 288 289 29 163 164 165 166 167 168 169 290 291 292 293 37 38 176 177 178 179 180 181 182 294 295 296 46 47 48 189 190 191 192 193 194 195 297 298 56 57 58 202 203 204 205 206 207 208 299 67 68 69 215 216 217 218 219 220 221 79 80 81 228 229 230 231 232 233 1 92 93 240 241 242 243 244 2 3 105 251 252 253 254 4 5 6 261 262 263 7 8 9 270 271 11 12 13 278 16 17 18 22 23 24 30 31 39
60 71 72 83 84 85 95 96 97 98 107 108 109 110 111 119 120 121 122 123 124 131 132 133 134 135 136 137 15 144 145 146 147 148 149 150 20 21 157 158 159 160 161 162 163 26 27 28 170 171 172 173 174 175 176 33 34 35 36 183 184 185 186 187 188 189 41 42 43 44 45 196 197 198 199 200 201 202 50 51 52 53 54 55 209 210 211 212 213 214 215 61 62 63 64 65 66 222 223 224 225 226 227 228 73 74 75 76 77 78 234 235 236 237 238 239 240 86 87 88 89 90 91 245 246 247 248 249 250 251 99 100 101 102 103 104 255 256 257 258 259 260 261 112 113 114 115 116 117 264 265 266 267 268 269 270 125 126 127 128 129 130 272 273 274 275 276 277 278 138 139 140 141 142 143 279 280 281 282 283 284 22 151 152 153 154 155 156 285 286 287 288 289 29 30 164 165 166 167 168 169 290 291 292 293 37 38 39 177 178 179 180 181 182 294 295 296 46 47 48 49 190 191 192 193 194 195 297 298 56 57 58 59 203 204 205 206 207 208 299 67 68 69 70 216 217 218 219 220 221 79 80 81 82 229 230 231 232 233 1 92 93 94 241 242 243 244 2 3 105 106 252 253 254 4 5 6 118 262 263 7 8 9 10 271 11 12 13 14 16 17 18 19 23 24 25 31 32 40
61 72 73 84 85 86 96 97 98 99 108 109 110 111 112 120 121 122 123 124 125 132 133 134 135 136 137 138 144 145 146 147 148 149 150 151 21 157 158 159 160 161 162 163 164 27 28 170 171 172 173 174 175 176 177 34 35 36 183 184 185 186 187 188 189 190 42 43 44 45 196 197 198 199 200 201 202 203 51 52 53 54 55 209 210 211 212 213 214 215 216 62 63 64 65 66 222 223 224 225 226 227 228 229 74 75 76 77 78 234 235 236 237 238 239 240 241 87 88 89 90 91 245 246 247 248 249 250 251 252 100 101 102 103 104 255 256 257 258 259 260 261 262 113 114 115 116 117 264 265 266 267 268 269 270 271 126 127 128 129 130 272 273 274 275 276 277 278 16 139 140 141 142 143 279 280 281 282 283 284 22 23 152 153 154 155 156 285 286 287 288 289 29 30 31 165 166 167 168 169 290 291 292 293 37 38 39 40 178 179 180 181 182 294 295 296 46 47 48 49 50 191 192 193 194 195 297 298 56 57 58 59 60 204 205 206 207 208 299 67 68 69 70 71 217 218 219 220 221 79 80 81 82 83 230 231 232 233 1 92 93 94 95 242 243 244 2 3 105 106 107 253 254 4 5 6 118 119 263 7 8 9 10 131 11 12 13 14 15 17 18 19 20 24 25 26 32 33 41
62 73 74 85 86 87 97 98 99 100 109 110 111 112 113 121 122 123 124 125 126 133 134 135 136 137 138 139 145 146 147 148 149 150 151 152 157 158 159 160 161 162 163 164 165 28 170 171 172 173 174 175 176 177 178 35 36 183 184 185 186 187 188 189 190 191 43 44 45 196 197 198 199 200 201 202 203 204 52 53 54 55 209 210 211 212 213 214 215 216 217 63 64 65 66 222 223 224 225 226 227 228 229 230 75 76 77 78 234 235 236 237 238 239 240 241 242 88 89 90 91 245 246 247 248 249 250 251 252 253 101 102 103 104 255 256 257 258 259 260 261 262 263 114 115 116 117 264 265 266 267 268 269 270 271 11 127 128 129 130 272 273 274 275 276 277 278 16 17 140 141 142 143 279 280 281 282 283 284 22 23 24 153 154 155 156 285 286 287 288 289 29 30 31 32 166 167 168 169 290 291 292 293 37 38 39 40 41 179 180 181 182 294 295 296 46 47 48 49 50 51 192 193 194 195 297 298 56 57 58 59 60 61 205 206 207 208 299 67 68 69 70 71 72 218 219 220 221 79 80 81 82 83 84 231 232 233 1 92 93 94 95 96 243 244 2 3 105 106 107 108 254 4 5 6 118 119 120 7 8 9 10 131 132 12 13 14 15 144 18 19 20 21 25 26 27 33 34 42
63 74 75 86 87 88 98 99 100 101 110 111 112 113 114 122 123 124 125 126 127 134 135 136 137 138 139 140 146 147 148 149 150 151 152 153 158 159 160 161 162 163 164 165 166 170 171 172 173 174 175 176 177 178 179 36 183 184 185 186 187 188 189 190 191 192 44 45 196 197 198 199 200 201 202 203 204 205 53 54 55 209 210 211 212 213 214 215 216 217 218 64 65 66 222 223 224 225 226 227 228 229 230 231 76 77 78 234 235 236 237 238 239 240 241 242 243 89 90 91 245 246 247 248 249 250 251 252 253 254 102 103 104 255 256 257 258 259 260 261 262 263 7 115 116 117 264 265 266 267 268 269 270 271 11 12 128 129 130 272 273 274 275 276 277 278 16 17 18 141 142 143 279 280 281 282 283 284 22 23 24 25 154 155 156 285 286 287 288 289 29 30 31 32 33 167 168 169 290 291 292 293 37 38 39 40 41 42 180 181 182 294 295 296 46 47 48 49 50 51 52 193 194 195 297 298 56 57 58 59 60 61 62 206 207 208 299 67 68 69 70 71 72 73 219 220 221 79 80 81 82 83 84 85 232 233 1 92 93 94 95 96 97 244 2 3 105 106 107 108 109 4 5 6 118 119 120 121 8 9 10 131 132 133 13 14 15 144 145 19 20 21 157 26 27 28 34 35 43
64 75 76 87 88 89 99 100 101 102 111 112 113 114 115 123 124 125 126 127 128 135 136 137 138 139 140 141 147 148 149 150 151 152 153 154 159 160 161 162 163 164 165 166 167 171 172 173 174 175 176 177 178 179 180 183 184 185 186 187 188 189 190 191 192 193 45 196 197 198 199 200 201 202 203 204 205 206 54 55 209 210 211 212 213 214 215 216 217 218 219 65 66 222 223 224 225 226 227 228 229 230 231 232 77 78 234 235 236 237 238 239 240 241 242 243 244 90 91 245 246 247 248 249 250 251 252 253 254 4 103 104 255 256 257 258 259 260 261 262 263 7 8 116 117 264 265 266 267 268 269 270 271 11 12 13 129 130 272 273 274 275 276 277 278 16 17 18 19 142 143 279 280 281 282 283 284 22 23 24 25 26 155 156 285 286 287 288 289 29 30 31 32 33 34 168 169 290 291 292 293 37 38 39 40 41 42 43 181 182 294 295 296 46 47 48 49 50 51 52 53 194 195 297 298 56 57 58 59 60 61 62 63 207 208 299 67 68 69 70 71 72 73 74 220 221 79 80 81 82 83 84 85 86 233 1 92 93 94 95 96 97 98 2 3 105 106 107 108 109 110 5 6 118 119 120 121 122 9 10 131 132 133 134 14 15 144 145 146 20 21 157 158 27 28 170 35 36 44
65 76 77 88 89 90 100 101 102 103 112 113 114 115 116 124 125 126 127 128 129 136 137 138 139 140 141 142 148 149 150 151 152 153 154 155 160 161 162 163 164 165 166 167 168 172 173 174 175 176 177 178 179 180 181 184 185 186 187 188 189 190 191 192 193 194 196 197 198 199 200 201 202 203 204 205 206 207 55 209 210 211 212 213 214 215 216 217 218 219 220 66 222 223 224 225 226 227 228 229 230 231 232 233 78 234 235 236 237 238 239 240 241 242 243 244 2 91 245 246 247 248 249 250 251 252 253 254 4 5 104 255 256 257 258 259 260 261 262 263 7 8 9 117 264 265 266 267 268 269 270 271 11 12 13 14 130 272 273 274 275 276 277 278 16 17 18 19 20 143 279 280 281 282 283 284 22 23 24 25 26 27 156 285 286 287 288 289 29 30 31 32 33 34 35 169 290 291 292 293 37 38 39 40 41 42 43 44 182 294 295 296 46 47 48 49 50 51 52 53 54 195 297 298 56 57 58 59 60 61 62 63 64 208 299 67 68 69 70 71 72 73 74 75 221 79 80 81 82 83 84 85 86 87 1 92 93 94 95 96 97 98 99 3 105 106 107 108 109 110 111 6 118 119 120 121 122 123 10 131 132 133 134 135 15 144 145 146 147 21 157 158 159 28 170 171 36 183 45
66 77 78 89 90 91 101 102 103 104 113 114 115 116 117 125 126 127 128 129 130 137 138 139 140 141 142 143 149 150 151 152 153 154 155 156 161 162 163 164 165 166 167 168 169 173 174 175 176 177 178 179 180 181 182 185 186 187 188 189 190 191 192 193 194 195 197 198 199 200 201 202 203 204 205 206 207 208 209 210 211 212 213 214 215 216 217 218 219 220 221 222 223 224 225 226 227 228 229 230 231 232 233 1 234 235 236 237 238 239 240 241 242 243 244 2 3 245 246 247 248 249 250 251 252 253 254 4 5 6 255 256 257 258 259 260 261 262 263 7 8 9 10 264 265 266 267 268 269 270 271 11 12 13 14 15 272 273 274 275 276 277 278 16 17 18 19 20 21 279 280 281 282 283 284 22 23 24 25 26 27 28 285 286 287 288 289 29 30 31 32 33 34 35 36 290 291 292 293 37 38 39 40 41 42 43 44 45 294 295 296 46 47 48 49 50 51 52 53 54 55 297 298 56 57 58 59 60 61 62 63 64 65 299 67 68 69 70 71 72 73 74 75 76 79 80 81 82 83 84 85 86 87 88 92 93 94 95 96 97 98 99 100 105 106 107 108 109 110 111 112 118 119 120 121 122 123 124 131 132 133 134 135 136 144 145 146 147 148 157 158 159 160 170 171 172 183 184 196
67 79 80 1 92 93 2 3 105 106 4 5 6 118 119 7 8 9 10 131 132 11 12 13 14 15 144 145 16 17 18 19 20 21 157 158 22 23 24 25 26 27 28 170 171 29 30 31 32 33 34 35 36 183 184 37 38 39 40 41 42 43 44 45 196 197 46 47 48 49 50 51 52 53 54 55 209 210 56 57 58 59 60 61 62 63 64 65 66 222 223 68 69 70 71 72 73 74 75 76 77 78 234 235 81 82 83 84 85 86 87 88 89 90 91 245 246 94 95 96 97 98 99 100 101 102 103 104 255 256 107 108 109 110 111 112 113 114 115 116 117 264 265 120 121 122 123 124 125 126 127 128 129 130 272 273 133 134 135 136 137 138 139 140 141 142 143 279 280 146 147 148 149 150 151 152 153 154 155 156 285 286 159 160 161 162 163 164 165 166 167 168 169 290 291 172 173 174 175 176 177 178 179 180 181 182 294 295 185 186 187 188 189 190 191 192 193 194 195 297 298 198 199 200 201 202 203 204 205 206 207 208 299 211 212 213 214 215 216 217 218 219 220 221 224 225 226 227 228 229 230 231 232 233 236 237 238 239 240 241 242 243 244 247 248 249 250 251 252 253 254 257 258 259 260 261 262 263 266 267 268 269 270 271 274 275 276 277 278 281 282 283 284 287 288 289 292 293 296
68 80 81 92 93 94 3 105 106 107 5 6 118 119 120 8 9 10 131 132 133 12 13 14 15 144 145 146 17 18 19 20 21 157 158 159 23 24 25 26 27 28 170 171 172 30 31 32 33 34 35 36 183 184 185 38 39 40 41 42 43 44 45 196 197 198 47 48 49 50 51 52 53 54 55 209 210 211 57 58 59 60 61 62 63 64 65 66 222 223 224 69 70 71 72 73 74 75 76 77 78 234 235 236 82 83 84 85 86 87 88 89 90 91 245 246 247 95 96 97 98 99 100 101 102 103 104 255 256 257 108 109 110 111 112 113 114 115 116 117 264 265 266 121 122 123 124 125 126 127 128 129 130 272 273 274 134 135 136 137 138 139 140 141 142 143 279 280 281 147 148 149 150 151 152 153 154 155 156 285 286 287 160 161 162 163 164 165 166 167 168 169 290 291 292 173 174 175 176 177 178 179 180 181 182 294 295 296 186 187 188 189 190 191 192 193 194 195 297 298 56 199 200 201 202 203 204 205 206 207 208 299 67 212 213 214 215 216 217 218 219 220 221 79 225 226 227 228 229 230 231 232 233 1 237 238 239 240 241 242 243 244 2 248 249 250 251 252 253 254 4 258 259 260 261 262 263 7 267 268 269 270 271 11 275 276 277 278 16 282 283 284 22 288 289 29 293 37 46
69 81 82 93 94 95 105 106 107 108 6 118 119 120 121 9 10 131 132 133 134 13 14 15 144 145 146 147 18 19 20 21 157 158 159 160 24 25 26 27 28 170 171 172 173 31 32 33 34 35 36 183 184 185 186 39 40 41 42 43 44 45 196 197 198 199 48 49 50 51 52 53 54 55 209 210 211 212 58 59 60 61 62 63 64 65 66 222 223 224 225 70 71 72 73 74 75 76 77 78 234 235 236 237 83 84 85 86 87 88 89 90 91 245 246 247 248 96 97 98 99 100 101 102 103 104 255 256 257 258 109 110 111 112 113 114 115 116 117 264 265 266 267 122 123 124 125 126 127 128 129 130 272 273 274 275 135 136 137 138 139 140 141 142 143 279 280 281 282 148 149 150 151 152 153 154 155 156 285 286 287 288 161 162 163 164 165 166 167 168 169 290 291 292 293 174 175 176 177 178 179 180 181 182 294 295 296 46 187 188 189 190 191 192 193 194 195 297 298 56 57 200 201 202 203 204 205 206 207 208 299 67 68 213 214 215 216 217 218 219 220 221 79 80 226 227 228 229 230 231 232 233 1 92 238 239 240 241 242 243 244 2 3 249 250 251 252 253 254 4 5 259 260 261 262 263 7 8 268 269 270 271 11 12 276 277 278 16 17 283 284 22 23 289 29 30 37 38 47
70 82 83 94 95 96 106 107 108 109 118 119 120 121 122 10 131 132 133 134 135 14 15 144 145 146 147 148 19 20 21 157 158 159 160 161 25 26 27 28 170 171 172 173 174 32 33 34 35 36 183 184 185 186 187 40 41 42 43 44 45 196 197 198 199 200 49 50 51 52 53 54 55 209 210 211 212 213 59 60 61 62 63 64 65 66 222 223 224 225 226 71 72 73 74 75 76 77 78 234 235 236 237 238 84 85 86 87 88 89 90 91 245 246 247 248 249 97 98 99 100 101 102 103 104 255 256 257 258 259 110 111 112 113 114 115 116 117 264 265 266 267 268 123 124 125 126 127 128 129 130 272 273 274 275 276 136 137 138 139 140 141 142 143 279 280 281 282 283 149 150 151 152 153 154 155 156 285 286 287 288 289 162 163 164 165 166 167 168 169 290 291 292 293 37 175 176 177 178 179 180 181 182 294 295 296 46 47 188 189 190 191 192 193 194 195 297 298 56 57 58 201 202 203 204 205 206 207 208 299 67 68 69 214 215 216 217 218 219 220 221 79 80 81 227 228 229 230 231 232 233 1 92 93 239 240 241 242 243 244 2 3 105 250 251 252 253 254 4 5 6 260 261 262 263 7 8 9 269 270 271 11 12 13 277 278 16 17 18 284 22 23 24 29 30 31 38 39 48
71 83 84 95 96 97 107 108 109 110 119 120 121 122 123 131 132 133 134 135 136 15 144 145 146 147 148 149 20 21 157 158 159 160 161 162 26 27 28 170 171 172 173 174 175 33 34 35 36 183 184 185 186 187 188 41 42 43 44 45 196 197 198 199 200 201 50 51 52 53 54 55 209 210 211 212 213 214 60 61 62 63 64 65 66 222 223 224 225 226 227 72 73 74 75 76 77 78 234 235 236 237 238 239 85 86 87 88 89 90 91 245 246 247 248 249 250 98 99 100 101 102 103 104 255 256 257 258 259 260 111 112 113 114 115 116 117 264 265 266 267 268 269 124 125 126 127 128 129 130 272 273 274 275 276 277 137 138 139 140 141 142 143 279 280 281 282 283 284 150 151 152 153 154 155 156 285 286 287 288 289 29 163 164 165 166 167 168 169 290 291 292 293 37 38 176 177 178 179 180 181 182 294 295 296 46 47 48 189 190 191 192 193 194 195 297 298 56 57 58 59 202 203 204 205 206 207 208 299 67 68 69 70 215 216 217 218 219 220 221 79 80 81 82 228 229 230 231 232 233 1 92 93 94 240 241 242 243 244 2 3 105 106 251 252 253 254 4 5 6 118 261 262 263 7 8 9 10 270 271 11 12 13 14 278 16 17 18 19 22 23 24 25 30 31 32 39 40 49
72 84 85 96 97 98 108 109 110 111 120 121 122 123 124 132 133 134 135 136 137 144 145 146 147 148 149 150 21 157 158 159 160 161 162 163 27 28 170 171 172 173 174 175 176 34 35 36 183 184 185 186 187 188 189 42 43 44 45 196 197 198 199 200 201 202 51 52 53 54 55 209 210 211 212 213 214 215 61 62 63 64 65 66 222 223 224 225 226 227 228 73 74 75 76 77 78 234 235 236 237 238 239 240 86 87 88 89 90 91 245 246 247 248 249 250 251 99 100 101 102 103 104 255 256 257 258 259 260 261 112 113 114 115 116 117 264 265 266 267 268 269 270 125 126 127 128 129 130 272 273 274 275 276 277 278 138 139 140 141 142 143 279 280 281 282 283 284 22 151 152 153 154 155 156 285 286 287 288 289 29 30 164 165 166 167 168 169 290 291 292 293 37 38 39 177 178 179 180 181 182 294 295 296 46 47 48 49 190 191 192 193 194 195 297 298 56 57 58 59 60 203 204 205 206 207 208 299 67 68 69 70 71 216 217 218 219 220 221 79 80 81 82 83 229 230 231 232 233 1 92 93 94 95 241 242 243 244 2 3 105 106 107 252 253 254 4 5 6 118 119 262 263 7 8 9 10 131 271 11 12 13 14 15 16 17 18 19 20 23 24 25 26 31 32 33 40 41 50
73 85 86 97 98 99 109 110 111 112 121 122 123 124 125 133 134 135 136 137 138 145 146 147 148 149 150 151 157 158 159 160 161 162 163 164 28 170 171 172 173 174 175 176 177 35 36 183 184 185 186 187 188 189 190 43 44 45 196 197 198 199 200 201 202 203 52 53 54 55 209 210 211 212 213 214 215 216 62 63 64 65 66 222 223 224 225 226 227 228 229 74 75 76 77 78 234 235 236 237 238 239 240 241 87 88 89 90 91 245 246 247 248 249 250 251 252 100 101 102 103 104 255 256 257 258 259 260 261 262 113 114 115 116 117 264 265 266 267 268 269 270 271 126 127 128 129 130 272 273 274 275 276 277 278 16 139 140 141 142 143 279 280 281 282 283 284 22 23 152 153 154 155 156 285 286 287 288 289 29 30 31 165 166 167 168 169 290 291 292 293 37 38 39 40 178 179 180 181 182 294 295 296 46 47 48 49 50 191 192 193 194 195 297 298 56 57 58 59 60 61 204 205 206 207 208 299 67 68 69 70 71 72 217 218 219 220 221 79 80 81 82 83 84 230 231 232 233 1 92 93 94 95 96 242 243 244 2 3 105 106 107 108 253 254 4 5 6 118 119 120 263 7 8 9 10 131 132 11 12 13 14 15 144 17 18 19 20 21 24 25 26 27 32 33 34 41 42 51
74 86 87 98 99 100 110 111 112 113 122 123 124 125 126 134 135 136 137 138 139 146 147 148 149 150 151 152 158 159 160 161 162 163 164 165 170 171 172 173 174 175 176 177 178 36 183 184 185 186 187 188 189 190 191 44 45 196 197 198 199 200 201 202 203 204 53 54 55 209 210 211 212 213 214 215 216 217 63 64 65 66 222 223 224 225 226 227 228 229 230 75 76 77 78 234 235 236 237 238 239 240 241 242 88 89 90 91 245 246 247 248 249 250 251 252 253 101 102 103 104 255 256 257 258 259 260 261 262 263 114 115 116 117 264 265 266 267 268 269 270 271 11 127 128 129 130 272 273 274 275 276 277 278 16 17 140 141 142 143 279 280 281 282 283 284 22 23 24 153 154 155 156 285 286 287 288 289 29 30 31 32 166 167 168 169 290 291 292 293 37 38 39 40 41 179 180 181 182 294 295 296 46 47 48 49 50 51 192 193 194 195 297 298 56 57 58 59 60 61 62 205 206 207 208 299 67 68 69 70 71 72 73 218 219 220 221 79 80 81 82 83 84 85 231 232 233 1 92 93 94 95 96 97 243 244 2 3 105 106 107 108 109 254 4 5 6 118 119 120 121 7 8 9 10 131 132 133 12 13 14 15 144 145 18 19 20 21 157 25 26 27 28 33 34 35 42 43 52
75 87 88 99 100 101 111 112 113 114 123 124 125 126 127 135 136 137 138 139 140 147 148 149 150 151 152 153 159 160 161 162 163 164 165 166 171 172 173 174 175 176 177 178 179 183 184 185 186 187 188 189 190 191 192 45 196 197 198 199 200 201 202 203 204 205 54 55 209 210 211 212 213 214 215 216 217 218 64 65 66 222 223 224 225 226 227 228 229 230 231 76 77 78 234 235 236 237 238 239 240 241 242 243 89 90 91 245 246 247 248 249 250 251 252 253 254 102 103 104 255 256 257 258 259 260 261 262 263 7 115 116 117 264 265 266 267 268 269 270 271 11 12 128 129 130 272 273 274 275 276 277 278 16 17 18 141 142 143 279 280 281 282 283 284 22 23 24 25 154 155 156 285 286 287 288 289 29 30 31 32 33 167 168 169 290 291 292 293 37 38 39 40 41 42 180 181 182 294 295 296 46 47 48 49 50 51 52 193 194 195 297 298 56 57 58 59 60 61 62 63 206 207 208 299 67 68 69 70 71 72 73 74 219 220 221 79 80 81 82 83 84 85 86 232 233 1 92 93 94 95 96 97 98 244 2 3 105 106 107 108 109 110 4 5 6 118 119 120 121 122 8 9 10 131 132 133 134 13 14 15 144 145 146 19 20 21 157 158 26 27 28 170 34 35 36 43 44 53
76 88 89 100 101 102 112 113 114 115 124 125 126 127 128 136 137 138 139 140 141 148 149 150 151 152 153 154 160 161 162 163 164 165 166 167 172 173 174 175 176 177 178 179 180 184 185 186 187 188 189 190 191 192 193 196 197 198 199 200 201 202 203 204 205 206 55 209 210 211 212 213 214 215 216 217 218 219 65 66 222 223 224 225 226 227 228 229 230 231 232 77 78 234 235 236 237 238 239 240 241 242 243 244 90 91 245 246 247 248 249 250 251 252 253 254 4 103 104 255 256 257 258 259 260 261 262 263 7 8 116 117 264 265 266 267 268 269 270 271 11 12 13 129 130 272 273 274 275 276 277 278 16 17 18 19 142 143 279 280 281 282 283 284 22 23 24 25 26 155 156 285 286 287 288 289 29 30 31 32 33 34 168 169 290 291 292 293 37 38 39 40 41 42 43 181 182 294 295 296 46 47 48 49 50 51 52 53 194 195 297 298 56 57 58 59 60 61 62 63 64 207 208 299 67 68 69 70 71 72 73 74 75 220 221 79 80 81 82 83 84 85 86 87 233 1 92 93 94 95 96 97 98 99 2 3 105 106 107 108 109 110 111 5 6 118 119 120 121 122 123 9 10 131 132 133 134 135 14 15 144 145 146 147 20 21 157 158 159 27 28 170 171 35 36 183 44 45 54
77 89 90 101 102 103 113 114 115 116 125 126 127 128 129 137 138 139 140 141 142 149 150 151 152 153 154 155 161 162 163 164 165 166 167 168 173 174 175 176 177 178 179 180 181 185 186 187 188 189 190 191 192 193 194 197 198 199 200 201 202 203 204 205 206 207 209 210 211 212 213 214 215 216 217 218 219 220 66 222 223 224 225 226 227 228 229 230 231 232 233 78 234 235 236 237 238 239 240 241 242 243 244 2 91 245 246 247 248 249 250 251 252 253 254 4 5 104 255 256 257 258 259 260 261 262 263 7 8 9 117 264 265 266 267 268 269 270 271 11 12 13 14 130 272 273 274 275 276 277 278 16 17 18 19 20 143 279 280 281 282 283 284 22 23 24 25 26 27 156 285 286 287 288 289 29 30 31 32 33 34 35 169 290 291 292 293 37 38 39 40 41 42 43 44 182 294 295 296 46 47 48 49 50 51 52 53 54 195 297 298 56 57 58 59 60 61 62 63 64 65 208 299 67 68 69 70 71 72 73 74 75 76 221 79 80 81 82 83 84 85 86 87 88 1 92 93 94 95 96 97 98 99 100 3 105 106 107 108 109 110 111 112 6 118 119 120 121 122 123 124 10 131 132 133 134 135 136 15 144 145 146 147 148 21 157 158 159 160 28 170 171 172 36 183 184 45 196 55
78 90 91 102 103 104 114 115 116 117 126 127 128 129 130 138 139 140 141 142 143 150 151 152 153 154 155 156 162 163 164 165 166 167 168 169 174 175 176 177 178 179 180 181 182 186 187 188 189 190 191 192 193 194 195 198 199 200 201 202 203 204 205 206 207 208 210 211 212 213 214 215 216 217 218 219 220 221 222 223 224 225 226 227 228 229 230 231 232 233 1 234 235 236 237 238 239 240 241 242 243 244 2 3 245 246 247 248 249 250 251 252 253 254 4 5 6 255 256 257 258 259 260 261 262 263 7 8 9 10 264 265 266 267 268 269 270 271 11 12 13 14 15 272 273 274 275 276 277 278 16 17 18 19 20 21 279 280 281 282 283 284 22 23 24 25 26 27 28 285 286 287 288 289 29 30 31 32 33 34 35 36 290 291 292 293 37 38 39 40 41 42 43 44 45 294 295 296 46 47 48 49 50 51 52 53 54 55 297 298 56 57 58 59 60 61 62 63 64 65 66 299 67 68 69 70 71 72 73 74 75 76 77 79 80 81 82 83 84 85 86 87 88 89 92 93 94 95 96 97 98 99 100 101 105 106 107 108 109 110 111 112 113 118 119 120 121 122 123 124 125 131 132 133 134 135 136 137 144 145 146 147 148 149 157 158 159 160 161 170 171 172 173 183 184 185 196 197 209
79 1 92 2 3 105 4 5 6 118 7 8 9 10 131 11 12 13 14 15 144 16 17 18 19 20 21 157 22 23 24 25 26 27 28 170 29 30 31 32 33 34 35 36 183 37 38 39 40 41 42 43 44 45 196 46 47 48 49 50 51 52 53 54 55 209 56 57 58 59 60 61 62 63 64 65 66 222 67 68 69 70 71 72 73 74 75 76 77 78 234 80 81 82 83 84 85 86 87 88 89 90 91 245 93 94 95 96 97 98 99 100 101 102 103 104 255 106 107 108 109 110 111 112 113 114 115 116 117 264 119 120 121 122 123 124 125 126 127 128 129 130 272 132 133 134 135 136 137 138 139 140 141 142 143 279 145 146 147 148 149 150 151 152 153 154 155 156 285 158 159 160 161 162 163 164 165 166 167 168 169 290 171 172 173 174 175 176 177 178 179 180 181 182 294 184 185 186 187 188 189 190 191 192 193 194 195 297 197 198 199 200 201 202 203 204 205 206 207 208 299 210 211 212 213 214 215 216 217 218 219 220 221 223 224 225 226 227 228 229 230 231 232 233 235 236 237 238 239 240 241 242 243 244 246 247 248 249 250 251 252 253 254 256 257 258 259 260 261 262 263 265 266 267 268 269 270 271 273 274 275 276 277 278 280 281 282 283 284 286 287 288 289 291 292 293 295 296 298
80 92 93 3 105 106 5 6 118 119 8 9 10 131 132 12 13 14 15 144 145 17 18 19 20 21 157 158 23 24 25 26 27 28 170 171 30 31 32 33 34 35 36 183 184 38 39 40 41 42 43 44 45 196 197 47 48 49 50 51 52 53 54 55 209 210 57 58 59 60 61 62 63 64 65 66 222 223 68 69 70 71 72 73 74 75 76 77 78 234 235 81 82 83 84 85 86 87 88 89 90 91 245 246 94 95 96 97 98 99 100 101 102 103 104 255 256 107 108 109 110 111 112 113 114 115 116 117 264 265 120 121 122 123 124 125 126 127 128 129 130 272 273 133 134 135 136 137 138 139 140 141 142 143 279 280 146 147 148 149 150 151 152 153 154 155 156 285 286 159 160 161 162 163 164 165 166 167 168 169 290 291 172 173 174 175 176 177 178 179 180 181 182 294 295 185 186 187 188 189 190 191 192 193 194 195 297 298 198 199 200 201 202 203 204 205 206 207 208 299 67 211 212 213 214 215 216 217 218 219 220 221 79 224 225 226 227 228 229 230 231 232 233 1 236 237 238 239 240 241 242 243 244 2 247 248 249 250 251 252 253 254 4 257 258 259 260 261 262 263 7 266 267 268 269 270 271 11 274 275 276 277 278 16 281 282 283 284 22 287 288 289 29 292 293 37 296 46 56
81 93 94 105 106 107 6 118 119 120 9 10 131 132 133 13 14 15 144 145 146 18 19 20 21 157 158 159 24 25 26 27 28 170 171 172 31 32 33 34 35 36 183 184 185 39 40 41 42 43 44 45 196 197 198 48 49 50 51 52 53 54 55 209 210 211 58 59 60 61 62 63 64 65 66 222 223 224 69 70 71 72 73 74 75 76 77 78 234 235 236 82 83 84 85 86 87 88 89 90 91 245 246 247 95 96 97 98 99 100 101 102 103 104 255 256 257 108 109 110 111 112 113 114 115 116 117 264 265 266 121 122 123 124 125 126 127 128 129 130 272 273 274 134 135 136 137 138 139 140 141 142 143 279 280 281 147 148 149 150 151 152 153 154 155 156 285 286 287 160 161 162 163 164 165 166 167 168 169 290 291 292 173 174 175 176 177 178 179 180 181 182 294 295 296 186 187 188 189 190 191 192 193 194 195 297 298 56 199 200 201 202 203 204 205 206 207 208 299 67 68 212 213 214 215 216 217 218 219 220 221 79 80 225 226 227 228 229 230 231 232 233 1 92 237 238 239 240 241 242 243 244 2 3 248 249 250 251 252 253 254 4 5 258 259 260 261 262 263 7 8 267 268 269 270 271 11 12 275 276 277 278 16 17 282 283 284 22 23 288 289 29 30 293 37 38 46 47 57
82 94 95 106 107 108 118 119 120 121 10 131 132 133 134 14 15 144 145 146 147 19 20 21 157 158 159 160 25 26 27 28 170 171 172 173 32 33 34 35 36 183 184 185 186 40 41 42 43 44 45 196 197 198 199 49 50 51 52 53 54 55 209 210 211 212 59 60 61 62 63 64 65 66 222 223 224 225 70 71 72 73 74 75 76 77 78 234 235 236 237 83 84 85 86 87 88 89 90 91 245 246 247 248 96 97 98 99 100 101 102 103 104 255 256 257 258 109 110 111 112 113 114 115 116 117 264 265 266 267 122 123 124 125 126 127 128 129 130 272 273 274 275 135 136 137 138 139 140 141 142 143 279 280 281 282 148 149 150 151 152 153 154 155 156 285 286 287 288 161 162 163 164 165 166 167 168 169 290 291 292 293 174 175 176 177 178 179 180 181 182 294 295 296 46 187 188 189 190 191 192 193 194 195 297 298 56 57 200 201 202 203 204 205 206 207 208 299 67 68 69 213 214 215 216 217 218 219 220 221 79 80 81 226 227 228 229 230 231 232 233 1 92 93 238 239 240 241 242 243 244 2 3 105 249 250 251 252 253 254 4 5 6 259 260 261 262 263 7 8 9 268 269 270 271 11 12 13 276 277 278 16 17 18 283 284 22 23 24 289 29 30 31 37 38 39 47 48 58
83 95 96 107 108 109 119 120 121 122 131 132 133 134 135 15 144 145 146 147 148 20 21 157 158 159 160 161 26 27 28 170 171 172 173 174 33 34 35 36 183 184 185 186 187 41 42 43 44 45 196 197 198 199 200 50 51 52 53 54 55 209 210 211 212 213 60 61 62 63 64 65 66 222 223 224 225 226 71 72 73 74 75 76 77 78 234 235 236 237 238 84 85 86 87 88 89 90 91 245 246 247 248 249 97 98 99 100 101 102 103 104 255 256 257 258 259 110 111 112 113 114 115 116 117 264 265 266 267 268 123 124 125 126 127 128 129 130 272 273 274 275 276 136 137 138 139 140 141 142 143 279 280 281 282 283 149 150 151 152 153 154 155 156 285 286 287 288 289 162 163 164 165 166 167 168 169 290 291 292 293 37 175 176 177 178 179 180 181 182 294 295 296 46 47 188 189 190 191 192 193 194 195 297 298 56 57 58 201 202 203 204 205 206 207 208 299 67 68 69 70 214 215 216 217 218 219 220 221 79 80 81 82 227 228 229 230 231 232 233 1 92 93 94 239 240 241 242 243 244 2 3 105 106 250 251 252 253 254 4 5 6 118 260 261 262 263 7 8 9 10 269 270 271 11 12 13 14 277 278 16 17 18 19 284 22 23 24 25 29 30 31 32 38 39 40 48 49 59
84 96 97 108 109 110 120 121 122 123 132 133 134 135 136 144 145 146 147 148 149 21 157 158 159 160 161 162 27 28 170 171 172 173 174 175 34 35 36 183 184 185 186 187 188 42 43 44 45 196 197 198 199 200 201 51 52 53 54 55 209 210 211 212 213 214 61 62 63 64 65 66 222 223 224 225 226 227 72 73 74 75 76 77 78 234 235 236 237 238 239 85 86 87 88 89 90 91 245 246 247 248 249 250 98 99 100 101 102 103 104 255 256 257 258 259 260 111 112 113 114 115 116 117 264 265 266 267 268 269 124 125 126 127 128 129 130 272 273 274 275 276 277 137 138 139 140 141 142 143 279 280 281 282 283 284 150 151 152 153 154 155 156 285 286 287 288 289 29 163 164 165 166 167 168 169 290 291 292 293 37 38 176 177 178 179 180 181 182 294 295 296 46 47 48 189 190 191 192 193 194 195 297 298 56 57 58 59 202 203 204 205 206 207 208 299 67 68 69 70 71 215 216 217 218 219 220 221 79 80 81 82 83 228 229 230 231 232 233 1 92 93 94 95 240 241 242 243 244 2 3 105 106 107 251 252 253 254 4 5 6 118 119 261 262 263 7 8 9 10 131 270 271 11 12 13 14 15 278 16 17 18 19 20 22 23 24 25 26 30 31 32 33 39 40 41 49 50 60
85 97 98 109 110 111 121 122 123 124 133 134 135 136 137 145 146 147 148 149 150 157 158 159 160 161 162 163 28 170 171 172 173 174 175 176 35 36 183 184 185 186 187 188 189 43 44 45 196 197 198 199 200 201 202 52 53 54 55 209 210 211 212 213 214 215 62 63 64 65 66 222 223 224 225 226 227 228 73 74 75 76 77 78 234 235 236 237 238 239 240 86 87 88 89 90 91 245 246 247 248 249 250 251 99 100 101 102 103 104 255 256 257 258 259 260 261 112 113 114 115 116 117 264 265 266 267 268 269 270 125 126 127 128 129 130 272 273 274 275 276 277 278 138 139 140 141 142 143 279 280 281 282 283 284 22 151 152 153 154 155 156 285 286 287 288 289 29 30 164 165 166 167 168 169 290 291 292 293 37 38 39 177 178 179 180 181 182 294 295 296 46 47 48 49 190 191 192 193 194 195 297 298 56 57 58 59 60 203 204 205 206 207 208 299 67 68 69 70 71 72 216 217 218 219 220 221 79 80 81 82 83 84 229 230 231 232 233 1 92 93 94 95 96 241 242 243 244 2 3 105 106 107 108 252 253 254 4 5 6 118 119 120 262 263 7 8 9 10 131 132 271 11 12 13 14 15 144 16 17 18 19 20 21 23 24 25 26 27 31 32 33 34 40 41 42 50 51 61
86 98 99 110 111 112 122 123 124 125 134 135 136 137 138 146 147 148 149 150 151 158 159 160 161 162 163 164 170 171 172 173 174 175 176 177 36 183 184 185 186 187 188 189 190 44 45 196 197 198 199 200 201 202 203 53 54 55 209 210 211 212 213 214 215 216 63 64 65 66 222 223 224 225 226 227 228 229 74 75 76 77 78 234 235 236 237 238 239 240 241 87 88 89 90 91 245 246 247 248 249 250 251 252 100 101 102 103 104 255 256 257 258 259 260 261 262 113 114 115 116 117 264 265 266 267 268 269 270 271 126 127 128 129 130 272 273 274 275 276 277 278 16 139 140 141 142 143 279 280 281 282 283 284 22 23 152 153 154 155 156 285 286 287 288 289 29 30 31 165 166 167 168 169 290 291 292 293 37 38 39 40 178 179 180 181 182 294 295 296 46 47 48 49 50 191 192 193 194 195 297 298 56 57 58 59 60 61 204 205 206 207 208 299 67 68 69 70 71 72 73 217 218 219 220 221 79 80 81 82 83 84 85 230 231 232 233 1 92 93 94 95 96 97 242 243 244 2 3 105 106 107 108 109 253 254 4 5 6 118 119 120 121 263 7 8 9 10 131 132 133 11 12 13 14 15 144 145 17 18 19 20 21 157 24 25 26 27 28 32 33 34 35 41 42 43 51 52 62
87 99 100 111 112 113 123 124 125 126 135 136 137 138 139 147 148 149 150 151 152 159 160 161 162 163 164 165 171 172 173 174 175 176 177 178 183 184 185 186 187 188 189 190 191 45 196 197 198 199 200 201 202 203 204 54 55 209 210 211 212 213 214 215 216 217 64 65 66 222 223 224 225 226 227 228 229 230 75 76 77 78 234 235 236 237 238 239 240 241 242 88 89 90 91 245 246 247 248 249 250 251 252 253 101 102 103 104 255 256 257 258 259 260 261 262 263 114 115 116 117 264 265 266 267 268 269 270 271 11 127 128 129 130 272 273 274 275 276 277 278 16 17 140 141 142 143 279 280 281 282 283 284 22 23 24 153 154 155 156 285 286 287 288 289 29 30 31 32 166 167 168 169 290 291 292 293 37 38 39 40 41 179 180 181 182 294 295 296 46 47 48 49 50 51 192 193 194 195 297 298 56 57 58 59 60 61 62 205 206 207 208 299 67 68 69 70 71 72 73 74 218 219 220 221 79 80 81 82 83 84 85 86 231 232 233 1 92 93 94 95 96 97 98 243 244 2 3 105 106 107 108 109 110 254 4 5 6 118 119 120 121 122 7 8 9 10 131 132 133 134 12 13 14 15 144 145 146 18 19 20 21 157 158 25 26 27 28 170 33 34 35 36 42 43 44 52 53 63
88 100 101 112 113 114 124 125 126 127 136 137 138 139 140 148 149 150 151 152 153 160 161 162 163 164 165 166 172 173 174 175 176 177 178 179 184 185 186 187 188 189 190 191 192 196 197 198 199 200 201 202 203 204 205 55 209 210 211 212 213 214 215 216 217 218 65 66 222 223 224 225 226 227 228 229 230 231 76 77 78 234 235 236 237 238 239 240 241 242 243 89 90 91 245 246 247 248 249 250 251 252 253 254 102 103 104 255 256 257 258 259 260 261 262 263 7 115 116 117 264 265 266 267 268 269 270 271 11 12 128 129 130 272 273 274 275 276 277 278 16 17 18 141 142 143 279 280 281 282 283 284 22 23 24 25 154 155 156 285 286 287 288 289 29 30 31 32 33 167 168 169 290 291 292 293 37 38 39 40 41 42 180 181 182 294 295 296 46 47 48 49 50 51 52 193 194 195 297 298 56 57 58 59 60 61 62 63 206 207 208 299 67 68 69 70 71 72 73 74 75 219 220 221 79 80 81 82 83 84 85 86 87 232 233 1 92 93 94 95 96 97 98 99 244 2 3 105 106 107 108 109 110 111 4 5 6 118 119 120 121 122 123 8 9 10 131 132 133 134 135 13 14 15 144 145 146 147 19 20 21 157 158 159 26 27 28 170 171 34 35 36 183 43 44 45 53 54 64
89 101 102 113 114 115 125 126 127 128 137 138 139 140 141 149 150 151 152 153 154 161 162 163 164 165 166 167 173 174 175 176 177 178 179 180 185 186 187 188 189 190 191 192 193 197 198 199 200 201 202 203 204 205 206 209 210 211 212 213 214 215 216 217 218 219 66 222 223 224 225 226 227 228 229 230 231 232 77 78 234 235 236 237 238 239 240 241 242 243 244 90 91 245 246 247 248 249 250 251 252 253 254 4 103 104 255 256 257 258 259 260 261 262 263 7 8 116 117 264 265 266 267 268 269 270 271 11 12 13 129 130 272 273 274 275 276 277 278 16 17 18 19 142 143 279 280 281 282 283 284 22 23 24 25 26 155 156 285 286 287 288 289 29 30 31 32 33 34 168 169 290 291 292 293 37 38 39 40 41 42 43 181 182 294 295 296 46 47 48 49 50 51 52 53 194 195 297 298 56 57 58 59 60 61 62 63 64 207 208 299 67 68 69 70 71 72 73 74 75 76 220 221 79 80 81 82 83 84 85 86 87 88 233 1 92 93 94 95 96 97 98 99 100 2 3 105 106 107 108 109 110 111 112 5 6 118 119 120 121 122 123 124 9 10 131 132 133 134 135 136 14 15 144 145 146 147 148 20 21 157 158 159 160 27 28 170 171 172 35 36 183 184 44 45 196 54 55 65
90 102 103 114 115 116 126 127 128 129 138 139 140 141 142 150 151 152 153 154 155 162 163 164 165 166 167 168 174 175 176 177 178 179 180 181 186 187 188 189 190 191 192 193 194 198 199 200 201 202 203 204 205 206 207 210 211 212 213 214 215 216 217 218 219 220 222 223 224 225 226 227 228 229 230 231 232 233 78 234 235 236 237 238 239 240 241 242 243 244 2 91 245 246 247 248 249 250 251 252 253 254 4 5 104 255 256 257 258 259 260 261 262 263 7 8 9 117 264 265 266 267 268 269 270 271 11 12 13 14 130 272 273 274 275 276 277 278 16 17 18 19 20 143 279 280 281 282 283 284 22 23 24 25 26 27 156 285 286 287 288 289 29 30 31 32 33 34 35 169 290 291 292 293 37 38 39 40 41 42 43 44 182 294 295 296 46 47 48 49 50 51 52 53 54 195 297 298 56 57 58 59 60 61 62 63 64 65 208 299 67 68 69 70 71 72 73 74 75 76 77 221 79 80 81 82 83 84 85 86 87 88 89 1 92 93 94 95 96 97 98 99 100 101 3 105 106 107 108 109 110 111 112 113 6 118 119 120 121 122 123 124 125 10 131 132 133 134 135 136 137 15 144 145 146 147 148 149 21 157 158 159 160 161 28 170 171 172 173 36 183 184 185 45 196 197 55 209 66
91 103 104 115 116 117 127 128 129 130 139 140 141 142 143 151 152 153 154 155 156 163 164 165 166 167 168 169 175 176 177 178 179 180 181 182 187 188 189 190 191 192 193 194 195 199 200 201 202 203 204 205 206 207 208 211 212 213 214 215 216 217 218 219 220 221 223 224 225 226 227 228 229 230 231 232 233 1 234 235 236 237 238 239 240 241 242 243 244 2 3 245 246 247 248 249 250 251 252 253 254 4 5 6 255 256 257 258 259 260 261 262 263 7 8 9 10 264 265 266 267 268 269 270 271 11 12 13 14 15 272 273 274 275 276 277 278 16 17 18 19 20 21 279 280 281 282 283 284 22 23 24 25 26 27 28 285 286 287 288 289 29 30 31 32 33 34 35 36 290 291 292 293 37 38 39 40 41 42 43 44 45 294 295 296 46 47 48 49 50 51 52 53 54 55 297 298 56 57 58 59 60 61 62 63 64 65 66 299 67 68 69 70 71 72 73 74 75 76 77 78 79 80 81 82 83 84 85 86 87 88 89 90 92 93 94 95 96 97 98 99 100 101 102 105 106 107 108 109 110 111 112 113 114 118 119 120 121 122 123 124 125 126 131 132 133 134 135 136 137 138 144 145 146 147 148 149 150 157 158 159 160 161 162 170 171 172 173 174 183 184 185 186 196 197 198 209 210 222
92 3 105 5 6 118 8 9 10 131 12 13 14 15 144 17 18 19 20 21 157 23 24 25 26 27 28 170 30 31 32 33 34 35 36 183 38 39 40 41 42 43 44 45 196 47 48 49 50 51 52 53 54 55 209 57 58 59 60 61 62 63 64 65 66 222 68 69 70 71 72 73 74 75 76 77 78 234 80 81 82 83 84 85 86 87 88 89 90 91 245 93 94 95 96 97 98 99 100 101 102 103 104 255 106 107 108 109 110 111 112 113 114 115 116 117 264 119 120 121 122 123 124 125 126 127 128 129 130 272 132 133 134 135 136 137 138 139 140 141 142 143 279 145 146 147 148 149 150 151 152 153 154 155 156 285 158 159 160 161 162 163 164 165 166 167 168 169 290 171 172 173 174 175 176 177 178 179 180 181 182 294 184 185 186 187 188 189 190 191 192 193 194 195 297 197 198 199 200 201 202 203 204 205 206 207 208 299 210 211 212 213 214 215 216 217 218 219 220 221 79 223 224 225 226 227 228 229 230 231 232 233 1 235 236 237 238 239 240 241 242 243 244 2 246 247 248 249 250 251 252 253 254 4 256 257 258 259 260 261 262 263 7 265 266 267 268 269 270 271 11 273 274 275 276 277 278 16 280 281 282 283 284 22 286 287 288 289 29 291 292 293 37 295 296 46 298 56 67
93 105 106 6 118 119 9 10 131 132 13 14 15 144 145 18 19 20 21 157 158 24 25 26 27 28 170 171 31 32 33 34 35 36 183 184 39 40 41 42 43 44 45 196 197 48 49 50 51 52 53 54 55 209 210 58 59 60 61 62 63 64 65 66 222 223 69 70 71 72 73 74 75 76 77 78 234 235 81 82 83 84 85 86 87 88 89 90 91 245 246 94 95 96 97 98 99 100 101 102 103 104 255 256 107 108 109 110 111 112 113 114 115 116 117 264 265 120 121 122 123 124 125 126 127 128 129 130 272 273 133 134 135 136 137 138 139 140 141 142 143 279 280 146 147 148 149 150 151 152 153 154 155 156 285 286 159 160 161 162 163 164 165 166 167 168 169 290 291 172 173 174 175 176 177 178 179 180 181 182 294 295 185 186 187 188 189 190 191 192 193 194 195 297 298 198 199 200 201 202 203 204 205 206 207 208 299 67 211 212 213 214 215 216 217 218 219 220 221 79 80 224 225 226 227 228 229 230 231 232 233 1 92 236 237 238 239 240 241 242 243 244 2 3 247 248 249 250 251 252 253 254 4 5 257 258 259 260 261 262 263 7 8 266 267 268 269 270 271 11 12 274 275 276 277 278 16 17 281 282 283 284 22 23 287 288 289 29 30 292 293 37 38 296 46 47 56 57 68
94 106 107 118 119 120 10 131 132 133 14 15 144 145 146 19 20 21 157 158 159 25 26 27 28 170 171 172 32 33 34 35 36 183 184 185 40 41 42 43 44 45 196 197 198 49 50 51 52 53 54 55 209 210 211 59 60 61 62 63 64 65 66 222 223 224 70 71 72 73 74 75 76 77 78 234 235 236 82 83 84 85 86 87 88 89 90 91 245 246 247 95 96 97 98 99 100 101 102 103 104 255 256 257 108 109 110 111 112 113 114 115 116 117 264 265 266 121 122 123 124 125 126 127 128 129 130 272 273 274 134 135 136 137 138 139 140 141 142 143 279 280 281 147 148 149 150 151 152 153 154 155 156 285 286 287 160 161 162 163 164 165 166 167 168 169 290 291 292 173 174 175 176 177 178 179 180 181 182 294 295 296 186 187 188 189 190 191 192 193 194 195 297 298 56 199 200 201 202 203 204 205 206 207 208 299 67 68 212 213 214 215 216 217 218 219 220 221 79 80 81 225 226 227 228 229 230 231 232 233 1 92 93 237 238 239 240 241 242 243 244 2 3 105 248 249 250 251 252 253 254 4 5 6 258 259 260 261 262 263 7 8 9 267 268 269 270 271 11 12 13 275 276 277 278 16 17 18 282 283 284 22 23 24 288 289 29 30 31 293 37 38 39 46 47 48 57 58 69
95 107 108 119 120 121 131 132 133 134 15 144 145 146 147 20 21 157 158 159 160 26 27 28 170 171 172 173 33 34 35 36 183 184 185 186 41 42 43 44 45 196 197 198 199 50 51 52 53 54 55 209 210 211 212 60 61 62 63 64 65 66 222 223 224 225 71 72 73 74 75 76 77 78 234 235 236 237 83 84 85 86 87 88 89 90 91 245 246 247 248 96 97 98 99 100 101 102 103 104 255 256 257 258 109 110 111 112 113 114 115 116 117 264 265 266 267 122 123 124 125 126 127 128 129 130 272 273 274 275 135 136 137 138 139 140 141 142 143 279 280 281 282 148 149 150 151 152 153 154 155 156 285 286 287 288 161 162 163 164 165 166 167 168 169 290 291 292 293 174 175 176 177 178 179 180 181 182 294 295 296 46 187 188 189 190 191 192 193 194 195 297 298 56 57 200 201 202 203 204 205 206 207 208 299 67 68 69 213 214 215 216 217 218 219 220 221 79 80 81 82 226 227 228 229 230 231 232 233 1 92 93 94 238 239 240 241 242 243 244 2 3 105 106 249 250 251 252 253 254 4 5 6 118 259 260 261 262 263 7 8 9 10 268 269 270 271 11 12 13 14 276 277 278 16 17 18 19 283 284 22 23 24 25 289 29 30 31 32 37 38 39 40 47 48 49 58 59 70
96 108 109 120 121 122 132 133 134 135 144 145 146 147 148 21 157 158 159 160 161 27 28 170 171 172 173 174 34 35 36 183 184 185 186 187 42 43 44 45 196 197 198 199 200 51 52 53 54 55 209 210 211 212 213 61 62 63 64 65 66 222 223 224 225 226 72 73 74 75 76 77 78 234 235 236 237 238 84 85 86 87 88 89 90 91 245 246 247 248 249 97 98 99 100 101 102 103 104 255 256 257 258 259 110 111 112 113 114 115 116 117 264 265 266 267 268 123 124 125 126 127 128 129 130 272 273 274 275 276 136 137 138 139 140 141 142 143 279 280 281 282 283 149 150 151 152 153 154 155 156 285 286 287 288 289 162 163 164 165 166 167 168 169 290 291 292 293 37 175 176 177 178 179 180 181 182 294 295 296 46 47 188 189 190 191 192 193 194 195 297 298 56 57 58 201 202 203 204 205 206 207 208 299 67 68 69 70 214 215 216 217 218 219 220 221 79 80 81 82 83 227 228 229 230 231 232 233 1 92 93 94 95 239 240 241 242 243 244 2 3 105 106 107 250 251 252 253 254 4 5 6 118 119 260 261 262 263 7 8 9 10 131 269 270 271 11 12 13 14 15 277 278 16 17 18 19 20 284 22 23 24 25 26 29 30 31 32 33 38 39 40 41 48 49 50 59 60 71
97 109 110 121 122 123 133 134 135 136 145 146 147 148 149 157 158 159 160 161 162 28 170 171 172 173 174 175 35 36 183 184 185 186 187 188 43 44 45 196 197 198 199 200 201 52 53 54 55 209 210 211 212 213 214 62 63 64 65 66 222 223 224 225 226 227 73 74 75 76 77 78 234 235 236 237 238 239 85 86 87 88 89 90 91 245 246 247 248 249 250 98 99 100 101 102 103 104 255 256 257 258 259 260 111 112 113 114 115 116 117 264 265 266 267 268 269 124 125 126 127 128 129 130 272 273 274 275 276 277 137 138 139 140 141 142 143 279 280 281 282 283 284 150 151 152 153 154 155 156 285 286 287 288 289 29 163 164 165 166 167 168 169 290 291 292 293 37 38 176 177 178 179 180 181 182 294 295 296 46 47 48 189 190 191 192 193 194 195 297 298 56 57 58 59 202 203 204 205 206 207 208 299 67 68 69 70 71 215 216 217 218 219 220 221 79 80 81 82 83 84 228 229 230 231 232 233 1 92 93 94 95 96 240 241 242 243 244 2 3 105 106 107 108 251 252 253 254 4 5 6 118 119 120 261 262 263 7 8 9 10 131 132 270 271 11 12 13 14 15 144 278 16 17 18 19 20 21 22 23 24 25 26 27 30 31 32 33 34 39 40 41 42 49 50 51 60 61 72
98 110 111 122 123 124 134 135 136 137 146 147 148 149 150 158 159 160 161 162 163 170 171 172 173 174 175 176 36 183 184 185 186 187 188 189 44 45 196 197 198 199 200 201 202 53 54 55 209 210 211 212 213 214 215 63 64 65 66 222 223 224 225 226 227 228 74 75 76 77 78 234 235 236 237 238 239 240 86 87 88 89 90 91 245 246 247 248 249 250 251 99 100 101 102 103 104 255 256 257 258 259 260 261 112 113 114 115 116 117 264 265 266 267 268 269 270 125 126 127 128 129 130 272 273 274 275 276 277 278 138 139 140 141 142 143 279 280 281 282 283 284 22 151 152 153 154 155 156 285 286 287 288 289 29 30 164 165 166 167 168 169 290 291 292 293 37 38 39 177 178 179 180 181 182 294 295 296 46 47 48 49 190 191 192 193 194 195 297 298 56 57 58 59 60 203 204 205 206 207 208 299 67 68 69 70 71 72 216 217 218 219 220 221 79 80 81 82 83 84 85 229 230 231 232 233 1 92 93 94 95 96 97 241 242 243 244 2 3 105 106 107 108 109 252 253 254 4 5 6 118 119 120 121 262 263 7 8 9 10 131 132 133 271 11 12 13 14 15 144 145 16 17 18 19 20 21 157 23 24 25 26 27 28 31 32 33 34 35 40 41 42 43 50 51 52 61 62 73
99 111 112 123 124 125 135 136 137 138 147 148 149 150 151 159 160 161 162 163 164 171 172 173 174 175 176 177 183 184 185 186 187 188 189 190 45 196 197 198 199 200 201 202 203 54 55 209 210 211 212 213 214 215 216 64 65 66 222 223 224 225 226 227 228 229 75 76 77 78 234 235 236 237 238 239 240 241 87 88 89 90 91 245 246 247 248 249 250 251 252 100 101 102 103 104 255 256 257 258 259 260 261 262 113 114 115 116 117 264 265 266 267 268 269 270 271 126 127 128 129 130 272 273 274 275 276 277 278 16 139 140 141 142 143 279 280 281 282 283 284 22 23 152 153 154 155 156 285 286 287 288 289 29 30 31 165 166 167 168 169 290 291 292 293 37 38 39 40 178 179 180 181 182 294 295 296 46 47 48 49 50 191 192 193 194 195 297 298 56 57 58 59 60 61 204 205 206 207 208 299 67 68 69 70 71 72 73 217 218 219 220 221 79 80 81 82 83 84 85 86 230 231 232 233 1 92 93 94 95 96 97 98 242 243 244 2 3 105 106 107 108 109 110 253 254 4 5 6 118 119 120 121 122 263 7 8 9 10 131 132 133 134 11 12 13 14 15 144 145 146 17 18 19 20 21 157 158 24 25 26 27 28 170 32 33 34 35 36 41 42 43 44 51 52 53 62 63 74
100 112 113 124 125 126 136 137 138 139 148 149 150 151 152 160 161 162 163 164 165 172 173 174 175 176 177 178 184 185 186 187 188 189 190 191 196 197 198 199 200 201 202 203 204 55 209 210 211 212 213 214 215 216 217 65 66 222 223 224 225 226 227 228 229 230 76 77 78 234 235 236 237 238 239 240 241 242 88 89 90 91 245 246 247 248 249 250 251 252 253 101 102 103 104 255 256 257 258 259 260 261 262 263 114 115 116 117 264 265 266 267 268 269 270 271 11 127 128 129 130 272 273 274 275 276 277 278 16 17 140 141 142 143 279 280 281 282 283 284 22 23 24 153 154 155 156 285 286 287 288 289 29 30 31 32 166 167 168 169 290 291 292 293 37 38 39 40 41 179 180 181 182 294 295 296 46 47 48 49 50 51 192 193 194 195 297 298 56 57 58 59 60 61 62 205 206 207 208 299 67 68 69 70 71 72 73 74 218 219 220 221 79 80 81 82 83 84 85 86 87 231 232 233 1 92 93 94 95 96 97 98 99 243 244 2 3 105 106 107 108 109 110 111 254 4 5 6 118 119 120 121 122 123 7 8 9 10 131 132 133 134 135 12 13 14 15 144 145 146 147 18 19 20 21 157 158 159 25 26 27 28 170 171 33 34 35 36 183 42 43 44 45 52 53 54 63 64 75
101 113 114 125 126 127 137 138 139 140 149 150 151 152 153 161 162 163 164 165 166 173 174 175 176 177 178 179 185 186 187 188 189 190 191 192 197 198 199 200 201 202 203 204 205 209 210 211 212 213 214 215 216 217 218 66 222 223 224 225 226 227 228 229 230 231 77 78 234 235 236 237 238 239 240 241 242 243 89 90 91 245 246 247 248 249 250 251 252 253 254 102 103 104 255 256 257 258 259 260 261 262 263 7 115 116 117 264 265 266 267 268 269 270 271 11 12 128 129 130 272 273 274 275 276 277 278 16 17 18 141 142 143 279 280 281 282 283 284 22 23 24 25 154 155 156 285 286 287 288 289 29 30 31 32 33 167 168 169 290 291 292 293 37 38 39 40 41 42 180 181 182 294 295 296 46 47 48 49 50 51 52 193 194 195 297 298 56 57 58 59 60 61 62 63 206 207 208 299 67 68 69 70 71 72 73 74 75 219 220 221 79 80 81 82 83 84 85 86 87 88 232 233 1 92 93 94 95 96 97 98 99 100 244 2 3 105 106 107 108 109 110 111 112 4 5 6 118 119 120 121 122 123 124 8 9 10 131 132 133 134 135 136 13 14 15 144 145 146 147 148 19 20 21 157 158 159 160 26 27 28 170 171 172 34 35 36 183 184 43 44 45 196 53 54 55 64 65 76
102 114 115 126 127 128 138 139 140 141 150 151 152 153 154 162 163 164 165 166 167 174 175 176 177 178 179 180 186 187 188 189 190 191 192 193 198 199 200 201 202 203 204 205 206 210 211 212 213 214 215 216 217 218 219 222 223 224 225 226 227 228 229 230 231 232 78 234 235 236 237 238 239 240 241 242 243 244 90 91 245 246 247 248 249 250 251 252 253 254 4 103 104 255 256 257 258 259 260 261 262 263 7 8 116 117 264 265 266 267 268 269 270 271 11 12 13 129 130 272 273 274 275 276 277 278 16 17 18 19 142 143 279 280 281 282 283 284 22 23 24 25 26 155 156 285 286 287 288 289 29 30 31 32 33 34 168 169 290 291 292 293 37 38 39 40 41 42 43 181 182 294 295 296 46 47 48 49 50 51 52 53 194 195 297 298 56 57 58 59 60 61 62 63 64 207 208 299 67 68 69 70 71 72 73 74 75 76 220 221 79 80 81 82 83 84 85 86 87 88 89 233 1 92 93 94 95 96 97 98 99 100 101 2 3 105 106 107 108 109 110 111 112 113 5 6 118 119 120 121 122 123 124 125 9 10 131 132 133 134 135 136 137 14 15 144 145 146 147 148 149 20 21 157 158 159 160 161 27 28 170 171 172 173 35 36 183 184 185 44 45 196 197 54 55 209 65 66 77
103 115 116 127 128 129 139 140 141 142 151 152 153 154 155 163 164 165 166 167 168 175 176 177 178 179 180 181 187 188 189 190 191 192 193 194 199 200 201 202 203 204 205 206 207 211 212 213 214 215 216 217 218 219 220 223 224 225 226 227 228 229 230 231 232 233 234 235 236 237 238 239 240 241 242 243 244 2 91 245 246 247 248 249 250 251 252 253 254 4 5 104 255 256 257 258 259 260 261 262 263 7 8 9 117 264 265 266 267 268 269 270 271 11 12 13 14 130 272 273 274 275 276 277 278 16 17 18 19 20 143 279 280 281 282 283 284 22 23 24 25 26 27 156 285 286 287 288 289 29 30 31 32 33 34 35 169 290 291 292 293 37 38 39 40 41 42 43 44 182 294 295 296 46 47 48 49 50 51 52 53 54 195 297 298 56 57 58 59 60 61 62 63 64 65 208 299 67 68 69 70 71 72 73 74 75 76 77 221 79 80 81 82 83 84 85 86 87 88 89 90 1 92 93 94 95 96 97 98 99 100 101 102 3 105 106 107 108 109 110 111 112 113 114 6 118 119 120 121 122 123 124 125 126 10 131 132 133 134 135 136 137 138 15 144 145 146 147 148 149 150 21 157 158 159 160 161 162 28 170 171 172 173 174 36 183 184 185 186 45 196 197 198 55 209 210 66 222 78
104 116 117 128 129 130 140 141 142 143 152 153 154 155 156 164 165 166 167 168 169 176 177 178 179 180 181 182 188 189 190 191 192 193 194 195 200 201 202 203 204 205 206 207 208 212 213 214 215 216 217 218 219 220 221 224 225 226 227 228 229 230 231 232 233 1 235 236 237 238 239 240 241 242 243 244 2 3 245 246 247 248 249 250 251 252 253 254 4 5 6 255 256 257 258 259 260 261 262 263 7 8 9 10 264 265 266 267 268 269 270 271 11 12 13 14 15 272 273 274 275 276 277 278 16 17 18 19 20 21 279 280 281 282 283 284 22 23 24 25 26 27 28 285 286 287 288 289 29 30 31 32 33 34 35 36 290 291 292 293 37 38 39 40 41 42 43 44 45 294 295 296 46 47 48 49 50 51 52 53 54 55 297 298 56 57 58 59 60 61 62 63 64 65 66 299 67 68 69 70 71 72 73 74 75 76 77 78 79 80 81 82 83 84 85 86 87 88 89 90 91 92 93 94 95 96 97 98 99 100 101 102 103 105 106 107 108 109 110 111 112 113 114 115 118 119 120 121 122 123 124 125 126 127 131 132 133 134 135 136 137 138 139 144 145 146 147 148 149 150 151 157 158 159 160 161 162 163 170 171 172 173 174 175 183 184 185 186 187 196 197 198 199 209 210 211 222 223 234
105 6 118 9 10 131 13 14 15 144 18 19 20 21 157 24 25 26 27 28 170 31 32 33 34 35 36 183 39 40 41 42 43 44 45 196 48 49 50 51 52 53 54 55 209 58 59 60 61 62 63 64 65 66 222 69 70 71 72 73 74 75 76 77 78 234 81 82 83 84 85 86 87 88 89 90 91 245 93 94 95 96 97 98 99 100 101 102 103 104 255 106 107 108 109 110 111 112 113 114 115 116 117 264 119 120 121 122 123 124 125 126 127 128 129 130 272 132 133 134 135 136 137 138 139 140 141 142 143 279 145 146 147 148 149 150 151 152 153 154 155 156 285 158 159 160 161 162 163 164 165 166 167 168 169 290 171 172 173 174 175 176 177 178 179 180 181 182 294 184 185 186 187 188 189 190 191 192 193 194 195 297 197 198 199 200 201 202 203 204 205 206 207 208 299 210 211 212 213 214 215 216 217 218 219 220 221 79 223 224 225 226 227 228 229 230 231 232 233 1 92 235 236 237 238 239 240 241 242 243 244 2 3 246 247 248 249 250 251 252 253 254 4 5 256 257 258 259 260 261 262 263 7 8 265 266 267 268 269 270 271 11 12 273 274 275 276 277 278 16 17 280 281 282 283 284 22 23 286 287 288 289 29 30 291 292 293 37 38 295 296 46 47 298 56 57 67 68 80
106 118 119 10 131 132 14 15 144 145 19 20 21 157 158 25 26 27 28 170 171 32 33 34 35 36 183 184 40 41 42 43 44 45 196 197 49 50 51 52 53 54 55 209 210 59 60 61 62 63 64 65 66 222 223 70 71 72 73 74 75 76 77 78 234 235 82 83 84 85 86 87 88 89 90 91 245 246 94 95 96 97 98 99 100 101 102 103 104 255 256 107 108 109 110 111 112 113 114 115 116 117 264 265 120 121 122 123 124 125 126 127 128 129 130 272 273 133 134 135 136 137 138 139 140 141 142 143 279 280 146 147 148 149 150 151 152 153 154 155 156 285 286 159 160 161 162 163 164 165 166 167 168 169 290 291 172 173 174 175 176 177 178 179 180 181 182 294 295 185 186 187 188 189 190 191 192 193 194 195 297 298 198 199 200 201 202 203 204 205 206 207 208 299 67 211 212 213 214 215 216 217 218 219 220 221 79 80 224 225 226 227 228 229 230 231 232 233 1 92 93 236 237 238 239 240 241 242 243 244 2 3 105 247 248 249 250 251 252 253 254 4 5 6 257 258 259 260 261 262 263 7 8 9 266 267 268 269 270 271 11 12 13 274 275 276 277 278 16 17 18 281 282 283 284 22 23 24 287 288 289 29 30 31 292 293 37 38 39 296 46 47 48 56 57 58 68 69 81
107 119 120 131 132 133 15 144 145 146 20 21 157 158 159 26 27 28 170 171 172 33 34 35 36 183 184 185 41 42 43 44 45 196 197 198 50 51 52 53 54 55 209 210 211 60 61 62 63 64 65 66 222 223 224 71 72 73 74 75 76 77 78 234 235 236 83 84 85 86 87 88 89 90 91 245 246 247 95 96 97 98 99 100 101 102 103 104 255 256 257 108 109 110 111 112 113 114 115 116 117 264 265 266 121 122 123 124 125 126 127 128 129 130 272 273 274 134 135 136 137 138 139 140 141 142 143 279 280 281 147 148 149 150 151 152 153 154 155 156 285 286 287 160 161 162 163 164 165 166 167 168 169 290 291 292 173 174 175 176 177 178 179 180 181 182 294 295 296 186 187 188 189 190 191 192 193 194 195 297 298 56 199 200 201 202 203 204 205 206 207 208 299 67 68 212 213 214 215 216 217 218 219 220 221 79 80 81 225 226 227 228 229 230 231 232 233 1 92 93 94 237 238 239 240 241 242 243 244 2 3 105 106 248 249 250 251 252 253 254 4 5 6 118 258 259 260 261 262 263 7 8 9 10 267 268 269 270 271 11 12 13 14 275 276 277 278 16 17 18 19 282 283 284 22 23 24 25 288 289 29 30 31 32 293 37 38 39 40 46 47 48 49 57 58 59 69 70 82
108 120 121 132 133 134 144 145 146 147 21 157 158 159 160 27 28 170 171 172 173 34 35 36 183 184 185 186 42 43 44 45 196 197 198 199 51 52 53 54 55 209 210 211 212 61 62 63 64 65 66 222 223 224 225 72 73 74 75 76 77 78 234 235 236 237 84 85 86 87 88 89 90 91 245 246 247 248 96 97 98 99 100 101 102 103 104 255 256 257 258 109 110 111 112 113 114 115 116 117 264 265 266 267 122 123 124 125 126 127 128 129 130 272 273 274 275 135 136 137 138 139 140 141 142 143 279 280 281 282 148 149 150 151 152 153 154 155 156 285 286 287 288 161 162 163 164 165 166 167 168 169 290 291 292 293 174 175 176 177 178 179 180 181 182 294 295 296 46 187 188 189 190 191 192 193 194 195 297 298 56 57 200 201 202 203 204 205 206 207 208 299 67 68 69 213 214 215 216 217 218 219 220 221 79 80 81 82 226 227 228 229 230 231 232 233 1 92 93 94 95 238 239 240 241 242 243 244 2 3 105 106 107 249 250 251 252 253 254 4 5 6 118 119 259 260 261 262 263 7 8 9 10 131 268 269 270 271 11 12 13 14 15 276 277 278 16 17 18 19 20 283 284 22 23 24 25 26 289 29 30 31 32 33 37 38 39 40 41 47 48 49 50 58 59 60 70 71 83
109 121 122 133 134 135 145 146 147 148 157 158 159 160 161 28 170 171 172 173 174 35 36 183 184 185 186 187 43 44 45 196 197 198 199 200 52 53 54 55 209 210 211 212 213 62 63 64 65 66 222 223 224 225 226 73 74 75 76 77 78 234 235 236 237 238 85 86 87 88 89 90 91 245 246 247 248 249 97 98 99 100 101 102 103 104 255 256 257 258 259 110 111 112 113 114 115 116 117 264 265 266 267 268 123 124 125 126 127 128 129 130 272 273 274 275 276 136 137 138 139 140 141 142 143 279 280 281 282 283 149 150 151 152 153 154 155 156 285 286 287 288 289 162 163 164 165 166 167 168 169 290 291 292 293 37 175 176 177 178 179 180 181 182 294 295 296 46 47 188 189 190 191 192 193 194 195 297 298 56 57 58 201 202 203 204 205 206 207 208 299 67 68 69 70 214 215 216 217 218 219 220 221 79 80 81 82 83 227 228 229 230 231 232 233 1 92 93 94 95 96 239 240 241 242 243 244 2 3 105 106 107 108 250 251 252 253 254 4 5 6 118 119 120 260 261 262 263 7 8 9 10 131 132 269 270 271 11 12 13 14 15 144 277 278 16 17 18 19 20 21 284 22 23 24 25 26 27 29 30 31 32 33 34 38 39 40 41 42 48 49 50 51 59 60 61 71 72 84
110 122 123 134 135 136 146 147 148 149 158 159 160 161 162 170 171 172 173 174 175 36 183 184 185 186 187 188 44 45 196 197 198 199 200 201 53 54 55 209 210 211 212 213 214 63 64 65 66 222 223 224 225 226 227 74 75 76 77 78 234 235 236 237 238 239 86 87 88 89 90 91 245 246 247 248 249 250 98 99 100 101 102 103 104 255 256 257 258 259 260 111 112 113 114 115 116 117 264 265 266 267 268 269 124 125 126 127 128 129 130 272 273 274 275 276 277 137 138 139 140 141 142 143 279 280 281 282 283 284 150 151 152 153 154 155 156 285 286 287 288 289 29 163 164 165 166 167 168 169 290 291 292 293 37 38 176 177 178 179 180 181 182 294 295 296 46 47 48 189 190 191 192 193 194 195 297 298 56 57 58 59 202 203 204 205 206 207 208 299 67 68 69 70 71 215 216 217 218 219 220 221 79 80 81 82 83 84 228 229 230 231 232 233 1 92 93 94 95 96 97 240 241 242 243 244 2 3 105 106 107 108 109 251 252 253 254 4 5 6 118 119 120 121 261 262 263 7 8 9 10 131 132 133 270 271 11 12 13 14 15 144 145 278 16 17 18 19 20 21 157 22 23 24 25 26 27 28 30 31 32 33 34 35 39 40 41 42 43 49 50 51 52 60 61 62 72 73 85
111 123 124 135 136 137 147 148 149 150 159 160 161 162 163 171 172 173 174 175 176 183 184 185 186 187 188 189 45 196 197 198 199 200 201 202 54 55 209 210 211 212 213 214 215 64 65 66 222 223 224 225 226 227 228 75 76 77 78 234 235 236 237 238 239 240 87 88 89 90 91 245 246 247 248 249 250 251 99 100 101 102 103 104 255 256 257 258 259 260 261 112 113 114 115 116 117 264 265 266 267 268 269 270 125 126 127 128 129 130 272 273 274 275 276 277 278 138 139 140 141 142 143 279 280 281 282 283 284 22 151 152 153 154 155 156 285 286 287 288 289 29 30 164 165 166 167 168 169 290 291 292 293 37 38 39 177 178 179 180 181 182 294 295 296 46 47 48 49 190 191 192 193 194 195 297 298 56 57 58 59 60 203 204 205 206 207 208 299 67 68 69 70 71 72 216 217 218 219 220 221 79 80 81 82 83 84 85 229 230 231 232 233 1 92 93 94 95 96 97 98 241 242 243 244 2 3 105 106 107 108 109 110 252 253 254 4 5 6 118 119 120 121 122 262 263 7 8 9 10 131 132 133 134 271 11 12 13 14 15 144 145 146 16 17 18 19 20 21 157 158 23 24 25 26 27 28 170 31 32 33 34 35 36 40 41 42 43 44 50 51 52 53 61 62 63 73 74 86
112 124 125 136 137 138 148 149 150 151 160 161 162 163 164 172 173 174 175 176 177 184 185 186 187 188 189 190 196 197 198 199 200 201 202 203 55 209 210 211 212 213 214 215 216 65 66 222 223 224 225 226 227 228 229 76 77 78 234 235 236 237 238 239 240 241 88 89 90 91 245 246 247 248 249 250 251 252 100 101 102 103 104 255 256 257 258 259 260 261 262 113 114 115 116 117 264 265 266 267 268 269 270 271 126 127 128 129 130 272 273 274 275 276 277 278 16 139 140 141 142 143 279 280 281 282 283 284 22 23 152 153 154 155 156 285 286 287 288 289 29 30 31 165 166 167 168 169 290 291 292 293 37 38 39 40 178 179 180 181 182 294 295 296 46 47 48 49 50 191 192 193 194 195 297 298 56 57 58 59 60 61 204 205 206 207 208 299 67 68 69 70 71 72 73 217 218 219 220 221 79 80 81 82 83 84 85 86 230 231 232 233 1 92 93 94 95 96 97 98 99 242 243 244 2 3 105 106 107 108 109 110 111 253 254 4 5 6 118 119 120 121 122 123 263 7 8 9 10 131 132 133 134 135 11 12 13 14 15 144 145 146 147 17 18 19 20 21 157 158 159 24 25 26 27 28 170 171 32 33 34 35 36 183 41 42 43 44 45 51 52 53 54 62 63 64 74 75 87
113 125 126 137 138 139 149 150 151 152 161 162 163 164 165 173 174 175 176 177 178 185 186 187 188 189 190 191 197 198 199 200 201 202 203 204 209 210 211 212 213 214 215 216 217 66 222 223 224 225 226 227 228 229 230 77 78 234 235 236 237 238 239 240 241 242 89 90 91 245 246 247 248 249 250 251 252 253 101 102 103 104 255 256 257 258 259 260 261 262 263 114 115 116 117 264 265 266 267 268 269 270 271 11 127 128 129 130 272 273 274 275 276 277 278 16 17 140 141 142 143 279 280 281 282 283 284 22 23 24 153 154 155 156 285 286 287 288 289 29 30 31 32 166 167 168 169 290 291 292 293 37 38 39 40 41 179 180 181 182 294 295 296 46 47 48 49 50 51 192 193 194 195 297 298 56 57 58 59 60 61 62 205 206 207 208 299 67 68 69 70 71 72 73 74 218 219 220 221 79 80 81 82 83 84 85 86 87 231 232 233 1 92 93 94 95 96 97 98 99 100 243 244 2 3 105 106 107 108 109 110 111 112 254 4 5 6 118 119 120 121 122 123 124 7 8 9 10 131 132 133 134 135 136 12 13 14 15 144 145 146 147 148 18 19 20 21 157 158 159 160 25 26 27 28 170 171 172 33 34 35 36 183 184 42 43 44 45 196 52 53 54 55 63 64 65 75 76 88
114 126 127 138 139 140 150 151 152 153 162 163 164 165 166 174 175 176 177 178 179 186 187 188 189 190 191 192 198 199 200 201 202 203 204 205 210 211 212 213 214 215 216 217 218 222 223 224 225 226 227 228 229 230 231 78 234 235 236 237 238 239 240 241 242 243 90 91 245 246 247 248 249 250 251 252 253 254 102 103 104 255 256 257 258 259 260 261 262 263 7 115 116 117 264 265 266 267 268 269 270 271 11 12 128 129 130 272 273 274 275 276 277 278 16 17 18 141 142 143 279 280 281 282 283 284 22 23 24 25 154 155 156 285 286 287 288 289 29 30 31 32 33 167 168 169 290 291 292 293 37 38 39 40 41 42 180 181 182 294 295 296 46 47 48 49 50 51 52 193 194 195 297 298 56 57 58 59 60 61 62 63 206 207 208 299 67 68 69 70 71 72 73 74 75 219 220 221 79 80 81 82 83 84 85 86 87 88 232 233 1 92 93 94 95 96 97 98 99 100 101 244 2 3 105 106 107 108 109 110 111 112 113 4 5 6 118 119 120 121 122 123 124 125 8 9 10 131 132 133 134 135 136 137 13 14 15 144 145 146 147 148 149 19 20 21 157 158 159 160 161 26 27 28 170 171 172 173 34 35 36 183 184 185 43 44 45 196 197 53 54 55 209 64 65 66 76 77 89
115 127 128 139 140 141 151 152 153 154 163 164 165 166 167 175 176 177 178 179 180 187 188 189 190 191 192 193 199 200 201 202 203 204 205 206 211 212 213 214 215 216 217 218 219 223 224 225 226 227 228 229 230 231 232 234 235 236 237 238 239 240 241 242 243 244 91 245 246 247 248 249 250 251 252 253 254 4 103 104 255 256 257 258 259 260 261 262 263 7 8 116 117 264 265 266 267 268 269 270 271 11 12 13 129 130 272 273 274 275 276 277 278 16 17 18 19 142 143 279 280 281 282 283 284 22 23 24 25 26 155 156 285 286 287 288 289 29 30 31 32 33 34 168 169 290 291 292 293 37 38 39 40 41 42 43 181 182 294 295 296 46 47 48 49 50 51 52 53 194 195 297 298 56 57 58 59 60 61 62 63 64 207 208 299 67 68 69 70 71 72 73 74 75 76 220 221 79 80 81 82 83 84 85 86 87 88 89 233 1 92 93 94 95 96 97 98 99 100 101 102 2 3 105 106 107 108 109 110 111 112 113 114 5 6 118 119 120 121 122 123 124 125 126 9 10 131 132 133 134 135 136 137 138 14 15 144 145 146 147 148 149 150 20 21 157 158 159 160 161 162 27 28 170 171 172 173 174 35 36 183 184 185 186 44 45 196 197 198 54 55 209 210 65 66 222 77 78 90
116 128 129 140 141 142 152 153 154 155 164 165 166 167 168 176 177 178 179 180 181 188 189 190 191 192 193 194 200 201 202 203 204 205 206 207 212 213 214 215 216 217 218 219 220 224 225 226 227 228 229 230 231 232 233 235 236 237 238 239 240 241 242 243 244 2 245 246 247 248 249 250 251 252 253 254 4 5 104 255 256 257 258 259 260 261 262 263 7 8 9 117 264 265 266 267 268 269 270 271 11 12 13 14 130 272 273 274 275 276 277 278 16 17 18 19 20 143 279 280 281 282 283 284 22 23 24 25 26 27 156 285 286 287 288 289 29 30 31 32 33 34 35 169 290 291 292 293 37 38 39 40 41 42 43 44 182 294 295 296 46 47 48 49 50 51 52 53 54 195 297 298 56 57 58 59 60 61 62 63 64 65 208 299 67 68 69 70 71 72 73 74 75 76 77 221 79 80 81 82 83 84 85 86 87 88 89 90 1 92 93 94 95 96 97 98 99 100 101 102 103 3 105 106 107 108 109 110 111 112 113 114 115 6 118 119 120 121 122 123 124 125 126 127 10 131 132 133 134 135 136 137 138 139 15 144 145 146 147 148 149 150 151 21 157 158 159 160 161 162 163 28 170 171 172 173 174 175 36 183 184 185 186 187 45 196 197 198 199 55 209 210 211 66 222 223 78 234 91
117 129 130 141 142 143 153 154 155 156 165 166 167 168 169 177 178 179 180 181 182 189 190 191 192 193 194 195 201 202 203 204 205 206 207 208 213 214 215 216 217 218 219 220 221 225 226 227 228 229 230 231 232 233 1 236 237 238 239 240 241 242 243 244 2 3 246 247 248 249 250 251 252 253 254 4 5 6 255 256 257 258 259 260 261 262 263 7 8 9 10 264 265 266 267 268 269 270 271 11 12 13 14 15 272 273 274 275 276 277 278 16 17 18 19 20 21 279 280 281 282 283 284 22 23 24 25 26 27 28 285 286 287 288 289 29 30 31 32 33 34 35 36 290 291 292 293 37 38 39 40 41 42 43 44 45 294 295 296 46 47 48 49 50 51 52 53 54 55 297 298 56 57 58 59 60 61 62 63 64 65 66 299 67 68 69 70 71 72 73 74 75 76 77 78 79 80 81 82 83 84 85 86 87 88 89 90 91 92 93 94 95 96 97 98 99 100 101 102 103 104 105 106 107 108 109 110 111 112 113 114 115 116 118 119 120 121 122 123 124 125 126 127 128 131 132 133 134 135 136 137 138 139 140 144 145 146 147 148 149 150 151 152 157 158 159 160 161 162 163 164 170 171 172 173 174 175 176 183 184 185 186 187 188 196 197 198 199 200 209 210 211 212 222 223 224 234 235 245
118 10 131 14 15 144 19 20 21 157 25 26 27 28 170 32 33 34 35 36 183 40 41 42 43 44 45 196 49 50 51 52 53 54 55 209 59 60 61 62 63 64 65 66 222 70 71 72 73 74 75 76 77 78 234 82 83 84 85 86 87 88 89 90 91 245 94 95 96 97 98 99 100 101 102 103 104 255 106 107 108 109 110 111 112 113 114 115 116 117 264 119 120 121 122 123 124 125 126 127 128 129 130 272 132 133 134 135 136 137 138 139 140 141 142 143 279 145 146 147 148 149 150 151 152 153 154 155 156 285 158 159 160 161 162 163 164 165 166 167 168 169 290 171 172 173 174 175 176 177 178 179 180 181 182 294 184 185 186 187 188 189 190 191 192 193 194 195 297 197 198 199 200 201 202 203 204 205 206 207 208 299 210 211 212 213 214 215 216 217 218 219 220 221 79 223 224 225 226 227 228 229 230 231 232 233 1 92 235 236 237 238 239 240 241 242 243 244 2 3 105 246 247 248 249 250 251 252 253 254 4 5 6 256 257 258 259 260 261 262 263 7 8 9 265 266 267 268 269 270 271 11 12 13 273 274 275 276 277 278 16 17 18 280 281 282 283 284 22 23 24 286 287 288 289 29 30 31 291 292 293 37 38 39 295 296 46 47 48 298 56 57 58 67 68 69 80 81 93
119 131 132 15 144 145 20 21 157 158 26 27 28 170 171 33 34 35 36 183 184 41 42 43 44 45 196 197 50 51 52 53 54 55 209 210 60 61 62 63 64 65 66 222 223 71 72 73 74 75 76 77 78 234 235 83 84 85 86 87 88 89 90 91 245 246 95 96 97 98 99 100 101 102 103 104 255 256 107 108 109 110 111 112 113 114 115 116 117 264 265 120 121 122 123 124 125 126 127 128 129 130 272 273 133 134 135 136 137 138 139 140 141 142 143 279 280 146 147 148 149 150 151 152 153 154 155 156 285 286 159 160 161 162 163 164 165 166 167 168 169 290 291 172 173 174 175 176 177 178 179 180 181 182 294 295 185 186 187 188 189 190 191 192 193 194 195 297 298 198 199 200 201 202 203 204 205 206 207 208 299 67 211 212 213 214 215 216 217 218 219 220 221 79 80 224 225 226 227 228 229 230 231 232 233 1 92 93 236 237 238 239 240 241 242 243 244 2 3 105 106 247 248 249 250 251 252 253 254 4 5 6 118 257 258 259 260 261 262 263 7 8 9 10 266 267 268 269 270 271 11 12 13 14 274 275 276 277 278 16 17 18 19 281 282 283 284 22 23 24 25 287 288 289 29 30 31 32 292 293 37 38 39 40 296 46 47 48 49 56 57 58 59 68 69 70 81 82 94
120 132 133 144 145 146 21 157 158 159 27 28 170 171 172 34 35 36 183 184 185 42 43 44 45 196 197 198 51 52 53 54 55 209 210 211 61 62 63 64 65 66 222 223 224 72 73 74 75 76 77 78 234 235 236 84 85 86 87 88 89 90 91 245 246 247 96 97 98 99 100 101 102 103 104 255 256 257 108 109 110 111 112 113 114 115 116 117 264 265 266 121 122 123 124 125 126 127 128 129 130 272 273 274 134 135 136 137 138 139 140 141 142 143 279 280 281 147 148 149 150 151 152 153 154 155 156 285 286 287 160 161 162 163 164 165 166 167 168 169 290 291 292 173 174 175 176 177 178 179 180 181 182 294 295 296 186 187 188 189 190 191 192 193 194 195 297 298 56 199 200 201 202 203 204 205 206 207 208 299 67 68 212 213 214 215 216 217 218 219 220 221 79 80 81 225 226 227 228 229 230 231 232 233 1 92 93 94 237 238 239 240 241 242 243 244 2 3 105 106 107 248 249 250 251 252 253 254 4 5 6 118 119 258 259 260 261 262 263 7 8 9 10 131 267 268 269 270 271 11 12 13 14 15 275 276 277 278 16 17 18 19 20 282 283 284 22 23 24 25 26 288 289 29 30 31 32 33 293 37 38 39 40 41 46 47 48 49 50 57 58 59 60 69 70 71 82 83 95
121 133 134 145 146 147 157 158 159 160 28 170 171 172 173 35 36 183 184 185 186 43 44 45 196 197 198 199 52 53 54 55 209 210 211 212 62 63 64 65 66 222 223 224 225 73 74 75 76 77 78 234 235 236 237 85 86 87 88 89 90 91 245 246 247 248 97 98 99 100 101 102 103 104 255 256 257 258 109 110 111 112 113 114 115 116 117 264 265 266 267 122 123 124 125 126 127 128 129 130 272 273 274 275 135 136 137 138 139 140 141 142 143 279 280 281 282 148 149 150 151 152 153 154 155 156 285 286 287 288 161 162 163 164 165 166 167 168 169 290 291 292 293 174 175 176 177 178 179 180 181 182 294 295 296 46 187 188 189 190 191 192 193 194 195 297 298 56 57 200 201 202 203 204 205 206 207 208 299 67 68 69 213 214 215 216 217 218 219 220 221 79 80 81 82 226 227 228 229 230 231 232 233 1 92 93 94 95 238 239 240 241 242 243 244 2 3 105 106 107 108 249 250 251 252 253 254 4 5 6 118 119 120 259 260 261 262 263 7 8 9 10 131 132 268 269 270 271 11 12 13 14 15 144 276 277 278 16 17 18 19 20 21 283 284 22 23 24 25 26 27 289 29 30 31 32 33 34 37 38 39 40 41 42 47 48 49 50 51 58 59 60 61 70 71 72 83 84 96
122 134 135 146 147 148 158 159 160 161 170 171 172 173 174 36 183 184 185 186 187 44 45 196 197 198 199 200 53 54 55 209 210 211 212 213 63 64 65 66 222 223 224 225 226 74 75 76 77 78 234 235 236 237 238 86 87 88 89 90 91 245 246 247 248 249 98 99 100 101 102 103 104 255 256 257 258 259 110 111 112 113 114 115 116 117 264 265 266 267 268 123 124 125 126 127 128 129 130 272 273 274 275 276 136 137 138 139 140 141 142 143 279 280 281 282 283 149 150 151 152 153 154 155 156 285 286 287 288 289 162 163 164 165 166 167 168 169 290 291 292 293 37 175 176 177 178 179 180 181 182 294 295 296 46 47 188 189 190 191 192 193 194 195 297 298 56 57 58 201 202 203 204 205 206 207 208 299 67 68 69 70 214 215 216 217 218 219 220 221 79 80 81 82 83 227 228 229 230 231 232 233 1 92 93 94 95 96 239 240 241 242 243 244 2 3 105 106 107 108 109 250 251 252 253 254 4 5 6 118 119 120 121 260 261 262 263 7 8 9 10 131 132 133 269 270 271 11 12 13 14 15 144 145 277 278 16 17 18 19 20 21 157 284 22 23 24 25 26 27 28 29 30 31 32 33 34 35 38 39 40 41 42 43 48 49 50 51 52 59 60 61 62 71 72 73 84 85 97
123 135 136 147 148 149 159 160 161 162 171 172 173 174 175 183 184 185 186 187 188 45 196 197 198 199 200 201 54 55 209 210 211 212 213 214 64 65 66 222 223 224 225 226 227 75 76 77 78 234 235 236 237 238 239 87 88 89 90 91 245 246 247 248 249 250 99 100 101 102 103 104 255 256 257 258 259 260 111 112 113 114 115 116 117 264 265 266 267 268 269 124 125 126 127 128 129 130 272 273 274 275 276 277 137 138 139 140 141 142 143 279 280 281 282 283 284 150 151 152 153 154 155 156 285 286 287 288 289 29 163 164 165 166 167 168 169 290 291 292 293 37 38 176 177 178 179 180 181 182 294 295 296 46 47 48 189 190 191 192 193 194 195 297 298 56 57 58 59 202 203 204 205 206 207 208 299 67 68 69 70 71 215 216 217 218 219 220 221 79 80 81 82 83 84 228 229 230 231 232 233 1 92 93 94 95 96 97 240 241 242 243 244 2 3 105 106 107 108 109 110 251 252 253 254 4 5 6 118 119 120 121 122 261 262 263 7 8 9 10 131 132 133 134 270 271 11 12 13 14 15 144 145 146 278 16 17 18 19 20 21 157 158 22 23 24 25 26 27 28 170 30 31 32 33 34 35 36 39 40 41 42 43 44 49 50 51 52 53 60 61 62 63 72 73 74 85 86 98
124 136 137 148 149 150 160 161 162 163 172 173 174 175 176 184 185 186 187 188 189 196 197 198 199 200 201 202 55 209 210 211 212 213 214 215 65 66 222 223 224 225 226 227 228 76 77 78 234 235 236 237 238 239 240 88 89 90 91 245 246 247 248 249 250 251 100 101 102 103 104 255 256 257 258 259 260 261 112 113 114 115 116 117 264 265 266 267 268 269 270 125 126 127 128 129 130 272 273 274 275 276 277 278 138 139 140 141 142 143 279 280 281 282 283 284 22 151 152 153 154 155 156 285 286 287 288 289 29 30 164 165 166 167 168 169 290 291 292 293 37 38 39 177 178 179 180 181 182 294 295 296 46 47 48 49 190 191 192 193 194 195 297 298 56 57 58 59 60 203 204 205 206 207 208 299 67 68 69 70 71 72 216 217 218 219 220 221 79 80 81 82 83 84 85 229 230 231 232 233 1 92 93 94 95 96 97 98 241 242 243 244 2 3 105 106 107 108 109 110 111 252 253 254 4 5 6 118 119 120 121 122 123 262 263 7 8 9 10 131 132 133 134 135 271 11 12 13 14 15 144 145 146 147 16 17 18 19 20 21 157 158 159 23 24 25 26 27 28 170 171 31 32 33 34 35 36 183 40 41 42 43 44 45 50 51 52 53 54 61 62 63 64 73 74 75 86 87 99
125 137 138 149 150 151 161 162 163 164 173 174 175 176 177 185 186 187 188 189 190 197 198 199 200 201 202 203 209 210 211 212 213 214 215 216 66 222 223 224 225 226 227 228 229 77 78 234 235 236 237 238 239 240 241 89 90 91 245 246 247 248 249 250 251 252 101 102 103 104 255 256 257 258 259 260 261 262 113 114 115 116 117 264 265 266 267 268 269 270 271 126 127 128 129 130 272 273 274 275 276 277 278 16 139 140 141 142 143 279 280 281 282 283 284 22 23 152 153 154 155 156 285 286 287 288 289 29 30 31 165 166 167 168 169 290 291 292 293 37 38 39 40 178 179 180 181 182 294 295 296 46 47 48 49 50 191 192 193 194 195 297 298 56 57 58 59 60 61 204 205 206 207 208 299 67 68 69 70 71 72 73 217 218 219 220 221 79 80 81 82 83 84 85 86 230 231 232 233 1 92 93 94 95 96 97 98 99 242 243 244 2 3 105 106 107 108 109 110 111 112 253 254 4 5 6 118 119 120 121 122 123 124 263 7 8 9 10 131 132 133 134 135 136 11 12 13 14 15 144 145 146 147 148 17 18 19 20 21 157 158 159 160 24 25 26 27 28 170 171 172 32 33 34 35 36 183 184 41 42 43 44 45 196 51 52 53 54 55 62 63 64 65 74 75 76 87 88 100
126 138 139 150 151 152 162 163 164 165 174 175 176 177 178 186 187 188 189 190 191 198 199 200 201 202 203 204 210 211 212 213 214 215 216 217 222 223 224 225 226 227 228 229 230 78 234 235 236 237 238 239 240 241 242 90 91 245 246 247 248 249 250 251 252 253 102 103 104 255 256 257 258 259 260 261 262 263 114 115 116 117 264 265 266 267 268 269 270 271 11 127 128 129 130 272 273 274 275 276 277 278 16 17 140 141 142 143 279 280 281 282 283 284 22 23 24 153 154 155 156 285 286 287 288 289 29 30 31 32 166 167 168 169 290 291 292 293 37 38 39 40 41 179 180 181 182 294 295 296 46 47 48 49 50 51 192 193 194 195 297 298 56 57 58 59 60 61 62 205 206 207 208 299 67 68 69 70 71 72 73 74 218 219 220 221 79 80 81 82 83 84 85 86 87 231 232 233 1 92 93 94 95 96 97 98 99 100 243 244 2 3 105 106 107 108 109 110 111 112 113 254 4 5 6 118 119 120 121 122 123 124 125 7 8 9 10 131 132 133 134 135 136 137 12 13 14 15 144 145 146 147 148 149 18 19 20 21 157 158 159 160 161 25 26 27 28 170 171 172 173 33 34 35 36 183 184 185 42 43 44 45 196 197 52 53 54 55 209 63 64 65 66 75 76 77 88 89 101
127 139 140 151 152 153 163 164 165 166 175 176 177 178 179 187 188 189 190 191 192 199 200 201 202 203 204 205 211 212 213 214 215 216 217 218 223 224 225 226 227 228 229 230 231 234 235 236 237 238 239 240 241 242 243 91 245 246 247 248 249 250 251 252 253 254 103 104 255 256 257 258 259 260 261 262 263 7 115 116 117 264 265 266 267 268 269 270 271 11 12 128 129 130 272 273 274 275 276 277 278 16 17 18 141 142 143 279 280 281 282 283 284 22 23 24 25 154 155 156 285 286 287 288 289 29 30 31 32 33 167 168 169 290 291 292 293 37 38 39 40 41 42 180 181 182 294 295 296 46 47 48 49 50 51 52 193 194 195 297 298 56 57 58 59 60 61 62 63 206 207 208 299 67 68 69 70 71 72 73 74 75 219 220 221 79 80 81 82 83 84 85 86 87 88 232 233 1 92 93 94 95 96 97 98 99 100 101 244 2 3 105 106 107 108 109 110 111 112 113 114 4 5 6 118 119 120 121 122 123 124 125 126 8 9 10 131 132 133 134 135 136 137 138 13 14 15 144 145 146 147 148 149 150 19 20 21 157 158 159 160 161 162 26 27 28 170 171 172 173 174 34 35 36 183 184 185 186 43 44 45 196 197 198 53 54 55 209 210 64 65 66 222 76 77 78 89 90 102
128 140 141 152 153 154 164 165 166 167 176 177 178 179 180 188 189 190 191 192 193 200 201 202 203 204 205 206 212 213 214 215 216 217 218 219 224 225 226 227 228 229 230 231 232 235 236 237 238 239 240 241 242 243 244 245 246 247 248 249 250 251 252 253 254 4 104 255 256 257 258 259 260 261 262 263 7 8 116 117 264 265 266 267 268 269 270 271 11 12 13 129 130 272 273 274 275 276 277 278 16 17 18 19 142 143 279 280 281 282 283 284 22 23 24 25 26 155 156 285 286 287 288 289 29 30 31 32 33 34 168 169 290 291 292 293 37 38 39 40 41 42 43 181 182 294 295 296 46 47 48 49 50 51 52 53 194 195 297 298 56 57 58 59 60 61 62 63 64 207 208 299 67 68 69 70 71 72 73 74 75 76 220 221 79 80 81 82 83 84 85 86 87 88 89 233 1 92 93 94 95 96 97 98 99 100 101 102 2 3 105 106 107 108 109 110 111 112 113 114 115 5 6 118 119 120 121 122 123 124 125 126 127 9 10 131 132 133 134 135 136 137 138 139 14 15 144 145 146 147 148 149 150 151 20 21 157 158 159 160 161 162 163 27 28 170 171 172 173 174 175 35 36 183 184 185 186 187 44 45 196 197 198 199 54 55 209 210 211 65 66 222 223 77 78 234 90 91 103
129 141 142 153 154 155 165 166 167 168 177 178 179 180 181 189 190 191 192 193 194 201 202 203 204 205 206 207 213 214 215 216 217 218 219 220 225 226 227 228 229 230 231 232 233 236 237 238 239 240 241 242 243 244 2 246 247 248 249 250 251 252 253 254 4 5 255 256 257 258 259 260 261 262 263 7 8 9 117 264 265 266 267 268 269 270 271 11 12 13 14 130 272 273 274 275 276 277 278 16 17 18 19 20 143 279 280 281 282 283 284 22 23 24 25 26 27 156 285 286 287 288 289 29 30 31 32 33 34 35 169 290 291 292 293 37 38 39 40 41 42 43 44 182 294 295 296 46 47 48 49 50 51 52 53 54 195 297 298 56 57 58 59 60 61 62 63 64 65 208 299 67 68 69 70 71 72 73 74 75 76 77 221 79 80 81 82 83 84 85 86 87 88 89 90 1 92 93 94 95 96 97 98 99 100 101 102 103 3 105 106 107 108 109 110 111 112 113 114 115 116 6 118 119 120 121 122 123 124 125 126 127 128 10 131 132 133 134 135 136 137 138 139 140 15 144 145 146 147 148 149 150 151 152 21 157 158 159 160 161 162 163 164 28 170 171 172 173 174 175 176 36 183 184 185 186 187 188 45 196 197 198 199 200 55 209 210 211 212 66 222 223 224 78 234 235 91 245 104
130 142 143 154 155 156 166 167 168 169 178 179 180 181 182 190 191 192 193 194 195 202 203 204 205 206 207 208 214 215 216 217 218 219 220 221 226 227 228 229 230 231 232 233 1 237 238 239 240 241 242 243 244 2 3 247 248 249 250 251 252 253 254 4 5 6 256 257 258 259 260 261 262 263 7 8 9 10 264 265 266 267 268 269 270 271 11 12 13 14 15 272 273 274 275 276 277 278 16 17 18 19 20 21 279 280 281 282 283 284 22 23 24 25 26 27 28 285 286 287 288 289 29 30 31 32 33 34 35 36 290 291 292 293 37 38 39 40 41 42 43 44 45 294 295 296 46 47 48 49 50 51 52 53 54 55 297 298 56 57 58 59 60 61 62 63 64 65 66 299 67 68 69 70 71 72 73 74 75 76 77 78 79 80 81 82 83 84 85 86 87 88 89 90 91 92 93 94 95 96 97 98 99 100 101 102 103 104 105 106 107 108 109 110 111 112 113 114 115 116 117 118 119 120 121 122 123 124 125 126 127 128 129 131 132 133 134 135 136 137 138 139 140 141 144 145 146 147 148 149 150 151 152 153 157 158 159 160 161 162 163 164 165 170 171 172 173 174 175 176 177 183 184 185 186 187 188 189 196 197 198 199 200 201 209 210 211 212 213 222 223 224 225 234 235 236 245 246 255
131 15 144 20 21 157 26 27 28 170 33 34 35 36 183 41 42 43 44 45 196 50 51 52 53 54 55 209 60 61 62 63 64 65 66 222 71 72 73 74 75 76 77 78 234 83 84 85 86 87 88 89 90 91 245 95 96 97 98 99 100 101 102 103 104 255 107 108 109 110 111 112 113 114 115 116 117 264 119 120 121 122 123 124 125 126 127 128 129 130 272 132 133 134 135 136 137 138 139 140 141 142 143 279 145 146 147 148 149 150 151 152 153 154 155 156 285 158 159 160 161 162 163 164 165 166 167 168 169 290 171 172 173 174 175 176 177 178 179 180 181 182 294 184 185 186 187 188 189 190 191 192 193 194 195 297 197 198 199 200 201 202 203 204 205 206 207 208 299 210 211 212 213 214 215 216 217 218 219 220 221 79 223 224 225 226 227 228 229 230 231 232 233 1 92 235 236 237 238 239 240 241 242 243 244 2 3 105 246 247 248 249 250 251 252 253 254 4 5 6 118 256 257 258 259 260 261 262 263 7 8 9 10 265 266 267 268 269 270 271 11 12 13 14 273 274 275 276 277 278 16 17 18 19 280 281 282 283 284 22 23 24 25 286 287 288 289 29 30 31 32 291 292 293 37 38 39 40 295 296 46 47 48 49 298 56 57 58 59 67 68 69 70 80 81 82 93 94 106
132 144 145 21 157 158 27 28 170 171 34 35 36 183 184 42 43 44 45 196 197 51 52 53 54 55 209 210 61 62 63 64 65 66 222 223 72 73 74 75 76 77 78 234 235 84 85 86 87 88 89 90 91 245 246 96 97 98 99 100 101 102 103 104 255 256 108 109 110 111 112 113 114 115 116 117 264 265 120 121 122 123 124 125 126 127 128 129 130 272 273 133 134 135 136 137 138 139 140 141 142 143 279 280 146 147 148 149 150 151 152 153 154 155 156 285 286 159 160 161 162 163 164 165 166 167 168 169 290 291 172 173 174 175 176 177 178 179 180 181 182 294 295 185 186 187 188 189 190 191 192 193 194 195 297 298 198 199 200 201 202 203 204 205 206 207 208 299 67 211 212 213 214 215 216 217 218 219 220 221 79 80 224 225 226 227 228 229 230 231 232 233 1 92 93 236 237 238 239 240 241 242 243 244 2 3 105 106 247 248 249 250 251 252 253 254 4 5 6 118 119 257 258 259 260 261 262 263 7 8 9 10 131 266 267 268 269 270 271 11 12 13 14 15 274 275 276 277 278 16 17 18 19 20 281 282 283 284 22 23 24 25 26 287 288 289 29 30 31 32 33 292 293 37 38 39 40 41 296 46 47 48 49 50 56 57 58 59 60 68 69 70 71 81 82 83 94 95 107
133 145 146 157 158 159 28 170 171 172 35 36 183 184 185 43 44 45 196 197 198 52 53 54 55 209 210 211 62 63 64 65 66 222 223 224 73 74 75 76 77 78 234 235 236 85 86 87 88 89 90 91 245 246 247 97 98 99 100 101 102 103 104 255 256 257 109 110 111 112 113 114 115 116 117 264 265 266 121 122 123 124 125 126 127 128 129 130 272 273 274 134 135 136 137 138 139 140 141 142 143 279 280 281 147 148 149 150 151 152 153 154 155 156 285 286 287 160 161 162 163 164 165 166 167 168 169 290 291 292 173 174 175 176 177 178 179 180 181 182 294 295 296 186 187 188 189 190 191 192 193 194 195 297 298 56 199 200 201 202 203 204 205 206 207 208 299 67 68 212 213 214 215 216 217 218 219 220 221 79 80 81 225 226 227 228 229 230 231 232 233 1 92 93 94 237 238 239 240 241 242 243 244 2 3 105 106 107 248 249 250 251 252 253 254 4 5 6 118 119 120 258 259 260 261 262 263 7 8 9 10 131 132 267 268 269 270 271 11 12 13 14 15 144 275 276 277 278 16 17 18 19 20 21 282 283 284 22 23 24 25 26 27 288 289 29 30 31 32 33 34 293 37 38 39 40 41 42 46 47 48 49 50 51 57 58 59 60 61 69 70 71 72 82 83 84 95 96 108
134 146 147 158 159 160 170 171 172 173 36 183 184 185 186 44 45 196 197 198 199 53 54 55 209 210 211 212 63 64 65 66 222 223 224 225 74 75 76 77 78 234 235 236 237 86 87 88 89 90 91 245 246 247 248 98 99 100 101 102 103 104 255 256 257 258 110 111 112 113 114 115 116 117 264 265 266 267 122 123 124 125 126 127 128 129 130 272 273 274 275 135 136 137 138 139 140 141 142 143 279 280 281 282 148 149 150 151 152 153 154 155 156 285 286 287 288 161 162 163 164 165 166 167 168 169 290 291 292 293 174 175 176 177 178 179 180 181 182 294 295 296 46 187 188 189 190 191 192 193 194 195 297 298 56 57 200 201 202 203 204 205 206 207 208 299 67 68 69 213 214 215 216 217 218 219 220 221 79 80 81 82 226 227 228 229 230 231 232 233 1 92 93 94 95 238 239 240 241 242 243 244 2 3 105 106 107 108 249 250 251 252 253 254 4 5 6 118 119 120 121 259 260 261 262 263 7 8 9 10 131 132 133 268 269 270 271 11 12 13 14 15 144 145 276 277 278 16 17 18 19 20 21 157 283 284 22 23 24 25 26 27 28 289 29 30 31 32 33 34 35 37 38 39 40 41 42 43 47 48 49 50 51 52 58 59 60 61 62 70 71 72 73 83 84 85 96 97 109
135 147 148 159 160 161 171 172 173 174 183 184 185 186 187 45 196 197 198 199 200 54 55 209 210 211 212 213 64 65 66 222 223 224 225 226 75 76 77 78 234 235 236 237 238 87 88 89 90 91 245 246 247 248 249 99 100 101 102 103 104 255 256 257 258 259 111 112 113 114 115 116 117 264 265 266 267 268 123 124 125 126 127 128 129 130 272 273 274 275 276 136 137 138 139 140 141 142 143 279 280 281 282 283 149 150 151 152 153 154 155 156 285 286 287 288 289 162 163 164 165 166 167 168 169 290 291 292 293 37 175 176 177 178 179 180 181 182 294 295 296 46 47 188 189 190 191 192 193 194 195 297 298 56 57 58 201 202 203 204 205 206 207 208 299 67 68 69 70 214 215 216 217 218 219 220 221 79 80 81 82 83 227 228 229 230 231 232 233 1 92 93 94 95 96 239 240 241 242 243 244 2 3 105 106 107 108 109 250 251 252 253 254 4 5 6 118 119 120 121 122 260 261 262 263 7 8 9 10 131 132 133 134 269 270 271 11 12 13 14 15 144 145 146 277 278 16 17 18 19 20 21 157 158 284 22 23 24 25 26 27 28 170 29 30 31 32 33 34 35 36 38 39 40 41 42 43 44 48 49 50 51 52 53 59 60 61 62 63 71 72 73 74 84 85 86 97 98 110
136 148 149 160 161 162 172 173 174 175 184 185 186 187 188 196 197 198 199 200 201 55 209 210 211 212 213 214 65 66 222 223 224 225 226 227 76 77 78 234 235 236 237 238 239 88 89 90 91 245 246 247 248 249 250 100 101 102 103 104 255 256 257 258 259 260 112 113 114 115 116 117 264 265 266 267 268 269 124 125 126 127 128 129 130 272 273 274 275 276 277 137 138 139 140 141 142 143 279 280 281 282 283 284 150 151 152 153 154 155 156 285 286 287 288 289 29 163 164 165 166 167 168 169 290 291 292 293 37 38 176 177 178 179 180 181 182 294 295 296 46 47 48 189 190 191 192 193 194 195 297 298 56 57 58 59 202 203 204 205 206 207 208 299 67 68 69 70 71 215 216 217 218 219 220 221 79 80 81 82 83 84 228 229 230 231 232 233 1 92 93 94 95 96 97 240 241 242 243 244 2 3 105 106 107 108 109 110 251 252 253 254 4 5 6 118 119 120 121 122 123 261 262 263 7 8 9 10 131 132 133 134 135 270 271 11 12 13 14 15 144 145 146 147 278 16 17 18 19 20 21 157 158 159 22 23 24 25 26 27 28 170 171 30 31 32 33 34 35 36 183 39 40 41 42 43 44 45 49 50 51 52 53 54 60 61 62 63 64 72 73 74 75 85 86 87 98 99 111
137 149 150 161 162 163 173 174 175 176 185 186 187 188 189 197 198 199 200 201 202 209 210 211 212 213 214 215 66 222 223 224 225 226 227 228 77 78 234 235 236 237 238 239 240 89 90 91 245 246 247 248 249 250 251 101 102 103 104 255 256 257 258 259 260 261 113 114 115 116 117 264 265 266 267 268 269 270 125 126 127 128 129 130 272 273 274 275 276 277 278 138 139 140 141 142 143 279 280 281 282 283 284 22 151 152 153 154 155 156 285 286 287 288 289 29 30 164 165 166 167 168 169 290 291 292 293 37 38 39 177 178 179 180 181 182 294 295 296 46 47 48 49 190 191 192 193 194 195 297 298 56 57 58 59 60 203 204 205 206 207 208 299 67 68 69 70 71 72 216 217 218 219 220 221 79 80 81 82 83 84 85 229 230 231 232 233 1 92 93 94 95 96 97 98 241 242 243 244 2 3 105 106 107 108 109 110 111 252 253 254 4 5 6 118 119 120 121 122 123 124 262 263 7 8 9 10 131 132 133 134 135 136 271 11 12 13 14 15 144 145 146 147 148 16 17 18 19 20 21 157 158 159 160 23 24 25 26 27 28 170 171 172 31 32 33 34 35 36 183 184 40 41 42 43 44 45 196 50 51 52 53 54 55 61 62 63 64 65 73 74 75 76 86 87 88 99 100 112
138 150 151 162 163 164 174 175 176 177 186 187 188 189 190 198 199 200 201 202 203 210 211 212 213 214 215 216 222 223 224 225 226 227 228 229 78 234 235 236 237 238 239 240 241 90 91 245 246 247 248 249 250 251 252 102 103 104 255 256 257 258 259 260 261 262 114 115 116 117 264 265 266 267 268 269 270 271 126 127 128 129 130 272 273 274 275 276 277 278 16 139 140 141 142 143 279 280 281 282 283 284 22 23 152 153 154 155 156 285 286 287 288 289 29 30 31 165 166 167 168 169 290 291 292 293 37 38 39 40 178 179 180 181 182 294 295 296 46 47 48 49 50 191 192 193 194 195 297 298 56 57 58 59 60 61 204 205 206 207 208 299 67 68 69 70 71 72 73 217 218 219 220 221 79 80 81 82 83 84 85 86 230 231 232 233 1 92 93 94 95 96 97 98 99 242 243 244 2 3 105 106 107 108 109 110 111 112 253 254 4 5 6 118 119 120 121 122 123 124 125 263 7 8 9 10 131 132 133 134 135 136 137 11 12 13 14 15 144 145 146 147 148 149 17 18 19 20 21 157 158 159 160 161 24 25 26 27 28 170 171 172 173 32 33 34 35 36 183 184 185 41 42 43 44 45 196 197 51 52 53 54 55 209 62 63 64 65 66 74 75 76 77 87 88 89 100 101 113
139 151 152 163 164 165 175 176 177 178 187 188 189 190 191 199 200 201 202 203 204 211 212 213 214 215 216 217 223 224 225 226 227 228 229 230 234 235 236 237 238 239 240 241 242 91 245 246 247 248 249 250 251 252 253 103 104 255 256 257 258 259 260 261 262 263 115 116 117 264 265 266 267 268 269 270 271 11 127 128 129 130 272 273 274 275 276 277 278 16 17 140 141 142 143 279 280 281 282 283 284 22 23 24 153 154 155 156 285 286 287 288 289 29 30 31 32 166 167 168 169 290 291 292 293 37 38 39 40 41 179 180 181 182 294 295 296 46 47 48 49 50 51 192 193 194 195 297 298 56 57 58 59 60 61 62 205 206 207 208 299 67 68 69 70 71 72 73 74 218 219 220 221 79 80 81 82 83 84 85 86 87 231 232 233 1 92 93 94 95 96 97 98 99 100 243 244 2 3 105 106 107 108 109 110 111 112 113 254 4 5 6 118 119 120 121 122 123 124 125 126 7 8 9 10 131 132 133 134 135 136 137 138 12 13 14 15 144 145 146 147 148 149 150 18 19 20 21 157 158 159 160 161 162 25 26 27 28 170 171 172 173 174 33 34 35 36 183 184 185 186 42 43 44 45 196 197 198 52 53 54 55 209 210 63 64 65 66 222 75 76 77 78 88 89 90 101 102 114
140 152 153 164 165 166 176 177 178 179 188 189 190 191 192 200 201 202 203 204 205 212 213 214 215 216 217 218 224 225 226 227 228 229 230 231 235 236 237 238 239 240 241 242 243 245 246 247 248 249 250 251 252 253 254 104 255 256 257 258 259 260 261 262 263 7 116 117 264 265 266 267 268 269 270 271 11 12 128 129 130 272 273 274 275 276 277 278 16 17 18 141 142 143 279 280 281 282 283 284 22 23 24 25 154 155 156 285 286 287 288 289 29 30 31 32 33 167 168 169 290 291 292 293 37 38 39 40 41 42 180 181 182 294 295 296 46 47 48 49 50 51 52 193 194 195 297 298 56 57 58 59 60 61 62 63 206 207 208 299 67 68 69 70 71 72 73 74 75 219 220 221 79 80 81 82 83 84 85 86 87 88 232 233 1 92 93 94 95 96 97 98 99 100 101 244 2 3 105 106 107 108 109 110 111 112 113 114 4 5 6 118 119 120 121 122 123 124 125 126 127 8 9 10 131 132 133 134 135 136 137 138 139 13 14 15 144 145 146 147 148 149 150 151 19 20 21 157 158 159 160 161 162 163 26 27 28 170 171 172 173 174 175 34 35 36 183 184 185 186 187 43 44 45 196 197 198 199 53 54 55 209 210 211 64 65 66 222 223 76 77 78 234 89 90 91 102 103 115
141 153 154 165 166 167 177 178 179 180 189 190 191 192 193 201 202 203 204 205 206 213 214 215 216 217 218 219 225 226 227 228 229 230 231 232 236 237 238 239 240 241 242 243 244 246 247 248 249 250 251 252 253 254 4 255 256 257 258 259 260 261 262 263 7 8 117 264 265 266 267 268 269 270 271 11 12 13 129 130 272 273 274 275 276 277 278 16 17 18 19 142 143 279 280 281 282 283 284 22 23 24 25 26 155 156 285 286 287 288 289 29 30 31 32 33 34 168 169 290 291 292 293 37 38 39 40 41 42 43 181 182 294 295 296 46 47 48 49 50 51 52 53 194 195 297 298 56 57 58 59 60 61 62 63 64 207 208 299 67 68 69 70 71 72 73 74 75 76 220 221 79 80 81 82 83 84 85 86 87 88 89 233 1 92 93 94 95 96 97 98 99 100 101 102 2 3 105 106 107 108 109 110 111 112 113 114 115 5 6 118 119 120 121 122 123 124 125 126 127 128 9 10 131 132 133 134 135 136 137 138 139 140 14 15 144 145 146 147 148 149 150 151 152 20 21 157 158 159 160 161 162 163 164 27 28 170 171 172 173 174 175 176 35 36 183 184 185 186 187 188 44 45 196 197 198 199 200 54 55 209 210 211 212 65 66 222 223 224 77 78 234 235 90 91 245 103 104 116
142 154 155 166 167 168 178 179 180 181 190 191 192 193 194 202 203 204 205 206 207 214 215 216 217 218 219 220 226 227 228 229 230 231 232 233 237 238 239 240 241 242 243 244 2 247 248 249 250 251 252 253 254 4 5 256 257 258 259 260 261 262 263 7 8 9 264 265 266 267 268 269 270 271 11 12 13 14 130 272 273 274 275 276 277 278 16 17 18 19 20 143 279 280 281 282 283 284 22 23 24 25 26 27 156 285 286 287 288 289 29 30 31 32 33 34 35 169 290 291 292 293 37 38 39 40 41 42 43 44 182 294 295 296 46 47 48 49 50 51 52 53 54 195 297 298 56 57 58 59 60 61 62 63 64 65 208 299 67 68 69 70 71 72 73 74 75 76 77 221 79 80 81 82 83 84 85 86 87 88 89 90 1 92 93 94 95 96 97 98 99 100 101 102 103 3 105 106 107 108 109 110 111 112 113 114 115 116 6 118 119 120 121 122 123 124 125 126 127 128 129 10 131 132 133 134 135 136 137 138 139 140 141 15 144 145 146 147 148 149 150 151 152 153 21 157 158 159 160 161 162 163 164 165 28 170 171 172 173 174 175 176 177 36 183 184 185 186 187 188 189 45 196 197 198 199 200 201 55 209 210 211 212 213 66 222 223 224 225 78 234 235 236 91 245 246 104 255 117
143 155 156 167 168 169 179 180 181 182 191 192 193 194 195 203 204 205 206 207 208 215 216 217 218 219 220 221 227 228 229 230 231 232 233 1 238 239 240 241 242 243 244 2 3 248 249 250 251 252 253 254 4 5 6 257 258 259 260 261 262 263 7 8 9 10 265 266 267 268 269 270 271 11 12 13 14 15 272 273 274 275 276 277 278 16 17 18 19 20 21 279 280 281 282 283 284 22 23 24 25 26 27 28 285 286 287 288 289 29 30 31 32 33 34 35 36 290 291 292 293 37 38 39 40 41 42 43 44 45 294 295 296 46 47 48 49 50 51 52 53 54 55 297 298 56 57 58 59 60 61 62 63 64 65 66 299 67 68 69 70 71 72 73 74 75 76 77 78 79 80 81 82 83 84 85 86 87 88 89 90 91 92 93 94 95 96 97 98 99 100 101 102 103 104 105 106 107 108 109 110 111 112 113 114 115 116 117 118 119 120 121 122 123 124 125 126 127 128 129 130 131 132 133 134 135 136 137 138 139 140 141 142 144 145 146 147 148 149 150 151 152 153 154 157 158 159 160 161 162 163 164 165 166 170 171 172 173 174 175 176 177 178 183 184 185 186 187 188 189 190 196 197 198 199 200 201 202 209 210 211 212 213 214 222 223 224 225 226 234 235 236 237 245 246 247 255 256 264
144 21 157 27 28 170 34 35 36 183 42 43 44 45 196 51 52 53 54 55 209 61 62 63 64 65 66 222 72 73 74 75 76 77 78 234 84 85 86 87 88 89 90 91 245 96 97 98 99 100 101 102 103 104 255 108 109 110 111 112 113 114 115 116 117 264 120 121 122 123 124 125 126 127 128 129 130 272 132 133 134 135 136 137 138 139 140 141 142 143 279 145 146 147 148 149 150 151 152 153 154 155 156 285 158 159 160 161 162 163 164 165 166 167 168 169 290 171 172 173 174 175 176 177 178 179 180 181 182 294 184 185 186 187 188 189 190 191 192 193 194 195 297 197 198 199 200 201 202 203 204 205 206 207 208 299 210 211 212 213 214 215 216 217 218 219 220 221 79 223 224 225 226 227 228 229 230 231 232 233 1 92 235 236 237 238 239 240 241 242 243 244 2 3 105 246 247 248 249 250 251 252 253 254 4 5 6 118 256 257 258 259 260 261 262 263 7 8 9 10 131 265 266 267 268 269 270 271 11 12 13 14 15 273 274 275 276 277 278 16 17 18 19 20 280 281 282 283 284 22 23 24 25 26 286 287 288 289 29 30 31 32 33 291 292 293 37 38 39 40 41 295 296 46 47 48 49 50 298 56 57 58 59 60 67 68 69 70 71 80 81 82 83 93 94 95 106 107 119
145 157 158 28 170 171 35 36 183 184 43 44 45 196 197 52 53 54 55 209 210 62 63 64 65 66 222 223 73 74 75 76 77 78 234 235 85 86 87 88 89 90 91 245 246 97 98 99 100 101 102 103 104 255 256 109 110 111 112 113 114 115 116 117 264 265 121 122 123 124 125 126 127 128 129 130 272 273 133 134 135 136 137 138 139 140 141 142 143 279 280 146 147 148 149 150 151 152 153 154 155 156 285 286 159 160 161 162 163 164 165 166 167 168 169 290 291 172 173 174 175 176 177 178 179 180 181 182 294 295 185 186 187 188 189 190 191 192 193 194 195 297 298 198 199 200 201 202 203 204 205 206 207 208 299 67 211 212 213 214 215 216 217 218 219 220 221 79 80 224 225 226 227 228 229 230 231 232 233 1 92 93 236 237 238 239 240 241 242 243 244 2 3 105 106 247 248 249 250 251 252 253 254 4 5 6 118 119 257 258 259 260 261 262 263 7 8 9 10 131 132 266 267 268 269 270 271 11 12 13 14 15 144 274 275 276 277 278 16 17 18 19 20 21 281 282 283 284 22 23 24 25 26 27 287 288 289 29 30 31 32 33 34 292 293 37 38 39 40 41 42 296 46 47 48 49 50 51 56 57 58 59 60 61 68 69 70 71 72 81 82 83 84 94 95 96 107 108 120
146 158 159 170 171 172 36 183 184 185 44 45 196 197 198 53 54 55 209 210 211 63 64 65 66 222 223 224 74 75 76 77 78 234 235 236 86 87 88 89 90 91 245 246 247 98 99 100 101 102 103 104 255 256 257 110 111 112 113 114 115 116 117 264 265 266 122 123 124 125 126 127 128 129 130 272 273 274 134 135 136 137 138 139 140 141 142 143 279 280 281 147 148 149 150 151 152 153 154 155 156 285 286 287 160 161 162 163 164 165 166 167 168 169 290 291 292 173 174 175 176 177 178 179 180 181 182 294 295 296 186 187 188 189 190 191 192 193 194 195 297 298 56 199 200 201 202 203 204 205 206 207 208 299 67 68 212 213 214 215 216 217 218 219 220 221 79 80 81 225 226 227 228 229 230 231 232 233 1 92 93 94 237 238 239 240 241 242 243 244 2 3 105 106 107 248 249 250 251 252 253 254 4 5 6 118 119 120 258 259 260 261 262 263 7 8 9 10 131 132 133 267 268 269 270 271 11 12 13 14 15 144 145 275 276 277 278 16 17 18 19 20 21 157 282 283 284 22 23 24 25 26 27 28 288 289 29 30 31 32 33 34 35 293 37 38 39 40 41 42 43 46 47 48 49 50 51 52 57 58 59 60 61 62 69 70 71 72 73 82 83 84 85 95 96 97 108 109 121
147 159 160 171 172 173 183 184 185 186 45 196 197 198 199 54 55 209 210 211 212 64 65 66 222 223 224 225 75 76 77 78 234 235 236 237 87 88 89 90 91 245 246 247 248 99 100 101 102 103 104 255 256 257 258 111 112 113 114 115 116 117 264 265 266 267 123 124 125 126 127 128 129 130 272 273 274 275 135 136 137 138 139 140 141 142 143 279 280 281 282 148 149 150 151 152 153 154 155 156 285 286 287 288 161 162 163 164 165 166 167 168 169 290 291 292 293 174 175 176 177 178 179 180 181 182 294 295 296 46 187 188 189 190 191 192 193 194 195 297 298 56 57 200 201 202 203 204 205 206 207 208 299 67 68 69 213 214 215 216 217 218 219 220 221 79 80 81 82 226 227 228 229 230 231 232 233 1 92 93 94 95 238 239 240 241 242 243 244 2 3 105 106 107 108 249 250 251 252 253 254 4 5 6 118 119 120 121 259 260 261 262 263 7 8 9 10 131 132 133 134 268 269 270 271 11 12 13 14 15 144 145 146 276 277 278 16 17 18 19 20 21 157 158 283 284 22 23 24 25 26 27 28 170 289 29 30 31 32 33 34 35 36 37 38 39 40 41 42 43 44 47 48 49 50 51 52 53 58 59 60 61 62 63 70 71 72 73 74 83 84 85 86 96 97 98 109 110 122
148 160 161 172 173 174 184 185 186 187 196 197 198 199 200 55 209 210 211 212 213 65 66 222 223 224 225 226 76 77 78 234 235 236 237 238 88 89 90 91 245 246 247 248 249 100 101 102 103 104 255 256 257 258 259 112 113 114 115 116 117 264 265 266 267 268 124 125 126 127 128 129 130 272 273 274 275 276 136 137 138 139 140 141 142 143 279 280 281 282 283 149 150 151 152 153 154 155 156 285 286 287 288 289 162 163 164 165 166 167 168 169 290 291 292 293 37 175 176 177 178 179 180 181 182 294 295 296 46 47 188 189 190 191 192 193 194 195 297 298 56 57 58 201 202 203 204 205 206 207 208 299 67 68 69 70 214 215 216 217 218 219 220 221 79 80 81 82 83 227 228 229 230 231 232 233 1 92 93 94 95 96 239 240 241 242 243 244 2 3 105 106 107 108 109 250 251 252 253 254 4 5 6 118 119 120 121 122 260 261 262 263 7 8 9 10 131 132 133 134 135 269 270 271 11 12 13 14 15 144 145 146 147 277 278 16 17 18 19 20 21 157 158 159 284 22 23 24 25 26 27 28 170 171 29 30 31 32 33 34 35 36 183 38 39 40 41 42 43 44 45 48 49 50 51 52 53 54 59 60 61 62 63 64 71 72 73 74 75 84 85 86 87 97 98 99 110 111 123
149 161 162 173 174 175 185 186 187 188 197 198 199 200 201 209 210 211 212 213 214 66 222 223 224 225 226 227 77 78 234 235 236 237 238 239 89 90 91 245 246 247 248 249 250 101 102 103 104 255 256 257 258 259 260 113 114 115 116 117 264 265 266 267 268 269 125 126 127 128 129 130 272 273 274 275 276 277 137 138 139 140 141 142 143 279 280 281 282 283 284 150 151 152 153 154 155 156 285 286 287 288 289 29 163 164 165 166 167 168 169 290 291 292 293 37 38 176 177 178 179 180 181 182 294 295 296 46 47 48 189 190 191 192 193 194 195 297 298 56 57 58 59 202 203 204 205 206 207 208 299 67 68 69 70 71 215 216 217 218 219 220 221 79 80 81 82 83 84 228 229 230 231 232 233 1 92 93 94 95 96 97 240 241 242 243 244 2 3 105 106 107 108 109 110 251 252 253 254 4 5 6 118 119 120 121 122 123 261 262 263 7 8 9 10 131 132 133 134 135 136 270 271 11 12 13 14 15 144 145 146 147 148 278 16 17 18 19 20 21 157 158 159 160 22 23 24 25 26 27 28 170 171 172 30 31 32 33 34 35 36 183 184 39 40 41 42 43 44 45 196 49 50 51 52 53 54 55 60 61 62 63 64 65 72 73 74 75 76 85 86 87 88 98 99 100 111 112 124
150 162 163 174 175 176 186 187 188 189 198 199 200 201 202 210 211 212 213 214 215 222 223 224 225 226 227 228 78 234 235 236 237 238 239 240 90 91 245 246 247 248 249 250 251 102 103 104 255 256 257 258 259 260 261 114 115 116 117 264 265 266 267 268 269 270 126 127 128 129 130 272 273 274 275 276 277 278 138 139 140 141 142 143 279 280 281 282 283 284 22 151 152 153 154 155 156 285 286 287 288 289 29 30 164 165 166 167 168 169 290 291 292 293 37 38 39 177 178 179 180 181 182 294 295 296 46 47 48 49 190 191 192 193 194 195 297 298 56 57 58 59 60 203 204 205 206 207 208 299 67 68 69 70 71 72 216 217 218 219 220 221 79 80 81 82 83 84 85 229 230 231 232 233 1 92 93 94 95 96 97 98 241 242 243 244 2 3 105 106 107 108 109 110 111 252 253 254 4 5 6 118 119 120 121 122 123 124 262 263 7 8 9 10 131 132 133 134 135 136 137 271 11 12 13 14 15 144 145 146 147 148 149 16 17 18 19 20 21 157 158 159 160 161 23 24 25 26 27 28 170 171 172 173 31 32 33 34 35 36 183 184 185 40 41 42 43 44 45 196 197 50 51 52 53 54 55 209 61 62 63 64 65 66 73 74 75 76 77 86 87 88 89 99 100 101 112 113 125
151 163 164 175 176 177 187 188 189 190 199 200 201 202 203 211 212 213 214 215 216 223 224 225 226 227 228 229 234 235 236 237 238 239 240 241 91 245 246 247 248 249 250 251 252 103 104 255 256 257 258 259 260 261 262 115 116 117 264 265 266 267 268 269 270 271 127 128 129 130 272 273 274 275 276 277 278 16 139 140 141 142 143 279 280 281 282 283 284 22 23 152 153 154 155 156 285 286 287 288 289 29 30 31 165 166 167 168 169 290 291 292 293 37 38 39 40 178 179 180 181 182 294 295 296 46 47 48 49 50 191 192 193 194 195 297 298 56 57 58 59 60 61 204 205 206 207 208 299 67 68 69 70 71 72 73 217 218 219 220 221 79 80 81 82 83 84 85 86 230 231 232 233 1 92 93 94 95 96 97 98 99 242 243 244 2 3 105 106 107 108 109 110 111 112 253 254 4 5 6 118 119 120 121 122 123 124 125 263 7 8 9 10 131 132 133 134 135 136 137 138 11 12 13 14 15 144 145 146 147 148 149 150 17 18 19 20 21 157 158 159 160 161 162 24 25 26 27 28 170 171 172 173 174 32 33 34 35 36 183 184 185 186 41 42 43 44 45 196 197 198 51 52 53 54 55 209 210 62 63 64 65 66 222 74 75 76 77 78 87 88 89 90 100 101 102 113 114 126
152 164 165 176 177 178 188 189 190 191 200 201 202 203 204 212 213 214 215 216 217 224 225 226 227 228 229 230 235 236 237 238 239 240 241 242 245 246 247 248 249 250 251 252 253 104 255 256 257 258 259 260 261 262 263 116 117 264 265 266 267 268 269 270 271 11 128 129 130 272 273 274 275 276 277 278 16 17 140 141 142 143 279 280 281 282 283 284 22 23 24 153 154 155 156 285 286 287 288 289 29 30 31 32 166 167 168 169 290 291 292 293 37 38 39 40 41 179 180 181 182 294 295 296 46 47 48 49 50 51 192 193 194 195 297 298 56 57 58 59 60 61 62 205 206 207 208 299 67 68 69 70 71 72 73 74 218 219 220 221 79 80 81 82 83 84 85 86 87 231 232 233 1 92 93 94 95 96 97 98 99 100 243 244 2 3 105 106 107 108 109 110 111 112 113 254 4 5 6 118 119 120 121 122 123 124 125 126 7 8 9 10 131 132 133 134 135 136 137 138 139 12 13 14 15 144 145 146 147 148 149 150 151 18 19 20 21 157 158 159 160 161 162 163 25 26 27 28 170 171 172 173 174 175 33 34 35 36 183 184 185 186 187 42 43 44 45 196 197 198 199 52 53 54 55 209 210 211 63 64 65 66 222 223 75 76 77 78 234 88 89 90 91 101 102 103 114 115 127
153 165 166 177 178 179 189 190 191 192 201 202 203 204 205 213 214 215 216 217 218 225 226 227 228 229 230 231 236 237 238 239 240 241 242 243 246 247 248 249 250 251 252 253 254 255 256 257 258 259 260 261 262 263 7 117 264 265 266 267 268 269 270 271 11 12 129 130 272 273 274 275 276 277 278 16 17 18 141 142 143 279 280 281 282 283 284 22 23 24 25 154 155 156 285 286 287 288 289 29 30 31 32 33 167 168 169 290 291 292 293 37 38 39 40 41 42 180 181 182 294 295 296 46 47 48 49 50 51 52 193 194 195 297 298 56 57 58 59 60 61 62 63 206 207 208 299 67 68 69 70 71 72 73 74 75 219 220 221 79 80 81 82 83 84 85 86 87 88 232 233 1 92 93 94 95 96 97 98 99 100 101 244 2 3 105 106 107 108 109 110 111 112 113 114 4 5 6 118 119 120 121 122 123 124 125 126 127 8 9 10 131 132 133 134 135 136 137 138 139 140 13 14 15 144 145 146 147 148 149 150 151 152 19 20 21 157 158 159 160 161 162 163 164 26 27 28 170 171 172 173 174 175 176 34 35 36 183 184 185 186 187 188 43 44 45 196 197 198 199 200 53 54 55 209 210 211 212 64 65 66 222 223 224 76 77 78 234 235 89 90 91 245 102 103 104 115 116 128
154 166 167 178 179 180 190 191 192 193 202 203 204 205 206 214 215 216 217 218 219 226 227 228 229 230 231 232 237 238 239 240 241 242 243 244 247 248 249 250 251 252 253 254 4 256 257 258 259 260 261 262 263 7 8 264 265 266 267 268 269 270 271 11 12 13 130 272 273 274 275 276 277 278 16 17 18 19 142 143 279 280 281 282 283 284 22 23 24 25 26 155 156 285 286 287 288 289 29 30 31 32 33 34 168 169 290 291 292 293 37 38 39 40 41 42 43 181 182 294 295 296 46 47 48 49 50 51 52 53 194 195 297 298 56 57 58 59 60 61 62 63 64 207 208 299 67 68 69 70 71 72 73 74 75 76 220 221 79 80 81 82 83 84 85 86 87 88 89 233 1 92 93 94 95 96 97 98 99 100 101 102 2 3 105 106 107 108 109 110 111 112 113 114 115 5 6 118 119 120 121 122 123 124 125 126 127 128 9 10 131 132 133 134 135 136 137 138 139 140 141 14 15 144 145 146 147 148 149 150 151 152 153 20 21 157 158 159 160 161 162 163 164 165 27 28 170 171 172 173 174 175 176 177 35 36 183 184 185 186 187 188 189 44 45 196 197 198 199 200 201 54 55 209 210 211 212 213 65 66 222 223 224 225 77 78 234 235 236 90 91 245 246 103 104 255 116 117 129
155 167 168 179 180 181 191 192 193 194 203 204 205 206 207 215 216 217 218 219 220 227 228 229 230 231 232 233 238 239 240 241 242 243 244 2 248 249 250 251 252 253 254 4 5 257 258 259 260 261 262 263 7 8 9 265 266 267 268 269 270 271 11 12 13 14 272 273 274 275 276 277 278 16 17 18 19 20 143 279 280 281 282 283 284 22 23 24 25 26 27 156 285 286 287 288 289 29 30 31 32 33 34 35 169 290 291 292 293 37 38 39 40 41 42 43 44 182 294 295 296 46 47 48 49 50 51 52 53 54 195 297 298 56 57 58 59 60 61 62 63 64 65 208 299 67 68 69 70 71 72 73 74 75 76 77 221 79 80 81 82 83 84 85 86 87 88 89 90 1 92 93 94 95 96 97 98 99 100 101 102 103 3 105 106 107 108 109 110 111 112 113 114 115 116 6 118 119 120 121 122 123 124 125 126 127 128 129 10 131 132 133 134 135 136 137 138 139 140 141 142 15 144 145 146 147 148 149 150 151 152 153 154 21 157 158 159 160 161 162 163 164 165 166 28 170 171 172 173 174 175 176 177 178 36 183 184 185 186 187 188 189 190 45 196 197 198 199 200 201 202 55 209 210 211 212 213 214 66 222 223 224 225 226 78 234 235 236 237 91 245 246 247 104 255 256 117 264 130
156 168 169 180 181 182 192 193 194 195 204 205 206 207 208 216 217 218 219 220 221 228 229 230 231 232 233 1 239 240 241 242 243 244 2 3 249 250 251 252 253 254 4 5 6 258 259 260 261 262 263 7 8 9 10 266 267 268 269 270 271 11 12 13 14 15 273 274 275 276 277 278 16 17 18 19 20 21 279 280 281 282 283 284 22 23 24 25 26 27 28 285 286 287 288 289 29 30 31 32 33 34 35 36 290 291 292 293 37 38 39 40 41 42 43 44 45 294 295 296 46 47 48 49 50 51 52 53 54 55 297 298 56 57 58 59 60 61 62 63 64 65 66 299 67 68 69 70 71 72 73 74 75 76 77 78 79 80 81 82 83 84 85 86 87 88 89 90 91 92 93 94 95 96 97 98 99 100 101 102 103 104 105 106 107 108 109 110 111 112 113 114 115 116 117 118 119 120 121 122 123 124 125 126 127 128 129 130 131 132 133 134 135 136 137 138 139 140 141 142 143 144 145 146 147 148 149 150 151 152 153 154 155 157 158 159 160 161 162 163 164 165 166 167 170 171 172 173 174 175 176 177 178 179 183 184 185 186 187 188 189 190 191 196 197 198 199 200 201 202 203 209 210 211 212 213 214 215 222 223 224 225 226 227 234 235 236 237 238 245 246 247 248 255 256 257 264 265 272
157 28 170 35 36 183 43 44 45 196 52 53 54 55 209 62 63 64 65 66 222 73 74 75 76 77 78 234 85 86 87 88 89 90 91 245 97 98 99 100 101 102 103 104 255 109 110 111 112 113 114 115 116 117 264 121 122 123 124 125 126 127 128 129 130 272 133 134 135 136 137 138 139 140 141 142 143 279 145 146 147 148 149 150 151 152 153 154 155 156 285 158 159 160 161 162 163 164 165 166 167 168 169 290 171 172 173 174 175 176 177 178 179 180 181 182 294 184 185 186 187 188 189 190 191 192 193 194 195 297 197 198 199 200 201 202 203 204 205 206 207 208 299 210 211 212 213 214 215 216 217 218 219 220 221 79 223 224 225 226 227 228 229 230 231 232 233 1 92 235 236 237 238 239 240 241 242 243 244 2 3 105 246 247 248 249 250 251 252 253 254 4 5 6 118 256 257 258 259 260 261 262 263 7 8 9 10 131 265 266 267 268 269 270 271 11 12 13 14 15 144 273 274 275 276 277 278 16 17 18 19 20 21 280 281 282 283 284 22 23 24 25 26 27 286 287 288 289 29 30 31 32 33 34 291 292 293 37 38 39 40 41 42 295 296 46 47 48 49 50 51 298 56 57 58 59 60 61 67 68 69 70 71 72 80 81 82 83 84 93 94 95 96 106 107 108 119 120 132
158 170 171 36 183 184 44 45 196 197 53 54 55 209 210 63 64 65 66 222 223 74 75 76 77 78 234 235 86 87 88 89 90 91 245 246 98 99 100 101 102 103 104 255 256 110 111 112 113 114 115 116 117 264 265 122 123 124 125 126 127 128 129 130 272 273 134 135 136 137 138 139 140 141 142 143 279 280 146 147 148 149 150 151 152 153 154 155 156 285 286 159 160 161 162 163 164 165 166 167 168 169 290 291 172 173 174 175 176 177 178 179 180 181 182 294 295 185 186 187 188 189 190 191 192 193 194 195 297 298 198 199 200 201 202 203 204 205 206 207 208 299 67 211 212 213 214 215 216 217 218 219 220 221 79 80 224 225 226 227 228 229 230 231 232 233 1 92 93 236 237 238 239 240 241 242 243 244 2 3 105 106 247 248 249 250 251 252 253 254 4 5 6 118 119 257 258 259 260 261 262 263 7 8 9 10 131 132 266 267 268 269 270 271 11 12 13 14 15 144 145 274 275 276 277 278 16 17 18 19 20 21 157 281 282 283 284 22 23 24 25 26 27 28 287 288 289 29 30 31 32 33 34 35 292 293 37 38 39 40 41 42 43 296 46 47 48 49 50 51 52 56 57 58 59 60 61 62 68 69 70 71 72 73 81 82 83 84 85 94 95 96 97 107 108 109 120 121 133
159 171 172 183 184 185 45 196 197 198 54 55 209 210 211 64 65 66 222 223 224 75 76 77 78 234 235 236 87 88 89 90 91 245 246 247 99 100 101 102 103 104 255 256 257 111 112 113 114 115 116 117 264 265 266 123 124 125 126 127 128 129 130 272 273 274 135 136 137 138 139 140 141 142 143 279 280 281 147 148 149 150 151 152 153 154 155 156 285 286 287 160 161 162 163 164 165 166 167 168 169 290 291 292 173 174 175 176 177 178 179 180 181 182 294 295 296 186 187 188 189 190 191 192 193 194 195 297 298 56 199 200 201 202 203 204 205 206 207 208 299 67 68 212 213 214 215 216 217 218 219 220 221 79 80 81 225 226 227 228 229 230 231 232 233 1 92 93 94 237 238 239 240 241 242 243 244 2 3 105 106 107 248 249 250 251 252 253 254 4 5 6 118 119 120 258 259 260 261 262 263 7 8 9 10 131 132 133 267 268 269 270 271 11 12 13 14 15 144 145 146 275 276 277 278 16 17 18 19 20 21 157 158 282 283 284 22 23 24 25 26 27 28 170 288 289 29 30 31 32 33 34 35 36 293 37 38 39 40 41 42 43 44 46 47 48 49 50 51 52 53 57 58 59 60 61 62 63 69 70 71 72 73 74 82 83 84 85 86 95 96 97 98 108 109 110 121 122 134
160 172 173 184 185 186 196 197 198 199 55 209 210 211 212 65 66 222 223 224 225 76 77 78 234 235 236 237 88 89 90 91 245 246 247 248 100 101 102 103 104 255 256 257 258 112 113 114 115 116 117 264 265 266 267 124 125 126 127 128 129 130 272 273 274 275 136 137 138 139 140 141 142 143 279 280 281 282 148 149 150 151 152 153 154 155 156 285 286 287 288 161 162 163 164 165 166 167 168 169 290 291 292 293 174 175 176 177 178 179 180 181 182 294 295 296 46 187 188 189 190 191 192 193 194 195 297 298 56 57 200 201 202 203 204 205 206 207 208 299 67 68 69 213 214 215 216 217 218 219 220 221 79 80 81 82 226 227 228 229 230 231 232 233 1 92 93 94 95 238 239 240 241 242 243 244 2 3 105 106 107 108 249 250 251 252 253 254 4 5 6 118 119 120 121 259 260 261 262 263 7 8 9 10 131 132 133 134 268 269 270 271 11 12 13 14 15 144 145 146 147 276 277 278 16 17 18 19 20 21 157 158 159 283 284 22 23 24 25 26 27 28 170 171 289 29 30 31 32 33 34 35 36 183 37 38 39 40 41 42 43 44 45 47 48 49 50 51 52 53 54 58 59 60 61 62 63 64 70 71 72 73 74 75 83 84 85 86 87 96 97 98 99 109 110 111 122 123 135
161 173 174 185 186 187 197 198 199 200 209 210 211 212 213 66 222 223 224 225 226 77 78 234 235 236 237 238 89 90 91 245 246 247 248 249 101 102 103 104 255 256 257 258 259 113 114 115 116 117 264 265 266 267 268 125 126 127 128 129 130 272 273 274 275 276 137 138 139 140 141 142 143 279 280 281 282 283 149 150 151 152 153 154 155 156 285 286 287 288 289 162 163 164 165 166 167 168 169 290 291 292 293 37 175 176 177 178 179 180 181 182 294 295 296 46 47 188 189 190 191 192 193 194 195 297 298 56 57 58 201 202 203 204 205 206 207 208 299 67 68 69 70 214 215 216 217 218 219 220 221 79 80 81 82 83 227 228 229 230 231 232 233 1 92 93 94 95 96 239 240 241 242 243 244 2 3 105 106 107 108 109 250 251 252 253 254 4 5 6 118 119 120 121 122 260 261 262 263 7 8 9 10 131 132 133 134 135 269 270 271 11 12 13 14 15 144 145 146 147 148 277 278 16 17 18 19 20 21 157 158 159 160 284 22 23 24 25 26 27 28 170 171 172 29 30 31 32 33 34 35 36 183 184 38 39 40 41 42 43 44 45 196 48 49 50 51 52 53 54 55 59 60 61 62 63 64 65 71 72 73 74 75 76 84 85 86 87 88 97 98 99 100 110 111 112 123 124 136
162 174 175 186 187 188 198 199 200 201 210 211 212 213 214 222 223 224 225 226 227 78 234 235 236 237 238 239 90 91 245 246 247 248 249 250 102 103 104 255 256 257 258 259 260 114 115 116 117 264 265 266 267 268 269 126 127 128 129 130 272 273 274 275 276 277 138 139 140 141 142 143 279 280 281 282 283 284 150 151 152 153 154 155 156 285 286 287 288 289 29 163 164 165 166 167 168 169 290 291 292 293 37 38 176 177 178 179 180 181 182 294 295 296 46 47 48 189 190 191 192 193 194 195 297 298 56 57 58 59 202 203 204 205 206 207 208 299 67 68 69 70 71 215 216 217 218 219 220 221 79 80 81 82 83 84 228 229 230 231 232 233 1 92 93 94 95 96 97 240 241 242 243 244 2 3 105 106 107 108 109 110 251 252 253 254 4 5 6 118 119 120 121 122 123 261 262 263 7 8 9 10 131 132 133 134 135 136 270 271 11 12 13 14 15 144 145 146 147 148 149 278 16 17 18 19 20 21 157 158 159 160 161 22 23 24 25 26 27 28 170 171 172 173 30 31 32 33 34 35 36 183 184 185 39 40 41 42 43 44 45 196 197 49 50 51 52 53 54 55 209 60 61 62 63 64 65 66 72 73 74 75 76 77 85 86 87 88 89 98 99 100 101 111 112 113 124 125 137
163 175 176 187 188 189 199 200 201 202 211 212 213 214 215 223 224 225 226 227 228 234 235 236 237 238 239 240 91 245 246 247 248 249 250 251 103 104 255 256 257 258 259 260 261 115 116 117 264 265 266 267 268 269 270 127 128 129 130 272 273 274 275 276 277 278 139 140 141 142 143 279 280 281 282 283 284 22 151 152 153 154 155 156 285 286 287 288 289 29 30 164 165 166 167 168 169 290 291 292 293 37 38 39 177 178 179 180 181 182 294 295 296 46 47 48 49 190 191 192 193 194 195 297 298 56 57 58 59 60 203 204 205 206 207 208 299 67 68 69 70 71 72 216 217 218 219 220 221 79 80 81 82 83 84 85 229 230 231 232 233 1 92 93 94 95 96 97 98 241 242 243 244 2 3 105 106 107 108 109 110 111 252 253 254 4 5 6 118 119 120 121 122 123 124 262 263 7 8 9 10 131 132 133 134 135 136 137 271 11 12 13 14 15 144 145 146 147 148 149 150 16 17 18 19 20 21 157 158 159 160 161 162 23 24 25 26 27 28 170 171 172 173 174 31 32 33 34 35 36 183 184 185 186 40 41 42 43 44 45 196 197 198 50 51 52 53 54 55 209 210 61 62 63 64 65 66 222 73 74 75 76 77 78 86 87 88 89 90 99 100 101 102 112 113 114 125 126 138
164 176 177 188 189 190 200 201 202 203 212 213 214 215 216 224 225 226 227 228 229 235 236 237 238 239 240 241 245 246 247 248 249 250 251 252 104 255 256 257 258 259 260 261 262 116 117 264 265 266 267 268 269 270 271 128 129 130 272 273 274 275 276 277 278 16 140 141 142 143 279 280 281 282 283 284 22 23 152 153 154 155 156 285 286 287 288 289 29 30 31 165 166 167 168 169 290 291 292 293 37 38 39 40 178 179 180 181 182 294 295 296 46 47 48 49 50 191 192 193 194 195 297 298 56 57 58 59 60 61 204 205 206 207 208 299 67 68 69 70 71 72 73 217 218 219 220 221 79 80 81 82 83 84 85 86 230 231 232 233 1 92 93 94 95 96 97 98 99 242 243 244 2 3 105 106 107 108 109 110 111 112 253 254 4 5 6 118 119 120 121 122 123 124 125 263 7 8 9 10 131 132 133 134 135 136 137 138 11 12 13 14 15 144 145 146 147 148 149 150 151 17 18 19 20 21 157 158 159 160 161 162 163 24 25 26 27 28 170 171 172 173 174 175 32 33 34 35 36 183 184 185 186 187 41 42 43 44 45 196 197 198 199 51 52 53 54 55 209 210 211 62 63 64 65 66 222 223 74 75 76 77 78 234 87 88 89 90 91 100 101 102 103 113 114 115 126 127 139
165 177 178 189 190 191 201 202 203 204 213 214 215 216 217 225 226 227 228 229 230 236 237 238 239 240 241 242 246 247 248 249 250 251 252 253 255 256 257 258 259 260 261 262 263 117 264 265 266 267 268 269 270 271 11 129 130 272 273 274 275 276 277 278 16 17 141 142 143 279 280 281 282 283 284 22 23 24 153 154 155 156 285 286 287 288 289 29 30 31 32 166 167 168 169 290 291 292 293 37 38 39 40 41 179 180 181 182 294 295 296 46 47 48 49 50 51 192 193 194 195 297 298 56 57 58 59 60 61 62 205 206 207 208 299 67 68 69 70 71 72 73 74 218 219 220 221 79 80 81 82 83 84 85 86 87 231 232 233 1 92 93 94 95 96 97 98 99 100 243 244 2 3 105 106 107 108 109 110 111 112 113 254 4 5 6 118 119 120 121 122 123 124 125 126 7 8 9 10 131 132 133 134 135 136 137 138 139 12 13 14 15 144 145 146 147 148 149 150 151 152 18 19 20 21 157 158 159 160 161 162 163 164 25 26 27 28 170 171 172 173 174 175 176 33 34 35 36 183 184 185 186 187 188 42 43 44 45 196 197 198 199 200 52 53 54 55 209 210 211 212 63 64 65 66 222 223 224 75 76 77 78 234 235 88 89 90 91 245 101 102 103 104 114 115 116 127 128 140
166 178 179 190 191 192 202 203 204 205 214 215 216 217 218 226 227 228 229 230 231 237 238 239 240 241 242 243 247 248 249 250 251 252 253 254 256 257 258 259 260 261 262 263 7 264 265 266 267 268 269 270 271 11 12 130 272 273 274 275 276 277 278 16 17 18 142 143 279 280 281 282 283 284 22 23 24 25 154 155 156 285 286 287 288 289 29 30 31 32 33 167 168 169 290 291 292 293 37 38 39 40 41 42 180 181 182 294 295 296 46 47 48 49 50 51 52 193 194 195 297 298 56 57 58 59 60 61 62 63 206 207 208 299 67 68 69 70 71 72 73 74 75 219 220 221 79 80 81 82 83 84 85 86 87 88 232 233 1 92 93 94 95 96 97 98 99 100 101 244 2 3 105 106 107 108 109 110 111 112 113 114 4 5 6 118 119 120 121 122 123 124 125 126 127 8 9 10 131 132 133 134 135 136 137 138 139 140 13 14 15 144 145 146 147 148 149 150 151 152 153 19 20 21 157 158 159 160 161 162 163 164 165 26 27 28 170 171 172 173 174 175 176 177 34 35 36 183 184 185 186 187 188 189 43 44 45 196 197 198 199 200 201 53 54 55 209 210 211 212 213 64 65 66 222 223 224 225 76 77 78 234 235 236 89 90 91 245 246 102 103 104 255 115 116 117 128 129 141
167 179 180 191 192 193 203 204 205 206 215 216 217 218 219 227 228 229 230 231 232 238 239 240 241 242 243 244 248 249 250 251 252 253 254 4 257 258 259 260 261 262 263 7 8 265 266 267 268 269 270 271 11 12 13 272 273 274 275 276 277 278 16 17 18 19 143 279 280 281 282 283 284 22 23 24 25 26 155 156 285 286 287 288 289 29 30 31 32 33 34 168 169 290 291 292 293 37 38 39 40 41 42 43 181 182 294 295 296 46 47 48 49 50 51 52 53 194 195 297 298 56 57 58 59 60 61 62 63 64 207 208 299 67 68 69 70 71 72 73 74 75 76 220 221 79 80 81 82 83 84 85 86 87 88 89 233 1 92 93 94 95 96 97 98 99 100 101 102 2 3 105 106 107 108 109 110 111 112 113 114 115 5 6 118 119 120 121 122 123 124 125 126 127 128 9 10 131 132 133 134 135 136 137 138 139 140 141 14 15 144 145 146 147 148 149 150 151 152 153 154 20 21 157 158 159 160 161 162 163 164 165 166 27 28 170 171 172 173 174 175 176 177 178 35 36 183 184 185 186 187 188 189 190 44 45 196 197 198 199 200 201 202 54 55 209 210 211 212 213 214 65 66 222 223 224 225 226 77 78 234 235 236 237 90 91 245 246 247 103 104 255 256 116 117 264 129 130 142
168 180 181 192 193 194 204 205 206 207 216 217 218 219 220 228 229 230 231 232 233 239 240 241 242 243 244 2 249 250 251 252 253 254 4 5 258 259 260 261 262 263 7 8 9 266 267 268 269 270 271 11 12 13 14 273 274 275 276 277 278 16 17 18 19 20 279 280 281 282 283 284 22 23 24 25 26 27 156 285 286 287 288 289 29 30 31 32 33 34 35 169 290 291 292 293 37 38 39 40 41 42 43 44 182 294 295 296 46 47 48 49 50 51 52 53 54 195 297 298 56 57 58 59 60 61 62 63 64 65 208 299 67 68 69 70 71 72 73 74 75 76 77 221 79 80 81 82 83 84 85 86 87 88 89 90 1 92 93 94 95 96 97 98 99 100 101 102 103 3 105 106 107 108 109 110 111 112 113 114 115 116 6 118 119 120 121 122 123 124 125 126 127 128 129 10 131 132 133 134 135 136 137 138 139 140 141 142 15 144 145 146 147 148 149 150 151 152 153 154 155 21 157 158 159 160 161 162 163 164 165 166 167 28 170 171 172 173 174 175 176 177 178 179 36 183 184 185 186 187 188 189 190 191 45 196 197 198 199 200 201 202 203 55 209 210 211 212 213 214 215 66 222 223 224 225 226 227 78 234 235 236 237 238 91 245 246 247 248 104 255 256 257 117 264 265 130 272 143
169 181 182 193 194 195 205 206 207 208 217 218 219 220 221 229 230 231 232 233 1 240 241 242 243 244 2 3 250 251 252 253 254 4 5 6 259 260 261 262 263 7 8 9 10 267 268 269 270 271 11 12 13 14 15 274 275 276 277 278 16 17 18 19 20 21 280 281 282 283 284 22 23 24 25 26 27 28 285 286 287 288 289 29 30 31 32 33 34 35 36 290 291 292 293 37 38 39 40 41 42 43 44 45 294 295 296 46 47 48 49 50 51 52 53 54 55 297 298 56 57 58 59 60 61 62 63 64 65 66 299 67 68 69 70 71 72 73 74 75 76 77 78 79 80 81 82 83 84 85 86 87 88 89 90 91 92 93 94 95 96 97 98 99 100 101 102 103 104 105 106 107 108 109 110 111 112 113 114 115 116 117 118 119 120 121 122 123 124 125 126 127 128 129 130 131 132 133 134 135 136 137 138 139 140 141 142 143 144 145 146 147 148 149 150 151 152 153 154 155 156 157 158 159 160 161 162 163 164 165 166 167 168 170 171 172 173 174 175 176 177 178 179 180 183 184 185 186 187 188 189 190 191 192 196 197 198 199 200 201 202 203 204 209 210 211 212 213 214 215 216 222 223 224 225 226 227 228 234 235 236 237 238 239 245 246 247 248 249 255 256 257 258 264 265 266 272 273 279
170 36 183 44 45 196 53 54 55 209 63 64 65 66 222 74 75 76 77 78 234 86 87 88 89 90 91 245 98 99 100 101 102 103 104 255 110 111 112 113 114 115 116 117 264 122 123 124 125 126 127 128 129 130 272 134 135 136 137 138 139 140 141 142 143 279 146 147 148 149 150 151 152 153 154 155 156 285 158 159 160 161 162 163 164 165 166 167 168 169 290 171 172 173 174 175 176 177 178 179 180 181 182 294 184 185 186 187 188 189 190 191 192 193 194 195 297 197 198 199 200 201 202 203 204 205 206 207 208 299 210 211 212 213 214 215 216 217 218 219 220 221 79 223 224 225 226 227 228 229 230 231 232 233 1 92 235 236 237 238 239 240 241 242 243 244 2 3 105 246 247 248 249 250 251 252 253 254 4 5 6 118 256 257 258 259 260 261 262 263 7 8 9 10 131 265 266 267 268 269 270 271 11 12 13 14 15 144 273 274 275 276 277 278 16 17 18 19 20 21 157 280 281 282 283 284 22 23 24 25 26 27 28 286 287 288 289 29 30 31 32 33 34 35 291 292 293 37 38 39 40 41 42 43 295 296 46 47 48 49 50 51 52 298 56 57 58 59 60 61 62 67 68 69 70 71 72 73 80 81 82 83 84 85 93 94 95 96 97 106 107 108 109 119 120 121 132 133 145
171 183 184 45 196 197 54 55 209 210 64 65 66 222 223 75 76 77 78 234 235 87 88 89 90 91 245 246 99 100 101 102 103 104 255 256 111 112 113 114 115 116 117 264 265 123 124 125 126 127 128 129 130 272 273 135 136 137 138 139 140 141 142 143 279 280 147 148 149 150 151 152 153 154 155 156 285 286 159 160 161 162 163 164 165 166 167 168 169 290 291 172 173 174 175 176 177 178 179 180 181 182 294 295 185 186 187 188 189 190 191 192 193 194 195 297 298 198 199 200 201 202 203 204 205 206 207 208 299 67 211 212 213 214 215 216 217 218 219 220 221 79 80 224 225 226 227 228 229 230 231 232 233 1 92 93 236 237 238 239 240 241 242 243 244 2 3 105 106 247 248 249 250 251 252 253 254 4 5 6 118 119 257 258 259 260 261 262 263 7 8 9 10 131 132 266 267 268 269 270 271 11 12 13 14 15 144 145 274 275 276 277 278 16 17 18 19 20 21 157 158 281 282 283 284 22 23 24 25 26 27 28 170 287 288 289 29 30 31 32 33 34 35 36 292 293 37 38 39 40 41 42 43 44 296 46 47 48 49 50 51 52 53 56 57 58 59 60 61 62 63 68 69 70 71 72 73 74 81 82 83 84 85 86 94 95 96 97 98 107 108 109 110 120 121 122 133 134 146
172 184 185 196 197 198 55 209 210 211 65 66 222 223 224 76 77 78 234 235 236 88 89 90 91 245 246 247 100 101 102 103 104 255 256 257 112 113 114 115 116 117 264 265 266 124 125 126 127 128 129 130 272 273 274 136 137 138 139 140 141 142 143 279 280 281 148 149 150 151 152 153 154 155 156 285 286 287 160 161 162 163 164 165 166 167 168 169 290 291 292 173 174 175 176 177 178 179 180 181 182 294 295 296 186 187 188 189 190 191 192 193 194 195 297 298 56 199 200 201 202 203 204 205 206 207 208 299 67 68 212 213 214 215 216 217 218 219 220 221 79 80 81 225 226 227 228 229 230 231 232 233 1 92 93 94 237 238 239 240 241 242 243 244 2 3 105 106 107 248 249 250 251 252 253 254 4 5 6 118 119 120 258 259 260 261 262 263 7 8 9 10 131 132 133 267 268 269 270 271 11 12 13 14 15 144 145 146 275 276 277 278 16 17 18 19 20 21 157 158 159 282 283 284 22 23 24 25 26 27 28 170 171 288 289 29 30 31 32 33 34 35 36 183 293 37 38 39 40 41 42 43 44 45 46 47 48 49 50 51 52 53 54 57 58 59 60 61 62 63 64 69 70 71 72 73 74 75 82 83 84 85 86 87 95 96 97 98 99 108 109 110 111 121 122 123 134 135 147
173 185 186 197 198 199 209 210 211 212 66 222 223 224 225 77 78 234 235 236 237 89 90 91 245 246 247 248 101 102 103 104 255 256 257 258 113 114 115 116 117 264 265 266 267 125 126 127 128 129 130 272 273 274 275 137 138 139 140 141 142 143 279 280 281 282 149 150 151 152 153 154 155 156 285 286 287 288 161 162 163 164 165 166 167 168 169 290 291 292 293 174 175 176 177 178 179 180 181 182 294 295 296 46 187 188 189 190 191 192 193 194 195 297 298 56 57 200 201 202 203 204 205 206 207 208 299 67 68 69 213 214 215 216 217 218 219 220 221 79 80 81 82 226 227 228 229 230 231 232 233 1 92 93 94 95 238 239 240 241 242 243 244 2 3 105 106 107 108 249 250 251 252 253 254 4 5 6 118 119 120 121 259 260 261 262 263 7 8 9 10 131 132 133 134 268 269 270 271 11 12 13 14 15 144 145 146 147 276 277 278 16 17 18 19 20 21 157 158 159 160 283 284 22 23 24 25 26 27 28 170 171 172 289 29 30 31 32 33 34 35 36 183 184 37 38 39 40 41 42 43 44 45 196 47 48 49 50 51 52 53 54 55 58 59 60 61 62 63 64 65 70 71 72 73 74 75 76 83 84 85 86 87 88 96 97 98 99 100 109 110 111 112 122 123 124 135 136 148
174 186 187 198 199 200 210 211 212 213 222 223 224 225 226 78 234 235 236 237 238 90 91 245 246 247 248 249 102 103 104 255 256 257 258 259 114 115 116 117 264 265 266 267 268 126 127 128 129 130 272 273 274 275 276 138 139 140 141 142 143 279 280 281 282 283 150 151 152 153 154 155 156 285 286 287 288 289 162 163 164 165 166 167 168 169 290 291 292 293 37 175 176 177 178 179 180 181 182 294 295 296 46 47 188 189 190 191 192 193 194 195 297 298 56 57 58 201 202 203 204 205 206 207 208 299 67 68 69 70 214 215 216 217 218 219 220 221 79 80 81 82 83 227 228 229 230 231 232 233 1 92 93 94 95 96 239 240 241 242 243 244 2 3 105 106 107 108 109 250 251 252 253 254 4 5 6 118 119 120 121 122 260 261 262 263 7 8 9 10 131 132 133 134 135 269 270 271 11 12 13 14 15 144 145 146 147 148 277 278 16 17 18 19 20 21 157 158 159 160 161 284 22 23 24 25 26 27 28 170 171 172 173 29 30 31 32 33 34 35 36 183 184 185 38 39 40 41 42 43 44 45 196 197 48 49 50 51 52 53 54 55 209 59 60 61 62 63 64 65 66 71 72 73 74 75 76 77 84 85 86 87 88 89 97 98 99 100 101 110 111 112 113 123 124 125 136 137 149
175 187 188 199 200 201 211 212 213 214 223 224 225 226 227 234 235 236 237 238 239 91 245 246 247 248 249 250 103 104 255 256 257 258 259 260 115 116 117 264 265 266 267 268 269 127 128 129 130 272 273 274 275 276 277 139 140 141 142 143 279 280 281 282 283 284 151 152 153 154 155 156 285 286 287 288 289 29 163 164 165 166 167 168 169 290 291 292 293 37 38 176 177 178 179 180 181 182 294 295 296 46 47 48 189 190 191 192 193 194 195 297 298 56 57 58 59 202 203 204 205 206 207 208 299 67 68 69 70 71 215 216 217 218 219 220 221 79 80 81 82 83 84 228 229 230 231 232 233 1 92 93 94 95 96 97 240 241 242 243 244 2 3 105 106 107 108 109 110 251 252 253 254 4 5 6 118 119 120 121 122 123 261 262 263 7 8 9 10 131 132 133 134 135 136 270 271 11 12 13 14 15 144 145 146 147 148 149 278 16 17 18 19 20 21 157 158 159 160 161 162 22 23 24 25 26 27 28 170 171 172 173 174 30 31 32 33 34 35 36 183 184 185 186 39 40 41 42 43 44 45 196 197 198 49 50 51 52 53 54 55 209 210 60 61 62 63 64 65 66 222 72 73 74 75 76 77 78 85 86 87 88 89 90 98 99 100 101 102 111 112 113 114 124 125 126 137 138 150
176 188 189 200 201 202 212 213 214 215 224 225 226 227 228 235 236 237 238 239 240 245 246 247 248 249 250 251 104 255 256 257 258 259 260 261 116 117 264 265 266 267 268 269 270 128 129 130 272 273 274 275 276 277 278 140 141 142 143 279 280 281 282 283 284 22 152 153 154 155 156 285 286 287 288 289 29 30 164 165 166 167 168 169 290 291 292 293 37 38 39 177 178 179 180 181 182 294 295 296 46 47 48 49 190 191 192 193 194 195 297 298 56 57 58 59 60 203 204 205 206 207 208 299 67 68 69 70 71 72 216 217 218 219 220 221 79 80 81 82 83 84 85 229 230 231 232 233 1 92 93 94 95 96 97 98 241 242 243 244 2 3 105 106 107 108 109 110 111 252 253 254 4 5 6 118 119 120 121 122 123 124 262 263 7 8 9 10 131 132 133 134 135 136 137 271 11 12 13 14 15 144 145 146 147 148 149 150 16 17 18 19 20 21 157 158 159 160 161 162 163 23 24 25 26 27 28 170 171 172 173 174 175 31 32 33 34 35 36 183 184 185 186 187 40 41 42 43 44 45 196 197 198 199 50 51 52 53 54 55 209 210 211 61 62 63 64 65 66 222 223 73 74 75 76 77 78 234 86 87 88 89 90 91 99 100 101 102 103 112 113 114 115 125 126 127 138 139 151
177 189 190 201 202 203 213 214 215 216 225 226 227 228 229 236 237 238 239 240 241 246 247 248 249 250 251 252 255 256 257 258 259 260 261 262 117 264 265 266 267 268 269 270 271 129 130 272 273 274 275 276 277 278 16 141 142 143 279 280 281 282 283 284 22 23 153 154 155 156 285 286 287 288 289 29 30 31 165 166 167 168 169 290 291 292 293 37 38 39 40 178 179 180 181 182 294 295 296 46 47 48 49 50 191 192 193 194 195 297 298 56 57 58 59 60 61 204 205 206 207 208 299 67 68 69 70 71 72 73 217 218 219 220 221 79 80 81 82 83 84 85 86 230 231 232 233 1 92 93 94 95 96 97 98 99 242 243 244 2 3 105 106 107 108 109 110 111 112 253 254 4 5 6 118 119 120 121 122 123 124 125 263 7 8 9 10 131 132 133 134 135 136 137 138 11 12 13 14 15 144 145 146 147 148 149 150 151 17 18 19 20 21 157 158 159 160 161 162 163 164 24 25 26 27 28 170 171 172 173 174 175 176 32 33 34 35 36 183 184 185 186 187 188 41 42 43 44 45 196 197 198 199 200 51 52 53 54 55 209 210 211 212 62 63 64 65 66 222 223 224 74 75 76 77 78 234 235 87 88 89 90 91 245 100 101 102 103 104 113 114 115 116 126 127 128 139 140 152
178 190 191 202 203 204 214 215 216 217 226 227 228 229 230 237 238 239 240 241 242 247 248 249 250 251 252 253 256 257 258 259 260 261 262 263 264 265 266 267 268 269 270 271 11 130 272 273 274 275 276 277 278 16 17 142 143 279 280 281 282 283 284 22 23 24 154 155 156 285 286 287 288 289 29 30 31 32 166 167 168 169 290 291 292 293 37 38 39 40 41 179 180 181 182 294 295 296 46 47 48 49 50 51 192 193 194 195 297 298 56 57 58 59 60 61 62 205 206 207 208 299 67 68 69 70 71 72 73 74 218 219 220 221 79 80 81 82 83 84 85 86 87 231 232 233 1 92 93 94 95 96 97 98 99 100 243 244 2 3 105 106 107 108 109 110 111 112 113 254 4 5 6 118 119 120 121 122 123 124 125 126 7 8 9 10 131 132 133 134 135 136 137 138 139 12 13 14 15 144 145 146 147 148 149 150 151 152 18 19 20 21 157 158 159 160 161 162 163 164 165 25 26 27 28 170 171 172 173 174 175 176 177 33 34 35 36 183 184 185 186 187 188 189 42 43 44 45 196 197 198 199 200 201 52 53 54 55 209 210 211 212 213 63 64 65 66 222 223 224 225 75 76 77 78 234 235 236 88 89 90 91 245 246 101 102 103 104 255 114 115 116 117 127 128 129 140 141 153
179 191 192 203 204 205 215 216 217 218 227 228 229 230 231 238 239 240 241 242 243 248 249 250 251 252 253 254 257 258 259 260 261 262 263 7 265 266 267 268 269 270 271 11 12 272 273 274 275 276 277 278 16 17 18 143 279 280 281 282 283 284 22 23 24 25 155 156 285 286 287 288 289 29 30 31 32 33 167 168 169 290 291 292 293 37 38 39 40 41 42 180 181 182 294 295 296 46 47 48 49 50 51 52 193 194 195 297 298 56 57 58 59 60 61 62 63 206 207 208 299 67 68 69 70 71 72 73 74 75 219 220 221 79 80 81 82 83 84 85 86 87 88 232 233 1 92 93 94 95 96 97 98 99 100 101 244 2 3 105 106 107 108 109 110 111 112 113 114 4 5 6 118 119 120 121 122 123 124 125 126 127 8 9 10 131 132 133 134 135 136 137 138 139 140 13 14 15 144 145 146 147 148 149 150 151 152 153 19 20 21 157 158 159 160 161 162 163 164 165 166 26 27 28 170 171 172 173 174 175 176 177 178 34 35 36 183 184 185 186 187 188 189 190 43 44 45 196 197 198 199 200 201 202 53 54 55 209 210 211 212 213 214 64 65 66 222 223 224 225 226 76 77 78 234 235 236 237 89 90 91 245 246 247 102 103 104 255 256 115 116 117 264 128 129 130 141 142 154
180 192 193 204 205 206 216 217 218 219 228 229 230 231 232 239 240 241 242 243 244 249 250 251 252 253 254 4 258 259 260 261 262 263 7 8 266 267 268 269 270 271 11 12 13 273 274 275 276 277 278 16 17 18 19 279 280 281 282 283 284 22 23 24 25 26 156 285 286 287 288 289 29 30 31 32 33 34 168 169 290 291 292 293 37 38 39 40 41 42 43 181 182 294 295 296 46 47 48 49 50 51 52 53 194 195 297 298 56 57 58 59 60 61 62 63 64 207 208 299 67 68 69 70 71 72 73 74 75 76 220 221 79 80 81 82 83 84 85 86 87 88 89 233 1 92 93 94 95 96 97 98 99 100 101 102 2 3 105 106 107 108 109 110 111 112 113 114 115 5 6 118 119 120 121 122 123 124 125 126 127 128 9 10 131 132 133 134 135 136 137 138 139 140 141 14 15 144 145 146 147 148 149 150 151 152 153 154 20 21 157 158 159 160 161 162 163 164 165 166 167 27 28 170 171 172 173 174 175 176 177 178 179 35 36 183 184 185 186 187 188 189 190 191 44 45 196 197 198 199 200 201 202 203 54 55 209 210 211 212 213 214 215 65 66 222 223 224 225 226 227 77 78 234 235 236 237 238 90 91 245 246 247 248 103 104 255 256 257 116 117 264 265 129 130 272 142 143 155
181 193 194 205 206 207 217 218 219 220 229 230 231 232 233 240 241 242 243 244 2 250 251 252 253 254 4 5 259 260 261 262 263 7 8 9 267 268 269 270 271 11 12 13 14 274 275 276 277 278 16 17 18 19 20 280 281 282 283 284 22 23 24 25 26 27 285 286 287 288 289 29 30 31 32 33 34 35 169 290 291 292 293 37 38 39 40 41 42 43 44 182 294 295 296 46 47 48 49 50 51 52 53 54 195 297 298 56 57 58 59 60 61 62 63 64 65 208 299 67 68 69 70 71 72 73 74 75 76 77 221 79 80 81 82 83 84 85 86 87 88 89 90 1 92 93 94 95 96 97 98 99 100 101 102 103 3 105 106 107 108 109 110 111 112 113 114 115 116 6 118 119 120 121 122 123 124 125 126 127 128 129 10 131 132 133 134 135 136 137 138 139 140 141 142 15 144 145 146 147 148 149 150 151 152 153 154 155 21 157 158 159 160 161 162 163 164 165 166 167 168 28 170 171 172 173 174 175 176 177 178 179 180 36 183 184 185 186 187 188 189 190 191 192 45 196 197 198 199 200 201 202 203 204 55 209 210 211 212 213 214 215 216 66 222 223 224 225 226 227 228 78 234 235 236 237 238 239 91 245 246 247 248 249 104 255 256 257 258 117 264 265 266 130 272 273 143 279 156
182 194 195 206 207 208 218 219 220 221 230 231 232 233 1 241 242 243 244 2 3 251 252 253 254 4 5 6 260 261 262 263 7 8 9 10 268 269 270 271 11 12 13 14 15 275 276 277 278 16 17 18 19 20 21 281 282 283 284 22 23 24 25 26 27 28 286 287 288 289 29 30 31 32 33 34 35 36 290 291 292 293 37 38 39 40 41 42 43 44 45 294 295 296 46 47 48 49 50 51 52 53 54 55 297 298 56 57 58 59 60 61 62 63 64 65 66 299 67 68 69 70 71 72 73 74 75 76 77 78 79 80 81 82 83 84 85 86 87 88 89 90 91 92 93 94 95 96 97 98 99 100 101 102 103 104 105 106 107 108 109 110 111 112 113 114 115 116 117 118 119 120 121 122 123 124 125 126 127 128 129 130 131 132 133 134 135 136 137 138 139 140 141 142 143 144 145 146 147 148 149 150 151 152 153 154 155 156 157 158 159 160 161 162 163 164 165 166 167 168 169 170 171 172 173 174 175 176 177 178 179 180 181 183 184 185 186 187 188 189 190 191 192 193 196 197 198 199 200 201 202 203 204 205 209 210 211 212 213 214 215 216 217 222 223 224 225 226 227 228 229 234 235 236 237 238 239 240 245 246 247 248 249 250 255 256 257 258 259 264 265 266 267 272 273 274 279 280 285
183 45 196 54 55 209 64 65 66 222 75 76 77 78 234 87 88 89 90 91 245 99 100 101 102 103 104 255 111 112 113 114 115 116 117 264 123 124 125 126 127 128 129 130 272 135 136 137 138 139 140 141 142 143 279 147 148 149 150 151 152 153 154 155 156 285 159 160 161 162 163 164 165 166 167 168 169 290 171 172 173 174 175 176 177 178 179 180 181 182 294 184 185 186 187 188 189 190 191 192 193 194 195 297 197 198 199 200 201 202 203 204 205 206 207 208 299 210 211 212 213 214 215 216 217 218 219 220 221 79 223 224 225 226 227 228 229 230 231 232 233 1 92 235 236 237 238 239 240 241 242 243 244 2 3 105 246 247 248 249 250 251 252 253 254 4 5 6 118 256 257 258 259 260 261 262 263 7 8 9 10 131 265 266 267 268 269 270 271 11 12 13 14 15 144 273 274 275 276 277 278 16 17 18 19 20 21 157 280 281 282 283 284 22 23 24 25 26 27 28 170 286 287 288 289 29 30 31 32 33 34 35 36 291 292 293 37 38 39 40 41 42 43 44 295 296 46 47 48 49 50 51 52 53 298 56 57 58 59 60 61 62 63 67 68 69 70 71 72 73 74 80 81 82 83 84 85 86 93 94 95 96 97 98 106 107 108 109 110 119 120 121 122 132 133 134 145 146 158
184 196 197 55 209 210 65 66 222 223 76 77 78 234 235 88 89 90 91 245 246 100 101 102 103 104 255 256 112 113 114 115 116 117 264 265 124 125 126 127 128 129 130 272 273 136 137 138 139 140 141 142 143 279 280 148 149 150 151 152 153 154 155 156 285 286 160 161 162 163 164 165 166 167 168 169 290 291 172 173 174 175 176 177 178 179 180 181 182 294 295 185 186 187 188 189 190 191 192 193 194 195 297 298 198 199 200 201 202 203 204 205 206 207 208 299 67 211 212 213 214 215 216 217 218 219 220 221 79 80 224 225 226 227 228 229 230 231 232 233 1 92 93 236 237 238 239 240 241 242 243 244 2 3 105 106 247 248 249 250 251 252 253 254 4 5 6 118 119 257 258 259 260 261 262 263 7 8 9 10 131 132 266 267 268 269 270 271 11 12 13 14 15 144 145 274 275 276 277 278 16 17 18 19 20 21 157 158 281 282 283 284 22 23 24 25 26 27 28 170 171 287 288 289 29 30 31 32 33 34 35 36 183 292 293 37 38 39 40 41 42 43 44 45 296 46 47 48 49 50 51 52 53 54 56 57 58 59 60 61 62 63 64 68 69 70 71 72 73 74 75 81 82 83 84 85 86 87 94 95 96 97 98 99 107 108 109 110 111 120 121 122 123 133 134 135 146 147 159
185 197 198 209 210 211 66 222 223 224 77 78 234 235 236 89 90 91 245 246 247 101 102 103 104 255 256 257 113 114 115 116 117 264 265 266 125 126 127 128 129 130 272 273 274 137 138 139 140 141 142 143 279 280 281 149 150 151 152 153 154 155 156 285 286 287 161 162 163 164 165 166 167 168 169 290 291 292 173 174 175 176 177 178 179 180 181 182 294 295 296 186 187 188 189 190 191 192 193 194 195 297 298 56 199 200 201 202 203 204 205 206 207 208 299 67 68 212 213 214 215 216 217 218 219 220 221 79 80 81 225 226 227 228 229 230 231 232 233 1 92 93 94 237 238 239 240 241 242 243 244 2 3 105 106 107 248 249 250 251 252 253 254 4 5 6 118 119 120 258 259 260 261 262 263 7 8 9 10 131 132 133 267 268 269 270 271 11 12 13 14 15 144 145 146 275 276 277 278 16 17 18 19 20 21 157 158 159 282 283 284 22 23 24 25 26 27 28 170 171 172 288 289 29 30 31 32 33 34 35 36 183 184 293 37 38 39 40 41 42 43 44 45 196 46 47 48 49 50 51 52 53 54 55 57 58 59 60 61 62 63 64 65 69 70 71 72 73 74 75 76 82 83 84 85 86 87 88 95 96 97 98 99 100 108 109 110 111 112 121 122 123 124 134 135 136 147 148 160
186 198 199 210 211 212 222 223 224 225 78 234 235 236 237 90 91 245 246 247 248 102 103 104 255 256 257 258 114 115 116 117 264 265 266 267 126 127 128 129 130 272 273 274 275 138 139 140 141 142 143 279 280 281 282 150 151 152 153 154 155 156 285 286 287 288 162 163 164 165 166 167 168 169 290 291 292 293 174 175 176 177 178 179 180 181 182 294 295 296 46 187 188 189 190 191 192 193 194 195 297 298 56 57 200 201 202 203 204 205 206 207 208 299 67 68 69 213 214 215 216 217 218 219 220 221 79 80 81 82 226 227 228 229 230 231 232 233 1 92 93 94 95 238 239 240 241 242 243 244 2 3 105 106 107 108 249 250 251 252 253 254 4 5 6 118 119 120 121 259 260 261 262 263 7 8 9 10 131 132 133 134 268 269 270 271 11 12 13 14 15 144 145 146 147 276 277 278 16 17 18 19 20 21 157 158 159 160 283 284 22 23 24 25 26 27 28 170 171 172 173 289 29 30 31 32 33 34 35 36 183 184 185 37 38 39 40 41 42 43 44 45 196 197 47 48 49 50 51 52 53 54 55 209 58 59 60 61 62 63 64 65 66 70 71 72 73 74 75 76 77 83 84 85 86 87 88 89 96 97 98 99 100 101 109 110 111 112 113 122 123 124 125 135 136 137 148 149 161
187 199 200 211 212 213 223 224 225 226 234 235 236 237 238 91 245 246 247 248 249 103 104 255 256 257 258 259 115 116 117 264 265 266 267 268 127 128 129 130 272 273 274 275 276 139 140 141 142 143 279 280 281 282 283 151 152 153 154 155 156 285 286 287 288 289 163 164 165 166 167 168 169 290 291 292 293 37 175 176 177 178 179 180 181 182 294 295 296 46 47 188 189 190 191 192 193 194 195 297 298 56 57 58 201 202 203 204 205 206 207 208 299 67 68 69 70 214 215 216 217 218 219 220 221 79 80 81 82 83 227 228 229 230 231 232 233 1 92 93 94 95 96 239 240 241 242 243 244 2 3 105 106 107 108 109 250 251 252 253 254 4 5 6 118 119 120 121 122 260 261 262 263 7 8 9 10 131 132 133 134 135 269 270 271 11 12 13 14 15 144 145 146 147 148 277 278 16 17 18 19 20 21 157 158 159 160 161 284 22 23 24 25 26 27 28 170 171 172 173 174 29 30 31 32 33 34 35 36 183 184 185 186 38 39 40 41 42 43 44 45 196 197 198 48 49 50 51 52 53 54 55 209 210 59 60 61 62 63 64 65 66 222 71 72 73 74 75 76 77 78 84 85 86 87 88 89 90 97 98 99 100 101 102 110 111 112 113 114 123 124 125 126 136 137 138 149 150 162
188 200 201 212 213 214 224 225 226 227 235 236 237 238 239 245 246 247 248 249 250 104 255 256 257 258 259 260 116 117 264 265 266 267 268 269 128 129 130 272 273 274 275 276 277 140 141 142 143 279 280 281 282 283 284 152 153 154 155 156 285 286 287 288 289 29 164 165 166 167 168 169 290 291 292 293 37 38 176 177 178 179 180 181 182 294 295 296 46 47 48 189 190 191 192 193 194 195 297 298 56 57 58 59 202 203 204 205 206 207 208 299 67 68 69 70 71 215 216 217 218 219 220 221 79 80 81 82 83 84 228 229 230 231 232 233 1 92 93 94 95 96 97 240 241 242 243 244 2 3 105 106 107 108 109 110 251 252 253 254 4 5 6 118 119 120 121 122 123 261 262 263 7 8 9 10 131 132 133 134 135 136 270 271 11 12 13 14 15 144 145 146 147 148 149 278 16 17 18 19 20 21 157 158 159 160 161 162 22 23 24 25 26 27 28 170 171 172 173 174 175 30 31 32 33 34 35 36 183 184 185 186 187 39 40 41 42 43 44 45 196 197 198 199 49 50 51 52 53 54 55 209 210 211 60 61 62 63 64 65 66 222 223 72 73 74 75 76 77 78 234 85 86 87 88 89 90 91 98 99 100 101 102 103 111 112 113 114 115 124 125 126 127 137 138 139 150 151 163
189 201 202 213 214 215 225 226 227 228 236 237 238 239 240 246 247 248 249 250 251 255 256 257 258 259 260 261 117 264 265 266 267 268 269 270 129 130 272 273 274 275 276 277 278 141 142 143 279 280 281 282 283 284 22 153 154 155 156 285 286 287 288 289 29 30 165 166 167 168 169 290 291 292 293 37 38 39 177 178 179 180 181 182 294 295 296 46 47 48 49 190 191 192 193 194 195 297 298 56 57 58 59 60 203 204 205 206 207 208 299 67 68 69 70 71 72 216 217 218 219 220 221 79 80 81 82 83 84 85 229 230 231 232 233 1 92 93 94 95 96 97 98 241 242 243 244 2 3 105 106 107 108 109 110 111 252 253 254 4 5 6 118 119 120 121 122 123 124 262 263 7 8 9 10 131 132 133 134 135 136 137 271 11 12 13 14 15 144 145 146 147 148 149 150 16 17 18 19 20 21 157 158 159 160 161 162 163 23 24 25 26 27 28 170 171 172 173 174 175 176 31 32 33 34 35 36 183 184 185 186 187 188 40 41 42 43 44 45 196 197 198 199 200 50 51 52 53 54 55 209 210 211 212 61 62 63 64 65 66 222 223 224 73 74 75 76 77 78 234 235 86 87 88 89 90 91 245 99 100 101 102 103 104 112 113 114 115 116 125 126 127 128 138 139 140 151 152 164
190 202 203 214 215 216 226 227 228 229 237 238 239 240 241 247 248 249 250 251 252 256 257 258 259 260 261 262 264 265 266 267 268 269 270 271 130 272 273 274 275 276 277 278 16 142 143 279 280 281 282 283 284 22 23 154 155 156 285 286 287 288 289 29 30 31 166 167 168 169 290 291 292 293 37 38 39 40 178 179 180 181 182 294 295 296 46 47 48 49 50 191 192 193 194 195 297 298 56 57 58 59 60 61 204 205 206 207 208 299 67 68 69 70 71 72 73 217 218 219 220 221 79 80 81 82 83 84 85 86 230 231 232 233 1 92 93 94 95 96 97 98 99 242 243 244 2 3 105 106 107 108 109 110 111 112 253 254 4 5 6 118 119 120 121 122 123 124 125 263 7 8 9 10 131 132 133 134 135 136 137 138 11 12 13 14 15 144 145 146 147 148 149 150 151 17 18 19 20 21 157 158 159 160 161 162 163 164 24 25 26 27 28 170 171 172 173 174 175 176 177 32 33 34 35 36 183 184 185 186 187 188 189 41 42 43 44 45 196 197 198 199 200 201 51 52 53 54 55 209 210 211 212 213 62 63 64 65 66 222 223 224 225 74 75 76 77 78 234 235 236 87 88 89 90 91 245 246 100 101 102 103 104 255 113 114 115 116 117 126 127 128 129 139 140 141 152 153 165
191 203 204 215 216 217 227 228 229 230 238 239 240 241 242 248 249 250 251 252 253 257 258 259 260 261 262 263 265 266 267 268 269 270 271 11 272 273 274 275 276 277 278 16 17 143 279 280 281 282 283 284 22 23 24 155 156 285 286 287 288 289 29 30 31 32 167 168 169 290 291 292 293 37 38 39 40 41 179 180 181 182 294 295 296 46 47 48 49 50 51 192 193 194 195 297 298 56 57 58 59 60 61 62 205 206 207 208 299 67 68 69 70 71 72 73 74 218 219 220 221 79 80 81 82 83 84 85 86 87 231 232 233 1 92 93 94 95 96 97 98 99 100 243 244 2 3 105 106 107 108 109 110 111 112 113 254 4 5 6 118 119 120 121 122 123 124 125 126 7 8 9 10 131 132 133 134 135 136 137 138 139 12 13 14 15 144 145 146 147 148 149 150 151 152 18 19 20 21 157 158 159 160 161 162 163 164 165 25 26 27 28 170 171 172 173 174 175 176 177 178 33 34 35 36 183 184 185 186 187 188 189 190 42 43 44 45 196 197 198 199 200 201 202 52 53 54 55 209 210 211 212 213 214 63 64 65 66 222 223 224 225 226 75 76 77 78 234 235 236 237 88 89 90 91 245 246 247 101 102 103 104 255 256 114 115 116 117 264 127 128 129 130 140 141 142 153 154 166
192 204 205 216 217 218 228 229 230 231 239 240 241 242 243 249 250 251 252 253 254 258 259 260 261 262 263 7 266 267 268 269 270 271 11 12 273 274 275 276 277 278 16 17 18 279 280 281 282 283 284 22 23 24 25 156 285 286 287 288 289 29 30 31 32 33 168 169 290 291 292 293 37 38 39 40 41 42 180 181 182 294 295 296 46 47 48 49 50 51 52 193 194 195 297 298 56 57 58 59 60 61 62 63 206 207 208 299 67 68 69 70 71 72 73 74 75 219 220 221 79 80 81 82 83 84 85 86 87 88 232 233 1 92 93 94 95 96 97 98 99 100 101 244 2 3 105 106 107 108 109 110 111 112 113 114 4 5 6 118 119 120 121 122 123 124 125 126 127 8 9 10 131 132 133 134 135 136 137 138 139 140 13 14 15 144 145 146 147 148 149 150 151 152 153 19 20 21 157 158 159 160 161 162 163 164 165 166 26 27 28 170 171 172 173 174 175 176 177 178 179 34 35 36 183 184 185 186 187 188 189 190 191 43 44 45 196 197 198 199 200 201 202 203 53 54 55 209 210 211 212 213 214 215 64 65 66 222 223 224 225 226 227 76 77 78 234 235 236 237 238 89 90 91 245 246 247 248 102 103 104 255 256 257 115 116 117 264 265 128 129 130 272 141 142 143 154 155 167
193 205 206 217 218 219 229 230 231 232 240 241 242 243 244 250 251 252 253 254 4 259 260 261 262 263 7 8 267 268 269 270 271 11 12 13 274 275 276 277 278 16 17 18 19 280 281 282 283 284 22 23 24 25 26 285 286 287 288 289 29 30 31 32 33 34 169 290 291 292 293 37 38 39 40 41 42 43 181 182 294 295 296 46 47 48 49 50 51 52 53 194 195 297 298 56 57 58 59 60 61 62 63 64 207 208 299 67 68 69 70 71 72 73 74 75 76 220 221 79 80 81 82 83 84 85 86 87 88 89 233 1 92 93 94 95 96 97 98 99 100 101 102 2 3 105 106 107 108 109 110 111 112 113 114 115 5 6 118 119 120 121 122 123 124 125 126 127 128 9 10 131 132 133 134 135 136 137 138 139 140 141 14 15 144 145 146 147 148 149 150 151 152 153 154 20 21 157 158 159 160 161 162 163 164 165 166 167 27 28 170 171 172 173 174 175 176 177 178 179 180 35 36 183 184 185 186 187 188 189 190 191 192 44 45 196 197 198 199 200 201 202 203 204 54 55 209 210 211 212 213 214 215 216 65 66 222 223 224 225 226 227 228 77 78 234 235 236 237 238 239 90 91 245 246 247 248 249 103 104 255 256 257 258 116 117 264 265 266 129 130 272 273 142 143 279 155 156 168
194 206 207 218 219 220 230 231 232 233 241 242 243 244 2 251 252 253 254 4 5 260 261 262 263 7 8 9 268 269 270 271 11 12 13 14 275 276 277 278 16 17 18 19 20 281 282 283 284 22 23 24 25 26 27 286 287 288 289 29 30 31 32 33 34 35 290 291 292 293 37 38 39 40 41 42 43 44 182 294 295 296 46 47 48 49 50 51 52 53 54 195 297 298 56 57 58 59 60 61 62 63 64 65 208 299 67 68 69 70 71 72 73 74 75 76 77 221 79 80 81 82 83 84 85 86 87 88 89 90 1 92 93 94 95 96 97 98 99 100 101 102 103 3 105 106 107 108 109 110 111 112 113 114 115 116 6 118 119 120 121 122 123 124 125 126 127 128 129 10 131 132 133 134 135 136 137 138 139 140 141 142 15 144 145 146 147 148 149 150 151 152 153 154 155 21 157 158 159 160 161 162 163 164 165 166 167 168 28 170 171 172 173 174 175 176 177 178 179 180 181 36 183 184 185 186 187 188 189 190 191 192 193 45 196 197 198 199 200 201 202 203 204 205 55 209 210 211 212 213 214 215 216 217 66 222 223 224 225 226 227 228 229 78 234 235 236 237 238 239 240 91 245 246 247 248 249 250 104 255 256 257 258 259 117 264 265 266 267 130 272 273 274 143 279 280 156 285 169
195 207 208 219 220 221 231 232 233 1 242 243 244 2 3 252 253 254 4 5 6 261 262 263 7 8 9 10 269 270 271 11 12 13 14 15 276 277 278 16 17 18 19 20 21 282 283 284 22 23 24 25 26 27 28 287 288 289 29 30 31 32 33 34 35 36 291 292 293 37 38 39 40 41 42 43 44 45 294 295 296 46 47 48 49 50 51 52 53 54 55 297 298 56 57 58 59 60 61 62 63 64 65 66 299 67 68 69 70 71 72 73 74 75 76 77 78 79 80 81 82 83 84 85 86 87 88 89 90 91 92 93 94 95 96 97 98 99 100 101 102 103 104 105 106 107 108 109 110 111 112 113 114 115 116 117 118 119 120 121 122 123 124 125 126 127 128 129 130 131 132 133 134 135 136 137 138 139 140 141 142 143 144 145 146 147 148 149 150 151 152 153 154 155 156 157 158 159 160 161 162 163 164 165 166 167 168 169 170 171 172 173 174 175 176 177 178 179 180 181 182 183 184 185 186 187 188 189 190 191 192 193 194 196 197 198 199 200 201 202 203 204 205 206 209 210 211 212 213 214 215 216 217 218 222 223 224 225 226 227 228 229 230 234 235 236 237 238 239 240 241 245 246 247 248 249 250 251 255 256 257 258 259 260 264 265 266 267 268 272 273 274 275 279 280 281 285 286 290
196 55 209 65 66 222 76 77 78 234 88 89 90 91 245 100 101 102 103 104 255 112 113 114 115 116 117 264 124 125 126 127 128 129 130 272 136 137 138 139 140 141 142 143 279 148 149 150 151 152 153 154 155 156 285 160 161 162 163 164 165 166 167 168 169 290 172 173 174 175 176 177 178 179 180 181 182 294 184 185 186 187 188 189 190 191 192 193 194 195 297 197 198 199 200 201 202 203 204 205 206 207 208 299 210 211 212 213 214 215 216 217 218 219 220 221 79 223 224 225 226 227 228 229 230 231 232 233 1 92 235 236 237 238 239 240 241 242 243 244 2 3 105 246 247 248 249 250 251 252 253 254 4 5 6 118 256 257 258 259 260 261 262 263 7 8 9 10 131 265 266 267 268 269 270 271 11 12 13 14 15 144 273 274 275 276 277 278 16 17 18 19 20 21 157 280 281 282 283 284 22 23 24 25 26 27 28 170 286 287 288 289 29 30 31 32 33 34 35 36 183 291 292 293 37 38 39 40 41 42 43 44 45 295 296 46 47 48 49 50 51 52 53 54 298 56 57 58 59 60 61 62 63 64 67 68 69 70 71 72 73 74 75 80 81 82 83 84 85 86 87 93 94 95 96 97 98 99 106 107 108 109 110 111 119 120 121 122 123 132 133 134 135 145 146 147 158 159 171
197 209 210 66 222 223 77 78 234 235 89 90 91 245 246 101 102 103 104 255 256 113 114 115 116 117 264 265 125 126 127 128 129 130 272 273 137 138 139 140 141 142 143 279 280 149 150 151 152 153 154 155 156 285 286 161 162 163 164 165 166 167 168 169 290 291 173 174 175 176 177 178 179 180 181 182 294 295 185 186 187 188 189 190 191 192 193 194 195 297 298 198 199 200 201 202 203 204 205 206 207 208 299 67 211 212 213 214 215 216 217 218 219 220 221 79 80 224 225 226 227 228 229 230 231 232 233 1 92 93 236 237 238 239 240 241 242 243 244 2 3 105 106 247 248 249 250 251 252 253 254 4 5 6 118 119 257 258 259 260 261 262 263 7 8 9 10 131 132 266 267 268 269 270 271 11 12 13 14 15 144 145 274 275 276 277 278 16 17 18 19 20 21 157 158 281 282 283 284 22 23 24 25 26 27 28 170 171 287 288 289 29 30 31 32 33 34 35 36 183 184 292 293 37 38 39 40 41 42 43 44 45 196 296 46 47 48 49 50 51 52 53 54 55 56 57 58 59 60 61 62 63 64 65 68 69 70 71 72 73 74 75 76 81 82 83 84 85 86 87 88 94 95 96 97 98 99 100 107 108 109 110 111 112 120 121 122 123 124 133 134 135 136 146 147 148 159 160 172
198 210 211 222 223 224 78 234 235 236 90 91 245 246 247 102 103 104 255 256 257 114 115 116 117 264 265 266 126 127 128 129 130 272 273 274 138 139 140 141 142 143 279 280 281 150 151 152 153 154 155 156 285 286 287 162 163 164 165 166 167 168 169 290 291 292 174 175 176 177 178 179 180 181 182 294 295 296 186 187 188 189 190 191 192 193 194 195 297 298 56 199 200 201 202 203 204 205 206 207 208 299 67 68 212 213 214 215 216 217 218 219 220 221 79 80 81 225 226 227 228 229 230 231 232 233 1 92 93 94 237 238 239 240 241 242 243 244 2 3 105 106 107 248 249 250 251 252 253 254 4 5 6 118 119 120 258 259 260 261 262 263 7 8 9 10 131 132 133 267 268 269 270 271 11 12 13 14 15 144 145 146 275 276 277 278 16 17 18 19 20 21 157 158 159 282 283 284 22 23 24 25 26 27 28 170 171 172 288 289 29 30 31 32 33 34 35 36 183 184 185 293 37 38 39 40 41 42 43 44 45 196 197 46 47 48 49 50 51 52 53 54 55 209 57 58 59 60 61 62 63 64 65 66 69 70 71 72 73 74 75 76 77 82 83 84 85 86 87 88 89 95 96 97 98 99 100 101 108 109 110 111 112 113 121 122 123 124 125 134 135 136 137 147 148 149 160 161 173
199 211 212 223 224 225 234 235 236 237 91 245 246 247 248 103 104 255 256 257 258 115 116 117 264 265 266 267 127 128 129 130 272 273 274 275 139 140 141 142 143 279 280 281 282 151 152 153 154 155 156 285 286 287 288 163 164 165 166 167 168 169 290 291 292 293 175 176 177 178 179 180 181 182 294 295 296 46 187 188 189 190 191 192 193 194 195 297 298 56 57 200 201 202 203 204 205 206 207 208 299 67 68 69 213 214 215 216 217 218 219 220 221 79 80 81 82 226 227 228 229 230 231 232 233 1 92 93 94 95 238 239 240 241 242 243 244 2 3 105 106 107 108 249 250 251 252 253 254 4 5 6 118 119 120 121 259 260 261 262 263 7 8 9 10 131 132 133 134 268 269 270 271 11 12 13 14 15 144 145 146 147 276 277 278 16 17 18 19 20 21 157 158 159 160 283 284 22 23 24 25 26 27 28 170 171 172 173 289 29 30 31 32 33 34 35 36 183 184 185 186 37 38 39 40 41 42 43 44 45 196 197 198 47 48 49 50 51 52 53 54 55 209 210 58 59 60 61 62 63 64 65 66 222 70 71 72 73 74 75 76 77 78 83 84 85 86 87 88 89 90 96 97 98 99 100 101 102 109 110 111 112 113 114 122 123 124 125 126 135 136 137 138 148 149 150 161 162 174
200 212 213 224 225 226 235 236 237 238 245 246 247 248 249 104 255 256 257 258 259 116 117 264 265 266 267 268 128 129 130 272 273 274 275 276 140 141 142 143 279 280 281 282 283 152 153 154 155 156 285 286 287 288 289 164 165 166 167 168 169 290 291 292 293 37 176 177 178 179 180 181 182 294 295 296 46 47 188 189 190 191 192 193 194 195 297 298 56 57 58 201 202 203 204 205 206 207 208 299 67 68 69 70 214 215 216 217 218 219 220 221 79 80 81 82 83 227 228 229 230 231 232 233 1 92 93 94 95 96 239 240 241 242 243 244 2 3 105 106 107 108 109 250 251 252 253 254 4 5 6 118 119 120 121 122 260 261 262 263 7 8 9 10 131 132 133 134 135 269 270 271 11 12 13 14 15 144 145 146 147 148 277 278 16 17 18 19 20 21 157 158 159 160 161 284 22 23 24 25 26 27 28 170 171 172 173 174 29 30 31 32 33 34 35 36 183 184 185 186 187 38 39 40 41 42 43 44 45 196 197 198 199 48 49 50 51 52 53 54 55 209 210 211 59 60 61 62 63 64 65 66 222 223 71 72 73 74 75 76 77 78 234 84 85 86 87 88 89 90 91 97 98 99 100 101 102 103 110 111 112 113 114 115 123 124 125 126 127 136 137 138 139 149 150 151 162 163 175
201 213 214 225 226 227 236 237 238 239 246 247 248 249 250 255 256 257 258 259 260 117 264 265 266 267 268 269 129 130 272 273 274 275 276 277 141 142 143 279 280 281 282 283 284 153 154 155 156 285 286 287 288 289 29 165 166 167 168 169 290 291 292 293 37 38 177 178 179 180 181 182 294 295 296 46 47 48 189 190 191 192 193 194 195 297 298 56 57 58 59 202 203 204 205 206 207 208 299 67 68 69 70 71 215 216 217 218 219 220 221 79 80 81 82 83 84 228 229 230 231 232 233 1 92 93 94 95 96 97 240 241 242 243 244 2 3 105 106 107 108 109 110 251 252 253 254 4 5 6 118 119 120 121 122 123 261 262 263 7 8 9 10 131 132 133 134 135 136 270 271 11 12 13 14 15 144 145 146 147 148 149 278 16 17 18 19 20 21 157 158 159 160 161 162 22 23 24 25 26 27 28 170 171 172 173 174 175 30 31 32 33 34 35 36 183 184 185 186 187 188 39 40 41 42 43 44 45 196 197 198 199 200 49 50 51 52 53 54 55 209 210 211 212 60 61 62 63 64 65 66 222 223 224 72 73 74 75 76 77 78 234 235 85 86 87 88 89 90 91 245 98 99 100 101 102 103 104 111 112 113 114 115 116 124 125 126 127 128 137 138 139 140 150 151 152 163 164 176
202 214 215 226 227 228 237 238 239 240 247 248 249 250 251 256 257 258 259 260 261 264 265 266 267 268 269 270 130 272 273 274 275 276 277 278 142 143 279 280 281 282 283 284 22 154 155 156 285 286 287 288 289 29 30 166 167 168 169 290 291 292 293 37 38 39 178 179 180 181 182 294 295 296 46 47 48 49 190 191 192 193 194 195 297 298 56 57 58 59 60 203 204 205 206 207 208 299 67 68 69 70 71 72 216 217 218 219 220 221 79 80 81 82 83 84 85 229 230 231 232 233 1 92 93 94 95 96 97 98 241 242 243 244 2 3 105 106 107 108 109 110 111 252 253 254 4 5 6 118 119 120 121 122 123 124 262 263 7 8 9 10 131 132 133 134 135 136 137 271 11 12 13 14 15 144 145 146 147 148 149 150 16 17 18 19 20 21 157 158 159 160 161 162 163 23 24 25 26 27 28 170 171 172 173 174 175 176 31 32 33 34 35 36 183 184 185 186 187 188 189 40 41 42 43 44 45 196 197 198 199 200 201 50 51 52 53 54 55 209 210 211 212 213 61 62 63 64 65 66 222 223 224 225 73 74 75 76 77 78 234 235 236 86 87 88 89 90 91 245 246 99 100 101 102 103 104 255 112 113 114 115 116 117 125 126 127 128 129 138 139 140 141 151 152 153 164 165 177
203 215 216 227 228 229 238 239 240 241 248 249 250 251 252 257 258 259 260 261 262 265 266 267 268 269 270 271 272 273 274 275 276 277 278 16 143 279 280 281 282 283 284 22 23 155 156 285 286 287 288 289 29 30 31 167 168 169 290 291 292 293 37 38 39 40 179 180 181 182 294 295 296 46 47 48 49 50 191 192 193 194 195 297 298 56 57 58 59 60 61 204 205 206 207 208 299 67 68 69 70 71 72 73 217 218 219 220 221 79 80 81 82 83 84 85 86 230 231 232 233 1 92 93 94 95 96 97 98 99 242 243 244 2 3 105 106 107 108 109 110 111 112 253 254 4 5 6 118 119 120 121 122 123 124 125 263 7 8 9 10 131 132 133 134 135 136 137 138 11 12 13 14 15 144 145 146 147 148 149 150 151 17 18 19 20 21 157 158 159 160 161 162 163 164 24 25 26 27 28 170 171 172 173 174 175 176 177 32 33 34 35 36 183 184 185 186 187 188 189 190 41 42 43 44 45 196 197 198 199 200 201 202 51 52 53 54 55 209 210 211 212 213 214 62 63 64 65 66 222 223 224 225 226 74 75 76 77 78 234 235 236 237 87 88 89 90 91 245 246 247 100 101 102 103 104 255 256 113 114 115 116 117 264 126 127 128 129 130 139 140 141 142 152 153 154 165 166 178
204 216 217 228 229 230 239 240 241 242 249 250 251 252 253 258 259 260 261 262 263 266 267 268 269 270 271 11 273 274 275 276 277 278 16 17 279 280 281 282 283 284 22 23 24 156 285 286 287 288 289 29 30 31 32 168 169 290 291 292 293 37 38 39 40 41 180 181 182 294 295 296 46 47 48 49 50 51 192 193 194 195 297 298 56 57 58 59 60 61 62 205 206 207 208 299 67 68 69 70 71 72 73 74 218 219 220 221 79 80 81 82 83 84 85 86 87 231 232 233 1 92 93 94 95 96 97 98 99 100 243 244 2 3 105 106 107 108 109 110 111 112 113 254 4 5 6 118 119 120 121 122 123 124 125 126 7 8 9 10 131 132 133 134 135 136 137 138 139 12 13 14 15 144 145 146 147 148 149 150 151 152 18 19 20 21 157 158 159 160 161 162 163 164 165 25 26 27 28 170 171 172 173 174 175 176 177 178 33 34 35 36 183 184 185 186 187 188 189 190 191 42 43 44 45 196 197 198 199 200 201 202 203 52 53 54 55 209 210 211 212 213 214 215 63 64 65 66 222 223 224 225 226 227 75 76 77 78 234 235 236 237 238 88 89 90 91 245 246 247 248 101 102 103 104 255 256 257 114 115 116 117 264 265 127 128 129 130 272 140 141 142 143 153 154 155 166 167 179
205 217 218 229 230 231 240 241 242 243 250 251 252 253 254 259 260 261 262 263 7 267 268 269 270 271 11 12 274 275 276 277 278 16 17 18 280 281 282 283 284 22 23 24 25 285 286 287 288 289 29 30 31 32 33 169 290 291 292 293 37 38 39 40 41 42 181 182 294 295 296 46 47 48 49 50 51 52 193 194 195 297 298 56 57 58 59 60 61 62 63 206 207 208 299 67 68 69 70 71 72 73 74 75 219 220 221 79 80 81 82 83 84 85 86 87 88 232 233 1 92 93 94 95 96 97 98 99 100 101 244 2 3 105 106 107 108 109 110 111 112 113 114 4 5 6 118 119 120 121 122 123 124 125 126 127 8 9 10 131 132 133 134 135 136 137 138 139 140 13 14 15 144 145 146 147 148 149 150 151 152 153 19 20 21 157 158 159 160 161 162 163 164 165 166 26 27 28 170 171 172 173 174 175 176 177 178 179 34 35 36 183 184 185 186 187 188 189 190 191 192 43 44 45 196 197 198 199 200 201 202 203 204 53 54 55 209 210 211 212 213 214 215 216 64 65 66 222 223 224 225 226 227 228 76 77 78 234 235 236 237 238 239 89 90 91 245 246 247 248 249 102 103 104 255 256 257 258 115 116 117 264 265 266 128 129 130 272 273 141 142 143 279 154 155 156 167 168 180
206 218 219 230 231 232 241 242 243 244 251 252 253 254 4 260 261 262 263 7 8 268 269 270 271 11 12 13 275 276 277 278 16 17 18 19 281 282 283 284 22 23 24 25 26 286 287 288 289 29 30 31 32 33 34 290 291 292 293 37 38 39 40 41 42 43 182 294 295 296 46 47 48 49 50 51 52 53 194 195 297 298 56 57 58 59 60 61 62 63 64 207 208 299 67 68 69 70 71 72 73 74 75 76 220 221 79 80 81 82 83 84 85 86 87 88 89 233 1 92 93 94 95 96 97 98 99 100 101 102 2 3 105 106 107 108 109 110 111 112 113 114 115 5 6 118 119 120 121 122 123 124 125 126 127 128 9 10 131 132 133 134 135 136 137 138 139 140 141 14 15 144 145 146 147 148 149 150 151 152 153 154 20 21 157 158 159 160 161 162 163 164 165 166 167 27 28 170 171 172 173 174 175 176 177 178 179 180 35 36 183 184 185 186 187 188 189 190 191 192 193 44 45 196 197 198 199 200 201 202 203 204 205 54 55 209 210 211 212 213 214 215 216 217 65 66 222 223 224 225 226 227 228 229 77 78 234 235 236 237 238 239 240 90 91 245 246 247 248 249 250 103 104 255 256 257 258 259 116 117 264 265 266 267 129 130 272 273 274 142 143 279 280 155 156 285 168 169 181
207 219 220 231 232 233 242 243 244 2 252 253 254 4 5 261 262 263 7 8 9 269 270 271 11 12 13 14 276 277 278 16 17 18 19 20 282 283 284 22 23 24 25 26 27 287 288 289 29 30 31 32 33 34 35 291 292 293 37 38 39 40 41 42 43 44 294 295 296 46 47 48 49 50 51 52 53 54 195 297 298 56 57 58 59 60 61 62 63 64 65 208 299 67 68 69 70 71 72 73 74 75 76 77 221 79 80 81 82 83 84 85 86 87 88 89 90 1 92 93 94 95 96 97 98 99 100 101 102 103 3 105 106 107 108 109 110 111 112 113 114 115 116 6 118 119 120 121 122 123 124 125 126 127 128 129 10 131 132 133 134 135 136 137 138 139 140 141 142 15 144 145 146 147 148 149 150 151 152 153 154 155 21 157 158 159 160 161 162 163 164 165 166 167 168 28 170 171 172 173 174 175 176 177 178 179 180 181 36 183 184 185 186 187 188 189 190 191 192 193 194 45 196 197 198 199 200 201 202 203 204 205 206 55 209 210 211 212 213 214 215 216 217 218 66 222 223 224 225 226 227 228 229 230 78 234 235 236 237 238 239 240 241 91 245 246 247 248 249 250 251 104 255 256 257 258 259 260 117 264 265 266 267 268 130 272 273 274 275 143 279 280 281 156 285 286 169 290 182
208 220 221 232 233 1 243 244 2 3 253 254 4 5 6 262 263 7 8 9 10 270 271 11 12 13 14 15 277 278 16 17 18 19 20 21 283 284 22 23 24 25 26 27 28 288 289 29 30 31 32 33 34 35 36 292 293 37 38 39 40 41 42 43 44 45 295 296 46 47 48 49 50 51 52 53 54 55 297 298 56 57 58 59 60 61 62 63 64 65 66 299 67 68 69 70 71 72 73 74 75 76 77 78 79 80 81 82 83 84 85 86 87 88 89 90 91 92 93 94 95 96 97 98 99 100 101 102 103 104 105 106 107 108 109 110 111 112 113 114 115 116 117 118 119 120 121 122 123 124 125 126 127 128 129 130 131 132 133 134 135 136 137 138 139 140 141 142 143 144 145 146 147 148 149 150 151 152 153 154 155 156 157 158 159 160 161 162 163 164 165 166 167 168 169 170 171 172 173 174 175 176 177 178 179 180 181 182 183 184 185 186 187 188 189 190 191 192 193 194 195 196 197 198 199 200 201 202 203 204 205 206 207 209 210 211 212 213 214 215 216 217 218 219 222 223 224 225 226 227 228 229 230 231 234 235 236 237 238 239 240 241 242 245 246 247 248 249 250 251 252 255 256 257 258 259 260 261 264 265 266 267 268 269 272 273 274 275 276 279 280 281 282 285 286 287 290 291 294
209 66 222 77 78 234 89 90 91 245 101 102 103 104 255 113 114 115 116 117 264 125 126 127 128 129 130 272 137 138 139 140 141 142 143 279 149 150 151 152 153 154 155 156 285 161 162 163 164 165 166 167 168 169 290 173 174 175 176 177 178 179 180 181 182 294 185 186 187 188 189 190 191 192 193 194 195 297 197 198 199 200 201 202 203 204 205 206 207 208 299 210 211 212 213 214 215 216 217 218 219 220 221 79 223 224 225 226 227 228 229 230 231 232 233 1 92 235 236 237 238 239 240 241 242 243 244 2 3 105 246 247 248 249 250 251 252 253 254 4 5 6 118 256 257 258 259 260 261 262 263 7 8 9 10 131 265 266 267 268 269 270 271 11 12 13 14 15 144 273 274 275 276 277 278 16 17 18 19 20 21 157 280 281 282 283 284 22 23 24 25 26 27 28 170 286 287 288 289 29 30 31 32 33 34 35 36 183 291 292 293 37 38 39 40 41 42 43 44 45 196 295 296 46 47 48 49 50 51 52 53 54 55 298 56 57 58 59 60 61 62 63 64 65 67 68 69 70 71 72 73 74 75 76 80 81 82 83 84 85 86 87 88 93 94 95 96 97 98 99 100 106 107 108 109 110 111 112 119 120 121 122 123 124 132 133 134 135 136 145 146 147 148 158 159 160 171 172 184
210 222 223 78 234 235 90 91 245 246 102 103 104 255 256 114 115 116 117 264 265 126 127 128 129 130 272 273 138 139 140 141 142 143 279 280 150 151 152 153 154 155 156 285 286 162 163 164 165 166 167 168 169 290 291 174 175 176 177 178 179 180 181 182 294 295 186 187 188 189 190 191 192 193 194 195 297 298 198 199 200 201 202 203 204 205 206 207 208 299 67 211 212 213 214 215 216 217 218 219 220 221 79 80 224 225 226 227 228 229 230 231 232 233 1 92 93 236 237 238 239 240 241 242 243 244 2 3 105 106 247 248 249 250 251 252 253 254 4 5 6 118 119 257 258 259 260 261 262 263 7 8 9 10 131 132 266 267 268 269 270 271 11 12 13 14 15 144 145 274 275 276 277 278 16 17 18 19 20 21 157 158 281 282 283 284 22 23 24 25 26 27 28 170 171 287 288 289 29 30 31 32 33 34 35 36 183 184 292 293 37 38 39 40 41 42 43 44 45 196 197 296 46 47 48 49 50 51 52 53 54 55 209 56 57 58 59 60 61 62 63 64 65 66 68 69 70 71 72 73 74 75 76 77 81 82 83 84 85 86 87 88 89 94 95 96 97 98 99 100 101 107 108 109 110 111 112 113 120 121 122 123 124 125 133 134 135 136 137 146 147 148 149 159 160 161 172 173 185
211 223 224 234 235 236 91 245 246 247 103 104 255 256 257 115 116 117 264 265 266 127 128 129 130 272 273 274 139 140 141 142 143 279 280 281 151 152 153 154 155 156 285 286 287 163 164 165 166 167 168 169 290 291 292 175 176 177 178 179 180 181 182 294 295 296 187 188 189 190 191 192 193 194 195 297 298 56 199 200 201 202 203 204 205 206 207 208 299 67 68 212 213 214 215 216 217 218 219 220 221 79 80 81 225 226 227 228 229 230 231 232 233 1 92 93 94 237 238 239 240 241 242 243 244 2 3 105 106 107 248 249 250 251 252 253 254 4 5 6 118 119 120 258 259 260 261 262 263 7 8 9 10 131 132 133 267 268 269 270 271 11 12 13 14 15 144 145 146 275 276 277 278 16 17 18 19 20 21 157 158 159 282 283 284 22 23 24 25 26 27 28 170 171 172 288 289 29 30 31 32 33 34 35 36 183 184 185 293 37 38 39 40 41 42 43 44 45 196 197 198 46 47 48 49 50 51 52 53 54 55 209 210 57 58 59 60 61 62 63 64 65 66 222 69 70 71 72 73 74 75 76 77 78 82 83 84 85 86 87 88 89 90 95 96 97 98 99 100 101 102 108 109 110 111 112 113 114 121 122 123 124 125 126 134 135 136 137 138 147 148 149 150 160 161 162 173 174 186
212 224 225 235 236 237 245 246 247 248 104 255 256 257 258 116 117 264 265 266 267 128 129 130 272 273 274 275 140 141 142 143 279 280 281 282 152 153 154 155 156 285 286 287 288 164 165 166 167 168 169 290 291 292 293 176 177 178 179 180 181 182 294 295 296 46 188 189 190 191 192 193 194 195 297 298 56 57 200 201 202 203 204 205 206 207 208 299 67 68 69 213 214 215 216 217 218 219 220 221 79 80 81 82 226 227 228 229 230 231 232 233 1 92 93 94 95 238 239 240 241 242 243 244 2 3 105 106 107 108 249 250 251 252 253 254 4 5 6 118 119 120 121 259 260 261 262 263 7 8 9 10 131 132 133 134 268 269 270 271 11 12 13 14 15 144 145 146 147 276 277 278 16 17 18 19 20 21 157 158 159 160 283 284 22 23 24 25 26 27 28 170 171 172 173 289 29 30 31 32 33 34 35 36 183 184 185 186 37 38 39 40 41 42 43 44 45 196 197 198 199 47 48 49 50 51 52 53 54 55 209 210 211 58 59 60 61 62 63 64 65 66 222 223 70 71 72 73 74 75 76 77 78 234 83 84 85 86 87 88 89 90 91 96 97 98 99 100 101 102 103 109 110 111 112 113 114 115 122 123 124 125 126 127 135 136 137 138 139 148 149 150 151 161 162 163 174 175 187
213 225 226 236 237 238 246 247 248 249 255 256 257 258 259 117 264 265 266 267 268 129 130 272 273 274 275 276 141 142 143 279 280 281 282 283 153 154 155 156 285 286 287 288 289 165 166 167 168 169 290 291 292 293 37 177 178 179 180 181 182 294 295 296 46 47 189 190 191 192 193 194 195 297 298 56 57 58 201 202 203 204 205 206 207 208 299 67 68 69 70 214 215 216 217 218 219 220 221 79 80 81 82 83 227 228 229 230 231 232 233 1 92 93 94 95 96 239 240 241 242 243 244 2 3 105 106 107 108 109 250 251 252 253 254 4 5 6 118 119 120 121 122 260 261 262 263 7 8 9 10 131 132 133 134 135 269 270 271 11 12 13 14 15 144 145 146 147 148 277 278 16 17 18 19 20 21 157 158 159 160 161 284 22 23 24 25 26 27 28 170 171 172 173 174 29 30 31 32 33 34 35 36 183 184 185 186 187 38 39 40 41 42 43 44 45 196 197 198 199 200 48 49 50 51 52 53 54 55 209 210 211 212 59 60 61 62 63 64 65 66 222 223 224 71 72 73 74 75 76 77 78 234 235 84 85 86 87 88 89 90 91 245 97 98 99 100 101 102 103 104 110 111 112 113 114 115 116 123 124 125 126 127 128 136 137 138 139 140 149 150 151 152 162 163 164 175 176 188
214 226 227 237 238 239 247 248 249 250 256 257 258 259 260 264 265 266 267 268 269 130 272 273 274 275 276 277 142 143 279 280 281 282 283 284 154 155 156 285 286 287 288 289 29 166 167 168 169 290 291 292 293 37 38 178 179 180 181 182 294 295 296 46 47 48 190 191 192 193 194 195 297 298 56 57 58 59 202 203 204 205 206 207 208 299 67 68 69 70 71 215 216 217 218 219 220 221 79 80 81 82 83 84 228 229 230 231 232 233 1 92 93 94 95 96 97 240 241 242 243 244 2 3 105 106 107 108 109 110 251 252 253 254 4 5 6 118 119 120 121 122 123 261 262 263 7 8 9 10 131 132 133 134 135 136 270 271 11 12 13 14 15 144 145 146 147 148 149 278 16 17 18 19 20 21 157 158 159 160 161 162 22 23 24 25 26 27 28 170 171 172 173 174 175 30 31 32 33 34 35 36 183 184 185 186 187 188 39 40 41 42 43 44 45 196 197 198 199 200 201 49 50 51 52 53 54 55 209 210 211 212 213 60 61 62 63 64 65 66 222 223 224 225 72 73 74 75 76 77 78 234 235 236 85 86 87 88 89 90 91 245 246 98 99 100 101 102 103 104 255 111 112 113 114 115 116 117 124 125 126 127 128 129 137 138 139 140 141 150 151 152 153 163 164 165 176 177 189
215 227 228 238 239 240 248 249 250 251 257 258 259 260 261 265 266 267 268 269 270 272 273 274 275 276 277 278 143 279 280 281 282 283 284 22 155 156 285 286 287 288 289 29 30 167 168 169 290 291 292 293 37 38 39 179 180 181 182 294 295 296 46 47 48 49 191 192 193 194 195 297 298 56 57 58 59 60 203 204 205 206 207 208 299 67 68 69 70 71 72 216 217 218 219 220 221 79 80 81 82 83 84 85 229 230 231 232 233 1 92 93 94 95 96 97 98 241 242 243 244 2 3 105 106 107 108 109 110 111 252 253 254 4 5 6 118 119 120 121 122 123 124 262 263 7 8 9 10 131 132 133 134 135 136 137 271 11 12 13 14 15 144 145 146 147 148 149 150 16 17 18 19 20 21 157 158 159 160 161 162 163 23 24 25 26 27 28 170 171 172 173 174 175 176 31 32 33 34 35 36 183 184 185 186 187 188 189 40 41 42 43 44 45 196 197 198 199 200 201 202 50 51 52 53 54 55 209 210 211 212 213 214 61 62 63 64 65 66 222 223 224 225 226 73 74 75 76 77 78 234 235 236 237 86 87 88 89 90 91 245 246 247 99 100 101 102 103 104 255 256 112 113 114 115 116 117 264 125 126 127 128 129 130 138 139 140 141 142 151 152 153 154 164 165 166 177 178 190
216 228 229 239 240 241 249 250 251 252 258 259 260 261 262 266 267 268 269 270 271 273 274 275 276 277 278 16 279 280 281 282 283 284 22 23 156 285 286 287 288 289 29 30 31 168 169 290 291 292 293 37 38 39 40 180 181 182 294 295 296 46 47 48 49 50 192 193 194 195 297 298 56 57 58 59 60 61 204 205 206 207 208 299 67 68 69 70 71 72 73 217 218 219 220 221 79 80 81 82 83 84 85 86 230 231 232 233 1 92 93 94 95 96 97 98 99 242 243 244 2 3 105 106 107 108 109 110 111 112 253 254 4 5 6 118 119 120 121 122 123 124 125 263 7 8 9 10 131 132 133 134 135 136 137 138 11 12 13 14 15 144 145 146 147 148 149 150 151 17 18 19 20 21 157 158 159 160 161 162 163 164 24 25 26 27 28 170 171 172 173 174 175 176 177 32 33 34 35 36 183 184 185 186 187 188 189 190 41 42 43 44 45 196 197 198 199 200 201 202 203 51 52 53 54 55 209 210 211 212 213 214 215 62 63 64 65 66 222 223 224 225 226 227 74 75 76 77 78 234 235 236 237 238 87 88 89 90 91 245 246 247 248 100 101 102 103 104 255 256 257 113 114 115 116 117 264 265 126 127 128 129 130 272 139 140 141 142 143 152 153 154 155 165 166 167 178 179 191
217 229 230 240 241 242 250 251 252 253 259 260 261 262 263 267 268 269 270 271 11 274 275 276 277 278 16 17 280 281 282 283 284 22 23 24 285 286 287 288 289 29 30 31 32 169 290 291 292 293 37 38 39 40 41 181 182 294 295 296 46 47 48 49 50 51 193 194 195 297 298 56 57 58 59 60 61 62 205 206 207 208 299 67 68 69 70 71 72 73 74 218 219 220 221 79 80 81 82 83 84 85 86 87 231 232 233 1 92 93 94 95 96 97 98 99 100 243 244 2 3 105 106 107 108 109 110 111 112 113 254 4 5 6 118 119 120 121 122 123 124 125 126 7 8 9 10 131 132 133 134 135 136 137 138 139 12 13 14 15 144 145 146 147 148 149 150 151 152 18 19 20 21 157 158 159 160 161 162 163 164 165 25 26 27 28 170 171 172 173 174 175 176 177 178 33 34 35 36 183 184 185 186 187 188 189 190 191 42 43 44 45 196 197 198 199 200 201 202 203 204 52 53 54 55 209 210 211 212 213 214 215 216 63 64 65 66 222 223 224 225 226 227 228 75 76 77 78 234 235 236 237 238 239 88 89 90 91 245 246 247 248 249 101 102 103 104 255 256 257 258 114 115 116 117 264 265 266 127 128 129 130 272 273 140 141 142 143 279 153 154 155 156 166 167 168 179 180 192
218 230 231 241 242 243 251 252 253 254 260 261 262 263 7 268 269 270 271 11 12 275 276 277 278 16 17 18 281 282 283 284 22 23 24 25 286 287 288 289 29 30 31 32 33 290 291 292 293 37 38 39 40 41 42 182 294 295 296 46 47 48 49 50 51 52 194 195 297 298 56 57 58 59 60 61 62 63 206 207 208 299 67 68 69 70 71 72 73 74 75 219 220 221 79 80 81 82 83 84 85 86 87 88 232 233 1 92 93 94 95 96 97 98 99 100 101 244 2 3 105 106 107 108 109 110 111 112 113 114 4 5 6 118 119 120 121 122 123 124 125 126 127 8 9 10 131 132 133 134 135 136 137 138 139 140 13 14 15 144 145 146 147 148 149 150 151 152 153 19 20 21 157 158 159 160 161 162 163 164 165 166 26 27 28 170 171 172 173 174 175 176 177 178 179 34 35 36 183 184 185 186 187 188 189 190 191 192 43 44 45 196 197 198 199 200 201 202 203 204 205 53 54 55 209 210 211 212 213 214 215 216 217 64 65 66 222 223 224 225 226 227 228 229 76 77 78 234 235 236 237 238 239 240 89 90 91 245 246 247 248 249 250 102 103 104 255 256 257 258 259 115 116 117 264 265 266 267 128 129 130 272 273 274 141 142 143 279 280 154 155 156 285 167 168 169 180 181 193
219 231 232 242 243 244 252 253 254 4 261 262 263 7 8 269 270 271 11 12 13 276 277 278 16 17 18 19 282 283 284 22 23 24 25 26 287 288 289 29 30 31 32 33 34 291 292 293 37 38 39 40 41 42 43 294 295 296 46 47 48 49 50 51 52 53 195 297 298 56 57 58 59 60 61 62 63 64 207 208 299 67 68 69 70 71 72 73 74 75 76 220 221 79 80 81 82 83 84 85 86 87 88 89 233 1 92 93 94 95 96 97 98 99 100 101 102 2 3 105 106 107 108 109 110 111 112 113 114 115 5 6 118 119 120 121 122 123 124 125 126 127 128 9 10 131 132 133 134 135 136 137 138 139 140 141 14 15 144 145 146 147 148 149 150 151 152 153 154 20 21 157 158 159 160 161 162 163 164 165 166 167 27 28 170 171 172 173 174 175 176 177 178 179 180 35 36 183 184 185 186 187 188 189 190 191 192 193 44 45 196 197 198 199 200 201 202 203 204 205 206 54 55 209 210 211 212 213 214 215 216 217 218 65 66 222 223 224 225 226 227 228 229 230 77 78 234 235 236 237 238 239 240 241 90 91 245 246 247 248 249 250 251 103 104 255 256 257 258 259 260 116 117 264 265 266 267 268 129 130 272 273 274 275 142 143 279 280 281 155 156 285 286 168 169 290 181 182 194
220 232 233 243 244 2 253 254 4 5 262 263 7 8 9 270 271 11 12 13 14 277 278 16 17 18 19 20 283 284 22 23 24 25 26 27 288 289 29 30 31 32 33 34 35 292 293 37 38 39 40 41 42 43 44 295 296 46 47 48 49 50 51 52 53 54 297 298 56 57 58 59 60 61 62 63 64 65 208 299 67 68 69 70 71 72 73 74 75 76 77 221 79 80 81 82 83 84 85 86 87 88 89 90 1 92 93 94 95 96 97 98 99 100 101 102 103 3 105 106 107 108 109 110 111 112 113 114 115 116 6 118 119 120 121 122 123 124 125 126 127 128 129 10 131 132 133 134 135 136 137 138 139 140 141 142 15 144 145 146 147 148 149 150 151 152 153 154 155 21 157 158 159 160 161 162 163 164 165 166 167 168 28 170 171 172 173 174 175 176 177 178 179 180 181 36 183 184 185 186 187 188 189 190 191 192 193 194 45 196 197 198 199 200 201 202 203 204 205 206 207 55 209 210 211 212 213 214 215 216 217 218 219 66 222 223 224 225 226 227 228 229 230 231 78 234 235 236 237 238 239 240 241 242 91 245 246 247 248 249 250 251 252 104 255 256 257 258 259 260 261 117 264 265 266 267 268 269 130 272 273 274 275 276 143 279 280 281 282 156 285 286 287 169 290 291 182 294 195
221 233 1 244 2 3 254 4 5 6 263 7 8 9 10 271 11 12 13 14 15 278 16 17 18 19 20 21 284 22 23 24 25 26 27 28 289 29 30 31 32 33 34 35 36 293 37 38 39 40 41 42 43 44 45 296 46 47 48 49 50 51 52 53 54 55 298 56 57 58 59 60 61 62 63 64 65 66 299 67 68 69 70 71 72 73 74 75 76 77 78 79 80 81 82 83 84 85 86 87 88 89 90 91 92 93 94 95 96 97 98 99 100 101 102 103 104 105 106 107 108 109 110 111 112 113 114 115 116 117 118 119 120 121 122 123 124 125 126 127 128 129 130 131 132 133 134 135 136 137 138 139 140 141 142 143 144 145 146 147 148 149 150 151 152 153 154 155 156 157 158 159 160 161 162 163 164 165 166 167 168 169 170 171 172 173 174 175 176 177 178 179 180 181 182 183 184 185 186 187 188 189 190 191 192 193 194 195 196 197 198 199 200 201 202 203 204 205 206 207 208 209 210 211 212 213 214 215 216 217 218 219 220 222 223 224 225 226 227 228 229 230 231 232 234 235 236 237 238 239 240 241 242 243 245 246 247 248 249 250 251 252 253 255 256 257 258 259 260 261 262 264 265 266 267 268 269 270 272 273 274 275 276 277 279 280 281 282 283 285 286 287 288 290 291 292 294 295 297
222 78 234 90 91 245 102 103 104 255 114 115 116 117 264 126 127 128 129 130 272 138 139 140 141 142 143 279 150 151 152 153 154 155 156 285 162 163 164 165 166 167 168 169 290 174 175 176 177 178 179 180 181 182 294 186 187 188 189 190 191 192 193 194 195 297 198 199 200 201 202 203 204 205 206 207 208 299 210 211 212 213 214 215 216 217 218 219 220 221 79 223 224 225 226 227 228 229 230 231 232 233 1 92 235 236 237 238 239 240 241 242 243 244 2 3 105 246 247 248 249 250 251 252 253 254 4 5 6 118 256 257 258 259 260 261 262 263 7 8 9 10 131 265 266 267 268 269 270 271 11 12 13 14 15 144 273 274 275 276 277 278 16 17 18 19 20 21 157 280 281 282 283 284 22 23 24 25 26 27 28 170 286 287 288 289 29 30 31 32 33 34 35 36 183 291 292 293 37 38 39 40 41 42 43 44 45 196 295 296 46 47 48 49 50 51 52 53 54 55 209 298 56 57 58 59 60 61 62 63 64 65 66 67 68 69 70 71 72 73 74 75 76 77 80 81 82 83 84 85 86 87 88 89 93 94 95 96 97 98 99 100 101 106 107 108 109 110 111 112 113 119 120 121 122 123 124 125 132 133 134 135 136 137 145 146 147 148 149 158 159 160 161 171 172 173 184 185 197
223 234 235 91 245 246 103 104 255 256 115 116 117 264 265 127 128 129 130 272 273 139 140 141 142 143 279 280 151 152 153 154 155 156 285 286 163 164 165 166 167 168 169 290 291 175 176 177 178 179 180 181 182 294 295 187 188 189 190 191 192 193 194 195 297 298 199 200 201 202 203 204 205 206 207 208 299 67 211 212 213 214 215 216 217 218 219 220 221 79 80 224 225 226 227 228 229 230 231 232 233 1 92 93 236 237 238 239 240 241 242 243 244 2 3 105 106 247 248 249 250 251 252 253 254 4 5 6 118 119 257 258 259 260 261 262 263 7 8 9 10 131 132 266 267 268 269 270 271 11 12 13 14 15 144 145 274 275 276 277 278 16 17 18 19 20 21 157 158 281 282 283 284 22 23 24 25 26 27 28 170 171 287 288 289 29 30 31 32 33 34 35 36 183 184 292 293 37 38 39 40 41 42 43 44 45 196 197 296 46 47 48 49 50 51 52 53 54 55 209 210 56 57 58 59 60 61 62 63 64 65 66 222 68 69 70 71 72 73 74 75 76 77 78 81 82 83 84 85 86 87 88 89 90 94 95 96 97 98 99 100 101 102 107 108 109 110 111 112 113 114 120 121 122 123 124 125 126 133 134 135 136 137 138 146 147 148 149 150 159 160 161 162 172 173 174 185 186 198
224 235 236 245 246 247 104 255 256 257 116 117 264 265 266 128 129 130 272 273 274 140 141 142 143 279 280 281 152 153 154 155 156 285 286 287 164 165 166 167 168 169 290 291 292 176 177 178 179 180 181 182 294 295 296 188 189 190 191 192 193 194 195 297 298 56 200 201 202 203 204 205 206 207 208 299 67 68 212 213 214 215 216 217 218 219 220 221 79 80 81 225 226 227 228 229 230 231 232 233 1 92 93 94 237 238 239 240 241 242 243 244 2 3 105 106 107 248 249 250 251 252 253 254 4 5 6 118 119 120 258 259 260 261 262 263 7 8 9 10 131 132 133 267 268 269 270 271 11 12 13 14 15 144 145 146 275 276 277 278 16 17 18 19 20 21 157 158 159 282 283 284 22 23 24 25 26 27 28 170 171 172 288 289 29 30 31 32 33 34 35 36 183 184 185 293 37 38 39 40 41 42 43 44 45 196 197 198 46 47 48 49 50 51 52 53 54 55 209 210 211 57 58 59 60 61 62 63 64 65 66 222 223 69 70 71 72 73 74 75 76 77 78 234 82 83 84 85 86 87 88 89 90 91 95 96 97 98 99 100 101 102 103 108 109 110 111 112 113 114 115 121 122 123 124 125 126 127 134 135 136 137 138 139 147 148 149 150 151 160 161 162 163 173 174 175 186 187 199
225 236 237 246 247 248 255 256 257 258 117 264 265 266 267 129 130 272 273 274 275 141 142 143 279 280 281 282 153 154 155 156 285 286 287 288 165 166 167 168 169 290 291 292 293 177 178 179 180 181 182 294 295 296 46 189 190 191 192 193 194 195 297 298 56 57 201 202 203 204 205 206 207 208 299 67 68 69 213 214 215 216 217 218 219 220 221 79 80 81 82 226 227 228 229 230 231 232 233 1 92 93 94 95 238 239 240 241 242 243 244 2 3 105 106 107 108 249 250 251 252 253 254 4 5 6 118 119 120 121 259 260 261 262 263 7 8 9 10 131 132 133 134 268 269 270 271 11 12 13 14 15 144 145 146 147 276 277 278 16 17 18 19 20 21 157 158 159 160 283 284 22 23 24 25 26 27 28 170 171 172 173 289 29 30 31 32 33 34 35 36 183 184 185 186 37 38 39 40 41 42 43 44 45 196 197 198 199 47 48 49 50 51 52 53 54 55 209 210 211 212 58 59 60 61 62 63 64 65 66 222 223 224 70 71 72 73 74 75 76 77 78 234 235 83 84 85 86 87 88 89 90 91 245 96 97 98 99 100 101 102 103 104 109 110 111 112 113 114 115 116 122 123 124 125 126 127 128 135 136 137 138 139 140 148 149 150 151 152 161 162 163 164 174 175 176 187 188 200
226 237 238 247 248 249 256 257 258 259 264 265 266 267 268 130 272 273 274 275 276 142 143 279 280 281 282 283 154 155 156 285 286 287 288 289 166 167 168 169 290 291 292 293 37 178 179 180 181 182 294 295 296 46 47 190 191 192 193 194 195 297 298 56 57 58 202 203 204 205 206 207 208 299 67 68 69 70 214 215 216 217 218 219 220 221 79 80 81 82 83 227 228 229 230 231 232 233 1 92 93 94 95 96 239 240 241 242 243 244 2 3 105 106 107 108 109 250 251 252 253 254 4 5 6 118 119 120 121 122 260 261 262 263 7 8 9 10 131 132 133 134 135 269 270 271 11 12 13 14 15 144 145 146 147 148 277 278 16 17 18 19 20 21 157 158 159 160 161 284 22 23 24 25 26 27 28 170 171 172 173 174 29 30 31 32 33 34 35 36 183 184 185 186 187 38 39 40 41 42 43 44 45 196 197 198 199 200 48 49 50 51 52 53 54 55 209 210 211 212 213 59 60 61 62 63 64 65 66 222 223 224 225 71 72 73 74 75 76 77 78 234 235 236 84 85 86 87 88 89 90 91 245 246 97 98 99 100 101 102 103 104 255 110 111 112 113 114 115 116 117 123 124 125 126 127 128 129 136 137 138 139 140 141 149 150 151 152 153 162 163 164 165 175 176 177 188 189 201
227 238 239 248 249 250 257 258 259 260 265 266 267 268 269 272 273 274 275 276 277 143 279 280 281 282 283 284 155 156 285 286 287 288 289 29 167 168 169 290 291 292 293 37 38 179 180 181 182 294 295 296 46 47 48 191 192 193 194 195 297 298 56 57 58 59 203 204 205 206 207 208 299 67 68 69 70 71 215 216 217 218 219 220 221 79 80 81 82 83 84 228 229 230 231 232 233 1 92 93 94 95 96 97 240 241 242 243 244 2 3 105 106 107 108 109 110 251 252 253 254 4 5 6 118 119 120 121 122 123 261 262 263 7 8 9 10 131 132 133 134 135 136 270 271 11 12 13 14 15 144 145 146 147 148 149 278 16 17 18 19 20 21 157 158 159 160 161 162 22 23 24 25 26 27 28 170 171 172 173 174 175 30 31 32 33 34 35 36 183 184 185 186 187 188 39 40 41 42 43 44 45 196 197 198 199 200 201 49 50 51 52 53 54 55 209 210 211 212 213 214 60 61 62 63 64 65 66 222 223 224 225 226 72 73 74 75 76 77 78 234 235 236 237 85 86 87 88 89 90 91 245 246 247 98 99 100 101 102 103 104 255 256 111 112 113 114 115 116 117 264 124 125 126 127 128 129 130 137 138 139 140 141 142 150 151 152 153 154 163 164 165 166 176 177 178 189 190 202
228 239 240 249 250 251 258 259 260 261 266 267 268 269 270 273 274 275 276 277 278 279 280 281 282 283 284 22 156 285 286 287 288 289 29 30 168 169 290 291 292 293 37 38 39 180 181 182 294 295 296 46 47 48 49 192 193 194 195 297 298 56 57 58 59 60 204 205 206 207 208 299 67 68 69 70 71 72 216 217 218 219 220 221 79 80 81 82 83 84 85 229 230 231 232 233 1 92 93 94 95 96 97 98 241 242 243 244 2 3 105 106 107 108 109 110 111 252 253 254 4 5 6 118 119 120 121 122 123 124 262 263 7 8 9 10 131 132 133 134 135 136 137 271 11 12 13 14 15 144 145 146 147 148 149 150 16 17 18 19 20 21 157 158 159 160 161 162 163 23 24 25 26 27 28 170 171 172 173 174 175 176 31 32 33 34 35 36 183 184 185 186 187 188 189 40 41 42 43 44 45 196 197 198 199 200 201 202 50 51 52 53 54 55 209 210 211 212 213 214 215 61 62 63 64 65 66 222 223 224 225 226 227 73 74 75 76 77 78 234 235 236 237 238 86 87 88 89 90 91 245 246 247 248 99 100 101 102 103 104 255 256 257 112 113 114 115 116 117 264 265 125 126 127 128 129 130 272 138 139 140 141 142 143 151 152 153 154 155 164 165 166 167 177 178 179 190 191 203
229 240 241 250 251 252 259 260 261 262 267 268 269 270 271 274 275 276 277 278 16 280 281 282 283 284 22 23 285 286 287 288 289 29 30 31 169 290 291 292 293 37 38 39 40 181 182 294 295 296 46 47 48 49 50 193 194 195 297 298 56 57 58 59 60 61 205 206 207 208 299 67 68 69 70 71 72 73 217 218 219 220 221 79 80 81 82 83 84 85 86 230 231 232 233 1 92 93 94 95 96 97 98 99 242 243 244 2 3 105 106 107 108 109 110 111 112 253 254 4 5 6 118 119 120 121 122 123 124 125 263 7 8 9 10 131 132 133 134 135 136 137 138 11 12 13 14 15 144 145 146 147 148 149 150 151 17 18 19 20 21 157 158 159 160 161 162 163 164 24 25 26 27 28 170 171 172 173 174 175 176 177 32 33 34 35 36 183 184 185 186 187 188 189 190 41 42 43 44 45 196 197 198 199 200 201 202 203 51 52 53 54 55 209 210 211 212 213 214 215 216 62 63 64 65 66 222 223 224 225 226 227 228 74 75 76 77 78 234 235 236 237 238 239 87 88 89 90 91 245 246 247 248 249 100 101 102 103 104 255 256 257 258 113 114 115 116 117 264 265 266 126 127 128 129 130 272 273 139 140 141 142 143 279 152 153 154 155 156 165 166 167 168 178 179 180 191 192 204
230 241 242 251 252 253 260 261 262 263 268 269 270 271 11 275 276 277 278 16 17 281 282 283 284 22 23 24 286 287 288 289 29 30 31 32 290 291 292 293 37 38 39 40 41 182 294 295 296 46 47 48 49 50 51 194 195 297 298 56 57 58 59 60 61 62 206 207 208 299 67 68 69 70 71 72 73 74 218 219 220 221 79 80 81 82 83 84 85 86 87 231 232 233 1 92 93 94 95 96 97 98 99 100 243 244 2 3 105 106 107 108 109 110 111 112 113 254 4 5 6 118 119 120 121 122 123 124 125 126 7 8 9 10 131 132 133 134 135 136 137 138 139 12 13 14 15 144 145 146 147 148 149 150 151 152 18 19 20 21 157 158 159 160 161 162 163 164 165 25 26 27 28 170 171 172 173 174 175 176 177 178 33 34 35 36 183 184 185 186 187 188 189 190 191 42 43 44 45 196 197 198 199 200 201 202 203 204 52 53 54 55 209 210 211 212 213 214 215 216 217 63 64 65 66 222 223 224 225 226 227 228 229 75 76 77 78 234 235 236 237 238 239 240 88 89 90 91 245 246 247 248 249 250 101 102 103 104 255 256 257 258 259 114 115 116 117 264 265 266 267 127 128 129 130 272 273 274 140 141 142 143 279 280 153 154 155 156 285 166 167 168 169 179 180 181 192 193 205
231 242 243 252 253 254 261 262 263 7 269 270 271 11 12 276 277 278 16 17 18 282 283 284 22 23 24 25 287 288 289 29 30 31 32 33 291 292 293 37 38 39 40 41 42 294 295 296 46 47 48 49 50 51 52 195 297 298 56 57 58 59 60 61 62 63 207 208 299 67 68 69 70 71 72 73 74 75 219 220 221 79 80 81 82 83 84 85 86 87 88 232 233 1 92 93 94 95 96 97 98 99 100 101 244 2 3 105 106 107 108 109 110 111 112 113 114 4 5 6 118 119 120 121 122 123 124 125 126 127 8 9 10 131 132 133 134 135 136 137 138 139 140 13 14 15 144 145 146 147 148 149 150 151 152 153 19 20 21 157 158 159 160 161 162 163 164 165 166 26 27 28 170 171 172 173 174 175 176 177 178 179 34 35 36 183 184 185 186 187 188 189 190 191 192 43 44 45 196 197 198 199 200 201 202 203 204 205 53 54 55 209 210 211 212 213 214 215 216 217 218 64 65 66 222 223 224 225 226 227 228 229 230 76 77 78 234 235 236 237 238 239 240 241 89 90 91 245 246 247 248 249 250 251 102 103 104 255 256 257 258 259 260 115 116 117 264 265 266 267 268 128 129 130 272 273 274 275 141 142 143 279 280 281 154 155 156 285 286 167 168 169 290 180 181 182 193 194 206
232 243 244 253 254 4 262 263 7 8 270 271 11 12 13 277 278 16 17 18 19 283 284 22 23 24 25 26 288 289 29 30 31 32 33 34 292 293 37 38 39 40 41 42 43 295 296 46 47 48 49 50 51 52 53 297 298 56 57 58 59 60 61 62 63 64 208 299 67 68 69 70 71 72 73 74 75 76 220 221 79 80 81 82 83 84 85 86 87 88 89 233 1 92 93 94 95 96 97 98 99 100 101 102 2 3 105 106 107 108 109 110 111 112 113 114 115 5 6 118 119 120 121 122 123 124 125 126 127 128 9 10 131 132 133 134 135 136 137 138 139 140 141 14 15 144 145 146 147 148 149 150 151 152 153 154 20 21 157 158 159 160 161 162 163 164 165 166 167 27 28 170 171 172 173 174 175 176 177 178 179 180 35 36 183 184 185 186 187 188 189 190 191 192 193 44 45 196 197 198 199 200 201 202 203 204 205 206 54 55 209 210 211 212 213 214 215 216 217 218 219 65 66 222 223 224 225 226 227 228 229 230 231 77 78 234 235 236 237 238 239 240 241 242 90 91 245 246 247 248 249 250 251 252 103 104 255 256 257 258 259 260 261 116 117 264 265 266 267 268 269 129 130 272 273 274 275 276 142 143 279 280 281 282 155 156 285 286 287 168 169 290 291 181 182 294 194 195 207
233 244 2 254 4 5 263 7 8 9 271 11 12 13 14 278 16 17 18 19 20 284 22 23 24 25 26 27 289 29 30 31 32 33 34 35 293 37 38 39 40 41 42 43 44 296 46 47 48 49 50 51 52 53 54 298 56 57 58 59 60 61 62 63 64 65 299 67 68 69 70 71 72 73 74 75 76 77 221 79 80 81 82 83 84 85 86 87 88 89 90 1 92 93 94 95 96 97 98 99 100 101 102 103 3 105 106 107 108 109 110 111 112 113 114 115 116 6 118 119 120 121 122 123 124 125 126 127 128 129 10 131 132 133 134 135 136 137 138 139 140 141 142 15 144 145 146 147 148 149 150 151 152 153 154 155 21 157 158 159 160 161 162 163 164 165 166 167 168 28 170 171 172 173 174 175 176 177 178 179 180 181 36 183 184 185 186 187 188 189 190 191 192 193 194 45 196 197 198 199 200 201 202 203 204 205 206 207 55 209 210 211 212 213 214 215 216 217 218 219 220 66 222 223 224 225 226 227 228 229 230 231 232 78 234 235 236 237 238 239 240 241 242 243 91 245 246 247 248 249 250 251 252 253 104 255 256 257 258 259 260 261 262 117 264 265 266 267 268 269 270 130 272 273 274 275 276 277 143 279 280 281 282 283 156 285 286 287 288 169 290 291 292 182 294 295 195 297 208
234 91 245 103 104 255 115 116 117 264 127 128 129 130 272 139 140 141 142 143 279 151 152 153 154 155 156 285 163 164 165 166 167 168 169 290 175 176 177 178 179 180 181 182 294 187 188 189 190 191 192 193 194 195 297 199 200 201 202 203 204 205 206 207 208 299 211 212 213 214 215 216 217 218 219 220 221 79 223 224 225 226 227 228 229 230 231 232 233 1 92 235 236 237 238 239 240 241 242 243 244 2 3 105 246 247 248 249 250 251 252 253 254 4 5 6 118 256 257 258 259 260 261 262 263 7 8 9 10 131 265 266 267 268 269 270 271 11 12 13 14 15 144 273 274 275 276 277 278 16 17 18 19 20 21 157 280 281 282 283 284 22 23 24 25 26 27 28 170 286 287 288 289 29 30 31 32 33 34 35 36 183 291 292 293 37 38 39 40 41 42 43 44 45 196 295 296 46 47 48 49 50 51 52 53 54 55 209 298 56 57 58 59 60 61 62 63 64 65 66 222 67 68 69 70 71 72 73 74 75 76 77 78 80 81 82 83 84 85 86 87 88 89 90 93 94 95 96 97 98 99 100 101 102 106 107 108 109 110 111 112 113 114 119 120 121 122 123 124 125 126 132 133 134 135 136 137 138 145 146 147 148 149 150 158 159 160 161 162 171 172 173 174 184 185 186 197 198 210
235 245 246 104 255 256 116 117 264 265 128 129 130 272 273 140 141 142 143 279 280 152 153 154 155 156 285 286 164 165 166 167 168 169 290 291 176 177 178 179 180 181 182 294 295 188 189 190 191 192 193 194 195 297 298 200 201 202 203 204 205 206 207 208 299 67 212 213 214 215 216 217 218 219 220 221 79 80 224 225 226 227 228 229 230 231 232 233 1 92 93 236 237 238 239 240 241 242 243 244 2 3 105 106 247 248 249 250 251 252 253 254 4 5 6 118 119 257 258 259 260 261 262 263 7 8 9 10 131 132 266 267 268 269 270 271 11 12 13 14 15 144 145 274 275 276 277 278 16 17 18 19 20 21 157 158 281 282 283 284 22 23 24 25 26 27 28 170 171 287 288 289 29 30 31 32 33 34 35 36 183 184 292 293 37 38 39 40 41 42 43 44 45 196 197 296 46 47 48 49 50 51 52 53 54 55 209 210 56 57 58 59 60 61 62 63 64 65 66 222 223 68 69 70 71 72 73 74 75 76 77 78 234 81 82 83 84 85 86 87 88 89 90 91 94 95 96 97 98 99 100 101 102 103 107 108 109 110 111 112 113 114 115 120 121 122 123 124 125 126 127 133 134 135 136 137 138 139 146 147 148 149 150 151 159 160 161 162 163 172 173 174 175 185 186 187 198 199 211
236 246 247 255 256 257 117 264 265 266 129 130 272 273 274 141 142 143 279 280 281 153 154 155 156 285 286 287 165 166 167 168 169 290 291 292 177 178 179 180 181 182 294 295 296 189 190 191 192 193 194 195 297 298 56 201 202 203 204 205 206 207 208 299 67 68 213 214 215 216 217 218 219 220 221 79 80 81 225 226 227 228 229 230 231 232 233 1 92 93 94 237 238 239 240 241 242 243 244 2 3 105 106 107 248 249 250 251 252 253 254 4 5 6 118 119 120 258 259 260 261 262 263 7 8 9 10 131 132 133 267 268 269 270 271 11 12 13 14 15 144 145 146 275 276 277 278 16 17 18 19 20 21 157 158 159 282 283 284 22 23 24 25 26 27 28 170 171 172 288 289 29 30 31 32 33 34 35 36 183 184 185 293 37 38 39 40 41 42 43 44 45 196 197 198 46 47 48 49 50 51 52 53 54 55 209 210 211 57 58 59 60 61 62 63 64 65 66 222 223 224 69 70 71 72 73 74 75 76 77 78 234 235 82 83 84 85 86 87 88 89 90 91 245 95 96 97 98 99 100 101 102 103 104 108 109 110 111 112 113 114 115 116 121 122 123 124 125 126 127 128 134 135 136 137 138 139 140 147 148 149 150 151 152 160 161 162 163 164 173 174 175 176 186 187 188 199 200 212
237 247 248 256 257 258 264 265 266 267 130 272 273 274 275 142 143 279 280 281 282 154 155 156 285 286 287 288 166 167 168 169 290 291 292 293 178 179 180 181 182 294 295 296 46 190 191 192 193 194 195 297 298 56 57 202 203 204 205 206 207 208 299 67 68 69 214 215 216 217 218 219 220 221 79 80 81 82 226 227 228 229 230 231 232 233 1 92 93 94 95 238 239 240 241 242 243 244 2 3 105 106 107 108 249 250 251 252 253 254 4 5 6 118 119 120 121 259 260 261 262 263 7 8 9 10 131 132 133 134 268 269 270 271 11 12 13 14 15 144 145 146 147 276 277 278 16 17 18 19 20 21 157 158 159 160 283 284 22 23 24 25 26 27 28 170 171 172 173 289 29 30 31 32 33 34 35 36 183 184 185 186 37 38 39 40 41 42 43 44 45 196 197 198 199 47 48 49 50 51 52 53 54 55 209 210 211 212 58 59 60 61 62 63 64 65 66 222 223 224 225 70 71 72 73 74 75 76 77 78 234 235 236 83 84 85 86 87 88 89 90 91 245 246 96 97 98 99 100 101 102 103 104 255 109 110 111 112 113 114 115 116 117 122 123 124 125 126 127 128 129 135 136 137 138 139 140 141 148 149 150 151 152 153 161 162 163 164 165 174 175 176 177 187 188 189 200 201 213
238 248 249 257 258 259 265 266 267 268 272 273 274 275 276 143 279 280 281 282 283 155 156 285 286 287 288 289 167 168 169 290 291 292 293 37 179 180 181 182 294 295 296 46 47 191 192 193 194 195 297 298 56 57 58 203 204 205 206 207 208 299 67 68 69 70 215 216 217 218 219 220 221 79 80 81 82 83 227 228 229 230 231 232 233 1 92 93 94 95 96 239 240 241 242 243 244 2 3 105 106 107 108 109 250 251 252 253 254 4 5 6 118 119 120 121 122 260 261 262 263 7 8 9 10 131 132 133 134 135 269 270 271 11 12 13 14 15 144 145 146 147 148 277 278 16 17 18 19 20 21 157 158 159 160 161 284 22 23 24 25 26 27 28 170 171 172 173 174 29 30 31 32 33 34 35 36 183 184 185 186 187 38 39 40 41 42 43 44 45 196 197 198 199 200 48 49 50 51 52 53 54 55 209 210 211 212 213 59 60 61 62 63 64 65 66 222 223 224 225 226 71 72 73 74 75 76 77 78 234 235 236 237 84 85 86 87 88 89 90 91 245 246 247 97 98 99 100 101 102 103 104 255 256 110 111 112 113 114 115 116 117 264 123 124 125 126 127 128 129 130 136 137 138 139 140 141 142 149 150 151 152 153 154 162 163 164 165 166 175 176 177 178 188 189 190 201 202 214
239 249 250 258 259 260 266 267 268 269 273 274 275 276 277 279 280 281 282 283 284 156 285 286 287 288 289 29 168 169 290 291 292 293 37 38 180 181 182 294 295 296 46 47 48 192 193 194 195 297 298 56 57 58 59 204 205 206 207 208 299 67 68 69 70 71 216 217 218 219 220 221 79 80 81 82 83 84 228 229 230 231 232 233 1 92 93 94 95 96 97 240 241 242 243 244 2 3 105 106 107 108 109 110 251 252 253 254 4 5 6 118 119 120 121 122 123 261 262 263 7 8 9 10 131 132 133 134 135 136 270 271 11 12 13 14 15 144 145 146 147 148 149 278 16 17 18 19 20 21 157 158 159 160 161 162 22 23 24 25 26 27 28 170 171 172 173 174 175 30 31 32 33 34 35 36 183 184 185 186 187 188 39 40 41 42 43 44 45 196 197 198 199 200 201 49 50 51 52 53 54 55 209 210 211 212 213 214 60 61 62 63 64 65 66 222 223 224 225 226 227 72 73 74 75 76 77 78 234 235 236 237 238 85 86 87 88 89 90 91 245 246 247 248 98 99 100 101 102 103 104 255 256 257 111 112 113 114 115 116 117 264 265 124 125 126 127 128 129 130 272 137 138 139 140 141 142 143 150 151 152 153 154 155 163 164 165 166 167 176 177 178 179 189 190 191 202 203 215
240 250 251 259 260 261 267 268 269 270 274 275 276 277 278 280 281 282 283 284 22 285 286 287 288 289 29 30 169 290 291 292 293 37 38 39 181 182 294 295 296 46 47 48 49 193 194 195 297 298 56 57 58 59 60 205 206 207 208 299 67 68 69 70 71 72 217 218 219 220 221 79 80 81 82 83 84 85 229 230 231 232 233 1 92 93 94 95 96 97 98 241 242 243 244 2 3 105 106 107 108 109 110 111 252 253 254 4 5 6 118 119 120 121 122 123 124 262 263 7 8 9 10 131 132 133 134 135 136 137 271 11 12 13 14 15 144 145 146 147 148 149 150 16 17 18 19 20 21 157 158 159 160 161 162 163 23 24 25 26 27 28 170 171 172 173 174 175 176 31 32 33 34 35 36 183 184 185 186 187 188 189 40 41 42 43 44 45 196 197 198 199 200 201 202 50 51 52 53 54 55 209 210 211 212 213 214 215 61 62 63 64 65 66 222 223 224 225 226 227 228 73 74 75 76 77 78 234 235 236 237 238 239 86 87 88 89 90 91 245 246 247 248 249 99 100 101 102 103 104 255 256 257 258 112 113 114 115 116 117 264 265 266 125 126 127 128 129 130 272 273 138 139 140 141 142 143 279 151 152 153 154 155 156 164 165 166 167 168 177 178 179 180 190 191 192 203 204 216
241 251 252 260 261 262 268 269 270 271 275 276 277 278 16 281 282 283 284 22 23 286 287 288 289 29 30 31 290 291 292 293 37 38 39 40 182 294 295 296 46 47 48 49 50 194 195 297 298 56 57 58 59 60 61 206 207 208 299 67 68 69 70 71 72 73 218 219 220 221 79 80 81 82 83 84 85 86 230 231 232 233 1 92 93 94 95 96 97 98 99 242 243 244 2 3 105 106 107 108 109 110 111 112 253 254 4 5 6 118 119 120 121 122 123 124 125 263 7 8 9 10 131 132 133 134 135 136 137 138 11 12 13 14 15 144 145 146 147 148 149 150 151 17 18 19 20 21 157 158 159 160 161 162 163 164 24 25 26 27 28 170 171 172 173 174 175 176 177 32 33 34 35 36 183 184 185 186 187 188 189 190 41 42 43 44 45 196 197 198 199 200 201 202 203 51 52 53 54 55 209 210 211 212 213 214 215 216 62 63 64 65 66 222 223 224 225 226 227 228 229 74 75 76 77 78 234 235 236 237 238 239 240 87 88 89 90 91 245 246 247 248 249 250 100 101 102 103 104 255 256 257 258 259 113 114 115 116 117 264 265 266 267 126 127 128 129 130 272 273 274 139 140 141 142 143 279 280 152 153 154 155 156 285 165 166 167 168 169 178 179 180 181 191 192 193 204 205 217
242 252 253 261 262 263 269 270 271 11 276 277 278 16 17 282 283 284 22 23 24 287 288 289 29 30 31 32 291 292 293 37 38 39 40 41 294 295 296 46 47 48 49 50 51 195 297 298 56 57 58 59 60 61 62 207 208 299 67 68 69 70 71 72 73 74 219 220 221 79 80 81 82 83 84 85 86 87 231 232 233 1 92 93 94 95 96 97 98 99 100 243 244 2 3 105 106 107 108 109 110 111 112 113 254 4 5 6 118 119 120 121 122 123 124 125 126 7 8 9 10 131 132 133 134 135 136 137 138 139 12 13 14 15 144 145 146 147 148 149 150 151 152 18 19 20 21 157 158 159 160 161 162 163 164 165 25 26 27 28 170 171 172 173 174 175 176 177 178 33 34 35 36 183 184 185 186 187 188 189 190 191 42 43 44 45 196 197 198 199 200 201 202 203 204 52 53 54 55 209 210 211 212 213 214 215 216 217 63 64 65 66 222 223 224 225 226 227 228 229 230 75 76 77 78 234 235 236 237 238 239 240 241 88 89 90 91 245 246 247 248 249 250 251 101 102 103 104 255 256 257 258 259 260 114 115 116 117 264 265 266 267 268 127 128 129 130 272 273 274 275 140 141 142 143 279 280 281 153 154 155 156 285 286 166 167 168 169 290 179 180 181 182 192 193 194 205 206 218
243 253 254 262 263 7 270 271 11 12 277 278 16 17 18 283 284 22 23 24 25 288 289 29 30 31 32 33 292 293 37 38 39 40 41 42 295 296 46 47 48 49 50 51 52 297 298 56 57 58 59 60 61 62 63 208 299 67 68 69 70 71 72 73 74 75 220 221 79 80 81 82 83 84 85 86 87 88 232 233 1 92 93 94 95 96 97 98 99 100 101 244 2 3 105 106 107 108 109 110 111 112 113 114 4 5 6 118 119 120 121 122 123 124 125 126 127 8 9 10 131 132 133 134 135 136 137 138 139 140 13 14 15 144 145 146 147 148 149 150 151 152 153 19 20 21 157 158 159 160 161 162 163 164 165 166 26 27 28 170 171 172 173 174 175 176 177 178 179 34 35 36 183 184 185 186 187 188 189 190 191 192 43 44 45 196 197 198 199 200 201 202 203 204 205 53 54 55 209 210 211 212 213 214 215 216 217 218 64 65 66 222 223 224 225 226 227 228 229 230 231 76 77 78 234 235 236 237 238 239 240 241 242 89 90 91 245 246 247 248 249 250 251 252 102 103 104 255 256 257 258 259 260 261 115 116 117 264 265 266 267 268 269 128 129 130 272 273 274 275 276 141 142 143 279 280 281 282 154 155 156 285 286 287 167 168 169 290 291 180 181 182 294 193 194 195 206 207 219
244 254 4 263 7 8 271 11 12 13 278 16 17 18 19 284 22 23 24 25 26 289 29 30 31 32 33 34 293 37 38 39 40 41 42 43 296 46 47 48 49 50 51 52 53 298 56 57 58 59 60 61 62 63 64 299 67 68 69 70 71 72 73 74 75 76 221 79 80 81 82 83 84 85 86 87 88 89 233 1 92 93 94 95 96 97 98 99 100 101 102 2 3 105 106 107 108 109 110 111 112 113 114 115 5 6 118 119 120 121 122 123 124 125 126 127 128 9 10 131 132 133 134 135 136 137 138 139 140 141 14 15 144 145 146 147 148 149 150 151 152 153 154 20 21 157 158 159 160 161 162 163 164 165 166 167 27 28 170 171 172 173 174 175 176 177 178 179 180 35 36 183 184 185 186 187 188 189 190 191 192 193 44 45 196 197 198 199 200 201 202 203 204 205 206 54 55 209 210 211 212 213 214 215 216 217 218 219 65 66 222 223 224 225 226 227 228 229 230 231 232 77 78 234 235 236 237 238 239 240 241 242 243 90 91 245 246 247 248 249 250 251 252 253 103 104 255 256 257 258 259 260 261 262 116 117 264 265 266 267 268 269 270 129 130 272 273 274 275 276 277 142 143 279 280 281 282 283 155 156 285 286 287 288 168 169 290 291 292 181 182 294 295 194 195 297 207 208 220
245 104 255 116 117 264 128 129 130 272 140 141 142 143 279 152 153 154 155 156 285 164 165 166 167 168 169 290 176 177 178 179 180 181 182 294 188 189 190 191 192 193 194 195 297 200 201 202 203 204 205 206 207 208 299 212 213 214 215 216 217 218 219 220 221 79 224 225 226 227 228 229 230 231 232 233 1 92 235 236 237 238 239 240 241 242 243 244 2 3 105 246 247 248 249 250 251 252 253 254 4 5 6 118 256 257 258 259 260 261 262 263 7 8 9 10 131 265 266 267 268 269 270 271 11 12 13 14 15 144 273 274 275 276 277 278 16 17 18 19 20 21 157 280 281 282 283 284 22 23 24 25 26 27 28 170 286 287 288 289 29 30 31 32 33 34 35 36 183 291 292 293 37 38 39 40 41 42 43 44 45 196 295 296 46 47 48 49 50 51 52 53 54 55 209 298 56 57 58 59 60 61 62 63 64 65 66 222 67 68 69 70 71 72 73 74 75 76 77 78 234 80 81 82 83 84 85 86 87 88 89 90 91 93 94 95 96 97 98 99 100 101 102 103 106 107 108 109 110 111 112 113 114 115 119 120 121 122 123 124 125 126 127 132 133 134 135 136 137 138 139 145 146 147 148 149 150 151 158 159 160 161 162 163 171 172 173 174 175 184 185 186 187 197 198 199 210 211 223
246 255 256 117 264 265 129 130 272 273 141 142 143 279 280 153 154 155 156 285 286 165 166 167 168 169 290 291 177 178 179 180 181 182 294 295 189 190 191 192 193 194 195 297 298 201 202 203 204 205 206 207 208 299 67 213 214 215 216 217 218 219 220 221 79 80 225 226 227 228 229 230 231 232 233 1 92 93 236 237 238 239 240 241 242 243 244 2 3 105 106 247 248 249 250 251 252 253 254 4 5 6 118 119 257 258 259 260 261 262 263 7 8 9 10 131 132 266 267 268 269 270 271 11 12 13 14 15 144 145 274 275 276 277 278 16 17 18 19 20 21 157 158 281 282 283 284 22 23 24 25 26 27 28 170 171 287 288 289 29 30 31 32 33 34 35 36 183 184 292 293 37 38 39 40 41 42 43 44 45 196 197 296 46 47 48 49 50 51 52 53 54 55 209 210 56 57 58 59 60 61 62 63 64 65 66 222 223 68 69 70 71 72 73 74 75 76 77 78 234 235 81 82 83 84 85 86 87 88 89 90 91 245 94 95 96 97 98 99 100 101 102 103 104 107 108 109 110 111 112 113 114 115 116 120 121 122 123 124 125 126 127 128 133 134 135 136 137 138 139 140 146 147 148 149 150 151 152 159 160 161 162 163 164 172 173 174 175 176 185 186 187 188 198 199 200 211 212 224
247 256 257 264 265 266 130 272 273 274 142 143 279 280 281 154 155 156 285 286 287 166 167 168 169 290 291 292 178 179 180 181 182 294 295 296 190 191 192 193 194 195 297 298 56 202 203 204 205 206 207 208 299 67 68 214 215 216 217 218 219 220 221 79 80 81 226 227 228 229 230 231 232 233 1 92 93 94 237 238 239 240 241 242 243 244 2 3 105 106 107 248 249 250 251 252 253 254 4 5 6 118 119 120 258 259 260 261 262 263 7 8 9 10 131 132 133 267 268 269 270 271 11 12 13 14 15 144 145 146 275 276 277 278 16 17 18 19 20 21 157 158 159 282 283 284 22 23 24 25 26 27 28 170 171 172 288 289 29 30 31 32 33 34 35 36 183 184 185 293 37 38 39 40 41 42 43 44 45 196 197 198 46 47 48 49 50 51 52 53 54 55 209 210 211 57 58 59 60 61 62 63 64 65 66 222 223 224 69 70 71 72 73 74 75 76 77 78 234 235 236 82 83 84 85 86 87 88 89 90 91 245 246 95 96 97 98 99 100 101 102 103 104 255 108 109 110 111 112 113 114 115 116 117 121 122 123 124 125 126 127 128 129 134 135 136 137 138 139 140 141 147 148 149 150 151 152 153 160 161 162 163 164 165 173 174 175 176 177 186 187 188 189 199 200 201 212 213 225
248 257 258 265 266 267 272 273 274 275 143 279 280 281 282 155 156 285 286 287 288 167 168 169 290 291 292 293 179 180 181 182 294 295 296 46 191 192 193 194 195 297 298 56 57 203 204 205 206 207 208 299 67 68 69 215 216 217 218 219 220 221 79 80 81 82 227 228 229 230 231 232 233 1 92 93 94 95 238 239 240 241 242 243 244 2 3 105 106 107 108 249 250 251 252 253 254 4 5 6 118 119 120 121 259 260 261 262 263 7 8 9 10 131 132 133 134 268 269 270 271 11 12 13 14 15 144 145 146 147 276 277 278 16 17 18 19 20 21 157 158 159 160 283 284 22 23 24 25 26 27 28 170 171 172 173 289 29 30 31 32 33 34 35 36 183 184 185 186 37 38 39 40 41 42 43 44 45 196 197 198 199 47 48 49 50 51 52 53 54 55 209 210 211 212 58 59 60 61 62 63 64 65 66 222 223 224 225 70 71 72 73 74 75 76 77 78 234 235 236 237 83 84 85 86 87 88 89 90 91 245 246 247 96 97 98 99 100 101 102 103 104 255 256 109 110 111 112 113 114 115 116 117 264 122 123 124 125 126 127 128 129 130 135 136 137 138 139 140 141 142 148 149 150 151 152 153 154 161 162 163 164 165 166 174 175 176 177 178 187 188 189 190 200 201 202 213 214 226
249 258 259 266 267 268 273 274 275 276 279 280 281 282 283 156 285 286 287 288 289 168 169 290 291 292 293 37 180 181 182 294 295 296 46 47 192 193 194 195 297 298 56 57 58 204 205 206 207 208 299 67 68 69 70 216 217 218 219 220 221 79 80 81 82 83 228 229 230 231 232 233 1 92 93 94 95 96 239 240 241 242 243 244 2 3 105 106 107 108 109 250 251 252 253 254 4 5 6 118 119 120 121 122 260 261 262 263 7 8 9 10 131 132 133 134 135 269 270 271 11 12 13 14 15 144 145 146 147 148 277 278 16 17 18 19 20 21 157 158 159 160 161 284 22 23 24 25 26 27 28 170 171 172 173 174 29 30 31 32 33 34 35 36 183 184 185 186 187 38 39 40 41 42 43 44 45 196 197 198 199 200 48 49 50 51 52 53 54 55 209 210 211 212 213 59 60 61 62 63 64 65 66 222 223 224 225 226 71 72 73 74 75 76 77 78 234 235 236 237 238 84 85 86 87 88 89 90 91 245 246 247 248 97 98 99 100 101 102 103 104 255 256 257 110 111 112 113 114 115 116 117 264 265 123 124 125 126 127 128 129 130 272 136 137 138 139 140 141 142 143 149 150 151 152 153 154 155 162 163 164 165 166 167 175 176 177 178 179 188 189 190 191 201 202 203 214 215 227
250 259 260 267 268 269 274 275 276 277 280 281 282 283 284 285 286 287 288 289 29 169 290 291 292 293 37 38 181 182 294 295 296 46 47 48 193 194 195 297 298 56 57 58 59 205 206 207 208 299 67 68 69 70 71 217 218 219 220 221 79 80 81 82 83 84 229 230 231 232 233 1 92 93 94 95 96 97 240 241 242 243 244 2 3 105 106 107 108 109 110 251 252 253 254 4 5 6 118 119 120 121 122 123 261 262 263 7 8 9 10 131 132 133 134 135 136 270 271 11 12 13 14 15 144 145 146 147 148 149 278 16 17 18 19 20 21 157 158 159 160 161 162 22 23 24 25 26 27 28 170 171 172 173 174 175 30 31 32 33 34 35 36 183 184 185 186 187 188 39 40 41 42 43 44 45 196 197 198 199 200 201 49 50 51 52 53 54 55 209 210 211 212 213 214 60 61 62 63 64 65 66 222 223 224 225 226 227 72 73 74 75 76 77 78 234 235 236 237 238 239 85 86 87 88 89 90 91 245 246 247 248 249 98 99 100 101 102 103 104 255 256 257 258 111 112 113 114 115 116 117 264 265 266 124 125 126 127 128 129 130 272 273 137 138 139 140 141 142 143 279 150 151 152 153 154 155 156 163 164 165 166 167 168 176 177 178 179 180 189 190 191 192 202 203 204 215 216 228
251 260 261 268 269 270 275 276 277 278 281 282 283 284 22 286 287 288 289 29 30 290 291 292 293 37 38 39 182 294 295 296 46 47 48 49 194 195 297 298 56 57 58 59 60 206 207 208 299 67 68 69 70 71 72 218 219 220 221 79 80 81 82 83 84 85 230 231 232 233 1 92 93 94 95 96 97 98 241 242 243 244 2 3 105 106 107 108 109 110 111 252 253 254 4 5 6 118 119 120 121 122 123 124 262 263 7 8 9 10 131 132 133 134 135 136 137 271 11 12 13 14 15 144 145 146 147 148 149 150 16 17 18 19 20 21 157 158 159 160 161 162 163 23 24 25 26 27 28 170 171 172 173 174 175 176 31 32 33 34 35 36 183 184 185 186 187 188 189 40 41 42 43 44 45 196 197 198 199 200 201 202 50 51 52 53 54 55 209 210 211 212 213 214 215 61 62 63 64 65 66 222 223 224 225 226 227 228 73 74 75 76 77 78 234 235 236 237 238 239 240 86 87 88 89 90 91 245 246 247 248 249 250 99 100 101 102 103 104 255 256 257 258 259 112 113 114 115 116 117 264 265 266 267 125 126 127 128 129 130 272 273 274 138 139 140 141 142 143 279 280 151 152 153 154 155 156 285 164 165 166 167 168 169 177 178 179 180 181 190 191 192 193 203 204 205 216 217 229
252 261 262 269 270 271 276 277 278 16 282 283 284 22 23 287 288 289 29 30 31 291 292 293 37 38 39 40 294 295 296 46 47 48 49 50 195 297 298 56 57 58 59 60 61 207 208 299 67 68 69 70 71 72 73 219 220 221 79 80 81 82 83 84 85 86 231 232 233 1 92 93 94 95 96 97 98 99 242 243 244 2 3 105 106 107 108 109 110 111 112 253 254 4 5 6 118 119 120 121 122 123 124 125 263 7 8 9 10 131 132 133 134 135 136 137 138 11 12 13 14 15 144 145 146 147 148 149 150 151 17 18 19 20 21 157 158 159 160 161 162 163 164 24 25 26 27 28 170 171 172 173 174 175 176 177 32 33 34 35 36 183 184 185 186 187 188 189 190 41 42 43 44 45 196 197 198 199 200 201 202 203 51 52 53 54 55 209 210 211 212 213 214 215 216 62 63 64 65 66 222 223 224 225 226 227 228 229 74 75 76 77 78 234 235 236 237 238 239 240 241 87 88 89 90 91 245 246 247 248 249 250 251 100 101 102 103 104 255 256 257 258 259 260 113 114 115 116 117 264 265 266 267 268 126 127 128 129 130 272 273 274 275 139 140 141 142 143 279 280 281 152 153 154 155 156 285 286 165 166 167 168 169 290 178 179 180 181 182 191 192 193 194 204 205 206 217 218 230
253 262 263 270 271 11 277 278 16 17 283 284 22 23 24 288 289 29 30 31 32 292 293 37 38 39 40 41 295 296 46 47 48 49 50 51 297 298 56 57 58 59 60 61 62 208 299 67 68 69 70 71 72 73 74 220 221 79 80 81 82 83 84 85 86 87 232 233 1 92 93 94 95 96 97 98 99 100 243 244 2 3 105 106 107 108 109 110 111 112 113 254 4 5 6 118 119 120 121 122 123 124 125 126 7 8 9 10 131 132 133 134 135 136 137 138 139 12 13 14 15 144 145 146 147 148 149 150 151 152 18 19 20 21 157 158 159 160 161 162 163 164 165 25 26 27 28 170 171 172 173 174 175 176 177 178 33 34 35 36 183 184 185 186 187 188 189 190 191 42 43 44 45 196 197 198 199 200 201 202 203 204 52 53 54 55 209 210 211 212 213 214 215 216 217 63 64 65 66 222 223 224 225 226 227 228 229 230 75 76 77 78 234 235 236 237 238 239 240 241 242 88 89 90 91 245 246 247 248 249 250 251 252 101 102 103 104 255 256 257 258 259 260 261 114 115 116 117 264 265 266 267 268 269 127 128 129 130 272 273 274 275 276 140 141 142 143 279 280 281 282 153 154 155 156 285 286 287 166 167 168 169 290 291 179 180 181 182 294 192 193 194 195 205 206 207 218 219 231
254 263 7 271 11 12 278 16 17 18 284 22 23 24 25 289 29 30 31 32 33 293 37 38 39 40 41 42 296 46 47 48 49 50 51 52 298 56 57 58 59 60 61 62 63 299 67 68 69 70 71 72 73 74 75 221 79 80 81 82 83 84 85 86 87 88 233 1 92 93 94 95 96 97 98 99 100 101 244 2 3 105 106 107 108 109 110 111 112 113 114 4 5 6 118 119 120 121 122 123 124 125 126 127 8 9 10 131 132 133 134 135 136 137 138 139 140 13 14 15 144 145 146 147 148 149 150 151 152 153 19 20 21 157 158 159 160 161 162 163 164 165 166 26 27 28 170 171 172 173 174 175 176 177 178 179 34 35 36 183 184 185 186 187 188 189 190 191 192 43 44 45 196 197 198 199 200 201 202 203 204 205 53 54 55 209 210 211 212 213 214 215 216 217 218 64 65 66 222 223 224 225 226 227 228 229 230 231 76 77 78 234 235 236 237 238 239 240 241 242 243 89 90 91 245 246 247 248 249 250 251 252 253 102 103 104 255 256 257 258 259 260 261 262 115 116 117 264 265 266 267 268 269 270 128 129 130 272 273 274 275 276 277 141 142 143 279 280 281 282 283 154 155 156 285 286 287 288 167 168 169 290 291 292 180 181 182 294 295 193 194 195 297 206 207 208 219 220 232
255 117 264 129 130 272 141 142 143 279 153 154 155 156 285 165 166 167 168 169 290 177 178 179 180 181 182 294 189 190 191 192 193 194 195 297 201 202 203 204 205 206 207 208 299 213 214 215 216 217 218 219 220 221 79 225 226 227 228 229 230 231 232 233 1 92 236 237 238 239 240 241 242 243 244 2 3 105 246 247 248 249 250 251 252 253 254 4 5 6 118 256 257 258 259 260 261 262 263 7 8 9 10 131 265 266 267 268 269 270 271 11 12 13 14 15 144 273 274 275 276 277 278 16 17 18 19 20 21 157 280 281 282 283 284 22 23 24 25 26 27 28 170 286 287 288 289 29 30 31 32 33 34 35 36 183 291 292 293 37 38 39 40 41 42 43 44 45 196 295 296 46 47 48 49 50 51 52 53 54 55 209 298 56 57 58 59 60 61 62 63 64 65 66 222 67 68 69 70 71 72 73 74 75 76 77 78 234 80 81 82 83 84 85 86 87 88 89 90 91 245 93 94 95 96 97 98 99 100 101 102 103 104 106 107 108 109 110 111 112 113 114 115 116 119 120 121 122 123 124 125 126 127 128 132 133 134 135 136 137 138 139 140 145 146 147 148 149 150 151 152 158 159 160 161 162 163 164 171 172 173 174 175 176 184 185 186 187 188 197 198 199 200 210 211 212 223 224 235
256 264 265 130 272 273 142 143 279 280 154 155 156 285 286 166 167 168 169 290 291 178 179 180 181 182 294 295 190 191 192 193 194 195 297 298 202 203 204 205 206 207 208 299 67 214 215 216 217 218 219 220 221 79 80 226 227 228 229 230 231 232 233 1 92 93 237 238 239 240 241 242 243 244 2 3 105 106 247 248 249 250 251 252 253 254 4 5 6 118 119 257 258 259 260 261 262 263 7 8 9 10 131 132 266 267 268 269 270 271 11 12 13 14 15 144 145 274 275 276 277 278 16 17 18 19 20 21 157 158 281 282 283 284 22 23 24 25 26 27 28 170 171 287 288 289 29 30 31 32 33 34 35 36 183 184 292 293 37 38 39 40 41 42 43 44 45 196 197 296 46 47 48 49 50 51 52 53 54 55 209 210 56 57 58 59 60 61 62 63 64 65 66 222 223 68 69 70 71 72 73 74 75 76 77 78 234 235 81 82 83 84 85 86 87 88 89 90 91 245 246 94 95 96 97 98 99 100 101 102 103 104 255 107 108 109 110 111 112 113 114 115 116 117 120 121 122 123 124 125 126 127 128 129 133 134 135 136 137 138 139 140 141 146 147 148 149 150 151 152 153 159 160 161 162 163 164 165 172 173 174 175 176 177 185 186 187 188 189 198 199 200 201 211 212 213 224 225 236
257 265 266 272 273 274 143 279 280 281 155 156 285 286 287 167 168 169 290 291 292 179 180 181 182 294 295 296 191 192 193 194 195 297 298 56 203 204 205 206 207 208 299 67 68 215 216 217 218 219 220 221 79 80 81 227 228 229 230 231 232 233 1 92 93 94 238 239 240 241 242 243 244 2 3 105 106 107 248 249 250 251 252 253 254 4 5 6 118 119 120 258 259 260 261 262 263 7 8 9 10 131 132 133 267 268 269 270 271 11 12 13 14 15 144 145 146 275 276 277 278 16 17 18 19 20 21 157 158 159 282 283 284 22 23 24 25 26 27 28 170 171 172 288 289 29 30 31 32 33 34 35 36 183 184 185 293 37 38 39 40 41 42 43 44 45 196 197 198 46 47 48 49 50 51 52 53 54 55 209 210 211 57 58 59 60 61 62 63 64 65 66 222 223 224 69 70 71 72 73 74 75 76 77 78 234 235 236 82 83 84 85 86 87 88 89 90 91 245 246 247 95 96 97 98 99 100 101 102 103 104 255 256 108 109 110 111 112 113 114 115 116 117 264 121 122 123 124 125 126 127 128 129 130 134 135 136 137 138 139 140 141 142 147 148 149 150 151 152 153 154 160 161 162 163 164 165 166 173 174 175 176 177 178 186 187 188 189 190 199 200 201 202 212 213 214 225 226 237
258 266 267 273 274 275 279 280 281 282 156 285 286 287 288 168 169 290 291 292 293 180 181 182 294 295 296 46 192 193 194 195 297 298 56 57 204 205 206 207 208 299 67 68 69 216 217 218 219 220 221 79 80 81 82 228 229 230 231 232 233 1 92 93 94 95 239 240 241 242 243 244 2 3 105 106 107 108 249 250 251 252 253 254 4 5 6 118 119 120 121 259 260 261 262 263 7 8 9 10 131 132 133 134 268 269 270 271 11 12 13 14 15 144 145 146 147 276 277 278 16 17 18 19 20 21 157 158 159 160 283 284 22 23 24 25 26 27 28 170 171 172 173 289 29 30 31 32 33 34 35 36 183 184 185 186 37 38 39 40 41 42 43 44 45 196 197 198 199 47 48 49 50 51 52 53 54 55 209 210 211 212 58 59 60 61 62 63 64 65 66 222 223 224 225 70 71 72 73 74 75 76 77 78 234 235 236 237 83 84 85 86 87 88 89 90 91 245 246 247 248 96 97 98 99 100 101 102 103 104 255 256 257 109 110 111 112 113 114 115 116 117 264 265 122 123 124 125 126 127 128 129 130 272 135 136 137 138 139 140 141 142 143 148 149 150 151 152 153 154 155 161 162 163 164 165 166 167 174 175 176 177 178 179 187 188 189 190 191 200 201 202 203 213 214 215 226 227 238
259 267 268 274 275 276 280 281 282 283 285 286 287 288 289 169 290 291 292 293 37 181 182 294 295 296 46 47 193 194 195 297 298 56 57 58 205 206 207 208 299 67 68 69 70 217 218 219 220 221 79 80 81 82 83 229 230 231 232 233 1 92 93 94 95 96 240 241 242 243 244 2 3 105 106 107 108 109 250 251 252 253 254 4 5 6 118 119 120 121 122 260 261 262 263 7 8 9 10 131 132 133 134 135 269 270 271 11 12 13 14 15 144 145 146 147 148 277 278 16 17 18 19 20 21 157 158 159 160 161 284 22 23 24 25 26 27 28 170 171 172 173 174 29 30 31 32 33 34 35 36 183 184 185 186 187 38 39 40 41 42 43 44 45 196 197 198 199 200 48 49 50 51 52 53 54 55 209 210 211 212 213 59 60 61 62 63 64 65 66 222 223 224 225 226 71 72 73 74 75 76 77 78 234 235 236 237 238 84 85 86 87 88 89 90 91 245 246 247 248 249 97 98 99 100 101 102 103 104 255 256 257 258 110 111 112 113 114 115 116 117 264 265 266 123 124 125 126 127 128 129 130 272 273 136 137 138 139 140 141 142 143 279 149 150 151 152 153 154 155 156 162 163 164 165 166 167 168 175 176 177 178 179 180 188 189 190 191 192 201 202 203 204 214 215 216 227 228 239
260 268 269 275 276 277 281 282 283 284 286 287 288 289 29 290 291 292 293 37 38 182 294 295 296 46 47 48 194 195 297 298 56 57 58 59 206 207 208 299 67 68 69 70 71 218 219 220 221 79 80 81 82 83 84 230 231 232 233 1 92 93 94 95 96 97 241 242 243 244 2 3 105 106 107 108 109 110 251 252 253 254 4 5 6 118 119 120 121 122 123 261 262 263 7 8 9 10 131 132 133 134 135 136 270 271 11 12 13 14 15 144 145 146 147 148 149 278 16 17 18 19 20 21 157 158 159 160 161 162 22 23 24 25 26 27 28 170 171 172 173 174 175 30 31 32 33 34 35 36 183 184 185 186 187 188 39 40 41 42 43 44 45 196 197 198 199 200 201 49 50 51 52 53 54 55 209 210 211 212 213 214 60 61 62 63 64 65 66 222 223 224 225 226 227 72 73 74 75 76 77 78 234 235 236 237 238 239 85 86 87 88 89 90 91 245 246 247 248 249 250 98 99 100 101 102 103 104 255 256 257 258 259 111 112 113 114 115 116 117 264 265 266 267 124 125 126 127 128 129 130 272 273 274 137 138 139 140 141 142 143 279 280 150 151 152 153 154 155 156 285 163 164 165 166 167 168 169 176 177 178 179 180 181 189 190 191 192 193 202 203 204 205 215 216 217 228 229 240
261 269 270 276 277 278 282 283 284 22 287 288 289 29 30 291 292 293 37 38 39 294 295 296 46 47 48 49 195 297 298 56 57 58 59 60 207 208 299 67 68 69 70 71 72 219 220 221 79 80 81 82 83 84 85 231 232 233 1 92 93 94 95 96 97 98 242 243 244 2 3 105 106 107 108 109 110 111 252 253 254 4 5 6 118 119 120 121 122 123 124 262 263 7 8 9 10 131 132 133 134 135 136 137 271 11 12 13 14 15 144 145 146 147 148 149 150 16 17 18 19 20 21 157 158 159 160 161 162 163 23 24 25 26 27 28 170 171 172 173 174 175 176 31 32 33 34 35 36 183 184 185 186 187 188 189 40 41 42 43 44 45 196 197 198 199 200 201 202 50 51 52 53 54 55 209 210 211 212 213 214 215 61 62 63 64 65 66 222 223 224 225 226 227 228 73 74 75 76 77 78 234 235 236 237 238 239 240 86 87 88 89 90 91 245 246 247 248 249 250 251 99 100 101 102 103 104 255 256 257 258 259 260 112 113 114 115 116 117 264 265 266 267 268 125 126 127 128 129 130 272 273 274 275 138 139 140 141 142 143 279 280 281 151 152 153 154 155 156 285 286 164 165 166 167 168 169 290 177 178 179 180 181 182 190 191 192 193 194 203 204 205 206 216 217 218 229 230 241
262 270 271 277 278 16 283 284 22 23 288 289 29 30 31 292 293 37 38 39 40 295 296 46 47 48 49 50 297 298 56 57 58 59 60 61 208 299 67 68 69 70 71 72 73 220 221 79 80 81 82 83 84 85 86 232 233 1 92 93 94 95 96 97 98 99 243 244 2 3 105 106 107 108 109 110 111 112 253 254 4 5 6 118 119 120 121 122 123 124 125 263 7 8 9 10 131 132 133 134 135 136 137 138 11 12 13 14 15 144 145 146 147 148 149 150 151 17 18 19 20 21 157 158 159 160 161 162 163 164 24 25 26 27 28 170 171 172 173 174 175 176 177 32 33 34 35 36 183 184 185 186 187 188 189 190 41 42 43 44 45 196 197 198 199 200 201 202 203 51 52 53 54 55 209 210 211 212 213 214 215 216 62 63 64 65 66 222 223 224 225 226 227 228 229 74 75 76 77 78 234 235 236 237 238 239 240 241 87 88 89 90 91 245 246 247 248 249 250 251 252 100 101 102 103 104 255 256 257 258 259 260 261 113 114 115 116 117 264 265 266 267 268 269 126 127 128 129 130 272 273 274 275 276 139 140 141 142 143 279 280 281 282 152 153 154 155 156 285 286 287 165 166 167 168 169 290 291 178 179 180 181 182 294 191 192 193 194 195 204 205 206 207 217 218 219 230 231 242
263 271 11 278 16 17 284 22 23 24 289 29 30 31 32 293 37 38 39 40 41 296 46 47 48 49 50 51 298 56 57 58 59 60 61 62 299 67 68 69 70 71 72 73 74 221 79 80 81 82 83 84 85 86 87 233 1 92 93 94 95 96 97 98 99 100 244 2 3 105 106 107 108 109 110 111 112 113 254 4 5 6 118 119 120 121 122 123 124 125 126 7 8 9 10 131 132 133 134 135 136 137 138 139 12 13 14 15 144 145 146 147 148 149 150 151 152 18 19 20 21 157 158 159 160 161 162 163 164 165 25 26 27 28 170 171 172 173 174 175 176 177 178 33 34 35 36 183 184 185 186 187 188 189 190 191 42 43 44 45 196 197 198 199 200 201 202 203 204 52 53 54 55 209 210 211 212 213 214 215 216 217 63 64 65 66 222 223 224 225 226 227 228 229 230 75 76 77 78 234 235 236 237 238 239 240 241 242 88 89 90 91 245 246 247 248 249 250 251 252 253 101 102 103 104 255 256 257 258 259 260 261 262 114 115 116 117 264 265 266 267 268 269 270 127 128 129 130 272 273 274 275 276 277 140 141 142 143 279 280 281 282 283 153 154 155 156 285 286 287 288 166 167 168 169 290 291 292 179 180 181 182 294 295 192 193 194 195 297 205 206 207 208 218 219 220 231 232 243
264 130 272 142 143 279 154 155 156 285 166 167 168 169 290 178 179 180 181 182 294 190 191 192 193 194 195 297 202 203 204 205 206 207 208 299 214 215 216 217 218 219 220 221 79 226 227 228 229 230 231 232 233 1 92 237 238 239 240 241 242 243 244 2 3 105 247 248 249 250 251 252 253 254 4 5 6 118 256 257 258 259 260 261 262 263 7 8 9 10 131 265 266 267 268 269 270 271 11 12 13 14 15 144 273 274 275 276 277 278 16 17 18 19 20 21 157 280 281 282 283 284 22 23 24 25 26 27 28 170 286 287 288 289 29 30 31 32 33 34 35 36 183 291 292 293 37 38 39 40 41 42 43 44 45 196 295 296 46 47 48 49 50 51 52 53 54 55 209 298 56 57 58 59 60 61 62 63 64 65 66 222 67 68 69 70 71 72 73 74 75 76 77 78 234 80 81 82 83 84 85 86 87 88 89 90 91 245 93 94 95 96 97 98 99 100 101 102 103 104 255 106 107 108 109 110 111 112 113 114 115 116 117 119 120 121 122 123 124 125 126 127 128 129 132 133 134 135 136 137 138 139 140 141 145 146 147 148 149 150 151 152 153 158 159 160 161 162 163 164 165 171 172 173 174 175 176 177 184 185 186 187 188 189 197 198 199 200 201 210 211 212 213 223 224 225 235 236 246
265 272 273 143 279 280 155 156 285 286 167 168 169 290 291 179 180 181 182 294 295 191 192 193 194 195 297 298 203 204 205 206 207 208 299 67 215 216 217 218 219 220 221 79 80 227 228 229 230 231 232 233 1 92 93 238 239 240 241 242 243 244 2 3 105 106 248 249 250 251 252 253 254 4 5 6 118 119 257 258 259 260 261 262 263 7 8 9 10 131 132 266 267 268 269 270 271 11 12 13 14 15 144 145 274 275 276 277 278 16 17 18 19 20 21 157 158 281 282 283 284 22 23 24 25 26 27 28 170 171 287 288 289 29 30 31 32 33 34 35 36 183 184 292 293 37 38 39 40 41 42 43 44 45 196 197 296 46 47 48 49 50 51 52 53 54 55 209 210 56 57 58 59 60 61 62 63 64 65 66 222 223 68 69 70 71 72 73 74 75 76 77 78 234 235 81 82 83 84 85 86 87 88 89 90 91 245 246 94 95 96 97 98 99 100 101 102 103 104 255 256 107 108 109 110 111 112 113 114 115 116 117 264 120 121 122 123 124 125 126 127 128 129 130 133 134 135 136 137 138 139 140 141 142 146 147 148 149 150 151 152 153 154 159 160 161 162 163 164 165 166 172 173 174 175 176 177 178 185 186 187 188 189 190 198 199 200 201 202 211 212 213 214 224 225 226 236 237 247
266 273 274 279 280 281 156 285 286 287 168 169 290 291 292 180 181 182 294 295 296 192 193 194 195 297 298 56 204 205 206 207 208 299 67 68 216 217 218 219 220 221 79 80 81 228 229 230 231 232 233 1 92 93 94 239 240 241 242 243 244 2 3 105 106 107 249 250 251 252 253 254 4 5 6 118 119 120 258 259 260 261 262 263 7 8 9 10 131 132 133 267 268 269 270 271 11 12 13 14 15 144 145 146 275 276 277 278 16 17 18 19 20 21 157 158 159 282 283 284 22 23 24 25 26 27 28 170 171 172 288 289 29 30 31 32 33 34 35 36 183 184 185 293 37 38 39 40 41 42 43 44 45 196 197 198 46 47 48 49 50 51 52 53 54 55 209 210 211 57 58 59 60 61 62 63 64 65 66 222 223 224 69 70 71 72 73 74 75 76 77 78 234 235 236 82 83 84 85 86 87 88 89 90 91 245 246 247 95 96 97 98 99 100 101 102 103 104 255 256 257 108 109 110 111 112 113 114 115 116 117 264 265 121 122 123 124 125 126 127 128 129 130 272 134 135 136 137 138 139 140 141 142 143 147 148 149 150 151 152 153 154 155 160 161 162 163 164 165 166 167 173 174 175 176 177 178 179 186 187 188 189 190 191 199 200 201 202 203 212 213 214 215 225 226 227 237 238 248
267 274 275 280 281 282 285 286 287 288 169 290 291 292 293 181 182 294 295 296 46 193 194 195 297 298 56 57 205 206 207 208 299 67 68 69 217 218 219 220 221 79 80 81 82 229 230 231 232 233 1 92 93 94 95 240 241 242 243 244 2 3 105 106 107 108 250 251 252 253 254 4 5 6 118 119 120 121 259 260 261 262 263 7 8 9 10 131 132 133 134 268 269 270 271 11 12 13 14 15 144 145 146 147 276 277 278 16 17 18 19 20 21 157 158 159 160 283 284 22 23 24 25 26 27 28 170 171 172 173 289 29 30 31 32 33 34 35 36 183 184 185 186 37 38 39 40 41 42 43 44 45 196 197 198 199 47 48 49 50 51 52 53 54 55 209 210 211 212 58 59 60 61 62 63 64 65 66 222 223 224 225 70 71 72 73 74 75 76 77 78 234 235 236 237 83 84 85 86 87 88 89 90 91 245 246 247 248 96 97 98 99 100 101 102 103 104 255 256 257 258 109 110 111 112 113 114 115 116 117 264 265 266 122 123 124 125 126 127 128 129 130 272 273 135 136 137 138 139 140 141 142 143 279 148 149 150 151 152 153 154 155 156 161 162 163 164 165 166 167 168 174 175 176 177 178 179 180 187 188 189 190 191 192 200 201 202 203 204 213 214 215 216 226 227 228 238 239 249
268 275 276 281 282 283 286 287 288 289 290 291 292 293 37 182 294 295 296 46 47 194 195 297 298 56 57 58 206 207 208 299 67 68 69 70 218 219 220 221 79 80 81 82 83 230 231 232 233 1 92 93 94 95 96 241 242 243 244 2 3 105 106 107 108 109 251 252 253 254 4 5 6 118 119 120 121 122 260 261 262 263 7 8 9 10 131 132 133 134 135 269 270 271 11 12 13 14 15 144 145 146 147 148 277 278 16 17 18 19 20 21 157 158 159 160 161 284 22 23 24 25 26 27 28 170 171 172 173 174 29 30 31 32 33 34 35 36 183 184 185 186 187 38 39 40 41 42 43 44 45 196 197 198 199 200 48 49 50 51 52 53 54 55 209 210 211 212 213 59 60 61 62 63 64 65 66 222 223 224 225 226 71 72 73 74 75 76 77 78 234 235 236 237 238 84 85 86 87 88 89 90 91 245 246 247 248 249 97 98 99 100 101 102 103 104 255 256 257 258 259 110 111 112 113 114 115 116 117 264 265 266 267 123 124 125 126 127 128 129 130 272 273 274 136 137 138 139 140 141 142 143 279 280 149 150 151 152 153 154 155 156 285 162 163 164 165 166 167 168 169 175 176 177 178 179 180 181 188 189 190 191 192 193 201 202 203 204 205 214 215 216 217 227 228 229 239 240 250
269 276 277 282 283 284 287 288 289 29 291 292 293 37 38 294 295 296 46 47 48 195 297 298 56 57 58 59 207 208 299 67 68 69 70 71 219 220 221 79 80 81 82 83 84 231 232 233 1 92 93 94 95 96 97 242 243 244 2 3 105 106 107 108 109 110 252 253 254 4 5 6 118 119 120 121 122 123 261 262 263 7 8 9 10 131 132 133 134 135 136 270 271 11 12 13 14 15 144 145 146 147 148 149 278 16 17 18 19 20 21 157 158 159 160 161 162 22 23 24 25 26 27 28 170 171 172 173 174 175 30 31 32 33 34 35 36 183 184 185 186 187 188 39 40 41 42 43 44 45 196 197 198 199 200 201 49 50 51 52 53 54 55 209 210 211 212 213 214 60 61 62 63 64 65 66 222 223 224 225 226 227 72 73 74 75 76 77 78 234 235 236 237 238 239 85 86 87 88 89 90 91 245 246 247 248 249 250 98 99 100 101 102 103 104 255 256 257 258 259 260 111 112 113 114 115 116 117 264 265 266 267 268 124 125 126 127 128 129 130 272 273 274 275 137 138 139 140 141 142 143 279 280 281 150 151 152 153 154 155 156 285 286 163 164 165 166 167 168 169 290 176 177 178 179 180 181 182 189 190 191 192 193 194 202 203 204 205 206 215 216 217 218 228 229 230 240 241 251
270 277 278 283 284 22 288 289 29 30 292 293 37 38 39 295 296 46 47 48 49 297 298 56 57 58 59 60 208 299 67 68 69 70 71 72 220 221 79 80 81 82 83 84 85 232 233 1 92 93 94 95 96 97 98 243 244 2 3 105 106 107 108 109 110 111 253 254 4 5 6 118 119 120 121 122 123 124 262 263 7 8 9 10 131 132 133 134 135 136 137 271 11 12 13 14 15 144 145 146 147 148 149 150 16 17 18 19 20 21 157 158 159 160 161 162 163 23 24 25 26 27 28 170 171 172 173 174 175 176 31 32 33 34 35 36 183 184 185 186 187 188 189 40 41 42 43 44 45 196 197 198 199 200 201 202 50 51 52 53 54 55 209 210 211 212 213 214 215 61 62 63 64 65 66 222 223 224 225 226 227 228 73 74 75 76 77 78 234 235 236 237 238 239 240 86 87 88 89 90 91 245 246 247 248 249 250 251 99 100 101 102 103 104 255 256 257 258 259 260 261 112 113 114 115 116 117 264 265 266 267 268 269 125 126 127 128 129 130 272 273 274 275 276 138 139 140 141 142 143 279 280 281 282 151 152 153 154 155 156 285 286 287 164 165 166 167 168 169 290 291 177 178 179 180 181 182 294 190 191 192 193 194 195 203 204 205 206 207 216 217 218 219 229 230 231 241 242 252
271 278 16 284 22 23 289 29 30 31 293 37 38 39 40 296 46 47 48 49 50 298 56 57 58 59 60 61 299 67 68 69 70 71 72 73 221 79 80 81 82 83 84 85 86 233 1 92 93 94 95 96 97 98 99 244 2 3 105 106 107 108 109 110 111 112 254 4 5 6 118 119 120 121 122 123 124 125 263 7 8 9 10 131 132 133 134 135 136 137 138 11 12 13 14 15 144 145 146 147 148 149 150 151 17 18 19 20 21 157 158 159 160 161 162 163 164 24 25 26 27 28 170 171 172 173 174 175 176 177 32 33 34 35 36 183 184 185 186 187 188 189 190 41 42 43 44 45 196 197 198 199 200 201 202 203 51 52 53 54 55 209 210 211 212 213 214 215 216 62 63 64 65 66 222 223 224 225 226 227 228 229 74 75 76 77 78 234 235 236 237 238 239 240 241 87 88 89 90 91 245 246 247 248 249 250 251 252 100 101 102 103 104 255 256 257 258 259 260 261 262 113 114 115 116 117 264 265 266 267 268 269 270 126 127 128 129 130 272 273 274 275 276 277 139 140 141 142 143 279 280 281 282 283 152 153 154 155 156 285 286 287 288 165 166 167 168 169 290 291 292 178 179 180 181 182 294 295 191 192 193 194 195 297 204 205 206 207 208 217 218 219 220 230 231 232 242 243 253
272 143 279 155 156 285 167 168 169 290 179 180 181 182 294 191 192 193 194 195 297 203 204 205 206 207 208 299 215 216 217 218 219 220 221 79 227 228 229 230 231 232 233 1 92 238 239 240 241 242 243 244 2 3 105 248 249 250 251 252 253 254 4 5 6 118 257 258 259 260 261 262 263 7 8 9 10 131 265 266 267 268 269 270 271 11 12 13 14 15 144 273 274 275 276 277 278 16 17 18 19 20 21 157 280 281 282 283 284 22 23 24 25 26 27 28 170 286 287 288 289 29 30 31 32 33 34 35 36 183 291 292 293 37 38 39 40 41 42 43 44 45 196 295 296 46 47 48 49 50 51 52 53 54 55 209 298 56 57 58 59 60 61 62 63 64 65 66 222 67 68 69 70 71 72 73 74 75 76 77 78 234 80 81 82 83 84 85 86 87 88 89 90 91 245 93 94 95 96 97 98 99 100 101 102 103 104 255 106 107 108 109 110 111 112 113 114 115 116 117 264 119 120 121 122 123 124 125 126 127 128 129 130 132 133 134 135 136 137 138 139 140 141 142 145 146 147 148 149 150 151 152 153 154 158 159 160 161 162 163 164 165 166 171 172 173 174 175 176 177 178 184 185 186 187 188 189 190 197 198 199 200 201 202 210 211 212 213 214 223 224 225 226 235 236 237 246 247 256
273 279 280 156 285 286 168 169 290 291 180 181 182 294 295 192 193 194 195 297 298 204 205 206 207 208 299 67 216 217 218 219 220 221 79 80 228 229 230 231 232 233 1 92 93 239 240 241 242 243 244 2 3 105 106 249 250 251 252 253 254 4 5 6 118 119 258 259 260 261 262 263 7 8 9 10 131 132 266 267 268 269 270 271 11 12 13 14 15 144 145 274 275 276 277 278 16 17 18 19 20 21 157 158 281 282 283 284 22 23 24 25 26 27 28 170 171 287 288 289 29 30 31 32 33 34 35 36 183 184 292 293 37 38 39 40 41 42 43 44 45 196 197 296 46 47 48 49 50 51 52 53 54 55 209 210 56 57 58 59 60 61 62 63 64 65 66 222 223 68 69 70 71 72 73 74 75 76 77 78 234 235 81 82 83 84 85 86 87 88 89 90 91 245 246 94 95 96 97 98 99 100 101 102 103 104 255 256 107 108 109 110 111 112 113 114 115 116 117 264 265 120 121 122 123 124 125 126 127 128 129 130 272 133 134 135 136 137 138 139 140 141 142 143 146 147 148 149 150 151 152 153 154 155 159 160 161 162 163 164 165 166 167 172 173 174 175 176 177 178 179 185 186 187 188 189 190 191 198 199 200 201 202 203 211 212 213 214 215 224 225 226 227 236 237 238 247 248 257
274 280 281 285 286 287 169 290 291 292 181 182 294 295 296 193 194 195 297 298 56 205 206 207 208 299 67 68 217 218 219 220 221 79 80 81 229 230 231 232 233 1 92 93 94 240 241 242 243 244 2 3 105 106 107 250 251 252 253 254 4 5 6 118 119 120 259 260 261 262 263 7 8 9 10 131 132 133 267 268 269 270 271 11 12 13 14 15 144 145 146 275 276 277 278 16 17 18 19 20 21 157 158 159 282 283 284 22 23 24 25 26 27 28 170 171 172 288 289 29 30 31 32 33 34 35 36 183 184 185 293 37 38 39 40 41 42 43 44 45 196 197 198 46 47 48 49 50 51 52 53 54 55 209 210 211 57 58 59 60 61 62 63 64 65 66 222 223 224 69 70 71 72 73 74 75 76 77 78 234 235 236 82 83 84 85 86 87 88 89 90 91 245 246 247 95 96 97 98 99 100 101 102 103 104 255 256 257 108 109 110 111 112 113 114 115 116 117 264 265 266 121 122 123 124 125 126 127 128 129 130 272 273 134 135 136 137 138 139 140 141 142 143 279 147 148 149 150 151 152 153 154 155 156 160 161 162 163 164 165 166 167 168 173 174 175 176 177 178 179 180 186 187 188 189 190 191 192 199 200 201 202 203 204 212 213 214 215 216 225 226 227 228 237 238 239 248 249 258
275 281 282 286 287 288 290 291 292 293 182 294 295 296 46 194 195 297 298 56 57 206 207 208 299 67 68 69 218 219 220 221 79 80 81 82 230 231 232 233 1 92 93 94 95 241 242 243 244 2 3 105 106 107 108 251 252 253 254 4 5 6 118 119 120 121 260 261 262 263 7 8 9 10 131 132 133 134 268 269 270 271 11 12 13 14 15 144 145 146 147 276 277 278 16 17 18 19 20 21 157 158 159 160 283 284 22 23 24 25 26 27 28 170 171 172 173 289 29 30 31 32 33 34 35 36 183 184 185 186 37 38 39 40 41 42 43 44 45 196 197 198 199 47 48 49 50 51 52 53 54 55 209 210 211 212 58 59 60 61 62 63 64 65 66 222 223 224 225 70 71 72 73 74 75 76 77 78 234 235 236 237 83 84 85 86 87 88 89 90 91 245 246 247 248 96 97 98 99 100 101 102 103 104 255 256 257 258 109 110 111 112 113 114 115 116 117 264 265 266 267 122 123 124 125 126 127 128 129 130 272 273 274 135 136 137 138 139 140 141 142 143 279 280 148 149 150 151 152 153 154 155 156 285 161 162 163 164 165 166 167 168 169 174 175 176 177 178 179 180 181 187 188 189 190 191 192 193 200 201 202 203 204 205 213 214 215 216 217 226 227 228 229 238 239 240 249 250 259
276 282 283 287 288 289 291 292 293 37 294 295 296 46 47 195 297 298 56 57 58 207 208 299 67 68 69 70 219 220 221 79 80 81 82 83 231 232 233 1 92 93 94 95 96 242 243 244 2 3 105 106 107 108 109 252 253 254 4 5 6 118 119 120 121 122 261 262 263 7 8 9 10 131 132 133 134 135 269 270 271 11 12 13 14 15 144 145 146 147 148 277 278 16 17 18 19 20 21 157 158 159 160 161 284 22 23 24 25 26 27 28 170 171 172 173 174 29 30 31 32 33 34 35 36 183 184 185 186 187 38 39 40 41 42 43 44 45 196 197 198 199 200 48 49 50 51 52 53 54 55 209 210 211 212 213 59 60 61 62 63 64 65 66 222 223 224 225 226 71 72 73 74 75 76 77 78 234 235 236 237 238 84 85 86 87 88 89 90 91 245 246 247 248 249 97 98 99 100 101 102 103 104 255 256 257 258 259 110 111 112 113 114 115 116 117 264 265 266 267 268 123 124 125 126 127 128 129 130 272 273 274 275 136 137 138 139 140 141 142 143 279 280 281 149 150 151 152 153 154 155 156 285 286 162 163 164 165 166 167 168 169 290 175 176 177 178 179 180 181 182 188 189 190 191 192 193 194 201 202 203 204 205 206 214 215 216 217 218 227 228 229 230 239 240 241 250 251 260
277 283 284 288 289 29 292 293 37 38 295 296 46 47 48 297 298 56 57 58 59 208 299 67 68 69 70 71 220 221 79 80 81 82 83 84 232 233 1 92 93 94 95 96 97 243 244 2 3 105 106 107 108 109 110 253 254 4 5 6 118 119 120 121 122 123 262 263 7 8 9 10 131 132 133 134 135 136 270 271 11 12 13 14 15 144 145 146 147 148 149 278 16 17 18 19 20 21 157 158 159 160 161 162 22 23 24 25 26 27 28 170 171 172 173 174 175 30 31 32 33 34 35 36 183 184 185 186 187 188 39 40 41 42 43 44 45 196 197 198 199 200 201 49 50 51 52 53 54 55 209 210 211 212 213 214 60 61 62 63 64 65 66 222 223 224 225 226 227 72 73 74 75 76 77 78 234 235 236 237 238 239 85 86 87 88 89 90 91 245 246 247 248 249 250 98 99 100 101 102 103 104 255 256 257 258 259 260 111 112 113 114 115 116 117 264 265 266 267 268 269 124 125 126 127 128 129 130 272 273 274 275 276 137 138 139 140 141 142 143 279 280 281 282 150 151 152 153 154 155 156 285 286 287 163 164 165 166 167 168 169 290 291 176 177 178 179 180 181 182 294 189 190 191 192 193 194 195 202 203 204 205 206 207 215 216 217 218 219 228 229 230 231 240 241 242 251 252 261
278 284 22 289 29 30 293 37 38 39 296 46 47 48 49 298 56 57 58 59 60 299 67 68 69 70 71 72 221 79 80 81 82 83 84 85 233 1 92 93 94 95 96 97 98 244 2 3 105 106 107 108 109 110 111 254 4 5 6 118 119 120 121 122 123 124 263 7 8 9 10 131 132 133 134 135 136 137 271 11 12 13 14 15 144 145 146 147 148 149 150 16 17 18 19 20 21 157 158 159 160 161 162 163 23 24 25 26 27 28 170 171 172 173 174 175 176 31 32 33 34 35 36 183 184 185 186 187 188 189 40 41 42 43 44 45 196 197 198 199 200 201 202 50 51 52 53 54 55 209 210 211 212 213 214 215 61 62 63 64 65 66 222 223 224 225 226 227 228 73 74 75 76 77 78 234 235 236 237 238 239 240 86 87 88 89 90 91 245 246 247 248 249 250 251 99 100 101 102 103 104 255 256 257 258 259 260 261 112 113 114 115 116 117 264 265 266 267 268 269 270 125 126 127 128 129 130 272 273 274 275 276 277 138 139 140 141 142 143 279 280 281 282 283 151 152 153 154 155 156 285 286 287 288 164 165 166 167 168 169 290 291 292 177 178 179 180 181 182 294 295 190 191 192 193 194 195 297 203 204 205 206 207 208 216 217 218 219 220 229 230 231 232 241 242 243 252 253 262
279 156 285 168 169 290 180 181 182 294 192 193 194 195 297 204 205 206 207 208 299 216 217 218 219 220 221 79 228 229 230 231 232 233 1 92 239 240 241 242 243 244 2 3 105 249 250 251 252 253 254 4 5 6 118 258 259 260 261 262 263 7 8 9 10 131 266 267 268 269 270 271 11 12 13 14 15 144 273 274 275 276 277 278 16 17 18 19 20 21 157 280 281 282 283 284 22 23 24 25 26 27 28 170 286 287 288 289 29 30 31 32 33 34 35 36 183 291 292 293 37 38 39 40 41 42 43 44 45 196 295 296 46 47 48 49 50 51 52 53 54 55 209 298 56 57 58 59 60 61 62 63 64 65 66 222 67 68 69 70 71 72 73 74 75 76 77 78 234 80 81 82 83 84 85 86 87 88 89 90 91 245 93 94 95 96 97 98 99 100 101 102 103 104 255 106 107 108 109 110 111 112 113 114 115 116 117 264 119 120 121 122 123 124 125 126 127 128 129 130 272 132 133 134 135 136 137 138 139 140 141 142 143 145 146 147 148 149 150 151 152 153 154 155 158 159 160 161 162 163 164 165 166 167 171 172 173 174 175 176 177 178 179 184 185 186 187 188 189 190 191 197 198 199 200 201 202 203 210 211 212 213 214 215 223 224 225 226 227 235 236 237 238 246 247 248 256 257 265
280 285 286 169 290 291 181 182 294 295 193 194 195 297 298 205 206 207 208 299 67 217 218 219 220 221 79 80 229 230 231 232 233 1 92 93 240 241 242 243 244 2 3 105 106 250 251 252 253 254 4 5 6 118 119 259 260 261 262 263 7 8 9 10 131 132 267 268 269 270 271 11 12 13 14 15 144 145 274 275 276 277 278 16 17 18 19 20 21 157 158 281 282 283 284 22 23 24 25 26 27 28 170 171 287 288 289 29 30 31 32 33 34 35 36 183 184 292 293 37 38 39 40 41 42 43 44 45 196 197 296 46 47 48 49 50 51 52 53 54 55 209 210 56 57 58 59 60 61 62 63 64 65 66 222 223 68 69 70 71 72 73 74 75 76 77 78 234 235 81 82 83 84 85 86 87 88 89 90 91 245 246 94 95 96 97 98 99 100 101 102 103 104 255 256 107 108 109 110 111 112 113 114 115 116 117 264 265 120 121 122 123 124 125 126 127 128 129 130 272 273 133 134 135 136 137 138 139 140 141 142 143 279 146 147 148 149 150 151 152 153 154 155 156 159 160 161 162 163 164 165 166 167 168 172 173 174 175 176 177 178 179 180 185 186 187 188 189 190 191 192 198 199 200 201 202 203 204 211 212 213 214 215 216 224 225 226 227 228 236 237 238 239 247 248 249 257 258 266
281 286 287 290 291 292 182 294 295 296 194 195 297 298 56 206 207 208 299 67 68 218 219 220 221 79 80 81 230 231 232 233 1 92 93 94 241 242 243 244 2 3 105 106 107 251 252 253 254 4 5 6 118 119 120 260 261 262 263 7 8 9 10 131 132 133 268 269 270 271 11 12 13 14 15 144 145 146 275 276 277 278 16 17 18 19 20 21 157 158 159 282 283 284 22 23 24 25 26 27 28 170 171 172 288 289 29 30 31 32 33 34 35 36 183 184 185 293 37 38 39 40 41 42 43 44 45 196 197 198 46 47 48 49 50 51 52 53 54 55 209 210 211 57 58 59 60 61 62 63 64 65 66 222 223 224 69 70 71 72 73 74 75 76 77 78 234 235 236 82 83 84 85 86 87 88 89 90 91 245 246 247 95 96 97 98 99 100 101 102 103 104 255 256 257 108 109 110 111 112 113 114 115 116 117 264 265 266 121 122 123 124 125 126 127 128 129 130 272 273 274 134 135 136 137 138 139 140 141 142 143 279 280 147 148 149 150 151 152 153 154 155 156 285 160 161 162 163 164 165 166 167 168 169 173 174 175 176 177 178 179 180 181 186 187 188 189 190 191 192 193 199 200 201 202 203 204 205 212 213 214 215 216 217 225 226 227 228 229 237 238 239 240 248 249 250 258 259 267
282 287 288 291 292 293 294 295 296 46 195 297 298 56 57 207 208 299 67 68 69 219 220 221 79 80 81 82 231 232 233 1 92 93 94 95 242 243 244 2 3 105 106 107 108 252 253 254 4 5 6 118 119 120 121 261 262 263 7 8 9 10 131 132 133 134 269 270 271 11 12 13 14 15 144 145 146 147 276 277 278 16 17 18 19 20 21 157 158 159 160 283 284 22 23 24 25 26 27 28 170 171 172 173 289 29 30 31 32 33 34 35 36 183 184 185 186 37 38 39 40 41 42 43 44 45 196 197 198 199 47 48 49 50 51 52 53 54 55 209 210 211 212 58 59 60 61 62 63 64 65 66 222 223 224 225 70 71 72 73 74 75 76 77 78 234 235 236 237 83 84 85 86 87 88 89 90 91 245 246 247 248 96 97 98 99 100 101 102 103 104 255 256 257 258 109 110 111 112 113 114 115 116 117 264 265 266 267 122 123 124 125 126 127 128 129 130 272 273 274 275 135 136 137 138 139 140 141 142 143 279 280 281 148 149 150 151 152 153 154 155 156 285 286 161 162 163 164 165 166 167 168 169 290 174 175 176 177 178 179 180 181 182 187 188 189 190 191 192 193 194 200 201 202 203 204 205 206 213 214 215 216 217 218 226 227 228 229 230 238 239 240 241 249 250 251 259 260 268
283 288 289 292 293 37 295 296 46 47 297 298 56 57 58 208 299 67 68 69 70 220 221 79 80 81 82 83 232 233 1 92 93 94 95 96 243 244 2 3 105 106 107 108 109 253 254 4 5 6 118 119 120 121 122 262 263 7 8 9 10 131 132 133 134 135 270 271 11 12 13 14 15 144 145 146 147 148 277 278 16 17 18 19 20 21 157 158 159 160 161 284 22 23 24 25 26 27 28 170 171 172 173 174 29 30 31 32 33 34 35 36 183 184 185 186 187 38 39 40 41 42 43 44 45 196 197 198 199 200 48 49 50 51 52 53 54 55 209 210 211 212 213 59 60 61 62 63 64 65 66 222 223 224 225 226 71 72 73 74 75 76 77 78 234 235 236 237 238 84 85 86 87 88 89 90 91 245 246 247 248 249 97 98 99 100 101 102 103 104 255 256 257 258 259 110 111 112 113 114 115 116 117 264 265 266 267 268 123 124 125 126 127 128 129 130 272 273 274 275 276 136 137 138 139 140 141 142 143 279 280 281 282 149 150 151 152 153 154 155 156 285 286 287 162 163 164 165 166 167 168 169 290 291 175 176 177 178 179 180 181 182 294 188 189 190 191 192 193 194 195 201 202 203 204 205 206 207 214 215 216 217 218 219 227 228 229 230 231 239 240 241 242 250 251 252 260 261 269
284 289 29 293 37 38 296 46 47 48 298 56 57 58 59 299 67 68 69 70 71 221 79 80 81 82 83 84 233 1 92 93 94 95 96 97 244 2 3 105 106 107 108 109 110 254 4 5 6 118 119 120 121 122 123 263 7 8 9 10 131 132 133 134 135 136 271 11 12 13 14 15 144 145 146 147 148 149 278 16 17 18 19 20 21 157 158 159 160 161 162 22 23 24 25 26 27 28 170 171 172 173 174 175 30 31 32 33 34 35 36 183 184 185 186 187 188 39 40 41 42 43 44 45 196 197 198 199 200 201 49 50 51 52 53 54 55 209 210 211 212 213 214 60 61 62 63 64 65 66 222 223 224 225 226 227 72 73 74 75 76 77 78 234 235 236 237 238 239 85 86 87 88 89 90 91 245 246 247 248 249 250 98 99 100 101 102 103 104 255 256 257 258 259 260 111 112 113 114 115 116 117 264 265 266 267 268 269 124 125 126 127 128 129 130 272 273 274 275 276 277 137 138 139 140 141 142 143 279 280 281 282 283 150 151 152 153 154 155 156 285 286 287 288 163 164 165 166 167 168 169 290 291 292 176 177 178 179 180 181 182 294 295 189 190 191 192 193 194 195 297 202 203 204 205 206 207 208 215 216 217 218 219 220 228 229 230 231 232 240 241 242 243 251 252 253 261 262 270
285 169 290 181 182 294 193 194 195 297 205 206 207 208 299 217 218 219 220 221 79 229 230 231 232 233 1 92 240 241 242 243 244 2 3 105 250 251 252 253 254 4 5 6 118 259 260 261 262 263 7 8 9 10 131 267 268 269 270 271 11 12 13 14 15 144 274 275 276 277 278 16 17 18 19 20 21 157 280 281 282 283 284 22 23 24 25 26 27 28 170 286 287 288 289 29 30 31 32 33 34 35 36 183 291 292 293 37 38 39 40 41 42 43 44 45 196 295 296 46 47 48 49 50 51 52 53 54 55 209 298 56 57 58 59 60 61 62 63 64 65 66 222 67 68 69 70 71 72 73 74 75 76 77 78 234 80 81 82 83 84 85 86 87 88 89 90 91 245 93 94 95 96 97 98 99 100 101 102 103 104 255 106 107 108 109 110 111 112 113 114 115 116 117 264 119 120 121 122 123 124 125 126 127 128 129 130 272 132 133 134 135 136 137 138 139 140 141 142 143 279 145 146 147 148 149 150 151 152 153 154 155 156 158 159 160 161 162 163 164 165 166 167 168 171 172 173 174 175 176 177 178 179 180 184 185 186 187 188 189 190 191 192 197 198 199 200 201 202 203 204 210 211 212 213 214 215 216 223 224 225 226 227 228 235 236 237 238 239 246 247 248 249 256 257 258 265 266 273
286 290 291 182 294 295 194 195 297 298 206 207 208 299 67 218 219 220 221 79 80 230 231 232 233 1 92 93 241 242 243 244 2 3 105 106 251 252 253 254 4 5 6 118 119 260 261 262 263 7 8 9 10 131 132 268 269 270 271 11 12 13 14 15 144 145 275 276 277 278 16 17 18 19 20 21 157 158 281 282 283 284 22 23 24 25 26 27 28 170 171 287 288 289 29 30 31 32 33 34 35 36 183 184 292 293 37 38 39 40 41 42 43 44 45 196 197 296 46 47 48 49 50 51 52 53 54 55 209 210 56 57 58 59 60 61 62 63 64 65 66 222 223 68 69 70 71 72 73 74 75 76 77 78 234 235 81 82 83 84 85 86 87 88 89 90 91 245 246 94 95 96 97 98 99 100 101 102 103 104 255 256 107 108 109 110 111 112 113 114 115 116 117 264 265 120 121 122 123 124 125 126 127 128 129 130 272 273 133 134 135 136 137 138 139 140 141 142 143 279 280 146 147 148 149 150 151 152 153 154 155 156 285 159 160 161 162 163 164 165 166 167 168 169 172 173 174 175 176 177 178 179 180 181 185 186 187 188 189 190 191 192 193 198 199 200 201 202 203 204 205 211 212 213 214 215 216 217 224 225 226 227 228 229 236 237 238 239 240 247 248 249 250 257 258 259 266 267 274
287 291 292 294 295 296 195 297 298 56 207 208 299 67 68 219 220 221 79 80 81 231 232 233 1 92 93 94 242 243 244 2 3 105 106 107 252 253 254 4 5 6 118 119 120 261 262 263 7 8 9 10 131 132 133 269 270 271 11 12 13 14 15 144 145 146 276 277 278 16 17 18 19 20 21 157 158 159 282 283 284 22 23 24 25 26 27 28 170 171 172 288 289 29 30 31 32 33 34 35 36 183 184 185 293 37 38 39 40 41 42 43 44 45 196 197 198 46 47 48 49 50 51 52 53 54 55 209 210 211 57 58 59 60 61 62 63 64 65 66 222 223 224 69 70 71 72 73 74 75 76 77 78 234 235 236 82 83 84 85 86 87 88 89 90 91 245 246 247 95 96 97 98 99 100 101 102 103 104 255 256 257 108 109 110 111 112 113 114 115 116 117 264 265 266 121 122 123 124 125 126 127 128 129 130 272 273 274 134 135 136 137 138 139 140 141 142 143 279 280 281 147 148 149 150 151 152 153 154 155 156 285 286 160 161 162 163 164 165 166 167 168 169 290 173 174 175 176 177 178 179 180 181 182 186 187 188 189 190 191 192 193 194 199 200 201 202 203 204 205 206 212 213 214 215 216 217 218 225 226 227 228 229 230 237 238 239 240 241 248 249 250 251 258 259 260 267 268 275
288 292 293 295 296 46 297 298 56 57 208 299 67 68 69 220 221 79 80 81 82 232 233 1 92 93 94 95 243 244 2 3 105 106 107 108 253 254 4 5 6 118 119 120 121 262 263 7 8 9 10 131 132 133 134 270 271 11 12 13 14 15 144 145 146 147 277 278 16 17 18 19 20 21 157 158 159 160 283 284 22 23 24 25 26 27 28 170 171 172 173 289 29 30 31 32 33 34 35 36 183 184 185 186 37 38 39 40 41 42 43 44 45 196 197 198 199 47 48 49 50 51 52 53 54 55 209 210 211 212 58 59 60 61 62 63 64 65 66 222 223 224 225 70 71 72 73 74 75 76 77 78 234 235 236 237 83 84 85 86 87 88 89 90 91 245 246 247 248 96 97 98 99 100 101 102 103 104 255 256 257 258 109 110 111 112 113 114 115 116 117 264 265 266 267 122 123 124 125 126 127 128 129 130 272 273 274 275 135 136 137 138 139 140 141 142 143 279 280 281 282 148 149 150 151 152 153 154 155 156 285 286 287 161 162 163 164 165 166 167 168 169 290 291 174 175 176 177 178 179 180 181 182 294 187 188 189 190 191 192 193 194 195 200 201 202 203 204 205 206 207 213 214 215 216 217 218 219 226 227 228 229 230 231 238 239 240 241 242 249 250 251 252 259 260 261 268 269 276
289 293 37 296 46 47 298 56 57 58 299 67 68 69 70 221 79 80 81 82 83 233 1 92 93 94 95 96 244 2 3 105 106 107 108 109 254 4 5 6 118 119 120 121 122 263 7 8 9 10 131 132 133 134 135 271 11 12 13 14 15 144 145 146 147 148 278 16 17 18 19 20 21 157 158 159 160 161 284 22 23 24 25 26 27 28 170 171 172 173 174 29 30 31 32 33 34 35 36 183 184 185 186 187 38 39 40 41 42 43 44 45 196 197 198 199 200 48 49 50 51 52 53 54 55 209 210 211 212 213 59 60 61 62 63 64 65 66 222 223 224 225 226 71 72 73 74 75 76 77 78 234 235 236 237 238 84 85 86 87 88 89 90 91 245 246 247 248 249 97 98 99 100 101 102 103 104 255 256 257 258 259 110 111 112 113 114 115 116 117 264 265 266 267 268 123 124 125 126 127 128 129 130 272 273 274 275 276 136 137 138 139 140 141 142 143 279 280 281 282 283 149 150 151 152 153 154 155 156 285 286 287 288 162 163 164 165 166 167 168 169 290 291 292 175 176 177 178 179 180 181 182 294 295 188 189 190 191 192 193 194 195 297 201 202 203 204 205 206 207 208 214 215 216 217 218 219 220 227 228 229 230 231 232 239 240 241 242 243 250 251 252 253 260 261 262 269 270 277
290 182 294 194 195 297 206 207 208 299 218 219 220 221 79 230 231 232 233 1 92 241 242 243 244 2 3 105 251 252 253 254 4 5 6 118 260 261 262 263 7 8 9 10 131 268 269 270 271 11 12 13 14 15 144 275 276 277 278 16 17 18 19 20 21 157 281 282 283 284 22 23 24 25 26 27 28 170 286 287 288 289 29 30 31 32 33 34 35 36 183 291 292 293 37 38 39 40 41 42 43 44 45 196 295 296 46 47 48 49 50 51 52 53 54 55 209 298 56 57 58 59 60 61 62 63 64 65 66 222 67 68 69 70 71 72 73 74 75 76 77 78 234 80 81 82 83 84 85 86 87 88 89 90 91 245 93 94 95 96 97 98 99 100 101 102 103 104 255 106 107 108 109 110 111 112 113 114 115 116 117 264 119 120 121 122 123 124 125 126 127 128 129 130 272 132 133 134 135 136 137 138 139 140 141 142 143 279 145 146 147 148 149 150 151 152 153 154 155 156 285 158 159 160 161 162 163 164 165 166 167 168 169 171 172 173 174 175 176 177 178 179 180 181 184 185 186 187 188 189 190 191 192 193 197 198 199 200 201 202 203 204 205 210 211 212 213 214 215 216 217 223 224 225 226 227 228 229 235 236 237 238 239 240 246 247 248 249 250 256 257 258 259 265 266 267 273 274 280
291 294 295 195 297 298 207 208 299 67 219 220 221 79 80 231 232 233 1 92 93 242 243 244 2 3 105 106 252 253 254 4 5 6 118 119 261 262 263 7 8 9 10 131 132 269 270 271 11 12 13 14 15 144 145 276 277 278 16 17 18 19 20 21 157 158 282 283 284 22 23 24 25 26 27 28 170 171 287 288 289 29 30 31 32 33 34 35 36 183 184 292 293 37 38 39 40 41 42 43 44 45 196 197 296 46 47 48 49 50 51 52 53 54 55 209 210 56 57 58 59 60 61 62 63 64 65 66 222 223 68 69 70 71 72 73 74 75 76 77 78 234 235 81 82 83 84 85 86 87 88 89 90 91 245 246 94 95 96 97 98 99 100 101 102 103 104 255 256 107 108 109 110 111 112 113 114 115 116 117 264 265 120 121 122 123 124 125 126 127 128 129 130 272 273 133 134 135 136 137 138 139 140 141 142 143 279 280 146 147 148 149 150 151 152 153 154 155 156 285 286 159 160 161 162 163 164 165 166 167 168 169 290 172 173 174 175 176 177 178 179 180 181 182 185 186 187 188 189 190 191 192 193 194 198 199 200 201 202 203 204 205 206 211 212 213 214 215 216 217 218 224 225 226 227 228 229 230 236 237 238 239 240 241 247 248 249 250 251 257 258 259 260 266 267 268 274 275 281
292 295 296 297 298 56 208 299 67 68 220 221 79 80 81 232 233 1 92 93 94 243 244 2 3 105 106 107 253 254 4 5 6 118 119 120 262 263 7 8 9 10 131 132 133 270 271 11 12 13 14 15 144 145 146 277 278 16 17 18 19 20 21 157 158 159 283 284 22 23 24 25 26 27 28 170 171 172 288 289 29 30 31 32 33 34 35 36 183 184 185 293 37 38 39 40 41 42 43 44 45 196 197 198 46 47 48 49 50 51 52 53 54 55 209 210 211 57 58 59 60 61 62 63 64 65 66 222 223 224 69 70 71 72 73 74 75 76 77 78 234 235 236 82 83 84 85 86 87 88 89 90 91 245 246 247 95 96 97 98 99 100 101 102 103 104 255 256 257 108 109 110 111 112 113 114 115 116 117 264 265 266 121 122 123 124 125 126 127 128 129 130 272 273 274 134 135 136 137 138 139 140 141 142 143 279 280 281 147 148 149 150 151 152 153 154 155 156 285 286 287 160 161 162 163 164 165 166 167 168 169 290 291 173 174 175 176 177 178 179 180 181 182 294 186 187 188 189 190 191 192 193 194 195 199 200 201 202 203 204 205 206 207 212 213 214 215 216 217 218 219 225 226 227 228 229 230 231 237 238 239 240 241 242 248 249 250 251 252 258 259 260 261 267 268 269 275 276 282
293 296 46 298 56 57 299 67 68 69 221 79 80 81 82 233 1 92 93 94 95 244 2 3 105 106 107 108 254 4 5 6 118 119 120 121 263 7 8 9 10 131 132 133 134 271 11 12 13 14 15 144 145 146 147 278 16 17 18 19 20 21 157 158 159 160 284 22 23 24 25 26 27 28 170 171 172 173 289 29 30 31 32 33 34 35 36 183 184 185 186 37 38 39 40 41 42 43 44 45 196 197 198 199 47 48 49 50 51 52 53 54 55 209 210 211 212 58 59 60 61 62 63 64 65 66 222 223 224 225 70 71 72 73 74 75 76 77 78 234 235 236 237 83 84 85 86 87 88 89 90 91 245 246 247 248 96 97 98 99 100 101 102 103 104 255 256 257 258 109 110 111 112 113 114 115 116 117 264 265 266 267 122 123 124 125 126 127 128 129 130 272 273 274 275 135 136 137 138 139 140 141 142 143 279 280 281 282 148 149 150 151 152 153 154 155 156 285 286 287 288 161 162 163 164 165 166 167 168 169 290 291 292 174 175 176 177 178 179 180 181 182 294 295 187 188 189 190 191 192 193 194 195 297 200 201 202 203 204 205 206 207 208 213 214 215 216 217 218 219 220 226 227 228 229 230 231 232 238 239 240 241 242 243 249 250 251 252 253 259 260 261 262 268 269 270 276 277 283
294 195 297 207 208 299 219 220 221 79 231 232 233 1 92 242 243 244 2 3 105 252 253 254 4 5 6 118 261 262 263 7 8 9 10 131 269 270 271 11 12 13 14 15 144 276 277 278 16 17 18 19 20 21 157 282 283 284 22 23 24 25 26 27 28 170 287 288 289 29 30 31 32 33 34 35 36 183 291 292 293 37 38 39 40 41 42 43 44 45 196 295 296 46 47 48 49 50 51 52 53 54 55 209 298 56 57 58 59 60 61 62 63 64 65 66 222 67 68 69 70 71 72 73 74 75 76 77 78 234 80 81 82 83 84 85 86 87 88 89 90 91 245 93 94 95 96 97 98 99 100 101 102 103 104 255 106 107 108 109 110 111 112 113 114 115 116 117 264 119 120 121 122 123 124 125 126 127 128 129 130 272 132 133 134 135 136 137 138 139 140 141 142 143 279 145 146 147 148 149 150 151 152 153 154 155 156 285 158 159 160 161 162 163 164 165 166 167 168 169 290 171 172 173 174 175 176 177 178 179 180 181 182 184 185 186 187 188 189 190 191 192 193 194 197 198 199 200 201 202 203 204 205 206 210 211 212 213 214 215 216 217 218 223 224 225 226 227 228 229 230 235 236 237 238 239 240 241 246 247 248 249 250 251 256 257 258 259 260 265 266 267 268 273 274 275 280 281 286
295 297 298 208 299 67 220 221 79 80 232 233 1 92 93 243 244 2 3 105 106 253 254 4 5 6 118 119 262 263 7 8 9 10 131 132 270 271 11 12 13 14 15 144 145 277 278 16 17 18 19 20 21 157 158 283 284 22 23 24 25 26 27 28 170 171 288 289 29 30 31 32 33 34 35 36 183 184 292 293 37 38 39 40 41 42 43 44 45 196 197 296 46 47 48 49 50 51 52 53 54 55 209 210 56 57 58 59 60 61 62 63 64 65 66 222 223 68 69 70 71 72 73 74 75 76 77 78 234 235 81 82 83 84 85 86 87 88 89 90 91 245 246 94 95 96 97 98 99 100 101 102 103 104 255 256 107 108 109 110 111 112 113 114 115 116 117 264 265 120 121 122 123 124 125 126 127 128 129 130 272 273 133 134 135 136 137 138 139 140 141 142 143 279 280 146 147 148 149 150 151 152 153 154 155 156 285 286 159 160 161 162 163 164 165 166 167 168 169 290 291 172 173 174 175 176 177 178 179 180 181 182 294 185 186 187 188 189 190 191 192 193 194 195 198 199 200 201 202 203 204 205 206 207 211 212 213 214 215 216 217 218 219 224 225 226 227 228 229 230 231 236 237 238 239 240 241 242 247 248 249 250 251 252 257 258 259 260 261 266 267 268 269 274 275 276 281 282 287
296 298 56 299 67 68 221 79 80 81 233 1 92 93 94 244 2 3 105 106 107 254 4 5 6 118 119 120 263 7 8 9 10 131 132 133 271 11 12 13 14 15 144 145 146 278 16 17 18 19 20 21 157 158 159 284 22 23 24 25 26 27 28 170 171 172 289 29 30 31 32 33 34 35 36 183 184 185 293 37 38 39 40 41 42 43 44 45 196 197 198 46 47 48 49 50 51 52 53 54 55 209 210 211 57 58 59 60 61 62 63 64 65 66 222 223 224 69 70 71 72 73 74 75 76 77 78 234 235 236 82 83 84 85 86 87 88 89 90 91 245 246 247 95 96 97 98 99 100 101 102 103 104 255 256 257 108 109 110 111 112 113 114 115 116 117 264 265 266 121 122 123 124 125 126 127 128 129 130 272 273 274 134 135 136 137 138 139 140 141 142 143 279 280 281 147 148 149 150 151 152 153 154 155 156 285 286 287 160 161 162 163 164 165 166 167 168 169 290 291 292 173 174 175 176 177 178 179 180 181 182 294 295 186 187 188 189 190 191 192 193 194 195 297 199 200 201 202 203 204 205 206 207 208 212 213 214 215 216 217 218 219 220 225 226 227 228 229 230 231 232 237 238 239 240 241 242 243 248 249 250 251 252 253 258 259 260 261 262 267 268 269 270 275 276 277 282 283 288
297 208 299 220 221 79 232 233 1 92 243 244 2 3 105 253 254 4 5 6 118 262 263 7 8 9 10 131 270 271 11 12 13 14 15 144 277 278 16 17 18 19 20 21 157 283 284 22 23 24 25 26 27 28 170 288 289 29 30 31 32 33 34 35 36 183 292 293 37 38 39 40 41 42 43 44 45 196 295 296 46 47 48 49 50 51 52 53 54 55 209 298 56 57 58 59 60 61 62 63 64 65 66 222 67 68 69 70 71 72 73 74 75 76 77 78 234 80 81 82 83 84 85 86 87 88 89 90 91 245 93 94 95 96 97 98 99 100 101 102 103 104 255 106 107 108 109 110 111 112 113 114 115 116 117 264 119 120 121 122 123 124 125 126 127 128 129 130 272 132 133 134 135 136 137 138 139 140 141 142 143 279 145 146 147 148 149 150 151 152 153 154 155 156 285 158 159 160 161 162 163 164 165 166 167 168 169 290 171 172 173 174 175 176 177 178 179 180 181 182 294 184 185 186 187 188 189 190 191 192 193 194 195 197 198 199 200 201 202 203 204 205 206 207 210 211 212 213 214 215 216 217 218 219 223 224 225 226 227 228 229 230 231 235 236 237 238 239 240 241 242 246 247 248 249 250 251 252 256 257 258 259 260 261 265 266 267 268 269 273 274 275 276 280 281 282 286 287 291
298 299 67 221 79 80 233 1 92 93 244 2 3 105 106 254 4 5 6 118 119 263 7 8 9 10 131 132 271 11 12 13 14 15 144 145 278 16 17 18 19 20 21 157 158 284 22 23 24 25 26 27 28 170 171 289 29 30 31 32 33 34 35 36 183 184 293 37 38 39 40 41 42 43 44 45 196 197 296 46 47 48 49 50 51 52 53 54 55 209 210 56 57 58 59 60 61 62 63 64 65 66 222 223 68 69 70 71 72 73 74 75 76 77 78 234 235 81 82 83 84 85 86 87 88 89 90 91 245 246 94 95 96 97 98 99 100 101 102 103 104 255 256 107 108 109 110 111 112 113 114 115 116 117 264 265 120 121 122 123 124 125 126 127 128 129 130 272 273 133 134 135 136 137 138 139 140 141 142 143 279 280 146 147 148 149 150 151 152 153 154 155 156 285 286 159 160 161 162 163 164 165 166 167 168 169 290 291 172 173 174 175 176 177 178 179 180 181 182 294 295 185 186 187 188 189 190 191 192 193 194 195 297 198 199 200 201 202 203 204 205 206 207 208 211 212 213 214 215 216 217 218 219 220 224 225 226 227 228 229 230 231 232 236 237 238 239 240 241 242 243 247 248 249 250 251 252 253 257 258 259 260 261 262 266 267 268 269 270 274 275 276 277 281 282 283 287 288 292
299 221 79 233 1 92 244 2 3 105 254 4 5 6 118 263 7 8 9 10 131 271 11 12 13 14 15 144 278 16 17 18 19 20 21 157 284 22 23 24 25 26 27 28 170 289 29 30 31 32 33 34 35 36 183 293 37 38 39 40 41 42 43 44 45 196 296 46 47 48 49 50 51 52 53 54 55 209 298 56 57 58 59 60 61 62 63 64 65 66 222 67 68 69 70 71 72 73 74 75 76 77 78 234 80 81 82 83 84 85 86 87 88 89 90 91 245 93 94 95 96 97 98 99 100 101 102 103 104 255 106 107 108 109 110 111 112 113 114 115 116 117 264 119 120 121 122 123 124 125 126 127 128 129 130 272 132 133 134 135 136 137 138 139 140 141 142 143 279 145 146 147 148 149 150 151 152 153 154 155 156 285 158 159 160 161 162 163 164 165 166 167 168 169 290 171 172 173 174 175 176 177 178 179 180 181 182 294 184 185 186 187 188 189 190 191 192 193 194 195 297 197 198 199 200 201 202 203 204 205 206 207 208 210 211 212 213 214 215 216 217 218 219 220 223 224 225 226 227 228 229 230 231 232 235 236 237 238 239 240 241 242 243 246 247 248 249 250 251 252 253 256 257 258 259 260 261 262 265 266 267 268 269 270 273 274 275 276 277 280 281 282 283 286 287 288 291 292 295
