209
1 2 3 4 5 6 7 8 9 10 11 12 13 14 15 16 17 18 19 20 21 22 23 24 25 26 27 28 29 30 31 32 33 34 35 36 37 38 39 40 41 42 43 44 45 46 47 48 49 50 51 52 53 54 55 56 57 58 59 60 61 62 63 64 65 66 67 68 69 70 71 72 73 74 75 76 77 78 79 80 81 82 83 84 85 86 87 88 89 90 91 92 93 94 95 96 97 98 99 100 101 102 103 104 105 106 107 108 109 110 111 112 113 114 115 116 117 118 119 120 121 122 123 124 125 126 127 128 129 130 131 132 133 134 135 136 137 138 139 140 141 142 143 144 145 146 147 148 149 150 151 152 153 154 155 156 157 158 159 160 161 162 163 164 165 166 167 168 169 170 171 172 173 174 175 176 177 178 179 180 181 182 183 184 185 186 187 188 189 190 191 192 193 194 195 196 197 198 199 200 201 202 203 204 205 206 207 208 209
2 4 5 7 8 9 11 12 13 14 16 17 18 19 20 22 23 24 25 26 27 29 30 31 32 33 34 35 37 38 39 40 41 42 43 44 46 47 48 49 50 51 52 53 54 56 57 58 59 60 61 62 63 64 65 1 67 68 69 70 71 72 73 74 75 76 3 78 79 80 81 82 83 84 85 86 87 6 89 90 91 92 93 94 95 96 97 98 10 100 101 102 103 104 105 106 107 108 109 15 111 112 113 114 115 116 117 118 119 120 21 122 123 124 125 126 127 128 129 130 131 28 133 134 135 136 137 138 139 140 141 142 36 144 145 146 147 148 149 150 151 152 153 45 155 156 157 158 159 160 161 162 163 164 55 165 166 167 168 169 170 171 172 173 66 174 175 176 177 178 179 180 181 77 182 183 184 185 186 187 188 88 189 190 191 192 193 194 99 195 196 197 198 199 110 200 201 202 203 121 204 205 206 132 207 208 143 209 154
3 5 6 8 9 10 12 13 14 15 17 18 19 20 21 23 24 25 26 27 28 30 31 32 33 34 35 36 38 39 40 41 42 43 44 45 47 48 49 50 51 52 53 54 55 57 58 59 60 61 62 63 64 65 66 67 68 69 70 71 72 73 74 75 76 77 78 79 80 81 82 83 84 85 86 87 88 89 90 91 92 93 94 95 96 97 98 99 100 101 102 103 104 105 106 107 108 109 110 111 112 113 114 115 116 117 118 119 120 121 122 123 124 125 126 127 128 129 130 131 132 133 134 135 136 137 138 139 140 141 142 143 144 145 146 147 148 149 150 151 152 153 154 155 156 157 158 159 160 161 162 163 164 1 165 166 167 168 169 170 171 172 173 2 174 175 176 177 178 179 180 181 4 182 183 184 185 186 187 188 7 189 190 191 192 193 194 11 195 196 197 198 199 16 200 201 202 203 22 204 205 206 29 207 208 37 209 46 56
4 7 8 11 12 13 16 17 18 19 22 23 24 25 26 29 30 31 32 33 34 37 38 39 40 41 42 43 46 47 48 49 50 51 52 53 56 57 58 59 60 61 62 63 64 1 67 68 69 70 71 72 73 74 75 2 3 78 79 80 81 82 83 84 85 86 5 6 89 90 91 92 93 94 95 96 97 9 10 100 101 102 103 104 105 106 107 108 14 15 111 112 113 114 115 116 117 118 119 20 21 122 123 124 125 126 127 128 129 130 27 28 133 134 135 136 137 138 139 140 141 35 36 144 145 146 147 148 149 150 151 152 44 45 155 156 157 158 159 160 161 162 163 54 55 165 166 167 168 169 170 171 172 173 65 66 174 175 176 177 178 179 180 181 76 77 182 183 184 185 186 187 188 87 88 189 190 191 192 193 194 98 99 195 196 197 198 199 109 110 200 201 202 203 120 121 204 205 206 131 132 207 208 142 143 209 153 154 164
5 8 9 12 13 14 17 18 19 20 23 24 25 26 27 30 31 32 33 34 35 38 39 40 41 42 43 44 47 48 49 50 51 52 53 54 57 58 59 60 61 62 63 64 65 67 68 69 70 71 72 73 74 75 76 3 78 79 80 81 82 83 84 85 86 87 6 89 90 91 92 93 94 95 96 97 98 10 100 101 102 103 104 105 106 107 108 109 15 111 112 113 114 115 116 117 118 119 120 21 122 123 124 125 126 127 128 129 130 131 28 133 134 135 136 137 138 139 140 141 142 36 144 145 146 147 148 149 150 151 152 153 45 155 156 157 158 159 160 161 162 163 164 55 165 166 167 168 169 170 171 172 173 2 66 174 175 176 177 178 179 180 181 4 77 182 183 184 185 186 187 188 7 88 189 190 191 192 193 194 11 99 195 196 197 198 199 16 110 200 201 202 203 22 121 204 205 206 29 132 207 208 37 143 209 46 154 56 1
6 9 10 13 14 15 18 19 20 21 24 25 26 27 28 31 32 33 34 35 36 39 40 41 42 43 44 45 48 49 50 51 52 53 54 55 58 59 60 61 62 63 64 65 66 68 69 70 71 72 73 74 75 76 77 78 79 80 81 82 83 84 85 86 87 88 89 90 91 92 93 94 95 96 97 98 99 100 101 102 103 104 105 106 107 108 109 110 111 112 113 114 115 116 117 118 119 120 121 122 123 124 125 126 127 128 129 130 131 132 133 134 135 136 137 138 139 140 141 142 143 144 145 146 147 148 149 150 151 152 153 154 155 156 157 158 159 160 161 162 163 164 1 165 166 167 168 169 170 171 172 173 2 3 174 175 176 177 178 179 180 181 4 5 182 183 184 185 186 187 188 7 8 189 190 191 192 193 194 11 12 195 196 197 198 199 16 17 200 201 202 203 22 23 204 205 206 29 30 207 208 37 38 209 46 47 56 57 67
7 11 12 16 17 18 22 23 24 25 29 30 31 32 33 37 38 39 40 41 42 46 47 48 49 50 51 52 56 57 58 59 60 61 62 63 1 67 68 69 70 71 72 73 74 2 3 78 79 80 81 82 83 84 85 4 5 6 89 90 91 92 93 94 95 96 8 9 10 100 101 102 103 104 105 106 107 13 14 15 111 112 113 114 115 116 117 118 19 20 21 122 123 124 125 126 127 128 129 26 27 28 133 134 135 136 137 138 139 140 34 35 36 144 145 146 147 148 149 150 151 43 44 45 155 156 157 158 159 160 161 162 53 54 55 165 166 167 168 169 170 171 172 64 65 66 174 175 176 177 178 179 180 181 75 76 77 182 183 184 185 186 187 188 86 87 88 189 190 191 192 193 194 97 98 99 195 196 197 198 199 108 109 110 200 201 202 203 119 120 121 204 205 206 130 131 132 207 208 141 142 143 209 152 153 154 163 164 173
8 12 13 17 18 19 23 24 25 26 30 31 32 33 34 38 39 40 41 42 43 47 48 49 50 51 52 53 57 58 59 60 61 62 63 64 67 68 69 70 71 72 73 74 75 3 78 79 80 81 82 83 84 85 86 5 6 89 90 91 92 93 94 95 96 97 9 10 100 101 102 103 104 105 106 107 108 14 15 111 112 113 114 115 116 117 118 119 20 21 122 123 124 125 126 127 128 129 130 27 28 133 134 135 136 137 138 139 140 141 35 36 144 145 146 147 148 149 150 151 152 44 45 155 156 157 158 159 160 161 162 163 54 55 165 166 167 168 169 170 171 172 173 65 66 174 175 176 177 178 179 180 181 4 76 77 182 183 184 185 186 187 188 7 87 88 189 190 191 192 193 194 11 98 99 195 196 197 198 199 16 109 110 200 201 202 203 22 120 121 204 205 206 29 131 132 207 208 37 142 143 209 46 153 154 56 164 1 2
9 13 14 18 19 20 24 25 26 27 31 32 33 34 35 39 40 41 42 43 44 48 49 50 51 52 53 54 58 59 60 61 62 63 64 65 68 69 70 71 72 73 74 75 76 78 79 80 81 82 83 84 85 86 87 6 89 90 91 92 93 94 95 96 97 98 10 100 101 102 103 104 105 106 107 108 109 15 111 112 113 114 115 116 117 118 119 120 21 122 123 124 125 126 127 128 129 130 131 28 133 134 135 136 137 138 139 140 141 142 36 144 145 146 147 148 149 150 151 152 153 45 155 156 157 158 159 160 161 162 163 164 55 165 166 167 168 169 170 171 172 173 2 66 174 175 176 177 178 179 180 181 4 5 77 182 183 184 185 186 187 188 7 8 88 189 190 191 192 193 194 11 12 99 195 196 197 198 199 16 17 110 200 201 202 203 22 23 121 204 205 206 29 30 132 207 208 37 38 143 209 46 47 154 56 57 1 67 3
10 14 15 19 20 21 25 26 27 28 32 33 34 35 36 40 41 42 43 44 45 49 50 51 52 53 54 55 59 60 61 62 63 64 65 66 69 70 71 72 73 74 75 76 77 79 80 81 82 83 84 85 86 87 88 89 90 91 92 93 94 95 96 97 98 99 100 101 102 103 104 105 106 107 108 109 110 111 112 113 114 115 116 117 118 119 120 121 122 123 124 125 126 127 128 129 130 131 132 133 134 135 136 137 138 139 140 141 142 143 144 145 146 147 148 149 150 151 152 153 154 155 156 157 158 159 160 161 162 163 164 1 165 166 167 168 169 170 171 172 173 2 3 174 175 176 177 178 179 180 181 4 5 6 182 183 184 185 186 187 188 7 8 9 189 190 191 192 193 194 11 12 13 195 196 197 198 199 16 17 18 200 201 202 203 22 23 24 204 205 206 29 30 31 207 208 37 38 39 209 46 47 48 56 57 58 67 68 78
11 16 17 22 23 24 29 30 31 32 37 38 39 40 41 46 47 48 49 50 51 56 57 58 59 60 61 62 1 67 68 69 70 71 72 73 2 3 78 79 80 81 82 83 84 4 5 6 89 90 91 92 93 94 95 7 8 9 10 100 101 102 103 104 105 106 12 13 14 15 111 112 113 114 115 116 117 18 19 20 21 122 123 124 125 126 127 128 25 26 27 28 133 134 135 136 137 138 139 33 34 35 36 144 145 146 147 148 149 150 42 43 44 45 155 156 157 158 159 160 161 52 53 54 55 165 166 167 168 169 170 171 63 64 65 66 174 175 176 177 178 179 180 74 75 76 77 182 183 184 185 186 187 188 85 86 87 88 189 190 191 192 193 194 96 97 98 99 195 196 197 198 199 107 108 109 110 200 201 202 203 118 119 120 121 204 205 206 129 130 131 132 207 208 140 141 142 143 209 151 152 153 154 162 163 164 172 173 181
12 17 18 23 24 25 30 31 32 33 38 39 40 41 42 47 48 49 50 51 52 57 58 59 60 61 62 63 67 68 69 70 71 72 73 74 3 78 79 80 81 82 83 84 85 5 6 89 90 91 92 93 94 95 96 8 9 10 100 101 102 103 104 105 106 107 13 14 15 111 112 113 114 115 116 117 118 19 20 21 122 123 124 125 126 127 128 129 26 27 28 133 134 135 136 137 138 139 140 34 35 36 144 145 146 147 148 149 150 151 43 44 45 155 156 157 158 159 160 161 162 53 54 55 165 166 167 168 169 170 171 172 64 65 66 174 175 176 177 178 179 180 181 75 76 77 182 183 184 185 186 187 188 7 86 87 88 189 190 191 192 193 194 11 97 98 99 195 196 197 198 199 16 108 109 110 200 201 202 203 22 119 120 121 204 205 206 29 130 131 132 207 208 37 141 142 143 209 46 152 153 154 56 163 164 1 173 2 4
13 18 19 24 25 26 31 32 33 34 39 40 41 42 43 48 49 50 51 52 53 58 59 60 61 62 63 64 68 69 70 71 72 73 74 75 78 79 80 81 82 83 84 85 86 6 89 90 91 92 93 94 95 96 97 9 10 100 101 102 103 104 105 106 107 108 14 15 111 112 113 114 115 116 117 118 119 20 21 122 123 124 125 126 127 128 129 130 27 28 133 134 135 136 137 138 139 140 141 35 36 144 145 146 147 148 149 150 151 152 44 45 155 156 157 158 159 160 161 162 163 54 55 165 166 167 168 169 170 171 172 173 65 66 174 175 176 177 178 179 180 181 4 76 77 182 183 184 185 186 187 188 7 8 87 88 189 190 191 192 193 194 11 12 98 99 195 196 197 198 199 16 17 109 110 200 201 202 203 22 23 120 121 204 205 206 29 30 131 132 207 208 37 38 142 143 209 46 47 153 154 56 57 164 1 67 2 3 5
14 19 20 25 26 27 32 33 34 35 40 41 42 43 44 49 50 51 52 53 54 59 60 61 62 63 64 65 69 70 71 72 73 74 75 76 79 80 81 82 83 84 85 86 87 89 90 91 92 93 94 95 96 97 98 10 100 101 102 103 104 105 106 107 108 109 15 111 112 113 114 115 116 117 118 119 120 21 122 123 124 125 126 127 128 129 130 131 28 133 134 135 136 137 138 139 140 141 142 36 144 145 146 147 148 149 150 151 152 153 45 155 156 157 158 159 160 161 162 163 164 55 165 166 167 168 169 170 171 172 173 2 66 174 175 176 177 178 179 180 181 4 5 77 182 183 184 185 186 187 188 7 8 9 88 189 190 191 192 193 194 11 12 13 99 195 196 197 198 199 16 17 18 110 200 201 202 203 22 23 24 121 204 205 206 29 30 31 132 207 208 37 38 39 143 209 46 47 48 154 56 57 58 1 67 68 3 78 6
15 20 21 26 27 28 33 34 35 36 41 42 43 44 45 50 51 52 53 54 55 60 61 62 63 64 65 66 70 71 72 73 74 75 76 77 80 81 82 83 84 85 86 87 88 90 91 92 93 94 95 96 97 98 99 100 101 102 103 104 105 106 107 108 109 110 111 112 113 114 115 116 117 118 119 120 121 122 123 124 125 126 127 128 129 130 131 132 133 134 135 136 137 138 139 140 141 142 143 144 145 146 147 148 149 150 151 152 153 154 155 156 157 158 159 160 161 162 163 164 1 165 166 167 168 169 170 171 172 173 2 3 174 175 176 177 178 179 180 181 4 5 6 182 183 184 185 186 187 188 7 8 9 10 189 190 191 192 193 194 11 12 13 14 195 196 197 198 199 16 17 18 19 200 201 202 203 22 23 24 25 204 205 206 29 30 31 32 207 208 37 38 39 40 209 46 47 48 49 56 57 58 59 67 68 69 78 79 89
16 22 23 29 30 31 37 38 39 40 46 47 48 49 50 56 57 58 59 60 61 1 67 68 69 70 71 72 2 3 78 79 80 81 82 83 4 5 6 89 90 91 92 93 94 7 8 9 10 100 101 102 103 104 105 11 12 13 14 15 111 112 113 114 115 116 17 18 19 20 21 122 123 124 125 126 127 24 25 26 27 28 133 134 135 136 137 138 32 33 34 35 36 144 145 146 147 148 149 41 42 43 44 45 155 156 157 158 159 160 51 52 53 54 55 165 166 167 168 169 170 62 63 64 65 66 174 175 176 177 178 179 73 74 75 76 77 182 183 184 185 186 187 84 85 86 87 88 189 190 191 192 193 194 95 96 97 98 99 195 196 197 198 199 106 107 108 109 110 200 201 202 203 117 118 119 120 121 204 205 206 128 129 130 131 132 207 208 139 140 141 142 143 209 150 151 152 153 154 161 162 163 164 171 172 173 180 181 188
17 23 24 30 31 32 38 39 40 41 47 48 49 50 51 57 58 59 60 61 62 67 68 69 70 71 72 73 3 78 79 80 81 82 83 84 5 6 89 90 91 92 93 94 95 8 9 10 100 101 102 103 104 105 106 12 13 14 15 111 112 113 114 115 116 117 18 19 20 21 122 123 124 125 126 127 128 25 26 27 28 133 134 135 136 137 138 139 33 34 35 36 144 145 146 147 148 149 150 42 43 44 45 155 156 157 158 159 160 161 52 53 54 55 165 166 167 168 169 170 171 63 64 65 66 174 175 176 177 178 179 180 74 75 76 77 182 183 184 185 186 187 188 85 86 87 88 189 190 191 192 193 194 11 96 97 98 99 195 196 197 198 199 16 107 108 109 110 200 201 202 203 22 118 119 120 121 204 205 206 29 129 130 131 132 207 208 37 140 141 142 143 209 46 151 152 153 154 56 162 163 164 1 172 173 2 181 4 7
18 24 25 31 32 33 39 40 41 42 48 49 50 51 52 58 59 60 61 62 63 68 69 70 71 72 73 74 78 79 80 81 82 83 84 85 6 89 90 91 92 93 94 95 96 9 10 100 101 102 103 104 105 106 107 13 14 15 111 112 113 114 115 116 117 118 19 20 21 122 123 124 125 126 127 128 129 26 27 28 133 134 135 136 137 138 139 140 34 35 36 144 145 146 147 148 149 150 151 43 44 45 155 156 157 158 159 160 161 162 53 54 55 165 166 167 168 169 170 171 172 64 65 66 174 175 176 177 178 179 180 181 75 76 77 182 183 184 185 186 187 188 7 86 87 88 189 190 191 192 193 194 11 12 97 98 99 195 196 197 198 199 16 17 108 109 110 200 201 202 203 22 23 119 120 121 204 205 206 29 30 130 131 132 207 208 37 38 141 142 143 209 46 47 152 153 154 56 57 163 164 1 67 173 2 3 4 5 8
19 25 26 32 33 34 40 41 42 43 49 50 51 52 53 59 60 61 62 63 64 69 70 71 72 73 74 75 79 80 81 82 83 84 85 86 89 90 91 92 93 94 95 96 97 10 100 101 102 103 104 105 106 107 108 14 15 111 112 113 114 115 116 117 118 119 20 21 122 123 124 125 126 127 128 129 130 27 28 133 134 135 136 137 138 139 140 141 35 36 144 145 146 147 148 149 150 151 152 44 45 155 156 157 158 159 160 161 162 163 54 55 165 166 167 168 169 170 171 172 173 65 66 174 175 176 177 178 179 180 181 4 76 77 182 183 184 185 186 187 188 7 8 87 88 189 190 191 192 193 194 11 12 13 98 99 195 196 197 198 199 16 17 18 109 110 200 201 202 203 22 23 24 120 121 204 205 206 29 30 31 131 132 207 208 37 38 39 142 143 209 46 47 48 153 154 56 57 58 164 1 67 68 2 3 78 5 6 9
20 26 27 33 34 35 41 42 43 44 50 51 52 53 54 60 61 62 63 64 65 70 71 72 73 74 75 76 80 81 82 83 84 85 86 87 90 91 92 93 94 95 96 97 98 100 101 102 103 104 105 106 107 108 109 15 111 112 113 114 115 116 117 118 119 120 21 122 123 124 125 126 127 128 129 130 131 28 133 134 135 136 137 138 139 140 141 142 36 144 145 146 147 148 149 150 151 152 153 45 155 156 157 158 159 160 161 162 163 164 55 165 166 167 168 169 170 171 172 173 2 66 174 175 176 177 178 179 180 181 4 5 77 182 183 184 185 186 187 188 7 8 9 88 189 190 191 192 193 194 11 12 13 14 99 195 196 197 198 199 16 17 18 19 110 200 201 202 203 22 23 24 25 121 204 205 206 29 30 31 32 132 207 208 37 38 39 40 143 209 46 47 48 49 154 56 57 58 59 1 67 68 69 3 78 79 6 89 10
21 27 28 34 35 36 42 43 44 45 51 52 53 54 55 61 62 63 64 65 66 71 72 73 74 75 76 77 81 82 83 84 85 86 87 88 91 92 93 94 95 96 97 98 99 101 102 103 104 105 106 107 108 109 110 111 112 113 114 115 116 117 118 119 120 121 122 123 124 125 126 127 128 129 130 131 132 133 134 135 136 137 138 139 140 141 142 143 144 145 146 147 148 149 150 151 152 153 154 155 156 157 158 159 160 161 162 163 164 1 165 166 167 168 169 170 171 172 173 2 3 174 175 176 177 178 179 180 181 4 5 6 182 183 184 185 186 187 188 7 8 9 10 189 190 191 192 193 194 11 12 13 14 15 195 196 197 198 199 16 17 18 19 20 200 201 202 203 22 23 24 25 26 204 205 206 29 30 31 32 33 207 208 37 38 39 40 41 209 46 47 48 49 50 56 57 58 59 60 67 68 69 70 78 79 80 89 90 100
22 29 30 37 38 39 46 47 48 49 56 57 58 59 60 1 67 68 69 70 71 2 3 78 79 80 81 82 4 5 6 89 90 91 92 93 7 8 9 10 100 101 102 103 104 11 12 13 14 15 111 112 113 114 115 16 17 18 19 20 21 122 123 124 125 126 23 24 25 26 27 28 133 134 135 136 137 31 32 33 34 35 36 144 145 146 147 148 40 41 42 43 44 45 155 156 157 158 159 50 51 52 53 54 55 165 166 167 168 169 61 62 63 64 65 66 174 175 176 177 178 72 73 74 75 76 77 182 183 184 185 186 83 84 85 86 87 88 189 190 191 192 193 94 95 96 97 98 99 195 196 197 198 199 105 106 107 108 109 110 200 201 202 203 116 117 118 119 120 121 204 205 206 127 128 129 130 131 132 207 208 138 139 140 141 142 143 209 149 150 151 152 153 154 160 161 162 163 164 170 171 172 173 179 180 181 187 188 194
23 30 31 38 39 40 47 48 49 50 57 58 59 60 61 67 68 69 70 71 72 3 78 79 80 81 82 83 5 6 89 90 91 92 93 94 8 9 10 100 101 102 103 104 105 12 13 14 15 111 112 113 114 115 116 17 18 19 20 21 122 123 124 125 126 127 24 25 26 27 28 133 134 135 136 137 138 32 33 34 35 36 144 145 146 147 148 149 41 42 43 44 45 155 156 157 158 159 160 51 52 53 54 55 165 166 167 168 169 170 62 63 64 65 66 174 175 176 177 178 179 73 74 75 76 77 182 183 184 185 186 187 84 85 86 87 88 189 190 191 192 193 194 95 96 97 98 99 195 196 197 198 199 16 106 107 108 109 110 200 201 202 203 22 117 118 119 120 121 204 205 206 29 128 129 130 131 132 207 208 37 139 140 141 142 143 209 46 150 151 152 153 154 56 161 162 163 164 1 171 172 173 2 180 181 4 188 7 11
24 31 32 39 40 41 48 49 50 51 58 59 60 61 62 68 69 70 71 72 73 78 79 80 81 82 83 84 6 89 90 91 92 93 94 95 9 10 100 101 102 103 104 105 106 13 14 15 111 112 113 114 115 116 117 18 19 20 21 122 123 124 125 126 127 128 25 26 27 28 133 134 135 136 137 138 139 33 34 35 36 144 145 146 147 148 149 150 42 43 44 45 155 156 157 158 159 160 161 52 53 54 55 165 166 167 168 169 170 171 63 64 65 66 174 175 176 177 178 179 180 74 75 76 77 182 183 184 185 186 187 188 85 86 87 88 189 190 191 192 193 194 11 96 97 98 99 195 196 197 198 199 16 17 107 108 109 110 200 201 202 203 22 23 118 119 120 121 204 205 206 29 30 129 130 131 132 207 208 37 38 140 141 142 143 209 46 47 151 152 153 154 56 57 162 163 164 1 67 172 173 2 3 181 4 5 7 8 12
25 32 33 40 41 42 49 50 51 52 59 60 61 62 63 69 70 71 72 73 74 79 80 81 82 83 84 85 89 90 91 92 93 94 95 96 10 100 101 102 103 104 105 106 107 14 15 111 112 113 114 115 116 117 118 19 20 21 122 123 124 125 126 127 128 129 26 27 28 133 134 135 136 137 138 139 140 34 35 36 144 145 146 147 148 149 150 151 43 44 45 155 156 157 158 159 160 161 162 53 54 55 165 166 167 168 169 170 171 172 64 65 66 174 175 176 177 178 179 180 181 75 76 77 182 183 184 185 186 187 188 7 86 87 88 189 190 191 192 193 194 11 12 97 98 99 195 196 197 198 199 16 17 18 108 109 110 200 201 202 203 22 23 24 119 120 121 204 205 206 29 30 31 130 131 132 207 208 37 38 39 141 142 143 209 46 47 48 152 153 154 56 57 58 163 164 1 67 68 173 2 3 78 4 5 6 8 9 13
26 33 34 41 42 43 50 51 52 53 60 61 62 63 64 70 71 72 73 74 75 80 81 82 83 84 85 86 90 91 92 93 94 95 96 97 100 101 102 103 104 105 106 107 108 15 111 112 113 114 115 116 117 118 119 20 21 122 123 124 125 126 127 128 129 130 27 28 133 134 135 136 137 138 139 140 141 35 36 144 145 146 147 148 149 150 151 152 44 45 155 156 157 158 159 160 161 162 163 54 55 165 166 167 168 169 170 171 172 173 65 66 174 175 176 177 178 179 180 181 4 76 77 182 183 184 185 186 187 188 7 8 87 88 189 190 191 192 193 194 11 12 13 98 99 195 196 197 198 199 16 17 18 19 109 110 200 201 202 203 22 23 24 25 120 121 204 205 206 29 30 31 32 131 132 207 208 37 38 39 40 142 143 209 46 47 48 49 153 154 56 57 58 59 164 1 67 68 69 2 3 78 79 5 6 89 9 10 14
27 34 35 42 43 44 51 52 53 54 61 62 63 64 65 71 72 73 74 75 76 81 82 83 84 85 86 87 91 92 93 94 95 96 97 98 101 102 103 104 105 106 107 108 109 111 112 113 114 115 116 117 118 119 120 21 122 123 124 125 126 127 128 129 130 131 28 133 134 135 136 137 138 139 140 141 142 36 144 145 146 147 148 149 150 151 152 153 45 155 156 157 158 159 160 161 162 163 164 55 165 166 167 168 169 170 171 172 173 2 66 174 175 176 177 178 179 180 181 4 5 77 182 183 184 185 186 187 188 7 8 9 88 189 190 191 192 193 194 11 12 13 14 99 195 196 197 198 199 16 17 18 19 20 110 200 201 202 203 22 23 24 25 26 121 204 205 206 29 30 31 32 33 132 207 208 37 38 39 40 41 143 209 46 47 48 49 50 154 56 57 58 59 60 1 67 68 69 70 3 78 79 80 6 89 90 10 100 15
28 35 36 43 44 45 52 53 54 55 62 63 64 65 66 72 73 74 75 76 77 82 83 84 85 86 87 88 92 93 94 95 96 97 98 99 102 103 104 105 106 107 108 109 110 112 113 114 115 116 117 118 119 120 121 122 123 124 125 126 127 128 129 130 131 132 133 134 135 136 137 138 139 140 141 142 143 144 145 146 147 148 149 150 151 152 153 154 155 156 157 158 159 160 161 162 163 164 1 165 166 167 168 169 170 171 172 173 2 3 174 175 176 177 178 179 180 181 4 5 6 182 183 184 185 186 187 188 7 8 9 10 189 190 191 192 193 194 11 12 13 14 15 195 196 197 198 199 16 17 18 19 20 21 200 201 202 203 22 23 24 25 26 27 204 205 206 29 30 31 32 33 34 207 208 37 38 39 40 41 42 209 46 47 48 49 50 51 56 57 58 59 60 61 67 68 69 70 71 78 79 80 81 89 90 91 100 101 111
29 37 38 46 47 48 56 57 58 59 1 67 68 69 70 2 3 78 79 80 81 4 5 6 89 90 91 92 7 8 9 10 100 101 102 103 11 12 13 14 15 111 112 113 114 16 17 18 19 20 21 122 123 124 125 22 23 24 25 26 27 28 133 134 135 136 30 31 32 33 34 35 36 144 145 146 147 39 40 41 42 43 44 45 155 156 157 158 49 50 51 52 53 54 55 165 166 167 168 60 61 62 63 64 65 66 174 175 176 177 71 72 73 74 75 76 77 182 183 184 185 82 83 84 85 86 87 88 189 190 191 192 93 94 95 96 97 98 99 195 196 197 198 104 105 106 107 108 109 110 200 201 202 203 115 116 117 118 119 120 121 204 205 206 126 127 128 129 130 131 132 207 208 137 138 139 140 141 142 143 209 148 149 150 151 152 153 154 159 160 161 162 163 164 169 170 171 172 173 178 179 180 181 186 187 188 193 194 199
30 38 39 47 48 49 57 58 59 60 67 68 69 70 71 3 78 79 80 81 82 5 6 89 90 91 92 93 8 9 10 100 101 102 103 104 12 13 14 15 111 112 113 114 115 17 18 19 20 21 122 123 124 125 126 23 24 25 26 27 28 133 134 135 136 137 31 32 33 34 35 36 144 145 146 147 148 40 41 42 43 44 45 155 156 157 158 159 50 51 52 53 54 55 165 166 167 168 169 61 62 63 64 65 66 174 175 176 177 178 72 73 74 75 76 77 182 183 184 185 186 83 84 85 86 87 88 189 190 191 192 193 94 95 96 97 98 99 195 196 197 198 199 105 106 107 108 109 110 200 201 202 203 22 116 117 118 119 120 121 204 205 206 29 127 128 129 130 131 132 207 208 37 138 139 140 141 142 143 209 46 149 150 151 152 153 154 56 160 161 162 163 164 1 170 171 172 173 2 179 180 181 4 187 188 7 194 11 16
31 39 40 48 49 50 58 59 60 61 68 69 70 71 72 78 79 80 81 82 83 6 89 90 91 92 93 94 9 10 100 101 102 103 104 105 13 14 15 111 112 113 114 115 116 18 19 20 21 122 123 124 125 126 127 24 25 26 27 28 133 134 135 136 137 138 32 33 34 35 36 144 145 146 147 148 149 41 42 43 44 45 155 156 157 158 159 160 51 52 53 54 55 165 166 167 168 169 170 62 63 64 65 66 174 175 176 177 178 179 73 74 75 76 77 182 183 184 185 186 187 84 85 86 87 88 189 190 191 192 193 194 95 96 97 98 99 195 196 197 198 199 16 106 107 108 109 110 200 201 202 203 22 23 117 118 119 120 121 204 205 206 29 30 128 129 130 131 132 207 208 37 38 139 140 141 142 143 209 46 47 150 151 152 153 154 56 57 161 162 163 164 1 67 171 172 173 2 3 180 181 4 5 188 7 8 11 12 17
32 40 41 49 50 51 59 60 61 62 69 70 71 72 73 79 80 81 82 83 84 89 90 91 92 93 94 95 10 100 101 102 103 104 105 106 14 15 111 112 113 114 115 116 117 19 20 21 122 123 124 125 126 127 128 25 26 27 28 133 134 135 136 137 138 139 33 34 35 36 144 145 146 147 148 149 150 42 43 44 45 155 156 157 158 159 160 161 52 53 54 55 165 166 167 168 169 170 171 63 64 65 66 174 175 176 177 178 179 180 74 75 76 77 182 183 184 185 186 187 188 85 86 87 88 189 190 191 192 193 194 11 96 97 98 99 195 196 197 198 199 16 17 107 108 109 110 200 201 202 203 22 23 24 118 119 120 121 204 205 206 29 30 31 129 130 131 132 207 208 37 38 39 140 141 142 143 209 46 47 48 151 152 153 154 56 57 58 162 163 164 1 67 68 172 173 2 3 78 181 4 5 6 7 8 9 12 13 18
33 41 42 50 51 52 60 61 62 63 70 71 72 73 74 80 81 82 83 84 85 90 91 92 93 94 95 96 100 101 102 103 104 105 106 107 15 111 112 113 114 115 116 117 118 20 21 122 123 124 125 126 127 128 129 26 27 28 133 134 135 136 137 138 139 140 34 35 36 144 145 146 147 148 149 150 151 43 44 45 155 156 157 158 159 160 161 162 53 54 55 165 166 167 168 169 170 171 172 64 65 66 174 175 176 177 178 179 180 181 75 76 77 182 183 184 185 186 187 188 7 86 87 88 189 190 191 192 193 194 11 12 97 98 99 195 196 197 198 199 16 17 18 108 109 110 200 201 202 203 22 23 24 25 119 120 121 204 205 206 29 30 31 32 130 131 132 207 208 37 38 39 40 141 142 143 209 46 47 48 49 152 153 154 56 57 58 59 163 164 1 67 68 69 173 2 3 78 79 4 5 6 89 8 9 10 13 14 19
34 42 43 51 52 53 61 62 63 64 71 72 73 74 75 81 82 83 84 85 86 91 92 93 94 95 96 97 101 102 103 104 105 106 107 108 111 112 113 114 115 116 117 118 119 21 122 123 124 125 126 127 128 129 130 27 28 133 134 135 136 137 138 139 140 141 35 36 144 145 146 147 148 149 150 151 152 44 45 155 156 157 158 159 160 161 162 163 54 55 165 166 167 168 169 170 171 172 173 65 66 174 175 176 177 178 179 180 181 4 76 77 182 183 184 185 186 187 188 7 8 87 88 189 190 191 192 193 194 11 12 13 98 99 195 196 197 198 199 16 17 18 19 109 110 200 201 202 203 22 23 24 25 26 120 121 204 205 206 29 30 31 32 33 131 132 207 208 37 38 39 40 41 142 143 209 46 47 48 49 50 153 154 56 57 58 59 60 164 1 67 68 69 70 2 3 78 79 80 5 6 89 90 9 10 100 14 15 20
35 43 44 52 53 54 62 63 64 65 72 73 74 75 76 82 83 84 85 86 87 92 93 94 95 96 97 98 102 103 104 105 106 107 108 109 112 113 114 115 116 117 118 119 120 122 123 124 125 126 127 128 129 130 131 28 133 134 135 136 137 138 139 140 141 142 36 144 145 146 147 148 149 150 151 152 153 45 155 156 157 158 159 160 161 162 163 164 55 165 166 167 168 169 170 171 172 173 2 66 174 175 176 177 178 179 180 181 4 5 77 182 183 184 185 186 187 188 7 8 9 88 189 190 191 192 193 194 11 12 13 14 99 195 196 197 198 199 16 17 18 19 20 110 200 201 202 203 22 23 24 25 26 27 121 204 205 206 29 30 31 32 33 34 132 207 208 37 38 39 40 41 42 143 209 46 47 48 49 50 51 154 56 57 58 59 60 61 1 67 68 69 70 71 3 78 79 80 81 6 89 90 91 10 100 101 15 111 21
36 44 45 53 54 55 63 64 65 66 73 74 75 76 77 83 84 85 86 87 88 93 94 95 96 97 98 99 103 104 105 106 107 108 109 110 113 114 115 116 117 118 119 120 121 123 124 125 126 127 128 129 130 131 132 133 134 135 136 137 138 139 140 141 142 143 144 145 146 147 148 149 150 151 152 153 154 155 156 157 158 159 160 161 162 163 164 1 165 166 167 168 169 170 171 172 173 2 3 174 175 176 177 178 179 180 181 4 5 6 182 183 184 185 186 187 188 7 8 9 10 189 190 191 192 193 194 11 12 13 14 15 195 196 197 198 199 16 17 18 19 20 21 200 201 202 203 22 23 24 25 26 27 28 204 205 206 29 30 31 32 33 34 35 207 208 37 38 39 40 41 42 43 209 46 47 48 49 50 51 52 56 57 58 59 60 61 62 67 68 69 70 71 72 78 79 80 81 82 89 90 91 92 100 101 102 111 112 122
37 46 47 56 57 58 1 67 68 69 2 3 78 79 80 4 5 6 89 90 91 7 8 9 10 100 101 102 11 12 13 14 15 111 112 113 16 17 18 19 20 21 122 123 124 22 23 24 25 26 27 28 133 134 135 29 30 31 32 33 34 35 36 144 145 146 38 39 40 41 42 43 44 45 155 156 157 48 49 50 51 52 53 54 55 165 166 167 59 60 61 62 63 64 65 66 174 175 176 70 71 72 73 74 75 76 77 182 183 184 81 82 83 84 85 86 87 88 189 190 191 92 93 94 95 96 97 98 99 195 196 197 103 104 105 106 107 108 109 110 200 201 202 114 115 116 117 118 119 120 121 204 205 206 125 126 127 128 129 130 131 132 207 208 136 137 138 139 140 141 142 143 209 147 148 149 150 151 152 153 154 158 159 160 161 162 163 164 168 169 170 171 172 173 177 178 179 180 181 185 186 187 188 192 193 194 198 199 203
38 47 48 57 58 59 67 68 69 70 3 78 79 80 81 5 6 89 90 91 92 8 9 10 100 101 102 103 12 13 14 15 111 112 113 114 17 18 19 20 21 122 123 124 125 23 24 25 26 27 28 133 134 135 136 30 31 32 33 34 35 36 144 145 146 147 39 40 41 42 43 44 45 155 156 157 158 49 50 51 52 53 54 55 165 166 167 168 60 61 62 63 64 65 66 174 175 176 177 71 72 73 74 75 76 77 182 183 184 185 82 83 84 85 86 87 88 189 190 191 192 93 94 95 96 97 98 99 195 196 197 198 104 105 106 107 108 109 110 200 201 202 203 115 116 117 118 119 120 121 204 205 206 29 126 127 128 129 130 131 132 207 208 37 137 138 139 140 141 142 143 209 46 148 149 150 151 152 153 154 56 159 160 161 162 163 164 1 169 170 171 172 173 2 178 179 180 181 4 186 187 188 7 193 194 11 199 16 22
39 48 49 58 59 60 68 69 70 71 78 79 80 81 82 6 89 90 91 92 93 9 10 100 101 102 103 104 13 14 15 111 112 113 114 115 18 19 20 21 122 123 124 125 126 24 25 26 27 28 133 134 135 136 137 31 32 33 34 35 36 144 145 146 147 148 40 41 42 43 44 45 155 156 157 158 159 50 51 52 53 54 55 165 166 167 168 169 61 62 63 64 65 66 174 175 176 177 178 72 73 74 75 76 77 182 183 184 185 186 83 84 85 86 87 88 189 190 191 192 193 94 95 96 97 98 99 195 196 197 198 199 105 106 107 108 109 110 200 201 202 203 22 116 117 118 119 120 121 204 205 206 29 30 127 128 129 130 131 132 207 208 37 38 138 139 140 141 142 143 209 46 47 149 150 151 152 153 154 56 57 160 161 162 163 164 1 67 170 171 172 173 2 3 179 180 181 4 5 187 188 7 8 194 11 12 16 17 23
40 49 50 59 60 61 69 70 71 72 79 80 81 82 83 89 90 91 92 93 94 10 100 101 102 103 104 105 14 15 111 112 113 114 115 116 19 20 21 122 123 124 125 126 127 25 26 27 28 133 134 135 136 137 138 32 33 34 35 36 144 145 146 147 148 149 41 42 43 44 45 155 156 157 158 159 160 51 52 53 54 55 165 166 167 168 169 170 62 63 64 65 66 174 175 176 177 178 179 73 74 75 76 77 182 183 184 185 186 187 84 85 86 87 88 189 190 191 192 193 194 95 96 97 98 99 195 196 197 198 199 16 106 107 108 109 110 200 201 202 203 22 23 117 118 119 120 121 204 205 206 29 30 31 128 129 130 131 132 207 208 37 38 39 139 140 141 142 143 209 46 47 48 150 151 152 153 154 56 57 58 161 162 163 164 1 67 68 171 172 173 2 3 78 180 181 4 5 6 188 7 8 9 11 12 13 17 18 24
41 50 51 60 61 62 70 71 72 73 80 81 82 83 84 90 91 92 93 94 95 100 101 102 103 104 105 106 15 111 112 113 114 115 116 117 20 21 122 123 124 125 126 127 128 26 27 28 133 134 135 136 137 138 139 33 34 35 36 144 145 146 147 148 149 150 42 43 44 45 155 156 157 158 159 160 161 52 53 54 55 165 166 167 168 169 170 171 63 64 65 66 174 175 176 177 178 179 180 74 75 76 77 182 183 184 185 186 187 188 85 86 87 88 189 190 191 192 193 194 11 96 97 98 99 195 196 197 198 199 16 17 107 108 109 110 200 201 202 203 22 23 24 118 119 120 121 204 205 206 29 30 31 32 129 130 131 132 207 208 37 38 39 40 140 141 142 143 209 46 47 48 49 151 152 153 154 56 57 58 59 162 163 164 1 67 68 69 172 173 2 3 78 79 181 4 5 6 89 7 8 9 10 12 13 14 18 19 25
42 51 52 61 62 63 71 72 73 74 81 82 83 84 85 91 92 93 94 95 96 101 102 103 104 105 106 107 111 112 113 114 115 116 117 118 21 122 123 124 125 126 127 128 129 27 28 133 134 135 136 137 138 139 140 34 35 36 144 145 146 147 148 149 150 151 43 44 45 155 156 157 158 159 160 161 162 53 54 55 165 166 167 168 169 170 171 172 64 65 66 174 175 176 177 178 179 180 181 75 76 77 182 183 184 185 186 187 188 7 86 87 88 189 190 191 192 193 194 11 12 97 98 99 195 196 197 198 199 16 17 18 108 109 110 200 201 202 203 22 23 24 25 119 120 121 204 205 206 29 30 31 32 33 130 131 132 207 208 37 38 39 40 41 141 142 143 209 46 47 48 49 50 152 153 154 56 57 58 59 60 163 164 1 67 68 69 70 173 2 3 78 79 80 4 5 6 89 90 8 9 10 100 13 14 15 19 20 26
43 52 53 62 63 64 72 73 74 75 82 83 84 85 86 92 93 94 95 96 97 102 103 104 105 106 107 108 112 113 114 115 116 117 118 119 122 123 124 125 126 127 128 129 130 28 133 134 135 136 137 138 139 140 141 35 36 144 145 146 147 148 149 150 151 152 44 45 155 156 157 158 159 160 161 162 163 54 55 165 166 167 168 169 170 171 172 173 65 66 174 175 176 177 178 179 180 181 4 76 77 182 183 184 185 186 187 188 7 8 87 88 189 190 191 192 193 194 11 12 13 98 99 195 196 197 198 199 16 17 18 19 109 110 200 201 202 203 22 23 24 25 26 120 121 204 205 206 29 30 31 32 33 34 131 132 207 208 37 38 39 40 41 42 142 143 209 46 47 48 49 50 51 153 154 56 57 58 59 60 61 164 1 67 68 69 70 71 2 3 78 79 80 81 5 6 89 90 91 9 10 100 101 14 15 111 20 21 27
44 53 54 63 64 65 73 74 75 76 83 84 85 86 87 93 94 95 96 97 98 103 104 105 106 107 108 109 113 114 115 116 117 118 119 120 123 124 125 126 127 128 129 130 131 133 134 135 136 137 138 139 140 141 142 36 144 145 146 147 148 149 150 151 152 153 45 155 156 157 158 159 160 161 162 163 164 55 165 166 167 168 169 170 171 172 173 2 66 174 175 176 177 178 179 180 181 4 5 77 182 183 184 185 186 187 188 7 8 9 88 189 190 191 192 193 194 11 12 13 14 99 195 196 197 198 199 16 17 18 19 20 110 200 201 202 203 22 23 24 25 26 27 121 204 205 206 29 30 31 32 33 34 35 132 207 208 37 38 39 40 41 42 43 143 209 46 47 48 49 50 51 52 154 56 57 58 59 60 61 62 1 67 68 69 70 71 72 3 78 79 80 81 82 6 89 90 91 92 10 100 101 102 15 111 112 21 122 28
45 54 55 64 65 66 74 75 76 77 84 85 86 87 88 94 95 96 97 98 99 104 105 106 107 108 109 110 114 115 116 117 118 119 120 121 124 125 126 127 128 129 130 131 132 134 135 136 137 138 139 140 141 142 143 144 145 146 147 148 149 150 151 152 153 154 155 156 157 158 159 160 161 162 163 164 1 165 166 167 168 169 170 171 172 173 2 3 174 175 176 177 178 179 180 181 4 5 6 182 183 184 185 186 187 188 7 8 9 10 189 190 191 192 193 194 11 12 13 14 15 195 196 197 198 199 16 17 18 19 20 21 200 201 202 203 22 23 24 25 26 27 28 204 205 206 29 30 31 32 33 34 35 36 207 208 37 38 39 40 41 42 43 44 209 46 47 48 49 50 51 52 53 56 57 58 59 60 61 62 63 67 68 69 70 71 72 73 78 79 80 81 82 83 89 90 91 92 93 100 101 102 103 111 112 113 122 123 133
46 56 57 1 67 68 2 3 78 79 4 5 6 89 90 7 8 9 10 100 101 11 12 13 14 15 111 112 16 17 18 19 20 21 122 123 22 23 24 25 26 27 28 133 134 29 30 31 32 33 34 35 36 144 145 37 38 39 40 41 42 43 44 45 155 156 47 48 49 50 51 52 53 54 55 165 166 58 59 60 61 62 63 64 65 66 174 175 69 70 71 72 73 74 75 76 77 182 183 80 81 82 83 84 85 86 87 88 189 190 91 92 93 94 95 96 97 98 99 195 196 102 103 104 105 106 107 108 109 110 200 201 113 114 115 116 117 118 119 120 121 204 205 124 125 126 127 128 129 130 131 132 207 208 135 136 137 138 139 140 141 142 143 209 146 147 148 149 150 151 152 153 154 157 158 159 160 161 162 163 164 167 168 169 170 171 172 173 176 177 178 179 180 181 184 185 186 187 188 191 192 193 194 197 198 199 202 203 206
47 57 58 67 68 69 3 78 79 80 5 6 89 90 91 8 9 10 100 101 102 12 13 14 15 111 112 113 17 18 19 20 21 122 123 124 23 24 25 26 27 28 133 134 135 30 31 32 33 34 35 36 144 145 146 38 39 40 41 42 43 44 45 155 156 157 48 49 50 51 52 53 54 55 165 166 167 59 60 61 62 63 64 65 66 174 175 176 70 71 72 73 74 75 76 77 182 183 184 81 82 83 84 85 86 87 88 189 190 191 92 93 94 95 96 97 98 99 195 196 197 103 104 105 106 107 108 109 110 200 201 202 114 115 116 117 118 119 120 121 204 205 206 125 126 127 128 129 130 131 132 207 208 37 136 137 138 139 140 141 142 143 209 46 147 148 149 150 151 152 153 154 56 158 159 160 161 162 163 164 1 168 169 170 171 172 173 2 177 178 179 180 181 4 185 186 187 188 7 192 193 194 11 198 199 16 203 22 29
48 58 59 68 69 70 78 79 80 81 6 89 90 91 92 9 10 100 101 102 103 13 14 15 111 112 113 114 18 19 20 21 122 123 124 125 24 25 26 27 28 133 134 135 136 31 32 33 34 35 36 144 145 146 147 39 40 41 42 43 44 45 155 156 157 158 49 50 51 52 53 54 55 165 166 167 168 60 61 62 63 64 65 66 174 175 176 177 71 72 73 74 75 76 77 182 183 184 185 82 83 84 85 86 87 88 189 190 191 192 93 94 95 96 97 98 99 195 196 197 198 104 105 106 107 108 109 110 200 201 202 203 115 116 117 118 119 120 121 204 205 206 29 126 127 128 129 130 131 132 207 208 37 38 137 138 139 140 141 142 143 209 46 47 148 149 150 151 152 153 154 56 57 159 160 161 162 163 164 1 67 169 170 171 172 173 2 3 178 179 180 181 4 5 186 187 188 7 8 193 194 11 12 199 16 17 22 23 30
49 59 60 69 70 71 79 80 81 82 89 90 91 92 93 10 100 101 102 103 104 14 15 111 112 113 114 115 19 20 21 122 123 124 125 126 25 26 27 28 133 134 135 136 137 32 33 34 35 36 144 145 146 147 148 40 41 42 43 44 45 155 156 157 158 159 50 51 52 53 54 55 165 166 167 168 169 61 62 63 64 65 66 174 175 176 177 178 72 73 74 75 76 77 182 183 184 185 186 83 84 85 86 87 88 189 190 191 192 193 94 95 96 97 98 99 195 196 197 198 199 105 106 107 108 109 110 200 201 202 203 22 116 117 118 119 120 121 204 205 206 29 30 127 128 129 130 131 132 207 208 37 38 39 138 139 140 141 142 143 209 46 47 48 149 150 151 152 153 154 56 57 58 160 161 162 163 164 1 67 68 170 171 172 173 2 3 78 179 180 181 4 5 6 187 188 7 8 9 194 11 12 13 16 17 18 23 24 31
50 60 61 70 71 72 80 81 82 83 90 91 92 93 94 100 101 102 103 104 105 15 111 112 113 114 115 116 20 21 122 123 124 125 126 127 26 27 28 133 134 135 136 137 138 33 34 35 36 144 145 146 147 148 149 41 42 43 44 45 155 156 157 158 159 160 51 52 53 54 55 165 166 167 168 169 170 62 63 64 65 66 174 175 176 177 178 179 73 74 75 76 77 182 183 184 185 186 187 84 85 86 87 88 189 190 191 192 193 194 95 96 97 98 99 195 196 197 198 199 16 106 107 108 109 110 200 201 202 203 22 23 117 118 119 120 121 204 205 206 29 30 31 128 129 130 131 132 207 208 37 38 39 40 139 140 141 142 143 209 46 47 48 49 150 151 152 153 154 56 57 58 59 161 162 163 164 1 67 68 69 171 172 173 2 3 78 79 180 181 4 5 6 89 188 7 8 9 10 11 12 13 14 17 18 19 24 25 32
51 61 62 71 72 73 81 82 83 84 91 92 93 94 95 101 102 103 104 105 106 111 112 113 114 115 116 117 21 122 123 124 125 126 127 128 27 28 133 134 135 136 137 138 139 34 35 36 144 145 146 147 148 149 150 42 43 44 45 155 156 157 158 159 160 161 52 53 54 55 165 166 167 168 169 170 171 63 64 65 66 174 175 176 177 178 179 180 74 75 76 77 182 183 184 185 186 187 188 85 86 87 88 189 190 191 192 193 194 11 96 97 98 99 195 196 197 198 199 16 17 107 108 109 110 200 201 202 203 22 23 24 118 119 120 121 204 205 206 29 30 31 32 129 130 131 132 207 208 37 38 39 40 41 140 141 142 143 209 46 47 48 49 50 151 152 153 154 56 57 58 59 60 162 163 164 1 67 68 69 70 172 173 2 3 78 79 80 181 4 5 6 89 90 7 8 9 10 100 12 13 14 15 18 19 20 25 26 33
52 62 63 72 73 74 82 83 84 85 92 93 94 95 96 102 103 104 105 106 107 112 113 114 115 116 117 118 122 123 124 125 126 127 128 129 28 133 134 135 136 137 138 139 140 35 36 144 145 146 147 148 149 150 151 43 44 45 155 156 157 158 159 160 161 162 53 54 55 165 166 167 168 169 170 171 172 64 65 66 174 175 176 177 178 179 180 181 75 76 77 182 183 184 185 186 187 188 7 86 87 88 189 190 191 192 193 194 11 12 97 98 99 195 196 197 198 199 16 17 18 108 109 110 200 201 202 203 22 23 24 25 119 120 121 204 205 206 29 30 31 32 33 130 131 132 207 208 37 38 39 40 41 42 141 142 143 209 46 47 48 49 50 51 152 153 154 56 57 58 59 60 61 163 164 1 67 68 69 70 71 173 2 3 78 79 80 81 4 5 6 89 90 91 8 9 10 100 101 13 14 15 111 19 20 21 26 27 34
53 63 64 73 74 75 83 84 85 86 93 94 95 96 97 103 104 105 106 107 108 113 114 115 116 117 118 119 123 124 125 126 127 128 129 130 133 134 135 136 137 138 139 140 141 36 144 145 146 147 148 149 150 151 152 44 45 155 156 157 158 159 160 161 162 163 54 55 165 166 167 168 169 170 171 172 173 65 66 174 175 176 177 178 179 180 181 4 76 77 182 183 184 185 186 187 188 7 8 87 88 189 190 191 192 193 194 11 12 13 98 99 195 196 197 198 199 16 17 18 19 109 110 200 201 202 203 22 23 24 25 26 120 121 204 205 206 29 30 31 32 33 34 131 132 207 208 37 38 39 40 41 42 43 142 143 209 46 47 48 49 50 51 52 153 154 56 57 58 59 60 61 62 164 1 67 68 69 70 71 72 2 3 78 79 80 81 82 5 6 89 90 91 92 9 10 100 101 102 14 15 111 112 20 21 122 27 28 35
54 64 65 74 75 76 84 85 86 87 94 95 96 97 98 104 105 106 107 108 109 114 115 116 117 118 119 120 124 125 126 127 128 129 130 131 134 135 136 137 138 139 140 141 142 144 145 146 147 148 149 150 151 152 153 45 155 156 157 158 159 160 161 162 163 164 55 165 166 167 168 169 170 171 172 173 2 66 174 175 176 177 178 179 180 181 4 5 77 182 183 184 185 186 187 188 7 8 9 88 189 190 191 192 193 194 11 12 13 14 99 195 196 197 198 199 16 17 18 19 20 110 200 201 202 203 22 23 24 25 26 27 121 204 205 206 29 30 31 32 33 34 35 132 207 208 37 38 39 40 41 42 43 44 143 209 46 47 48 49 50 51 52 53 154 56 57 58 59 60 61 62 63 1 67 68 69 70 71 72 73 3 78 79 80 81 82 83 6 89 90 91 92 93 10 100 101 102 103 15 111 112 113 21 122 123 28 133 36
55 65 66 75 76 77 85 86 87 88 95 96 97 98 99 105 106 107 108 109 110 115 116 117 118 119 120 121 125 126 127 128 129 130 131 132 135 136 137 138 139 140 141 142 143 145 146 147 148 149 150 151 152 153 154 155 156 157 158 159 160 161 162 163 164 1 165 166 167 168 169 170 171 172 173 2 3 174 175 176 177 178 179 180 181 4 5 6 182 183 184 185 186 187 188 7 8 9 10 189 190 191 192 193 194 11 12 13 14 15 195 196 197 198 199 16 17 18 19 20 21 200 201 202 203 22 23 24 25 26 27 28 204 205 206 29 30 31 32 33 34 35 36 207 208 37 38 39 40 41 42 43 44 45 209 46 47 48 49 50 51 52 53 54 56 57 58 59 60 61 62 63 64 67 68 69 70 71 72 73 74 78 79 80 81 82 83 84 89 90 91 92 93 94 100 101 102 103 104 111 112 113 114 122 123 124 133 134 144
56 1 67 2 3 78 4 5 6 89 7 8 9 10 100 11 12 13 14 15 111 16 17 18 19 20 21 122 22 23 24 25 26 27 28 133 29 30 31 32 33 34 35 36 144 37 38 39 40 41 42 43 44 45 155 46 47 48 49 50 51 52 53 54 55 165 57 58 59 60 61 62 63 64 65 66 174 68 69 70 71 72 73 74 75 76 77 182 79 80 81 82 83 84 85 86 87 88 189 90 91 92 93 94 95 96 97 98 99 195 101 102 103 104 105 106 107 108 109 110 200 112 113 114 115 116 117 118 119 120 121 204 123 124 125 126 127 128 129 130 131 132 207 134 135 136 137 138 139 140 141 142 143 209 145 146 147 148 149 150 151 152 153 154 156 157 158 159 160 161 162 163 164 166 167 168 169 170 171 172 173 175 176 177 178 179 180 181 183 184 185 186 187 188 190 191 192 193 194 196 197 198 199 201 202 203 205 206 208
57 67 68 3 78 79 5 6 89 90 8 9 10 100 101 12 13 14 15 111 112 17 18 19 20 21 122 123 23 24 25 26 27 28 133 134 30 31 32 33 34 35 36 144 145 38 39 40 41 42 43 44 45 155 156 47 48 49 50 51 52 53 54 55 165 166 58 59 60 61 62 63 64 65 66 174 175 69 70 71 72 73 74 75 76 77 182 183 80 81 82 83 84 85 86 87 88 189 190 91 92 93 94 95 96 97 98 99 195 196 102 103 104 105 106 107 108 109 110 200 201 113 114 115 116 117 118 119 120 121 204 205 124 125 126 127 128 129 130 131 132 207 208 135 136 137 138 139 140 141 142 143 209 46 146 147 148 149 150 151 152 153 154 56 157 158 159 160 161 162 163 164 1 167 168 169 170 171 172 173 2 176 177 178 179 180 181 4 184 185 186 187 188 7 191 192 193 194 11 197 198 199 16 202 203 22 206 29 37
58 68 69 78 79 80 6 89 90 91 9 10 100 101 102 13 14 15 111 112 113 18 19 20 21 122 123 124 24 25 26 27 28 133 134 135 31 32 33 34 35 36 144 145 146 39 40 41 42 43 44 45 155 156 157 48 49 50 51 52 53 54 55 165 166 167 59 60 61 62 63 64 65 66 174 175 176 70 71 72 73 74 75 76 77 182 183 184 81 82 83 84 85 86 87 88 189 190 191 92 93 94 95 96 97 98 99 195 196 197 103 104 105 106 107 108 109 110 200 201 202 114 115 116 117 118 119 120 121 204 205 206 125 126 127 128 129 130 131 132 207 208 37 136 137 138 139 140 141 142 143 209 46 47 147 148 149 150 151 152 153 154 56 57 158 159 160 161 162 163 164 1 67 168 169 170 171 172 173 2 3 177 178 179 180 181 4 5 185 186 187 188 7 8 192 193 194 11 12 198 199 16 17 203 22 23 29 30 38
59 69 70 79 80 81 89 90 91 92 10 100 101 102 103 14 15 111 112 113 114 19 20 21 122 123 124 125 25 26 27 28 133 134 135 136 32 33 34 35 36 144 145 146 147 40 41 42 43 44 45 155 156 157 158 49 50 51 52 53 54 55 165 166 167 168 60 61 62 63 64 65 66 174 175 176 177 71 72 73 74 75 76 77 182 183 184 185 82 83 84 85 86 87 88 189 190 191 192 93 94 95 96 97 98 99 195 196 197 198 104 105 106 107 108 109 110 200 201 202 203 115 116 117 118 119 120 121 204 205 206 29 126 127 128 129 130 131 132 207 208 37 38 137 138 139 140 141 142 143 209 46 47 48 148 149 150 151 152 153 154 56 57 58 159 160 161 162 163 164 1 67 68 169 170 171 172 173 2 3 78 178 179 180 181 4 5 6 186 187 188 7 8 9 193 194 11 12 13 199 16 17 18 22 23 24 30 31 39
60 70 71 80 81 82 90 91 92 93 100 101 102 103 104 15 111 112 113 114 115 20 21 122 123 124 125 126 26 27 28 133 134 135 136 137 33 34 35 36 144 145 146 147 148 41 42 43 44 45 155 156 157 158 159 50 51 52 53 54 55 165 166 167 168 169 61 62 63 64 65 66 174 175 176 177 178 72 73 74 75 76 77 182 183 184 185 186 83 84 85 86 87 88 189 190 191 192 193 94 95 96 97 98 99 195 196 197 198 199 105 106 107 108 109 110 200 201 202 203 22 116 117 118 119 120 121 204 205 206 29 30 127 128 129 130 131 132 207 208 37 38 39 138 139 140 141 142 143 209 46 47 48 49 149 150 151 152 153 154 56 57 58 59 160 161 162 163 164 1 67 68 69 170 171 172 173 2 3 78 79 179 180 181 4 5 6 89 187 188 7 8 9 10 194 11 12 13 14 16 17 18 19 23 24 25 31 32 40
61 71 72 81 82 83 91 92 93 94 101 102 103 104 105 111 112 113 114 115 116 21 122 123 124 125 126 127 27 28 133 134 135 136 137 138 34 35 36 144 145 146 147 148 149 42 43 44 45 155 156 157 158 159 160 51 52 53 54 55 165 166 167 168 169 170 62 63 64 65 66 174 175 176 177 178 179 73 74 75 76 77 182 183 184 185 186 187 84 85 86 87 88 189 190 191 192 193 194 95 96 97 98 99 195 196 197 198 199 16 106 107 108 109 110 200 201 202 203 22 23 117 118 119 120 121 204 205 206 29 30 31 128 129 130 131 132 207 208 37 38 39 40 139 140 141 142 143 209 46 47 48 49 50 150 151 152 153 154 56 57 58 59 60 161 162 163 164 1 67 68 69 70 171 172 173 2 3 78 79 80 180 181 4 5 6 89 90 188 7 8 9 10 100 11 12 13 14 15 17 18 19 20 24 25 26 32 33 41
62 72 73 82 83 84 92 93 94 95 102 103 104 105 106 112 113 114 115 116 117 122 123 124 125 126 127 128 28 133 134 135 136 137 138 139 35 36 144 145 146 147 148 149 150 43 44 45 155 156 157 158 159 160 161 52 53 54 55 165 166 167 168 169 170 171 63 64 65 66 174 175 176 177 178 179 180 74 75 76 77 182 183 184 185 186 187 188 85 86 87 88 189 190 191 192 193 194 11 96 97 98 99 195 196 197 198 199 16 17 107 108 109 110 200 201 202 203 22 23 24 118 119 120 121 204 205 206 29 30 31 32 129 130 131 132 207 208 37 38 39 40 41 140 141 142 143 209 46 47 48 49 50 51 151 152 153 154 56 57 58 59 60 61 162 163 164 1 67 68 69 70 71 172 173 2 3 78 79 80 81 181 4 5 6 89 90 91 7 8 9 10 100 101 12 13 14 15 111 18 19 20 21 25 26 27 33 34 42
63 73 74 83 84 85 93 94 95 96 103 104 105 106 107 113 114 115 116 117 118 123 124 125 126 127 128 129 133 134 135 136 137 138 139 140 36 144 145 146 147 148 149 150 151 44 45 155 156 157 158 159 160 161 162 53 54 55 165 166 167 168 169 170 171 172 64 65 66 174 175 176 177 178 179 180 181 75 76 77 182 183 184 185 186 187 188 7 86 87 88 189 190 191 192 193 194 11 12 97 98 99 195 196 197 198 199 16 17 18 108 109 110 200 201 202 203 22 23 24 25 119 120 121 204 205 206 29 30 31 32 33 130 131 132 207 208 37 38 39 40 41 42 141 142 143 209 46 47 48 49 50 51 52 152 153 154 56 57 58 59 60 61 62 163 164 1 67 68 69 70 71 72 173 2 3 78 79 80 81 82 4 5 6 89 90 91 92 8 9 10 100 101 102 13 14 15 111 112 19 20 21 122 26 27 28 34 35 43
64 74 75 84 85 86 94 95 96 97 104 105 106 107 108 114 115 116 117 118 119 124 125 126 127 128 129 130 134 135 136 137 138 139 140 141 144 145 146 147 148 149 150 151 152 45 155 156 157 158 159 160 161 162 163 54 55 165 166 167 168 169 170 171 172 173 65 66 174 175 176 177 178 179 180 181 4 76 77 182 183 184 185 186 187 188 7 8 87 88 189 190 191 192 193 194 11 12 13 98 99 195 196 197 198 199 16 17 18 19 109 110 200 201 202 203 22 23 24 25 26 120 121 204 205 206 29 30 31 32 33 34 131 132 207 208 37 38 39 40 41 42 43 142 143 209 46 47 48 49 50 51 52 53 153 154 56 57 58 59 60 61 62 63 164 1 67 68 69 70 71 72 73 2 3 78 79 80 81 82 83 5 6 89 90 91 92 93 9 10 100 101 102 103 14 15 111 112 113 20 21 122 123 27 28 133 35 36 44
65 75 76 85 86 87 95 96 97 98 105 106 107 108 109 115 116 117 118 119 120 125 126 127 128 129 130 131 135 136 137 138 139 140 141 142 145 146 147 148 149 150 151 152 153 155 156 157 158 159 160 161 162 163 164 55 165 166 167 168 169 170 171 172 173 2 66 174 175 176 177 178 179 180 181 4 5 77 182 183 184 185 186 187 188 7 8 9 88 189 190 191 192 193 194 11 12 13 14 99 195 196 197 198 199 16 17 18 19 20 110 200 201 202 203 22 23 24 25 26 27 121 204 205 206 29 30 31 32 33 34 35 132 207 208 37 38 39 40 41 42 43 44 143 209 46 47 48 49 50 51 52 53 54 154 56 57 58 59 60 61 62 63 64 1 67 68 69 70 71 72 73 74 3 78 79 80 81 82 83 84 6 89 90 91 92 93 94 10 100 101 102 103 104 15 111 112 113 114 21 122 123 124 28 133 134 36 144 45
66 76 77 86 87 88 96 97 98 99 106 107 108 109 110 116 117 118 119 120 121 126 127 128 129 130 131 132 136 137 138 139 140 141 142 143 146 147 148 149 150 151 152 153 154 156 157 158 159 160 161 162 163 164 1 165 166 167 168 169 170 171 172 173 2 3 174 175 176 177 178 179 180 181 4 5 6 182 183 184 185 186 187 188 7 8 9 10 189 190 191 192 193 194 11 12 13 14 15 195 196 197 198 199 16 17 18 19 20 21 200 201 202 203 22 23 24 25 26 27 28 204 205 206 29 30 31 32 33 34 35 36 207 208 37 38 39 40 41 42 43 44 45 209 46 47 48 49 50 51 52 53 54 55 56 57 58 59 60 61 62 63 64 65 67 68 69 70 71 72 73 74 75 78 79 80 81 82 83 84 85 89 90 91 92 93 94 95 100 101 102 103 104 105 111 112 113 114 115 122 123 124 125 133 134 135 144 145 155
67 3 78 5 6 89 8 9 10 100 12 13 14 15 111 17 18 19 20 21 122 23 24 25 26 27 28 133 30 31 32 33 34 35 36 144 38 39 40 41 42 43 44 45 155 47 48 49 50 51 52 53 54 55 165 57 58 59 60 61 62 63 64 65 66 174 68 69 70 71 72 73 74 75 76 77 182 79 80 81 82 83 84 85 86 87 88 189 90 91 92 93 94 95 96 97 98 99 195 101 102 103 104 105 106 107 108 109 110 200 112 113 114 115 116 117 118 119 120 121 204 123 124 125 126 127 128 129 130 131 132 207 134 135 136 137 138 139 140 141 142 143 209 145 146 147 148 149 150 151 152 153 154 56 156 157 158 159 160 161 162 163 164 1 166 167 168 169 170 171 172 173 2 175 176 177 178 179 180 181 4 183 184 185 186 187 188 7 190 191 192 193 194 11 196 197 198 199 16 201 202 203 22 205 206 29 208 37 46
68 78 79 6 89 90 9 10 100 101 13 14 15 111 112 18 19 20 21 122 123 24 25 26 27 28 133 134 31 32 33 34 35 36 144 145 39 40 41 42 43 44 45 155 156 48 49 50 51 52 53 54 55 165 166 58 59 60 61 62 63 64 65 66 174 175 69 70 71 72 73 74 75 76 77 182 183 80 81 82 83 84 85 86 87 88 189 190 91 92 93 94 95 96 97 98 99 195 196 102 103 104 105 106 107 108 109 110 200 201 113 114 115 116 117 118 119 120 121 204 205 124 125 126 127 128 129 130 131 132 207 208 135 136 137 138 139 140 141 142 143 209 46 146 147 148 149 150 151 152 153 154 56 57 157 158 159 160 161 162 163 164 1 67 167 168 169 170 171 172 173 2 3 176 177 178 179 180 181 4 5 184 185 186 187 188 7 8 191 192 193 194 11 12 197 198 199 16 17 202 203 22 23 206 29 30 37 38 47
69 79 80 89 90 91 10 100 101 102 14 15 111 112 113 19 20 21 122 123 124 25 26 27 28 133 134 135 32 33 34 35 36 144 145 146 40 41 42 43 44 45 155 156 157 49 50 51 52 53 54 55 165 166 167 59 60 61 62 63 64 65 66 174 175 176 70 71 72 73 74 75 76 77 182 183 184 81 82 83 84 85 86 87 88 189 190 191 92 93 94 95 96 97 98 99 195 196 197 103 104 105 106 107 108 109 110 200 201 202 114 115 116 117 118 119 120 121 204 205 206 125 126 127 128 129 130 131 132 207 208 37 136 137 138 139 140 141 142 143 209 46 47 147 148 149 150 151 152 153 154 56 57 58 158 159 160 161 162 163 164 1 67 68 168 169 170 171 172 173 2 3 78 177 178 179 180 181 4 5 6 185 186 187 188 7 8 9 192 193 194 11 12 13 198 199 16 17 18 203 22 23 24 29 30 31 38 39 48
70 80 81 90 91 92 100 101 102 103 15 111 112 113 114 20 21 122 123 124 125 26 27 28 133 134 135 136 33 34 35 36 144 145 146 147 41 42 43 44 45 155 156 157 158 50 51 52 53 54 55 165 166 167 168 60 61 62 63 64 65 66 174 175 176 177 71 72 73 74 75 76 77 182 183 184 185 82 83 84 85 86 87 88 189 190 191 192 93 94 95 96 97 98 99 195 196 197 198 104 105 106 107 108 109 110 200 201 202 203 115 116 117 118 119 120 121 204 205 206 29 126 127 128 129 130 131 132 207 208 37 38 137 138 139 140 141 142 143 209 46 47 48 148 149 150 151 152 153 154 56 57 58 59 159 160 161 162 163 164 1 67 68 69 169 170 171 172 173 2 3 78 79 178 179 180 181 4 5 6 89 186 187 188 7 8 9 10 193 194 11 12 13 14 199 16 17 18 19 22 23 24 25 30 31 32 39 40 49
71 81 82 91 92 93 101 102 103 104 111 112 113 114 115 21 122 123 124 125 126 27 28 133 134 135 136 137 34 35 36 144 145 146 147 148 42 43 44 45 155 156 157 158 159 51 52 53 54 55 165 166 167 168 169 61 62 63 64 65 66 174 175 176 177 178 72 73 74 75 76 77 182 183 184 185 186 83 84 85 86 87 88 189 190 191 192 193 94 95 96 97 98 99 195 196 197 198 199 105 106 107 108 109 110 200 201 202 203 22 116 117 118 119 120 121 204 205 206 29 30 127 128 129 130 131 132 207 208 37 38 39 138 139 140 141 142 143 209 46 47 48 49 149 150 151 152 153 154 56 57 58 59 60 160 161 162 163 164 1 67 68 69 70 170 171 172 173 2 3 78 79 80 179 180 181 4 5 6 89 90 187 188 7 8 9 10 100 194 11 12 13 14 15 16 17 18 19 20 23 24 25 26 31 32 33 40 41 50
72 82 83 92 93 94 102 103 104 105 112 113 114 115 116 122 123 124 125 126 127 28 133 134 135 136 137 138 35 36 144 145 146 147 148 149 43 44 45 155 156 157 158 159 160 52 53 54 55 165 166 167 168 169 170 62 63 64 65 66 174 175 176 177 178 179 73 74 75 76 77 182 183 184 185 186 187 84 85 86 87 88 189 190 191 192 193 194 95 96 97 98 99 195 196 197 198 199 16 106 107 108 109 110 200 201 202 203 22 23 117 118 119 120 121 204 205 206 29 30 31 128 129 130 131 132 207 208 37 38 39 40 139 140 141 142 143 209 46 47 48 49 50 150 151 152 153 154 56 57 58 59 60 61 161 162 163 164 1 67 68 69 70 71 171 172 173 2 3 78 79 80 81 180 181 4 5 6 89 90 91 188 7 8 9 10 100 101 11 12 13 14 15 111 17 18 19 20 21 24 25 26 27 32 33 34 41 42 51
73 83 84 93 94 95 103 104 105 106 113 114 115 116 117 123 124 125 126 127 128 133 134 135 136 137 138 139 36 144 145 146 147 148 149 150 44 45 155 156 157 158 159 160 161 53 54 55 165 166 167 168 169 170 171 63 64 65 66 174 175 176 177 178 179 180 74 75 76 77 182 183 184 185 186 187 188 85 86 87 88 189 190 191 192 193 194 11 96 97 98 99 195 196 197 198 199 16 17 107 108 109 110 200 201 202 203 22 23 24 118 119 120 121 204 205 206 29 30 31 32 129 130 131 132 207 208 37 38 39 40 41 140 141 142 143 209 46 47 48 49 50 51 151 152 153 154 56 57 58 59 60 61 62 162 163 164 1 67 68 69 70 71 72 172 173 2 3 78 79 80 81 82 181 4 5 6 89 90 91 92 7 8 9 10 100 101 102 12 13 14 15 111 112 18 19 20 21 122 25 26 27 28 33 34 35 42 43 52
74 84 85 94 95 96 104 105 106 107 114 115 116 117 118 124 125 126 127 128 129 134 135 136 137 138 139 140 144 145 146 147 148 149 150 151 45 155 156 157 158 159 160 161 162 54 55 165 166 167 168 169 170 171 172 64 65 66 174 175 176 177 178 179 180 181 75 76 77 182 183 184 185 186 187 188 7 86 87 88 189 190 191 192 193 194 11 12 97 98 99 195 196 197 198 199 16 17 18 108 109 110 200 201 202 203 22 23 24 25 119 120 121 204 205 206 29 30 31 32 33 130 131 132 207 208 37 38 39 40 41 42 141 142 143 209 46 47 48 49 50 51 52 152 153 154 56 57 58 59 60 61 62 63 163 164 1 67 68 69 70 71 72 73 173 2 3 78 79 80 81 82 83 4 5 6 89 90 91 92 93 8 9 10 100 101 102 103 13 14 15 111 112 113 19 20 21 122 123 26 27 28 133 34 35 36 43 44 53
75 85 86 95 96 97 105 106 107 108 115 116 117 118 119 125 126 127 128 129 130 135 136 137 138 139 140 141 145 146 147 148 149 150 151 152 155 156 157 158 159 160 161 162 163 55 165 166 167 168 169 170 171 172 173 65 66 174 175 176 177 178 179 180 181 4 76 77 182 183 184 185 186 187 188 7 8 87 88 189 190 191 192 193 194 11 12 13 98 99 195 196 197 198 199 16 17 18 19 109 110 200 201 202 203 22 23 24 25 26 120 121 204 205 206 29 30 31 32 33 34 131 132 207 208 37 38 39 40 41 42 43 142 143 209 46 47 48 49 50 51 52 53 153 154 56 57 58 59 60 61 62 63 64 164 1 67 68 69 70 71 72 73 74 2 3 78 79 80 81 82 83 84 5 6 89 90 91 92 93 94 9 10 100 101 102 103 104 14 15 111 112 113 114 20 21 122 123 124 27 28 133 134 35 36 144 44 45 54
76 86 87 96 97 98 106 107 108 109 116 117 118 119 120 126 127 128 129 130 131 136 137 138 139 140 141 142 146 147 148 149 150 151 152 153 156 157 158 159 160 161 162 163 164 165 166 167 168 169 170 171 172 173 2 66 174 175 176 177 178 179 180 181 4 5 77 182 183 184 185 186 187 188 7 8 9 88 189 190 191 192 193 194 11 12 13 14 99 195 196 197 198 199 16 17 18 19 20 110 200 201 202 203 22 23 24 25 26 27 121 204 205 206 29 30 31 32 33 34 35 132 207 208 37 38 39 40 41 42 43 44 143 209 46 47 48 49 50 51 52 53 54 154 56 57 58 59 60 61 62 63 64 65 1 67 68 69 70 71 72 73 74 75 3 78 79 80 81 82 83 84 85 6 89 90 91 92 93 94 95 10 100 101 102 103 104 105 15 111 112 113 114 115 21 122 123 124 125 28 133 134 135 36 144 145 45 155 55
77 87 88 97 98 99 107 108 109 110 117 118 119 120 121 127 128 129 130 131 132 137 138 139 140 141 142 143 147 148 149 150 151 152 153 154 157 158 159 160 161 162 163 164 1 166 167 168 169 170 171 172 173 2 3 174 175 176 177 178 179 180 181 4 5 6 182 183 184 185 186 187 188 7 8 9 10 189 190 191 192 193 194 11 12 13 14 15 195 196 197 198 199 16 17 18 19 20 21 200 201 202 203 22 23 24 25 26 27 28 204 205 206 29 30 31 32 33 34 35 36 207 208 37 38 39 40 41 42 43 44 45 209 46 47 48 49 50 51 52 53 54 55 56 57 58 59 60 61 62 63 64 65 66 67 68 69 70 71 72 73 74 75 76 78 79 80 81 82 83 84 85 86 89 90 91 92 93 94 95 96 100 101 102 103 104 105 106 111 112 113 114 115 116 122 123 124 125 126 133 134 135 136 144 145 146 155 156 165
78 6 89 9 10 100 13 14 15 111 18 19 20 21 122 24 25 26 27 28 133 31 32 33 34 35 36 144 39 40 41 42 43 44 45 155 48 49 50 51 52 53 54 55 165 58 59 60 61 62 63 64 65 66 174 68 69 70 71 72 73 74 75 76 77 182 79 80 81 82 83 84 85 86 87 88 189 90 91 92 93 94 95 96 97 98 99 195 101 102 103 104 105 106 107 108 109 110 200 112 113 114 115 116 117 118 119 120 121 204 123 124 125 126 127 128 129 130 131 132 207 134 135 136 137 138 139 140 141 142 143 209 145 146 147 148 149 150 151 152 153 154 56 156 157 158 159 160 161 162 163 164 1 67 166 167 168 169 170 171 172 173 2 3 175 176 177 178 179 180 181 4 5 183 184 185 186 187 188 7 8 190 191 192 193 194 11 12 196 197 198 199 16 17 201 202 203 22 23 205 206 29 30 208 37 38 46 47 57
79 89 90 10 100 101 14 15 111 112 19 20 21 122 123 25 26 27 28 133 134 32 33 34 35 36 144 145 40 41 42 43 44 45 155 156 49 50 51 52 53 54 55 165 166 59 60 61 62 63 64 65 66 174 175 69 70 71 72 73 74 75 76 77 182 183 80 81 82 83 84 85 86 87 88 189 190 91 92 93 94 95 96 97 98 99 195 196 102 103 104 105 106 107 108 109 110 200 201 113 114 115 116 117 118 119 120 121 204 205 124 125 126 127 128 129 130 131 132 207 208 135 136 137 138 139 140 141 142 143 209 46 146 147 148 149 150 151 152 153 154 56 57 157 158 159 160 161 162 163 164 1 67 68 167 168 169 170 171 172 173 2 3 78 176 177 178 179 180 181 4 5 6 184 185 186 187 188 7 8 9 191 192 193 194 11 12 13 197 198 199 16 17 18 202 203 22 23 24 206 29 30 31 37 38 39 47 48 58
80 90 91 100 101 102 15 111 112 113 20 21 122 123 124 26 27 28 133 134 135 33 34 35 36 144 145 146 41 42 43 44 45 155 156 157 50 51 52 53 54 55 165 166 167 60 61 62 63 64 65 66 174 175 176 70 71 72 73 74 75 76 77 182 183 184 81 82 83 84 85 86 87 88 189 190 191 92 93 94 95 96 97 98 99 195 196 197 103 104 105 106 107 108 109 110 200 201 202 114 115 116 117 118 119 120 121 204 205 206 125 126 127 128 129 130 131 132 207 208 37 136 137 138 139 140 141 142 143 209 46 47 147 148 149 150 151 152 153 154 56 57 58 158 159 160 161 162 163 164 1 67 68 69 168 169 170 171 172 173 2 3 78 79 177 178 179 180 181 4 5 6 89 185 186 187 188 7 8 9 10 192 193 194 11 12 13 14 198 199 16 17 18 19 203 22 23 24 25 29 30 31 32 38 39 40 48 49 59
81 91 92 101 102 103 111 112 113 114 21 122 123 124 125 27 28 133 134 135 136 34 35 36 144 145 146 147 42 43 44 45 155 156 157 158 51 52 53 54 55 165 166 167 168 61 62 63 64 65 66 174 175 176 177 71 72 73 74 75 76 77 182 183 184 185 82 83 84 85 86 87 88 189 190 191 192 93 94 95 96 97 98 99 195 196 197 198 104 105 106 107 108 109 110 200 201 202 203 115 116 117 118 119 120 121 204 205 206 29 126 127 128 129 130 131 132 207 208 37 38 137 138 139 140 141 142 143 209 46 47 48 148 149 150 151 152 153 154 56 57 58 59 159 160 161 162 163 164 1 67 68 69 70 169 170 171 172 173 2 3 78 79 80 178 179 180 181 4 5 6 89 90 186 187 188 7 8 9 10 100 193 194 11 12 13 14 15 199 16 17 18 19 20 22 23 24 25 26 30 31 32 33 39 40 41 49 50 60
82 92 93 102 103 104 112 113 114 115 122 123 124 125 126 28 133 134 135 136 137 35 36 144 145 146 147 148 43 44 45 155 156 157 158 159 52 53 54 55 165 166 167 168 169 62 63 64 65 66 174 175 176 177 178 72 73 74 75 76 77 182 183 184 185 186 83 84 85 86 87 88 189 190 191 192 193 94 95 96 97 98 99 195 196 197 198 199 105 106 107 108 109 110 200 201 202 203 22 116 117 118 119 120 121 204 205 206 29 30 127 128 129 130 131 132 207 208 37 38 39 138 139 140 141 142 143 209 46 47 48 49 149 150 151 152 153 154 56 57 58 59 60 160 161 162 163 164 1 67 68 69 70 71 170 171 172 173 2 3 78 79 80 81 179 180 181 4 5 6 89 90 91 187 188 7 8 9 10 100 101 194 11 12 13 14 15 111 16 17 18 19 20 21 23 24 25 26 27 31 32 33 34 40 41 42 50 51 61
83 93 94 103 104 105 113 114 115 116 123 124 125 126 127 133 134 135 136 137 138 36 144 145 146 147 148 149 44 45 155 156 157 158 159 160 53 54 55 165 166 167 168 169 170 63 64 65 66 174 175 176 177 178 179 73 74 75 76 77 182 183 184 185 186 187 84 85 86 87 88 189 190 191 192 193 194 95 96 97 98 99 195 196 197 198 199 16 106 107 108 109 110 200 201 202 203 22 23 117 118 119 120 121 204 205 206 29 30 31 128 129 130 131 132 207 208 37 38 39 40 139 140 141 142 143 209 46 47 48 49 50 150 151 152 153 154 56 57 58 59 60 61 161 162 163 164 1 67 68 69 70 71 72 171 172 173 2 3 78 79 80 81 82 180 181 4 5 6 89 90 91 92 188 7 8 9 10 100 101 102 11 12 13 14 15 111 112 17 18 19 20 21 122 24 25 26 27 28 32 33 34 35 41 42 43 51 52 62
84 94 95 104 105 106 114 115 116 117 124 125 126 127 128 134 135 136 137 138 139 144 145 146 147 148 149 150 45 155 156 157 158 159 160 161 54 55 165 166 167 168 169 170 171 64 65 66 174 175 176 177 178 179 180 74 75 76 77 182 183 184 185 186 187 188 85 86 87 88 189 190 191 192 193 194 11 96 97 98 99 195 196 197 198 199 16 17 107 108 109 110 200 201 202 203 22 23 24 118 119 120 121 204 205 206 29 30 31 32 129 130 131 132 207 208 37 38 39 40 41 140 141 142 143 209 46 47 48 49 50 51 151 152 153 154 56 57 58 59 60 61 62 162 163 164 1 67 68 69 70 71 72 73 172 173 2 3 78 79 80 81 82 83 181 4 5 6 89 90 91 92 93 7 8 9 10 100 101 102 103 12 13 14 15 111 112 113 18 19 20 21 122 123 25 26 27 28 133 33 34 35 36 42 43 44 52 53 63
85 95 96 105 106 107 115 116 117 118 125 126 127 128 129 135 136 137 138 139 140 145 146 147 148 149 150 151 155 156 157 158 159 160 161 162 55 165 166 167 168 169 170 171 172 65 66 174 175 176 177 178 179 180 181 75 76 77 182 183 184 185 186 187 188 7 86 87 88 189 190 191 192 193 194 11 12 97 98 99 195 196 197 198 199 16 17 18 108 109 110 200 201 202 203 22 23 24 25 119 120 121 204 205 206 29 30 31 32 33 130 131 132 207 208 37 38 39 40 41 42 141 142 143 209 46 47 48 49 50 51 52 152 153 154 56 57 58 59 60 61 62 63 163 164 1 67 68 69 70 71 72 73 74 173 2 3 78 79 80 81 82 83 84 4 5 6 89 90 91 92 93 94 8 9 10 100 101 102 103 104 13 14 15 111 112 113 114 19 20 21 122 123 124 26 27 28 133 134 34 35 36 144 43 44 45 53 54 64
86 96 97 106 107 108 116 117 118 119 126 127 128 129 130 136 137 138 139 140 141 146 147 148 149 150 151 152 156 157 158 159 160 161 162 163 165 166 167 168 169 170 171 172 173 66 174 175 176 177 178 179 180 181 4 76 77 182 183 184 185 186 187 188 7 8 87 88 189 190 191 192 193 194 11 12 13 98 99 195 196 197 198 199 16 17 18 19 109 110 200 201 202 203 22 23 24 25 26 120 121 204 205 206 29 30 31 32 33 34 131 132 207 208 37 38 39 40 41 42 43 142 143 209 46 47 48 49 50 51 52 53 153 154 56 57 58 59 60 61 62 63 64 164 1 67 68 69 70 71 72 73 74 75 2 3 78 79 80 81 82 83 84 85 5 6 89 90 91 92 93 94 95 9 10 100 101 102 103 104 105 14 15 111 112 113 114 115 20 21 122 123 124 125 27 28 133 134 135 35 36 144 145 44 45 155 54 55 65
87 97 98 107 108 109 117 118 119 120 127 128 129 130 131 137 138 139 140 141 142 147 148 149 150 151 152 153 157 158 159 160 161 162 163 164 166 167 168 169 170 171 172 173 2 174 175 176 177 178 179 180 181 4 5 77 182 183 184 185 186 187 188 7 8 9 88 189 190 191 192 193 194 11 12 13 14 99 195 196 197 198 199 16 17 18 19 20 110 200 201 202 203 22 23 24 25 26 27 121 204 205 206 29 30 31 32 33 34 35 132 207 208 37 38 39 40 41 42 43 44 143 209 46 47 48 49 50 51 52 53 54 154 56 57 58 59 60 61 62 63 64 65 1 67 68 69 70 71 72 73 74 75 76 3 78 79 80 81 82 83 84 85 86 6 89 90 91 92 93 94 95 96 10 100 101 102 103 104 105 106 15 111 112 113 114 115 116 21 122 123 124 125 126 28 133 134 135 136 36 144 145 146 45 155 156 55 165 66
88 98 99 108 109 110 118 119 120 121 128 129 130 131 132 138 139 140 141 142 143 148 149 150 151 152 153 154 158 159 160 161 162 163 164 1 167 168 169 170 171 172 173 2 3 175 176 177 178 179 180 181 4 5 6 182 183 184 185 186 187 188 7 8 9 10 189 190 191 192 193 194 11 12 13 14 15 195 196 197 198 199 16 17 18 19 20 21 200 201 202 203 22 23 24 25 26 27 28 204 205 206 29 30 31 32 33 34 35 36 207 208 37 38 39 40 41 42 43 44 45 209 46 47 48 49 50 51 52 53 54 55 56 57 58 59 60 61 62 63 64 65 66 67 68 69 70 71 72 73 74 75 76 77 78 79 80 81 82 83 84 85 86 87 89 90 91 92 93 94 95 96 97 100 101 102 103 104 105 106 107 111 112 113 114 115 116 117 122 123 124 125 126 127 133 134 135 136 137 144 145 146 147 155 156 157 165 166 174
89 10 100 14 15 111 19 20 21 122 25 26 27 28 133 32 33 34 35 36 144 40 41 42 43 44 45 155 49 50 51 52 53 54 55 165 59 60 61 62 63 64 65 66 174 69 70 71 72 73 74 75 76 77 182 79 80 81 82 83 84 85 86 87 88 189 90 91 92 93 94 95 96 97 98 99 195 101 102 103 104 105 106 107 108 109 110 200 112 113 114 115 116 117 118 119 120 121 204 123 124 125 126 127 128 129 130 131 132 207 134 135 136 137 138 139 140 141 142 143 209 145 146 147 148 149 150 151 152 153 154 56 156 157 158 159 160 161 162 163 164 1 67 166 167 168 169 170 171 172 173 2 3 78 175 176 177 178 179 180 181 4 5 6 183 184 185 186 187 188 7 8 9 190 191 192 193 194 11 12 13 196 197 198 199 16 17 18 201 202 203 22 23 24 205 206 29 30 31 208 37 38 39 46 47 48 57 58 68
90 100 101 15 111 112 20 21 122 123 26 27 28 133 134 33 34 35 36 144 145 41 42 43 44 45 155 156 50 51 52 53 54 55 165 166 60 61 62 63 64 65 66 174 175 70 71 72 73 74 75 76 77 182 183 80 81 82 83 84 85 86 87 88 189 190 91 92 93 94 95 96 97 98 99 195 196 102 103 104 105 106 107 108 109 110 200 201 113 114 115 116 117 118 119 120 121 204 205 124 125 126 127 128 129 130 131 132 207 208 135 136 137 138 139 140 141 142 143 209 46 146 147 148 149 150 151 152 153 154 56 57 157 158 159 160 161 162 163 164 1 67 68 167 168 169 170 171 172 173 2 3 78 79 176 177 178 179 180 181 4 5 6 89 184 185 186 187 188 7 8 9 10 191 192 193 194 11 12 13 14 197 198 199 16 17 18 19 202 203 22 23 24 25 206 29 30 31 32 37 38 39 40 47 48 49 58 59 69
91 101 102 111 112 113 21 122 123 124 27 28 133 134 135 34 35 36 144 145 146 42 43 44 45 155 156 157 51 52 53 54 55 165 166 167 61 62 63 64 65 66 174 175 176 71 72 73 74 75 76 77 182 183 184 81 82 83 84 85 86 87 88 189 190 191 92 93 94 95 96 97 98 99 195 196 197 103 104 105 106 107 108 109 110 200 201 202 114 115 116 117 118 119 120 121 204 205 206 125 126 127 128 129 130 131 132 207 208 37 136 137 138 139 140 141 142 143 209 46 47 147 148 149 150 151 152 153 154 56 57 58 158 159 160 161 162 163 164 1 67 68 69 168 169 170 171 172 173 2 3 78 79 80 177 178 179 180 181 4 5 6 89 90 185 186 187 188 7 8 9 10 100 192 193 194 11 12 13 14 15 198 199 16 17 18 19 20 203 22 23 24 25 26 29 30 31 32 33 38 39 40 41 48 49 50 59 60 70
92 102 103 112 113 114 122 123 124 125 28 133 134 135 136 35 36 144 145 146 147 43 44 45 155 156 157 158 52 53 54 55 165 166 167 168 62 63 64 65 66 174 175 176 177 72 73 74 75 76 77 182 183 184 185 82 83 84 85 86 87 88 189 190 191 192 93 94 95 96 97 98 99 195 196 197 198 104 105 106 107 108 109 110 200 201 202 203 115 116 117 118 119 120 121 204 205 206 29 126 127 128 129 130 131 132 207 208 37 38 137 138 139 140 141 142 143 209 46 47 48 148 149 150 151 152 153 154 56 57 58 59 159 160 161 162 163 164 1 67 68 69 70 169 170 171 172 173 2 3 78 79 80 81 178 179 180 181 4 5 6 89 90 91 186 187 188 7 8 9 10 100 101 193 194 11 12 13 14 15 111 199 16 17 18 19 20 21 22 23 24 25 26 27 30 31 32 33 34 39 40 41 42 49 50 51 60 61 71
93 103 104 113 114 115 123 124 125 126 133 134 135 136 137 36 144 145 146 147 148 44 45 155 156 157 158 159 53 54 55 165 166 167 168 169 63 64 65 66 174 175 176 177 178 73 74 75 76 77 182 183 184 185 186 83 84 85 86 87 88 189 190 191 192 193 94 95 96 97 98 99 195 196 197 198 199 105 106 107 108 109 110 200 201 202 203 22 116 117 118 119 120 121 204 205 206 29 30 127 128 129 130 131 132 207 208 37 38 39 138 139 140 141 142 143 209 46 47 48 49 149 150 151 152 153 154 56 57 58 59 60 160 161 162 163 164 1 67 68 69 70 71 170 171 172 173 2 3 78 79 80 81 82 179 180 181 4 5 6 89 90 91 92 187 188 7 8 9 10 100 101 102 194 11 12 13 14 15 111 112 16 17 18 19 20 21 122 23 24 25 26 27 28 31 32 33 34 35 40 41 42 43 50 51 52 61 62 72
94 104 105 114 115 116 124 125 126 127 134 135 136 137 138 144 145 146 147 148 149 45 155 156 157 158 159 160 54 55 165 166 167 168 169 170 64 65 66 174 175 176 177 178 179 74 75 76 77 182 183 184 185 186 187 84 85 86 87 88 189 190 191 192 193 194 95 96 97 98 99 195 196 197 198 199 16 106 107 108 109 110 200 201 202 203 22 23 117 118 119 120 121 204 205 206 29 30 31 128 129 130 131 132 207 208 37 38 39 40 139 140 141 142 143 209 46 47 48 49 50 150 151 152 153 154 56 57 58 59 60 61 161 162 163 164 1 67 68 69 70 71 72 171 172 173 2 3 78 79 80 81 82 83 180 181 4 5 6 89 90 91 92 93 188 7 8 9 10 100 101 102 103 11 12 13 14 15 111 112 113 17 18 19 20 21 122 123 24 25 26 27 28 133 32 33 34 35 36 41 42 43 44 51 52 53 62 63 73
95 105 106 115 116 117 125 126 127 128 135 136 137 138 139 145 146 147 148 149 150 155 156 157 158 159 160 161 55 165 166 167 168 169 170 171 65 66 174 175 176 177 178 179 180 75 76 77 182 183 184 185 186 187 188 85 86 87 88 189 190 191 192 193 194 11 96 97 98 99 195 196 197 198 199 16 17 107 108 109 110 200 201 202 203 22 23 24 118 119 120 121 204 205 206 29 30 31 32 129 130 131 132 207 208 37 38 39 40 41 140 141 142 143 209 46 47 48 49 50 51 151 152 153 154 56 57 58 59 60 61 62 162 163 164 1 67 68 69 70 71 72 73 172 173 2 3 78 79 80 81 82 83 84 181 4 5 6 89 90 91 92 93 94 7 8 9 10 100 101 102 103 104 12 13 14 15 111 112 113 114 18 19 20 21 122 123 124 25 26 27 28 133 134 33 34 35 36 144 42 43 44 45 52 53 54 63 64 74
96 106 107 116 117 118 126 127 128 129 136 137 138 139 140 146 147 148 149 150 151 156 157 158 159 160 161 162 165 166 167 168 169 170 171 172 66 174 175 176 177 178 179 180 181 76 77 182 183 184 185 186 187 188 7 86 87 88 189 190 191 192 193 194 11 12 97 98 99 195 196 197 198 199 16 17 18 108 109 110 200 201 202 203 22 23 24 25 119 120 121 204 205 206 29 30 31 32 33 130 131 132 207 208 37 38 39 40 41 42 141 142 143 209 46 47 48 49 50 51 52 152 153 154 56 57 58 59 60 61 62 63 163 164 1 67 68 69 70 71 72 73 74 173 2 3 78 79 80 81 82 83 84 85 4 5 6 89 90 91 92 93 94 95 8 9 10 100 101 102 103 104 105 13 14 15 111 112 113 114 115 19 20 21 122 123 124 125 26 27 28 133 134 135 34 35 36 144 145 43 44 45 155 53 54 55 64 65 75
97 107 108 117 118 119 127 128 129 130 137 138 139 140 141 147 148 149 150 151 152 157 158 159 160 161 162 163 166 167 168 169 170 171 172 173 174 175 176 177 178 179 180 181 4 77 182 183 184 185 186 187 188 7 8 87 88 189 190 191 192 193 194 11 12 13 98 99 195 196 197 198 199 16 17 18 19 109 110 200 201 202 203 22 23 24 25 26 120 121 204 205 206 29 30 31 32 33 34 131 132 207 208 37 38 39 40 41 42 43 142 143 209 46 47 48 49 50 51 52 53 153 154 56 57 58 59 60 61 62 63 64 164 1 67 68 69 70 71 72 73 74 75 2 3 78 79 80 81 82 83 84 85 86 5 6 89 90 91 92 93 94 95 96 9 10 100 101 102 103 104 105 106 14 15 111 112 113 114 115 116 20 21 122 123 124 125 126 27 28 133 134 135 136 35 36 144 145 146 44 45 155 156 54 55 165 65 66 76
98 108 109 118 119 120 128 129 130 131 138 139 140 141 142 148 149 150 151 152 153 158 159 160 161 162 163 164 167 168 169 170 171 172 173 2 175 176 177 178 179 180 181 4 5 182 183 184 185 186 187 188 7 8 9 88 189 190 191 192 193 194 11 12 13 14 99 195 196 197 198 199 16 17 18 19 20 110 200 201 202 203 22 23 24 25 26 27 121 204 205 206 29 30 31 32 33 34 35 132 207 208 37 38 39 40 41 42 43 44 143 209 46 47 48 49 50 51 52 53 54 154 56 57 58 59 60 61 62 63 64 65 1 67 68 69 70 71 72 73 74 75 76 3 78 79 80 81 82 83 84 85 86 87 6 89 90 91 92 93 94 95 96 97 10 100 101 102 103 104 105 106 107 15 111 112 113 114 115 116 117 21 122 123 124 125 126 127 28 133 134 135 136 137 36 144 145 146 147 45 155 156 157 55 165 166 66 174 77
99 109 110 119 120 121 129 130 131 132 139 140 141 142 143 149 150 151 152 153 154 159 160 161 162 163 164 1 168 169 170 171 172 173 2 3 176 177 178 179 180 181 4 5 6 183 184 185 186 187 188 7 8 9 10 189 190 191 192 193 194 11 12 13 14 15 195 196 197 198 199 16 17 18 19 20 21 200 201 202 203 22 23 24 25 26 27 28 204 205 206 29 30 31 32 33 34 35 36 207 208 37 38 39 40 41 42 43 44 45 209 46 47 48 49 50 51 52 53 54 55 56 57 58 59 60 61 62 63 64 65 66 67 68 69 70 71 72 73 74 75 76 77 78 79 80 81 82 83 84 85 86 87 88 89 90 91 92 93 94 95 96 97 98 100 101 102 103 104 105 106 107 108 111 112 113 114 115 116 117 118 122 123 124 125 126 127 128 133 134 135 136 137 138 144 145 146 147 148 155 156 157 158 165 166 167 174 175 182
100 15 111 20 21 122 26 27 28 133 33 34 35 36 144 41 42 43 44 45 155 50 51 52 53 54 55 165 60 61 62 63 64 65 66 174 70 71 72 73 74 75 76 77 182 80 81 82 83 84 85 86 87 88 189 90 91 92 93 94 95 96 97 98 99 195 101 102 103 104 105 106 107 108 109 110 200 112 113 114 115 116 117 118 119 120 121 204 123 124 125 126 127 128 129 130 131 132 207 134 135 136 137 138 139 140 141 142 143 209 145 146 147 148 149 150 151 152 153 154 56 156 157 158 159 160 161 162 163 164 1 67 166 167 168 169 170 171 172 173 2 3 78 175 176 177 178 179 180 181 4 5 6 89 183 184 185 186 187 188 7 8 9 10 190 191 192 193 194 11 12 13 14 196 197 198 199 16 17 18 19 201 202 203 22 23 24 25 205 206 29 30 31 32 208 37 38 39 40 46 47 48 49 57 58 59 68 69 79
101 111 112 21 122 123 27 28 133 134 34 35 36 144 145 42 43 44 45 155 156 51 52 53 54 55 165 166 61 62 63 64 65 66 174 175 71 72 73 74 75 76 77 182 183 81 82 83 84 85 86 87 88 189 190 91 92 93 94 95 96 97 98 99 195 196 102 103 104 105 106 107 108 109 110 200 201 113 114 115 116 117 118 119 120 121 204 205 124 125 126 127 128 129 130 131 132 207 208 135 136 137 138 139 140 141 142 143 209 46 146 147 148 149 150 151 152 153 154 56 57 157 158 159 160 161 162 163 164 1 67 68 167 168 169 170 171 172 173 2 3 78 79 176 177 178 179 180 181 4 5 6 89 90 184 185 186 187 188 7 8 9 10 100 191 192 193 194 11 12 13 14 15 197 198 199 16 17 18 19 20 202 203 22 23 24 25 26 206 29 30 31 32 33 37 38 39 40 41 47 48 49 50 58 59 60 69 70 80
102 112 113 122 123 124 28 133 134 135 35 36 144 145 146 43 44 45 155 156 157 52 53 54 55 165 166 167 62 63 64 65 66 174 175 176 72 73 74 75 76 77 182 183 184 82 83 84 85 86 87 88 189 190 191 92 93 94 95 96 97 98 99 195 196 197 103 104 105 106 107 108 109 110 200 201 202 114 115 116 117 118 119 120 121 204 205 206 125 126 127 128 129 130 131 132 207 208 37 136 137 138 139 140 141 142 143 209 46 47 147 148 149 150 151 152 153 154 56 57 58 158 159 160 161 162 163 164 1 67 68 69 168 169 170 171 172 173 2 3 78 79 80 177 178 179 180 181 4 5 6 89 90 91 185 186 187 188 7 8 9 10 100 101 192 193 194 11 12 13 14 15 111 198 199 16 17 18 19 20 21 203 22 23 24 25 26 27 29 30 31 32 33 34 38 39 40 41 42 48 49 50 51 59 60 61 70 71 81
103 113 114 123 124 125 133 134 135 136 36 144 145 146 147 44 45 155 156 157 158 53 54 55 165 166 167 168 63 64 65 66 174 175 176 177 73 74 75 76 77 182 183 184 185 83 84 85 86 87 88 189 190 191 192 93 94 95 96 97 98 99 195 196 197 198 104 105 106 107 108 109 110 200 201 202 203 115 116 117 118 119 120 121 204 205 206 29 126 127 128 129 130 131 132 207 208 37 38 137 138 139 140 141 142 143 209 46 47 48 148 149 150 151 152 153 154 56 57 58 59 159 160 161 162 163 164 1 67 68 69 70 169 170 171 172 173 2 3 78 79 80 81 178 179 180 181 4 5 6 89 90 91 92 186 187 188 7 8 9 10 100 101 102 193 194 11 12 13 14 15 111 112 199 16 17 18 19 20 21 122 22 23 24 25 26 27 28 30 31 32 33 34 35 39 40 41 42 43 49 50 51 52 60 61 62 71 72 82
104 114 115 124 125 126 134 135 136 137 144 145 146 147 148 45 155 156 157 158 159 54 55 165 166 167 168 169 64 65 66 174 175 176 177 178 74 75 76 77 182 183 184 185 186 84 85 86 87 88 189 190 191 192 193 94 95 96 97 98 99 195 196 197 198 199 105 106 107 108 109 110 200 201 202 203 22 116 117 118 119 120 121 204 205 206 29 30 127 128 129 130 131 132 207 208 37 38 39 138 139 140 141 142 143 209 46 47 48 49 149 150 151 152 153 154 56 57 58 59 60 160 161 162 163 164 1 67 68 69 70 71 170 171 172 173 2 3 78 79 80 81 82 179 180 181 4 5 6 89 90 91 92 93 187 188 7 8 9 10 100 101 102 103 194 11 12 13 14 15 111 112 113 16 17 18 19 20 21 122 123 23 24 25 26 27 28 133 31 32 33 34 35 36 40 41 42 43 44 50 51 52 53 61 62 63 72 73 83
105 115 116 125 126 127 135 136 137 138 145 146 147 148 149 155 156 157 158 159 160 55 165 166 167 168 169 170 65 66 174 175 176 177 178 179 75 76 77 182 183 184 185 186 187 85 86 87 88 189 190 191 192 193 194 95 96 97 98 99 195 196 197 198 199 16 106 107 108 109 110 200 201 202 203 22 23 117 118 119 120 121 204 205 206 29 30 31 128 129 130 131 132 207 208 37 38 39 40 139 140 141 142 143 209 46 47 48 49 50 150 151 152 153 154 56 57 58 59 60 61 161 162 163 164 1 67 68 69 70 71 72 171 172 173 2 3 78 79 80 81 82 83 180 181 4 5 6 89 90 91 92 93 94 188 7 8 9 10 100 101 102 103 104 11 12 13 14 15 111 112 113 114 17 18 19 20 21 122 123 124 24 25 26 27 28 133 134 32 33 34 35 36 144 41 42 43 44 45 51 52 53 54 62 63 64 73 74 84
106 116 117 126 127 128 136 137 138 139 146 147 148 149 150 156 157 158 159 160 161 165 166 167 168 169 170 171 66 174 175 176 177 178 179 180 76 77 182 183 184 185 186 187 188 86 87 88 189 190 191 192 193 194 11 96 97 98 99 195 196 197 198 199 16 17 107 108 109 110 200 201 202 203 22 23 24 118 119 120 121 204 205 206 29 30 31 32 129 130 131 132 207 208 37 38 39 40 41 140 141 142 143 209 46 47 48 49 50 51 151 152 153 154 56 57 58 59 60 61 62 162 163 164 1 67 68 69 70 71 72 73 172 173 2 3 78 79 80 81 82 83 84 181 4 5 6 89 90 91 92 93 94 95 7 8 9 10 100 101 102 103 104 105 12 13 14 15 111 112 113 114 115 18 19 20 21 122 123 124 125 25 26 27 28 133 134 135 33 34 35 36 144 145 42 43 44 45 155 52 53 54 55 63 64 65 74 75 85
107 117 118 127 128 129 137 138 139 140 147 148 149 150 151 157 158 159 160 161 162 166 167 168 169 170 171 172 174 175 176 177 178 179 180 181 77 182 183 184 185 186 187 188 7 87 88 189 190 191 192 193 194 11 12 97 98 99 195 196 197 198 199 16 17 18 108 109 110 200 201 202 203 22 23 24 25 119 120 121 204 205 206 29 30 31 32 33 130 131 132 207 208 37 38 39 40 41 42 141 142 143 209 46 47 48 49 50 51 52 152 153 154 56 57 58 59 60 61 62 63 163 164 1 67 68 69 70 71 72 73 74 173 2 3 78 79 80 81 82 83 84 85 4 5 6 89 90 91 92 93 94 95 96 8 9 10 100 101 102 103 104 105 106 13 14 15 111 112 113 114 115 116 19 20 21 122 123 124 125 126 26 27 28 133 134 135 136 34 35 36 144 145 146 43 44 45 155 156 53 54 55 165 64 65 66 75 76 86
108 118 119 128 129 130 138 139 140 141 148 149 150 151 152 158 159 160 161 162 163 167 168 169 170 171 172 173 175 176 177 178 179 180 181 4 182 183 184 185 186 187 188 7 8 88 189 190 191 192 193 194 11 12 13 98 99 195 196 197 198 199 16 17 18 19 109 110 200 201 202 203 22 23 24 25 26 120 121 204 205 206 29 30 31 32 33 34 131 132 207 208 37 38 39 40 41 42 43 142 143 209 46 47 48 49 50 51 52 53 153 154 56 57 58 59 60 61 62 63 64 164 1 67 68 69 70 71 72 73 74 75 2 3 78 79 80 81 82 83 84 85 86 5 6 89 90 91 92 93 94 95 96 97 9 10 100 101 102 103 104 105 106 107 14 15 111 112 113 114 115 116 117 20 21 122 123 124 125 126 127 27 28 133 134 135 136 137 35 36 144 145 146 147 44 45 155 156 157 54 55 165 166 65 66 174 76 77 87
109 119 120 129 130 131 139 140 141 142 149 150 151 152 153 159 160 161 162 163 164 168 169 170 171 172 173 2 176 177 178 179 180 181 4 5 183 184 185 186 187 188 7 8 9 189 190 191 192 193 194 11 12 13 14 99 195 196 197 198 199 16 17 18 19 20 110 200 201 202 203 22 23 24 25 26 27 121 204 205 206 29 30 31 32 33 34 35 132 207 208 37 38 39 40 41 42 43 44 143 209 46 47 48 49 50 51 52 53 54 154 56 57 58 59 60 61 62 63 64 65 1 67 68 69 70 71 72 73 74 75 76 3 78 79 80 81 82 83 84 85 86 87 6 89 90 91 92 93 94 95 96 97 98 10 100 101 102 103 104 105 106 107 108 15 111 112 113 114 115 116 117 118 21 122 123 124 125 126 127 128 28 133 134 135 136 137 138 36 144 145 146 147 148 45 155 156 157 158 55 165 166 167 66 174 175 77 182 88
110 120 121 130 131 132 140 141 142 143 150 151 152 153 154 160 161 162 163 164 1 169 170 171 172 173 2 3 177 178 179 180 181 4 5 6 184 185 186 187 188 7 8 9 10 190 191 192 193 194 11 12 13 14 15 195 196 197 198 199 16 17 18 19 20 21 200 201 202 203 22 23 24 25 26 27 28 204 205 206 29 30 31 32 33 34 35 36 207 208 37 38 39 40 41 42 43 44 45 209 46 47 48 49 50 51 52 53 54 55 56 57 58 59 60 61 62 63 64 65 66 67 68 69 70 71 72 73 74 75 76 77 78 79 80 81 82 83 84 85 86 87 88 89 90 91 92 93 94 95 96 97 98 99 100 101 102 103 104 105 106 107 108 109 111 112 113 114 115 116 117 118 119 122 123 124 125 126 127 128 129 133 134 135 136 137 138 139 144 145 146 147 148 149 155 156 157 158 159 165 166 167 168 174 175 176 182 183 189
111 21 122 27 28 133 34 35 36 144 42 43 44 45 155 51 52 53 54 55 165 61 62 63 64 65 66 174 71 72 73 74 75 76 77 182 81 82 83 84 85 86 87 88 189 91 92 93 94 95 96 97 98 99 195 101 102 103 104 105 106 107 108 109 110 200 112 113 114 115 116 117 118 119 120 121 204 123 124 125 126 127 128 129 130 131 132 207 134 135 136 137 138 139 140 141 142 143 209 145 146 147 148 149 150 151 152 153 154 56 156 157 158 159 160 161 162 163 164 1 67 166 167 168 169 170 171 172 173 2 3 78 175 176 177 178 179 180 181 4 5 6 89 183 184 185 186 187 188 7 8 9 10 100 190 191 192 193 194 11 12 13 14 15 196 197 198 199 16 17 18 19 20 201 202 203 22 23 24 25 26 205 206 29 30 31 32 33 208 37 38 39 40 41 46 47 48 49 50 57 58 59 60 68 69 70 79 80 90
112 122 123 28 133 134 35 36 144 145 43 44 45 155 156 52 53 54 55 165 166 62 63 64 65 66 174 175 72 73 74 75 76 77 182 183 82 83 84 85 86 87 88 189 190 92 93 94 95 96 97 98 99 195 196 102 103 104 105 106 107 108 109 110 200 201 113 114 115 116 117 118 119 120 121 204 205 124 125 126 127 128 129 130 131 132 207 208 135 136 137 138 139 140 141 142 143 209 46 146 147 148 149 150 151 152 153 154 56 57 157 158 159 160 161 162 163 164 1 67 68 167 168 169 170 171 172 173 2 3 78 79 176 177 178 179 180 181 4 5 6 89 90 184 185 186 187 188 7 8 9 10 100 101 191 192 193 194 11 12 13 14 15 111 197 198 199 16 17 18 19 20 21 202 203 22 23 24 25 26 27 206 29 30 31 32 33 34 37 38 39 40 41 42 47 48 49 50 51 58 59 60 61 69 70 71 80 81 91
113 123 124 133 134 135 36 144 145 146 44 45 155 156 157 53 54 55 165 166 167 63 64 65 66 174 175 176 73 74 75 76 77 182 183 184 83 84 85 86 87 88 189 190 191 93 94 95 96 97 98 99 195 196 197 103 104 105 106 107 108 109 110 200 201 202 114 115 116 117 118 119 120 121 204 205 206 125 126 127 128 129 130 131 132 207 208 37 136 137 138 139 140 141 142 143 209 46 47 147 148 149 150 151 152 153 154 56 57 58 158 159 160 161 162 163 164 1 67 68 69 168 169 170 171 172 173 2 3 78 79 80 177 178 179 180 181 4 5 6 89 90 91 185 186 187 188 7 8 9 10 100 101 102 192 193 194 11 12 13 14 15 111 112 198 199 16 17 18 19 20 21 122 203 22 23 24 25 26 27 28 29 30 31 32 33 34 35 38 39 40 41 42 43 48 49 50 51 52 59 60 61 62 70 71 72 81 82 92
114 124 125 134 135 136 144 145 146 147 45 155 156 157 158 54 55 165 166 167 168 64 65 66 174 175 176 177 74 75 76 77 182 183 184 185 84 85 86 87 88 189 190 191 192 94 95 96 97 98 99 195 196 197 198 104 105 106 107 108 109 110 200 201 202 203 115 116 117 118 119 120 121 204 205 206 29 126 127 128 129 130 131 132 207 208 37 38 137 138 139 140 141 142 143 209 46 47 48 148 149 150 151 152 153 154 56 57 58 59 159 160 161 162 163 164 1 67 68 69 70 169 170 171 172 173 2 3 78 79 80 81 178 179 180 181 4 5 6 89 90 91 92 186 187 188 7 8 9 10 100 101 102 103 193 194 11 12 13 14 15 111 112 113 199 16 17 18 19 20 21 122 123 22 23 24 25 26 27 28 133 30 31 32 33 34 35 36 39 40 41 42 43 44 49 50 51 52 53 60 61 62 63 71 72 73 82 83 93
115 125 126 135 136 137 145 146 147 148 155 156 157 158 159 55 165 166 167 168 169 65 66 174 175 176 177 178 75 76 77 182 183 184 185 186 85 86 87 88 189 190 191 192 193 95 96 97 98 99 195 196 197 198 199 105 106 107 108 109 110 200 201 202 203 22 116 117 118 119 120 121 204 205 206 29 30 127 128 129 130 131 132 207 208 37 38 39 138 139 140 141 142 143 209 46 47 48 49 149 150 151 152 153 154 56 57 58 59 60 160 161 162 163 164 1 67 68 69 70 71 170 171 172 173 2 3 78 79 80 81 82 179 180 181 4 5 6 89 90 91 92 93 187 188 7 8 9 10 100 101 102 103 104 194 11 12 13 14 15 111 112 113 114 16 17 18 19 20 21 122 123 124 23 24 25 26 27 28 133 134 31 32 33 34 35 36 144 40 41 42 43 44 45 50 51 52 53 54 61 62 63 64 72 73 74 83 84 94
116 126 127 136 137 138 146 147 148 149 156 157 158 159 160 165 166 167 168 169 170 66 174 175 176 177 178 179 76 77 182 183 184 185 186 187 86 87 88 189 190 191 192 193 194 96 97 98 99 195 196 197 198 199 16 106 107 108 109 110 200 201 202 203 22 23 117 118 119 120 121 204 205 206 29 30 31 128 129 130 131 132 207 208 37 38 39 40 139 140 141 142 143 209 46 47 48 49 50 150 151 152 153 154 56 57 58 59 60 61 161 162 163 164 1 67 68 69 70 71 72 171 172 173 2 3 78 79 80 81 82 83 180 181 4 5 6 89 90 91 92 93 94 188 7 8 9 10 100 101 102 103 104 105 11 12 13 14 15 111 112 113 114 115 17 18 19 20 21 122 123 124 125 24 25 26 27 28 133 134 135 32 33 34 35 36 144 145 41 42 43 44 45 155 51 52 53 54 55 62 63 64 65 73 74 75 84 85 95
117 127 128 137 138 139 147 148 149 150 157 158 159 160 161 166 167 168 169 170 171 174 175 176 177 178 179 180 77 182 183 184 185 186 187 188 87 88 189 190 191 192 193 194 11 97 98 99 195 196 197 198 199 16 17 107 108 109 110 200 201 202 203 22 23 24 118 119 120 121 204 205 206 29 30 31 32 129 130 131 132 207 208 37 38 39 40 41 140 141 142 143 209 46 47 48 49 50 51 151 152 153 154 56 57 58 59 60 61 62 162 163 164 1 67 68 69 70 71 72 73 172 173 2 3 78 79 80 81 82 83 84 181 4 5 6 89 90 91 92 93 94 95 7 8 9 10 100 101 102 103 104 105 106 12 13 14 15 111 112 113 114 115 116 18 19 20 21 122 123 124 125 126 25 26 27 28 133 134 135 136 33 34 35 36 144 145 146 42 43 44 45 155 156 52 53 54 55 165 63 64 65 66 74 75 76 85 86 96
118 128 129 138 139 140 148 149 150 151 158 159 160 161 162 167 168 169 170 171 172 175 176 177 178 179 180 181 182 183 184 185 186 187 188 7 88 189 190 191 192 193 194 11 12 98 99 195 196 197 198 199 16 17 18 108 109 110 200 201 202 203 22 23 24 25 119 120 121 204 205 206 29 30 31 32 33 130 131 132 207 208 37 38 39 40 41 42 141 142 143 209 46 47 48 49 50 51 52 152 153 154 56 57 58 59 60 61 62 63 163 164 1 67 68 69 70 71 72 73 74 173 2 3 78 79 80 81 82 83 84 85 4 5 6 89 90 91 92 93 94 95 96 8 9 10 100 101 102 103 104 105 106 107 13 14 15 111 112 113 114 115 116 117 19 20 21 122 123 124 125 126 127 26 27 28 133 134 135 136 137 34 35 36 144 145 146 147 43 44 45 155 156 157 53 54 55 165 166 64 65 66 174 75 76 77 86 87 97
119 129 130 139 140 141 149 150 151 152 159 160 161 162 163 168 169 170 171 172 173 176 177 178 179 180 181 4 183 184 185 186 187 188 7 8 189 190 191 192 193 194 11 12 13 99 195 196 197 198 199 16 17 18 19 109 110 200 201 202 203 22 23 24 25 26 120 121 204 205 206 29 30 31 32 33 34 131 132 207 208 37 38 39 40 41 42 43 142 143 209 46 47 48 49 50 51 52 53 153 154 56 57 58 59 60 61 62 63 64 164 1 67 68 69 70 71 72 73 74 75 2 3 78 79 80 81 82 83 84 85 86 5 6 89 90 91 92 93 94 95 96 97 9 10 100 101 102 103 104 105 106 107 108 14 15 111 112 113 114 115 116 117 118 20 21 122 123 124 125 126 127 128 27 28 133 134 135 136 137 138 35 36 144 145 146 147 148 44 45 155 156 157 158 54 55 165 166 167 65 66 174 175 76 77 182 87 88 98
120 130 131 140 141 142 150 151 152 153 160 161 162 163 164 169 170 171 172 173 2 177 178 179 180 181 4 5 184 185 186 187 188 7 8 9 190 191 192 193 194 11 12 13 14 195 196 197 198 199 16 17 18 19 20 110 200 201 202 203 22 23 24 25 26 27 121 204 205 206 29 30 31 32 33 34 35 132 207 208 37 38 39 40 41 42 43 44 143 209 46 47 48 49 50 51 52 53 54 154 56 57 58 59 60 61 62 63 64 65 1 67 68 69 70 71 72 73 74 75 76 3 78 79 80 81 82 83 84 85 86 87 6 89 90 91 92 93 94 95 96 97 98 10 100 101 102 103 104 105 106 107 108 109 15 111 112 113 114 115 116 117 118 119 21 122 123 124 125 126 127 128 129 28 133 134 135 136 137 138 139 36 144 145 146 147 148 149 45 155 156 157 158 159 55 165 166 167 168 66 174 175 176 77 182 183 88 189 99
121 131 132 141 142 143 151 152 153 154 161 162 163 164 1 170 171 172 173 2 3 178 179 180 181 4 5 6 185 186 187 188 7 8 9 10 191 192 193 194 11 12 13 14 15 196 197 198 199 16 17 18 19 20 21 200 201 202 203 22 23 24 25 26 27 28 204 205 206 29 30 31 32 33 34 35 36 207 208 37 38 39 40 41 42 43 44 45 209 46 47 48 49 50 51 52 53 54 55 56 57 58 59 60 61 62 63 64 65 66 67 68 69 70 71 72 73 74 75 76 77 78 79 80 81 82 83 84 85 86 87 88 89 90 91 92 93 94 95 96 97 98 99 100 101 102 103 104 105 106 107 108 109 110 111 112 113 114 115 116 117 118 119 120 122 123 124 125 126 127 128 129 130 133 134 135 136 137 138 139 140 144 145 146 147 148 149 150 155 156 157 158 159 160 165 166 167 168 169 174 175 176 177 182 183 184 189 190 195
122 28 133 35 36 144 43 44 45 155 52 53 54 55 165 62 63 64 65 66 174 72 73 74 75 76 77 182 82 83 84 85 86 87 88 189 92 93 94 95 96 97 98 99 195 102 103 104 105 106 107 108 109 110 200 112 113 114 115 116 117 118 119 120 121 204 123 124 125 126 127 128 129 130 131 132 207 134 135 136 137 138 139 140 141 142 143 209 145 146 147 148 149 150 151 152 153 154 56 156 157 158 159 160 161 162 163 164 1 67 166 167 168 169 170 171 172 173 2 3 78 175 176 177 178 179 180 181 4 5 6 89 183 184 185 186 187 188 7 8 9 10 100 190 191 192 193 194 11 12 13 14 15 111 196 197 198 199 16 17 18 19 20 21 201 202 203 22 23 24 25 26 27 205 206 29 30 31 32 33 34 208 37 38 39 40 41 42 46 47 48 49 50 51 57 58 59 60 61 68 69 70 71 79 80 81 90 91 101
123 133 134 36 144 145 44 45 155 156 53 54 55 165 166 63 64 65 66 174 175 73 74 75 76 77 182 183 83 84 85 86 87 88 189 190 93 94 95 96 97 98 99 195 196 103 104 105 106 107 108 109 110 200 201 113 114 115 116 117 118 119 120 121 204 205 124 125 126 127 128 129 130 131 132 207 208 135 136 137 138 139 140 141 142 143 209 46 146 147 148 149 150 151 152 153 154 56 57 157 158 159 160 161 162 163 164 1 67 68 167 168 169 170 171 172 173 2 3 78 79 176 177 178 179 180 181 4 5 6 89 90 184 185 186 187 188 7 8 9 10 100 101 191 192 193 194 11 12 13 14 15 111 112 197 198 199 16 17 18 19 20 21 122 202 203 22 23 24 25 26 27 28 206 29 30 31 32 33 34 35 37 38 39 40 41 42 43 47 48 49 50 51 52 58 59 60 61 62 69 70 71 72 80 81 82 91 92 102
124 134 135 144 145 146 45 155 156 157 54 55 165 166 167 64 65 66 174 175 176 74 75 76 77 182 183 184 84 85 86 87 88 189 190 191 94 95 96 97 98 99 195 196 197 104 105 106 107 108 109 110 200 201 202 114 115 116 117 118 119 120 121 204 205 206 125 126 127 128 129 130 131 132 207 208 37 136 137 138 139 140 141 142 143 209 46 47 147 148 149 150 151 152 153 154 56 57 58 158 159 160 161 162 163 164 1 67 68 69 168 169 170 171 172 173 2 3 78 79 80 177 178 179 180 181 4 5 6 89 90 91 185 186 187 188 7 8 9 10 100 101 102 192 193 194 11 12 13 14 15 111 112 113 198 199 16 17 18 19 20 21 122 123 203 22 23 24 25 26 27 28 133 29 30 31 32 33 34 35 36 38 39 40 41 42 43 44 48 49 50 51 52 53 59 60 61 62 63 70 71 72 73 81 82 83 92 93 103
125 135 136 145 146 147 155 156 157 158 55 165 166 167 168 65 66 174 175 176 177 75 76 77 182 183 184 185 85 86 87 88 189 190 191 192 95 96 97 98 99 195 196 197 198 105 106 107 108 109 110 200 201 202 203 115 116 117 118 119 120 121 204 205 206 29 126 127 128 129 130 131 132 207 208 37 38 137 138 139 140 141 142 143 209 46 47 48 148 149 150 151 152 153 154 56 57 58 59 159 160 161 162 163 164 1 67 68 69 70 169 170 171 172 173 2 3 78 79 80 81 178 179 180 181 4 5 6 89 90 91 92 186 187 188 7 8 9 10 100 101 102 103 193 194 11 12 13 14 15 111 112 113 114 199 16 17 18 19 20 21 122 123 124 22 23 24 25 26 27 28 133 134 30 31 32 33 34 35 36 144 39 40 41 42 43 44 45 49 50 51 52 53 54 60 61 62 63 64 71 72 73 74 82 83 84 93 94 104
126 136 137 146 147 148 156 157 158 159 165 166 167 168 169 66 174 175 176 177 178 76 77 182 183 184 185 186 86 87 88 189 190 191 192 193 96 97 98 99 195 196 197 198 199 106 107 108 109 110 200 201 202 203 22 116 117 118 119 120 121 204 205 206 29 30 127 128 129 130 131 132 207 208 37 38 39 138 139 140 141 142 143 209 46 47 48 49 149 150 151 152 153 154 56 57 58 59 60 160 161 162 163 164 1 67 68 69 70 71 170 171 172 173 2 3 78 79 80 81 82 179 180 181 4 5 6 89 90 91 92 93 187 188 7 8 9 10 100 101 102 103 104 194 11 12 13 14 15 111 112 113 114 115 16 17 18 19 20 21 122 123 124 125 23 24 25 26 27 28 133 134 135 31 32 33 34 35 36 144 145 40 41 42 43 44 45 155 50 51 52 53 54 55 61 62 63 64 65 72 73 74 75 83 84 85 94 95 105
127 137 138 147 148 149 157 158 159 160 166 167 168 169 170 174 175 176 177 178 179 77 182 183 184 185 186 187 87 88 189 190 191 192 193 194 97 98 99 195 196 197 198 199 16 107 108 109 110 200 201 202 203 22 23 117 118 119 120 121 204 205 206 29 30 31 128 129 130 131 132 207 208 37 38 39 40 139 140 141 142 143 209 46 47 48 49 50 150 151 152 153 154 56 57 58 59 60 61 161 162 163 164 1 67 68 69 70 71 72 171 172 173 2 3 78 79 80 81 82 83 180 181 4 5 6 89 90 91 92 93 94 188 7 8 9 10 100 101 102 103 104 105 11 12 13 14 15 111 112 113 114 115 116 17 18 19 20 21 122 123 124 125 126 24 25 26 27 28 133 134 135 136 32 33 34 35 36 144 145 146 41 42 43 44 45 155 156 51 52 53 54 55 165 62 63 64 65 66 73 74 75 76 84 85 86 95 96 106
128 138 139 148 149 150 158 159 160 161 167 168 169 170 171 175 176 177 178 179 180 182 183 184 185 186 187 188 88 189 190 191 192 193 194 11 98 99 195 196 197 198 199 16 17 108 109 110 200 201 202 203 22 23 24 118 119 120 121 204 205 206 29 30 31 32 129 130 131 132 207 208 37 38 39 40 41 140 141 142 143 209 46 47 48 49 50 51 151 152 153 154 56 57 58 59 60 61 62 162 163 164 1 67 68 69 70 71 72 73 172 173 2 3 78 79 80 81 82 83 84 181 4 5 6 89 90 91 92 93 94 95 7 8 9 10 100 101 102 103 104 105 106 12 13 14 15 111 112 113 114 115 116 117 18 19 20 21 122 123 124 125 126 127 25 26 27 28 133 134 135 136 137 33 34 35 36 144 145 146 147 42 43 44 45 155 156 157 52 53 54 55 165 166 63 64 65 66 174 74 75 76 77 85 86 87 96 97 107
129 139 140 149 150 151 159 160 161 162 168 169 170 171 172 176 177 178 179 180 181 183 184 185 186 187 188 7 189 190 191 192 193 194 11 12 99 195 196 197 198 199 16 17 18 109 110 200 201 202 203 22 23 24 25 119 120 121 204 205 206 29 30 31 32 33 130 131 132 207 208 37 38 39 40 41 42 141 142 143 209 46 47 48 49 50 51 52 152 153 154 56 57 58 59 60 61 62 63 163 164 1 67 68 69 70 71 72 73 74 173 2 3 78 79 80 81 82 83 84 85 4 5 6 89 90 91 92 93 94 95 96 8 9 10 100 101 102 103 104 105 106 107 13 14 15 111 112 113 114 115 116 117 118 19 20 21 122 123 124 125 126 127 128 26 27 28 133 134 135 136 137 138 34 35 36 144 145 146 147 148 43 44 45 155 156 157 158 53 54 55 165 166 167 64 65 66 174 175 75 76 77 182 86 87 88 97 98 108
130 140 141 150 151 152 160 161 162 163 169 170 171 172 173 177 178 179 180 181 4 184 185 186 187 188 7 8 190 191 192 193 194 11 12 13 195 196 197 198 199 16 17 18 19 110 200 201 202 203 22 23 24 25 26 120 121 204 205 206 29 30 31 32 33 34 131 132 207 208 37 38 39 40 41 42 43 142 143 209 46 47 48 49 50 51 52 53 153 154 56 57 58 59 60 61 62 63 64 164 1 67 68 69 70 71 72 73 74 75 2 3 78 79 80 81 82 83 84 85 86 5 6 89 90 91 92 93 94 95 96 97 9 10 100 101 102 103 104 105 106 107 108 14 15 111 112 113 114 115 116 117 118 119 20 21 122 123 124 125 126 127 128 129 27 28 133 134 135 136 137 138 139 35 36 144 145 146 147 148 149 44 45 155 156 157 158 159 54 55 165 166 167 168 65 66 174 175 176 76 77 182 183 87 88 189 98 99 109
131 141 142 151 152 153 161 162 163 164 170 171 172 173 2 178 179 180 181 4 5 185 186 187 188 7 8 9 191 192 193 194 11 12 13 14 196 197 198 199 16 17 18 19 20 200 201 202 203 22 23 24 25 26 27 121 204 205 206 29 30 31 32 33 34 35 132 207 208 37 38 39 40 41 42 43 44 143 209 46 47 48 49 50 51 52 53 54 154 56 57 58 59 60 61 62 63 64 65 1 67 68 69 70 71 72 73 74 75 76 3 78 79 80 81 82 83 84 85 86 87 6 89 90 91 92 93 94 95 96 97 98 10 100 101 102 103 104 105 106 107 108 109 15 111 112 113 114 115 116 117 118 119 120 21 122 123 124 125 126 127 128 129 130 28 133 134 135 136 137 138 139 140 36 144 145 146 147 148 149 150 45 155 156 157 158 159 160 55 165 166 167 168 169 66 174 175 176 177 77 182 183 184 88 189 190 99 195 110
132 142 143 152 153 154 162 163 164 1 171 172 173 2 3 179 180 181 4 5 6 186 187 188 7 8 9 10 192 193 194 11 12 13 14 15 197 198 199 16 17 18 19 20 21 201 202 203 22 23 24 25 26 27 28 204 205 206 29 30 31 32 33 34 35 36 207 208 37 38 39 40 41 42 43 44 45 209 46 47 48 49 50 51 52 53 54 55 56 57 58 59 60 61 62 63 64 65 66 67 68 69 70 71 72 73 74 75 76 77 78 79 80 81 82 83 84 85 86 87 88 89 90 91 92 93 94 95 96 97 98 99 100 101 102 103 104 105 106 107 108 109 110 111 112 113 114 115 116 117 118 119 120 121 122 123 124 125 126 127 128 129 130 131 133 134 135 136 137 138 139 140 141 144 145 146 147 148 149 150 151 155 156 157 158 159 160 161 165 166 167 168 169 170 174 175 176 177 178 182 183 184 185 189 190 191 195 196 200
133 36 144 44 45 155 53 54 55 165 63 64 65 66 174 73 74 75 76 77 182 83 84 85 86 87 88 189 93 94 95 96 97 98 99 195 103 104 105 106 107 108 109 110 200 113 114 115 116 117 118 119 120 121 204 123 124 125 126 127 128 129 130 131 132 207 134 135 136 137 138 139 140 141 142 143 209 145 146 147 148 149 150 151 152 153 154 56 156 157 158 159 160 161 162 163 164 1 67 166 167 168 169 170 171 172 173 2 3 78 175 176 177 178 179 180 181 4 5 6 89 183 184 185 186 187 188 7 8 9 10 100 190 191 192 193 194 11 12 13 14 15 111 196 197 198 199 16 17 18 19 20 21 122 201 202 203 22 23 24 25 26 27 28 205 206 29 30 31 32 33 34 35 208 37 38 39 40 41 42 43 46 47 48 49 50 51 52 57 58 59 60 61 62 68 69 70 71 72 79 80 81 82 90 91 92 101 102 112
134 144 145 45 155 156 54 55 165 166 64 65 66 174 175 74 75 76 77 182 183 84 85 86 87 88 189 190 94 95 96 97 98 99 195 196 104 105 106 107 108 109 110 200 201 114 115 116 117 118 119 120 121 204 205 124 125 126 127 128 129 130 131 132 207 208 135 136 137 138 139 140 141 142 143 209 46 146 147 148 149 150 151 152 153 154 56 57 157 158 159 160 161 162 163 164 1 67 68 167 168 169 170 171 172 173 2 3 78 79 176 177 178 179 180 181 4 5 6 89 90 184 185 186 187 188 7 8 9 10 100 101 191 192 193 194 11 12 13 14 15 111 112 197 198 199 16 17 18 19 20 21 122 123 202 203 22 23 24 25 26 27 28 133 206 29 30 31 32 33 34 35 36 37 38 39 40 41 42 43 44 47 48 49 50 51 52 53 58 59 60 61 62 63 69 70 71 72 73 80 81 82 83 91 92 93 102 103 113
135 145 146 155 156 157 55 165 166 167 65 66 174 175 176 75 76 77 182 183 184 85 86 87 88 189 190 191 95 96 97 98 99 195 196 197 105 106 107 108 109 110 200 201 202 115 116 117 118 119 120 121 204 205 206 125 126 127 128 129 130 131 132 207 208 37 136 137 138 139 140 141 142 143 209 46 47 147 148 149 150 151 152 153 154 56 57 58 158 159 160 161 162 163 164 1 67 68 69 168 169 170 171 172 173 2 3 78 79 80 177 178 179 180 181 4 5 6 89 90 91 185 186 187 188 7 8 9 10 100 101 102 192 193 194 11 12 13 14 15 111 112 113 198 199 16 17 18 19 20 21 122 123 124 203 22 23 24 25 26 27 28 133 134 29 30 31 32 33 34 35 36 144 38 39 40 41 42 43 44 45 48 49 50 51 52 53 54 59 60 61 62 63 64 70 71 72 73 74 81 82 83 84 92 93 94 103 104 114
136 146 147 156 157 158 165 166 167 168 66 174 175 176 177 76 77 182 183 184 185 86 87 88 189 190 191 192 96 97 98 99 195 196 197 198 106 107 108 109 110 200 201 202 203 116 117 118 119 120 121 204 205 206 29 126 127 128 129 130 131 132 207 208 37 38 137 138 139 140 141 142 143 209 46 47 48 148 149 150 151 152 153 154 56 57 58 59 159 160 161 162 163 164 1 67 68 69 70 169 170 171 172 173 2 3 78 79 80 81 178 179 180 181 4 5 6 89 90 91 92 186 187 188 7 8 9 10 100 101 102 103 193 194 11 12 13 14 15 111 112 113 114 199 16 17 18 19 20 21 122 123 124 125 22 23 24 25 26 27 28 133 134 135 30 31 32 33 34 35 36 144 145 39 40 41 42 43 44 45 155 49 50 51 52 53 54 55 60 61 62 63 64 65 71 72 73 74 75 82 83 84 85 93 94 95 104 105 115
137 147 148 157 158 159 166 167 168 169 174 175 176 177 178 77 182 183 184 185 186 87 88 189 190 191 192 193 97 98 99 195 196 197 198 199 107 108 109 110 200 201 202 203 22 117 118 119 120 121 204 205 206 29 30 127 128 129 130 131 132 207 208 37 38 39 138 139 140 141 142 143 209 46 47 48 49 149 150 151 152 153 154 56 57 58 59 60 160 161 162 163 164 1 67 68 69 70 71 170 171 172 173 2 3 78 79 80 81 82 179 180 181 4 5 6 89 90 91 92 93 187 188 7 8 9 10 100 101 102 103 104 194 11 12 13 14 15 111 112 113 114 115 16 17 18 19 20 21 122 123 124 125 126 23 24 25 26 27 28 133 134 135 136 31 32 33 34 35 36 144 145 146 40 41 42 43 44 45 155 156 50 51 52 53 54 55 165 61 62 63 64 65 66 72 73 74 75 76 83 84 85 86 94 95 96 105 106 116
138 148 149 158 159 160 167 168 169 170 175 176 177 178 179 182 183 184 185 186 187 88 189 190 191 192 193 194 98 99 195 196 197 198 199 16 108 109 110 200 201 202 203 22 23 118 119 120 121 204 205 206 29 30 31 128 129 130 131 132 207 208 37 38 39 40 139 140 141 142 143 209 46 47 48 49 50 150 151 152 153 154 56 57 58 59 60 61 161 162 163 164 1 67 68 69 70 71 72 171 172 173 2 3 78 79 80 81 82 83 180 181 4 5 6 89 90 91 92 93 94 188 7 8 9 10 100 101 102 103 104 105 11 12 13 14 15 111 112 113 114 115 116 17 18 19 20 21 122 123 124 125 126 127 24 25 26 27 28 133 134 135 136 137 32 33 34 35 36 144 145 146 147 41 42 43 44 45 155 156 157 51 52 53 54 55 165 166 62 63 64 65 66 174 73 74 75 76 77 84 85 86 87 95 96 97 106 107 117
139 149 150 159 160 161 168 169 170 171 176 177 178 179 180 183 184 185 186 187 188 189 190 191 192 193 194 11 99 195 196 197 198 199 16 17 109 110 200 201 202 203 22 23 24 119 120 121 204 205 206 29 30 31 32 129 130 131 132 207 208 37 38 39 40 41 140 141 142 143 209 46 47 48 49 50 51 151 152 153 154 56 57 58 59 60 61 62 162 163 164 1 67 68 69 70 71 72 73 172 173 2 3 78 79 80 81 82 83 84 181 4 5 6 89 90 91 92 93 94 95 7 8 9 10 100 101 102 103 104 105 106 12 13 14 15 111 112 113 114 115 116 117 18 19 20 21 122 123 124 125 126 127 128 25 26 27 28 133 134 135 136 137 138 33 34 35 36 144 145 146 147 148 42 43 44 45 155 156 157 158 52 53 54 55 165 166 167 63 64 65 66 174 175 74 75 76 77 182 85 86 87 88 96 97 98 107 108 118
140 150 151 160 161 162 169 170 171 172 177 178 179 180 181 184 185 186 187 188 7 190 191 192 193 194 11 12 195 196 197 198 199 16 17 18 110 200 201 202 203 22 23 24 25 120 121 204 205 206 29 30 31 32 33 130 131 132 207 208 37 38 39 40 41 42 141 142 143 209 46 47 48 49 50 51 52 152 153 154 56 57 58 59 60 61 62 63 163 164 1 67 68 69 70 71 72 73 74 173 2 3 78 79 80 81 82 83 84 85 4 5 6 89 90 91 92 93 94 95 96 8 9 10 100 101 102 103 104 105 106 107 13 14 15 111 112 113 114 115 116 117 118 19 20 21 122 123 124 125 126 127 128 129 26 27 28 133 134 135 136 137 138 139 34 35 36 144 145 146 147 148 149 43 44 45 155 156 157 158 159 53 54 55 165 166 167 168 64 65 66 174 175 176 75 76 77 182 183 86 87 88 189 97 98 99 108 109 119
141 151 152 161 162 163 170 171 172 173 178 179 180 181 4 185 186 187 188 7 8 191 192 193 194 11 12 13 196 197 198 199 16 17 18 19 200 201 202 203 22 23 24 25 26 121 204 205 206 29 30 31 32 33 34 131 132 207 208 37 38 39 40 41 42 43 142 143 209 46 47 48 49 50 51 52 53 153 154 56 57 58 59 60 61 62 63 64 164 1 67 68 69 70 71 72 73 74 75 2 3 78 79 80 81 82 83 84 85 86 5 6 89 90 91 92 93 94 95 96 97 9 10 100 101 102 103 104 105 106 107 108 14 15 111 112 113 114 115 116 117 118 119 20 21 122 123 124 125 126 127 128 129 130 27 28 133 134 135 136 137 138 139 140 35 36 144 145 146 147 148 149 150 44 45 155 156 157 158 159 160 54 55 165 166 167 168 169 65 66 174 175 176 177 76 77 182 183 184 87 88 189 190 98 99 195 109 110 120
142 152 153 162 163 164 171 172 173 2 179 180 181 4 5 186 187 188 7 8 9 192 193 194 11 12 13 14 197 198 199 16 17 18 19 20 201 202 203 22 23 24 25 26 27 204 205 206 29 30 31 32 33 34 35 132 207 208 37 38 39 40 41 42 43 44 143 209 46 47 48 49 50 51 52 53 54 154 56 57 58 59 60 61 62 63 64 65 1 67 68 69 70 71 72 73 74 75 76 3 78 79 80 81 82 83 84 85 86 87 6 89 90 91 92 93 94 95 96 97 98 10 100 101 102 103 104 105 106 107 108 109 15 111 112 113 114 115 116 117 118 119 120 21 122 123 124 125 126 127 128 129 130 131 28 133 134 135 136 137 138 139 140 141 36 144 145 146 147 148 149 150 151 45 155 156 157 158 159 160 161 55 165 166 167 168 169 170 66 174 175 176 177 178 77 182 183 184 185 88 189 190 191 99 195 196 110 200 121
143 153 154 163 164 1 172 173 2 3 180 181 4 5 6 187 188 7 8 9 10 193 194 11 12 13 14 15 198 199 16 17 18 19 20 21 202 203 22 23 24 25 26 27 28 205 206 29 30 31 32 33 34 35 36 207 208 37 38 39 40 41 42 43 44 45 209 46 47 48 49 50 51 52 53 54 55 56 57 58 59 60 61 62 63 64 65 66 67 68 69 70 71 72 73 74 75 76 77 78 79 80 81 82 83 84 85 86 87 88 89 90 91 92 93 94 95 96 97 98 99 100 101 102 103 104 105 106 107 108 109 110 111 112 113 114 115 116 117 118 119 120 121 122 123 124 125 126 127 128 129 130 131 132 133 134 135 136 137 138 139 140 141 142 144 145 146 147 148 149 150 151 152 155 156 157 158 159 160 161 162 165 166 167 168 169 170 171 174 175 176 177 178 179 182 183 184 185 186 189 190 191 192 195 196 197 200 201 204
144 45 155 54 55 165 64 65 66 174 74 75 76 77 182 84 85 86 87 88 189 94 95 96 97 98 99 195 104 105 106 107 108 109 110 200 114 115 116 117 118 119 120 121 204 124 125 126 127 128 129 130 131 132 207 134 135 136 137 138 139 140 141 142 143 209 145 146 147 148 149 150 151 152 153 154 56 156 157 158 159 160 161 162 163 164 1 67 166 167 168 169 170 171 172 173 2 3 78 175 176 177 178 179 180 181 4 5 6 89 183 184 185 186 187 188 7 8 9 10 100 190 191 192 193 194 11 12 13 14 15 111 196 197 198 199 16 17 18 19 20 21 122 201 202 203 22 23 24 25 26 27 28 133 205 206 29 30 31 32 33 34 35 36 208 37 38 39 40 41 42 43 44 46 47 48 49 50 51 52 53 57 58 59 60 61 62 63 68 69 70 71 72 73 79 80 81 82 83 90 91 92 93 101 102 103 112 113 123
145 155 156 55 165 166 65 66 174 175 75 76 77 182 183 85 86 87 88 189 190 95 96 97 98 99 195 196 105 106 107 108 109 110 200 201 115 116 117 118 119 120 121 204 205 125 126 127 128 129 130 131 132 207 208 135 136 137 138 139 140 141 142 143 209 46 146 147 148 149 150 151 152 153 154 56 57 157 158 159 160 161 162 163 164 1 67 68 167 168 169 170 171 172 173 2 3 78 79 176 177 178 179 180 181 4 5 6 89 90 184 185 186 187 188 7 8 9 10 100 101 191 192 193 194 11 12 13 14 15 111 112 197 198 199 16 17 18 19 20 21 122 123 202 203 22 23 24 25 26 27 28 133 134 206 29 30 31 32 33 34 35 36 144 37 38 39 40 41 42 43 44 45 47 48 49 50 51 52 53 54 58 59 60 61 62 63 64 69 70 71 72 73 74 80 81 82 83 84 91 92 93 94 102 103 104 113 114 124
146 156 157 165 166 167 66 174 175 176 76 77 182 183 184 86 87 88 189 190 191 96 97 98 99 195 196 197 106 107 108 109 110 200 201 202 116 117 118 119 120 121 204 205 206 126 127 128 129 130 131 132 207 208 37 136 137 138 139 140 141 142 143 209 46 47 147 148 149 150 151 152 153 154 56 57 58 158 159 160 161 162 163 164 1 67 68 69 168 169 170 171 172 173 2 3 78 79 80 177 178 179 180 181 4 5 6 89 90 91 185 186 187 188 7 8 9 10 100 101 102 192 193 194 11 12 13 14 15 111 112 113 198 199 16 17 18 19 20 21 122 123 124 203 22 23 24 25 26 27 28 133 134 135 29 30 31 32 33 34 35 36 144 145 38 39 40 41 42 43 44 45 155 48 49 50 51 52 53 54 55 59 60 61 62 63 64 65 70 71 72 73 74 75 81 82 83 84 85 92 93 94 95 103 104 105 114 115 125
147 157 158 166 167 168 174 175 176 177 77 182 183 184 185 87 88 189 190 191 192 97 98 99 195 196 197 198 107 108 109 110 200 201 202 203 117 118 119 120 121 204 205 206 29 127 128 129 130 131 132 207 208 37 38 137 138 139 140 141 142 143 209 46 47 48 148 149 150 151 152 153 154 56 57 58 59 159 160 161 162 163 164 1 67 68 69 70 169 170 171 172 173 2 3 78 79 80 81 178 179 180 181 4 5 6 89 90 91 92 186 187 188 7 8 9 10 100 101 102 103 193 194 11 12 13 14 15 111 112 113 114 199 16 17 18 19 20 21 122 123 124 125 22 23 24 25 26 27 28 133 134 135 136 30 31 32 33 34 35 36 144 145 146 39 40 41 42 43 44 45 155 156 49 50 51 52 53 54 55 165 60 61 62 63 64 65 66 71 72 73 74 75 76 82 83 84 85 86 93 94 95 96 104 105 106 115 116 126
148 158 159 167 168 169 175 176 177 178 182 183 184 185 186 88 189 190 191 192 193 98 99 195 196 197 198 199 108 109 110 200 201 202 203 22 118 119 120 121 204 205 206 29 30 128 129 130 131 132 207 208 37 38 39 138 139 140 141 142 143 209 46 47 48 49 149 150 151 152 153 154 56 57 58 59 60 160 161 162 163 164 1 67 68 69 70 71 170 171 172 173 2 3 78 79 80 81 82 179 180 181 4 5 6 89 90 91 92 93 187 188 7 8 9 10 100 101 102 103 104 194 11 12 13 14 15 111 112 113 114 115 16 17 18 19 20 21 122 123 124 125 126 23 24 25 26 27 28 133 134 135 136 137 31 32 33 34 35 36 144 145 146 147 40 41 42 43 44 45 155 156 157 50 51 52 53 54 55 165 166 61 62 63 64 65 66 174 72 73 74 75 76 77 83 84 85 86 87 94 95 96 97 105 106 107 116 117 127
149 159 160 168 169 170 176 177 178 179 183 184 185 186 187 189 190 191 192 193 194 99 195 196 197 198 199 16 109 110 200 201 202 203 22 23 119 120 121 204 205 206 29 30 31 129 130 131 132 207 208 37 38 39 40 139 140 141 142 143 209 46 47 48 49 50 150 151 152 153 154 56 57 58 59 60 61 161 162 163 164 1 67 68 69 70 71 72 171 172 173 2 3 78 79 80 81 82 83 180 181 4 5 6 89 90 91 92 93 94 188 7 8 9 10 100 101 102 103 104 105 11 12 13 14 15 111 112 113 114 115 116 17 18 19 20 21 122 123 124 125 126 127 24 25 26 27 28 133 134 135 136 137 138 32 33 34 35 36 144 145 146 147 148 41 42 43 44 45 155 156 157 158 51 52 53 54 55 165 166 167 62 63 64 65 66 174 175 73 74 75 76 77 182 84 85 86 87 88 95 96 97 98 106 107 108 117 118 128
150 160 161 169 170 171 177 178 179 180 184 185 186 187 188 190 191 192 193 194 11 195 196 197 198 199 16 17 110 200 201 202 203 22 23 24 120 121 204 205 206 29 30 31 32 130 131 132 207 208 37 38 39 40 41 140 141 142 143 209 46 47 48 49 50 51 151 152 153 154 56 57 58 59 60 61 62 162 163 164 1 67 68 69 70 71 72 73 172 173 2 3 78 79 80 81 82 83 84 181 4 5 6 89 90 91 92 93 94 95 7 8 9 10 100 101 102 103 104 105 106 12 13 14 15 111 112 113 114 115 116 117 18 19 20 21 122 123 124 125 126 127 128 25 26 27 28 133 134 135 136 137 138 139 33 34 35 36 144 145 146 147 148 149 42 43 44 45 155 156 157 158 159 52 53 54 55 165 166 167 168 63 64 65 66 174 175 176 74 75 76 77 182 183 85 86 87 88 189 96 97 98 99 107 108 109 118 119 129
151 161 162 170 171 172 178 179 180 181 185 186 187 188 7 191 192 193 194 11 12 196 197 198 199 16 17 18 200 201 202 203 22 23 24 25 121 204 205 206 29 30 31 32 33 131 132 207 208 37 38 39 40 41 42 141 142 143 209 46 47 48 49 50 51 52 152 153 154 56 57 58 59 60 61 62 63 163 164 1 67 68 69 70 71 72 73 74 173 2 3 78 79 80 81 82 83 84 85 4 5 6 89 90 91 92 93 94 95 96 8 9 10 100 101 102 103 104 105 106 107 13 14 15 111 112 113 114 115 116 117 118 19 20 21 122 123 124 125 126 127 128 129 26 27 28 133 134 135 136 137 138 139 140 34 35 36 144 145 146 147 148 149 150 43 44 45 155 156 157 158 159 160 53 54 55 165 166 167 168 169 64 65 66 174 175 176 177 75 76 77 182 183 184 86 87 88 189 190 97 98 99 195 108 109 110 119 120 130
152 162 163 171 172 173 179 180 181 4 186 187 188 7 8 192 193 194 11 12 13 197 198 199 16 17 18 19 201 202 203 22 23 24 25 26 204 205 206 29 30 31 32 33 34 132 207 208 37 38 39 40 41 42 43 142 143 209 46 47 48 49 50 51 52 53 153 154 56 57 58 59 60 61 62 63 64 164 1 67 68 69 70 71 72 73 74 75 2 3 78 79 80 81 82 83 84 85 86 5 6 89 90 91 92 93 94 95 96 97 9 10 100 101 102 103 104 105 106 107 108 14 15 111 112 113 114 115 116 117 118 119 20 21 122 123 124 125 126 127 128 129 130 27 28 133 134 135 136 137 138 139 140 141 35 36 144 145 146 147 148 149 150 151 44 45 155 156 157 158 159 160 161 54 55 165 166 167 168 169 170 65 66 174 175 176 177 178 76 77 182 183 184 185 87 88 189 190 191 98 99 195 196 109 110 200 120 121 131
153 163 164 172 173 2 180 181 4 5 187 188 7 8 9 193 194 11 12 13 14 198 199 16 17 18 19 20 202 203 22 23 24 25 26 27 205 206 29 30 31 32 33 34 35 207 208 37 38 39 40 41 42 43 44 143 209 46 47 48 49 50 51 52 53 54 154 56 57 58 59 60 61 62 63 64 65 1 67 68 69 70 71 72 73 74 75 76 3 78 79 80 81 82 83 84 85 86 87 6 89 90 91 92 93 94 95 96 97 98 10 100 101 102 103 104 105 106 107 108 109 15 111 112 113 114 115 116 117 118 119 120 21 122 123 124 125 126 127 128 129 130 131 28 133 134 135 136 137 138 139 140 141 142 36 144 145 146 147 148 149 150 151 152 45 155 156 157 158 159 160 161 162 55 165 166 167 168 169 170 171 66 174 175 176 177 178 179 77 182 183 184 185 186 88 189 190 191 192 99 195 196 197 110 200 201 121 204 132
154 164 1 173 2 3 181 4 5 6 188 7 8 9 10 194 11 12 13 14 15 199 16 17 18 19 20 21 203 22 23 24 25 26 27 28 206 29 30 31 32 33 34 35 36 208 37 38 39 40 41 42 43 44 45 209 46 47 48 49 50 51 52 53 54 55 56 57 58 59 60 61 62 63 64 65 66 67 68 69 70 71 72 73 74 75 76 77 78 79 80 81 82 83 84 85 86 87 88 89 90 91 92 93 94 95 96 97 98 99 100 101 102 103 104 105 106 107 108 109 110 111 112 113 114 115 116 117 118 119 120 121 122 123 124 125 126 127 128 129 130 131 132 133 134 135 136 137 138 139 140 141 142 143 144 145 146 147 148 149 150 151 152 153 155 156 157 158 159 160 161 162 163 165 166 167 168 169 170 171 172 174 175 176 177 178 179 180 182 183 184 185 186 187 189 190 191 192 193 195 196 197 198 200 201 202 204 205 207
155 55 165 65 66 174 75 76 77 182 85 86 87 88 189 95 96 97 98 99 195 105 106 107 108 109 110 200 115 116 117 118 119 120 121 204 125 126 127 128 129 130 131 132 207 135 136 137 138 139 140 141 142 143 209 145 146 147 148 149 150 151 152 153 154 56 156 157 158 159 160 161 162 163 164 1 67 166 167 168 169 170 171 172 173 2 3 78 175 176 177 178 179 180 181 4 5 6 89 183 184 185 186 187 188 7 8 9 10 100 190 191 192 193 194 11 12 13 14 15 111 196 197 198 199 16 17 18 19 20 21 122 201 202 203 22 23 24 25 26 27 28 133 205 206 29 30 31 32 33 34 35 36 144 208 37 38 39 40 41 42 43 44 45 46 47 48 49 50 51 52 53 54 57 58 59 60 61 62 63 64 68 69 70 71 72 73 74 79 80 81 82 83 84 90 91 92 93 94 101 102 103 104 112 113 114 123 124 134
156 165 166 66 174 175 76 77 182 183 86 87 88 189 190 96 97 98 99 195 196 106 107 108 109 110 200 201 116 117 118 119 120 121 204 205 126 127 128 129 130 131 132 207 208 136 137 138 139 140 141 142 143 209 46 146 147 148 149 150 151 152 153 154 56 57 157 158 159 160 161 162 163 164 1 67 68 167 168 169 170 171 172 173 2 3 78 79 176 177 178 179 180 181 4 5 6 89 90 184 185 186 187 188 7 8 9 10 100 101 191 192 193 194 11 12 13 14 15 111 112 197 198 199 16 17 18 19 20 21 122 123 202 203 22 23 24 25 26 27 28 133 134 206 29 30 31 32 33 34 35 36 144 145 37 38 39 40 41 42 43 44 45 155 47 48 49 50 51 52 53 54 55 58 59 60 61 62 63 64 65 69 70 71 72 73 74 75 80 81 82 83 84 85 91 92 93 94 95 102 103 104 105 113 114 115 124 125 135
157 166 167 174 175 176 77 182 183 184 87 88 189 190 191 97 98 99 195 196 197 107 108 109 110 200 201 202 117 118 119 120 121 204 205 206 127 128 129 130 131 132 207 208 37 137 138 139 140 141 142 143 209 46 47 147 148 149 150 151 152 153 154 56 57 58 158 159 160 161 162 163 164 1 67 68 69 168 169 170 171 172 173 2 3 78 79 80 177 178 179 180 181 4 5 6 89 90 91 185 186 187 188 7 8 9 10 100 101 102 192 193 194 11 12 13 14 15 111 112 113 198 199 16 17 18 19 20 21 122 123 124 203 22 23 24 25 26 27 28 133 134 135 29 30 31 32 33 34 35 36 144 145 146 38 39 40 41 42 43 44 45 155 156 48 49 50 51 52 53 54 55 165 59 60 61 62 63 64 65 66 70 71 72 73 74 75 76 81 82 83 84 85 86 92 93 94 95 96 103 104 105 106 114 115 116 125 126 136
158 167 168 175 176 177 182 183 184 185 88 189 190 191 192 98 99 195 196 197 198 108 109 110 200 201 202 203 118 119 120 121 204 205 206 29 128 129 130 131 132 207 208 37 38 138 139 140 141 142 143 209 46 47 48 148 149 150 151 152 153 154 56 57 58 59 159 160 161 162 163 164 1 67 68 69 70 169 170 171 172 173 2 3 78 79 80 81 178 179 180 181 4 5 6 89 90 91 92 186 187 188 7 8 9 10 100 101 102 103 193 194 11 12 13 14 15 111 112 113 114 199 16 17 18 19 20 21 122 123 124 125 22 23 24 25 26 27 28 133 134 135 136 30 31 32 33 34 35 36 144 145 146 147 39 40 41 42 43 44 45 155 156 157 49 50 51 52 53 54 55 165 166 60 61 62 63 64 65 66 174 71 72 73 74 75 76 77 82 83 84 85 86 87 93 94 95 96 97 104 105 106 107 115 116 117 126 127 137
159 168 169 176 177 178 183 184 185 186 189 190 191 192 193 99 195 196 197 198 199 109 110 200 201 202 203 22 119 120 121 204 205 206 29 30 129 130 131 132 207 208 37 38 39 139 140 141 142 143 209 46 47 48 49 149 150 151 152 153 154 56 57 58 59 60 160 161 162 163 164 1 67 68 69 70 71 170 171 172 173 2 3 78 79 80 81 82 179 180 181 4 5 6 89 90 91 92 93 187 188 7 8 9 10 100 101 102 103 104 194 11 12 13 14 15 111 112 113 114 115 16 17 18 19 20 21 122 123 124 125 126 23 24 25 26 27 28 133 134 135 136 137 31 32 33 34 35 36 144 145 146 147 148 40 41 42 43 44 45 155 156 157 158 50 51 52 53 54 55 165 166 167 61 62 63 64 65 66 174 175 72 73 74 75 76 77 182 83 84 85 86 87 88 94 95 96 97 98 105 106 107 108 116 117 118 127 128 138
160 169 170 177 178 179 184 185 186 187 190 191 192 193 194 195 196 197 198 199 16 110 200 201 202 203 22 23 120 121 204 205 206 29 30 31 130 131 132 207 208 37 38 39 40 140 141 142 143 209 46 47 48 49 50 150 151 152 153 154 56 57 58 59 60 61 161 162 163 164 1 67 68 69 70 71 72 171 172 173 2 3 78 79 80 81 82 83 180 181 4 5 6 89 90 91 92 93 94 188 7 8 9 10 100 101 102 103 104 105 11 12 13 14 15 111 112 113 114 115 116 17 18 19 20 21 122 123 124 125 126 127 24 25 26 27 28 133 134 135 136 137 138 32 33 34 35 36 144 145 146 147 148 149 41 42 43 44 45 155 156 157 158 159 51 52 53 54 55 165 166 167 168 62 63 64 65 66 174 175 176 73 74 75 76 77 182 183 84 85 86 87 88 189 95 96 97 98 99 106 107 108 109 117 118 119 128 129 139
161 170 171 178 179 180 185 186 187 188 191 192 193 194 11 196 197 198 199 16 17 200 201 202 203 22 23 24 121 204 205 206 29 30 31 32 131 132 207 208 37 38 39 40 41 141 142 143 209 46 47 48 49 50 51 151 152 153 154 56 57 58 59 60 61 62 162 163 164 1 67 68 69 70 71 72 73 172 173 2 3 78 79 80 81 82 83 84 181 4 5 6 89 90 91 92 93 94 95 7 8 9 10 100 101 102 103 104 105 106 12 13 14 15 111 112 113 114 115 116 117 18 19 20 21 122 123 124 125 126 127 128 25 26 27 28 133 134 135 136 137 138 139 33 34 35 36 144 145 146 147 148 149 150 42 43 44 45 155 156 157 158 159 160 52 53 54 55 165 166 167 168 169 63 64 65 66 174 175 176 177 74 75 76 77 182 183 184 85 86 87 88 189 190 96 97 98 99 195 107 108 109 110 118 119 120 129 130 140
162 171 172 179 180 181 186 187 188 7 192 193 194 11 12 197 198 199 16 17 18 201 202 203 22 23 24 25 204 205 206 29 30 31 32 33 132 207 208 37 38 39 40 41 42 142 143 209 46 47 48 49 50 51 52 152 153 154 56 57 58 59 60 61 62 63 163 164 1 67 68 69 70 71 72 73 74 173 2 3 78 79 80 81 82 83 84 85 4 5 6 89 90 91 92 93 94 95 96 8 9 10 100 101 102 103 104 105 106 107 13 14 15 111 112 113 114 115 116 117 118 19 20 21 122 123 124 125 126 127 128 129 26 27 28 133 134 135 136 137 138 139 140 34 35 36 144 145 146 147 148 149 150 151 43 44 45 155 156 157 158 159 160 161 53 54 55 165 166 167 168 169 170 64 65 66 174 175 176 177 178 75 76 77 182 183 184 185 86 87 88 189 190 191 97 98 99 195 196 108 109 110 200 119 120 121 130 131 141
163 172 173 180 181 4 187 188 7 8 193 194 11 12 13 198 199 16 17 18 19 202 203 22 23 24 25 26 205 206 29 30 31 32 33 34 207 208 37 38 39 40 41 42 43 143 209 46 47 48 49 50 51 52 53 153 154 56 57 58 59 60 61 62 63 64 164 1 67 68 69 70 71 72 73 74 75 2 3 78 79 80 81 82 83 84 85 86 5 6 89 90 91 92 93 94 95 96 97 9 10 100 101 102 103 104 105 106 107 108 14 15 111 112 113 114 115 116 117 118 119 20 21 122 123 124 125 126 127 128 129 130 27 28 133 134 135 136 137 138 139 140 141 35 36 144 145 146 147 148 149 150 151 152 44 45 155 156 157 158 159 160 161 162 54 55 165 166 167 168 169 170 171 65 66 174 175 176 177 178 179 76 77 182 183 184 185 186 87 88 189 190 191 192 98 99 195 196 197 109 110 200 201 120 121 204 131 132 142
164 173 2 181 4 5 188 7 8 9 194 11 12 13 14 199 16 17 18 19 20 203 22 23 24 25 26 27 206 29 30 31 32 33 34 35 208 37 38 39 40 41 42 43 44 209 46 47 48 49 50 51 52 53 54 154 56 57 58 59 60 61 62 63 64 65 1 67 68 69 70 71 72 73 74 75 76 3 78 79 80 81 82 83 84 85 86 87 6 89 90 91 92 93 94 95 96 97 98 10 100 101 102 103 104 105 106 107 108 109 15 111 112 113 114 115 116 117 118 119 120 21 122 123 124 125 126 127 128 129 130 131 28 133 134 135 136 137 138 139 140 141 142 36 144 145 146 147 148 149 150 151 152 153 45 155 156 157 158 159 160 161 162 163 55 165 166 167 168 169 170 171 172 66 174 175 176 177 178 179 180 77 182 183 184 185 186 187 88 189 190 191 192 193 99 195 196 197 198 110 200 201 202 121 204 205 132 207 143
165 66 174 76 77 182 86 87 88 189 96 97 98 99 195 106 107 108 109 110 200 116 117 118 119 120 121 204 126 127 128 129 130 131 132 207 136 137 138 139 140 141 142 143 209 146 147 148 149 150 151 152 153 154 56 156 157 158 159 160 161 162 163 164 1 67 166 167 168 169 170 171 172 173 2 3 78 175 176 177 178 179 180 181 4 5 6 89 183 184 185 186 187 188 7 8 9 10 100 190 191 192 193 194 11 12 13 14 15 111 196 197 198 199 16 17 18 19 20 21 122 201 202 203 22 23 24 25 26 27 28 133 205 206 29 30 31 32 33 34 35 36 144 208 37 38 39 40 41 42 43 44 45 155 46 47 48 49 50 51 52 53 54 55 57 58 59 60 61 62 63 64 65 68 69 70 71 72 73 74 75 79 80 81 82 83 84 85 90 91 92 93 94 95 101 102 103 104 105 112 113 114 115 123 124 125 134 135 145
166 174 175 77 182 183 87 88 189 190 97 98 99 195 196 107 108 109 110 200 201 117 118 119 120 121 204 205 127 128 129 130 131 132 207 208 137 138 139 140 141 142 143 209 46 147 148 149 150 151 152 153 154 56 57 157 158 159 160 161 162 163 164 1 67 68 167 168 169 170 171 172 173 2 3 78 79 176 177 178 179 180 181 4 5 6 89 90 184 185 186 187 188 7 8 9 10 100 101 191 192 193 194 11 12 13 14 15 111 112 197 198 199 16 17 18 19 20 21 122 123 202 203 22 23 24 25 26 27 28 133 134 206 29 30 31 32 33 34 35 36 144 145 37 38 39 40 41 42 43 44 45 155 156 47 48 49 50 51 52 53 54 55 165 58 59 60 61 62 63 64 65 66 69 70 71 72 73 74 75 76 80 81 82 83 84 85 86 91 92 93 94 95 96 102 103 104 105 106 113 114 115 116 124 125 126 135 136 146
167 175 176 182 183 184 88 189 190 191 98 99 195 196 197 108 109 110 200 201 202 118 119 120 121 204 205 206 128 129 130 131 132 207 208 37 138 139 140 141 142 143 209 46 47 148 149 150 151 152 153 154 56 57 58 158 159 160 161 162 163 164 1 67 68 69 168 169 170 171 172 173 2 3 78 79 80 177 178 179 180 181 4 5 6 89 90 91 185 186 187 188 7 8 9 10 100 101 102 192 193 194 11 12 13 14 15 111 112 113 198 199 16 17 18 19 20 21 122 123 124 203 22 23 24 25 26 27 28 133 134 135 29 30 31 32 33 34 35 36 144 145 146 38 39 40 41 42 43 44 45 155 156 157 48 49 50 51 52 53 54 55 165 166 59 60 61 62 63 64 65 66 174 70 71 72 73 74 75 76 77 81 82 83 84 85 86 87 92 93 94 95 96 97 103 104 105 106 107 114 115 116 117 125 126 127 136 137 147
168 176 177 183 184 185 189 190 191 192 99 195 196 197 198 109 110 200 201 202 203 119 120 121 204 205 206 29 129 130 131 132 207 208 37 38 139 140 141 142 143 209 46 47 48 149 150 151 152 153 154 56 57 58 59 159 160 161 162 163 164 1 67 68 69 70 169 170 171 172 173 2 3 78 79 80 81 178 179 180 181 4 5 6 89 90 91 92 186 187 188 7 8 9 10 100 101 102 103 193 194 11 12 13 14 15 111 112 113 114 199 16 17 18 19 20 21 122 123 124 125 22 23 24 25 26 27 28 133 134 135 136 30 31 32 33 34 35 36 144 145 146 147 39 40 41 42 43 44 45 155 156 157 158 49 50 51 52 53 54 55 165 166 167 60 61 62 63 64 65 66 174 175 71 72 73 74 75 76 77 182 82 83 84 85 86 87 88 93 94 95 96 97 98 104 105 106 107 108 115 116 117 118 126 127 128 137 138 148
169 177 178 184 185 186 190 191 192 193 195 196 197 198 199 110 200 201 202 203 22 120 121 204 205 206 29 30 130 131 132 207 208 37 38 39 140 141 142 143 209 46 47 48 49 150 151 152 153 154 56 57 58 59 60 160 161 162 163 164 1 67 68 69 70 71 170 171 172 173 2 3 78 79 80 81 82 179 180 181 4 5 6 89 90 91 92 93 187 188 7 8 9 10 100 101 102 103 104 194 11 12 13 14 15 111 112 113 114 115 16 17 18 19 20 21 122 123 124 125 126 23 24 25 26 27 28 133 134 135 136 137 31 32 33 34 35 36 144 145 146 147 148 40 41 42 43 44 45 155 156 157 158 159 50 51 52 53 54 55 165 166 167 168 61 62 63 64 65 66 174 175 176 72 73 74 75 76 77 182 183 83 84 85 86 87 88 189 94 95 96 97 98 99 105 106 107 108 109 116 117 118 119 127 128 129 138 139 149
170 178 179 185 186 187 191 192 193 194 196 197 198 199 16 200 201 202 203 22 23 121 204 205 206 29 30 31 131 132 207 208 37 38 39 40 141 142 143 209 46 47 48 49 50 151 152 153 154 56 57 58 59 60 61 161 162 163 164 1 67 68 69 70 71 72 171 172 173 2 3 78 79 80 81 82 83 180 181 4 5 6 89 90 91 92 93 94 188 7 8 9 10 100 101 102 103 104 105 11 12 13 14 15 111 112 113 114 115 116 17 18 19 20 21 122 123 124 125 126 127 24 25 26 27 28 133 134 135 136 137 138 32 33 34 35 36 144 145 146 147 148 149 41 42 43 44 45 155 156 157 158 159 160 51 52 53 54 55 165 166 167 168 169 62 63 64 65 66 174 175 176 177 73 74 75 76 77 182 183 184 84 85 86 87 88 189 190 95 96 97 98 99 195 106 107 108 109 110 117 118 119 120 128 129 130 139 140 150
171 179 180 186 187 188 192 193 194 11 197 198 199 16 17 201 202 203 22 23 24 204 205 206 29 30 31 32 132 207 208 37 38 39 40 41 142 143 209 46 47 48 49 50 51 152 153 154 56 57 58 59 60 61 62 162 163 164 1 67 68 69 70 71 72 73 172 173 2 3 78 79 80 81 82 83 84 181 4 5 6 89 90 91 92 93 94 95 7 8 9 10 100 101 102 103 104 105 106 12 13 14 15 111 112 113 114 115 116 117 18 19 20 21 122 123 124 125 126 127 128 25 26 27 28 133 134 135 136 137 138 139 33 34 35 36 144 145 146 147 148 149 150 42 43 44 45 155 156 157 158 159 160 161 52 53 54 55 165 166 167 168 169 170 63 64 65 66 174 175 176 177 178 74 75 76 77 182 183 184 185 85 86 87 88 189 190 191 96 97 98 99 195 196 107 108 109 110 200 118 119 120 121 129 130 131 140 141 151
172 180 181 187 188 7 193 194 11 12 198 199 16 17 18 202 203 22 23 24 25 205 206 29 30 31 32 33 207 208 37 38 39 40 41 42 143 209 46 47 48 49 50 51 52 153 154 56 57 58 59 60 61 62 63 163 164 1 67 68 69 70 71 72 73 74 173 2 3 78 79 80 81 82 83 84 85 4 5 6 89 90 91 92 93 94 95 96 8 9 10 100 101 102 103 104 105 106 107 13 14 15 111 112 113 114 115 116 117 118 19 20 21 122 123 124 125 126 127 128 129 26 27 28 133 134 135 136 137 138 139 140 34 35 36 144 145 146 147 148 149 150 151 43 44 45 155 156 157 158 159 160 161 162 53 54 55 165 166 167 168 169 170 171 64 65 66 174 175 176 177 178 179 75 76 77 182 183 184 185 186 86 87 88 189 190 191 192 97 98 99 195 196 197 108 109 110 200 201 119 120 121 204 130 131 132 141 142 152
173 181 4 188 7 8 194 11 12 13 199 16 17 18 19 203 22 23 24 25 26 206 29 30 31 32 33 34 208 37 38 39 40 41 42 43 209 46 47 48 49 50 51 52 53 154 56 57 58 59 60 61 62 63 64 164 1 67 68 69 70 71 72 73 74 75 2 3 78 79 80 81 82 83 84 85 86 5 6 89 90 91 92 93 94 95 96 97 9 10 100 101 102 103 104 105 106 107 108 14 15 111 112 113 114 115 116 117 118 119 20 21 122 123 124 125 126 127 128 129 130 27 28 133 134 135 136 137 138 139 140 141 35 36 144 145 146 147 148 149 150 151 152 44 45 155 156 157 158 159 160 161 162 163 54 55 165 166 167 168 169 170 171 172 65 66 174 175 176 177 178 179 180 76 77 182 183 184 185 186 187 87 88 189 190 191 192 193 98 99 195 196 197 198 109 110 200 201 202 120 121 204 205 131 132 207 142 143 153
174 77 182 87 88 189 97 98 99 195 107 108 109 110 200 117 118 119 120 121 204 127 128 129 130 131 132 207 137 138 139 140 141 142 143 209 147 148 149 150 151 152 153 154 56 157 158 159 160 161 162 163 164 1 67 166 167 168 169 170 171 172 173 2 3 78 175 176 177 178 179 180 181 4 5 6 89 183 184 185 186 187 188 7 8 9 10 100 190 191 192 193 194 11 12 13 14 15 111 196 197 198 199 16 17 18 19 20 21 122 201 202 203 22 23 24 25 26 27 28 133 205 206 29 30 31 32 33 34 35 36 144 208 37 38 39 40 41 42 43 44 45 155 46 47 48 49 50 51 52 53 54 55 165 57 58 59 60 61 62 63 64 65 66 68 69 70 71 72 73 74 75 76 79 80 81 82 83 84 85 86 90 91 92 93 94 95 96 101 102 103 104 105 106 112 113 114 115 116 123 124 125 126 134 135 136 145 146 156
175 182 183 88 189 190 98 99 195 196 108 109 110 200 201 118 119 120 121 204 205 128 129 130 131 132 207 208 138 139 140 141 142 143 209 46 148 149 150 151 152 153 154 56 57 158 159 160 161 162 163 164 1 67 68 167 168 169 170 171 172 173 2 3 78 79 176 177 178 179 180 181 4 5 6 89 90 184 185 186 187 188 7 8 9 10 100 101 191 192 193 194 11 12 13 14 15 111 112 197 198 199 16 17 18 19 20 21 122 123 202 203 22 23 24 25 26 27 28 133 134 206 29 30 31 32 33 34 35 36 144 145 37 38 39 40 41 42 43 44 45 155 156 47 48 49 50 51 52 53 54 55 165 166 58 59 60 61 62 63 64 65 66 174 69 70 71 72 73 74 75 76 77 80 81 82 83 84 85 86 87 91 92 93 94 95 96 97 102 103 104 105 106 107 113 114 115 116 117 124 125 126 127 135 136 137 146 147 157
176 183 184 189 190 191 99 195 196 197 109 110 200 201 202 119 120 121 204 205 206 129 130 131 132 207 208 37 139 140 141 142 143 209 46 47 149 150 151 152 153 154 56 57 58 159 160 161 162 163 164 1 67 68 69 168 169 170 171 172 173 2 3 78 79 80 177 178 179 180 181 4 5 6 89 90 91 185 186 187 188 7 8 9 10 100 101 102 192 193 194 11 12 13 14 15 111 112 113 198 199 16 17 18 19 20 21 122 123 124 203 22 23 24 25 26 27 28 133 134 135 29 30 31 32 33 34 35 36 144 145 146 38 39 40 41 42 43 44 45 155 156 157 48 49 50 51 52 53 54 55 165 166 167 59 60 61 62 63 64 65 66 174 175 70 71 72 73 74 75 76 77 182 81 82 83 84 85 86 87 88 92 93 94 95 96 97 98 103 104 105 106 107 108 114 115 116 117 118 125 126 127 128 136 137 138 147 148 158
177 184 185 190 191 192 195 196 197 198 110 200 201 202 203 120 121 204 205 206 29 130 131 132 207 208 37 38 140 141 142 143 209 46 47 48 150 151 152 153 154 56 57 58 59 160 161 162 163 164 1 67 68 69 70 169 170 171 172 173 2 3 78 79 80 81 178 179 180 181 4 5 6 89 90 91 92 186 187 188 7 8 9 10 100 101 102 103 193 194 11 12 13 14 15 111 112 113 114 199 16 17 18 19 20 21 122 123 124 125 22 23 24 25 26 27 28 133 134 135 136 30 31 32 33 34 35 36 144 145 146 147 39 40 41 42 43 44 45 155 156 157 158 49 50 51 52 53 54 55 165 166 167 168 60 61 62 63 64 65 66 174 175 176 71 72 73 74 75 76 77 182 183 82 83 84 85 86 87 88 189 93 94 95 96 97 98 99 104 105 106 107 108 109 115 116 117 118 119 126 127 128 129 137 138 139 148 149 159
178 185 186 191 192 193 196 197 198 199 200 201 202 203 22 121 204 205 206 29 30 131 132 207 208 37 38 39 141 142 143 209 46 47 48 49 151 152 153 154 56 57 58 59 60 161 162 163 164 1 67 68 69 70 71 170 171 172 173 2 3 78 79 80 81 82 179 180 181 4 5 6 89 90 91 92 93 187 188 7 8 9 10 100 101 102 103 104 194 11 12 13 14 15 111 112 113 114 115 16 17 18 19 20 21 122 123 124 125 126 23 24 25 26 27 28 133 134 135 136 137 31 32 33 34 35 36 144 145 146 147 148 40 41 42 43 44 45 155 156 157 158 159 50 51 52 53 54 55 165 166 167 168 169 61 62 63 64 65 66 174 175 176 177 72 73 74 75 76 77 182 183 184 83 84 85 86 87 88 189 190 94 95 96 97 98 99 195 105 106 107 108 109 110 116 117 118 119 120 127 128 129 130 138 139 140 149 150 160
179 186 187 192 193 194 197 198 199 16 201 202 203 22 23 204 205 206 29 30 31 132 207 208 37 38 39 40 142 143 209 46 47 48 49 50 152 153 154 56 57 58 59 60 61 162 163 164 1 67 68 69 70 71 72 171 172 173 2 3 78 79 80 81 82 83 180 181 4 5 6 89 90 91 92 93 94 188 7 8 9 10 100 101 102 103 104 105 11 12 13 14 15 111 112 113 114 115 116 17 18 19 20 21 122 123 124 125 126 127 24 25 26 27 28 133 134 135 136 137 138 32 33 34 35 36 144 145 146 147 148 149 41 42 43 44 45 155 156 157 158 159 160 51 52 53 54 55 165 166 167 168 169 170 62 63 64 65 66 174 175 176 177 178 73 74 75 76 77 182 183 184 185 84 85 86 87 88 189 190 191 95 96 97 98 99 195 196 106 107 108 109 110 200 117 118 119 120 121 128 129 130 131 139 140 141 150 151 161
180 187 188 193 194 11 198 199 16 17 202 203 22 23 24 205 206 29 30 31 32 207 208 37 38 39 40 41 143 209 46 47 48 49 50 51 153 154 56 57 58 59 60 61 62 163 164 1 67 68 69 70 71 72 73 172 173 2 3 78 79 80 81 82 83 84 181 4 5 6 89 90 91 92 93 94 95 7 8 9 10 100 101 102 103 104 105 106 12 13 14 15 111 112 113 114 115 116 117 18 19 20 21 122 123 124 125 126 127 128 25 26 27 28 133 134 135 136 137 138 139 33 34 35 36 144 145 146 147 148 149 150 42 43 44 45 155 156 157 158 159 160 161 52 53 54 55 165 166 167 168 169 170 171 63 64 65 66 174 175 176 177 178 179 74 75 76 77 182 183 184 185 186 85 86 87 88 189 190 191 192 96 97 98 99 195 196 197 107 108 109 110 200 201 118 119 120 121 204 129 130 131 132 140 141 142 151 152 162
181 188 7 194 11 12 199 16 17 18 203 22 23 24 25 206 29 30 31 32 33 208 37 38 39 40 41 42 209 46 47 48 49 50 51 52 154 56 57 58 59 60 61 62 63 164 1 67 68 69 70 71 72 73 74 173 2 3 78 79 80 81 82 83 84 85 4 5 6 89 90 91 92 93 94 95 96 8 9 10 100 101 102 103 104 105 106 107 13 14 15 111 112 113 114 115 116 117 118 19 20 21 122 123 124 125 126 127 128 129 26 27 28 133 134 135 136 137 138 139 140 34 35 36 144 145 146 147 148 149 150 151 43 44 45 155 156 157 158 159 160 161 162 53 54 55 165 166 167 168 169 170 171 172 64 65 66 174 175 176 177 178 179 180 75 76 77 182 183 184 185 186 187 86 87 88 189 190 191 192 193 97 98 99 195 196 197 198 108 109 110 200 201 202 119 120 121 204 205 130 131 132 207 141 142 143 152 153 163
182 88 189 98 99 195 108 109 110 200 118 119 120 121 204 128 129 130 131 132 207 138 139 140 141 142 143 209 148 149 150 151 152 153 154 56 158 159 160 161 162 163 164 1 67 167 168 169 170 171 172 173 2 3 78 175 176 177 178 179 180 181 4 5 6 89 183 184 185 186 187 188 7 8 9 10 100 190 191 192 193 194 11 12 13 14 15 111 196 197 198 199 16 17 18 19 20 21 122 201 202 203 22 23 24 25 26 27 28 133 205 206 29 30 31 32 33 34 35 36 144 208 37 38 39 40 41 42 43 44 45 155 46 47 48 49 50 51 52 53 54 55 165 57 58 59 60 61 62 63 64 65 66 174 68 69 70 71 72 73 74 75 76 77 79 80 81 82 83 84 85 86 87 90 91 92 93 94 95 96 97 101 102 103 104 105 106 107 112 113 114 115 116 117 123 124 125 126 127 134 135 136 137 145 146 147 156 157 166
183 189 190 99 195 196 109 110 200 201 119 120 121 204 205 129 130 131 132 207 208 139 140 141 142 143 209 46 149 150 151 152 153 154 56 57 159 160 161 162 163 164 1 67 68 168 169 170 171 172 173 2 3 78 79 176 177 178 179 180 181 4 5 6 89 90 184 185 186 187 188 7 8 9 10 100 101 191 192 193 194 11 12 13 14 15 111 112 197 198 199 16 17 18 19 20 21 122 123 202 203 22 23 24 25 26 27 28 133 134 206 29 30 31 32 33 34 35 36 144 145 37 38 39 40 41 42 43 44 45 155 156 47 48 49 50 51 52 53 54 55 165 166 58 59 60 61 62 63 64 65 66 174 175 69 70 71 72 73 74 75 76 77 182 80 81 82 83 84 85 86 87 88 91 92 93 94 95 96 97 98 102 103 104 105 106 107 108 113 114 115 116 117 118 124 125 126 127 128 135 136 137 138 146 147 148 157 158 167
184 190 191 195 196 197 110 200 201 202 120 121 204 205 206 130 131 132 207 208 37 140 141 142 143 209 46 47 150 151 152 153 154 56 57 58 160 161 162 163 164 1 67 68 69 169 170 171 172 173 2 3 78 79 80 177 178 179 180 181 4 5 6 89 90 91 185 186 187 188 7 8 9 10 100 101 102 192 193 194 11 12 13 14 15 111 112 113 198 199 16 17 18 19 20 21 122 123 124 203 22 23 24 25 26 27 28 133 134 135 29 30 31 32 33 34 35 36 144 145 146 38 39 40 41 42 43 44 45 155 156 157 48 49 50 51 52 53 54 55 165 166 167 59 60 61 62 63 64 65 66 174 175 176 70 71 72 73 74 75 76 77 182 183 81 82 83 84 85 86 87 88 189 92 93 94 95 96 97 98 99 103 104 105 106 107 108 109 114 115 116 117 118 119 125 126 127 128 129 136 137 138 139 147 148 149 158 159 168
185 191 192 196 197 198 200 201 202 203 121 204 205 206 29 131 132 207 208 37 38 141 142 143 209 46 47 48 151 152 153 154 56 57 58 59 161 162 163 164 1 67 68 69 70 170 171 172 173 2 3 78 79 80 81 178 179 180 181 4 5 6 89 90 91 92 186 187 188 7 8 9 10 100 101 102 103 193 194 11 12 13 14 15 111 112 113 114 199 16 17 18 19 20 21 122 123 124 125 22 23 24 25 26 27 28 133 134 135 136 30 31 32 33 34 35 36 144 145 146 147 39 40 41 42 43 44 45 155 156 157 158 49 50 51 52 53 54 55 165 166 167 168 60 61 62 63 64 65 66 174 175 176 177 71 72 73 74 75 76 77 182 183 184 82 83 84 85 86 87 88 189 190 93 94 95 96 97 98 99 195 104 105 106 107 108 109 110 115 116 117 118 119 120 126 127 128 129 130 137 138 139 140 148 149 150 159 160 169
186 192 193 197 198 199 201 202 203 22 204 205 206 29 30 132 207 208 37 38 39 142 143 209 46 47 48 49 152 153 154 56 57 58 59 60 162 163 164 1 67 68 69 70 71 171 172 173 2 3 78 79 80 81 82 179 180 181 4 5 6 89 90 91 92 93 187 188 7 8 9 10 100 101 102 103 104 194 11 12 13 14 15 111 112 113 114 115 16 17 18 19 20 21 122 123 124 125 126 23 24 25 26 27 28 133 134 135 136 137 31 32 33 34 35 36 144 145 146 147 148 40 41 42 43 44 45 155 156 157 158 159 50 51 52 53 54 55 165 166 167 168 169 61 62 63 64 65 66 174 175 176 177 178 72 73 74 75 76 77 182 183 184 185 83 84 85 86 87 88 189 190 191 94 95 96 97 98 99 195 196 105 106 107 108 109 110 200 116 117 118 119 120 121 127 128 129 130 131 138 139 140 141 149 150 151 160 161 170
187 193 194 198 199 16 202 203 22 23 205 206 29 30 31 207 208 37 38 39 40 143 209 46 47 48 49 50 153 154 56 57 58 59 60 61 163 164 1 67 68 69 70 71 72 172 173 2 3 78 79 80 81 82 83 180 181 4 5 6 89 90 91 92 93 94 188 7 8 9 10 100 101 102 103 104 105 11 12 13 14 15 111 112 113 114 115 116 17 18 19 20 21 122 123 124 125 126 127 24 25 26 27 28 133 134 135 136 137 138 32 33 34 35 36 144 145 146 147 148 149 41 42 43 44 45 155 156 157 158 159 160 51 52 53 54 55 165 166 167 168 169 170 62 63 64 65 66 174 175 176 177 178 179 73 74 75 76 77 182 183 184 185 186 84 85 86 87 88 189 190 191 192 95 96 97 98 99 195 196 197 106 107 108 109 110 200 201 117 118 119 120 121 204 128 129 130 131 132 139 140 141 142 150 151 152 161 162 171
188 194 11 199 16 17 203 22 23 24 206 29 30 31 32 208 37 38 39 40 41 209 46 47 48 49 50 51 154 56 57 58 59 60 61 62 164 1 67 68 69 70 71 72 73 173 2 3 78 79 80 81 82 83 84 181 4 5 6 89 90 91 92 93 94 95 7 8 9 10 100 101 102 103 104 105 106 12 13 14 15 111 112 113 114 115 116 117 18 19 20 21 122 123 124 125 126 127 128 25 26 27 28 133 134 135 136 137 138 139 33 34 35 36 144 145 146 147 148 149 150 42 43 44 45 155 156 157 158 159 160 161 52 53 54 55 165 166 167 168 169 170 171 63 64 65 66 174 175 176 177 178 179 180 74 75 76 77 182 183 184 185 186 187 85 86 87 88 189 190 191 192 193 96 97 98 99 195 196 197 198 107 108 109 110 200 201 202 118 119 120 121 204 205 129 130 131 132 207 140 141 142 143 151 152 153 162 163 172
189 99 195 109 110 200 119 120 121 204 129 130 131 132 207 139 140 141 142 143 209 149 150 151 152 153 154 56 159 160 161 162 163 164 1 67 168 169 170 171 172 173 2 3 78 176 177 178 179 180 181 4 5 6 89 183 184 185 186 187 188 7 8 9 10 100 190 191 192 193 194 11 12 13 14 15 111 196 197 198 199 16 17 18 19 20 21 122 201 202 203 22 23 24 25 26 27 28 133 205 206 29 30 31 32 33 34 35 36 144 208 37 38 39 40 41 42 43 44 45 155 46 47 48 49 50 51 52 53 54 55 165 57 58 59 60 61 62 63 64 65 66 174 68 69 70 71 72 73 74 75 76 77 182 79 80 81 82 83 84 85 86 87 88 90 91 92 93 94 95 96 97 98 101 102 103 104 105 106 107 108 112 113 114 115 116 117 118 123 124 125 126 127 128 134 135 136 137 138 145 146 147 148 156 157 158 166 167 175
190 195 196 110 200 201 120 121 204 205 130 131 132 207 208 140 141 142 143 209 46 150 151 152 153 154 56 57 160 161 162 163 164 1 67 68 169 170 171 172 173 2 3 78 79 177 178 179 180 181 4 5 6 89 90 184 185 186 187 188 7 8 9 10 100 101 191 192 193 194 11 12 13 14 15 111 112 197 198 199 16 17 18 19 20 21 122 123 202 203 22 23 24 25 26 27 28 133 134 206 29 30 31 32 33 34 35 36 144 145 37 38 39 40 41 42 43 44 45 155 156 47 48 49 50 51 52 53 54 55 165 166 58 59 60 61 62 63 64 65 66 174 175 69 70 71 72 73 74 75 76 77 182 183 80 81 82 83 84 85 86 87 88 189 91 92 93 94 95 96 97 98 99 102 103 104 105 106 107 108 109 113 114 115 116 117 118 119 124 125 126 127 128 129 135 136 137 138 139 146 147 148 149 157 158 159 167 168 176
191 196 197 200 201 202 121 204 205 206 131 132 207 208 37 141 142 143 209 46 47 151 152 153 154 56 57 58 161 162 163 164 1 67 68 69 170 171 172 173 2 3 78 79 80 178 179 180 181 4 5 6 89 90 91 185 186 187 188 7 8 9 10 100 101 102 192 193 194 11 12 13 14 15 111 112 113 198 199 16 17 18 19 20 21 122 123 124 203 22 23 24 25 26 27 28 133 134 135 29 30 31 32 33 34 35 36 144 145 146 38 39 40 41 42 43 44 45 155 156 157 48 49 50 51 52 53 54 55 165 166 167 59 60 61 62 63 64 65 66 174 175 176 70 71 72 73 74 75 76 77 182 183 184 81 82 83 84 85 86 87 88 189 190 92 93 94 95 96 97 98 99 195 103 104 105 106 107 108 109 110 114 115 116 117 118 119 120 125 126 127 128 129 130 136 137 138 139 140 147 148 149 150 158 159 160 168 169 177
192 197 198 201 202 203 204 205 206 29 132 207 208 37 38 142 143 209 46 47 48 152 153 154 56 57 58 59 162 163 164 1 67 68 69 70 171 172 173 2 3 78 79 80 81 179 180 181 4 5 6 89 90 91 92 186 187 188 7 8 9 10 100 101 102 103 193 194 11 12 13 14 15 111 112 113 114 199 16 17 18 19 20 21 122 123 124 125 22 23 24 25 26 27 28 133 134 135 136 30 31 32 33 34 35 36 144 145 146 147 39 40 41 42 43 44 45 155 156 157 158 49 50 51 52 53 54 55 165 166 167 168 60 61 62 63 64 65 66 174 175 176 177 71 72 73 74 75 76 77 182 183 184 185 82 83 84 85 86 87 88 189 190 191 93 94 95 96 97 98 99 195 196 104 105 106 107 108 109 110 200 115 116 117 118 119 120 121 126 127 128 129 130 131 137 138 139 140 141 148 149 150 151 159 160 161 169 170 178
193 198 199 202 203 22 205 206 29 30 207 208 37 38 39 143 209 46 47 48 49 153 154 56 57 58 59 60 163 164 1 67 68 69 70 71 172 173 2 3 78 79 80 81 82 180 181 4 5 6 89 90 91 92 93 187 188 7 8 9 10 100 101 102 103 104 194 11 12 13 14 15 111 112 113 114 115 16 17 18 19 20 21 122 123 124 125 126 23 24 25 26 27 28 133 134 135 136 137 31 32 33 34 35 36 144 145 146 147 148 40 41 42 43 44 45 155 156 157 158 159 50 51 52 53 54 55 165 166 167 168 169 61 62 63 64 65 66 174 175 176 177 178 72 73 74 75 76 77 182 183 184 185 186 83 84 85 86 87 88 189 190 191 192 94 95 96 97 98 99 195 196 197 105 106 107 108 109 110 200 201 116 117 118 119 120 121 204 127 128 129 130 131 132 138 139 140 141 142 149 150 151 152 160 161 162 170 171 179
194 199 16 203 22 23 206 29 30 31 208 37 38 39 40 209 46 47 48 49 50 154 56 57 58 59 60 61 164 1 67 68 69 70 71 72 173 2 3 78 79 80 81 82 83 181 4 5 6 89 90 91 92 93 94 188 7 8 9 10 100 101 102 103 104 105 11 12 13 14 15 111 112 113 114 115 116 17 18 19 20 21 122 123 124 125 126 127 24 25 26 27 28 133 134 135 136 137 138 32 33 34 35 36 144 145 146 147 148 149 41 42 43 44 45 155 156 157 158 159 160 51 52 53 54 55 165 166 167 168 169 170 62 63 64 65 66 174 175 176 177 178 179 73 74 75 76 77 182 183 184 185 186 187 84 85 86 87 88 189 190 191 192 193 95 96 97 98 99 195 196 197 198 106 107 108 109 110 200 201 202 117 118 119 120 121 204 205 128 129 130 131 132 207 139 140 141 142 143 150 151 152 153 161 162 163 171 172 180
195 110 200 120 121 204 130 131 132 207 140 141 142 143 209 150 151 152 153 154 56 160 161 162 163 164 1 67 169 170 171 172 173 2 3 78 177 178 179 180 181 4 5 6 89 184 185 186 187 188 7 8 9 10 100 190 191 192 193 194 11 12 13 14 15 111 196 197 198 199 16 17 18 19 20 21 122 201 202 203 22 23 24 25 26 27 28 133 205 206 29 30 31 32 33 34 35 36 144 208 37 38 39 40 41 42 43 44 45 155 46 47 48 49 50 51 52 53 54 55 165 57 58 59 60 61 62 63 64 65 66 174 68 69 70 71 72 73 74 75 76 77 182 79 80 81 82 83 84 85 86 87 88 189 90 91 92 93 94 95 96 97 98 99 101 102 103 104 105 106 107 108 109 112 113 114 115 116 117 118 119 123 124 125 126 127 128 129 134 135 136 137 138 139 145 146 147 148 149 156 157 158 159 166 167 168 175 176 183
196 200 201 121 204 205 131 132 207 208 141 142 143 209 46 151 152 153 154 56 57 161 162 163 164 1 67 68 170 171 172 173 2 3 78 79 178 179 180 181 4 5 6 89 90 185 186 187 188 7 8 9 10 100 101 191 192 193 194 11 12 13 14 15 111 112 197 198 199 16 17 18 19 20 21 122 123 202 203 22 23 24 25 26 27 28 133 134 206 29 30 31 32 33 34 35 36 144 145 37 38 39 40 41 42 43 44 45 155 156 47 48 49 50 51 52 53 54 55 165 166 58 59 60 61 62 63 64 65 66 174 175 69 70 71 72 73 74 75 76 77 182 183 80 81 82 83 84 85 86 87 88 189 190 91 92 93 94 95 96 97 98 99 195 102 103 104 105 106 107 108 109 110 113 114 115 116 117 118 119 120 124 125 126 127 128 129 130 135 136 137 138 139 140 146 147 148 149 150 157 158 159 160 167 168 169 176 177 184
197 201 202 204 205 206 132 207 208 37 142 143 209 46 47 152 153 154 56 57 58 162 163 164 1 67 68 69 171 172 173 2 3 78 79 80 179 180 181 4 5 6 89 90 91 186 187 188 7 8 9 10 100 101 102 192 193 194 11 12 13 14 15 111 112 113 198 199 16 17 18 19 20 21 122 123 124 203 22 23 24 25 26 27 28 133 134 135 29 30 31 32 33 34 35 36 144 145 146 38 39 40 41 42 43 44 45 155 156 157 48 49 50 51 52 53 54 55 165 166 167 59 60 61 62 63 64 65 66 174 175 176 70 71 72 73 74 75 76 77 182 183 184 81 82 83 84 85 86 87 88 189 190 191 92 93 94 95 96 97 98 99 195 196 103 104 105 106 107 108 109 110 200 114 115 116 117 118 119 120 121 125 126 127 128 129 130 131 136 137 138 139 140 141 147 148 149 150 151 158 159 160 161 168 169 170 177 178 185
198 202 203 205 206 29 207 208 37 38 143 209 46 47 48 153 154 56 57 58 59 163 164 1 67 68 69 70 172 173 2 3 78 79 80 81 180 181 4 5 6 89 90 91 92 187 188 7 8 9 10 100 101 102 103 193 194 11 12 13 14 15 111 112 113 114 199 16 17 18 19 20 21 122 123 124 125 22 23 24 25 26 27 28 133 134 135 136 30 31 32 33 34 35 36 144 145 146 147 39 40 41 42 43 44 45 155 156 157 158 49 50 51 52 53 54 55 165 166 167 168 60 61 62 63 64 65 66 174 175 176 177 71 72 73 74 75 76 77 182 183 184 185 82 83 84 85 86 87 88 189 190 191 192 93 94 95 96 97 98 99 195 196 197 104 105 106 107 108 109 110 200 201 115 116 117 118 119 120 121 204 126 127 128 129 130 131 132 137 138 139 140 141 142 148 149 150 151 152 159 160 161 162 169 170 171 178 179 186
199 203 22 206 29 30 208 37 38 39 209 46 47 48 49 154 56 57 58 59 60 164 1 67 68 69 70 71 173 2 3 78 79 80 81 82 181 4 5 6 89 90 91 92 93 188 7 8 9 10 100 101 102 103 104 194 11 12 13 14 15 111 112 113 114 115 16 17 18 19 20 21 122 123 124 125 126 23 24 25 26 27 28 133 134 135 136 137 31 32 33 34 35 36 144 145 146 147 148 40 41 42 43 44 45 155 156 157 158 159 50 51 52 53 54 55 165 166 167 168 169 61 62 63 64 65 66 174 175 176 177 178 72 73 74 75 76 77 182 183 184 185 186 83 84 85 86 87 88 189 190 191 192 193 94 95 96 97 98 99 195 196 197 198 105 106 107 108 109 110 200 201 202 116 117 118 119 120 121 204 205 127 128 129 130 131 132 207 138 139 140 141 142 143 149 150 151 152 153 160 161 162 163 170 171 172 179 180 187
200 121 204 131 132 207 141 142 143 209 151 152 153 154 56 161 162 163 164 1 67 170 171 172 173 2 3 78 178 179 180 181 4 5 6 89 185 186 187 188 7 8 9 10 100 191 192 193 194 11 12 13 14 15 111 196 197 198 199 16 17 18 19 20 21 122 201 202 203 22 23 24 25 26 27 28 133 205 206 29 30 31 32 33 34 35 36 144 208 37 38 39 40 41 42 43 44 45 155 46 47 48 49 50 51 52 53 54 55 165 57 58 59 60 61 62 63 64 65 66 174 68 69 70 71 72 73 74 75 76 77 182 79 80 81 82 83 84 85 86 87 88 189 90 91 92 93 94 95 96 97 98 99 195 101 102 103 104 105 106 107 108 109 110 112 113 114 115 116 117 118 119 120 123 124 125 126 127 128 129 130 134 135 136 137 138 139 140 145 146 147 148 149 150 156 157 158 159 160 166 167 168 169 175 176 177 183 184 190
201 204 205 132 207 208 142 143 209 46 152 153 154 56 57 162 163 164 1 67 68 171 172 173 2 3 78 79 179 180 181 4 5 6 89 90 186 187 188 7 8 9 10 100 101 192 193 194 11 12 13 14 15 111 112 197 198 199 16 17 18 19 20 21 122 123 202 203 22 23 24 25 26 27 28 133 134 206 29 30 31 32 33 34 35 36 144 145 37 38 39 40 41 42 43 44 45 155 156 47 48 49 50 51 52 53 54 55 165 166 58 59 60 61 62 63 64 65 66 174 175 69 70 71 72 73 74 75 76 77 182 183 80 81 82 83 84 85 86 87 88 189 190 91 92 93 94 95 96 97 98 99 195 196 102 103 104 105 106 107 108 109 110 200 113 114 115 116 117 118 119 120 121 124 125 126 127 128 129 130 131 135 136 137 138 139 140 141 146 147 148 149 150 151 157 158 159 160 161 167 168 169 170 176 177 178 184 185 191
202 205 206 207 208 37 143 209 46 47 153 154 56 57 58 163 164 1 67 68 69 172 173 2 3 78 79 80 180 181 4 5 6 89 90 91 187 188 7 8 9 10 100 101 102 193 194 11 12 13 14 15 111 112 113 198 199 16 17 18 19 20 21 122 123 124 203 22 23 24 25 26 27 28 133 134 135 29 30 31 32 33 34 35 36 144 145 146 38 39 40 41 42 43 44 45 155 156 157 48 49 50 51 52 53 54 55 165 166 167 59 60 61 62 63 64 65 66 174 175 176 70 71 72 73 74 75 76 77 182 183 184 81 82 83 84 85 86 87 88 189 190 191 92 93 94 95 96 97 98 99 195 196 197 103 104 105 106 107 108 109 110 200 201 114 115 116 117 118 119 120 121 204 125 126 127 128 129 130 131 132 136 137 138 139 140 141 142 147 148 149 150 151 152 158 159 160 161 162 168 169 170 171 177 178 179 185 186 192
203 206 29 208 37 38 209 46 47 48 154 56 57 58 59 164 1 67 68 69 70 173 2 3 78 79 80 81 181 4 5 6 89 90 91 92 188 7 8 9 10 100 101 102 103 194 11 12 13 14 15 111 112 113 114 199 16 17 18 19 20 21 122 123 124 125 22 23 24 25 26 27 28 133 134 135 136 30 31 32 33 34 35 36 144 145 146 147 39 40 41 42 43 44 45 155 156 157 158 49 50 51 52 53 54 55 165 166 167 168 60 61 62 63 64 65 66 174 175 176 177 71 72 73 74 75 76 77 182 183 184 185 82 83 84 85 86 87 88 189 190 191 192 93 94 95 96 97 98 99 195 196 197 198 104 105 106 107 108 109 110 200 201 202 115 116 117 118 119 120 121 204 205 126 127 128 129 130 131 132 207 137 138 139 140 141 142 143 148 149 150 151 152 153 159 160 161 162 163 169 170 171 172 178 179 180 186 187 193
204 132 207 142 143 209 152 153 154 56 162 163 164 1 67 171 172 173 2 3 78 179 180 181 4 5 6 89 186 187 188 7 8 9 10 100 192 193 194 11 12 13 14 15 111 197 198 199 16 17 18 19 20 21 122 201 202 203 22 23 24 25 26 27 28 133 205 206 29 30 31 32 33 34 35 36 144 208 37 38 39 40 41 42 43 44 45 155 46 47 48 49 50 51 52 53 54 55 165 57 58 59 60 61 62 63 64 65 66 174 68 69 70 71 72 73 74 75 76 77 182 79 80 81 82 83 84 85 86 87 88 189 90 91 92 93 94 95 96 97 98 99 195 101 102 103 104 105 106 107 108 109 110 200 112 113 114 115 116 117 118 119 120 121 123 124 125 126 127 128 129 130 131 134 135 136 137 138 139 140 141 145 146 147 148 149 150 151 156 157 158 159 160 161 166 167 168 169 170 175 176 177 178 183 184 185 190 191 196
205 207 208 143 209 46 153 154 56 57 163 164 1 67 68 172 173 2 3 78 79 180 181 4 5 6 89 90 187 188 7 8 9 10 100 101 193 194 11 12 13 14 15 111 112 198 199 16 17 18 19 20 21 122 123 202 203 22 23 24 25 26 27 28 133 134 206 29 30 31 32 33 34 35 36 144 145 37 38 39 40 41 42 43 44 45 155 156 47 48 49 50 51 52 53 54 55 165 166 58 59 60 61 62 63 64 65 66 174 175 69 70 71 72 73 74 75 76 77 182 183 80 81 82 83 84 85 86 87 88 189 190 91 92 93 94 95 96 97 98 99 195 196 102 103 104 105 106 107 108 109 110 200 201 113 114 115 116 117 118 119 120 121 204 124 125 126 127 128 129 130 131 132 135 136 137 138 139 140 141 142 146 147 148 149 150 151 152 157 158 159 160 161 162 167 168 169 170 171 176 177 178 179 184 185 186 191 192 197
206 208 37 209 46 47 154 56 57 58 164 1 67 68 69 173 2 3 78 79 80 181 4 5 6 89 90 91 188 7 8 9 10 100 101 102 194 11 12 13 14 15 111 112 113 199 16 17 18 19 20 21 122 123 124 203 22 23 24 25 26 27 28 133 134 135 29 30 31 32 33 34 35 36 144 145 146 38 39 40 41 42 43 44 45 155 156 157 48 49 50 51 52 53 54 55 165 166 167 59 60 61 62 63 64 65 66 174 175 176 70 71 72 73 74 75 76 77 182 183 184 81 82 83 84 85 86 87 88 189 190 191 92 93 94 95 96 97 98 99 195 196 197 103 104 105 106 107 108 109 110 200 201 202 114 115 116 117 118 119 120 121 204 205 125 126 127 128 129 130 131 132 207 136 137 138 139 140 141 142 143 147 148 149 150 151 152 153 158 159 160 161 162 163 168 169 170 171 172 177 178 179 180 185 186 187 192 193 198
207 143 209 153 154 56 163 164 1 67 172 173 2 3 78 180 181 4 5 6 89 187 188 7 8 9 10 100 193 194 11 12 13 14 15 111 198 199 16 17 18 19 20 21 122 202 203 22 23 24 25 26 27 28 133 205 206 29 30 31 32 33 34 35 36 144 208 37 38 39 40 41 42 43 44 45 155 46 47 48 49 50 51 52 53 54 55 165 57 58 59 60 61 62 63 64 65 66 174 68 69 70 71 72 73 74 75 76 77 182 79 80 81 82 83 84 85 86 87 88 189 90 91 92 93 94 95 96 97 98 99 195 101 102 103 104 105 106 107 108 109 110 200 112 113 114 115 116 117 118 119 120 121 204 123 124 125 126 127 128 129 130 131 132 134 135 136 137 138 139 140 141 142 145 146 147 148 149 150 151 152 156 157 158 159 160 161 162 166 167 168 169 170 171 175 176 177 178 179 183 184 185 186 190 191 192 196 197 201
208 209 46 154 56 57 164 1 67 68 173 2 3 78 79 181 4 5 6 89 90 188 7 8 9 10 100 101 194 11 12 13 14 15 111 112 199 16 17 18 19 20 21 122 123 203 22 23 24 25 26 27 28 133 134 206 29 30 31 32 33 34 35 36 144 145 37 38 39 40 41 42 43 44 45 155 156 47 48 49 50 51 52 53 54 55 165 166 58 59 60 61 62 63 64 65 66 174 175 69 70 71 72 73 74 75 76 77 182 183 80 81 82 83 84 85 86 87 88 189 190 91 92 93 94 95 96 97 98 99 195 196 102 103 104 105 106 107 108 109 110 200 201 113 114 115 116 117 118 119 120 121 204 205 124 125 126 127 128 129 130 131 132 207 135 136 137 138 139 140 141 142 143 146 147 148 149 150 151 152 153 157 158 159 160 161 162 163 167 168 169 170 171 172 176 177 178 179 180 184 185 186 187 191 192 193 197 198 202
209 154 56 164 1 67 173 2 3 78 181 4 5 6 89 188 7 8 9 10 100 194 11 12 13 14 15 111 199 16 17 18 19 20 21 122 203 22 23 24 25 26 27 28 133 206 29 30 31 32 33 34 35 36 144 208 37 38 39 40 41 42 43 44 45 155 46 47 48 49 50 51 52 53 54 55 165 57 58 59 60 61 62 63 64 65 66 174 68 69 70 71 72 73 74 75 76 77 182 79 80 81 82 83 84 85 86 87 88 189 90 91 92 93 94 95 96 97 98 99 195 101 102 103 104 105 106 107 108 109 110 200 112 113 114 115 116 117 118 119 120 121 204 123 124 125 126 127 128 129 130 131 132 207 134 135 136 137 138 139 140 141 142 143 145 146 147 148 149 150 151 152 153 156 157 158 159 160 161 162 163 166 167 168 169 170 171 172 175 176 177 178 179 180 183 184 185 186 187 190 191 192 193 196 197 198 201 202 205
