187
1 2 3 4 5 6 7 8 9 10 11 12 13 14 15 16 17 18 19 20 21 22 23 24 25 26 27 28 29 30 31 32 33 34 35 36 37 38 39 40 41 42 43 44 45 46 47 48 49 50 51 52 53 54 55 56 57 58 59 60 61 62 63 64 65 66 67 68 69 70 71 72 73 74 75 76 77 78 79 80 81 82 83 84 85 86 87 88 89 90 91 92 93 94 95 96 97 98 99 100 101 102 103 104 105 106 107 108 109 110 111 112 113 114 115 116 117 118 119 120 121 122 123 124 125 126 127 128 129 130 131 132 133 134 135 136 137 138 139 140 141 142 143 144 145 146 147 148 149 150 151 152 153 154 155 156 157 158 159 160 161 162 163 164 165 166 167 168 169 170 171 172 173 174 175 176 177 178 179 180 181 182 183 184 185 186 187
2 4 5 7 8 9 11 12 13 14 16 17 18 19 20 22 23 24 25 26 27 29 30 31 32 33 34 35 37 38 39 40 41 42 43 44 46 47 48 49 50 51 52 53 54 56 57 58 59 60 61 62 63 64 65 1 67 68 69 70 71 72 73 74 75 76 3 78 79 80 81 82 83 84 85 86 87 6 89 90 91 92 93 94 95 96 97 98 10 100 101 102 103 104 105 106 107 108 109 15 111 112 113 114 115 116 117 118 119 120 21 122 123 124 125 126 127 128 129 130 131 28 133 134 135 136 137 138 139 140 141 142 36 143 144 145 146 147 148 149 150 151 45 152 153 154 155 156 157 158 159 55 160 161 162 163 164 165 166 66 167 168 169 170 171 172 77 173 174 175 176 177 88 178 179 180 181 99 182 183 184 110 185 186 121 187 132
3 5 6 8 9 10 12 13 14 15 17 18 19 20 21 23 24 25 26 27 28 30 31 32 33 34 35 36 38 39 40 41 42 43 44 45 47 48 49 50 51 52 53 54 55 57 58 59 60 61 62 63 64 65 66 67 68 69 70 71 72 73 74 75 76 77 78 79 80 81 82 83 84 85 86 87 88 89 90 91 92 93 94 95 96 97 98 99 100 101 102 103 104 105 106 107 108 109 110 111 112 113 114 115 116 117 118 119 120 121 122 123 124 125 126 127 128 129 130 131 132 133 134 135 136 137 138 139 140 141 142 1 143 144 145 146 147 148 149 150 151 2 152 153 154 155 156 157 158 159 4 160 161 162 163 164 165 166 7 167 168 169 170 171 172 11 173 174 175 176 177 16 178 179 180 181 22 182 183 184 29 185 186 37 187 46 56
4 7 8 11 12 13 16 17 18 19 22 23 24 25 26 29 30 31 32 33 34 37 38 39 40 41 42 43 46 47 48 49 50 51 52 53 56 57 58 59 60 61 62 63 64 1 67 68 69 70 71 72 73 74 75 2 3 78 79 80 81 82 83 84 85 86 5 6 89 90 91 92 93 94 95 96 97 9 10 100 101 102 103 104 105 106 107 108 14 15 111 112 113 114 115 116 117 118 119 20 21 122 123 124 125 126 127 128 129 130 27 28 133 134 135 136 137 138 139 140 141 35 36 143 144 145 146 147 148 149 150 151 44 45 152 153 154 155 156 157 158 159 54 55 160 161 162 163 164 165 166 65 66 167 168 169 170 171 172 76 77 173 174 175 176 177 87 88 178 179 180 181 98 99 182 183 184 109 110 185 186 120 121 187 131 132 142
5 8 9 12 13 14 17 18 19 20 23 24 25 26 27 30 31 32 33 34 35 38 39 40 41 42 43 44 47 48 49 50 51 52 53 54 57 58 59 60 61 62 63 64 65 67 68 69 70 71 72 73 74 75 76 3 78 79 80 81 82 83 84 85 86 87 6 89 90 91 92 93 94 95 96 97 98 10 100 101 102 103 104 105 106 107 108 109 15 111 112 113 114 115 116 117 118 119 120 21 122 123 124 125 126 127 128 129 130 131 28 133 134 135 136 137 138 139 140 141 142 36 143 144 145 146 147 148 149 150 151 2 45 152 153 154 155 156 157 158 159 4 55 160 161 162 163 164 165 166 7 66 167 168 169 170 171 172 11 77 173 174 175 176 177 16 88 178 179 180 181 22 99 182 183 184 29 110 185 186 37 121 187 46 132 56 1
6 9 10 13 14 15 18 19 20 21 24 25 26 27 28 31 32 33 34 35 36 39 40 41 42 43 44 45 48 49 50 51 52 53 54 55 58 59 60 61 62 63 64 65 66 68 69 70 71 72 73 74 75 76 77 78 79 80 81 82 83 84 85 86 87 88 89 90 91 92 93 94 95 96 97 98 99 100 101 102 103 104 105 106 107 108 109 110 111 112 113 114 115 116 117 118 119 120 121 122 123 124 125 126 127 128 129 130 131 132 133 134 135 136 137 138 139 140 141 142 1 143 144 145 146 147 148 149 150 151 2 3 152 153 154 155 156 157 158 159 4 5 160 161 162 163 164 165 166 7 8 167 168 169 170 171 172 11 12 173 174 175 176 177 16 17 178 179 180 181 22 23 182 183 184 29 30 185 186 37 38 187 46 47 56 57 67
7 11 12 16 17 18 22 23 24 25 29 30 31 32 33 37 38 39 40 41 42 46 47 48 49 50 51 52 56 57 58 59 60 61 62 63 1 67 68 69 70 71 72 73 74 2 3 78 79 80 81 82 83 84 85 4 5 6 89 90 91 92 93 94 95 96 8 9 10 100 101 102 103 104 105 106 107 13 14 15 111 112 113 114 115 116 117 118 19 20 21 122 123 124 125 126 127 128 129 26 27 28 133 134 135 136 137 138 139 140 34 35 36 143 144 145 146 147 148 149 150 43 44 45 152 153 154 155 156 157 158 159 53 54 55 160 161 162 163 164 165 166 64 65 66 167 168 169 170 171 172 75 76 77 173 174 175 176 177 86 87 88 178 179 180 181 97 98 99 182 183 184 108 109 110 185 186 119 120 121 187 130 131 132 141 142 151
8 12 13 17 18 19 23 24 25 26 30 31 32 33 34 38 39 40 41 42 43 47 48 49 50 51 52 53 57 58 59 60 61 62 63 64 67 68 69 70 71 72 73 74 75 3 78 79 80 81 82 83 84 85 86 5 6 89 90 91 92 93 94 95 96 97 9 10 100 101 102 103 104 105 106 107 108 14 15 111 112 113 114 115 116 117 118 119 20 21 122 123 124 125 126 127 128 129 130 27 28 133 134 135 136 137 138 139 140 141 35 36 143 144 145 146 147 148 149 150 151 44 45 152 153 154 155 156 157 158 159 4 54 55 160 161 162 163 164 165 166 7 65 66 167 168 169 170 171 172 11 76 77 173 174 175 176 177 16 87 88 178 179 180 181 22 98 99 182 183 184 29 109 110 185 186 37 120 121 187 46 131 132 56 142 1 2
9 13 14 18 19 20 24 25 26 27 31 32 33 34 35 39 40 41 42 43 44 48 49 50 51 52 53 54 58 59 60 61 62 63 64 65 68 69 70 71 72 73 74 75 76 78 79 80 81 82 83 84 85 86 87 6 89 90 91 92 93 94 95 96 97 98 10 100 101 102 103 104 105 106 107 108 109 15 111 112 113 114 115 116 117 118 119 120 21 122 123 124 125 126 127 128 129 130 131 28 133 134 135 136 137 138 139 140 141 142 36 143 144 145 146 147 148 149 150 151 2 45 152 153 154 155 156 157 158 159 4 5 55 160 161 162 163 164 165 166 7 8 66 167 168 169 170 171 172 11 12 77 173 174 175 176 177 16 17 88 178 179 180 181 22 23 99 182 183 184 29 30 110 185 186 37 38 121 187 46 47 132 56 57 1 67 3
10 14 15 19 20 21 25 26 27 28 32 33 34 35 36 40 41 42 43 44 45 49 50 51 52 53 54 55 59 60 61 62 63 64 65 66 69 70 71 72 73 74 75 76 77 79 80 81 82 83 84 85 86 87 88 89 90 91 92 93 94 95 96 97 98 99 100 101 102 103 104 105 106 107 108 109 110 111 112 113 114 115 116 117 118 119 120 121 122 123 124 125 126 127 128 129 130 131 132 133 134 135 136 137 138 139 140 141 142 1 143 144 145 146 147 148 149 150 151 2 3 152 153 154 155 156 157 158 159 4 5 6 160 161 162 163 164 165 166 7 8 9 167 168 169 170 171 172 11 12 13 173 174 175 176 177 16 17 18 178 179 180 181 22 23 24 182 183 184 29 30 31 185 186 37 38 39 187 46 47 48 56 57 58 67 68 78
11 16 17 22 23 24 29 30 31 32 37 38 39 40 41 46 47 48 49 50 51 56 57 58 59 60 61 62 1 67 68 69 70 71 72 73 2 3 78 79 80 81 82 83 84 4 5 6 89 90 91 92 93 94 95 7 8 9 10 100 101 102 103 104 105 106 12 13 14 15 111 112 113 114 115 116 117 18 19 20 21 122 123 124 125 126 127 128 25 26 27 28 133 134 135 136 137 138 139 33 34 35 36 143 144 145 146 147 148 149 42 43 44 45 152 153 154 155 156 157 158 52 53 54 55 160 161 162 163 164 165 166 63 64 65 66 167 168 169 170 171 172 74 75 76 77 173 174 175 176 177 85 86 87 88 178 179 180 181 96 97 98 99 182 183 184 107 108 109 110 185 186 118 119 120 121 187 129 130 131 132 140 141 142 150 151 159
12 17 18 23 24 25 30 31 32 33 38 39 40 41 42 47 48 49 50 51 52 57 58 59 60 61 62 63 67 68 69 70 71 72 73 74 3 78 79 80 81 82 83 84 85 5 6 89 90 91 92 93 94 95 96 8 9 10 100 101 102 103 104 105 106 107 13 14 15 111 112 113 114 115 116 117 118 19 20 21 122 123 124 125 126 127 128 129 26 27 28 133 134 135 136 137 138 139 140 34 35 36 143 144 145 146 147 148 149 150 43 44 45 152 153 154 155 156 157 158 159 53 54 55 160 161 162 163 164 165 166 7 64 65 66 167 168 169 170 171 172 11 75 76 77 173 174 175 176 177 16 86 87 88 178 179 180 181 22 97 98 99 182 183 184 29 108 109 110 185 186 37 119 120 121 187 46 130 131 132 56 141 142 1 151 2 4
13 18 19 24 25 26 31 32 33 34 39 40 41 42 43 48 49 50 51 52 53 58 59 60 61 62 63 64 68 69 70 71 72 73 74 75 78 79 80 81 82 83 84 85 86 6 89 90 91 92 93 94 95 96 97 9 10 100 101 102 103 104 105 106 107 108 14 15 111 112 113 114 115 116 117 118 119 20 21 122 123 124 125 126 127 128 129 130 27 28 133 134 135 136 137 138 139 140 141 35 36 143 144 145 146 147 148 149 150 151 44 45 152 153 154 155 156 157 158 159 4 54 55 160 161 162 163 164 165 166 7 8 65 66 167 168 169 170 171 172 11 12 76 77 173 174 175 176 177 16 17 87 88 178 179 180 181 22 23 98 99 182 183 184 29 30 109 110 185 186 37 38 120 121 187 46 47 131 132 56 57 142 1 67 2 3 5
14 19 20 25 26 27 32 33 34 35 40 41 42 43 44 49 50 51 52 53 54 59 60 61 62 63 64 65 69 70 71 72 73 74 75 76 79 80 81 82 83 84 85 86 87 89 90 91 92 93 94 95 96 97 98 10 100 101 102 103 104 105 106 107 108 109 15 111 112 113 114 115 116 117 118 119 120 21 122 123 124 125 126 127 128 129 130 131 28 133 134 135 136 137 138 139 140 141 142 36 143 144 145 146 147 148 149 150 151 2 45 152 153 154 155 156 157 158 159 4 5 55 160 161 162 163 164 165 166 7 8 9 66 167 168 169 170 171 172 11 12 13 77 173 174 175 176 177 16 17 18 88 178 179 180 181 22 23 24 99 182 183 184 29 30 31 110 185 186 37 38 39 121 187 46 47 48 132 56 57 58 1 67 68 3 78 6
15 20 21 26 27 28 33 34 35 36 41 42 43 44 45 50 51 52 53 54 55 60 61 62 63 64 65 66 70 71 72 73 74 75 76 77 80 81 82 83 84 85 86 87 88 90 91 92 93 94 95 96 97 98 99 100 101 102 103 104 105 106 107 108 109 110 111 112 113 114 115 116 117 118 119 120 121 122 123 124 125 126 127 128 129 130 131 132 133 134 135 136 137 138 139 140 141 142 1 143 144 145 146 147 148 149 150 151 2 3 152 153 154 155 156 157 158 159 4 5 6 160 161 162 163 164 165 166 7 8 9 10 167 168 169 170 171 172 11 12 13 14 173 174 175 176 177 16 17 18 19 178 179 180 181 22 23 24 25 182 183 184 29 30 31 32 185 186 37 38 39 40 187 46 47 48 49 56 57 58 59 67 68 69 78 79 89
16 22 23 29 30 31 37 38 39 40 46 47 48 49 50 56 57 58 59 60 61 1 67 68 69 70 71 72 2 3 78 79 80 81 82 83 4 5 6 89 90 91 92 93 94 7 8 9 10 100 101 102 103 104 105 11 12 13 14 15 111 112 113 114 115 116 17 18 19 20 21 122 123 124 125 126 127 24 25 26 27 28 133 134 135 136 137 138 32 33 34 35 36 143 144 145 146 147 148 41 42 43 44 45 152 153 154 155 156 157 51 52 53 54 55 160 161 162 163 164 165 62 63 64 65 66 167 168 169 170 171 172 73 74 75 76 77 173 174 175 176 177 84 85 86 87 88 178 179 180 181 95 96 97 98 99 182 183 184 106 107 108 109 110 185 186 117 118 119 120 121 187 128 129 130 131 132 139 140 141 142 149 150 151 158 159 166
17 23 24 30 31 32 38 39 40 41 47 48 49 50 51 57 58 59 60 61 62 67 68 69 70 71 72 73 3 78 79 80 81 82 83 84 5 6 89 90 91 92 93 94 95 8 9 10 100 101 102 103 104 105 106 12 13 14 15 111 112 113 114 115 116 117 18 19 20 21 122 123 124 125 126 127 128 25 26 27 28 133 134 135 136 137 138 139 33 34 35 36 143 144 145 146 147 148 149 42 43 44 45 152 153 154 155 156 157 158 52 53 54 55 160 161 162 163 164 165 166 63 64 65 66 167 168 169 170 171 172 11 74 75 76 77 173 174 175 176 177 16 85 86 87 88 178 179 180 181 22 96 97 98 99 182 183 184 29 107 108 109 110 185 186 37 118 119 120 121 187 46 129 130 131 132 56 140 141 142 1 150 151 2 159 4 7
18 24 25 31 32 33 39 40 41 42 48 49 50 51 52 58 59 60 61 62 63 68 69 70 71 72 73 74 78 79 80 81 82 83 84 85 6 89 90 91 92 93 94 95 96 9 10 100 101 102 103 104 105 106 107 13 14 15 111 112 113 114 115 116 117 118 19 20 21 122 123 124 125 126 127 128 129 26 27 28 133 134 135 136 137 138 139 140 34 35 36 143 144 145 146 147 148 149 150 43 44 45 152 153 154 155 156 157 158 159 53 54 55 160 161 162 163 164 165 166 7 64 65 66 167 168 169 170 171 172 11 12 75 76 77 173 174 175 176 177 16 17 86 87 88 178 179 180 181 22 23 97 98 99 182 183 184 29 30 108 109 110 185 186 37 38 119 120 121 187 46 47 130 131 132 56 57 141 142 1 67 151 2 3 4 5 8
19 25 26 32 33 34 40 41 42 43 49 50 51 52 53 59 60 61 62 63 64 69 70 71 72 73 74 75 79 80 81 82 83 84 85 86 89 90 91 92 93 94 95 96 97 10 100 101 102 103 104 105 106 107 108 14 15 111 112 113 114 115 116 117 118 119 20 21 122 123 124 125 126 127 128 129 130 27 28 133 134 135 136 137 138 139 140 141 35 36 143 144 145 146 147 148 149 150 151 44 45 152 153 154 155 156 157 158 159 4 54 55 160 161 162 163 164 165 166 7 8 65 66 167 168 169 170 171 172 11 12 13 76 77 173 174 175 176 177 16 17 18 87 88 178 179 180 181 22 23 24 98 99 182 183 184 29 30 31 109 110 185 186 37 38 39 120 121 187 46 47 48 131 132 56 57 58 142 1 67 68 2 3 78 5 6 9
20 26 27 33 34 35 41 42 43 44 50 51 52 53 54 60 61 62 63 64 65 70 71 72 73 74 75 76 80 81 82 83 84 85 86 87 90 91 92 93 94 95 96 97 98 100 101 102 103 104 105 106 107 108 109 15 111 112 113 114 115 116 117 118 119 120 21 122 123 124 125 126 127 128 129 130 131 28 133 134 135 136 137 138 139 140 141 142 36 143 144 145 146 147 148 149 150 151 2 45 152 153 154 155 156 157 158 159 4 5 55 160 161 162 163 164 165 166 7 8 9 66 167 168 169 170 171 172 11 12 13 14 77 173 174 175 176 177 16 17 18 19 88 178 179 180 181 22 23 24 25 99 182 183 184 29 30 31 32 110 185 186 37 38 39 40 121 187 46 47 48 49 132 56 57 58 59 1 67 68 69 3 78 79 6 89 10
21 27 28 34 35 36 42 43 44 45 51 52 53 54 55 61 62 63 64 65 66 71 72 73 74 75 76 77 81 82 83 84 85 86 87 88 91 92 93 94 95 96 97 98 99 101 102 103 104 105 106 107 108 109 110 111 112 113 114 115 116 117 118 119 120 121 122 123 124 125 126 127 128 129 130 131 132 133 134 135 136 137 138 139 140 141 142 1 143 144 145 146 147 148 149 150 151 2 3 152 153 154 155 156 157 158 159 4 5 6 160 161 162 163 164 165 166 7 8 9 10 167 168 169 170 171 172 11 12 13 14 15 173 174 175 176 177 16 17 18 19 20 178 179 180 181 22 23 24 25 26 182 183 184 29 30 31 32 33 185 186 37 38 39 40 41 187 46 47 48 49 50 56 57 58 59 60 67 68 69 70 78 79 80 89 90 100
22 29 30 37 38 39 46 47 48 49 56 57 58 59 60 1 67 68 69 70 71 2 3 78 79 80 81 82 4 5 6 89 90 91 92 93 7 8 9 10 100 101 102 103 104 11 12 13 14 15 111 112 113 114 115 16 17 18 19 20 21 122 123 124 125 126 23 24 25 26 27 28 133 134 135 136 137 31 32 33 34 35 36 143 144 145 146 147 40 41 42 43 44 45 152 153 154 155 156 50 51 52 53 54 55 160 161 162 163 164 61 62 63 64 65 66 167 168 169 170 171 72 73 74 75 76 77 173 174 175 176 177 83 84 85 86 87 88 178 179 180 181 94 95 96 97 98 99 182 183 184 105 106 107 108 109 110 185 186 116 117 118 119 120 121 187 127 128 129 130 131 132 138 139 140 141 142 148 149 150 151 157 158 159 165 166 172
23 30 31 38 39 40 47 48 49 50 57 58 59 60 61 67 68 69 70 71 72 3 78 79 80 81 82 83 5 6 89 90 91 92 93 94 8 9 10 100 101 102 103 104 105 12 13 14 15 111 112 113 114 115 116 17 18 19 20 21 122 123 124 125 126 127 24 25 26 27 28 133 134 135 136 137 138 32 33 34 35 36 143 144 145 146 147 148 41 42 43 44 45 152 153 154 155 156 157 51 52 53 54 55 160 161 162 163 164 165 62 63 64 65 66 167 168 169 170 171 172 73 74 75 76 77 173 174 175 176 177 16 84 85 86 87 88 178 179 180 181 22 95 96 97 98 99 182 183 184 29 106 107 108 109 110 185 186 37 117 118 119 120 121 187 46 128 129 130 131 132 56 139 140 141 142 1 149 150 151 2 158 159 4 166 7 11
24 31 32 39 40 41 48 49 50 51 58 59 60 61 62 68 69 70 71 72 73 78 79 80 81 82 83 84 6 89 90 91 92 93 94 95 9 10 100 101 102 103 104 105 106 13 14 15 111 112 113 114 115 116 117 18 19 20 21 122 123 124 125 126 127 128 25 26 27 28 133 134 135 136 137 138 139 33 34 35 36 143 144 145 146 147 148 149 42 43 44 45 152 153 154 155 156 157 158 52 53 54 55 160 161 162 163 164 165 166 63 64 65 66 167 168 169 170 171 172 11 74 75 76 77 173 174 175 176 177 16 17 85 86 87 88 178 179 180 181 22 23 96 97 98 99 182 183 184 29 30 107 108 109 110 185 186 37 38 118 119 120 121 187 46 47 129 130 131 132 56 57 140 141 142 1 67 150 151 2 3 159 4 5 7 8 12
25 32 33 40 41 42 49 50 51 52 59 60 61 62 63 69 70 71 72 73 74 79 80 81 82 83 84 85 89 90 91 92 93 94 95 96 10 100 101 102 103 104 105 106 107 14 15 111 112 113 114 115 116 117 118 19 20 21 122 123 124 125 126 127 128 129 26 27 28 133 134 135 136 137 138 139 140 34 35 36 143 144 145 146 147 148 149 150 43 44 45 152 153 154 155 156 157 158 159 53 54 55 160 161 162 163 164 165 166 7 64 65 66 167 168 169 170 171 172 11 12 75 76 77 173 174 175 176 177 16 17 18 86 87 88 178 179 180 181 22 23 24 97 98 99 182 183 184 29 30 31 108 109 110 185 186 37 38 39 119 120 121 187 46 47 48 130 131 132 56 57 58 141 142 1 67 68 151 2 3 78 4 5 6 8 9 13
26 33 34 41 42 43 50 51 52 53 60 61 62 63 64 70 71 72 73 74 75 80 81 82 83 84 85 86 90 91 92 93 94 95 96 97 100 101 102 103 104 105 106 107 108 15 111 112 113 114 115 116 117 118 119 20 21 122 123 124 125 126 127 128 129 130 27 28 133 134 135 136 137 138 139 140 141 35 36 143 144 145 146 147 148 149 150 151 44 45 152 153 154 155 156 157 158 159 4 54 55 160 161 162 163 164 165 166 7 8 65 66 167 168 169 170 171 172 11 12 13 76 77 173 174 175 176 177 16 17 18 19 87 88 178 179 180 181 22 23 24 25 98 99 182 183 184 29 30 31 32 109 110 185 186 37 38 39 40 120 121 187 46 47 48 49 131 132 56 57 58 59 142 1 67 68 69 2 3 78 79 5 6 89 9 10 14
27 34 35 42 43 44 51 52 53 54 61 62 63 64 65 71 72 73 74 75 76 81 82 83 84 85 86 87 91 92 93 94 95 96 97 98 101 102 103 104 105 106 107 108 109 111 112 113 114 115 116 117 118 119 120 21 122 123 124 125 126 127 128 129 130 131 28 133 134 135 136 137 138 139 140 141 142 36 143 144 145 146 147 148 149 150 151 2 45 152 153 154 155 156 157 158 159 4 5 55 160 161 162 163 164 165 166 7 8 9 66 167 168 169 170 171 172 11 12 13 14 77 173 174 175 176 177 16 17 18 19 20 88 178 179 180 181 22 23 24 25 26 99 182 183 184 29 30 31 32 33 110 185 186 37 38 39 40 41 121 187 46 47 48 49 50 132 56 57 58 59 60 1 67 68 69 70 3 78 79 80 6 89 90 10 100 15
28 35 36 43 44 45 52 53 54 55 62 63 64 65 66 72 73 74 75 76 77 82 83 84 85 86 87 88 92 93 94 95 96 97 98 99 102 103 104 105 106 107 108 109 110 112 113 114 115 116 117 118 119 120 121 122 123 124 125 126 127 128 129 130 131 132 133 134 135 136 137 138 139 140 141 142 1 143 144 145 146 147 148 149 150 151 2 3 152 153 154 155 156 157 158 159 4 5 6 160 161 162 163 164 165 166 7 8 9 10 167 168 169 170 171 172 11 12 13 14 15 173 174 175 176 177 16 17 18 19 20 21 178 179 180 181 22 23 24 25 26 27 182 183 184 29 30 31 32 33 34 185 186 37 38 39 40 41 42 187 46 47 48 49 50 51 56 57 58 59 60 61 67 68 69 70 71 78 79 80 81 89 90 91 100 101 111
29 37 38 46 47 48 56 57 58 59 1 67 68 69 70 2 3 78 79 80 81 4 5 6 89 90 91 92 7 8 9 10 100 101 102 103 11 12 13 14 15 111 112 113 114 16 17 18 19 20 21 122 123 124 125 22 23 24 25 26 27 28 133 134 135 136 30 31 32 33 34 35 36 143 144 145 146 39 40 41 42 43 44 45 152 153 154 155 49 50 51 52 53 54 55 160 161 162 163 60 61 62 63 64 65 66 167 168 169 170 71 72 73 74 75 76 77 173 174 175 176 82 83 84 85 86 87 88 178 179 180 181 93 94 95 96 97 98 99 182 183 184 104 105 106 107 108 109 110 185 186 115 116 117 118 119 120 121 187 126 127 128 129 130 131 132 137 138 139 140 141 142 147 148 149 150 151 156 157 158 159 164 165 166 171 172 177
30 38 39 47 48 49 57 58 59 60 67 68 69 70 71 3 78 79 80 81 82 5 6 89 90 91 92 93 8 9 10 100 101 102 103 104 12 13 14 15 111 112 113 114 115 17 18 19 20 21 122 123 124 125 126 23 24 25 26 27 28 133 134 135 136 137 31 32 33 34 35 36 143 144 145 146 147 40 41 42 43 44 45 152 153 154 155 156 50 51 52 53 54 55 160 161 162 163 164 61 62 63 64 65 66 167 168 169 170 171 72 73 74 75 76 77 173 174 175 176 177 83 84 85 86 87 88 178 179 180 181 22 94 95 96 97 98 99 182 183 184 29 105 106 107 108 109 110 185 186 37 116 117 118 119 120 121 187 46 127 128 129 130 131 132 56 138 139 140 141 142 1 148 149 150 151 2 157 158 159 4 165 166 7 172 11 16
31 39 40 48 49 50 58 59 60 61 68 69 70 71 72 78 79 80 81 82 83 6 89 90 91 92 93 94 9 10 100 101 102 103 104 105 13 14 15 111 112 113 114 115 116 18 19 20 21 122 123 124 125 126 127 24 25 26 27 28 133 134 135 136 137 138 32 33 34 35 36 143 144 145 146 147 148 41 42 43 44 45 152 153 154 155 156 157 51 52 53 54 55 160 161 162 163 164 165 62 63 64 65 66 167 168 169 170 171 172 73 74 75 76 77 173 174 175 176 177 16 84 85 86 87 88 178 179 180 181 22 23 95 96 97 98 99 182 183 184 29 30 106 107 108 109 110 185 186 37 38 117 118 119 120 121 187 46 47 128 129 130 131 132 56 57 139 140 141 142 1 67 149 150 151 2 3 158 159 4 5 166 7 8 11 12 17
32 40 41 49 50 51 59 60 61 62 69 70 71 72 73 79 80 81 82 83 84 89 90 91 92 93 94 95 10 100 101 102 103 104 105 106 14 15 111 112 113 114 115 116 117 19 20 21 122 123 124 125 126 127 128 25 26 27 28 133 134 135 136 137 138 139 33 34 35 36 143 144 145 146 147 148 149 42 43 44 45 152 153 154 155 156 157 158 52 53 54 55 160 161 162 163 164 165 166 63 64 65 66 167 168 169 170 171 172 11 74 75 76 77 173 174 175 176 177 16 17 85 86 87 88 178 179 180 181 22 23 24 96 97 98 99 182 183 184 29 30 31 107 108 109 110 185 186 37 38 39 118 119 120 121 187 46 47 48 129 130 131 132 56 57 58 140 141 142 1 67 68 150 151 2 3 78 159 4 5 6 7 8 9 12 13 18
33 41 42 50 51 52 60 61 62 63 70 71 72 73 74 80 81 82 83 84 85 90 91 92 93 94 95 96 100 101 102 103 104 105 106 107 15 111 112 113 114 115 116 117 118 20 21 122 123 124 125 126 127 128 129 26 27 28 133 134 135 136 137 138 139 140 34 35 36 143 144 145 146 147 148 149 150 43 44 45 152 153 154 155 156 157 158 159 53 54 55 160 161 162 163 164 165 166 7 64 65 66 167 168 169 170 171 172 11 12 75 76 77 173 174 175 176 177 16 17 18 86 87 88 178 179 180 181 22 23 24 25 97 98 99 182 183 184 29 30 31 32 108 109 110 185 186 37 38 39 40 119 120 121 187 46 47 48 49 130 131 132 56 57 58 59 141 142 1 67 68 69 151 2 3 78 79 4 5 6 89 8 9 10 13 14 19
34 42 43 51 52 53 61 62 63 64 71 72 73 74 75 81 82 83 84 85 86 91 92 93 94 95 96 97 101 102 103 104 105 106 107 108 111 112 113 114 115 116 117 118 119 21 122 123 124 125 126 127 128 129 130 27 28 133 134 135 136 137 138 139 140 141 35 36 143 144 145 146 147 148 149 150 151 44 45 152 153 154 155 156 157 158 159 4 54 55 160 161 162 163 164 165 166 7 8 65 66 167 168 169 170 171 172 11 12 13 76 77 173 174 175 176 177 16 17 18 19 87 88 178 179 180 181 22 23 24 25 26 98 99 182 183 184 29 30 31 32 33 109 110 185 186 37 38 39 40 41 120 121 187 46 47 48 49 50 131 132 56 57 58 59 60 142 1 67 68 69 70 2 3 78 79 80 5 6 89 90 9 10 100 14 15 20
35 43 44 52 53 54 62 63 64 65 72 73 74 75 76 82 83 84 85 86 87 92 93 94 95 96 97 98 102 103 104 105 106 107 108 109 112 113 114 115 116 117 118 119 120 122 123 124 125 126 127 128 129 130 131 28 133 134 135 136 137 138 139 140 141 142 36 143 144 145 146 147 148 149 150 151 2 45 152 153 154 155 156 157 158 159 4 5 55 160 161 162 163 164 165 166 7 8 9 66 167 168 169 170 171 172 11 12 13 14 77 173 174 175 176 177 16 17 18 19 20 88 178 179 180 181 22 23 24 25 26 27 99 182 183 184 29 30 31 32 33 34 110 185 186 37 38 39 40 41 42 121 187 46 47 48 49 50 51 132 56 57 58 59 60 61 1 67 68 69 70 71 3 78 79 80 81 6 89 90 91 10 100 101 15 111 21
36 44 45 53 54 55 63 64 65 66 73 74 75 76 77 83 84 85 86 87 88 93 94 95 96 97 98 99 103 104 105 106 107 108 109 110 113 114 115 116 117 118 119 120 121 123 124 125 126 127 128 129 130 131 132 133 134 135 136 137 138 139 140 141 142 1 143 144 145 146 147 148 149 150 151 2 3 152 153 154 155 156 157 158 159 4 5 6 160 161 162 163 164 165 166 7 8 9 10 167 168 169 170 171 172 11 12 13 14 15 173 174 175 176 177 16 17 18 19 20 21 178 179 180 181 22 23 24 25 26 27 28 182 183 184 29 30 31 32 33 34 35 185 186 37 38 39 40 41 42 43 187 46 47 48 49 50 51 52 56 57 58 59 60 61 62 67 68 69 70 71 72 78 79 80 81 82 89 90 91 92 100 101 102 111 112 122
37 46 47 56 57 58 1 67 68 69 2 3 78 79 80 4 5 6 89 90 91 7 8 9 10 100 101 102 11 12 13 14 15 111 112 113 16 17 18 19 20 21 122 123 124 22 23 24 25 26 27 28 133 134 135 29 30 31 32 33 34 35 36 143 144 145 38 39 40 41 42 43 44 45 152 153 154 48 49 50 51 52 53 54 55 160 161 162 59 60 61 62 63 64 65 66 167 168 169 70 71 72 73 74 75 76 77 173 174 175 81 82 83 84 85 86 87 88 178 179 180 92 93 94 95 96 97 98 99 182 183 184 103 104 105 106 107 108 109 110 185 186 114 115 116 117 118 119 120 121 187 125 126 127 128 129 130 131 132 136 137 138 139 140 141 142 146 147 148 149 150 151 155 156 157 158 159 163 164 165 166 170 171 172 176 177 181
38 47 48 57 58 59 67 68 69 70 3 78 79 80 81 5 6 89 90 91 92 8 9 10 100 101 102 103 12 13 14 15 111 112 113 114 17 18 19 20 21 122 123 124 125 23 24 25 26 27 28 133 134 135 136 30 31 32 33 34 35 36 143 144 145 146 39 40 41 42 43 44 45 152 153 154 155 49 50 51 52 53 54 55 160 161 162 163 60 61 62 63 64 65 66 167 168 169 170 71 72 73 74 75 76 77 173 174 175 176 82 83 84 85 86 87 88 178 179 180 181 93 94 95 96 97 98 99 182 183 184 29 104 105 106 107 108 109 110 185 186 37 115 116 117 118 119 120 121 187 46 126 127 128 129 130 131 132 56 137 138 139 140 141 142 1 147 148 149 150 151 2 156 157 158 159 4 164 165 166 7 171 172 11 177 16 22
39 48 49 58 59 60 68 69 70 71 78 79 80 81 82 6 89 90 91 92 93 9 10 100 101 102 103 104 13 14 15 111 112 113 114 115 18 19 20 21 122 123 124 125 126 24 25 26 27 28 133 134 135 136 137 31 32 33 34 35 36 143 144 145 146 147 40 41 42 43 44 45 152 153 154 155 156 50 51 52 53 54 55 160 161 162 163 164 61 62 63 64 65 66 167 168 169 170 171 72 73 74 75 76 77 173 174 175 176 177 83 84 85 86 87 88 178 179 180 181 22 94 95 96 97 98 99 182 183 184 29 30 105 106 107 108 109 110 185 186 37 38 116 117 118 119 120 121 187 46 47 127 128 129 130 131 132 56 57 138 139 140 141 142 1 67 148 149 150 151 2 3 157 158 159 4 5 165 166 7 8 172 11 12 16 17 23
40 49 50 59 60 61 69 70 71 72 79 80 81 82 83 89 90 91 92 93 94 10 100 101 102 103 104 105 14 15 111 112 113 114 115 116 19 20 21 122 123 124 125 126 127 25 26 27 28 133 134 135 136 137 138 32 33 34 35 36 143 144 145 146 147 148 41 42 43 44 45 152 153 154 155 156 157 51 52 53 54 55 160 161 162 163 164 165 62 63 64 65 66 167 168 169 170 171 172 73 74 75 76 77 173 174 175 176 177 16 84 85 86 87 88 178 179 180 181 22 23 95 96 97 98 99 182 183 184 29 30 31 106 107 108 109 110 185 186 37 38 39 117 118 119 120 121 187 46 47 48 128 129 130 131 132 56 57 58 139 140 141 142 1 67 68 149 150 151 2 3 78 158 159 4 5 6 166 7 8 9 11 12 13 17 18 24
41 50 51 60 61 62 70 71 72 73 80 81 82 83 84 90 91 92 93 94 95 100 101 102 103 104 105 106 15 111 112 113 114 115 116 117 20 21 122 123 124 125 126 127 128 26 27 28 133 134 135 136 137 138 139 33 34 35 36 143 144 145 146 147 148 149 42 43 44 45 152 153 154 155 156 157 158 52 53 54 55 160 161 162 163 164 165 166 63 64 65 66 167 168 169 170 171 172 11 74 75 76 77 173 174 175 176 177 16 17 85 86 87 88 178 179 180 181 22 23 24 96 97 98 99 182 183 184 29 30 31 32 107 108 109 110 185 186 37 38 39 40 118 119 120 121 187 46 47 48 49 129 130 131 132 56 57 58 59 140 141 142 1 67 68 69 150 151 2 3 78 79 159 4 5 6 89 7 8 9 10 12 13 14 18 19 25
42 51 52 61 62 63 71 72 73 74 81 82 83 84 85 91 92 93 94 95 96 101 102 103 104 105 106 107 111 112 113 114 115 116 117 118 21 122 123 124 125 126 127 128 129 27 28 133 134 135 136 137 138 139 140 34 35 36 143 144 145 146 147 148 149 150 43 44 45 152 153 154 155 156 157 158 159 53 54 55 160 161 162 163 164 165 166 7 64 65 66 167 168 169 170 171 172 11 12 75 76 77 173 174 175 176 177 16 17 18 86 87 88 178 179 180 181 22 23 24 25 97 98 99 182 183 184 29 30 31 32 33 108 109 110 185 186 37 38 39 40 41 119 120 121 187 46 47 48 49 50 130 131 132 56 57 58 59 60 141 142 1 67 68 69 70 151 2 3 78 79 80 4 5 6 89 90 8 9 10 100 13 14 15 19 20 26
43 52 53 62 63 64 72 73 74 75 82 83 84 85 86 92 93 94 95 96 97 102 103 104 105 106 107 108 112 113 114 115 116 117 118 119 122 123 124 125 126 127 128 129 130 28 133 134 135 136 137 138 139 140 141 35 36 143 144 145 146 147 148 149 150 151 44 45 152 153 154 155 156 157 158 159 4 54 55 160 161 162 163 164 165 166 7 8 65 66 167 168 169 170 171 172 11 12 13 76 77 173 174 175 176 177 16 17 18 19 87 88 178 179 180 181 22 23 24 25 26 98 99 182 183 184 29 30 31 32 33 34 109 110 185 186 37 38 39 40 41 42 120 121 187 46 47 48 49 50 51 131 132 56 57 58 59 60 61 142 1 67 68 69 70 71 2 3 78 79 80 81 5 6 89 90 91 9 10 100 101 14 15 111 20 21 27
44 53 54 63 64 65 73 74 75 76 83 84 85 86 87 93 94 95 96 97 98 103 104 105 106 107 108 109 113 114 115 116 117 118 119 120 123 124 125 126 127 128 129 130 131 133 134 135 136 137 138 139 140 141 142 36 143 144 145 146 147 148 149 150 151 2 45 152 153 154 155 156 157 158 159 4 5 55 160 161 162 163 164 165 166 7 8 9 66 167 168 169 170 171 172 11 12 13 14 77 173 174 175 176 177 16 17 18 19 20 88 178 179 180 181 22 23 24 25 26 27 99 182 183 184 29 30 31 32 33 34 35 110 185 186 37 38 39 40 41 42 43 121 187 46 47 48 49 50 51 52 132 56 57 58 59 60 61 62 1 67 68 69 70 71 72 3 78 79 80 81 82 6 89 90 91 92 10 100 101 102 15 111 112 21 122 28
45 54 55 64 65 66 74 75 76 77 84 85 86 87 88 94 95 96 97 98 99 104 105 106 107 108 109 110 114 115 116 117 118 119 120 121 124 125 126 127 128 129 130 131 132 134 135 136 137 138 139 140 141 142 1 143 144 145 146 147 148 149 150 151 2 3 152 153 154 155 156 157 158 159 4 5 6 160 161 162 163 164 165 166 7 8 9 10 167 168 169 170 171 172 11 12 13 14 15 173 174 175 176 177 16 17 18 19 20 21 178 179 180 181 22 23 24 25 26 27 28 182 183 184 29 30 31 32 33 34 35 36 185 186 37 38 39 40 41 42 43 44 187 46 47 48 49 50 51 52 53 56 57 58 59 60 61 62 63 67 68 69 70 71 72 73 78 79 80 81 82 83 89 90 91 92 93 100 101 102 103 111 112 113 122 123 133
46 56 57 1 67 68 2 3 78 79 4 5 6 89 90 7 8 9 10 100 101 11 12 13 14 15 111 112 16 17 18 19 20 21 122 123 22 23 24 25 26 27 28 133 134 29 30 31 32 33 34 35 36 143 144 37 38 39 40 41 42 43 44 45 152 153 47 48 49 50 51 52 53 54 55 160 161 58 59 60 61 62 63 64 65 66 167 168 69 70 71 72 73 74 75 76 77 173 174 80 81 82 83 84 85 86 87 88 178 179 91 92 93 94 95 96 97 98 99 182 183 102 103 104 105 106 107 108 109 110 185 186 113 114 115 116 117 118 119 120 121 187 124 125 126 127 128 129 130 131 132 135 136 137 138 139 140 141 142 145 146 147 148 149 150 151 154 155 156 157 158 159 162 163 164 165 166 169 170 171 172 175 176 177 180 181 184
47 57 58 67 68 69 3 78 79 80 5 6 89 90 91 8 9 10 100 101 102 12 13 14 15 111 112 113 17 18 19 20 21 122 123 124 23 24 25 26 27 28 133 134 135 30 31 32 33 34 35 36 143 144 145 38 39 40 41 42 43 44 45 152 153 154 48 49 50 51 52 53 54 55 160 161 162 59 60 61 62 63 64 65 66 167 168 169 70 71 72 73 74 75 76 77 173 174 175 81 82 83 84 85 86 87 88 178 179 180 92 93 94 95 96 97 98 99 182 183 184 103 104 105 106 107 108 109 110 185 186 37 114 115 116 117 118 119 120 121 187 46 125 126 127 128 129 130 131 132 56 136 137 138 139 140 141 142 1 146 147 148 149 150 151 2 155 156 157 158 159 4 163 164 165 166 7 170 171 172 11 176 177 16 181 22 29
48 58 59 68 69 70 78 79 80 81 6 89 90 91 92 9 10 100 101 102 103 13 14 15 111 112 113 114 18 19 20 21 122 123 124 125 24 25 26 27 28 133 134 135 136 31 32 33 34 35 36 143 144 145 146 39 40 41 42 43 44 45 152 153 154 155 49 50 51 52 53 54 55 160 161 162 163 60 61 62 63 64 65 66 167 168 169 170 71 72 73 74 75 76 77 173 174 175 176 82 83 84 85 86 87 88 178 179 180 181 93 94 95 96 97 98 99 182 183 184 29 104 105 106 107 108 109 110 185 186 37 38 115 116 117 118 119 120 121 187 46 47 126 127 128 129 130 131 132 56 57 137 138 139 140 141 142 1 67 147 148 149 150 151 2 3 156 157 158 159 4 5 164 165 166 7 8 171 172 11 12 177 16 17 22 23 30
49 59 60 69 70 71 79 80 81 82 89 90 91 92 93 10 100 101 102 103 104 14 15 111 112 113 114 115 19 20 21 122 123 124 125 126 25 26 27 28 133 134 135 136 137 32 33 34 35 36 143 144 145 146 147 40 41 42 43 44 45 152 153 154 155 156 50 51 52 53 54 55 160 161 162 163 164 61 62 63 64 65 66 167 168 169 170 171 72 73 74 75 76 77 173 174 175 176 177 83 84 85 86 87 88 178 179 180 181 22 94 95 96 97 98 99 182 183 184 29 30 105 106 107 108 109 110 185 186 37 38 39 116 117 118 119 120 121 187 46 47 48 127 128 129 130 131 132 56 57 58 138 139 140 141 142 1 67 68 148 149 150 151 2 3 78 157 158 159 4 5 6 165 166 7 8 9 172 11 12 13 16 17 18 23 24 31
50 60 61 70 71 72 80 81 82 83 90 91 92 93 94 100 101 102 103 104 105 15 111 112 113 114 115 116 20 21 122 123 124 125 126 127 26 27 28 133 134 135 136 137 138 33 34 35 36 143 144 145 146 147 148 41 42 43 44 45 152 153 154 155 156 157 51 52 53 54 55 160 161 162 163 164 165 62 63 64 65 66 167 168 169 170 171 172 73 74 75 76 77 173 174 175 176 177 16 84 85 86 87 88 178 179 180 181 22 23 95 96 97 98 99 182 183 184 29 30 31 106 107 108 109 110 185 186 37 38 39 40 117 118 119 120 121 187 46 47 48 49 128 129 130 131 132 56 57 58 59 139 140 141 142 1 67 68 69 149 150 151 2 3 78 79 158 159 4 5 6 89 166 7 8 9 10 11 12 13 14 17 18 19 24 25 32
51 61 62 71 72 73 81 82 83 84 91 92 93 94 95 101 102 103 104 105 106 111 112 113 114 115 116 117 21 122 123 124 125 126 127 128 27 28 133 134 135 136 137 138 139 34 35 36 143 144 145 146 147 148 149 42 43 44 45 152 153 154 155 156 157 158 52 53 54 55 160 161 162 163 164 165 166 63 64 65 66 167 168 169 170 171 172 11 74 75 76 77 173 174 175 176 177 16 17 85 86 87 88 178 179 180 181 22 23 24 96 97 98 99 182 183 184 29 30 31 32 107 108 109 110 185 186 37 38 39 40 41 118 119 120 121 187 46 47 48 49 50 129 130 131 132 56 57 58 59 60 140 141 142 1 67 68 69 70 150 151 2 3 78 79 80 159 4 5 6 89 90 7 8 9 10 100 12 13 14 15 18 19 20 25 26 33
52 62 63 72 73 74 82 83 84 85 92 93 94 95 96 102 103 104 105 106 107 112 113 114 115 116 117 118 122 123 124 125 126 127 128 129 28 133 134 135 136 137 138 139 140 35 36 143 144 145 146 147 148 149 150 43 44 45 152 153 154 155 156 157 158 159 53 54 55 160 161 162 163 164 165 166 7 64 65 66 167 168 169 170 171 172 11 12 75 76 77 173 174 175 176 177 16 17 18 86 87 88 178 179 180 181 22 23 24 25 97 98 99 182 183 184 29 30 31 32 33 108 109 110 185 186 37 38 39 40 41 42 119 120 121 187 46 47 48 49 50 51 130 131 132 56 57 58 59 60 61 141 142 1 67 68 69 70 71 151 2 3 78 79 80 81 4 5 6 89 90 91 8 9 10 100 101 13 14 15 111 19 20 21 26 27 34
53 63 64 73 74 75 83 84 85 86 93 94 95 96 97 103 104 105 106 107 108 113 114 115 116 117 118 119 123 124 125 126 127 128 129 130 133 134 135 136 137 138 139 140 141 36 143 144 145 146 147 148 149 150 151 44 45 152 153 154 155 156 157 158 159 4 54 55 160 161 162 163 164 165 166 7 8 65 66 167 168 169 170 171 172 11 12 13 76 77 173 174 175 176 177 16 17 18 19 87 88 178 179 180 181 22 23 24 25 26 98 99 182 183 184 29 30 31 32 33 34 109 110 185 186 37 38 39 40 41 42 43 120 121 187 46 47 48 49 50 51 52 131 132 56 57 58 59 60 61 62 142 1 67 68 69 70 71 72 2 3 78 79 80 81 82 5 6 89 90 91 92 9 10 100 101 102 14 15 111 112 20 21 122 27 28 35
54 64 65 74 75 76 84 85 86 87 94 95 96 97 98 104 105 106 107 108 109 114 115 116 117 118 119 120 124 125 126 127 128 129 130 131 134 135 136 137 138 139 140 141 142 143 144 145 146 147 148 149 150 151 2 45 152 153 154 155 156 157 158 159 4 5 55 160 161 162 163 164 165 166 7 8 9 66 167 168 169 170 171 172 11 12 13 14 77 173 174 175 176 177 16 17 18 19 20 88 178 179 180 181 22 23 24 25 26 27 99 182 183 184 29 30 31 32 33 34 35 110 185 186 37 38 39 40 41 42 43 44 121 187 46 47 48 49 50 51 52 53 132 56 57 58 59 60 61 62 63 1 67 68 69 70 71 72 73 3 78 79 80 81 82 83 6 89 90 91 92 93 10 100 101 102 103 15 111 112 113 21 122 123 28 133 36
55 65 66 75 76 77 85 86 87 88 95 96 97 98 99 105 106 107 108 109 110 115 116 117 118 119 120 121 125 126 127 128 129 130 131 132 135 136 137 138 139 140 141 142 1 144 145 146 147 148 149 150 151 2 3 152 153 154 155 156 157 158 159 4 5 6 160 161 162 163 164 165 166 7 8 9 10 167 168 169 170 171 172 11 12 13 14 15 173 174 175 176 177 16 17 18 19 20 21 178 179 180 181 22 23 24 25 26 27 28 182 183 184 29 30 31 32 33 34 35 36 185 186 37 38 39 40 41 42 43 44 45 187 46 47 48 49 50 51 52 53 54 56 57 58 59 60 61 62 63 64 67 68 69 70 71 72 73 74 78 79 80 81 82 83 84 89 90 91 92 93 94 100 101 102 103 104 111 112 113 114 122 123 124 133 134 143
56 1 67 2 3 78 4 5 6 89 7 8 9 10 100 11 12 13 14 15 111 16 17 18 19 20 21 122 22 23 24 25 26 27 28 133 29 30 31 32 33 34 35 36 143 37 38 39 40 41 42 43 44 45 152 46 47 48 49 50 51 52 53 54 55 160 57 58 59 60 61 62 63 64 65 66 167 68 69 70 71 72 73 74 75 76 77 173 79 80 81 82 83 84 85 86 87 88 178 90 91 92 93 94 95 96 97 98 99 182 101 102 103 104 105 106 107 108 109 110 185 112 113 114 115 116 117 118 119 120 121 187 123 124 125 126 127 128 129 130 131 132 134 135 136 137 138 139 140 141 142 144 145 146 147 148 149 150 151 153 154 155 156 157 158 159 161 162 163 164 165 166 168 169 170 171 172 174 175 176 177 179 180 181 183 184 186
57 67 68 3 78 79 5 6 89 90 8 9 10 100 101 12 13 14 15 111 112 17 18 19 20 21 122 123 23 24 25 26 27 28 133 134 30 31 32 33 34 35 36 143 144 38 39 40 41 42 43 44 45 152 153 47 48 49 50 51 52 53 54 55 160 161 58 59 60 61 62 63 64 65 66 167 168 69 70 71 72 73 74 75 76 77 173 174 80 81 82 83 84 85 86 87 88 178 179 91 92 93 94 95 96 97 98 99 182 183 102 103 104 105 106 107 108 109 110 185 186 113 114 115 116 117 118 119 120 121 187 46 124 125 126 127 128 129 130 131 132 56 135 136 137 138 139 140 141 142 1 145 146 147 148 149 150 151 2 154 155 156 157 158 159 4 162 163 164 165 166 7 169 170 171 172 11 175 176 177 16 180 181 22 184 29 37
58 68 69 78 79 80 6 89 90 91 9 10 100 101 102 13 14 15 111 112 113 18 19 20 21 122 123 124 24 25 26 27 28 133 134 135 31 32 33 34 35 36 143 144 145 39 40 41 42 43 44 45 152 153 154 48 49 50 51 52 53 54 55 160 161 162 59 60 61 62 63 64 65 66 167 168 169 70 71 72 73 74 75 76 77 173 174 175 81 82 83 84 85 86 87 88 178 179 180 92 93 94 95 96 97 98 99 182 183 184 103 104 105 106 107 108 109 110 185 186 37 114 115 116 117 118 119 120 121 187 46 47 125 126 127 128 129 130 131 132 56 57 136 137 138 139 140 141 142 1 67 146 147 148 149 150 151 2 3 155 156 157 158 159 4 5 163 164 165 166 7 8 170 171 172 11 12 176 177 16 17 181 22 23 29 30 38
59 69 70 79 80 81 89 90 91 92 10 100 101 102 103 14 15 111 112 113 114 19 20 21 122 123 124 125 25 26 27 28 133 134 135 136 32 33 34 35 36 143 144 145 146 40 41 42 43 44 45 152 153 154 155 49 50 51 52 53 54 55 160 161 162 163 60 61 62 63 64 65 66 167 168 169 170 71 72 73 74 75 76 77 173 174 175 176 82 83 84 85 86 87 88 178 179 180 181 93 94 95 96 97 98 99 182 183 184 29 104 105 106 107 108 109 110 185 186 37 38 115 116 117 118 119 120 121 187 46 47 48 126 127 128 129 130 131 132 56 57 58 137 138 139 140 141 142 1 67 68 147 148 149 150 151 2 3 78 156 157 158 159 4 5 6 164 165 166 7 8 9 171 172 11 12 13 177 16 17 18 22 23 24 30 31 39
60 70 71 80 81 82 90 91 92 93 100 101 102 103 104 15 111 112 113 114 115 20 21 122 123 124 125 126 26 27 28 133 134 135 136 137 33 34 35 36 143 144 145 146 147 41 42 43 44 45 152 153 154 155 156 50 51 52 53 54 55 160 161 162 163 164 61 62 63 64 65 66 167 168 169 170 171 72 73 74 75 76 77 173 174 175 176 177 83 84 85 86 87 88 178 179 180 181 22 94 95 96 97 98 99 182 183 184 29 30 105 106 107 108 109 110 185 186 37 38 39 116 117 118 119 120 121 187 46 47 48 49 127 128 129 130 131 132 56 57 58 59 138 139 140 141 142 1 67 68 69 148 149 150 151 2 3 78 79 157 158 159 4 5 6 89 165 166 7 8 9 10 172 11 12 13 14 16 17 18 19 23 24 25 31 32 40
61 71 72 81 82 83 91 92 93 94 101 102 103 104 105 111 112 113 114 115 116 21 122 123 124 125 126 127 27 28 133 134 135 136 137 138 34 35 36 143 144 145 146 147 148 42 43 44 45 152 153 154 155 156 157 51 52 53 54 55 160 161 162 163 164 165 62 63 64 65 66 167 168 169 170 171 172 73 74 75 76 77 173 174 175 176 177 16 84 85 86 87 88 178 179 180 181 22 23 95 96 97 98 99 182 183 184 29 30 31 106 107 108 109 110 185 186 37 38 39 40 117 118 119 120 121 187 46 47 48 49 50 128 129 130 131 132 56 57 58 59 60 139 140 141 142 1 67 68 69 70 149 150 151 2 3 78 79 80 158 159 4 5 6 89 90 166 7 8 9 10 100 11 12 13 14 15 17 18 19 20 24 25 26 32 33 41
62 72 73 82 83 84 92 93 94 95 102 103 104 105 106 112 113 114 115 116 117 122 123 124 125 126 127 128 28 133 134 135 136 137 138 139 35 36 143 144 145 146 147 148 149 43 44 45 152 153 154 155 156 157 158 52 53 54 55 160 161 162 163 164 165 166 63 64 65 66 167 168 169 170 171 172 11 74 75 76 77 173 174 175 176 177 16 17 85 86 87 88 178 179 180 181 22 23 24 96 97 98 99 182 183 184 29 30 31 32 107 108 109 110 185 186 37 38 39 40 41 118 119 120 121 187 46 47 48 49 50 51 129 130 131 132 56 57 58 59 60 61 140 141 142 1 67 68 69 70 71 150 151 2 3 78 79 80 81 159 4 5 6 89 90 91 7 8 9 10 100 101 12 13 14 15 111 18 19 20 21 25 26 27 33 34 42
63 73 74 83 84 85 93 94 95 96 103 104 105 106 107 113 114 115 116 117 118 123 124 125 126 127 128 129 133 134 135 136 137 138 139 140 36 143 144 145 146 147 148 149 150 44 45 152 153 154 155 156 157 158 159 53 54 55 160 161 162 163 164 165 166 7 64 65 66 167 168 169 170 171 172 11 12 75 76 77 173 174 175 176 177 16 17 18 86 87 88 178 179 180 181 22 23 24 25 97 98 99 182 183 184 29 30 31 32 33 108 109 110 185 186 37 38 39 40 41 42 119 120 121 187 46 47 48 49 50 51 52 130 131 132 56 57 58 59 60 61 62 141 142 1 67 68 69 70 71 72 151 2 3 78 79 80 81 82 4 5 6 89 90 91 92 8 9 10 100 101 102 13 14 15 111 112 19 20 21 122 26 27 28 34 35 43
64 74 75 84 85 86 94 95 96 97 104 105 106 107 108 114 115 116 117 118 119 124 125 126 127 128 129 130 134 135 136 137 138 139 140 141 143 144 145 146 147 148 149 150 151 45 152 153 154 155 156 157 158 159 4 54 55 160 161 162 163 164 165 166 7 8 65 66 167 168 169 170 171 172 11 12 13 76 77 173 174 175 176 177 16 17 18 19 87 88 178 179 180 181 22 23 24 25 26 98 99 182 183 184 29 30 31 32 33 34 109 110 185 186 37 38 39 40 41 42 43 120 121 187 46 47 48 49 50 51 52 53 131 132 56 57 58 59 60 61 62 63 142 1 67 68 69 70 71 72 73 2 3 78 79 80 81 82 83 5 6 89 90 91 92 93 9 10 100 101 102 103 14 15 111 112 113 20 21 122 123 27 28 133 35 36 44
65 75 76 85 86 87 95 96 97 98 105 106 107 108 109 115 116 117 118 119 120 125 126 127 128 129 130 131 135 136 137 138 139 140 141 142 144 145 146 147 148 149 150 151 2 152 153 154 155 156 157 158 159 4 5 55 160 161 162 163 164 165 166 7 8 9 66 167 168 169 170 171 172 11 12 13 14 77 173 174 175 176 177 16 17 18 19 20 88 178 179 180 181 22 23 24 25 26 27 99 182 183 184 29 30 31 32 33 34 35 110 185 186 37 38 39 40 41 42 43 44 121 187 46 47 48 49 50 51 52 53 54 132 56 57 58 59 60 61 62 63 64 1 67 68 69 70 71 72 73 74 3 78 79 80 81 82 83 84 6 89 90 91 92 93 94 10 100 101 102 103 104 15 111 112 113 114 21 122 123 124 28 133 134 36 143 45
66 76 77 86 87 88 96 97 98 99 106 107 108 109 110 116 117 118 119 120 121 126 127 128 129 130 131 132 136 137 138 139 140 141 142 1 145 146 147 148 149 150 151 2 3 153 154 155 156 157 158 159 4 5 6 160 161 162 163 164 165 166 7 8 9 10 167 168 169 170 171 172 11 12 13 14 15 173 174 175 176 177 16 17 18 19 20 21 178 179 180 181 22 23 24 25 26 27 28 182 183 184 29 30 31 32 33 34 35 36 185 186 37 38 39 40 41 42 43 44 45 187 46 47 48 49 50 51 52 53 54 55 56 57 58 59 60 61 62 63 64 65 67 68 69 70 71 72 73 74 75 78 79 80 81 82 83 84 85 89 90 91 92 93 94 95 100 101 102 103 104 105 111 112 113 114 115 122 123 124 125 133 134 135 143 144 152
67 3 78 5 6 89 8 9 10 100 12 13 14 15 111 17 18 19 20 21 122 23 24 25 26 27 28 133 30 31 32 33 34 35 36 143 38 39 40 41 42 43 44 45 152 47 48 49 50 51 52 53 54 55 160 57 58 59 60 61 62 63 64 65 66 167 68 69 70 71 72 73 74 75 76 77 173 79 80 81 82 83 84 85 86 87 88 178 90 91 92 93 94 95 96 97 98 99 182 101 102 103 104 105 106 107 108 109 110 185 112 113 114 115 116 117 118 119 120 121 187 123 124 125 126 127 128 129 130 131 132 56 134 135 136 137 138 139 140 141 142 1 144 145 146 147 148 149 150 151 2 153 154 155 156 157 158 159 4 161 162 163 164 165 166 7 168 169 170 171 172 11 174 175 176 177 16 179 180 181 22 183 184 29 186 37 46
68 78 79 6 89 90 9 10 100 101 13 14 15 111 112 18 19 20 21 122 123 24 25 26 27 28 133 134 31 32 33 34 35 36 143 144 39 40 41 42 43 44 45 152 153 48 49 50 51 52 53 54 55 160 161 58 59 60 61 62 63 64 65 66 167 168 69 70 71 72 73 74 75 76 77 173 174 80 81 82 83 84 85 86 87 88 178 179 91 92 93 94 95 96 97 98 99 182 183 102 103 104 105 106 107 108 109 110 185 186 113 114 115 116 117 118 119 120 121 187 46 124 125 126 127 128 129 130 131 132 56 57 135 136 137 138 139 140 141 142 1 67 145 146 147 148 149 150 151 2 3 154 155 156 157 158 159 4 5 162 163 164 165 166 7 8 169 170 171 172 11 12 175 176 177 16 17 180 181 22 23 184 29 30 37 38 47
69 79 80 89 90 91 10 100 101 102 14 15 111 112 113 19 20 21 122 123 124 25 26 27 28 133 134 135 32 33 34 35 36 143 144 145 40 41 42 43 44 45 152 153 154 49 50 51 52 53 54 55 160 161 162 59 60 61 62 63 64 65 66 167 168 169 70 71 72 73 74 75 76 77 173 174 175 81 82 83 84 85 86 87 88 178 179 180 92 93 94 95 96 97 98 99 182 183 184 103 104 105 106 107 108 109 110 185 186 37 114 115 116 117 118 119 120 121 187 46 47 125 126 127 128 129 130 131 132 56 57 58 136 137 138 139 140 141 142 1 67 68 146 147 148 149 150 151 2 3 78 155 156 157 158 159 4 5 6 163 164 165 166 7 8 9 170 171 172 11 12 13 176 177 16 17 18 181 22 23 24 29 30 31 38 39 48
70 80 81 90 91 92 100 101 102 103 15 111 112 113 114 20 21 122 123 124 125 26 27 28 133 134 135 136 33 34 35 36 143 144 145 146 41 42 43 44 45 152 153 154 155 50 51 52 53 54 55 160 161 162 163 60 61 62 63 64 65 66 167 168 169 170 71 72 73 74 75 76 77 173 174 175 176 82 83 84 85 86 87 88 178 179 180 181 93 94 95 96 97 98 99 182 183 184 29 104 105 106 107 108 109 110 185 186 37 38 115 116 117 118 119 120 121 187 46 47 48 126 127 128 129 130 131 132 56 57 58 59 137 138 139 140 141 142 1 67 68 69 147 148 149 150 151 2 3 78 79 156 157 158 159 4 5 6 89 164 165 166 7 8 9 10 171 172 11 12 13 14 177 16 17 18 19 22 23 24 25 30 31 32 39 40 49
71 81 82 91 92 93 101 102 103 104 111 112 113 114 115 21 122 123 124 125 126 27 28 133 134 135 136 137 34 35 36 143 144 145 146 147 42 43 44 45 152 153 154 155 156 51 52 53 54 55 160 161 162 163 164 61 62 63 64 65 66 167 168 169 170 171 72 73 74 75 76 77 173 174 175 176 177 83 84 85 86 87 88 178 179 180 181 22 94 95 96 97 98 99 182 183 184 29 30 105 106 107 108 109 110 185 186 37 38 39 116 117 118 119 120 121 187 46 47 48 49 127 128 129 130 131 132 56 57 58 59 60 138 139 140 141 142 1 67 68 69 70 148 149 150 151 2 3 78 79 80 157 158 159 4 5 6 89 90 165 166 7 8 9 10 100 172 11 12 13 14 15 16 17 18 19 20 23 24 25 26 31 32 33 40 41 50
72 82 83 92 93 94 102 103 104 105 112 113 114 115 116 122 123 124 125 126 127 28 133 134 135 136 137 138 35 36 143 144 145 146 147 148 43 44 45 152 153 154 155 156 157 52 53 54 55 160 161 162 163 164 165 62 63 64 65 66 167 168 169 170 171 172 73 74 75 76 77 173 174 175 176 177 16 84 85 86 87 88 178 179 180 181 22 23 95 96 97 98 99 182 183 184 29 30 31 106 107 108 109 110 185 186 37 38 39 40 117 118 119 120 121 187 46 47 48 49 50 128 129 130 131 132 56 57 58 59 60 61 139 140 141 142 1 67 68 69 70 71 149 150 151 2 3 78 79 80 81 158 159 4 5 6 89 90 91 166 7 8 9 10 100 101 11 12 13 14 15 111 17 18 19 20 21 24 25 26 27 32 33 34 41 42 51
73 83 84 93 94 95 103 104 105 106 113 114 115 116 117 123 124 125 126 127 128 133 134 135 136 137 138 139 36 143 144 145 146 147 148 149 44 45 152 153 154 155 156 157 158 53 54 55 160 161 162 163 164 165 166 63 64 65 66 167 168 169 170 171 172 11 74 75 76 77 173 174 175 176 177 16 17 85 86 87 88 178 179 180 181 22 23 24 96 97 98 99 182 183 184 29 30 31 32 107 108 109 110 185 186 37 38 39 40 41 118 119 120 121 187 46 47 48 49 50 51 129 130 131 132 56 57 58 59 60 61 62 140 141 142 1 67 68 69 70 71 72 150 151 2 3 78 79 80 81 82 159 4 5 6 89 90 91 92 7 8 9 10 100 101 102 12 13 14 15 111 112 18 19 20 21 122 25 26 27 28 33 34 35 42 43 52
74 84 85 94 95 96 104 105 106 107 114 115 116 117 118 124 125 126 127 128 129 134 135 136 137 138 139 140 143 144 145 146 147 148 149 150 45 152 153 154 155 156 157 158 159 54 55 160 161 162 163 164 165 166 7 64 65 66 167 168 169 170 171 172 11 12 75 76 77 173 174 175 176 177 16 17 18 86 87 88 178 179 180 181 22 23 24 25 97 98 99 182 183 184 29 30 31 32 33 108 109 110 185 186 37 38 39 40 41 42 119 120 121 187 46 47 48 49 50 51 52 130 131 132 56 57 58 59 60 61 62 63 141 142 1 67 68 69 70 71 72 73 151 2 3 78 79 80 81 82 83 4 5 6 89 90 91 92 93 8 9 10 100 101 102 103 13 14 15 111 112 113 19 20 21 122 123 26 27 28 133 34 35 36 43 44 53
75 85 86 95 96 97 105 106 107 108 115 116 117 118 119 125 126 127 128 129 130 135 136 137 138 139 140 141 144 145 146 147 148 149 150 151 152 153 154 155 156 157 158 159 4 55 160 161 162 163 164 165 166 7 8 65 66 167 168 169 170 171 172 11 12 13 76 77 173 174 175 176 177 16 17 18 19 87 88 178 179 180 181 22 23 24 25 26 98 99 182 183 184 29 30 31 32 33 34 109 110 185 186 37 38 39 40 41 42 43 120 121 187 46 47 48 49 50 51 52 53 131 132 56 57 58 59 60 61 62 63 64 142 1 67 68 69 70 71 72 73 74 2 3 78 79 80 81 82 83 84 5 6 89 90 91 92 93 94 9 10 100 101 102 103 104 14 15 111 112 113 114 20 21 122 123 124 27 28 133 134 35 36 143 44 45 54
76 86 87 96 97 98 106 107 108 109 116 117 118 119 120 126 127 128 129 130 131 136 137 138 139 140 141 142 145 146 147 148 149 150 151 2 153 154 155 156 157 158 159 4 5 160 161 162 163 164 165 166 7 8 9 66 167 168 169 170 171 172 11 12 13 14 77 173 174 175 176 177 16 17 18 19 20 88 178 179 180 181 22 23 24 25 26 27 99 182 183 184 29 30 31 32 33 34 35 110 185 186 37 38 39 40 41 42 43 44 121 187 46 47 48 49 50 51 52 53 54 132 56 57 58 59 60 61 62 63 64 65 1 67 68 69 70 71 72 73 74 75 3 78 79 80 81 82 83 84 85 6 89 90 91 92 93 94 95 10 100 101 102 103 104 105 15 111 112 113 114 115 21 122 123 124 125 28 133 134 135 36 143 144 45 152 55
77 87 88 97 98 99 107 108 109 110 117 118 119 120 121 127 128 129 130 131 132 137 138 139 140 141 142 1 146 147 148 149 150 151 2 3 154 155 156 157 158 159 4 5 6 161 162 163 164 165 166 7 8 9 10 167 168 169 170 171 172 11 12 13 14 15 173 174 175 176 177 16 17 18 19 20 21 178 179 180 181 22 23 24 25 26 27 28 182 183 184 29 30 31 32 33 34 35 36 185 186 37 38 39 40 41 42 43 44 45 187 46 47 48 49 50 51 52 53 54 55 56 57 58 59 60 61 62 63 64 65 66 67 68 69 70 71 72 73 74 75 76 78 79 80 81 82 83 84 85 86 89 90 91 92 93 94 95 96 100 101 102 103 104 105 106 111 112 113 114 115 116 122 123 124 125 126 133 134 135 136 143 144 145 152 153 160
78 6 89 9 10 100 13 14 15 111 18 19 20 21 122 24 25 26 27 28 133 31 32 33 34 35 36 143 39 40 41 42 43 44 45 152 48 49 50 51 52 53 54 55 160 58 59 60 61 62 63 64 65 66 167 68 69 70 71 72 73 74 75 76 77 173 79 80 81 82 83 84 85 86 87 88 178 90 91 92 93 94 95 96 97 98 99 182 101 102 103 104 105 106 107 108 109 110 185 112 113 114 115 116 117 118 119 120 121 187 123 124 125 126 127 128 129 130 131 132 56 134 135 136 137 138 139 140 141 142 1 67 144 145 146 147 148 149 150 151 2 3 153 154 155 156 157 158 159 4 5 161 162 163 164 165 166 7 8 168 169 170 171 172 11 12 174 175 176 177 16 17 179 180 181 22 23 183 184 29 30 186 37 38 46 47 57
79 89 90 10 100 101 14 15 111 112 19 20 21 122 123 25 26 27 28 133 134 32 33 34 35 36 143 144 40 41 42 43 44 45 152 153 49 50 51 52 53 54 55 160 161 59 60 61 62 63 64 65 66 167 168 69 70 71 72 73 74 75 76 77 173 174 80 81 82 83 84 85 86 87 88 178 179 91 92 93 94 95 96 97 98 99 182 183 102 103 104 105 106 107 108 109 110 185 186 113 114 115 116 117 118 119 120 121 187 46 124 125 126 127 128 129 130 131 132 56 57 135 136 137 138 139 140 141 142 1 67 68 145 146 147 148 149 150 151 2 3 78 154 155 156 157 158 159 4 5 6 162 163 164 165 166 7 8 9 169 170 171 172 11 12 13 175 176 177 16 17 18 180 181 22 23 24 184 29 30 31 37 38 39 47 48 58
80 90 91 100 101 102 15 111 112 113 20 21 122 123 124 26 27 28 133 134 135 33 34 35 36 143 144 145 41 42 43 44 45 152 153 154 50 51 52 53 54 55 160 161 162 60 61 62 63 64 65 66 167 168 169 70 71 72 73 74 75 76 77 173 174 175 81 82 83 84 85 86 87 88 178 179 180 92 93 94 95 96 97 98 99 182 183 184 103 104 105 106 107 108 109 110 185 186 37 114 115 116 117 118 119 120 121 187 46 47 125 126 127 128 129 130 131 132 56 57 58 136 137 138 139 140 141 142 1 67 68 69 146 147 148 149 150 151 2 3 78 79 155 156 157 158 159 4 5 6 89 163 164 165 166 7 8 9 10 170 171 172 11 12 13 14 176 177 16 17 18 19 181 22 23 24 25 29 30 31 32 38 39 40 48 49 59
81 91 92 101 102 103 111 112 113 114 21 122 123 124 125 27 28 133 134 135 136 34 35 36 143 144 145 146 42 43 44 45 152 153 154 155 51 52 53 54 55 160 161 162 163 61 62 63 64 65 66 167 168 169 170 71 72 73 74 75 76 77 173 174 175 176 82 83 84 85 86 87 88 178 179 180 181 93 94 95 96 97 98 99 182 183 184 29 104 105 106 107 108 109 110 185 186 37 38 115 116 117 118 119 120 121 187 46 47 48 126 127 128 129 130 131 132 56 57 58 59 137 138 139 140 141 142 1 67 68 69 70 147 148 149 150 151 2 3 78 79 80 156 157 158 159 4 5 6 89 90 164 165 166 7 8 9 10 100 171 172 11 12 13 14 15 177 16 17 18 19 20 22 23 24 25 26 30 31 32 33 39 40 41 49 50 60
82 92 93 102 103 104 112 113 114 115 122 123 124 125 126 28 133 134 135 136 137 35 36 143 144 145 146 147 43 44 45 152 153 154 155 156 52 53 54 55 160 161 162 163 164 62 63 64 65 66 167 168 169 170 171 72 73 74 75 76 77 173 174 175 176 177 83 84 85 86 87 88 178 179 180 181 22 94 95 96 97 98 99 182 183 184 29 30 105 106 107 108 109 110 185 186 37 38 39 116 117 118 119 120 121 187 46 47 48 49 127 128 129 130 131 132 56 57 58 59 60 138 139 140 141 142 1 67 68 69 70 71 148 149 150 151 2 3 78 79 80 81 157 158 159 4 5 6 89 90 91 165 166 7 8 9 10 100 101 172 11 12 13 14 15 111 16 17 18 19 20 21 23 24 25 26 27 31 32 33 34 40 41 42 50 51 61
83 93 94 103 104 105 113 114 115 116 123 124 125 126 127 133 134 135 136 137 138 36 143 144 145 146 147 148 44 45 152 153 154 155 156 157 53 54 55 160 161 162 163 164 165 63 64 65 66 167 168 169 170 171 172 73 74 75 76 77 173 174 175 176 177 16 84 85 86 87 88 178 179 180 181 22 23 95 96 97 98 99 182 183 184 29 30 31 106 107 108 109 110 185 186 37 38 39 40 117 118 119 120 121 187 46 47 48 49 50 128 129 130 131 132 56 57 58 59 60 61 139 140 141 142 1 67 68 69 70 71 72 149 150 151 2 3 78 79 80 81 82 158 159 4 5 6 89 90 91 92 166 7 8 9 10 100 101 102 11 12 13 14 15 111 112 17 18 19 20 21 122 24 25 26 27 28 32 33 34 35 41 42 43 51 52 62
84 94 95 104 105 106 114 115 116 117 124 125 126 127 128 134 135 136 137 138 139 143 144 145 146 147 148 149 45 152 153 154 155 156 157 158 54 55 160 161 162 163 164 165 166 64 65 66 167 168 169 170 171 172 11 74 75 76 77 173 174 175 176 177 16 17 85 86 87 88 178 179 180 181 22 23 24 96 97 98 99 182 183 184 29 30 31 32 107 108 109 110 185 186 37 38 39 40 41 118 119 120 121 187 46 47 48 49 50 51 129 130 131 132 56 57 58 59 60 61 62 140 141 142 1 67 68 69 70 71 72 73 150 151 2 3 78 79 80 81 82 83 159 4 5 6 89 90 91 92 93 7 8 9 10 100 101 102 103 12 13 14 15 111 112 113 18 19 20 21 122 123 25 26 27 28 133 33 34 35 36 42 43 44 52 53 63
85 95 96 105 106 107 115 116 117 118 125 126 127 128 129 135 136 137 138 139 140 144 145 146 147 148 149 150 152 153 154 155 156 157 158 159 55 160 161 162 163 164 165 166 7 65 66 167 168 169 170 171 172 11 12 75 76 77 173 174 175 176 177 16 17 18 86 87 88 178 179 180 181 22 23 24 25 97 98 99 182 183 184 29 30 31 32 33 108 109 110 185 186 37 38 39 40 41 42 119 120 121 187 46 47 48 49 50 51 52 130 131 132 56 57 58 59 60 61 62 63 141 142 1 67 68 69 70 71 72 73 74 151 2 3 78 79 80 81 82 83 84 4 5 6 89 90 91 92 93 94 8 9 10 100 101 102 103 104 13 14 15 111 112 113 114 19 20 21 122 123 124 26 27 28 133 134 34 35 36 143 43 44 45 53 54 64
86 96 97 106 107 108 116 117 118 119 126 127 128 129 130 136 137 138 139 140 141 145 146 147 148 149 150 151 153 154 155 156 157 158 159 4 160 161 162 163 164 165 166 7 8 66 167 168 169 170 171 172 11 12 13 76 77 173 174 175 176 177 16 17 18 19 87 88 178 179 180 181 22 23 24 25 26 98 99 182 183 184 29 30 31 32 33 34 109 110 185 186 37 38 39 40 41 42 43 120 121 187 46 47 48 49 50 51 52 53 131 132 56 57 58 59 60 61 62 63 64 142 1 67 68 69 70 71 72 73 74 75 2 3 78 79 80 81 82 83 84 85 5 6 89 90 91 92 93 94 95 9 10 100 101 102 103 104 105 14 15 111 112 113 114 115 20 21 122 123 124 125 27 28 133 134 135 35 36 143 144 44 45 152 54 55 65
87 97 98 107 108 109 117 118 119 120 127 128 129 130 131 137 138 139 140 141 142 146 147 148 149 150 151 2 154 155 156 157 158 159 4 5 161 162 163 164 165 166 7 8 9 167 168 169 170 171 172 11 12 13 14 77 173 174 175 176 177 16 17 18 19 20 88 178 179 180 181 22 23 24 25 26 27 99 182 183 184 29 30 31 32 33 34 35 110 185 186 37 38 39 40 41 42 43 44 121 187 46 47 48 49 50 51 52 53 54 132 56 57 58 59 60 61 62 63 64 65 1 67 68 69 70 71 72 73 74 75 76 3 78 79 80 81 82 83 84 85 86 6 89 90 91 92 93 94 95 96 10 100 101 102 103 104 105 106 15 111 112 113 114 115 116 21 122 123 124 125 126 28 133 134 135 136 36 143 144 145 45 152 153 55 160 66
88 98 99 108 109 110 118 119 120 121 128 129 130 131 132 138 139 140 141 142 1 147 148 149 150 151 2 3 155 156 157 158 159 4 5 6 162 163 164 165 166 7 8 9 10 168 169 170 171 172 11 12 13 14 15 173 174 175 176 177 16 17 18 19 20 21 178 179 180 181 22 23 24 25 26 27 28 182 183 184 29 30 31 32 33 34 35 36 185 186 37 38 39 40 41 42 43 44 45 187 46 47 48 49 50 51 52 53 54 55 56 57 58 59 60 61 62 63 64 65 66 67 68 69 70 71 72 73 74 75 76 77 78 79 80 81 82 83 84 85 86 87 89 90 91 92 93 94 95 96 97 100 101 102 103 104 105 106 107 111 112 113 114 115 116 117 122 123 124 125 126 127 133 134 135 136 137 143 144 145 146 152 153 154 160 161 167
89 10 100 14 15 111 19 20 21 122 25 26 27 28 133 32 33 34 35 36 143 40 41 42 43 44 45 152 49 50 51 52 53 54 55 160 59 60 61 62 63 64 65 66 167 69 70 71 72 73 74 75 76 77 173 79 80 81 82 83 84 85 86 87 88 178 90 91 92 93 94 95 96 97 98 99 182 101 102 103 104 105 106 107 108 109 110 185 112 113 114 115 116 117 118 119 120 121 187 123 124 125 126 127 128 129 130 131 132 56 134 135 136 137 138 139 140 141 142 1 67 144 145 146 147 148 149 150 151 2 3 78 153 154 155 156 157 158 159 4 5 6 161 162 163 164 165 166 7 8 9 168 169 170 171 172 11 12 13 174 175 176 177 16 17 18 179 180 181 22 23 24 183 184 29 30 31 186 37 38 39 46 47 48 57 58 68
90 100 101 15 111 112 20 21 122 123 26 27 28 133 134 33 34 35 36 143 144 41 42 43 44 45 152 153 50 51 52 53 54 55 160 161 60 61 62 63 64 65 66 167 168 70 71 72 73 74 75 76 77 173 174 80 81 82 83 84 85 86 87 88 178 179 91 92 93 94 95 96 97 98 99 182 183 102 103 104 105 106 107 108 109 110 185 186 113 114 115 116 117 118 119 120 121 187 46 124 125 126 127 128 129 130 131 132 56 57 135 136 137 138 139 140 141 142 1 67 68 145 146 147 148 149 150 151 2 3 78 79 154 155 156 157 158 159 4 5 6 89 162 163 164 165 166 7 8 9 10 169 170 171 172 11 12 13 14 175 176 177 16 17 18 19 180 181 22 23 24 25 184 29 30 31 32 37 38 39 40 47 48 49 58 59 69
91 101 102 111 112 113 21 122 123 124 27 28 133 134 135 34 35 36 143 144 145 42 43 44 45 152 153 154 51 52 53 54 55 160 161 162 61 62 63 64 65 66 167 168 169 71 72 73 74 75 76 77 173 174 175 81 82 83 84 85 86 87 88 178 179 180 92 93 94 95 96 97 98 99 182 183 184 103 104 105 106 107 108 109 110 185 186 37 114 115 116 117 118 119 120 121 187 46 47 125 126 127 128 129 130 131 132 56 57 58 136 137 138 139 140 141 142 1 67 68 69 146 147 148 149 150 151 2 3 78 79 80 155 156 157 158 159 4 5 6 89 90 163 164 165 166 7 8 9 10 100 170 171 172 11 12 13 14 15 176 177 16 17 18 19 20 181 22 23 24 25 26 29 30 31 32 33 38 39 40 41 48 49 50 59 60 70
92 102 103 112 113 114 122 123 124 125 28 133 134 135 136 35 36 143 144 145 146 43 44 45 152 153 154 155 52 53 54 55 160 161 162 163 62 63 64 65 66 167 168 169 170 72 73 74 75 76 77 173 174 175 176 82 83 84 85 86 87 88 178 179 180 181 93 94 95 96 97 98 99 182 183 184 29 104 105 106 107 108 109 110 185 186 37 38 115 116 117 118 119 120 121 187 46 47 48 126 127 128 129 130 131 132 56 57 58 59 137 138 139 140 141 142 1 67 68 69 70 147 148 149 150 151 2 3 78 79 80 81 156 157 158 159 4 5 6 89 90 91 164 165 166 7 8 9 10 100 101 171 172 11 12 13 14 15 111 177 16 17 18 19 20 21 22 23 24 25 26 27 30 31 32 33 34 39 40 41 42 49 50 51 60 61 71
93 103 104 113 114 115 123 124 125 126 133 134 135 136 137 36 143 144 145 146 147 44 45 152 153 154 155 156 53 54 55 160 161 162 163 164 63 64 65 66 167 168 169 170 171 73 74 75 76 77 173 174 175 176 177 83 84 85 86 87 88 178 179 180 181 22 94 95 96 97 98 99 182 183 184 29 30 105 106 107 108 109 110 185 186 37 38 39 116 117 118 119 120 121 187 46 47 48 49 127 128 129 130 131 132 56 57 58 59 60 138 139 140 141 142 1 67 68 69 70 71 148 149 150 151 2 3 78 79 80 81 82 157 158 159 4 5 6 89 90 91 92 165 166 7 8 9 10 100 101 102 172 11 12 13 14 15 111 112 16 17 18 19 20 21 122 23 24 25 26 27 28 31 32 33 34 35 40 41 42 43 50 51 52 61 62 72
94 104 105 114 115 116 124 125 126 127 134 135 136 137 138 143 144 145 146 147 148 45 152 153 154 155 156 157 54 55 160 161 162 163 164 165 64 65 66 167 168 169 170 171 172 74 75 76 77 173 174 175 176 177 16 84 85 86 87 88 178 179 180 181 22 23 95 96 97 98 99 182 183 184 29 30 31 106 107 108 109 110 185 186 37 38 39 40 117 118 119 120 121 187 46 47 48 49 50 128 129 130 131 132 56 57 58 59 60 61 139 140 141 142 1 67 68 69 70 71 72 149 150 151 2 3 78 79 80 81 82 83 158 159 4 5 6 89 90 91 92 93 166 7 8 9 10 100 101 102 103 11 12 13 14 15 111 112 113 17 18 19 20 21 122 123 24 25 26 27 28 133 32 33 34 35 36 41 42 43 44 51 52 53 62 63 73
95 105 106 115 116 117 125 126 127 128 135 136 137 138 139 144 145 146 147 148 149 152 153 154 155 156 157 158 55 160 161 162 163 164 165 166 65 66 167 168 169 170 171 172 11 75 76 77 173 174 175 176 177 16 17 85 86 87 88 178 179 180 181 22 23 24 96 97 98 99 182 183 184 29 30 31 32 107 108 109 110 185 186 37 38 39 40 41 118 119 120 121 187 46 47 48 49 50 51 129 130 131 132 56 57 58 59 60 61 62 140 141 142 1 67 68 69 70 71 72 73 150 151 2 3 78 79 80 81 82 83 84 159 4 5 6 89 90 91 92 93 94 7 8 9 10 100 101 102 103 104 12 13 14 15 111 112 113 114 18 19 20 21 122 123 124 25 26 27 28 133 134 33 34 35 36 143 42 43 44 45 52 53 54 63 64 74
96 106 107 116 117 118 126 127 128 129 136 137 138 139 140 145 146 147 148 149 150 153 154 155 156 157 158 159 160 161 162 163 164 165 166 7 66 167 168 169 170 171 172 11 12 76 77 173 174 175 176 177 16 17 18 86 87 88 178 179 180 181 22 23 24 25 97 98 99 182 183 184 29 30 31 32 33 108 109 110 185 186 37 38 39 40 41 42 119 120 121 187 46 47 48 49 50 51 52 130 131 132 56 57 58 59 60 61 62 63 141 142 1 67 68 69 70 71 72 73 74 151 2 3 78 79 80 81 82 83 84 85 4 5 6 89 90 91 92 93 94 95 8 9 10 100 101 102 103 104 105 13 14 15 111 112 113 114 115 19 20 21 122 123 124 125 26 27 28 133 134 135 34 35 36 143 144 43 44 45 152 53 54 55 64 65 75
97 107 108 117 118 119 127 128 129 130 137 138 139 140 141 146 147 148 149 150 151 154 155 156 157 158 159 4 161 162 163 164 165 166 7 8 167 168 169 170 171 172 11 12 13 77 173 174 175 176 177 16 17 18 19 87 88 178 179 180 181 22 23 24 25 26 98 99 182 183 184 29 30 31 32 33 34 109 110 185 186 37 38 39 40 41 42 43 120 121 187 46 47 48 49 50 51 52 53 131 132 56 57 58 59 60 61 62 63 64 142 1 67 68 69 70 71 72 73 74 75 2 3 78 79 80 81 82 83 84 85 86 5 6 89 90 91 92 93 94 95 96 9 10 100 101 102 103 104 105 106 14 15 111 112 113 114 115 116 20 21 122 123 124 125 126 27 28 133 134 135 136 35 36 143 144 145 44 45 152 153 54 55 160 65 66 76
98 108 109 118 119 120 128 129 130 131 138 139 140 141 142 147 148 149 150 151 2 155 156 157 158 159 4 5 162 163 164 165 166 7 8 9 168 169 170 171 172 11 12 13 14 173 174 175 176 177 16 17 18 19 20 88 178 179 180 181 22 23 24 25 26 27 99 182 183 184 29 30 31 32 33 34 35 110 185 186 37 38 39 40 41 42 43 44 121 187 46 47 48 49 50 51 52 53 54 132 56 57 58 59 60 61 62 63 64 65 1 67 68 69 70 71 72 73 74 75 76 3 78 79 80 81 82 83 84 85 86 87 6 89 90 91 92 93 94 95 96 97 10 100 101 102 103 104 105 106 107 15 111 112 113 114 115 116 117 21 122 123 124 125 126 127 28 133 134 135 136 137 36 143 144 145 146 45 152 153 154 55 160 161 66 167 77
99 109 110 119 120 121 129 130 131 132 139 140 141 142 1 148 149 150 151 2 3 156 157 158 159 4 5 6 163 164 165 166 7 8 9 10 169 170 171 172 11 12 13 14 15 174 175 176 177 16 17 18 19 20 21 178 179 180 181 22 23 24 25 26 27 28 182 183 184 29 30 31 32 33 34 35 36 185 186 37 38 39 40 41 42 43 44 45 187 46 47 48 49 50 51 52 53 54 55 56 57 58 59 60 61 62 63 64 65 66 67 68 69 70 71 72 73 74 75 76 77 78 79 80 81 82 83 84 85 86 87 88 89 90 91 92 93 94 95 96 97 98 100 101 102 103 104 105 106 107 108 111 112 113 114 115 116 117 118 122 123 124 125 126 127 128 133 134 135 136 137 138 143 144 145 146 147 152 153 154 155 160 161 162 167 168 173
100 15 111 20 21 122 26 27 28 133 33 34 35 36 143 41 42 43 44 45 152 50 51 52 53 54 55 160 60 61 62 63 64 65 66 167 70 71 72 73 74 75 76 77 173 80 81 82 83 84 85 86 87 88 178 90 91 92 93 94 95 96 97 98 99 182 101 102 103 104 105 106 107 108 109 110 185 112 113 114 115 116 117 118 119 120 121 187 123 124 125 126 127 128 129 130 131 132 56 134 135 136 137 138 139 140 141 142 1 67 144 145 146 147 148 149 150 151 2 3 78 153 154 155 156 157 158 159 4 5 6 89 161 162 163 164 165 166 7 8 9 10 168 169 170 171 172 11 12 13 14 174 175 176 177 16 17 18 19 179 180 181 22 23 24 25 183 184 29 30 31 32 186 37 38 39 40 46 47 48 49 57 58 59 68 69 79
101 111 112 21 122 123 27 28 133 134 34 35 36 143 144 42 43 44 45 152 153 51 52 53 54 55 160 161 61 62 63 64 65 66 167 168 71 72 73 74 75 76 77 173 174 81 82 83 84 85 86 87 88 178 179 91 92 93 94 95 96 97 98 99 182 183 102 103 104 105 106 107 108 109 110 185 186 113 114 115 116 117 118 119 120 121 187 46 124 125 126 127 128 129 130 131 132 56 57 135 136 137 138 139 140 141 142 1 67 68 145 146 147 148 149 150 151 2 3 78 79 154 155 156 157 158 159 4 5 6 89 90 162 163 164 165 166 7 8 9 10 100 169 170 171 172 11 12 13 14 15 175 176 177 16 17 18 19 20 180 181 22 23 24 25 26 184 29 30 31 32 33 37 38 39 40 41 47 48 49 50 58 59 60 69 70 80
102 112 113 122 123 124 28 133 134 135 35 36 143 144 145 43 44 45 152 153 154 52 53 54 55 160 161 162 62 63 64 65 66 167 168 169 72 73 74 75 76 77 173 174 175 82 83 84 85 86 87 88 178 179 180 92 93 94 95 96 97 98 99 182 183 184 103 104 105 106 107 108 109 110 185 186 37 114 115 116 117 118 119 120 121 187 46 47 125 126 127 128 129 130 131 132 56 57 58 136 137 138 139 140 141 142 1 67 68 69 146 147 148 149 150 151 2 3 78 79 80 155 156 157 158 159 4 5 6 89 90 91 163 164 165 166 7 8 9 10 100 101 170 171 172 11 12 13 14 15 111 176 177 16 17 18 19 20 21 181 22 23 24 25 26 27 29 30 31 32 33 34 38 39 40 41 42 48 49 50 51 59 60 61 70 71 81
103 113 114 123 124 125 133 134 135 136 36 143 144 145 146 44 45 152 153 154 155 53 54 55 160 161 162 163 63 64 65 66 167 168 169 170 73 74 75 76 77 173 174 175 176 83 84 85 86 87 88 178 179 180 181 93 94 95 96 97 98 99 182 183 184 29 104 105 106 107 108 109 110 185 186 37 38 115 116 117 118 119 120 121 187 46 47 48 126 127 128 129 130 131 132 56 57 58 59 137 138 139 140 141 142 1 67 68 69 70 147 148 149 150 151 2 3 78 79 80 81 156 157 158 159 4 5 6 89 90 91 92 164 165 166 7 8 9 10 100 101 102 171 172 11 12 13 14 15 111 112 177 16 17 18 19 20 21 122 22 23 24 25 26 27 28 30 31 32 33 34 35 39 40 41 42 43 49 50 51 52 60 61 62 71 72 82
104 114 115 124 125 126 134 135 136 137 143 144 145 146 147 45 152 153 154 155 156 54 55 160 161 162 163 164 64 65 66 167 168 169 170 171 74 75 76 77 173 174 175 176 177 84 85 86 87 88 178 179 180 181 22 94 95 96 97 98 99 182 183 184 29 30 105 106 107 108 109 110 185 186 37 38 39 116 117 118 119 120 121 187 46 47 48 49 127 128 129 130 131 132 56 57 58 59 60 138 139 140 141 142 1 67 68 69 70 71 148 149 150 151 2 3 78 79 80 81 82 157 158 159 4 5 6 89 90 91 92 93 165 166 7 8 9 10 100 101 102 103 172 11 12 13 14 15 111 112 113 16 17 18 19 20 21 122 123 23 24 25 26 27 28 133 31 32 33 34 35 36 40 41 42 43 44 50 51 52 53 61 62 63 72 73 83
105 115 116 125 126 127 135 136 137 138 144 145 146 147 148 152 153 154 155 156 157 55 160 161 162 163 164 165 65 66 167 168 169 170 171 172 75 76 77 173 174 175 176 177 16 85 86 87 88 178 179 180 181 22 23 95 96 97 98 99 182 183 184 29 30 31 106 107 108 109 110 185 186 37 38 39 40 117 118 119 120 121 187 46 47 48 49 50 128 129 130 131 132 56 57 58 59 60 61 139 140 141 142 1 67 68 69 70 71 72 149 150 151 2 3 78 79 80 81 82 83 158 159 4 5 6 89 90 91 92 93 94 166 7 8 9 10 100 101 102 103 104 11 12 13 14 15 111 112 113 114 17 18 19 20 21 122 123 124 24 25 26 27 28 133 134 32 33 34 35 36 143 41 42 43 44 45 51 52 53 54 62 63 64 73 74 84
106 116 117 126 127 128 136 137 138 139 145 146 147 148 149 153 154 155 156 157 158 160 161 162 163 164 165 166 66 167 168 169 170 171 172 11 76 77 173 174 175 176 177 16 17 86 87 88 178 179 180 181 22 23 24 96 97 98 99 182 183 184 29 30 31 32 107 108 109 110 185 186 37 38 39 40 41 118 119 120 121 187 46 47 48 49 50 51 129 130 131 132 56 57 58 59 60 61 62 140 141 142 1 67 68 69 70 71 72 73 150 151 2 3 78 79 80 81 82 83 84 159 4 5 6 89 90 91 92 93 94 95 7 8 9 10 100 101 102 103 104 105 12 13 14 15 111 112 113 114 115 18 19 20 21 122 123 124 125 25 26 27 28 133 134 135 33 34 35 36 143 144 42 43 44 45 152 52 53 54 55 63 64 65 74 75 85
107 117 118 127 128 129 137 138 139 140 146 147 148 149 150 154 155 156 157 158 159 161 162 163 164 165 166 7 167 168 169 170 171 172 11 12 77 173 174 175 176 177 16 17 18 87 88 178 179 180 181 22 23 24 25 97 98 99 182 183 184 29 30 31 32 33 108 109 110 185 186 37 38 39 40 41 42 119 120 121 187 46 47 48 49 50 51 52 130 131 132 56 57 58 59 60 61 62 63 141 142 1 67 68 69 70 71 72 73 74 151 2 3 78 79 80 81 82 83 84 85 4 5 6 89 90 91 92 93 94 95 96 8 9 10 100 101 102 103 104 105 106 13 14 15 111 112 113 114 115 116 19 20 21 122 123 124 125 126 26 27 28 133 134 135 136 34 35 36 143 144 145 43 44 45 152 153 53 54 55 160 64 65 66 75 76 86
108 118 119 128 129 130 138 139 140 141 147 148 149 150 151 155 156 157 158 159 4 162 163 164 165 166 7 8 168 169 170 171 172 11 12 13 173 174 175 176 177 16 17 18 19 88 178 179 180 181 22 23 24 25 26 98 99 182 183 184 29 30 31 32 33 34 109 110 185 186 37 38 39 40 41 42 43 120 121 187 46 47 48 49 50 51 52 53 131 132 56 57 58 59 60 61 62 63 64 142 1 67 68 69 70 71 72 73 74 75 2 3 78 79 80 81 82 83 84 85 86 5 6 89 90 91 92 93 94 95 96 97 9 10 100 101 102 103 104 105 106 107 14 15 111 112 113 114 115 116 117 20 21 122 123 124 125 126 127 27 28 133 134 135 136 137 35 36 143 144 145 146 44 45 152 153 154 54 55 160 161 65 66 167 76 77 87
109 119 120 129 130 131 139 140 141 142 148 149 150 151 2 156 157 158 159 4 5 163 164 165 166 7 8 9 169 170 171 172 11 12 13 14 174 175 176 177 16 17 18 19 20 178 179 180 181 22 23 24 25 26 27 99 182 183 184 29 30 31 32 33 34 35 110 185 186 37 38 39 40 41 42 43 44 121 187 46 47 48 49 50 51 52 53 54 132 56 57 58 59 60 61 62 63 64 65 1 67 68 69 70 71 72 73 74 75 76 3 78 79 80 81 82 83 84 85 86 87 6 89 90 91 92 93 94 95 96 97 98 10 100 101 102 103 104 105 106 107 108 15 111 112 113 114 115 116 117 118 21 122 123 124 125 126 127 128 28 133 134 135 136 137 138 36 143 144 145 146 147 45 152 153 154 155 55 160 161 162 66 167 168 77 173 88
110 120 121 130 131 132 140 141 142 1 149 150 151 2 3 157 158 159 4 5 6 164 165 166 7 8 9 10 170 171 172 11 12 13 14 15 175 176 177 16 17 18 19 20 21 179 180 181 22 23 24 25 26 27 28 182 183 184 29 30 31 32 33 34 35 36 185 186 37 38 39 40 41 42 43 44 45 187 46 47 48 49 50 51 52 53 54 55 56 57 58 59 60 61 62 63 64 65 66 67 68 69 70 71 72 73 74 75 76 77 78 79 80 81 82 83 84 85 86 87 88 89 90 91 92 93 94 95 96 97 98 99 100 101 102 103 104 105 106 107 108 109 111 112 113 114 115 116 117 118 119 122 123 124 125 126 127 128 129 133 134 135 136 137 138 139 143 144 145 146 147 148 152 153 154 155 156 160 161 162 163 167 168 169 173 174 178
111 21 122 27 28 133 34 35 36 143 42 43 44 45 152 51 52 53 54 55 160 61 62 63 64 65 66 167 71 72 73 74 75 76 77 173 81 82 83 84 85 86 87 88 178 91 92 93 94 95 96 97 98 99 182 101 102 103 104 105 106 107 108 109 110 185 112 113 114 115 116 117 118 119 120 121 187 123 124 125 126 127 128 129 130 131 132 56 134 135 136 137 138 139 140 141 142 1 67 144 145 146 147 148 149 150 151 2 3 78 153 154 155 156 157 158 159 4 5 6 89 161 162 163 164 165 166 7 8 9 10 100 168 169 170 171 172 11 12 13 14 15 174 175 176 177 16 17 18 19 20 179 180 181 22 23 24 25 26 183 184 29 30 31 32 33 186 37 38 39 40 41 46 47 48 49 50 57 58 59 60 68 69 70 79 80 90
112 122 123 28 133 134 35 36 143 144 43 44 45 152 153 52 53 54 55 160 161 62 63 64 65 66 167 168 72 73 74 75 76 77 173 174 82 83 84 85 86 87 88 178 179 92 93 94 95 96 97 98 99 182 183 102 103 104 105 106 107 108 109 110 185 186 113 114 115 116 117 118 119 120 121 187 46 124 125 126 127 128 129 130 131 132 56 57 135 136 137 138 139 140 141 142 1 67 68 145 146 147 148 149 150 151 2 3 78 79 154 155 156 157 158 159 4 5 6 89 90 162 163 164 165 166 7 8 9 10 100 101 169 170 171 172 11 12 13 14 15 111 175 176 177 16 17 18 19 20 21 180 181 22 23 24 25 26 27 184 29 30 31 32 33 34 37 38 39 40 41 42 47 48 49 50 51 58 59 60 61 69 70 71 80 81 91
113 123 124 133 134 135 36 143 144 145 44 45 152 153 154 53 54 55 160 161 162 63 64 65 66 167 168 169 73 74 75 76 77 173 174 175 83 84 85 86 87 88 178 179 180 93 94 95 96 97 98 99 182 183 184 103 104 105 106 107 108 109 110 185 186 37 114 115 116 117 118 119 120 121 187 46 47 125 126 127 128 129 130 131 132 56 57 58 136 137 138 139 140 141 142 1 67 68 69 146 147 148 149 150 151 2 3 78 79 80 155 156 157 158 159 4 5 6 89 90 91 163 164 165 166 7 8 9 10 100 101 102 170 171 172 11 12 13 14 15 111 112 176 177 16 17 18 19 20 21 122 181 22 23 24 25 26 27 28 29 30 31 32 33 34 35 38 39 40 41 42 43 48 49 50 51 52 59 60 61 62 70 71 72 81 82 92
114 124 125 134 135 136 143 144 145 146 45 152 153 154 155 54 55 160 161 162 163 64 65 66 167 168 169 170 74 75 76 77 173 174 175 176 84 85 86 87 88 178 179 180 181 94 95 96 97 98 99 182 183 184 29 104 105 106 107 108 109 110 185 186 37 38 115 116 117 118 119 120 121 187 46 47 48 126 127 128 129 130 131 132 56 57 58 59 137 138 139 140 141 142 1 67 68 69 70 147 148 149 150 151 2 3 78 79 80 81 156 157 158 159 4 5 6 89 90 91 92 164 165 166 7 8 9 10 100 101 102 103 171 172 11 12 13 14 15 111 112 113 177 16 17 18 19 20 21 122 123 22 23 24 25 26 27 28 133 30 31 32 33 34 35 36 39 40 41 42 43 44 49 50 51 52 53 60 61 62 63 71 72 73 82 83 93
115 125 126 135 136 137 144 145 146 147 152 153 154 155 156 55 160 161 162 163 164 65 66 167 168 169 170 171 75 76 77 173 174 175 176 177 85 86 87 88 178 179 180 181 22 95 96 97 98 99 182 183 184 29 30 105 106 107 108 109 110 185 186 37 38 39 116 117 118 119 120 121 187 46 47 48 49 127 128 129 130 131 132 56 57 58 59 60 138 139 140 141 142 1 67 68 69 70 71 148 149 150 151 2 3 78 79 80 81 82 157 158 159 4 5 6 89 90 91 92 93 165 166 7 8 9 10 100 101 102 103 104 172 11 12 13 14 15 111 112 113 114 16 17 18 19 20 21 122 123 124 23 24 25 26 27 28 133 134 31 32 33 34 35 36 143 40 41 42 43 44 45 50 51 52 53 54 61 62 63 64 72 73 74 83 84 94
116 126 127 136 137 138 145 146 147 148 153 154 155 156 157 160 161 162 163 164 165 66 167 168 169 170 171 172 76 77 173 174 175 176 177 16 86 87 88 178 179 180 181 22 23 96 97 98 99 182 183 184 29 30 31 106 107 108 109 110 185 186 37 38 39 40 117 118 119 120 121 187 46 47 48 49 50 128 129 130 131 132 56 57 58 59 60 61 139 140 141 142 1 67 68 69 70 71 72 149 150 151 2 3 78 79 80 81 82 83 158 159 4 5 6 89 90 91 92 93 94 166 7 8 9 10 100 101 102 103 104 105 11 12 13 14 15 111 112 113 114 115 17 18 19 20 21 122 123 124 125 24 25 26 27 28 133 134 135 32 33 34 35 36 143 144 41 42 43 44 45 152 51 52 53 54 55 62 63 64 65 73 74 75 84 85 95
117 127 128 137 138 139 146 147 148 149 154 155 156 157 158 161 162 163 164 165 166 167 168 169 170 171 172 11 77 173 174 175 176 177 16 17 87 88 178 179 180 181 22 23 24 97 98 99 182 183 184 29 30 31 32 107 108 109 110 185 186 37 38 39 40 41 118 119 120 121 187 46 47 48 49 50 51 129 130 131 132 56 57 58 59 60 61 62 140 141 142 1 67 68 69 70 71 72 73 150 151 2 3 78 79 80 81 82 83 84 159 4 5 6 89 90 91 92 93 94 95 7 8 9 10 100 101 102 103 104 105 106 12 13 14 15 111 112 113 114 115 116 18 19 20 21 122 123 124 125 126 25 26 27 28 133 134 135 136 33 34 35 36 143 144 145 42 43 44 45 152 153 52 53 54 55 160 63 64 65 66 74 75 76 85 86 96
118 128 129 138 139 140 147 148 149 150 155 156 157 158 159 162 163 164 165 166 7 168 169 170 171 172 11 12 173 174 175 176 177 16 17 18 88 178 179 180 181 22 23 24 25 98 99 182 183 184 29 30 31 32 33 108 109 110 185 186 37 38 39 40 41 42 119 120 121 187 46 47 48 49 50 51 52 130 131 132 56 57 58 59 60 61 62 63 141 142 1 67 68 69 70 71 72 73 74 151 2 3 78 79 80 81 82 83 84 85 4 5 6 89 90 91 92 93 94 95 96 8 9 10 100 101 102 103 104 105 106 107 13 14 15 111 112 113 114 115 116 117 19 20 21 122 123 124 125 126 127 26 27 28 133 134 135 136 137 34 35 36 143 144 145 146 43 44 45 152 153 154 53 54 55 160 161 64 65 66 167 75 76 77 86 87 97
119 129 130 139 140 141 148 149 150 151 156 157 158 159 4 163 164 165 166 7 8 169 170 171 172 11 12 13 174 175 176 177 16 17 18 19 178 179 180 181 22 23 24 25 26 99 182 183 184 29 30 31 32 33 34 109 110 185 186 37 38 39 40 41 42 43 120 121 187 46 47 48 49 50 51 52 53 131 132 56 57 58 59 60 61 62 63 64 142 1 67 68 69 70 71 72 73 74 75 2 3 78 79 80 81 82 83 84 85 86 5 6 89 90 91 92 93 94 95 96 97 9 10 100 101 102 103 104 105 106 107 108 14 15 111 112 113 114 115 116 117 118 20 21 122 123 124 125 126 127 128 27 28 133 134 135 136 137 138 35 36 143 144 145 146 147 44 45 152 153 154 155 54 55 160 161 162 65 66 167 168 76 77 173 87 88 98
120 130 131 140 141 142 149 150 151 2 157 158 159 4 5 164 165 166 7 8 9 170 171 172 11 12 13 14 175 176 177 16 17 18 19 20 179 180 181 22 23 24 25 26 27 182 183 184 29 30 31 32 33 34 35 110 185 186 37 38 39 40 41 42 43 44 121 187 46 47 48 49 50 51 52 53 54 132 56 57 58 59 60 61 62 63 64 65 1 67 68 69 70 71 72 73 74 75 76 3 78 79 80 81 82 83 84 85 86 87 6 89 90 91 92 93 94 95 96 97 98 10 100 101 102 103 104 105 106 107 108 109 15 111 112 113 114 115 116 117 118 119 21 122 123 124 125 126 127 128 129 28 133 134 135 136 137 138 139 36 143 144 145 146 147 148 45 152 153 154 155 156 55 160 161 162 163 66 167 168 169 77 173 174 88 178 99
121 131 132 141 142 1 150 151 2 3 158 159 4 5 6 165 166 7 8 9 10 171 172 11 12 13 14 15 176 177 16 17 18 19 20 21 180 181 22 23 24 25 26 27 28 183 184 29 30 31 32 33 34 35 36 185 186 37 38 39 40 41 42 43 44 45 187 46 47 48 49 50 51 52 53 54 55 56 57 58 59 60 61 62 63 64 65 66 67 68 69 70 71 72 73 74 75 76 77 78 79 80 81 82 83 84 85 86 87 88 89 90 91 92 93 94 95 96 97 98 99 100 101 102 103 104 105 106 107 108 109 110 111 112 113 114 115 116 117 118 119 120 122 123 124 125 126 127 128 129 130 133 134 135 136 137 138 139 140 143 144 145 146 147 148 149 152 153 154 155 156 157 160 161 162 163 164 167 168 169 170 173 174 175 178 179 182
122 28 133 35 36 143 43 44 45 152 52 53 54 55 160 62 63 64 65 66 167 72 73 74 75 76 77 173 82 83 84 85 86 87 88 178 92 93 94 95 96 97 98 99 182 102 103 104 105 106 107 108 109 110 185 112 113 114 115 116 117 118 119 120 121 187 123 124 125 126 127 128 129 130 131 132 56 134 135 136 137 138 139 140 141 142 1 67 144 145 146 147 148 149 150 151 2 3 78 153 154 155 156 157 158 159 4 5 6 89 161 162 163 164 165 166 7 8 9 10 100 168 169 170 171 172 11 12 13 14 15 111 174 175 176 177 16 17 18 19 20 21 179 180 181 22 23 24 25 26 27 183 184 29 30 31 32 33 34 186 37 38 39 40 41 42 46 47 48 49 50 51 57 58 59 60 61 68 69 70 71 79 80 81 90 91 101
123 133 134 36 143 144 44 45 152 153 53 54 55 160 161 63 64 65 66 167 168 73 74 75 76 77 173 174 83 84 85 86 87 88 178 179 93 94 95 96 97 98 99 182 183 103 104 105 106 107 108 109 110 185 186 113 114 115 116 117 118 119 120 121 187 46 124 125 126 127 128 129 130 131 132 56 57 135 136 137 138 139 140 141 142 1 67 68 145 146 147 148 149 150 151 2 3 78 79 154 155 156 157 158 159 4 5 6 89 90 162 163 164 165 166 7 8 9 10 100 101 169 170 171 172 11 12 13 14 15 111 112 175 176 177 16 17 18 19 20 21 122 180 181 22 23 24 25 26 27 28 184 29 30 31 32 33 34 35 37 38 39 40 41 42 43 47 48 49 50 51 52 58 59 60 61 62 69 70 71 72 80 81 82 91 92 102
124 134 135 143 144 145 45 152 153 154 54 55 160 161 162 64 65 66 167 168 169 74 75 76 77 173 174 175 84 85 86 87 88 178 179 180 94 95 96 97 98 99 182 183 184 104 105 106 107 108 109 110 185 186 37 114 115 116 117 118 119 120 121 187 46 47 125 126 127 128 129 130 131 132 56 57 58 136 137 138 139 140 141 142 1 67 68 69 146 147 148 149 150 151 2 3 78 79 80 155 156 157 158 159 4 5 6 89 90 91 163 164 165 166 7 8 9 10 100 101 102 170 171 172 11 12 13 14 15 111 112 113 176 177 16 17 18 19 20 21 122 123 181 22 23 24 25 26 27 28 133 29 30 31 32 33 34 35 36 38 39 40 41 42 43 44 48 49 50 51 52 53 59 60 61 62 63 70 71 72 73 81 82 83 92 93 103
125 135 136 144 145 146 152 153 154 155 55 160 161 162 163 65 66 167 168 169 170 75 76 77 173 174 175 176 85 86 87 88 178 179 180 181 95 96 97 98 99 182 183 184 29 105 106 107 108 109 110 185 186 37 38 115 116 117 118 119 120 121 187 46 47 48 126 127 128 129 130 131 132 56 57 58 59 137 138 139 140 141 142 1 67 68 69 70 147 148 149 150 151 2 3 78 79 80 81 156 157 158 159 4 5 6 89 90 91 92 164 165 166 7 8 9 10 100 101 102 103 171 172 11 12 13 14 15 111 112 113 114 177 16 17 18 19 20 21 122 123 124 22 23 24 25 26 27 28 133 134 30 31 32 33 34 35 36 143 39 40 41 42 43 44 45 49 50 51 52 53 54 60 61 62 63 64 71 72 73 74 82 83 84 93 94 104
126 136 137 145 146 147 153 154 155 156 160 161 162 163 164 66 167 168 169 170 171 76 77 173 174 175 176 177 86 87 88 178 179 180 181 22 96 97 98 99 182 183 184 29 30 106 107 108 109 110 185 186 37 38 39 116 117 118 119 120 121 187 46 47 48 49 127 128 129 130 131 132 56 57 58 59 60 138 139 140 141 142 1 67 68 69 70 71 148 149 150 151 2 3 78 79 80 81 82 157 158 159 4 5 6 89 90 91 92 93 165 166 7 8 9 10 100 101 102 103 104 172 11 12 13 14 15 111 112 113 114 115 16 17 18 19 20 21 122 123 124 125 23 24 25 26 27 28 133 134 135 31 32 33 34 35 36 143 144 40 41 42 43 44 45 152 50 51 52 53 54 55 61 62 63 64 65 72 73 74 75 83 84 85 94 95 105
127 137 138 146 147 148 154 155 156 157 161 162 163 164 165 167 168 169 170 171 172 77 173 174 175 176 177 16 87 88 178 179 180 181 22 23 97 98 99 182 183 184 29 30 31 107 108 109 110 185 186 37 38 39 40 117 118 119 120 121 187 46 47 48 49 50 128 129 130 131 132 56 57 58 59 60 61 139 140 141 142 1 67 68 69 70 71 72 149 150 151 2 3 78 79 80 81 82 83 158 159 4 5 6 89 90 91 92 93 94 166 7 8 9 10 100 101 102 103 104 105 11 12 13 14 15 111 112 113 114 115 116 17 18 19 20 21 122 123 124 125 126 24 25 26 27 28 133 134 135 136 32 33 34 35 36 143 144 145 41 42 43 44 45 152 153 51 52 53 54 55 160 62 63 64 65 66 73 74 75 76 84 85 86 95 96 106
128 138 139 147 148 149 155 156 157 158 162 163 164 165 166 168 169 170 171 172 11 173 174 175 176 177 16 17 88 178 179 180 181 22 23 24 98 99 182 183 184 29 30 31 32 108 109 110 185 186 37 38 39 40 41 118 119 120 121 187 46 47 48 49 50 51 129 130 131 132 56 57 58 59 60 61 62 140 141 142 1 67 68 69 70 71 72 73 150 151 2 3 78 79 80 81 82 83 84 159 4 5 6 89 90 91 92 93 94 95 7 8 9 10 100 101 102 103 104 105 106 12 13 14 15 111 112 113 114 115 116 117 18 19 20 21 122 123 124 125 126 127 25 26 27 28 133 134 135 136 137 33 34 35 36 143 144 145 146 42 43 44 45 152 153 154 52 53 54 55 160 161 63 64 65 66 167 74 75 76 77 85 86 87 96 97 107
129 139 140 148 149 150 156 157 158 159 163 164 165 166 7 169 170 171 172 11 12 174 175 176 177 16 17 18 178 179 180 181 22 23 24 25 99 182 183 184 29 30 31 32 33 109 110 185 186 37 38 39 40 41 42 119 120 121 187 46 47 48 49 50 51 52 130 131 132 56 57 58 59 60 61 62 63 141 142 1 67 68 69 70 71 72 73 74 151 2 3 78 79 80 81 82 83 84 85 4 5 6 89 90 91 92 93 94 95 96 8 9 10 100 101 102 103 104 105 106 107 13 14 15 111 112 113 114 115 116 117 118 19 20 21 122 123 124 125 126 127 128 26 27 28 133 134 135 136 137 138 34 35 36 143 144 145 146 147 43 44 45 152 153 154 155 53 54 55 160 161 162 64 65 66 167 168 75 76 77 173 86 87 88 97 98 108
130 140 141 149 150 151 157 158 159 4 164 165 166 7 8 170 171 172 11 12 13 175 176 177 16 17 18 19 179 180 181 22 23 24 25 26 182 183 184 29 30 31 32 33 34 110 185 186 37 38 39 40 41 42 43 120 121 187 46 47 48 49 50 51 52 53 131 132 56 57 58 59 60 61 62 63 64 142 1 67 68 69 70 71 72 73 74 75 2 3 78 79 80 81 82 83 84 85 86 5 6 89 90 91 92 93 94 95 96 97 9 10 100 101 102 103 104 105 106 107 108 14 15 111 112 113 114 115 116 117 118 119 20 21 122 123 124 125 126 127 128 129 27 28 133 134 135 136 137 138 139 35 36 143 144 145 146 147 148 44 45 152 153 154 155 156 54 55 160 161 162 163 65 66 167 168 169 76 77 173 174 87 88 178 98 99 109
131 141 142 150 151 2 158 159 4 5 165 166 7 8 9 171 172 11 12 13 14 176 177 16 17 18 19 20 180 181 22 23 24 25 26 27 183 184 29 30 31 32 33 34 35 185 186 37 38 39 40 41 42 43 44 121 187 46 47 48 49 50 51 52 53 54 132 56 57 58 59 60 61 62 63 64 65 1 67 68 69 70 71 72 73 74 75 76 3 78 79 80 81 82 83 84 85 86 87 6 89 90 91 92 93 94 95 96 97 98 10 100 101 102 103 104 105 106 107 108 109 15 111 112 113 114 115 116 117 118 119 120 21 122 123 124 125 126 127 128 129 130 28 133 134 135 136 137 138 139 140 36 143 144 145 146 147 148 149 45 152 153 154 155 156 157 55 160 161 162 163 164 66 167 168 169 170 77 173 174 175 88 178 179 99 182 110
132 142 1 151 2 3 159 4 5 6 166 7 8 9 10 172 11 12 13 14 15 177 16 17 18 19 20 21 181 22 23 24 25 26 27 28 184 29 30 31 32 33 34 35 36 186 37 38 39 40 41 42 43 44 45 187 46 47 48 49 50 51 52 53 54 55 56 57 58 59 60 61 62 63 64 65 66 67 68 69 70 71 72 73 74 75 76 77 78 79 80 81 82 83 84 85 86 87 88 89 90 91 92 93 94 95 96 97 98 99 100 101 102 103 104 105 106 107 108 109 110 111 112 113 114 115 116 117 118 119 120 121 122 123 124 125 126 127 128 129 130 131 133 134 135 136 137 138 139 140 141 143 144 145 146 147 148 149 150 152 153 154 155 156 157 158 160 161 162 163 164 165 167 168 169 170 171 173 174 175 176 178 179 180 182 183 185
133 36 143 44 45 152 53 54 55 160 63 64 65 66 167 73 74 75 76 77 173 83 84 85 86 87 88 178 93 94 95 96 97 98 99 182 103 104 105 106 107 108 109 110 185 113 114 115 116 117 118 119 120 121 187 123 124 125 126 127 128 129 130 131 132 56 134 135 136 137 138 139 140 141 142 1 67 144 145 146 147 148 149 150 151 2 3 78 153 154 155 156 157 158 159 4 5 6 89 161 162 163 164 165 166 7 8 9 10 100 168 169 170 171 172 11 12 13 14 15 111 174 175 176 177 16 17 18 19 20 21 122 179 180 181 22 23 24 25 26 27 28 183 184 29 30 31 32 33 34 35 186 37 38 39 40 41 42 43 46 47 48 49 50 51 52 57 58 59 60 61 62 68 69 70 71 72 79 80 81 82 90 91 92 101 102 112
134 143 144 45 152 153 54 55 160 161 64 65 66 167 168 74 75 76 77 173 174 84 85 86 87 88 178 179 94 95 96 97 98 99 182 183 104 105 106 107 108 109 110 185 186 114 115 116 117 118 119 120 121 187 46 124 125 126 127 128 129 130 131 132 56 57 135 136 137 138 139 140 141 142 1 67 68 145 146 147 148 149 150 151 2 3 78 79 154 155 156 157 158 159 4 5 6 89 90 162 163 164 165 166 7 8 9 10 100 101 169 170 171 172 11 12 13 14 15 111 112 175 176 177 16 17 18 19 20 21 122 123 180 181 22 23 24 25 26 27 28 133 184 29 30 31 32 33 34 35 36 37 38 39 40 41 42 43 44 47 48 49 50 51 52 53 58 59 60 61 62 63 69 70 71 72 73 80 81 82 83 91 92 93 102 103 113
135 144 145 152 153 154 55 160 161 162 65 66 167 168 169 75 76 77 173 174 175 85 86 87 88 178 179 180 95 96 97 98 99 182 183 184 105 106 107 108 109 110 185 186 37 115 116 117 118 119 120 121 187 46 47 125 126 127 128 129 130 131 132 56 57 58 136 137 138 139 140 141 142 1 67 68 69 146 147 148 149 150 151 2 3 78 79 80 155 156 157 158 159 4 5 6 89 90 91 163 164 165 166 7 8 9 10 100 101 102 170 171 172 11 12 13 14 15 111 112 113 176 177 16 17 18 19 20 21 122 123 124 181 22 23 24 25 26 27 28 133 134 29 30 31 32 33 34 35 36 143 38 39 40 41 42 43 44 45 48 49 50 51 52 53 54 59 60 61 62 63 64 70 71 72 73 74 81 82 83 84 92 93 94 103 104 114
136 145 146 153 154 155 160 161 162 163 66 167 168 169 170 76 77 173 174 175 176 86 87 88 178 179 180 181 96 97 98 99 182 183 184 29 106 107 108 109 110 185 186 37 38 116 117 118 119 120 121 187 46 47 48 126 127 128 129 130 131 132 56 57 58 59 137 138 139 140 141 142 1 67 68 69 70 147 148 149 150 151 2 3 78 79 80 81 156 157 158 159 4 5 6 89 90 91 92 164 165 166 7 8 9 10 100 101 102 103 171 172 11 12 13 14 15 111 112 113 114 177 16 17 18 19 20 21 122 123 124 125 22 23 24 25 26 27 28 133 134 135 30 31 32 33 34 35 36 143 144 39 40 41 42 43 44 45 152 49 50 51 52 53 54 55 60 61 62 63 64 65 71 72 73 74 75 82 83 84 85 93 94 95 104 105 115
137 146 147 154 155 156 161 162 163 164 167 168 169 170 171 77 173 174 175 176 177 87 88 178 179 180 181 22 97 98 99 182 183 184 29 30 107 108 109 110 185 186 37 38 39 117 118 119 120 121 187 46 47 48 49 127 128 129 130 131 132 56 57 58 59 60 138 139 140 141 142 1 67 68 69 70 71 148 149 150 151 2 3 78 79 80 81 82 157 158 159 4 5 6 89 90 91 92 93 165 166 7 8 9 10 100 101 102 103 104 172 11 12 13 14 15 111 112 113 114 115 16 17 18 19 20 21 122 123 124 125 126 23 24 25 26 27 28 133 134 135 136 31 32 33 34 35 36 143 144 145 40 41 42 43 44 45 152 153 50 51 52 53 54 55 160 61 62 63 64 65 66 72 73 74 75 76 83 84 85 86 94 95 96 105 106 116
138 147 148 155 156 157 162 163 164 165 168 169 170 171 172 173 174 175 176 177 16 88 178 179 180 181 22 23 98 99 182 183 184 29 30 31 108 109 110 185 186 37 38 39 40 118 119 120 121 187 46 47 48 49 50 128 129 130 131 132 56 57 58 59 60 61 139 140 141 142 1 67 68 69 70 71 72 149 150 151 2 3 78 79 80 81 82 83 158 159 4 5 6 89 90 91 92 93 94 166 7 8 9 10 100 101 102 103 104 105 11 12 13 14 15 111 112 113 114 115 116 17 18 19 20 21 122 123 124 125 126 127 24 25 26 27 28 133 134 135 136 137 32 33 34 35 36 143 144 145 146 41 42 43 44 45 152 153 154 51 52 53 54 55 160 161 62 63 64 65 66 167 73 74 75 76 77 84 85 86 87 95 96 97 106 107 117
139 148 149 156 157 158 163 164 165 166 169 170 171 172 11 174 175 176 177 16 17 178 179 180 181 22 23 24 99 182 183 184 29 30 31 32 109 110 185 186 37 38 39 40 41 119 120 121 187 46 47 48 49 50 51 129 130 131 132 56 57 58 59 60 61 62 140 141 142 1 67 68 69 70 71 72 73 150 151 2 3 78 79 80 81 82 83 84 159 4 5 6 89 90 91 92 93 94 95 7 8 9 10 100 101 102 103 104 105 106 12 13 14 15 111 112 113 114 115 116 117 18 19 20 21 122 123 124 125 126 127 128 25 26 27 28 133 134 135 136 137 138 33 34 35 36 143 144 145 146 147 42 43 44 45 152 153 154 155 52 53 54 55 160 161 162 63 64 65 66 167 168 74 75 76 77 173 85 86 87 88 96 97 98 107 108 118
140 149 150 157 158 159 164 165 166 7 170 171 172 11 12 175 176 177 16 17 18 179 180 181 22 23 24 25 182 183 184 29 30 31 32 33 110 185 186 37 38 39 40 41 42 120 121 187 46 47 48 49 50 51 52 130 131 132 56 57 58 59 60 61 62 63 141 142 1 67 68 69 70 71 72 73 74 151 2 3 78 79 80 81 82 83 84 85 4 5 6 89 90 91 92 93 94 95 96 8 9 10 100 101 102 103 104 105 106 107 13 14 15 111 112 113 114 115 116 117 118 19 20 21 122 123 124 125 126 127 128 129 26 27 28 133 134 135 136 137 138 139 34 35 36 143 144 145 146 147 148 43 44 45 152 153 154 155 156 53 54 55 160 161 162 163 64 65 66 167 168 169 75 76 77 173 174 86 87 88 178 97 98 99 108 109 119
141 150 151 158 159 4 165 166 7 8 171 172 11 12 13 176 177 16 17 18 19 180 181 22 23 24 25 26 183 184 29 30 31 32 33 34 185 186 37 38 39 40 41 42 43 121 187 46 47 48 49 50 51 52 53 131 132 56 57 58 59 60 61 62 63 64 142 1 67 68 69 70 71 72 73 74 75 2 3 78 79 80 81 82 83 84 85 86 5 6 89 90 91 92 93 94 95 96 97 9 10 100 101 102 103 104 105 106 107 108 14 15 111 112 113 114 115 116 117 118 119 20 21 122 123 124 125 126 127 128 129 130 27 28 133 134 135 136 137 138 139 140 35 36 143 144 145 146 147 148 149 44 45 152 153 154 155 156 157 54 55 160 161 162 163 164 65 66 167 168 169 170 76 77 173 174 175 87 88 178 179 98 99 182 109 110 120
142 151 2 159 4 5 166 7 8 9 172 11 12 13 14 177 16 17 18 19 20 181 22 23 24 25 26 27 184 29 30 31 32 33 34 35 186 37 38 39 40 41 42 43 44 187 46 47 48 49 50 51 52 53 54 132 56 57 58 59 60 61 62 63 64 65 1 67 68 69 70 71 72 73 74 75 76 3 78 79 80 81 82 83 84 85 86 87 6 89 90 91 92 93 94 95 96 97 98 10 100 101 102 103 104 105 106 107 108 109 15 111 112 113 114 115 116 117 118 119 120 21 122 123 124 125 126 127 128 129 130 131 28 133 134 135 136 137 138 139 140 141 36 143 144 145 146 147 148 149 150 45 152 153 154 155 156 157 158 55 160 161 162 163 164 165 66 167 168 169 170 171 77 173 174 175 176 88 178 179 180 99 182 183 110 185 121
143 45 152 54 55 160 64 65 66 167 74 75 76 77 173 84 85 86 87 88 178 94 95 96 97 98 99 182 104 105 106 107 108 109 110 185 114 115 116 117 118 119 120 121 187 124 125 126 127 128 129 130 131 132 56 134 135 136 137 138 139 140 141 142 1 67 144 145 146 147 148 149 150 151 2 3 78 153 154 155 156 157 158 159 4 5 6 89 161 162 163 164 165 166 7 8 9 10 100 168 169 170 171 172 11 12 13 14 15 111 174 175 176 177 16 17 18 19 20 21 122 179 180 181 22 23 24 25 26 27 28 133 183 184 29 30 31 32 33 34 35 36 186 37 38 39 40 41 42 43 44 46 47 48 49 50 51 52 53 57 58 59 60 61 62 63 68 69 70 71 72 73 79 80 81 82 83 90 91 92 93 101 102 103 112 113 123
144 152 153 55 160 161 65 66 167 168 75 76 77 173 174 85 86 87 88 178 179 95 96 97 98 99 182 183 105 106 107 108 109 110 185 186 115 116 117 118 119 120 121 187 46 125 126 127 128 129 130 131 132 56 57 135 136 137 138 139 140 141 142 1 67 68 145 146 147 148 149 150 151 2 3 78 79 154 155 156 157 158 159 4 5 6 89 90 162 163 164 165 166 7 8 9 10 100 101 169 170 171 172 11 12 13 14 15 111 112 175 176 177 16 17 18 19 20 21 122 123 180 181 22 23 24 25 26 27 28 133 134 184 29 30 31 32 33 34 35 36 143 37 38 39 40 41 42 43 44 45 47 48 49 50 51 52 53 54 58 59 60 61 62 63 64 69 70 71 72 73 74 80 81 82 83 84 91 92 93 94 102 103 104 113 114 124
145 153 154 160 161 162 66 167 168 169 76 77 173 174 175 86 87 88 178 179 180 96 97 98 99 182 183 184 106 107 108 109 110 185 186 37 116 117 118 119 120 121 187 46 47 126 127 128 129 130 131 132 56 57 58 136 137 138 139 140 141 142 1 67 68 69 146 147 148 149 150 151 2 3 78 79 80 155 156 157 158 159 4 5 6 89 90 91 163 164 165 166 7 8 9 10 100 101 102 170 171 172 11 12 13 14 15 111 112 113 176 177 16 17 18 19 20 21 122 123 124 181 22 23 24 25 26 27 28 133 134 135 29 30 31 32 33 34 35 36 143 144 38 39 40 41 42 43 44 45 152 48 49 50 51 52 53 54 55 59 60 61 62 63 64 65 70 71 72 73 74 75 81 82 83 84 85 92 93 94 95 103 104 105 114 115 125
146 154 155 161 162 163 167 168 169 170 77 173 174 175 176 87 88 178 179 180 181 97 98 99 182 183 184 29 107 108 109 110 185 186 37 38 117 118 119 120 121 187 46 47 48 127 128 129 130 131 132 56 57 58 59 137 138 139 140 141 142 1 67 68 69 70 147 148 149 150 151 2 3 78 79 80 81 156 157 158 159 4 5 6 89 90 91 92 164 165 166 7 8 9 10 100 101 102 103 171 172 11 12 13 14 15 111 112 113 114 177 16 17 18 19 20 21 122 123 124 125 22 23 24 25 26 27 28 133 134 135 136 30 31 32 33 34 35 36 143 144 145 39 40 41 42 43 44 45 152 153 49 50 51 52 53 54 55 160 60 61 62 63 64 65 66 71 72 73 74 75 76 82 83 84 85 86 93 94 95 96 104 105 106 115 116 126
147 155 156 162 163 164 168 169 170 171 173 174 175 176 177 88 178 179 180 181 22 98 99 182 183 184 29 30 108 109 110 185 186 37 38 39 118 119 120 121 187 46 47 48 49 128 129 130 131 132 56 57 58 59 60 138 139 140 141 142 1 67 68 69 70 71 148 149 150 151 2 3 78 79 80 81 82 157 158 159 4 5 6 89 90 91 92 93 165 166 7 8 9 10 100 101 102 103 104 172 11 12 13 14 15 111 112 113 114 115 16 17 18 19 20 21 122 123 124 125 126 23 24 25 26 27 28 133 134 135 136 137 31 32 33 34 35 36 143 144 145 146 40 41 42 43 44 45 152 153 154 50 51 52 53 54 55 160 161 61 62 63 64 65 66 167 72 73 74 75 76 77 83 84 85 86 87 94 95 96 97 105 106 107 116 117 127
148 156 157 163 164 165 169 170 171 172 174 175 176 177 16 178 179 180 181 22 23 99 182 183 184 29 30 31 109 110 185 186 37 38 39 40 119 120 121 187 46 47 48 49 50 129 130 131 132 56 57 58 59 60 61 139 140 141 142 1 67 68 69 70 71 72 149 150 151 2 3 78 79 80 81 82 83 158 159 4 5 6 89 90 91 92 93 94 166 7 8 9 10 100 101 102 103 104 105 11 12 13 14 15 111 112 113 114 115 116 17 18 19 20 21 122 123 124 125 126 127 24 25 26 27 28 133 134 135 136 137 138 32 33 34 35 36 143 144 145 146 147 41 42 43 44 45 152 153 154 155 51 52 53 54 55 160 161 162 62 63 64 65 66 167 168 73 74 75 76 77 173 84 85 86 87 88 95 96 97 98 106 107 108 117 118 128
149 157 158 164 165 166 170 171 172 11 175 176 177 16 17 179 180 181 22 23 24 182 183 184 29 30 31 32 110 185 186 37 38 39 40 41 120 121 187 46 47 48 49 50 51 130 131 132 56 57 58 59 60 61 62 140 141 142 1 67 68 69 70 71 72 73 150 151 2 3 78 79 80 81 82 83 84 159 4 5 6 89 90 91 92 93 94 95 7 8 9 10 100 101 102 103 104 105 106 12 13 14 15 111 112 113 114 115 116 117 18 19 20 21 122 123 124 125 126 127 128 25 26 27 28 133 134 135 136 137 138 139 33 34 35 36 143 144 145 146 147 148 42 43 44 45 152 153 154 155 156 52 53 54 55 160 161 162 163 63 64 65 66 167 168 169 74 75 76 77 173 174 85 86 87 88 178 96 97 98 99 107 108 109 118 119 129
150 158 159 165 166 7 171 172 11 12 176 177 16 17 18 180 181 22 23 24 25 183 184 29 30 31 32 33 185 186 37 38 39 40 41 42 121 187 46 47 48 49 50 51 52 131 132 56 57 58 59 60 61 62 63 141 142 1 67 68 69 70 71 72 73 74 151 2 3 78 79 80 81 82 83 84 85 4 5 6 89 90 91 92 93 94 95 96 8 9 10 100 101 102 103 104 105 106 107 13 14 15 111 112 113 114 115 116 117 118 19 20 21 122 123 124 125 126 127 128 129 26 27 28 133 134 135 136 137 138 139 140 34 35 36 143 144 145 146 147 148 149 43 44 45 152 153 154 155 156 157 53 54 55 160 161 162 163 164 64 65 66 167 168 169 170 75 76 77 173 174 175 86 87 88 178 179 97 98 99 182 108 109 110 119 120 130
151 159 4 166 7 8 172 11 12 13 177 16 17 18 19 181 22 23 24 25 26 184 29 30 31 32 33 34 186 37 38 39 40 41 42 43 187 46 47 48 49 50 51 52 53 132 56 57 58 59 60 61 62 63 64 142 1 67 68 69 70 71 72 73 74 75 2 3 78 79 80 81 82 83 84 85 86 5 6 89 90 91 92 93 94 95 96 97 9 10 100 101 102 103 104 105 106 107 108 14 15 111 112 113 114 115 116 117 118 119 20 21 122 123 124 125 126 127 128 129 130 27 28 133 134 135 136 137 138 139 140 141 35 36 143 144 145 146 147 148 149 150 44 45 152 153 154 155 156 157 158 54 55 160 161 162 163 164 165 65 66 167 168 169 170 171 76 77 173 174 175 176 87 88 178 179 180 98 99 182 183 109 110 185 120 121 131
152 55 160 65 66 167 75 76 77 173 85 86 87 88 178 95 96 97 98 99 182 105 106 107 108 109 110 185 115 116 117 118 119 120 121 187 125 126 127 128 129 130 131 132 56 135 136 137 138 139 140 141 142 1 67 144 145 146 147 148 149 150 151 2 3 78 153 154 155 156 157 158 159 4 5 6 89 161 162 163 164 165 166 7 8 9 10 100 168 169 170 171 172 11 12 13 14 15 111 174 175 176 177 16 17 18 19 20 21 122 179 180 181 22 23 24 25 26 27 28 133 183 184 29 30 31 32 33 34 35 36 143 186 37 38 39 40 41 42 43 44 45 46 47 48 49 50 51 52 53 54 57 58 59 60 61 62 63 64 68 69 70 71 72 73 74 79 80 81 82 83 84 90 91 92 93 94 101 102 103 104 112 113 114 123 124 134
153 160 161 66 167 168 76 77 173 174 86 87 88 178 179 96 97 98 99 182 183 106 107 108 109 110 185 186 116 117 118 119 120 121 187 46 126 127 128 129 130 131 132 56 57 136 137 138 139 140 141 142 1 67 68 145 146 147 148 149 150 151 2 3 78 79 154 155 156 157 158 159 4 5 6 89 90 162 163 164 165 166 7 8 9 10 100 101 169 170 171 172 11 12 13 14 15 111 112 175 176 177 16 17 18 19 20 21 122 123 180 181 22 23 24 25 26 27 28 133 134 184 29 30 31 32 33 34 35 36 143 144 37 38 39 40 41 42 43 44 45 152 47 48 49 50 51 52 53 54 55 58 59 60 61 62 63 64 65 69 70 71 72 73 74 75 80 81 82 83 84 85 91 92 93 94 95 102 103 104 105 113 114 115 124 125 135
154 161 162 167 168 169 77 173 174 175 87 88 178 179 180 97 98 99 182 183 184 107 108 109 110 185 186 37 117 118 119 120 121 187 46 47 127 128 129 130 131 132 56 57 58 137 138 139 140 141 142 1 67 68 69 146 147 148 149 150 151 2 3 78 79 80 155 156 157 158 159 4 5 6 89 90 91 163 164 165 166 7 8 9 10 100 101 102 170 171 172 11 12 13 14 15 111 112 113 176 177 16 17 18 19 20 21 122 123 124 181 22 23 24 25 26 27 28 133 134 135 29 30 31 32 33 34 35 36 143 144 145 38 39 40 41 42 43 44 45 152 153 48 49 50 51 52 53 54 55 160 59 60 61 62 63 64 65 66 70 71 72 73 74 75 76 81 82 83 84 85 86 92 93 94 95 96 103 104 105 106 114 115 116 125 126 136
155 162 163 168 169 170 173 174 175 176 88 178 179 180 181 98 99 182 183 184 29 108 109 110 185 186 37 38 118 119 120 121 187 46 47 48 128 129 130 131 132 56 57 58 59 138 139 140 141 142 1 67 68 69 70 147 148 149 150 151 2 3 78 79 80 81 156 157 158 159 4 5 6 89 90 91 92 164 165 166 7 8 9 10 100 101 102 103 171 172 11 12 13 14 15 111 112 113 114 177 16 17 18 19 20 21 122 123 124 125 22 23 24 25 26 27 28 133 134 135 136 30 31 32 33 34 35 36 143 144 145 146 39 40 41 42 43 44 45 152 153 154 49 50 51 52 53 54 55 160 161 60 61 62 63 64 65 66 167 71 72 73 74 75 76 77 82 83 84 85 86 87 93 94 95 96 97 104 105 106 107 115 116 117 126 127 137
156 163 164 169 170 171 174 175 176 177 178 179 180 181 22 99 182 183 184 29 30 109 110 185 186 37 38 39 119 120 121 187 46 47 48 49 129 130 131 132 56 57 58 59 60 139 140 141 142 1 67 68 69 70 71 148 149 150 151 2 3 78 79 80 81 82 157 158 159 4 5 6 89 90 91 92 93 165 166 7 8 9 10 100 101 102 103 104 172 11 12 13 14 15 111 112 113 114 115 16 17 18 19 20 21 122 123 124 125 126 23 24 25 26 27 28 133 134 135 136 137 31 32 33 34 35 36 143 144 145 146 147 40 41 42 43 44 45 152 153 154 155 50 51 52 53 54 55 160 161 162 61 62 63 64 65 66 167 168 72 73 74 75 76 77 173 83 84 85 86 87 88 94 95 96 97 98 105 106 107 108 116 117 118 127 128 138
157 164 165 170 171 172 175 176 177 16 179 180 181 22 23 182 183 184 29 30 31 110 185 186 37 38 39 40 120 121 187 46 47 48 49 50 130 131 132 56 57 58 59 60 61 140 141 142 1 67 68 69 70 71 72 149 150 151 2 3 78 79 80 81 82 83 158 159 4 5 6 89 90 91 92 93 94 166 7 8 9 10 100 101 102 103 104 105 11 12 13 14 15 111 112 113 114 115 116 17 18 19 20 21 122 123 124 125 126 127 24 25 26 27 28 133 134 135 136 137 138 32 33 34 35 36 143 144 145 146 147 148 41 42 43 44 45 152 153 154 155 156 51 52 53 54 55 160 161 162 163 62 63 64 65 66 167 168 169 73 74 75 76 77 173 174 84 85 86 87 88 178 95 96 97 98 99 106 107 108 109 117 118 119 128 129 139
158 165 166 171 172 11 176 177 16 17 180 181 22 23 24 183 184 29 30 31 32 185 186 37 38 39 40 41 121 187 46 47 48 49 50 51 131 132 56 57 58 59 60 61 62 141 142 1 67 68 69 70 71 72 73 150 151 2 3 78 79 80 81 82 83 84 159 4 5 6 89 90 91 92 93 94 95 7 8 9 10 100 101 102 103 104 105 106 12 13 14 15 111 112 113 114 115 116 117 18 19 20 21 122 123 124 125 126 127 128 25 26 27 28 133 134 135 136 137 138 139 33 34 35 36 143 144 145 146 147 148 149 42 43 44 45 152 153 154 155 156 157 52 53 54 55 160 161 162 163 164 63 64 65 66 167 168 169 170 74 75 76 77 173 174 175 85 86 87 88 178 179 96 97 98 99 182 107 108 109 110 118 119 120 129 130 140
159 166 7 172 11 12 177 16 17 18 181 22 23 24 25 184 29 30 31 32 33 186 37 38 39 40 41 42 187 46 47 48 49 50 51 52 132 56 57 58 59 60 61 62 63 142 1 67 68 69 70 71 72 73 74 151 2 3 78 79 80 81 82 83 84 85 4 5 6 89 90 91 92 93 94 95 96 8 9 10 100 101 102 103 104 105 106 107 13 14 15 111 112 113 114 115 116 117 118 19 20 21 122 123 124 125 126 127 128 129 26 27 28 133 134 135 136 137 138 139 140 34 35 36 143 144 145 146 147 148 149 150 43 44 45 152 153 154 155 156 157 158 53 54 55 160 161 162 163 164 165 64 65 66 167 168 169 170 171 75 76 77 173 174 175 176 86 87 88 178 179 180 97 98 99 182 183 108 109 110 185 119 120 121 130 131 141
160 66 167 76 77 173 86 87 88 178 96 97 98 99 182 106 107 108 109 110 185 116 117 118 119 120 121 187 126 127 128 129 130 131 132 56 136 137 138 139 140 141 142 1 67 145 146 147 148 149 150 151 2 3 78 153 154 155 156 157 158 159 4 5 6 89 161 162 163 164 165 166 7 8 9 10 100 168 169 170 171 172 11 12 13 14 15 111 174 175 176 177 16 17 18 19 20 21 122 179 180 181 22 23 24 25 26 27 28 133 183 184 29 30 31 32 33 34 35 36 143 186 37 38 39 40 41 42 43 44 45 152 46 47 48 49 50 51 52 53 54 55 57 58 59 60 61 62 63 64 65 68 69 70 71 72 73 74 75 79 80 81 82 83 84 85 90 91 92 93 94 95 101 102 103 104 105 112 113 114 115 123 124 125 134 135 144
161 167 168 77 173 174 87 88 178 179 97 98 99 182 183 107 108 109 110 185 186 117 118 119 120 121 187 46 127 128 129 130 131 132 56 57 137 138 139 140 141 142 1 67 68 146 147 148 149 150 151 2 3 78 79 154 155 156 157 158 159 4 5 6 89 90 162 163 164 165 166 7 8 9 10 100 101 169 170 171 172 11 12 13 14 15 111 112 175 176 177 16 17 18 19 20 21 122 123 180 181 22 23 24 25 26 27 28 133 134 184 29 30 31 32 33 34 35 36 143 144 37 38 39 40 41 42 43 44 45 152 153 47 48 49 50 51 52 53 54 55 160 58 59 60 61 62 63 64 65 66 69 70 71 72 73 74 75 76 80 81 82 83 84 85 86 91 92 93 94 95 96 102 103 104 105 106 113 114 115 116 124 125 126 135 136 145
162 168 169 173 174 175 88 178 179 180 98 99 182 183 184 108 109 110 185 186 37 118 119 120 121 187 46 47 128 129 130 131 132 56 57 58 138 139 140 141 142 1 67 68 69 147 148 149 150 151 2 3 78 79 80 155 156 157 158 159 4 5 6 89 90 91 163 164 165 166 7 8 9 10 100 101 102 170 171 172 11 12 13 14 15 111 112 113 176 177 16 17 18 19 20 21 122 123 124 181 22 23 24 25 26 27 28 133 134 135 29 30 31 32 33 34 35 36 143 144 145 38 39 40 41 42 43 44 45 152 153 154 48 49 50 51 52 53 54 55 160 161 59 60 61 62 63 64 65 66 167 70 71 72 73 74 75 76 77 81 82 83 84 85 86 87 92 93 94 95 96 97 103 104 105 106 107 114 115 116 117 125 126 127 136 137 146
163 169 170 174 175 176 178 179 180 181 99 182 183 184 29 109 110 185 186 37 38 119 120 121 187 46 47 48 129 130 131 132 56 57 58 59 139 140 141 142 1 67 68 69 70 148 149 150 151 2 3 78 79 80 81 156 157 158 159 4 5 6 89 90 91 92 164 165 166 7 8 9 10 100 101 102 103 171 172 11 12 13 14 15 111 112 113 114 177 16 17 18 19 20 21 122 123 124 125 22 23 24 25 26 27 28 133 134 135 136 30 31 32 33 34 35 36 143 144 145 146 39 40 41 42 43 44 45 152 153 154 155 49 50 51 52 53 54 55 160 161 162 60 61 62 63 64 65 66 167 168 71 72 73 74 75 76 77 173 82 83 84 85 86 87 88 93 94 95 96 97 98 104 105 106 107 108 115 116 117 118 126 127 128 137 138 147
164 170 171 175 176 177 179 180 181 22 182 183 184 29 30 110 185 186 37 38 39 120 121 187 46 47 48 49 130 131 132 56 57 58 59 60 140 141 142 1 67 68 69 70 71 149 150 151 2 3 78 79 80 81 82 157 158 159 4 5 6 89 90 91 92 93 165 166 7 8 9 10 100 101 102 103 104 172 11 12 13 14 15 111 112 113 114 115 16 17 18 19 20 21 122 123 124 125 126 23 24 25 26 27 28 133 134 135 136 137 31 32 33 34 35 36 143 144 145 146 147 40 41 42 43 44 45 152 153 154 155 156 50 51 52 53 54 55 160 161 162 163 61 62 63 64 65 66 167 168 169 72 73 74 75 76 77 173 174 83 84 85 86 87 88 178 94 95 96 97 98 99 105 106 107 108 109 116 117 118 119 127 128 129 138 139 148
165 171 172 176 177 16 180 181 22 23 183 184 29 30 31 185 186 37 38 39 40 121 187 46 47 48 49 50 131 132 56 57 58 59 60 61 141 142 1 67 68 69 70 71 72 150 151 2 3 78 79 80 81 82 83 158 159 4 5 6 89 90 91 92 93 94 166 7 8 9 10 100 101 102 103 104 105 11 12 13 14 15 111 112 113 114 115 116 17 18 19 20 21 122 123 124 125 126 127 24 25 26 27 28 133 134 135 136 137 138 32 33 34 35 36 143 144 145 146 147 148 41 42 43 44 45 152 153 154 155 156 157 51 52 53 54 55 160 161 162 163 164 62 63 64 65 66 167 168 169 170 73 74 75 76 77 173 174 175 84 85 86 87 88 178 179 95 96 97 98 99 182 106 107 108 109 110 117 118 119 120 128 129 130 139 140 149
166 172 11 177 16 17 181 22 23 24 184 29 30 31 32 186 37 38 39 40 41 187 46 47 48 49 50 51 132 56 57 58 59 60 61 62 142 1 67 68 69 70 71 72 73 151 2 3 78 79 80 81 82 83 84 159 4 5 6 89 90 91 92 93 94 95 7 8 9 10 100 101 102 103 104 105 106 12 13 14 15 111 112 113 114 115 116 117 18 19 20 21 122 123 124 125 126 127 128 25 26 27 28 133 134 135 136 137 138 139 33 34 35 36 143 144 145 146 147 148 149 42 43 44 45 152 153 154 155 156 157 158 52 53 54 55 160 161 162 163 164 165 63 64 65 66 167 168 169 170 171 74 75 76 77 173 174 175 176 85 86 87 88 178 179 180 96 97 98 99 182 183 107 108 109 110 185 118 119 120 121 129 130 131 140 141 150
167 77 173 87 88 178 97 98 99 182 107 108 109 110 185 117 118 119 120 121 187 127 128 129 130 131 132 56 137 138 139 140 141 142 1 67 146 147 148 149 150 151 2 3 78 154 155 156 157 158 159 4 5 6 89 161 162 163 164 165 166 7 8 9 10 100 168 169 170 171 172 11 12 13 14 15 111 174 175 176 177 16 17 18 19 20 21 122 179 180 181 22 23 24 25 26 27 28 133 183 184 29 30 31 32 33 34 35 36 143 186 37 38 39 40 41 42 43 44 45 152 46 47 48 49 50 51 52 53 54 55 160 57 58 59 60 61 62 63 64 65 66 68 69 70 71 72 73 74 75 76 79 80 81 82 83 84 85 86 90 91 92 93 94 95 96 101 102 103 104 105 106 112 113 114 115 116 123 124 125 126 134 135 136 144 145 153
168 173 174 88 178 179 98 99 182 183 108 109 110 185 186 118 119 120 121 187 46 128 129 130 131 132 56 57 138 139 140 141 142 1 67 68 147 148 149 150 151 2 3 78 79 155 156 157 158 159 4 5 6 89 90 162 163 164 165 166 7 8 9 10 100 101 169 170 171 172 11 12 13 14 15 111 112 175 176 177 16 17 18 19 20 21 122 123 180 181 22 23 24 25 26 27 28 133 134 184 29 30 31 32 33 34 35 36 143 144 37 38 39 40 41 42 43 44 45 152 153 47 48 49 50 51 52 53 54 55 160 161 58 59 60 61 62 63 64 65 66 167 69 70 71 72 73 74 75 76 77 80 81 82 83 84 85 86 87 91 92 93 94 95 96 97 102 103 104 105 106 107 113 114 115 116 117 124 125 126 127 135 136 137 145 146 154
169 174 175 178 179 180 99 182 183 184 109 110 185 186 37 119 120 121 187 46 47 129 130 131 132 56 57 58 139 140 141 142 1 67 68 69 148 149 150 151 2 3 78 79 80 156 157 158 159 4 5 6 89 90 91 163 164 165 166 7 8 9 10 100 101 102 170 171 172 11 12 13 14 15 111 112 113 176 177 16 17 18 19 20 21 122 123 124 181 22 23 24 25 26 27 28 133 134 135 29 30 31 32 33 34 35 36 143 144 145 38 39 40 41 42 43 44 45 152 153 154 48 49 50 51 52 53 54 55 160 161 162 59 60 61 62 63 64 65 66 167 168 70 71 72 73 74 75 76 77 173 81 82 83 84 85 86 87 88 92 93 94 95 96 97 98 103 104 105 106 107 108 114 115 116 117 118 125 126 127 128 136 137 138 146 147 155
170 175 176 179 180 181 182 183 184 29 110 185 186 37 38 120 121 187 46 47 48 130 131 132 56 57 58 59 140 141 142 1 67 68 69 70 149 150 151 2 3 78 79 80 81 157 158 159 4 5 6 89 90 91 92 164 165 166 7 8 9 10 100 101 102 103 171 172 11 12 13 14 15 111 112 113 114 177 16 17 18 19 20 21 122 123 124 125 22 23 24 25 26 27 28 133 134 135 136 30 31 32 33 34 35 36 143 144 145 146 39 40 41 42 43 44 45 152 153 154 155 49 50 51 52 53 54 55 160 161 162 163 60 61 62 63 64 65 66 167 168 169 71 72 73 74 75 76 77 173 174 82 83 84 85 86 87 88 178 93 94 95 96 97 98 99 104 105 106 107 108 109 115 116 117 118 119 126 127 128 129 137 138 139 147 148 156
171 176 177 180 181 22 183 184 29 30 185 186 37 38 39 121 187 46 47 48 49 131 132 56 57 58 59 60 141 142 1 67 68 69 70 71 150 151 2 3 78 79 80 81 82 158 159 4 5 6 89 90 91 92 93 165 166 7 8 9 10 100 101 102 103 104 172 11 12 13 14 15 111 112 113 114 115 16 17 18 19 20 21 122 123 124 125 126 23 24 25 26 27 28 133 134 135 136 137 31 32 33 34 35 36 143 144 145 146 147 40 41 42 43 44 45 152 153 154 155 156 50 51 52 53 54 55 160 161 162 163 164 61 62 63 64 65 66 167 168 169 170 72 73 74 75 76 77 173 174 175 83 84 85 86 87 88 178 179 94 95 96 97 98 99 182 105 106 107 108 109 110 116 117 118 119 120 127 128 129 130 138 139 140 148 149 157
172 177 16 181 22 23 184 29 30 31 186 37 38 39 40 187 46 47 48 49 50 132 56 57 58 59 60 61 142 1 67 68 69 70 71 72 151 2 3 78 79 80 81 82 83 159 4 5 6 89 90 91 92 93 94 166 7 8 9 10 100 101 102 103 104 105 11 12 13 14 15 111 112 113 114 115 116 17 18 19 20 21 122 123 124 125 126 127 24 25 26 27 28 133 134 135 136 137 138 32 33 34 35 36 143 144 145 146 147 148 41 42 43 44 45 152 153 154 155 156 157 51 52 53 54 55 160 161 162 163 164 165 62 63 64 65 66 167 168 169 170 171 73 74 75 76 77 173 174 175 176 84 85 86 87 88 178 179 180 95 96 97 98 99 182 183 106 107 108 109 110 185 117 118 119 120 121 128 129 130 131 139 140 141 149 150 158
173 88 178 98 99 182 108 109 110 185 118 119 120 121 187 128 129 130 131 132 56 138 139 140 141 142 1 67 147 148 149 150 151 2 3 78 155 156 157 158 159 4 5 6 89 162 163 164 165 166 7 8 9 10 100 168 169 170 171 172 11 12 13 14 15 111 174 175 176 177 16 17 18 19 20 21 122 179 180 181 22 23 24 25 26 27 28 133 183 184 29 30 31 32 33 34 35 36 143 186 37 38 39 40 41 42 43 44 45 152 46 47 48 49 50 51 52 53 54 55 160 57 58 59 60 61 62 63 64 65 66 167 68 69 70 71 72 73 74 75 76 77 79 80 81 82 83 84 85 86 87 90 91 92 93 94 95 96 97 101 102 103 104 105 106 107 112 113 114 115 116 117 123 124 125 126 127 134 135 136 137 144 145 146 153 154 161
174 178 179 99 182 183 109 110 185 186 119 120 121 187 46 129 130 131 132 56 57 139 140 141 142 1 67 68 148 149 150 151 2 3 78 79 156 157 158 159 4 5 6 89 90 163 164 165 166 7 8 9 10 100 101 169 170 171 172 11 12 13 14 15 111 112 175 176 177 16 17 18 19 20 21 122 123 180 181 22 23 24 25 26 27 28 133 134 184 29 30 31 32 33 34 35 36 143 144 37 38 39 40 41 42 43 44 45 152 153 47 48 49 50 51 52 53 54 55 160 161 58 59 60 61 62 63 64 65 66 167 168 69 70 71 72 73 74 75 76 77 173 80 81 82 83 84 85 86 87 88 91 92 93 94 95 96 97 98 102 103 104 105 106 107 108 113 114 115 116 117 118 124 125 126 127 128 135 136 137 138 145 146 147 154 155 162
175 179 180 182 183 184 110 185 186 37 120 121 187 46 47 130 131 132 56 57 58 140 141 142 1 67 68 69 149 150 151 2 3 78 79 80 157 158 159 4 5 6 89 90 91 164 165 166 7 8 9 10 100 101 102 170 171 172 11 12 13 14 15 111 112 113 176 177 16 17 18 19 20 21 122 123 124 181 22 23 24 25 26 27 28 133 134 135 29 30 31 32 33 34 35 36 143 144 145 38 39 40 41 42 43 44 45 152 153 154 48 49 50 51 52 53 54 55 160 161 162 59 60 61 62 63 64 65 66 167 168 169 70 71 72 73 74 75 76 77 173 174 81 82 83 84 85 86 87 88 178 92 93 94 95 96 97 98 99 103 104 105 106 107 108 109 114 115 116 117 118 119 125 126 127 128 129 136 137 138 139 146 147 148 155 156 163
176 180 181 183 184 29 185 186 37 38 121 187 46 47 48 131 132 56 57 58 59 141 142 1 67 68 69 70 150 151 2 3 78 79 80 81 158 159 4 5 6 89 90 91 92 165 166 7 8 9 10 100 101 102 103 171 172 11 12 13 14 15 111 112 113 114 177 16 17 18 19 20 21 122 123 124 125 22 23 24 25 26 27 28 133 134 135 136 30 31 32 33 34 35 36 143 144 145 146 39 40 41 42 43 44 45 152 153 154 155 49 50 51 52 53 54 55 160 161 162 163 60 61 62 63 64 65 66 167 168 169 170 71 72 73 74 75 76 77 173 174 175 82 83 84 85 86 87 88 178 179 93 94 95 96 97 98 99 182 104 105 106 107 108 109 110 115 116 117 118 119 120 126 127 128 129 130 137 138 139 140 147 148 149 156 157 164
177 181 22 184 29 30 186 37 38 39 187 46 47 48 49 132 56 57 58 59 60 142 1 67 68 69 70 71 151 2 3 78 79 80 81 82 159 4 5 6 89 90 91 92 93 166 7 8 9 10 100 101 102 103 104 172 11 12 13 14 15 111 112 113 114 115 16 17 18 19 20 21 122 123 124 125 126 23 24 25 26 27 28 133 134 135 136 137 31 32 33 34 35 36 143 144 145 146 147 40 41 42 43 44 45 152 153 154 155 156 50 51 52 53 54 55 160 161 162 163 164 61 62 63 64 65 66 167 168 169 170 171 72 73 74 75 76 77 173 174 175 176 83 84 85 86 87 88 178 179 180 94 95 96 97 98 99 182 183 105 106 107 108 109 110 185 116 117 118 119 120 121 127 128 129 130 131 138 139 140 141 148 149 150 157 158 165
178 99 182 109 110 185 119 120 121 187 129 130 131 132 56 139 140 141 142 1 67 148 149 150 151 2 3 78 156 157 158 159 4 5 6 89 163 164 165 166 7 8 9 10 100 169 170 171 172 11 12 13 14 15 111 174 175 176 177 16 17 18 19 20 21 122 179 180 181 22 23 24 25 26 27 28 133 183 184 29 30 31 32 33 34 35 36 143 186 37 38 39 40 41 42 43 44 45 152 46 47 48 49 50 51 52 53 54 55 160 57 58 59 60 61 62 63 64 65 66 167 68 69 70 71 72 73 74 75 76 77 173 79 80 81 82 83 84 85 86 87 88 90 91 92 93 94 95 96 97 98 101 102 103 104 105 106 107 108 112 113 114 115 116 117 118 123 124 125 126 127 128 134 135 136 137 138 144 145 146 147 153 154 155 161 162 168
179 182 183 110 185 186 120 121 187 46 130 131 132 56 57 140 141 142 1 67 68 149 150 151 2 3 78 79 157 158 159 4 5 6 89 90 164 165 166 7 8 9 10 100 101 170 171 172 11 12 13 14 15 111 112 175 176 177 16 17 18 19 20 21 122 123 180 181 22 23 24 25 26 27 28 133 134 184 29 30 31 32 33 34 35 36 143 144 37 38 39 40 41 42 43 44 45 152 153 47 48 49 50 51 52 53 54 55 160 161 58 59 60 61 62 63 64 65 66 167 168 69 70 71 72 73 74 75 76 77 173 174 80 81 82 83 84 85 86 87 88 178 91 92 93 94 95 96 97 98 99 102 103 104 105 106 107 108 109 113 114 115 116 117 118 119 124 125 126 127 128 129 135 136 137 138 139 145 146 147 148 154 155 156 162 163 169
180 183 184 185 186 37 121 187 46 47 131 132 56 57 58 141 142 1 67 68 69 150 151 2 3 78 79 80 158 159 4 5 6 89 90 91 165 166 7 8 9 10 100 101 102 171 172 11 12 13 14 15 111 112 113 176 177 16 17 18 19 20 21 122 123 124 181 22 23 24 25 26 27 28 133 134 135 29 30 31 32 33 34 35 36 143 144 145 38 39 40 41 42 43 44 45 152 153 154 48 49 50 51 52 53 54 55 160 161 162 59 60 61 62 63 64 65 66 167 168 169 70 71 72 73 74 75 76 77 173 174 175 81 82 83 84 85 86 87 88 178 179 92 93 94 95 96 97 98 99 182 103 104 105 106 107 108 109 110 114 115 116 117 118 119 120 125 126 127 128 129 130 136 137 138 139 140 146 147 148 149 155 156 157 163 164 170
181 184 29 186 37 38 187 46 47 48 132 56 57 58 59 142 1 67 68 69 70 151 2 3 78 79 80 81 159 4 5 6 89 90 91 92 166 7 8 9 10 100 101 102 103 172 11 12 13 14 15 111 112 113 114 177 16 17 18 19 20 21 122 123 124 125 22 23 24 25 26 27 28 133 134 135 136 30 31 32 33 34 35 36 143 144 145 146 39 40 41 42 43 44 45 152 153 154 155 49 50 51 52 53 54 55 160 161 162 163 60 61 62 63 64 65 66 167 168 169 170 71 72 73 74 75 76 77 173 174 175 176 82 83 84 85 86 87 88 178 179 180 93 94 95 96 97 98 99 182 183 104 105 106 107 108 109 110 185 115 116 117 118 119 120 121 126 127 128 129 130 131 137 138 139 140 141 147 148 149 150 156 157 158 164 165 171
182 110 185 120 121 187 130 131 132 56 140 141 142 1 67 149 150 151 2 3 78 157 158 159 4 5 6 89 164 165 166 7 8 9 10 100 170 171 172 11 12 13 14 15 111 175 176 177 16 17 18 19 20 21 122 179 180 181 22 23 24 25 26 27 28 133 183 184 29 30 31 32 33 34 35 36 143 186 37 38 39 40 41 42 43 44 45 152 46 47 48 49 50 51 52 53 54 55 160 57 58 59 60 61 62 63 64 65 66 167 68 69 70 71 72 73 74 75 76 77 173 79 80 81 82 83 84 85 86 87 88 178 90 91 92 93 94 95 96 97 98 99 101 102 103 104 105 106 107 108 109 112 113 114 115 116 117 118 119 123 124 125 126 127 128 129 134 135 136 137 138 139 144 145 146 147 148 153 154 155 156 161 162 163 168 169 174
183 185 186 121 187 46 131 132 56 57 141 142 1 67 68 150 151 2 3 78 79 158 159 4 5 6 89 90 165 166 7 8 9 10 100 101 171 172 11 12 13 14 15 111 112 176 177 16 17 18 19 20 21 122 123 180 181 22 23 24 25 26 27 28 133 134 184 29 30 31 32 33 34 35 36 143 144 37 38 39 40 41 42 43 44 45 152 153 47 48 49 50 51 52 53 54 55 160 161 58 59 60 61 62 63 64 65 66 167 168 69 70 71 72 73 74 75 76 77 173 174 80 81 82 83 84 85 86 87 88 178 179 91 92 93 94 95 96 97 98 99 182 102 103 104 105 106 107 108 109 110 113 114 115 116 117 118 119 120 124 125 126 127 128 129 130 135 136 137 138 139 140 145 146 147 148 149 154 155 156 157 162 163 164 169 170 175
184 186 37 187 46 47 132 56 57 58 142 1 67 68 69 151 2 3 78 79 80 159 4 5 6 89 90 91 166 7 8 9 10 100 101 102 172 11 12 13 14 15 111 112 113 177 16 17 18 19 20 21 122 123 124 181 22 23 24 25 26 27 28 133 134 135 29 30 31 32 33 34 35 36 143 144 145 38 39 40 41 42 43 44 45 152 153 154 48 49 50 51 52 53 54 55 160 161 162 59 60 61 62 63 64 65 66 167 168 169 70 71 72 73 74 75 76 77 173 174 175 81 82 83 84 85 86 87 88 178 179 180 92 93 94 95 96 97 98 99 182 183 103 104 105 106 107 108 109 110 185 114 115 116 117 118 119 120 121 125 126 127 128 129 130 131 136 137 138 139 140 141 146 147 148 149 150 155 156 157 158 163 164 165 170 171 176
185 121 187 131 132 56 141 142 1 67 150 151 2 3 78 158 159 4 5 6 89 165 166 7 8 9 10 100 171 172 11 12 13 14 15 111 176 177 16 17 18 19 20 21 122 180 181 22 23 24 25 26 27 28 133 183 184 29 30 31 32 33 34 35 36 143 186 37 38 39 40 41 42 43 44 45 152 46 47 48 49 50 51 52 53 54 55 160 57 58 59 60 61 62 63 64 65 66 167 68 69 70 71 72 73 74 75 76 77 173 79 80 81 82 83 84 85 86 87 88 178 90 91 92 93 94 95 96 97 98 99 182 101 102 103 104 105 106 107 108 109 110 112 113 114 115 116 117 118 119 120 123 124 125 126 127 128 129 130 134 135 136 137 138 139 140 144 145 146 147 148 149 153 154 155 156 157 161 162 163 164 168 169 170 174 175 179
186 187 46 132 56 57 142 1 67 68 151 2 3 78 79 159 4 5 6 89 90 166 7 8 9 10 100 101 172 11 12 13 14 15 111 112 177 16 17 18 19 20 21 122 123 181 22 23 24 25 26 27 28 133 134 184 29 30 31 32 33 34 35 36 143 144 37 38 39 40 41 42 43 44 45 152 153 47 48 49 50 51 52 53 54 55 160 161 58 59 60 61 62 63 64 65 66 167 168 69 70 71 72 73 74 75 76 77 173 174 80 81 82 83 84 85 86 87 88 178 179 91 92 93 94 95 96 97 98 99 182 183 102 103 104 105 106 107 108 109 110 185 113 114 115 116 117 118 119 120 121 124 125 126 127 128 129 130 131 135 136 137 138 139 140 141 145 146 147 148 149 150 154 155 156 157 158 162 163 164 165 169 170 171 175 176 180
187 132 56 142 1 67 151 2 3 78 159 4 5 6 89 166 7 8 9 10 100 172 11 12 13 14 15 111 177 16 17 18 19 20 21 122 181 22 23 24 25 26 27 28 133 184 29 30 31 32 33 34 35 36 143 186 37 38 39 40 41 42 43 44 45 152 46 47 48 49 50 51 52 53 54 55 160 57 58 59 60 61 62 63 64 65 66 167 68 69 70 71 72 73 74 75 76 77 173 79 80 81 82 83 84 85 86 87 88 178 90 91 92 93 94 95 96 97 98 99 182 101 102 103 104 105 106 107 108 109 110 185 112 113 114 115 116 117 118 119 120 121 123 124 125 126 127 128 129 130 131 134 135 136 137 138 139 140 141 144 145 146 147 148 149 150 153 154 155 156 157 158 161 162 163 164 165 168 169 170 171 174 175 176 179 180 183
